item_id	meta-question_id	perception	category	rel/abs	specification	subcategory	simul/seq	skill	text_with_wildcards	question_keys	method_for_ground_truth_extraction	requires	ontology_key	values	question	piece_id	dataset	name	path	ground_truth	distractor_pool	sorted_distractors	modality	submodality	path_to_question_context_file	final_correct_option	final_options	random_guess_performance_accuracy	is_nota_correct	all_choices	index2ans	labeled_final_options	labeled_final_correct_option	label_of_final_correct_option
c3aff5e6-5def-5583-80e7-54a3fe32b5f6	1	perception	pitch	absolute	pitch-absolute	pitch-recognition		pitch recognition	What is the pitch name of the {target_index} {voice} note in the provided excerpt?	"[""target_index"", ""voice""]"	get_nth_note	symbolic.musicxml	pitch	"{""target_index"": ""6th"", ""voice"": ""tenor""}"	What is the pitch name of the 6th tenor note in the provided excerpt?	Vulpius_DieHelleSonnLeuchtJetztHerfuer	chorale-bricks	Vulpius_DieHelleSonnLeuchtJetztHerfuer	data/chorale-bricks/Vulpius_DieHelleSonnLeuchtJetztHerfuer	A	"[""A sharp"", ""B"", ""C sharp"", ""D"", ""E"", ""F sharp"", ""G"", ""G sharp""]"	"[""B"", ""D"", ""E"", ""F sharp"", ""C sharp"", ""G sharp"", ""A sharp"", ""G""]"	audio	audio.mastermix.wav	data/chorale-bricks/Vulpius_DieHelleSonnLeuchtJetztHerfuer/audio.mastermix.wav	A	"[""A"", ""none of the other options is correct"", ""B"", ""D"", ""E""]"	0.2	0	"[""A"", ""B"", ""C"", ""D"", ""E""]"	"{""A"": ""none of the other options is correct"", ""B"": ""A"", ""C"": ""B"", ""D"": ""E"", ""E"": ""D""}"	"[""(A) none of the other options is correct"", ""(B) A"", ""(C) B"", ""(D) E"", ""(E) D""]"	(B) A	B
ab2f8a10-d800-55f4-ac29-cf4fdba8a55d	1	perception	pitch	absolute	pitch-absolute	pitch-recognition		pitch recognition	What is the pitch name of the {target_index} {voice} note in the provided excerpt?	"[""target_index"", ""voice""]"	get_nth_note	symbolic.musicxml	pitch	"{""target_index"": ""6th"", ""voice"": ""tenor""}"	What is the pitch name of the 6th tenor note in the provided excerpt?	Vulpius_DieHelleSonnLeuchtJetztHerfuer	chorale-bricks	Vulpius_DieHelleSonnLeuchtJetztHerfuer	data/chorale-bricks/Vulpius_DieHelleSonnLeuchtJetztHerfuer	A	"[""A sharp"", ""B"", ""C sharp"", ""D"", ""E"", ""F sharp"", ""G"", ""G sharp""]"	"[""B"", ""D"", ""E"", ""F sharp"", ""C sharp"", ""G sharp"", ""A sharp"", ""G""]"	symbolic	symbolic.abc.txt	data/chorale-bricks/Vulpius_DieHelleSonnLeuchtJetztHerfuer/symbolic.abc.txt	A	"[""A"", ""none of the other options is correct"", ""B"", ""D"", ""E""]"	0.2	0	"[""A"", ""B"", ""C"", ""D"", ""E""]"	"{""A"": ""B"", ""B"": ""none of the other options is correct"", ""C"": ""E"", ""D"": ""A"", ""E"": ""D""}"	"[""(A) B"", ""(B) none of the other options is correct"", ""(C) E"", ""(D) A"", ""(E) D""]"	(D) A	D
8744707d-61d0-5bce-91b0-b5f209c1f60a	1	perception	pitch	absolute	pitch-absolute	pitch-recognition		pitch recognition	What is the pitch name of the {target_index} {voice} note in the provided excerpt?	"[""target_index"", ""voice""]"	get_nth_note	symbolic.musicxml	pitch	"{""target_index"": ""6th"", ""voice"": ""tenor""}"	What is the pitch name of the 6th tenor note in the provided excerpt?	Vulpius_DieHelleSonnLeuchtJetztHerfuer	chorale-bricks	Vulpius_DieHelleSonnLeuchtJetztHerfuer	data/chorale-bricks/Vulpius_DieHelleSonnLeuchtJetztHerfuer	A	"[""A sharp"", ""B"", ""C sharp"", ""D"", ""E"", ""F sharp"", ""G"", ""G sharp""]"	"[""B"", ""D"", ""E"", ""F sharp"", ""C sharp"", ""G sharp"", ""A sharp"", ""G""]"	visual	visual.short.png	data/chorale-bricks/Vulpius_DieHelleSonnLeuchtJetztHerfuer/visual.short.png	none of the other options is correct	"[""none of the other options is correct"", ""B"", ""D"", ""E"", ""F sharp""]"	0.2	1	"[""A"", ""B"", ""C"", ""D"", ""E""]"	"{""A"": ""E"", ""B"": ""F sharp"", ""C"": ""none of the other options is correct"", ""D"": ""D"", ""E"": ""B""}"	"[""(A) E"", ""(B) F sharp"", ""(C) none of the other options is correct"", ""(D) D"", ""(E) B""]"	(C) none of the other options is correct	C
add65344-2aca-5d83-b6dc-0e1e0df18d02	1	perception	pitch	absolute	pitch-absolute	pitch-recognition		pitch recognition	What is the pitch name of the {target_index} {voice} note in the provided excerpt?	"[""target_index"", ""voice""]"	get_nth_note	symbolic.musicxml	pitch	"{""target_index"": ""28th"", ""voice"": ""alto""}"	What is the pitch name of the 28th alto note in the provided excerpt?	Drese_JesuGehVoran	chorale-bricks	Drese_JesuGehVoran	data/chorale-bricks/Drese_JesuGehVoran	E	"[""A"", ""B"", ""C"", ""D"", ""D sharp"", ""F sharp"", ""G""]"	"[""F sharp"", ""G"", ""B"", ""D sharp"", ""A"", ""C"", ""D""]"	audio	audio.mastermix.wav	data/chorale-bricks/Drese_JesuGehVoran/audio.mastermix.wav	none of the other options is correct	"[""none of the other options is correct"", ""F sharp"", ""G"", ""B"", ""D sharp""]"	0.2	1	"[""A"", ""B"", ""C"", ""D"", ""E""]"	"{""A"": ""B"", ""B"": ""F sharp"", ""C"": ""D sharp"", ""D"": ""G"", ""E"": ""none of the other options is correct""}"	"[""(A) B"", ""(B) F sharp"", ""(C) D sharp"", ""(D) G"", ""(E) none of the other options is correct""]"	(E) none of the other options is correct	E
73bddfb2-05f4-57d2-aef9-388e264fbf7f	1	perception	pitch	absolute	pitch-absolute	pitch-recognition		pitch recognition	What is the pitch name of the {target_index} {voice} note in the provided excerpt?	"[""target_index"", ""voice""]"	get_nth_note	symbolic.musicxml	pitch	"{""target_index"": ""28th"", ""voice"": ""alto""}"	What is the pitch name of the 28th alto note in the provided excerpt?	Drese_JesuGehVoran	chorale-bricks	Drese_JesuGehVoran	data/chorale-bricks/Drese_JesuGehVoran	E	"[""A"", ""B"", ""C"", ""D"", ""D sharp"", ""F sharp"", ""G""]"	"[""F sharp"", ""G"", ""B"", ""D sharp"", ""A"", ""C"", ""D""]"	symbolic	symbolic.abc.txt	data/chorale-bricks/Drese_JesuGehVoran/symbolic.abc.txt	E	"[""E"", ""none of the other options is correct"", ""F sharp"", ""G"", ""B""]"	0.2	0	"[""A"", ""B"", ""C"", ""D"", ""E""]"	"{""A"": ""E"", ""B"": ""B"", ""C"": ""none of the other options is correct"", ""D"": ""F sharp"", ""E"": ""G""}"	"[""(A) E"", ""(B) B"", ""(C) none of the other options is correct"", ""(D) F sharp"", ""(E) G""]"	(A) E	A
f7936a8f-3a91-5065-954c-68f6ffb8a00c	1	perception	pitch	absolute	pitch-absolute	pitch-recognition		pitch recognition	What is the pitch name of the {target_index} {voice} note in the provided excerpt?	"[""target_index"", ""voice""]"	get_nth_note	symbolic.musicxml	pitch	"{""target_index"": ""28th"", ""voice"": ""alto""}"	What is the pitch name of the 28th alto note in the provided excerpt?	Drese_JesuGehVoran	chorale-bricks	Drese_JesuGehVoran	data/chorale-bricks/Drese_JesuGehVoran	E	"[""A"", ""B"", ""C"", ""D"", ""D sharp"", ""F sharp"", ""G""]"	"[""F sharp"", ""G"", ""B"", ""D sharp"", ""A"", ""C"", ""D""]"	visual	visual.short.png	data/chorale-bricks/Drese_JesuGehVoran/visual.short.png	E	"[""E"", ""none of the other options is correct"", ""F sharp"", ""G"", ""B""]"	0.2	0	"[""A"", ""B"", ""C"", ""D"", ""E""]"	"{""A"": ""E"", ""B"": ""none of the other options is correct"", ""C"": ""B"", ""D"": ""G"", ""E"": ""F sharp""}"	"[""(A) E"", ""(B) none of the other options is correct"", ""(C) B"", ""(D) G"", ""(E) F sharp""]"	(A) E	A
f7aa95c1-7ad2-57c9-baa2-5487919a8a4b	1	perception	pitch	absolute	pitch-absolute	pitch-recognition		pitch recognition	What is the pitch name of the {target_index} {voice} note in the provided excerpt?	"[""target_index"", ""voice""]"	get_nth_note	symbolic.musicxml	pitch	"{""target_index"": ""36th"", ""voice"": ""alto""}"	What is the pitch name of the 36th alto note in the provided excerpt?	Anonymous_AusMeinesHerzensGrunde	chorale-bricks	Anonymous_AusMeinesHerzensGrunde	data/chorale-bricks/Anonymous_AusMeinesHerzensGrunde	D	"[""A"", ""B"", ""C"", ""D sharp"", ""E"", ""F sharp"", ""G""]"	"[""F sharp"", ""D sharp"", ""B"", ""E"", ""C"", ""G"", ""A""]"	audio	audio.mastermix.wav	data/chorale-bricks/Anonymous_AusMeinesHerzensGrunde/audio.mastermix.wav	D	"[""D"", ""none of the other options is correct"", ""F sharp"", ""D sharp"", ""B""]"	0.2	0	"[""A"", ""B"", ""C"", ""D"", ""E""]"	"{""A"": ""D"", ""B"": ""F sharp"", ""C"": ""B"", ""D"": ""D sharp"", ""E"": ""none of the other options is correct""}"	"[""(A) D"", ""(B) F sharp"", ""(C) B"", ""(D) D sharp"", ""(E) none of the other options is correct""]"	(A) D	A
b9d56861-8407-530b-a51d-ff426aef17b5	1	perception	pitch	absolute	pitch-absolute	pitch-recognition		pitch recognition	What is the pitch name of the {target_index} {voice} note in the provided excerpt?	"[""target_index"", ""voice""]"	get_nth_note	symbolic.musicxml	pitch	"{""target_index"": ""36th"", ""voice"": ""alto""}"	What is the pitch name of the 36th alto note in the provided excerpt?	Anonymous_AusMeinesHerzensGrunde	chorale-bricks	Anonymous_AusMeinesHerzensGrunde	data/chorale-bricks/Anonymous_AusMeinesHerzensGrunde	D	"[""A"", ""B"", ""C"", ""D sharp"", ""E"", ""F sharp"", ""G""]"	"[""F sharp"", ""D sharp"", ""B"", ""E"", ""C"", ""G"", ""A""]"	symbolic	symbolic.abc.txt	data/chorale-bricks/Anonymous_AusMeinesHerzensGrunde/symbolic.abc.txt	D	"[""D"", ""none of the other options is correct"", ""F sharp"", ""D sharp"", ""B""]"	0.2	0	"[""A"", ""B"", ""C"", ""D"", ""E""]"	"{""A"": ""none of the other options is correct"", ""B"": ""B"", ""C"": ""D sharp"", ""D"": ""F sharp"", ""E"": ""D""}"	"[""(A) none of the other options is correct"", ""(B) B"", ""(C) D sharp"", ""(D) F sharp"", ""(E) D""]"	(E) D	E
caa342d6-437b-5262-a12c-740c45c32532	1	perception	pitch	absolute	pitch-absolute	pitch-recognition		pitch recognition	What is the pitch name of the {target_index} {voice} note in the provided excerpt?	"[""target_index"", ""voice""]"	get_nth_note	symbolic.musicxml	pitch	"{""target_index"": ""36th"", ""voice"": ""alto""}"	What is the pitch name of the 36th alto note in the provided excerpt?	Anonymous_AusMeinesHerzensGrunde	chorale-bricks	Anonymous_AusMeinesHerzensGrunde	data/chorale-bricks/Anonymous_AusMeinesHerzensGrunde	D	"[""A"", ""B"", ""C"", ""D sharp"", ""E"", ""F sharp"", ""G""]"	"[""F sharp"", ""D sharp"", ""B"", ""E"", ""C"", ""G"", ""A""]"	visual	visual.short.png	data/chorale-bricks/Anonymous_AusMeinesHerzensGrunde/visual.short.png	none of the other options is correct	"[""none of the other options is correct"", ""F sharp"", ""D sharp"", ""B"", ""E""]"	0.2	1	"[""A"", ""B"", ""C"", ""D"", ""E""]"	"{""A"": ""D sharp"", ""B"": ""E"", ""C"": ""none of the other options is correct"", ""D"": ""F sharp"", ""E"": ""B""}"	"[""(A) D sharp"", ""(B) E"", ""(C) none of the other options is correct"", ""(D) F sharp"", ""(E) B""]"	(C) none of the other options is correct	C
eb8f0cd9-dfb2-5400-abff-dc264b82f854	1	perception	pitch	absolute	pitch-absolute	pitch-recognition		pitch recognition	What is the pitch name of the {target_index} {voice} note in the provided excerpt?	"[""target_index"", ""voice""]"	get_nth_note	symbolic.musicxml	pitch	"{""target_index"": ""5th"", ""voice"": ""bass""}"	What is the pitch name of the 5th bass note in the provided excerpt?	Gesius_DuFriedensfuerstHerrJesuChrist	chorale-bricks	Gesius_DuFriedensfuerstHerrJesuChrist	data/chorale-bricks/Gesius_DuFriedensfuerstHerrJesuChrist	A	"[""B"", ""B flat"", ""C"", ""D"", ""E"", ""F"", ""G""]"	"[""B flat"", ""F"", ""C"", ""G"", ""D"", ""E"", ""B""]"	audio	audio.mastermix.wav	data/chorale-bricks/Gesius_DuFriedensfuerstHerrJesuChrist/audio.mastermix.wav	A	"[""A"", ""none of the other options is correct"", ""B flat"", ""F"", ""C""]"	0.2	0	"[""A"", ""B"", ""C"", ""D"", ""E""]"	"{""A"": ""F"", ""B"": ""none of the other options is correct"", ""C"": ""A"", ""D"": ""B flat"", ""E"": ""C""}"	"[""(A) F"", ""(B) none of the other options is correct"", ""(C) A"", ""(D) B flat"", ""(E) C""]"	(C) A	C
fabbf1bc-ed08-56e4-bcc4-917d15b660ea	1	perception	pitch	absolute	pitch-absolute	pitch-recognition		pitch recognition	What is the pitch name of the {target_index} {voice} note in the provided excerpt?	"[""target_index"", ""voice""]"	get_nth_note	symbolic.musicxml	pitch	"{""target_index"": ""5th"", ""voice"": ""bass""}"	What is the pitch name of the 5th bass note in the provided excerpt?	Gesius_DuFriedensfuerstHerrJesuChrist	chorale-bricks	Gesius_DuFriedensfuerstHerrJesuChrist	data/chorale-bricks/Gesius_DuFriedensfuerstHerrJesuChrist	A	"[""B"", ""B flat"", ""C"", ""D"", ""E"", ""F"", ""G""]"	"[""B flat"", ""F"", ""C"", ""G"", ""D"", ""E"", ""B""]"	symbolic	symbolic.abc.txt	data/chorale-bricks/Gesius_DuFriedensfuerstHerrJesuChrist/symbolic.abc.txt	none of the other options is correct	"[""none of the other options is correct"", ""B flat"", ""F"", ""C"", ""G""]"	0.2	1	"[""A"", ""B"", ""C"", ""D"", ""E""]"	"{""A"": ""C"", ""B"": ""none of the other options is correct"", ""C"": ""G"", ""D"": ""F"", ""E"": ""B flat""}"	"[""(A) C"", ""(B) none of the other options is correct"", ""(C) G"", ""(D) F"", ""(E) B flat""]"	(B) none of the other options is correct	B
8fb8c370-c8a4-5df6-a4f1-15f112f98428	1	perception	pitch	absolute	pitch-absolute	pitch-recognition		pitch recognition	What is the pitch name of the {target_index} {voice} note in the provided excerpt?	"[""target_index"", ""voice""]"	get_nth_note	symbolic.musicxml	pitch	"{""target_index"": ""5th"", ""voice"": ""bass""}"	What is the pitch name of the 5th bass note in the provided excerpt?	Gesius_DuFriedensfuerstHerrJesuChrist	chorale-bricks	Gesius_DuFriedensfuerstHerrJesuChrist	data/chorale-bricks/Gesius_DuFriedensfuerstHerrJesuChrist	A	"[""B"", ""B flat"", ""C"", ""D"", ""E"", ""F"", ""G""]"	"[""B flat"", ""F"", ""C"", ""G"", ""D"", ""E"", ""B""]"	visual	visual.short.png	data/chorale-bricks/Gesius_DuFriedensfuerstHerrJesuChrist/visual.short.png	A	"[""A"", ""none of the other options is correct"", ""B flat"", ""F"", ""C""]"	0.2	0	"[""A"", ""B"", ""C"", ""D"", ""E""]"	"{""A"": ""B flat"", ""B"": ""none of the other options is correct"", ""C"": ""F"", ""D"": ""A"", ""E"": ""C""}"	"[""(A) B flat"", ""(B) none of the other options is correct"", ""(C) F"", ""(D) A"", ""(E) C""]"	(D) A	D
1ff77dec-63c3-5f7e-b6b9-387ecb7fcb80	1	perception	pitch	absolute	pitch-absolute	pitch-recognition		pitch recognition	What is the pitch name of the {target_index} {voice} note in the provided excerpt?	"[""target_index"", ""voice""]"	get_nth_note	symbolic.musicxml	pitch	"{""target_index"": ""22nd"", ""voice"": ""soprano""}"	What is the pitch name of the 22nd soprano note in the provided excerpt?	Gesius_DuFriedensfuerstHerrJesuChrist	chorale-bricks	Gesius_DuFriedensfuerstHerrJesuChrist	data/chorale-bricks/Gesius_DuFriedensfuerstHerrJesuChrist	A	"[""B"", ""B flat"", ""C"", ""D"", ""E"", ""F"", ""G""]"	"[""F"", ""B"", ""B flat"", ""D"", ""E"", ""C"", ""G""]"	audio	audio.mastermix.wav	data/chorale-bricks/Gesius_DuFriedensfuerstHerrJesuChrist/audio.mastermix.wav	none of the other options is correct	"[""none of the other options is correct"", ""F"", ""B"", ""B flat"", ""D""]"	0.2	1	"[""A"", ""B"", ""C"", ""D"", ""E""]"	"{""A"": ""F"", ""B"": ""B"", ""C"": ""D"", ""D"": ""none of the other options is correct"", ""E"": ""B flat""}"	"[""(A) F"", ""(B) B"", ""(C) D"", ""(D) none of the other options is correct"", ""(E) B flat""]"	(D) none of the other options is correct	D
b8f02fe9-49b9-584b-a511-2059c6fae7a6	1	perception	pitch	absolute	pitch-absolute	pitch-recognition		pitch recognition	What is the pitch name of the {target_index} {voice} note in the provided excerpt?	"[""target_index"", ""voice""]"	get_nth_note	symbolic.musicxml	pitch	"{""target_index"": ""22nd"", ""voice"": ""soprano""}"	What is the pitch name of the 22nd soprano note in the provided excerpt?	Gesius_DuFriedensfuerstHerrJesuChrist	chorale-bricks	Gesius_DuFriedensfuerstHerrJesuChrist	data/chorale-bricks/Gesius_DuFriedensfuerstHerrJesuChrist	A	"[""B"", ""B flat"", ""C"", ""D"", ""E"", ""F"", ""G""]"	"[""F"", ""B"", ""B flat"", ""D"", ""E"", ""C"", ""G""]"	symbolic	symbolic.abc.txt	data/chorale-bricks/Gesius_DuFriedensfuerstHerrJesuChrist/symbolic.abc.txt	A	"[""A"", ""none of the other options is correct"", ""F"", ""B"", ""B flat""]"	0.2	0	"[""A"", ""B"", ""C"", ""D"", ""E""]"	"{""A"": ""B flat"", ""B"": ""B"", ""C"": ""F"", ""D"": ""A"", ""E"": ""none of the other options is correct""}"	"[""(A) B flat"", ""(B) B"", ""(C) F"", ""(D) A"", ""(E) none of the other options is correct""]"	(D) A	D
60d7355a-68ae-524c-909a-131e004e5e30	1	perception	pitch	absolute	pitch-absolute	pitch-recognition		pitch recognition	What is the pitch name of the {target_index} {voice} note in the provided excerpt?	"[""target_index"", ""voice""]"	get_nth_note	symbolic.musicxml	pitch	"{""target_index"": ""22nd"", ""voice"": ""soprano""}"	What is the pitch name of the 22nd soprano note in the provided excerpt?	Gesius_DuFriedensfuerstHerrJesuChrist	chorale-bricks	Gesius_DuFriedensfuerstHerrJesuChrist	data/chorale-bricks/Gesius_DuFriedensfuerstHerrJesuChrist	A	"[""B"", ""B flat"", ""C"", ""D"", ""E"", ""F"", ""G""]"	"[""F"", ""B"", ""B flat"", ""D"", ""E"", ""C"", ""G""]"	visual	visual.short.png	data/chorale-bricks/Gesius_DuFriedensfuerstHerrJesuChrist/visual.short.png	A	"[""A"", ""none of the other options is correct"", ""F"", ""B"", ""B flat""]"	0.2	0	"[""A"", ""B"", ""C"", ""D"", ""E""]"	"{""A"": ""B flat"", ""B"": ""none of the other options is correct"", ""C"": ""B"", ""D"": ""A"", ""E"": ""F""}"	"[""(A) B flat"", ""(B) none of the other options is correct"", ""(C) B"", ""(D) A"", ""(E) F""]"	(D) A	D
d305a95d-110c-5659-bc13-87c6dc54929c	2	perception	pitch	absolute	pitch-absolute	pitch-recognition		pitch statistics	How many times is the note {pitch} present in the {voice} line?	"[""voice"", ""pitch""]"	get_note_quantity		pitch	"{""voice"": ""alto"", ""pitch"": ""C sharp""}"	How many times is the note C sharp present in the alto line?	Vulpius_DieHelleSonnLeuchtJetztHerfuer	chorale-bricks	Vulpius_DieHelleSonnLeuchtJetztHerfuer	data/chorale-bricks/Vulpius_DieHelleSonnLeuchtJetztHerfuer	3	"[""1"", ""2"", ""4"", ""5"", ""6"", ""8"", ""9""]"	"[""1"", ""4"", ""6"", ""5"", ""8"", ""9"", ""2""]"	audio	audio.mastermix.wav	data/chorale-bricks/Vulpius_DieHelleSonnLeuchtJetztHerfuer/audio.mastermix.wav	3	"[""3"", ""none of the other options is correct"", ""1"", ""4"", ""6""]"	0.2	0	"[""A"", ""B"", ""C"", ""D"", ""E""]"	"{""A"": ""3"", ""B"": ""none of the other options is correct"", ""C"": ""1"", ""D"": ""4"", ""E"": ""6""}"	"[""(A) 3"", ""(B) none of the other options is correct"", ""(C) 1"", ""(D) 4"", ""(E) 6""]"	(A) 3	A
540d3386-3d26-5b8d-8f92-659f9c3ba178	2	perception	pitch	absolute	pitch-absolute	pitch-recognition		pitch statistics	How many times is the note {pitch} present in the {voice} line?	"[""voice"", ""pitch""]"	get_note_quantity		pitch	"{""voice"": ""alto"", ""pitch"": ""C sharp""}"	How many times is the note C sharp present in the alto line?	Vulpius_DieHelleSonnLeuchtJetztHerfuer	chorale-bricks	Vulpius_DieHelleSonnLeuchtJetztHerfuer	data/chorale-bricks/Vulpius_DieHelleSonnLeuchtJetztHerfuer	3	"[""1"", ""2"", ""4"", ""5"", ""6"", ""8"", ""9""]"	"[""1"", ""4"", ""6"", ""5"", ""8"", ""9"", ""2""]"	symbolic	symbolic.abc.txt	data/chorale-bricks/Vulpius_DieHelleSonnLeuchtJetztHerfuer/symbolic.abc.txt	3	"[""3"", ""none of the other options is correct"", ""1"", ""4"", ""6""]"	0.2	0	"[""A"", ""B"", ""C"", ""D"", ""E""]"	"{""A"": ""none of the other options is correct"", ""B"": ""6"", ""C"": ""3"", ""D"": ""4"", ""E"": ""1""}"	"[""(A) none of the other options is correct"", ""(B) 6"", ""(C) 3"", ""(D) 4"", ""(E) 1""]"	(C) 3	C
bf51fa82-242b-56fd-9497-7b0572af6270	2	perception	pitch	absolute	pitch-absolute	pitch-recognition		pitch statistics	How many times is the note {pitch} present in the {voice} line?	"[""voice"", ""pitch""]"	get_note_quantity		pitch	"{""voice"": ""alto"", ""pitch"": ""C sharp""}"	How many times is the note C sharp present in the alto line?	Vulpius_DieHelleSonnLeuchtJetztHerfuer	chorale-bricks	Vulpius_DieHelleSonnLeuchtJetztHerfuer	data/chorale-bricks/Vulpius_DieHelleSonnLeuchtJetztHerfuer	3	"[""1"", ""2"", ""4"", ""5"", ""6"", ""8"", ""9""]"	"[""1"", ""4"", ""6"", ""5"", ""8"", ""9"", ""2""]"	visual	visual.short.png	data/chorale-bricks/Vulpius_DieHelleSonnLeuchtJetztHerfuer/visual.short.png	3	"[""3"", ""none of the other options is correct"", ""1"", ""4"", ""6""]"	0.2	0	"[""A"", ""B"", ""C"", ""D"", ""E""]"	"{""A"": ""1"", ""B"": ""none of the other options is correct"", ""C"": ""3"", ""D"": ""4"", ""E"": ""6""}"	"[""(A) 1"", ""(B) none of the other options is correct"", ""(C) 3"", ""(D) 4"", ""(E) 6""]"	(C) 3	C
a0adafb8-cd3f-5c46-9f63-c46ca506fd89	2	perception	pitch	absolute	pitch-absolute	pitch-recognition		pitch statistics	How many times is the note {pitch} present in the {voice} line?	"[""voice"", ""pitch""]"	get_note_quantity		pitch	"{""voice"": ""bass"", ""pitch"": ""G flat""}"	How many times is the note G flat present in the bass line?	Gesius_DuFriedensfuerstHerrJesuChrist	chorale-bricks	Gesius_DuFriedensfuerstHerrJesuChrist	data/chorale-bricks/Gesius_DuFriedensfuerstHerrJesuChrist	0	"[""1"", ""2"", ""3"", ""4"", ""5"", ""6"", ""7"", ""8"", ""9"", ""12"", ""13"", ""14"", ""15""]"	"[""9"", ""13"", ""6"", ""12"", ""3"", ""15"", ""1"", ""4"", ""14"", ""5"", ""2"", ""8"", ""7""]"	audio	audio.mastermix.wav	data/chorale-bricks/Gesius_DuFriedensfuerstHerrJesuChrist/audio.mastermix.wav	0	"[""0"", ""none of the other options is correct"", ""9"", ""13"", ""6""]"	0.2	0	"[""A"", ""B"", ""C"", ""D"", ""E""]"	"{""A"": ""0"", ""B"": ""9"", ""C"": ""6"", ""D"": ""13"", ""E"": ""none of the other options is correct""}"	"[""(A) 0"", ""(B) 9"", ""(C) 6"", ""(D) 13"", ""(E) none of the other options is correct""]"	(A) 0	A
c241852c-8f0b-5c14-82a8-cfedbc766e2f	2	perception	pitch	absolute	pitch-absolute	pitch-recognition		pitch statistics	How many times is the note {pitch} present in the {voice} line?	"[""voice"", ""pitch""]"	get_note_quantity		pitch	"{""voice"": ""bass"", ""pitch"": ""G flat""}"	How many times is the note G flat present in the bass line?	Gesius_DuFriedensfuerstHerrJesuChrist	chorale-bricks	Gesius_DuFriedensfuerstHerrJesuChrist	data/chorale-bricks/Gesius_DuFriedensfuerstHerrJesuChrist	0	"[""1"", ""2"", ""3"", ""4"", ""5"", ""6"", ""7"", ""8"", ""9"", ""12"", ""13"", ""14"", ""15""]"	"[""9"", ""13"", ""6"", ""12"", ""3"", ""15"", ""1"", ""4"", ""14"", ""5"", ""2"", ""8"", ""7""]"	symbolic	symbolic.abc.txt	data/chorale-bricks/Gesius_DuFriedensfuerstHerrJesuChrist/symbolic.abc.txt	none of the other options is correct	"[""none of the other options is correct"", ""9"", ""13"", ""6"", ""12""]"	0.2	1	"[""A"", ""B"", ""C"", ""D"", ""E""]"	"{""A"": ""6"", ""B"": ""9"", ""C"": ""none of the other options is correct"", ""D"": ""13"", ""E"": ""12""}"	"[""(A) 6"", ""(B) 9"", ""(C) none of the other options is correct"", ""(D) 13"", ""(E) 12""]"	(C) none of the other options is correct	C
23c40793-1d63-574e-9b07-db0dfdd28177	2	perception	pitch	absolute	pitch-absolute	pitch-recognition		pitch statistics	How many times is the note {pitch} present in the {voice} line?	"[""voice"", ""pitch""]"	get_note_quantity		pitch	"{""voice"": ""bass"", ""pitch"": ""G flat""}"	How many times is the note G flat present in the bass line?	Gesius_DuFriedensfuerstHerrJesuChrist	chorale-bricks	Gesius_DuFriedensfuerstHerrJesuChrist	data/chorale-bricks/Gesius_DuFriedensfuerstHerrJesuChrist	0	"[""1"", ""2"", ""3"", ""4"", ""5"", ""6"", ""7"", ""8"", ""9"", ""12"", ""13"", ""14"", ""15""]"	"[""9"", ""13"", ""6"", ""12"", ""3"", ""15"", ""1"", ""4"", ""14"", ""5"", ""2"", ""8"", ""7""]"	visual	visual.short.png	data/chorale-bricks/Gesius_DuFriedensfuerstHerrJesuChrist/visual.short.png	none of the other options is correct	"[""none of the other options is correct"", ""9"", ""13"", ""6"", ""12""]"	0.2	1	"[""A"", ""B"", ""C"", ""D"", ""E""]"	"{""A"": ""12"", ""B"": ""13"", ""C"": ""9"", ""D"": ""none of the other options is correct"", ""E"": ""6""}"	"[""(A) 12"", ""(B) 13"", ""(C) 9"", ""(D) none of the other options is correct"", ""(E) 6""]"	(D) none of the other options is correct	D
651b7875-ca77-517d-91a3-e0a031d5c446	2	perception	pitch	absolute	pitch-absolute	pitch-recognition		pitch statistics	How many times is the note {pitch} present in the {voice} line?	"[""voice"", ""pitch""]"	get_note_quantity		pitch	"{""voice"": ""alto"", ""pitch"": ""F sharp""}"	How many times is the note F sharp present in the alto line?	Jan_DuGrosserSchmerzensmann	chorale-bricks	Jan_DuGrosserSchmerzensmann	data/chorale-bricks/Jan_DuGrosserSchmerzensmann	5	"[""1"", ""2"", ""3"", ""6"", ""7"", ""8"", ""9"", ""12"", ""13"", ""14"", ""19""]"	"[""3"", ""6"", ""2"", ""1"", ""8"", ""14"", ""12"", ""9"", ""13"", ""7"", ""19""]"	audio	audio.mastermix.wav	data/chorale-bricks/Jan_DuGrosserSchmerzensmann/audio.mastermix.wav	5	"[""5"", ""none of the other options is correct"", ""3"", ""6"", ""2""]"	0.2	0	"[""A"", ""B"", ""C"", ""D"", ""E""]"	"{""A"": ""3"", ""B"": ""2"", ""C"": ""6"", ""D"": ""5"", ""E"": ""none of the other options is correct""}"	"[""(A) 3"", ""(B) 2"", ""(C) 6"", ""(D) 5"", ""(E) none of the other options is correct""]"	(D) 5	D
dbfeebf2-1cad-5272-8ff6-994d17a91430	2	perception	pitch	absolute	pitch-absolute	pitch-recognition		pitch statistics	How many times is the note {pitch} present in the {voice} line?	"[""voice"", ""pitch""]"	get_note_quantity		pitch	"{""voice"": ""alto"", ""pitch"": ""F sharp""}"	How many times is the note F sharp present in the alto line?	Jan_DuGrosserSchmerzensmann	chorale-bricks	Jan_DuGrosserSchmerzensmann	data/chorale-bricks/Jan_DuGrosserSchmerzensmann	5	"[""1"", ""2"", ""3"", ""6"", ""7"", ""8"", ""9"", ""12"", ""13"", ""14"", ""19""]"	"[""3"", ""6"", ""2"", ""1"", ""8"", ""14"", ""12"", ""9"", ""13"", ""7"", ""19""]"	symbolic	symbolic.abc.txt	data/chorale-bricks/Jan_DuGrosserSchmerzensmann/symbolic.abc.txt	5	"[""5"", ""none of the other options is correct"", ""3"", ""6"", ""2""]"	0.2	0	"[""A"", ""B"", ""C"", ""D"", ""E""]"	"{""A"": ""6"", ""B"": ""2"", ""C"": ""none of the other options is correct"", ""D"": ""3"", ""E"": ""5""}"	"[""(A) 6"", ""(B) 2"", ""(C) none of the other options is correct"", ""(D) 3"", ""(E) 5""]"	(E) 5	E
bf281164-1bfe-57ad-9411-655edfeac864	2	perception	pitch	absolute	pitch-absolute	pitch-recognition		pitch statistics	How many times is the note {pitch} present in the {voice} line?	"[""voice"", ""pitch""]"	get_note_quantity		pitch	"{""voice"": ""alto"", ""pitch"": ""F sharp""}"	How many times is the note F sharp present in the alto line?	Jan_DuGrosserSchmerzensmann	chorale-bricks	Jan_DuGrosserSchmerzensmann	data/chorale-bricks/Jan_DuGrosserSchmerzensmann	5	"[""1"", ""2"", ""3"", ""6"", ""7"", ""8"", ""9"", ""12"", ""13"", ""14"", ""19""]"	"[""3"", ""6"", ""2"", ""1"", ""8"", ""14"", ""12"", ""9"", ""13"", ""7"", ""19""]"	visual	visual.short.png	data/chorale-bricks/Jan_DuGrosserSchmerzensmann/visual.short.png	5	"[""5"", ""none of the other options is correct"", ""3"", ""6"", ""2""]"	0.2	0	"[""A"", ""B"", ""C"", ""D"", ""E""]"	"{""A"": ""3"", ""B"": ""6"", ""C"": ""2"", ""D"": ""none of the other options is correct"", ""E"": ""5""}"	"[""(A) 3"", ""(B) 6"", ""(C) 2"", ""(D) none of the other options is correct"", ""(E) 5""]"	(E) 5	E
f8df2f6b-aff3-566b-9cac-6aea9503e8cd	2	perception	pitch	absolute	pitch-absolute	pitch-recognition		pitch statistics	How many times is the note {pitch} present in the {voice} line?	"[""voice"", ""pitch""]"	get_note_quantity		pitch	"{""voice"": ""bass"", ""pitch"": ""A""}"	How many times is the note A present in the bass line?	Jan_DuGrosserSchmerzensmann	chorale-bricks	Jan_DuGrosserSchmerzensmann	data/chorale-bricks/Jan_DuGrosserSchmerzensmann	7	"[""1"", ""2"", ""3"", ""5"", ""6"", ""8"", ""9"", ""12"", ""13"", ""14"", ""19""]"	"[""13"", ""8"", ""9"", ""2"", ""6"", ""1"", ""5"", ""3"", ""14"", ""12"", ""19""]"	audio	audio.mastermix.wav	data/chorale-bricks/Jan_DuGrosserSchmerzensmann/audio.mastermix.wav	7	"[""7"", ""none of the other options is correct"", ""13"", ""8"", ""9""]"	0.2	0	"[""A"", ""B"", ""C"", ""D"", ""E""]"	"{""A"": ""none of the other options is correct"", ""B"": ""7"", ""C"": ""8"", ""D"": ""13"", ""E"": ""9""}"	"[""(A) none of the other options is correct"", ""(B) 7"", ""(C) 8"", ""(D) 13"", ""(E) 9""]"	(B) 7	B
4f256ef1-e206-557d-a392-a5b05fbfe190	2	perception	pitch	absolute	pitch-absolute	pitch-recognition		pitch statistics	How many times is the note {pitch} present in the {voice} line?	"[""voice"", ""pitch""]"	get_note_quantity		pitch	"{""voice"": ""bass"", ""pitch"": ""A""}"	How many times is the note A present in the bass line?	Jan_DuGrosserSchmerzensmann	chorale-bricks	Jan_DuGrosserSchmerzensmann	data/chorale-bricks/Jan_DuGrosserSchmerzensmann	7	"[""1"", ""2"", ""3"", ""5"", ""6"", ""8"", ""9"", ""12"", ""13"", ""14"", ""19""]"	"[""13"", ""8"", ""9"", ""2"", ""6"", ""1"", ""5"", ""3"", ""14"", ""12"", ""19""]"	symbolic	symbolic.abc.txt	data/chorale-bricks/Jan_DuGrosserSchmerzensmann/symbolic.abc.txt	none of the other options is correct	"[""none of the other options is correct"", ""13"", ""8"", ""9"", ""2""]"	0.2	1	"[""A"", ""B"", ""C"", ""D"", ""E""]"	"{""A"": ""2"", ""B"": ""9"", ""C"": ""8"", ""D"": ""none of the other options is correct"", ""E"": ""13""}"	"[""(A) 2"", ""(B) 9"", ""(C) 8"", ""(D) none of the other options is correct"", ""(E) 13""]"	(D) none of the other options is correct	D
40ed3afb-f5ec-5142-b11f-c0f456c9f8f5	2	perception	pitch	absolute	pitch-absolute	pitch-recognition		pitch statistics	How many times is the note {pitch} present in the {voice} line?	"[""voice"", ""pitch""]"	get_note_quantity		pitch	"{""voice"": ""bass"", ""pitch"": ""A""}"	How many times is the note A present in the bass line?	Jan_DuGrosserSchmerzensmann	chorale-bricks	Jan_DuGrosserSchmerzensmann	data/chorale-bricks/Jan_DuGrosserSchmerzensmann	7	"[""1"", ""2"", ""3"", ""5"", ""6"", ""8"", ""9"", ""12"", ""13"", ""14"", ""19""]"	"[""13"", ""8"", ""9"", ""2"", ""6"", ""1"", ""5"", ""3"", ""14"", ""12"", ""19""]"	visual	visual.short.png	data/chorale-bricks/Jan_DuGrosserSchmerzensmann/visual.short.png	none of the other options is correct	"[""none of the other options is correct"", ""13"", ""8"", ""9"", ""2""]"	0.2	1	"[""A"", ""B"", ""C"", ""D"", ""E""]"	"{""A"": ""none of the other options is correct"", ""B"": ""9"", ""C"": ""13"", ""D"": ""8"", ""E"": ""2""}"	"[""(A) none of the other options is correct"", ""(B) 9"", ""(C) 13"", ""(D) 8"", ""(E) 2""]"	(A) none of the other options is correct	A
0e144559-99d9-54b4-a21b-d0d621ce9fca	2	perception	pitch	absolute	pitch-absolute	pitch-recognition		pitch statistics	How many times is the note {pitch} present in the {voice} line?	"[""voice"", ""pitch""]"	get_note_quantity		pitch	"{""voice"": ""soprano"", ""pitch"": ""C""}"	How many times is the note C present in the soprano line?	Telemann_DerLiebenSonneLichtUndPracht	chorale-bricks	Telemann_DerLiebenSonneLichtUndPracht	data/chorale-bricks/Telemann_DerLiebenSonneLichtUndPracht	4	"[""2"", ""3"", ""5"", ""6"", ""7"", ""8"", ""9"", ""10"", ""11"", ""12"", ""13"", ""14"", ""19"", ""21""]"	"[""6"", ""3"", ""7"", ""11"", ""12"", ""13"", ""2"", ""8"", ""14"", ""10"", ""5"", ""19"", ""21"", ""9""]"	audio	audio.mastermix.wav	data/chorale-bricks/Telemann_DerLiebenSonneLichtUndPracht/audio.mastermix.wav	4	"[""4"", ""none of the other options is correct"", ""6"", ""3"", ""7""]"	0.2	0	"[""A"", ""B"", ""C"", ""D"", ""E""]"	"{""A"": ""none of the other options is correct"", ""B"": ""7"", ""C"": ""4"", ""D"": ""6"", ""E"": ""3""}"	"[""(A) none of the other options is correct"", ""(B) 7"", ""(C) 4"", ""(D) 6"", ""(E) 3""]"	(C) 4	C
2f7547ae-112a-58c9-8527-2274dd8833d0	2	perception	pitch	absolute	pitch-absolute	pitch-recognition		pitch statistics	How many times is the note {pitch} present in the {voice} line?	"[""voice"", ""pitch""]"	get_note_quantity		pitch	"{""voice"": ""soprano"", ""pitch"": ""C""}"	How many times is the note C present in the soprano line?	Telemann_DerLiebenSonneLichtUndPracht	chorale-bricks	Telemann_DerLiebenSonneLichtUndPracht	data/chorale-bricks/Telemann_DerLiebenSonneLichtUndPracht	4	"[""2"", ""3"", ""5"", ""6"", ""7"", ""8"", ""9"", ""10"", ""11"", ""12"", ""13"", ""14"", ""19"", ""21""]"	"[""6"", ""3"", ""7"", ""11"", ""12"", ""13"", ""2"", ""8"", ""14"", ""10"", ""5"", ""19"", ""21"", ""9""]"	symbolic	symbolic.abc.txt	data/chorale-bricks/Telemann_DerLiebenSonneLichtUndPracht/symbolic.abc.txt	4	"[""4"", ""none of the other options is correct"", ""6"", ""3"", ""7""]"	0.2	0	"[""A"", ""B"", ""C"", ""D"", ""E""]"	"{""A"": ""7"", ""B"": ""none of the other options is correct"", ""C"": ""3"", ""D"": ""4"", ""E"": ""6""}"	"[""(A) 7"", ""(B) none of the other options is correct"", ""(C) 3"", ""(D) 4"", ""(E) 6""]"	(D) 4	D
7b15d675-ebca-57cd-bd39-83081b289ac3	2	perception	pitch	absolute	pitch-absolute	pitch-recognition		pitch statistics	How many times is the note {pitch} present in the {voice} line?	"[""voice"", ""pitch""]"	get_note_quantity		pitch	"{""voice"": ""soprano"", ""pitch"": ""C""}"	How many times is the note C present in the soprano line?	Telemann_DerLiebenSonneLichtUndPracht	chorale-bricks	Telemann_DerLiebenSonneLichtUndPracht	data/chorale-bricks/Telemann_DerLiebenSonneLichtUndPracht	4	"[""2"", ""3"", ""5"", ""6"", ""7"", ""8"", ""9"", ""10"", ""11"", ""12"", ""13"", ""14"", ""19"", ""21""]"	"[""6"", ""3"", ""7"", ""11"", ""12"", ""13"", ""2"", ""8"", ""14"", ""10"", ""5"", ""19"", ""21"", ""9""]"	visual	visual.short.png	data/chorale-bricks/Telemann_DerLiebenSonneLichtUndPracht/visual.short.png	4	"[""4"", ""none of the other options is correct"", ""6"", ""3"", ""7""]"	0.2	0	"[""A"", ""B"", ""C"", ""D"", ""E""]"	"{""A"": ""3"", ""B"": ""4"", ""C"": ""7"", ""D"": ""6"", ""E"": ""none of the other options is correct""}"	"[""(A) 3"", ""(B) 4"", ""(C) 7"", ""(D) 6"", ""(E) none of the other options is correct""]"	(B) 4	B
2753e58c-3d1c-5dec-b878-71097e3d350d	3	perception	pitch	relative	pitch-relative	interval-recognition		interval recognition	What is the {target_index} interval in the {voice} line?	"[""target_index"", ""voice""]"	get_nth_interval		interval	"{""target_index"": ""44th"", ""voice"": ""alto""}"	What is the 44th interval in the alto line?	Telemann_DerLiebenSonneLichtUndPracht	chorale-bricks	Telemann_DerLiebenSonneLichtUndPracht	data/chorale-bricks/Telemann_DerLiebenSonneLichtUndPracht	Major Third	"[""Diminished Unison"", ""Major Second"", ""Minor Second"", ""Minor Sixth"", ""Minor Third"", ""Perfect Fifth"", ""Perfect Fourth"", ""Perfect Unison""]"	"[""Minor Sixth"", ""Perfect Fourth"", ""Perfect Fifth"", ""Minor Third"", ""Perfect Unison"", ""Diminished Unison"", ""Minor Second"", ""Major Second""]"	audio	audio.mastermix.wav	data/chorale-bricks/Telemann_DerLiebenSonneLichtUndPracht/audio.mastermix.wav	Major Third	"[""Major Third"", ""none of the other options is correct"", ""Minor Sixth"", ""Perfect Fourth"", ""Perfect Fifth""]"	0.2	0	"[""A"", ""B"", ""C"", ""D"", ""E""]"	"{""A"": ""none of the other options is correct"", ""B"": ""Minor Sixth"", ""C"": ""Perfect Fourth"", ""D"": ""Major Third"", ""E"": ""Perfect Fifth""}"	"[""(A) none of the other options is correct"", ""(B) Minor Sixth"", ""(C) Perfect Fourth"", ""(D) Major Third"", ""(E) Perfect Fifth""]"	(D) Major Third	D
4f4ef2d5-147e-5e5d-b143-d21dec9f9c78	3	perception	pitch	relative	pitch-relative	interval-recognition		interval recognition	What is the {target_index} interval in the {voice} line?	"[""target_index"", ""voice""]"	get_nth_interval		interval	"{""target_index"": ""44th"", ""voice"": ""alto""}"	What is the 44th interval in the alto line?	Telemann_DerLiebenSonneLichtUndPracht	chorale-bricks	Telemann_DerLiebenSonneLichtUndPracht	data/chorale-bricks/Telemann_DerLiebenSonneLichtUndPracht	Major Third	"[""Diminished Unison"", ""Major Second"", ""Minor Second"", ""Minor Sixth"", ""Minor Third"", ""Perfect Fifth"", ""Perfect Fourth"", ""Perfect Unison""]"	"[""Minor Sixth"", ""Perfect Fourth"", ""Perfect Fifth"", ""Minor Third"", ""Perfect Unison"", ""Diminished Unison"", ""Minor Second"", ""Major Second""]"	symbolic	symbolic.abc.txt	data/chorale-bricks/Telemann_DerLiebenSonneLichtUndPracht/symbolic.abc.txt	Major Third	"[""Major Third"", ""none of the other options is correct"", ""Minor Sixth"", ""Perfect Fourth"", ""Perfect Fifth""]"	0.2	0	"[""A"", ""B"", ""C"", ""D"", ""E""]"	"{""A"": ""Perfect Fourth"", ""B"": ""Perfect Fifth"", ""C"": ""Minor Sixth"", ""D"": ""none of the other options is correct"", ""E"": ""Major Third""}"	"[""(A) Perfect Fourth"", ""(B) Perfect Fifth"", ""(C) Minor Sixth"", ""(D) none of the other options is correct"", ""(E) Major Third""]"	(E) Major Third	E
2ab4f1da-043b-5171-9575-aee331ef55ad	3	perception	pitch	relative	pitch-relative	interval-recognition		interval recognition	What is the {target_index} interval in the {voice} line?	"[""target_index"", ""voice""]"	get_nth_interval		interval	"{""target_index"": ""44th"", ""voice"": ""alto""}"	What is the 44th interval in the alto line?	Telemann_DerLiebenSonneLichtUndPracht	chorale-bricks	Telemann_DerLiebenSonneLichtUndPracht	data/chorale-bricks/Telemann_DerLiebenSonneLichtUndPracht	Major Third	"[""Diminished Unison"", ""Major Second"", ""Minor Second"", ""Minor Sixth"", ""Minor Third"", ""Perfect Fifth"", ""Perfect Fourth"", ""Perfect Unison""]"	"[""Minor Sixth"", ""Perfect Fourth"", ""Perfect Fifth"", ""Minor Third"", ""Perfect Unison"", ""Diminished Unison"", ""Minor Second"", ""Major Second""]"	visual	visual.short.png	data/chorale-bricks/Telemann_DerLiebenSonneLichtUndPracht/visual.short.png	Major Third	"[""Major Third"", ""none of the other options is correct"", ""Minor Sixth"", ""Perfect Fourth"", ""Perfect Fifth""]"	0.2	0	"[""A"", ""B"", ""C"", ""D"", ""E""]"	"{""A"": ""none of the other options is correct"", ""B"": ""Perfect Fourth"", ""C"": ""Perfect Fifth"", ""D"": ""Major Third"", ""E"": ""Minor Sixth""}"	"[""(A) none of the other options is correct"", ""(B) Perfect Fourth"", ""(C) Perfect Fifth"", ""(D) Major Third"", ""(E) Minor Sixth""]"	(D) Major Third	D
a6e680e0-fc57-5940-a7de-fe64257f7008	3	perception	pitch	relative	pitch-relative	interval-recognition		interval recognition	What is the {target_index} interval in the {voice} line?	"[""target_index"", ""voice""]"	get_nth_interval		interval	"{""target_index"": ""48th"", ""voice"": ""alto""}"	What is the 48th interval in the alto line?	Telemann_DerLiebenSonneLichtUndPracht	chorale-bricks	Telemann_DerLiebenSonneLichtUndPracht	data/chorale-bricks/Telemann_DerLiebenSonneLichtUndPracht	Major Second	"[""Diminished Unison"", ""Major Third"", ""Minor Second"", ""Minor Sixth"", ""Minor Third"", ""Perfect Fifth"", ""Perfect Fourth"", ""Perfect Unison""]"	"[""Minor Second"", ""Major Third"", ""Diminished Unison"", ""Perfect Fifth"", ""Minor Third"", ""Minor Sixth"", ""Perfect Fourth"", ""Perfect Unison""]"	audio	audio.mastermix.wav	data/chorale-bricks/Telemann_DerLiebenSonneLichtUndPracht/audio.mastermix.wav	Major Second	"[""Major Second"", ""none of the other options is correct"", ""Minor Second"", ""Major Third"", ""Diminished Unison""]"	0.2	0	"[""A"", ""B"", ""C"", ""D"", ""E""]"	"{""A"": ""Major Third"", ""B"": ""Major Second"", ""C"": ""Minor Second"", ""D"": ""Diminished Unison"", ""E"": ""none of the other options is correct""}"	"[""(A) Major Third"", ""(B) Major Second"", ""(C) Minor Second"", ""(D) Diminished Unison"", ""(E) none of the other options is correct""]"	(B) Major Second	B
c0b66758-8715-5ce4-96ff-89ff363ee1a6	3	perception	pitch	relative	pitch-relative	interval-recognition		interval recognition	What is the {target_index} interval in the {voice} line?	"[""target_index"", ""voice""]"	get_nth_interval		interval	"{""target_index"": ""48th"", ""voice"": ""alto""}"	What is the 48th interval in the alto line?	Telemann_DerLiebenSonneLichtUndPracht	chorale-bricks	Telemann_DerLiebenSonneLichtUndPracht	data/chorale-bricks/Telemann_DerLiebenSonneLichtUndPracht	Major Second	"[""Diminished Unison"", ""Major Third"", ""Minor Second"", ""Minor Sixth"", ""Minor Third"", ""Perfect Fifth"", ""Perfect Fourth"", ""Perfect Unison""]"	"[""Minor Second"", ""Major Third"", ""Diminished Unison"", ""Perfect Fifth"", ""Minor Third"", ""Minor Sixth"", ""Perfect Fourth"", ""Perfect Unison""]"	symbolic	symbolic.abc.txt	data/chorale-bricks/Telemann_DerLiebenSonneLichtUndPracht/symbolic.abc.txt	Major Second	"[""Major Second"", ""none of the other options is correct"", ""Minor Second"", ""Major Third"", ""Diminished Unison""]"	0.2	0	"[""A"", ""B"", ""C"", ""D"", ""E""]"	"{""A"": ""Diminished Unison"", ""B"": ""Major Second"", ""C"": ""Major Third"", ""D"": ""none of the other options is correct"", ""E"": ""Minor Second""}"	"[""(A) Diminished Unison"", ""(B) Major Second"", ""(C) Major Third"", ""(D) none of the other options is correct"", ""(E) Minor Second""]"	(B) Major Second	B
f97c637e-08f7-59a1-8338-3a4a0675abf0	3	perception	pitch	relative	pitch-relative	interval-recognition		interval recognition	What is the {target_index} interval in the {voice} line?	"[""target_index"", ""voice""]"	get_nth_interval		interval	"{""target_index"": ""48th"", ""voice"": ""alto""}"	What is the 48th interval in the alto line?	Telemann_DerLiebenSonneLichtUndPracht	chorale-bricks	Telemann_DerLiebenSonneLichtUndPracht	data/chorale-bricks/Telemann_DerLiebenSonneLichtUndPracht	Major Second	"[""Diminished Unison"", ""Major Third"", ""Minor Second"", ""Minor Sixth"", ""Minor Third"", ""Perfect Fifth"", ""Perfect Fourth"", ""Perfect Unison""]"	"[""Minor Second"", ""Major Third"", ""Diminished Unison"", ""Perfect Fifth"", ""Minor Third"", ""Minor Sixth"", ""Perfect Fourth"", ""Perfect Unison""]"	visual	visual.short.png	data/chorale-bricks/Telemann_DerLiebenSonneLichtUndPracht/visual.short.png	Major Second	"[""Major Second"", ""none of the other options is correct"", ""Minor Second"", ""Major Third"", ""Diminished Unison""]"	0.2	0	"[""A"", ""B"", ""C"", ""D"", ""E""]"	"{""A"": ""none of the other options is correct"", ""B"": ""Diminished Unison"", ""C"": ""Minor Second"", ""D"": ""Major Second"", ""E"": ""Major Third""}"	"[""(A) none of the other options is correct"", ""(B) Diminished Unison"", ""(C) Minor Second"", ""(D) Major Second"", ""(E) Major Third""]"	(D) Major Second	D
1164e511-01a2-5712-885f-df05a77c5abf	3	perception	pitch	relative	pitch-relative	interval-recognition		interval recognition	What is the {target_index} interval in the {voice} line?	"[""target_index"", ""voice""]"	get_nth_interval		interval	"{""target_index"": ""1st"", ""voice"": ""tenor""}"	What is the 1st interval in the tenor line?	Anonymous_AusMeinesHerzensGrunde	chorale-bricks	Anonymous_AusMeinesHerzensGrunde	data/chorale-bricks/Anonymous_AusMeinesHerzensGrunde	Perfect Unison	"[""Major Second"", ""Major Third"", ""Minor Second"", ""Minor Sixth"", ""Minor Third"", ""Perfect Fifth"", ""Perfect Fourth""]"	"[""Major Third"", ""Major Second"", ""Minor Third"", ""Perfect Fifth"", ""Minor Second"", ""Minor Sixth"", ""Perfect Fourth""]"	audio	audio.mastermix.wav	data/chorale-bricks/Anonymous_AusMeinesHerzensGrunde/audio.mastermix.wav	Perfect Unison	"[""Perfect Unison"", ""none of the other options is correct"", ""Major Third"", ""Major Second"", ""Minor Third""]"	0.2	0	"[""A"", ""B"", ""C"", ""D"", ""E""]"	"{""A"": ""Major Second"", ""B"": ""Perfect Unison"", ""C"": ""Major Third"", ""D"": ""none of the other options is correct"", ""E"": ""Minor Third""}"	"[""(A) Major Second"", ""(B) Perfect Unison"", ""(C) Major Third"", ""(D) none of the other options is correct"", ""(E) Minor Third""]"	(B) Perfect Unison	B
7d6d54b0-1913-52e8-8047-f129365f11b8	3	perception	pitch	relative	pitch-relative	interval-recognition		interval recognition	What is the {target_index} interval in the {voice} line?	"[""target_index"", ""voice""]"	get_nth_interval		interval	"{""target_index"": ""1st"", ""voice"": ""tenor""}"	What is the 1st interval in the tenor line?	Anonymous_AusMeinesHerzensGrunde	chorale-bricks	Anonymous_AusMeinesHerzensGrunde	data/chorale-bricks/Anonymous_AusMeinesHerzensGrunde	Perfect Unison	"[""Major Second"", ""Major Third"", ""Minor Second"", ""Minor Sixth"", ""Minor Third"", ""Perfect Fifth"", ""Perfect Fourth""]"	"[""Major Third"", ""Major Second"", ""Minor Third"", ""Perfect Fifth"", ""Minor Second"", ""Minor Sixth"", ""Perfect Fourth""]"	symbolic	symbolic.abc.txt	data/chorale-bricks/Anonymous_AusMeinesHerzensGrunde/symbolic.abc.txt	Perfect Unison	"[""Perfect Unison"", ""none of the other options is correct"", ""Major Third"", ""Major Second"", ""Minor Third""]"	0.2	0	"[""A"", ""B"", ""C"", ""D"", ""E""]"	"{""A"": ""none of the other options is correct"", ""B"": ""Major Second"", ""C"": ""Minor Third"", ""D"": ""Perfect Unison"", ""E"": ""Major Third""}"	"[""(A) none of the other options is correct"", ""(B) Major Second"", ""(C) Minor Third"", ""(D) Perfect Unison"", ""(E) Major Third""]"	(D) Perfect Unison	D
6be602a3-78a3-54b5-8b24-b4d253e71e94	3	perception	pitch	relative	pitch-relative	interval-recognition		interval recognition	What is the {target_index} interval in the {voice} line?	"[""target_index"", ""voice""]"	get_nth_interval		interval	"{""target_index"": ""1st"", ""voice"": ""tenor""}"	What is the 1st interval in the tenor line?	Anonymous_AusMeinesHerzensGrunde	chorale-bricks	Anonymous_AusMeinesHerzensGrunde	data/chorale-bricks/Anonymous_AusMeinesHerzensGrunde	Perfect Unison	"[""Major Second"", ""Major Third"", ""Minor Second"", ""Minor Sixth"", ""Minor Third"", ""Perfect Fifth"", ""Perfect Fourth""]"	"[""Major Third"", ""Major Second"", ""Minor Third"", ""Perfect Fifth"", ""Minor Second"", ""Minor Sixth"", ""Perfect Fourth""]"	visual	visual.short.png	data/chorale-bricks/Anonymous_AusMeinesHerzensGrunde/visual.short.png	Perfect Unison	"[""Perfect Unison"", ""none of the other options is correct"", ""Major Third"", ""Major Second"", ""Minor Third""]"	0.2	0	"[""A"", ""B"", ""C"", ""D"", ""E""]"	"{""A"": ""Major Second"", ""B"": ""Perfect Unison"", ""C"": ""Major Third"", ""D"": ""none of the other options is correct"", ""E"": ""Minor Third""}"	"[""(A) Major Second"", ""(B) Perfect Unison"", ""(C) Major Third"", ""(D) none of the other options is correct"", ""(E) Minor Third""]"	(B) Perfect Unison	B
518c2413-7924-5f30-869c-0534d01bf676	3	perception	pitch	relative	pitch-relative	interval-recognition		interval recognition	What is the {target_index} interval in the {voice} line?	"[""target_index"", ""voice""]"	get_nth_interval		interval	"{""target_index"": ""58th"", ""voice"": ""soprano""}"	What is the 58th interval in the soprano line?	Anonymous_AusMeinesHerzensGrunde	chorale-bricks	Anonymous_AusMeinesHerzensGrunde	data/chorale-bricks/Anonymous_AusMeinesHerzensGrunde	Minor Third	"[""Major Second"", ""Major Third"", ""Minor Second"", ""Minor Sixth"", ""Perfect Fifth"", ""Perfect Fourth"", ""Perfect Unison""]"	"[""Minor Sixth"", ""Minor Second"", ""Perfect Unison"", ""Major Third"", ""Perfect Fourth"", ""Major Second"", ""Perfect Fifth""]"	audio	audio.mastermix.wav	data/chorale-bricks/Anonymous_AusMeinesHerzensGrunde/audio.mastermix.wav	Minor Third	"[""Minor Third"", ""none of the other options is correct"", ""Minor Sixth"", ""Minor Second"", ""Perfect Unison""]"	0.2	0	"[""A"", ""B"", ""C"", ""D"", ""E""]"	"{""A"": ""Minor Sixth"", ""B"": ""Minor Third"", ""C"": ""Perfect Unison"", ""D"": ""Minor Second"", ""E"": ""none of the other options is correct""}"	"[""(A) Minor Sixth"", ""(B) Minor Third"", ""(C) Perfect Unison"", ""(D) Minor Second"", ""(E) none of the other options is correct""]"	(B) Minor Third	B
4e4d385a-b1ef-5678-ab2f-1144799f4a60	3	perception	pitch	relative	pitch-relative	interval-recognition		interval recognition	What is the {target_index} interval in the {voice} line?	"[""target_index"", ""voice""]"	get_nth_interval		interval	"{""target_index"": ""58th"", ""voice"": ""soprano""}"	What is the 58th interval in the soprano line?	Anonymous_AusMeinesHerzensGrunde	chorale-bricks	Anonymous_AusMeinesHerzensGrunde	data/chorale-bricks/Anonymous_AusMeinesHerzensGrunde	Minor Third	"[""Major Second"", ""Major Third"", ""Minor Second"", ""Minor Sixth"", ""Perfect Fifth"", ""Perfect Fourth"", ""Perfect Unison""]"	"[""Minor Sixth"", ""Minor Second"", ""Perfect Unison"", ""Major Third"", ""Perfect Fourth"", ""Major Second"", ""Perfect Fifth""]"	symbolic	symbolic.abc.txt	data/chorale-bricks/Anonymous_AusMeinesHerzensGrunde/symbolic.abc.txt	Minor Third	"[""Minor Third"", ""none of the other options is correct"", ""Minor Sixth"", ""Minor Second"", ""Perfect Unison""]"	0.2	0	"[""A"", ""B"", ""C"", ""D"", ""E""]"	"{""A"": ""Perfect Unison"", ""B"": ""Minor Sixth"", ""C"": ""none of the other options is correct"", ""D"": ""Minor Third"", ""E"": ""Minor Second""}"	"[""(A) Perfect Unison"", ""(B) Minor Sixth"", ""(C) none of the other options is correct"", ""(D) Minor Third"", ""(E) Minor Second""]"	(D) Minor Third	D
6d4bad14-04fc-56ef-9489-02ec670d0938	3	perception	pitch	relative	pitch-relative	interval-recognition		interval recognition	What is the {target_index} interval in the {voice} line?	"[""target_index"", ""voice""]"	get_nth_interval		interval	"{""target_index"": ""58th"", ""voice"": ""soprano""}"	What is the 58th interval in the soprano line?	Anonymous_AusMeinesHerzensGrunde	chorale-bricks	Anonymous_AusMeinesHerzensGrunde	data/chorale-bricks/Anonymous_AusMeinesHerzensGrunde	Minor Third	"[""Major Second"", ""Major Third"", ""Minor Second"", ""Minor Sixth"", ""Perfect Fifth"", ""Perfect Fourth"", ""Perfect Unison""]"	"[""Minor Sixth"", ""Minor Second"", ""Perfect Unison"", ""Major Third"", ""Perfect Fourth"", ""Major Second"", ""Perfect Fifth""]"	visual	visual.short.png	data/chorale-bricks/Anonymous_AusMeinesHerzensGrunde/visual.short.png	none of the other options is correct	"[""none of the other options is correct"", ""Minor Sixth"", ""Minor Second"", ""Perfect Unison"", ""Major Third""]"	0.2	1	"[""A"", ""B"", ""C"", ""D"", ""E""]"	"{""A"": ""Perfect Unison"", ""B"": ""none of the other options is correct"", ""C"": ""Minor Sixth"", ""D"": ""Minor Second"", ""E"": ""Major Third""}"	"[""(A) Perfect Unison"", ""(B) none of the other options is correct"", ""(C) Minor Sixth"", ""(D) Minor Second"", ""(E) Major Third""]"	(B) none of the other options is correct	B
799c27c0-6bd4-53f1-8f10-6d3518d15aa2	3	perception	pitch	relative	pitch-relative	interval-recognition		interval recognition	What is the {target_index} interval in the {voice} line?	"[""target_index"", ""voice""]"	get_nth_interval		interval	"{""target_index"": ""19th"", ""voice"": ""bass""}"	What is the 19th interval in the bass line?	Bach_IchStehAnDeinerKrippe	chorale-bricks	Bach_IchStehAnDeinerKrippe	data/chorale-bricks/Bach_IchStehAnDeinerKrippe	Major Third	"[""Diminished Unison"", ""Major Second"", ""Minor Second"", ""Minor Sixth"", ""Minor Third"", ""Perfect Fifth"", ""Perfect Fourth"", ""Perfect Unison""]"	"[""Minor Sixth"", ""Perfect Fifth"", ""Major Second"", ""Perfect Fourth"", ""Diminished Unison"", ""Perfect Unison"", ""Minor Third"", ""Minor Second""]"	audio	audio.mastermix.wav	data/chorale-bricks/Bach_IchStehAnDeinerKrippe/audio.mastermix.wav	Major Third	"[""Major Third"", ""none of the other options is correct"", ""Minor Sixth"", ""Perfect Fifth"", ""Major Second""]"	0.2	0	"[""A"", ""B"", ""C"", ""D"", ""E""]"	"{""A"": ""none of the other options is correct"", ""B"": ""Major Second"", ""C"": ""Perfect Fifth"", ""D"": ""Major Third"", ""E"": ""Minor Sixth""}"	"[""(A) none of the other options is correct"", ""(B) Major Second"", ""(C) Perfect Fifth"", ""(D) Major Third"", ""(E) Minor Sixth""]"	(D) Major Third	D
856407e9-2f08-5981-b711-a9cba0a00de5	3	perception	pitch	relative	pitch-relative	interval-recognition		interval recognition	What is the {target_index} interval in the {voice} line?	"[""target_index"", ""voice""]"	get_nth_interval		interval	"{""target_index"": ""19th"", ""voice"": ""bass""}"	What is the 19th interval in the bass line?	Bach_IchStehAnDeinerKrippe	chorale-bricks	Bach_IchStehAnDeinerKrippe	data/chorale-bricks/Bach_IchStehAnDeinerKrippe	Major Third	"[""Diminished Unison"", ""Major Second"", ""Minor Second"", ""Minor Sixth"", ""Minor Third"", ""Perfect Fifth"", ""Perfect Fourth"", ""Perfect Unison""]"	"[""Minor Sixth"", ""Perfect Fifth"", ""Major Second"", ""Perfect Fourth"", ""Diminished Unison"", ""Perfect Unison"", ""Minor Third"", ""Minor Second""]"	symbolic	symbolic.abc.txt	data/chorale-bricks/Bach_IchStehAnDeinerKrippe/symbolic.abc.txt	Major Third	"[""Major Third"", ""none of the other options is correct"", ""Minor Sixth"", ""Perfect Fifth"", ""Major Second""]"	0.2	0	"[""A"", ""B"", ""C"", ""D"", ""E""]"	"{""A"": ""Major Third"", ""B"": ""Perfect Fifth"", ""C"": ""Minor Sixth"", ""D"": ""none of the other options is correct"", ""E"": ""Major Second""}"	"[""(A) Major Third"", ""(B) Perfect Fifth"", ""(C) Minor Sixth"", ""(D) none of the other options is correct"", ""(E) Major Second""]"	(A) Major Third	A
3f82c86b-82b3-511c-bd3d-f8f9201111df	3	perception	pitch	relative	pitch-relative	interval-recognition		interval recognition	What is the {target_index} interval in the {voice} line?	"[""target_index"", ""voice""]"	get_nth_interval		interval	"{""target_index"": ""19th"", ""voice"": ""bass""}"	What is the 19th interval in the bass line?	Bach_IchStehAnDeinerKrippe	chorale-bricks	Bach_IchStehAnDeinerKrippe	data/chorale-bricks/Bach_IchStehAnDeinerKrippe	Major Third	"[""Diminished Unison"", ""Major Second"", ""Minor Second"", ""Minor Sixth"", ""Minor Third"", ""Perfect Fifth"", ""Perfect Fourth"", ""Perfect Unison""]"	"[""Minor Sixth"", ""Perfect Fifth"", ""Major Second"", ""Perfect Fourth"", ""Diminished Unison"", ""Perfect Unison"", ""Minor Third"", ""Minor Second""]"	visual	visual.short.png	data/chorale-bricks/Bach_IchStehAnDeinerKrippe/visual.short.png	Major Third	"[""Major Third"", ""none of the other options is correct"", ""Minor Sixth"", ""Perfect Fifth"", ""Major Second""]"	0.2	0	"[""A"", ""B"", ""C"", ""D"", ""E""]"	"{""A"": ""none of the other options is correct"", ""B"": ""Perfect Fifth"", ""C"": ""Major Third"", ""D"": ""Minor Sixth"", ""E"": ""Major Second""}"	"[""(A) none of the other options is correct"", ""(B) Perfect Fifth"", ""(C) Major Third"", ""(D) Minor Sixth"", ""(E) Major Second""]"	(C) Major Third	C
5d8af58a-4a5d-52c9-9f68-5efc93c56862	4	perception	pitch	relative	pitch-relative	interval-recognition		interval statistics	How many times is the interval {interval} present in the {voice} line?	"[""voice"", ""interval""]"	get_interval_quantity		interval	"{""voice"": ""tenor"", ""interval"": ""Perfect Fourth""}"	How many times is the interval Perfect Fourth present in the tenor line?	Anonymous_AusMeinesHerzensGrunde	chorale-bricks	Anonymous_AusMeinesHerzensGrunde	data/chorale-bricks/Anonymous_AusMeinesHerzensGrunde	3	"[""2"", ""5"", ""7"", ""26"", ""39"", ""42"", ""81"", ""103""]"	"[""39"", ""2"", ""42"", ""5"", ""26"", ""7"", ""81"", ""103""]"	audio	audio.mastermix.wav	data/chorale-bricks/Anonymous_AusMeinesHerzensGrunde/audio.mastermix.wav	3	"[""3"", ""none of the other options is correct"", ""39"", ""2"", ""42""]"	0.2	0	"[""A"", ""B"", ""C"", ""D"", ""E""]"	"{""A"": ""2"", ""B"": ""39"", ""C"": ""none of the other options is correct"", ""D"": ""42"", ""E"": ""3""}"	"[""(A) 2"", ""(B) 39"", ""(C) none of the other options is correct"", ""(D) 42"", ""(E) 3""]"	(E) 3	E
f5b768d7-04a2-5e16-b428-7cc311bd5b62	4	perception	pitch	relative	pitch-relative	interval-recognition		interval statistics	How many times is the interval {interval} present in the {voice} line?	"[""voice"", ""interval""]"	get_interval_quantity		interval	"{""voice"": ""tenor"", ""interval"": ""Perfect Fourth""}"	How many times is the interval Perfect Fourth present in the tenor line?	Anonymous_AusMeinesHerzensGrunde	chorale-bricks	Anonymous_AusMeinesHerzensGrunde	data/chorale-bricks/Anonymous_AusMeinesHerzensGrunde	3	"[""2"", ""5"", ""7"", ""26"", ""39"", ""42"", ""81"", ""103""]"	"[""39"", ""2"", ""42"", ""5"", ""26"", ""7"", ""81"", ""103""]"	symbolic	symbolic.abc.txt	data/chorale-bricks/Anonymous_AusMeinesHerzensGrunde/symbolic.abc.txt	3	"[""3"", ""none of the other options is correct"", ""39"", ""2"", ""42""]"	0.2	0	"[""A"", ""B"", ""C"", ""D"", ""E""]"	"{""A"": ""2"", ""B"": ""3"", ""C"": ""42"", ""D"": ""none of the other options is correct"", ""E"": ""39""}"	"[""(A) 2"", ""(B) 3"", ""(C) 42"", ""(D) none of the other options is correct"", ""(E) 39""]"	(B) 3	B
e670725c-8cc6-5716-a7cd-5d016e95af3a	4	perception	pitch	relative	pitch-relative	interval-recognition		interval statistics	How many times is the interval {interval} present in the {voice} line?	"[""voice"", ""interval""]"	get_interval_quantity		interval	"{""voice"": ""tenor"", ""interval"": ""Perfect Fourth""}"	How many times is the interval Perfect Fourth present in the tenor line?	Anonymous_AusMeinesHerzensGrunde	chorale-bricks	Anonymous_AusMeinesHerzensGrunde	data/chorale-bricks/Anonymous_AusMeinesHerzensGrunde	3	"[""2"", ""5"", ""7"", ""26"", ""39"", ""42"", ""81"", ""103""]"	"[""39"", ""2"", ""42"", ""5"", ""26"", ""7"", ""81"", ""103""]"	visual	visual.short.png	data/chorale-bricks/Anonymous_AusMeinesHerzensGrunde/visual.short.png	3	"[""3"", ""none of the other options is correct"", ""39"", ""2"", ""42""]"	0.2	0	"[""A"", ""B"", ""C"", ""D"", ""E""]"	"{""A"": ""3"", ""B"": ""2"", ""C"": ""none of the other options is correct"", ""D"": ""42"", ""E"": ""39""}"	"[""(A) 3"", ""(B) 2"", ""(C) none of the other options is correct"", ""(D) 42"", ""(E) 39""]"	(A) 3	A
feb6af59-c651-58cf-97a8-178fe5bcdd2d	4	perception	pitch	relative	pitch-relative	interval-recognition		interval statistics	How many times is the interval {interval} present in the {voice} line?	"[""voice"", ""interval""]"	get_interval_quantity		interval	"{""voice"": ""alto"", ""interval"": ""Perfect Fifth""}"	How many times is the interval Perfect Fifth present in the alto line?	Drese_JesuGehVoran	chorale-bricks	Drese_JesuGehVoran	data/chorale-bricks/Drese_JesuGehVoran	1	"[""4"", ""10"", ""31"", ""32"", ""42"", ""56""]"	"[""32"", ""42"", ""4"", ""56"", ""10"", ""31""]"	audio	audio.mastermix.wav	data/chorale-bricks/Drese_JesuGehVoran/audio.mastermix.wav	1	"[""1"", ""none of the other options is correct"", ""32"", ""42"", ""4""]"	0.2	0	"[""A"", ""B"", ""C"", ""D"", ""E""]"	"{""A"": ""42"", ""B"": ""none of the other options is correct"", ""C"": ""32"", ""D"": ""4"", ""E"": ""1""}"	"[""(A) 42"", ""(B) none of the other options is correct"", ""(C) 32"", ""(D) 4"", ""(E) 1""]"	(E) 1	E
72aa9978-7368-5f41-a80f-83ccca24372a	4	perception	pitch	relative	pitch-relative	interval-recognition		interval statistics	How many times is the interval {interval} present in the {voice} line?	"[""voice"", ""interval""]"	get_interval_quantity		interval	"{""voice"": ""alto"", ""interval"": ""Perfect Fifth""}"	How many times is the interval Perfect Fifth present in the alto line?	Drese_JesuGehVoran	chorale-bricks	Drese_JesuGehVoran	data/chorale-bricks/Drese_JesuGehVoran	1	"[""4"", ""10"", ""31"", ""32"", ""42"", ""56""]"	"[""32"", ""42"", ""4"", ""56"", ""10"", ""31""]"	symbolic	symbolic.abc.txt	data/chorale-bricks/Drese_JesuGehVoran/symbolic.abc.txt	none of the other options is correct	"[""none of the other options is correct"", ""32"", ""42"", ""4"", ""56""]"	0.2	1	"[""A"", ""B"", ""C"", ""D"", ""E""]"	"{""A"": ""4"", ""B"": ""none of the other options is correct"", ""C"": ""56"", ""D"": ""42"", ""E"": ""32""}"	"[""(A) 4"", ""(B) none of the other options is correct"", ""(C) 56"", ""(D) 42"", ""(E) 32""]"	(B) none of the other options is correct	B
69f22501-d557-51ee-9422-11b3db31715e	4	perception	pitch	relative	pitch-relative	interval-recognition		interval statistics	How many times is the interval {interval} present in the {voice} line?	"[""voice"", ""interval""]"	get_interval_quantity		interval	"{""voice"": ""alto"", ""interval"": ""Perfect Fifth""}"	How many times is the interval Perfect Fifth present in the alto line?	Drese_JesuGehVoran	chorale-bricks	Drese_JesuGehVoran	data/chorale-bricks/Drese_JesuGehVoran	1	"[""4"", ""10"", ""31"", ""32"", ""42"", ""56""]"	"[""32"", ""42"", ""4"", ""56"", ""10"", ""31""]"	visual	visual.short.png	data/chorale-bricks/Drese_JesuGehVoran/visual.short.png	none of the other options is correct	"[""none of the other options is correct"", ""32"", ""42"", ""4"", ""56""]"	0.2	1	"[""A"", ""B"", ""C"", ""D"", ""E""]"	"{""A"": ""42"", ""B"": ""none of the other options is correct"", ""C"": ""4"", ""D"": ""32"", ""E"": ""56""}"	"[""(A) 42"", ""(B) none of the other options is correct"", ""(C) 4"", ""(D) 32"", ""(E) 56""]"	(B) none of the other options is correct	B
ef071edd-2772-5d38-ad50-4f6468162b6d	4	perception	pitch	relative	pitch-relative	interval-recognition		interval statistics	How many times is the interval {interval} present in the {voice} line?	"[""voice"", ""interval""]"	get_interval_quantity		interval	"{""voice"": ""bass"", ""interval"": ""Augmented Sixth""}"	How many times is the interval Augmented Sixth present in the bass line?	Anonymous_AusMeinesHerzensGrunde	chorale-bricks	Anonymous_AusMeinesHerzensGrunde	data/chorale-bricks/Anonymous_AusMeinesHerzensGrunde	0	"[""4"", ""7"", ""9"", ""35"", ""36"", ""46"", ""76"", ""89""]"	"[""7"", ""4"", ""46"", ""89"", ""35"", ""9"", ""36"", ""76""]"	audio	audio.mastermix.wav	data/chorale-bricks/Anonymous_AusMeinesHerzensGrunde/audio.mastermix.wav	0	"[""0"", ""none of the other options is correct"", ""7"", ""4"", ""46""]"	0.2	0	"[""A"", ""B"", ""C"", ""D"", ""E""]"	"{""A"": ""4"", ""B"": ""0"", ""C"": ""7"", ""D"": ""none of the other options is correct"", ""E"": ""46""}"	"[""(A) 4"", ""(B) 0"", ""(C) 7"", ""(D) none of the other options is correct"", ""(E) 46""]"	(B) 0	B
d2806695-dfa8-521d-b42f-9e6ae6590952	4	perception	pitch	relative	pitch-relative	interval-recognition		interval statistics	How many times is the interval {interval} present in the {voice} line?	"[""voice"", ""interval""]"	get_interval_quantity		interval	"{""voice"": ""bass"", ""interval"": ""Augmented Sixth""}"	How many times is the interval Augmented Sixth present in the bass line?	Anonymous_AusMeinesHerzensGrunde	chorale-bricks	Anonymous_AusMeinesHerzensGrunde	data/chorale-bricks/Anonymous_AusMeinesHerzensGrunde	0	"[""4"", ""7"", ""9"", ""35"", ""36"", ""46"", ""76"", ""89""]"	"[""7"", ""4"", ""46"", ""89"", ""35"", ""9"", ""36"", ""76""]"	symbolic	symbolic.abc.txt	data/chorale-bricks/Anonymous_AusMeinesHerzensGrunde/symbolic.abc.txt	0	"[""0"", ""none of the other options is correct"", ""7"", ""4"", ""46""]"	0.2	0	"[""A"", ""B"", ""C"", ""D"", ""E""]"	"{""A"": ""4"", ""B"": ""46"", ""C"": ""7"", ""D"": ""none of the other options is correct"", ""E"": ""0""}"	"[""(A) 4"", ""(B) 46"", ""(C) 7"", ""(D) none of the other options is correct"", ""(E) 0""]"	(E) 0	E
59f49f4c-1181-58ea-bc36-ab5699abc923	4	perception	pitch	relative	pitch-relative	interval-recognition		interval statistics	How many times is the interval {interval} present in the {voice} line?	"[""voice"", ""interval""]"	get_interval_quantity		interval	"{""voice"": ""bass"", ""interval"": ""Augmented Sixth""}"	How many times is the interval Augmented Sixth present in the bass line?	Anonymous_AusMeinesHerzensGrunde	chorale-bricks	Anonymous_AusMeinesHerzensGrunde	data/chorale-bricks/Anonymous_AusMeinesHerzensGrunde	0	"[""4"", ""7"", ""9"", ""35"", ""36"", ""46"", ""76"", ""89""]"	"[""7"", ""4"", ""46"", ""89"", ""35"", ""9"", ""36"", ""76""]"	visual	visual.short.png	data/chorale-bricks/Anonymous_AusMeinesHerzensGrunde/visual.short.png	none of the other options is correct	"[""none of the other options is correct"", ""7"", ""4"", ""46"", ""89""]"	0.2	1	"[""A"", ""B"", ""C"", ""D"", ""E""]"	"{""A"": ""none of the other options is correct"", ""B"": ""4"", ""C"": ""89"", ""D"": ""46"", ""E"": ""7""}"	"[""(A) none of the other options is correct"", ""(B) 4"", ""(C) 89"", ""(D) 46"", ""(E) 7""]"	(A) none of the other options is correct	A
0f336186-2ca0-5aee-8378-21a4d3f2f4bd	4	perception	pitch	relative	pitch-relative	interval-recognition		interval statistics	How many times is the interval {interval} present in the {voice} line?	"[""voice"", ""interval""]"	get_interval_quantity		interval	"{""voice"": ""soprano"", ""interval"": ""Minor Third""}"	How many times is the interval Minor Third present in the soprano line?	Vulpius_DieHelleSonnLeuchtJetztHerfuer	chorale-bricks	Vulpius_DieHelleSonnLeuchtJetztHerfuer	data/chorale-bricks/Vulpius_DieHelleSonnLeuchtJetztHerfuer	3	"[""1"", ""13"", ""15"", ""23"", ""24"", ""34"", ""46""]"	"[""13"", ""15"", ""34"", ""23"", ""1"", ""24"", ""46""]"	audio	audio.mastermix.wav	data/chorale-bricks/Vulpius_DieHelleSonnLeuchtJetztHerfuer/audio.mastermix.wav	3	"[""3"", ""none of the other options is correct"", ""13"", ""15"", ""34""]"	0.2	0	"[""A"", ""B"", ""C"", ""D"", ""E""]"	"{""A"": ""none of the other options is correct"", ""B"": ""13"", ""C"": ""15"", ""D"": ""3"", ""E"": ""34""}"	"[""(A) none of the other options is correct"", ""(B) 13"", ""(C) 15"", ""(D) 3"", ""(E) 34""]"	(D) 3	D
5e276c8b-dc5e-58ca-bb1e-1676acb86830	4	perception	pitch	relative	pitch-relative	interval-recognition		interval statistics	How many times is the interval {interval} present in the {voice} line?	"[""voice"", ""interval""]"	get_interval_quantity		interval	"{""voice"": ""soprano"", ""interval"": ""Minor Third""}"	How many times is the interval Minor Third present in the soprano line?	Vulpius_DieHelleSonnLeuchtJetztHerfuer	chorale-bricks	Vulpius_DieHelleSonnLeuchtJetztHerfuer	data/chorale-bricks/Vulpius_DieHelleSonnLeuchtJetztHerfuer	3	"[""1"", ""13"", ""15"", ""23"", ""24"", ""34"", ""46""]"	"[""13"", ""15"", ""34"", ""23"", ""1"", ""24"", ""46""]"	symbolic	symbolic.abc.txt	data/chorale-bricks/Vulpius_DieHelleSonnLeuchtJetztHerfuer/symbolic.abc.txt	3	"[""3"", ""none of the other options is correct"", ""13"", ""15"", ""34""]"	0.2	0	"[""A"", ""B"", ""C"", ""D"", ""E""]"	"{""A"": ""none of the other options is correct"", ""B"": ""3"", ""C"": ""34"", ""D"": ""13"", ""E"": ""15""}"	"[""(A) none of the other options is correct"", ""(B) 3"", ""(C) 34"", ""(D) 13"", ""(E) 15""]"	(B) 3	B
f373b52c-23ba-5086-8a07-40f8983aec4f	4	perception	pitch	relative	pitch-relative	interval-recognition		interval statistics	How many times is the interval {interval} present in the {voice} line?	"[""voice"", ""interval""]"	get_interval_quantity		interval	"{""voice"": ""soprano"", ""interval"": ""Minor Third""}"	How many times is the interval Minor Third present in the soprano line?	Vulpius_DieHelleSonnLeuchtJetztHerfuer	chorale-bricks	Vulpius_DieHelleSonnLeuchtJetztHerfuer	data/chorale-bricks/Vulpius_DieHelleSonnLeuchtJetztHerfuer	3	"[""1"", ""13"", ""15"", ""23"", ""24"", ""34"", ""46""]"	"[""13"", ""15"", ""34"", ""23"", ""1"", ""24"", ""46""]"	visual	visual.short.png	data/chorale-bricks/Vulpius_DieHelleSonnLeuchtJetztHerfuer/visual.short.png	3	"[""3"", ""none of the other options is correct"", ""13"", ""15"", ""34""]"	0.2	0	"[""A"", ""B"", ""C"", ""D"", ""E""]"	"{""A"": ""15"", ""B"": ""3"", ""C"": ""34"", ""D"": ""none of the other options is correct"", ""E"": ""13""}"	"[""(A) 15"", ""(B) 3"", ""(C) 34"", ""(D) none of the other options is correct"", ""(E) 13""]"	(B) 3	B
7ef4f91a-7a24-5d50-bf9b-59f9e4eecf0b	4	perception	pitch	relative	pitch-relative	interval-recognition		interval statistics	How many times is the interval {interval} present in the {voice} line?	"[""voice"", ""interval""]"	get_interval_quantity		interval	"{""voice"": ""alto"", ""interval"": ""Perfect Fifth""}"	How many times is the interval Perfect Fifth present in the alto line?	Anonymous_AusMeinesHerzensGrunde	chorale-bricks	Anonymous_AusMeinesHerzensGrunde	data/chorale-bricks/Anonymous_AusMeinesHerzensGrunde	1	"[""2"", ""6"", ""8"", ""29"", ""35"", ""48"", ""87"", ""88""]"	"[""35"", ""2"", ""29"", ""8"", ""87"", ""88"", ""6"", ""48""]"	audio	audio.mastermix.wav	data/chorale-bricks/Anonymous_AusMeinesHerzensGrunde/audio.mastermix.wav	1	"[""1"", ""none of the other options is correct"", ""35"", ""2"", ""29""]"	0.2	0	"[""A"", ""B"", ""C"", ""D"", ""E""]"	"{""A"": ""29"", ""B"": ""2"", ""C"": ""35"", ""D"": ""none of the other options is correct"", ""E"": ""1""}"	"[""(A) 29"", ""(B) 2"", ""(C) 35"", ""(D) none of the other options is correct"", ""(E) 1""]"	(E) 1	E
ec7b57ba-c584-53c5-b64f-03e04ff3ec43	4	perception	pitch	relative	pitch-relative	interval-recognition		interval statistics	How many times is the interval {interval} present in the {voice} line?	"[""voice"", ""interval""]"	get_interval_quantity		interval	"{""voice"": ""alto"", ""interval"": ""Perfect Fifth""}"	How many times is the interval Perfect Fifth present in the alto line?	Anonymous_AusMeinesHerzensGrunde	chorale-bricks	Anonymous_AusMeinesHerzensGrunde	data/chorale-bricks/Anonymous_AusMeinesHerzensGrunde	1	"[""2"", ""6"", ""8"", ""29"", ""35"", ""48"", ""87"", ""88""]"	"[""35"", ""2"", ""29"", ""8"", ""87"", ""88"", ""6"", ""48""]"	symbolic	symbolic.abc.txt	data/chorale-bricks/Anonymous_AusMeinesHerzensGrunde/symbolic.abc.txt	1	"[""1"", ""none of the other options is correct"", ""35"", ""2"", ""29""]"	0.2	0	"[""A"", ""B"", ""C"", ""D"", ""E""]"	"{""A"": ""29"", ""B"": ""2"", ""C"": ""1"", ""D"": ""none of the other options is correct"", ""E"": ""35""}"	"[""(A) 29"", ""(B) 2"", ""(C) 1"", ""(D) none of the other options is correct"", ""(E) 35""]"	(C) 1	C
ae318718-1ebd-5a92-96c4-83441f8ceae5	4	perception	pitch	relative	pitch-relative	interval-recognition		interval statistics	How many times is the interval {interval} present in the {voice} line?	"[""voice"", ""interval""]"	get_interval_quantity		interval	"{""voice"": ""alto"", ""interval"": ""Perfect Fifth""}"	How many times is the interval Perfect Fifth present in the alto line?	Anonymous_AusMeinesHerzensGrunde	chorale-bricks	Anonymous_AusMeinesHerzensGrunde	data/chorale-bricks/Anonymous_AusMeinesHerzensGrunde	1	"[""2"", ""6"", ""8"", ""29"", ""35"", ""48"", ""87"", ""88""]"	"[""35"", ""2"", ""29"", ""8"", ""87"", ""88"", ""6"", ""48""]"	visual	visual.short.png	data/chorale-bricks/Anonymous_AusMeinesHerzensGrunde/visual.short.png	1	"[""1"", ""none of the other options is correct"", ""35"", ""2"", ""29""]"	0.2	0	"[""A"", ""B"", ""C"", ""D"", ""E""]"	"{""A"": ""1"", ""B"": ""2"", ""C"": ""none of the other options is correct"", ""D"": ""29"", ""E"": ""35""}"	"[""(A) 1"", ""(B) 2"", ""(C) none of the other options is correct"", ""(D) 29"", ""(E) 35""]"	(A) 1	A
b43afd33-8898-5198-a1c8-68e55830ccc7	5	perception	rhythm	absolute	rhythm-absolute	rhythmic-recognition		note length	What is the rhythmic notation of the {target_index} {voice} note (or rest)?	"[""target_index"", ""voice""]"	get_nth_rhythm		rhythm	"{""target_index"": ""28th"", ""voice"": ""soprano""}"	What is the rhythmic notation of the 28th soprano note (or rest)?	Telemann_DerLiebenSonneLichtUndPracht	chorale-bricks	Telemann_DerLiebenSonneLichtUndPracht	data/chorale-bricks/Telemann_DerLiebenSonneLichtUndPracht	quarter	"[""dotted-32nd"", ""dotted-quarter"", ""eighth"", ""half""]"	"[""dotted-quarter"", ""half"", ""dotted-32nd"", ""eighth""]"	audio	audio.mastermix.wav	data/chorale-bricks/Telemann_DerLiebenSonneLichtUndPracht/audio.mastermix.wav	quarter	"[""quarter"", ""none of the other options is correct"", ""dotted-quarter"", ""half"", ""dotted-32nd""]"	0.2	0	"[""A"", ""B"", ""C"", ""D"", ""E""]"	"{""A"": ""dotted-32nd"", ""B"": ""quarter"", ""C"": ""half"", ""D"": ""dotted-quarter"", ""E"": ""none of the other options is correct""}"	"[""(A) dotted-32nd"", ""(B) quarter"", ""(C) half"", ""(D) dotted-quarter"", ""(E) none of the other options is correct""]"	(B) quarter	B
5b67a056-0de9-510d-bfba-cdd3567b4994	5	perception	rhythm	absolute	rhythm-absolute	rhythmic-recognition		note length	What is the rhythmic notation of the {target_index} {voice} note (or rest)?	"[""target_index"", ""voice""]"	get_nth_rhythm		rhythm	"{""target_index"": ""28th"", ""voice"": ""soprano""}"	What is the rhythmic notation of the 28th soprano note (or rest)?	Telemann_DerLiebenSonneLichtUndPracht	chorale-bricks	Telemann_DerLiebenSonneLichtUndPracht	data/chorale-bricks/Telemann_DerLiebenSonneLichtUndPracht	quarter	"[""dotted-32nd"", ""dotted-quarter"", ""eighth"", ""half""]"	"[""dotted-quarter"", ""half"", ""dotted-32nd"", ""eighth""]"	symbolic	symbolic.abc.txt	data/chorale-bricks/Telemann_DerLiebenSonneLichtUndPracht/symbolic.abc.txt	quarter	"[""quarter"", ""none of the other options is correct"", ""dotted-quarter"", ""half"", ""dotted-32nd""]"	0.2	0	"[""A"", ""B"", ""C"", ""D"", ""E""]"	"{""A"": ""dotted-32nd"", ""B"": ""half"", ""C"": ""dotted-quarter"", ""D"": ""none of the other options is correct"", ""E"": ""quarter""}"	"[""(A) dotted-32nd"", ""(B) half"", ""(C) dotted-quarter"", ""(D) none of the other options is correct"", ""(E) quarter""]"	(E) quarter	E
d13f697a-25cb-542d-82b0-29c5a4e7a891	5	perception	rhythm	absolute	rhythm-absolute	rhythmic-recognition		note length	What is the rhythmic notation of the {target_index} {voice} note (or rest)?	"[""target_index"", ""voice""]"	get_nth_rhythm		rhythm	"{""target_index"": ""28th"", ""voice"": ""soprano""}"	What is the rhythmic notation of the 28th soprano note (or rest)?	Telemann_DerLiebenSonneLichtUndPracht	chorale-bricks	Telemann_DerLiebenSonneLichtUndPracht	data/chorale-bricks/Telemann_DerLiebenSonneLichtUndPracht	quarter	"[""dotted-32nd"", ""dotted-quarter"", ""eighth"", ""half""]"	"[""dotted-quarter"", ""half"", ""dotted-32nd"", ""eighth""]"	visual	visual.short.png	data/chorale-bricks/Telemann_DerLiebenSonneLichtUndPracht/visual.short.png	quarter	"[""quarter"", ""none of the other options is correct"", ""dotted-quarter"", ""half"", ""dotted-32nd""]"	0.2	0	"[""A"", ""B"", ""C"", ""D"", ""E""]"	"{""A"": ""dotted-quarter"", ""B"": ""half"", ""C"": ""dotted-32nd"", ""D"": ""none of the other options is correct"", ""E"": ""quarter""}"	"[""(A) dotted-quarter"", ""(B) half"", ""(C) dotted-32nd"", ""(D) none of the other options is correct"", ""(E) quarter""]"	(E) quarter	E
474a0ecb-e635-572c-867f-7bc90b7c2462	5	perception	rhythm	absolute	rhythm-absolute	rhythmic-recognition		note length	What is the rhythmic notation of the {target_index} {voice} note (or rest)?	"[""target_index"", ""voice""]"	get_nth_rhythm		rhythm	"{""target_index"": ""15th"", ""voice"": ""soprano""}"	What is the rhythmic notation of the 15th soprano note (or rest)?	Jan_DuGrosserSchmerzensmann	chorale-bricks	Jan_DuGrosserSchmerzensmann	data/chorale-bricks/Jan_DuGrosserSchmerzensmann	half	"[""dotted-half"", ""dotted-quarter"", ""eighth"", ""quarter""]"	"[""eighth"", ""dotted-half"", ""quarter"", ""dotted-quarter""]"	audio	audio.mastermix.wav	data/chorale-bricks/Jan_DuGrosserSchmerzensmann/audio.mastermix.wav	none of the other options is correct	"[""none of the other options is correct"", ""eighth"", ""dotted-half"", ""quarter"", ""dotted-quarter""]"	0.2	1	"[""A"", ""B"", ""C"", ""D"", ""E""]"	"{""A"": ""none of the other options is correct"", ""B"": ""dotted-quarter"", ""C"": ""eighth"", ""D"": ""dotted-half"", ""E"": ""quarter""}"	"[""(A) none of the other options is correct"", ""(B) dotted-quarter"", ""(C) eighth"", ""(D) dotted-half"", ""(E) quarter""]"	(A) none of the other options is correct	A
554248c9-89b6-56a9-9c43-fde41c7af896	5	perception	rhythm	absolute	rhythm-absolute	rhythmic-recognition		note length	What is the rhythmic notation of the {target_index} {voice} note (or rest)?	"[""target_index"", ""voice""]"	get_nth_rhythm		rhythm	"{""target_index"": ""15th"", ""voice"": ""soprano""}"	What is the rhythmic notation of the 15th soprano note (or rest)?	Jan_DuGrosserSchmerzensmann	chorale-bricks	Jan_DuGrosserSchmerzensmann	data/chorale-bricks/Jan_DuGrosserSchmerzensmann	half	"[""dotted-half"", ""dotted-quarter"", ""eighth"", ""quarter""]"	"[""eighth"", ""dotted-half"", ""quarter"", ""dotted-quarter""]"	symbolic	symbolic.abc.txt	data/chorale-bricks/Jan_DuGrosserSchmerzensmann/symbolic.abc.txt	half	"[""half"", ""none of the other options is correct"", ""eighth"", ""dotted-half"", ""quarter""]"	0.2	0	"[""A"", ""B"", ""C"", ""D"", ""E""]"	"{""A"": ""dotted-half"", ""B"": ""half"", ""C"": ""none of the other options is correct"", ""D"": ""quarter"", ""E"": ""eighth""}"	"[""(A) dotted-half"", ""(B) half"", ""(C) none of the other options is correct"", ""(D) quarter"", ""(E) eighth""]"	(B) half	B
4719cfdc-d245-57f2-97ba-fc165bc89db2	5	perception	rhythm	absolute	rhythm-absolute	rhythmic-recognition		note length	What is the rhythmic notation of the {target_index} {voice} note (or rest)?	"[""target_index"", ""voice""]"	get_nth_rhythm		rhythm	"{""target_index"": ""15th"", ""voice"": ""soprano""}"	What is the rhythmic notation of the 15th soprano note (or rest)?	Jan_DuGrosserSchmerzensmann	chorale-bricks	Jan_DuGrosserSchmerzensmann	data/chorale-bricks/Jan_DuGrosserSchmerzensmann	half	"[""dotted-half"", ""dotted-quarter"", ""eighth"", ""quarter""]"	"[""eighth"", ""dotted-half"", ""quarter"", ""dotted-quarter""]"	visual	visual.short.png	data/chorale-bricks/Jan_DuGrosserSchmerzensmann/visual.short.png	none of the other options is correct	"[""none of the other options is correct"", ""eighth"", ""dotted-half"", ""quarter"", ""dotted-quarter""]"	0.2	1	"[""A"", ""B"", ""C"", ""D"", ""E""]"	"{""A"": ""quarter"", ""B"": ""dotted-half"", ""C"": ""eighth"", ""D"": ""dotted-quarter"", ""E"": ""none of the other options is correct""}"	"[""(A) quarter"", ""(B) dotted-half"", ""(C) eighth"", ""(D) dotted-quarter"", ""(E) none of the other options is correct""]"	(E) none of the other options is correct	E
a3ec8eb9-80e7-5080-a3d6-648c178d4882	5	perception	rhythm	absolute	rhythm-absolute	rhythmic-recognition		note length	What is the rhythmic notation of the {target_index} {voice} note (or rest)?	"[""target_index"", ""voice""]"	get_nth_rhythm		rhythm	"{""target_index"": ""19th"", ""voice"": ""soprano""}"	What is the rhythmic notation of the 19th soprano note (or rest)?	Bach_IchStehAnDeinerKrippe	chorale-bricks	Bach_IchStehAnDeinerKrippe	data/chorale-bricks/Bach_IchStehAnDeinerKrippe	quarter	"[""dotted-quarter"", ""duplex-maxima"", ""eighth"", ""half""]"	"[""eighth"", ""duplex-maxima"", ""half"", ""dotted-quarter""]"	audio	audio.mastermix.wav	data/chorale-bricks/Bach_IchStehAnDeinerKrippe/audio.mastermix.wav	quarter	"[""quarter"", ""none of the other options is correct"", ""eighth"", ""duplex-maxima"", ""half""]"	0.2	0	"[""A"", ""B"", ""C"", ""D"", ""E""]"	"{""A"": ""half"", ""B"": ""none of the other options is correct"", ""C"": ""duplex-maxima"", ""D"": ""quarter"", ""E"": ""eighth""}"	"[""(A) half"", ""(B) none of the other options is correct"", ""(C) duplex-maxima"", ""(D) quarter"", ""(E) eighth""]"	(D) quarter	D
d43774b6-fb0a-54b7-b10b-6e71cf909be2	5	perception	rhythm	absolute	rhythm-absolute	rhythmic-recognition		note length	What is the rhythmic notation of the {target_index} {voice} note (or rest)?	"[""target_index"", ""voice""]"	get_nth_rhythm		rhythm	"{""target_index"": ""19th"", ""voice"": ""soprano""}"	What is the rhythmic notation of the 19th soprano note (or rest)?	Bach_IchStehAnDeinerKrippe	chorale-bricks	Bach_IchStehAnDeinerKrippe	data/chorale-bricks/Bach_IchStehAnDeinerKrippe	quarter	"[""dotted-quarter"", ""duplex-maxima"", ""eighth"", ""half""]"	"[""eighth"", ""duplex-maxima"", ""half"", ""dotted-quarter""]"	symbolic	symbolic.abc.txt	data/chorale-bricks/Bach_IchStehAnDeinerKrippe/symbolic.abc.txt	quarter	"[""quarter"", ""none of the other options is correct"", ""eighth"", ""duplex-maxima"", ""half""]"	0.2	0	"[""A"", ""B"", ""C"", ""D"", ""E""]"	"{""A"": ""duplex-maxima"", ""B"": ""half"", ""C"": ""none of the other options is correct"", ""D"": ""quarter"", ""E"": ""eighth""}"	"[""(A) duplex-maxima"", ""(B) half"", ""(C) none of the other options is correct"", ""(D) quarter"", ""(E) eighth""]"	(D) quarter	D
22bd2ea6-7631-543e-926c-cab91c299539	5	perception	rhythm	absolute	rhythm-absolute	rhythmic-recognition		note length	What is the rhythmic notation of the {target_index} {voice} note (or rest)?	"[""target_index"", ""voice""]"	get_nth_rhythm		rhythm	"{""target_index"": ""19th"", ""voice"": ""soprano""}"	What is the rhythmic notation of the 19th soprano note (or rest)?	Bach_IchStehAnDeinerKrippe	chorale-bricks	Bach_IchStehAnDeinerKrippe	data/chorale-bricks/Bach_IchStehAnDeinerKrippe	quarter	"[""dotted-quarter"", ""duplex-maxima"", ""eighth"", ""half""]"	"[""eighth"", ""duplex-maxima"", ""half"", ""dotted-quarter""]"	visual	visual.short.png	data/chorale-bricks/Bach_IchStehAnDeinerKrippe/visual.short.png	quarter	"[""quarter"", ""none of the other options is correct"", ""eighth"", ""duplex-maxima"", ""half""]"	0.2	0	"[""A"", ""B"", ""C"", ""D"", ""E""]"	"{""A"": ""none of the other options is correct"", ""B"": ""duplex-maxima"", ""C"": ""quarter"", ""D"": ""eighth"", ""E"": ""half""}"	"[""(A) none of the other options is correct"", ""(B) duplex-maxima"", ""(C) quarter"", ""(D) eighth"", ""(E) half""]"	(C) quarter	C
84a0292b-c340-5c2d-ae95-148e14efc2db	5	perception	rhythm	absolute	rhythm-absolute	rhythmic-recognition		note length	What is the rhythmic notation of the {target_index} {voice} note (or rest)?	"[""target_index"", ""voice""]"	get_nth_rhythm		rhythm	"{""target_index"": ""35th"", ""voice"": ""soprano""}"	What is the rhythmic notation of the 35th soprano note (or rest)?	Anonymous_AusMeinesHerzensGrunde	chorale-bricks	Anonymous_AusMeinesHerzensGrunde	data/chorale-bricks/Anonymous_AusMeinesHerzensGrunde	quarter	"[""dotted-half"", ""dotted-quarter"", ""eighth"", ""half""]"	"[""dotted-quarter"", ""half"", ""dotted-half"", ""eighth""]"	audio	audio.mastermix.wav	data/chorale-bricks/Anonymous_AusMeinesHerzensGrunde/audio.mastermix.wav	none of the other options is correct	"[""none of the other options is correct"", ""dotted-quarter"", ""half"", ""dotted-half"", ""eighth""]"	0.2	1	"[""A"", ""B"", ""C"", ""D"", ""E""]"	"{""A"": ""dotted-half"", ""B"": ""dotted-quarter"", ""C"": ""half"", ""D"": ""none of the other options is correct"", ""E"": ""eighth""}"	"[""(A) dotted-half"", ""(B) dotted-quarter"", ""(C) half"", ""(D) none of the other options is correct"", ""(E) eighth""]"	(D) none of the other options is correct	D
6a13a1e1-3bca-55e8-8d4f-6b34f82c32e2	5	perception	rhythm	absolute	rhythm-absolute	rhythmic-recognition		note length	What is the rhythmic notation of the {target_index} {voice} note (or rest)?	"[""target_index"", ""voice""]"	get_nth_rhythm		rhythm	"{""target_index"": ""35th"", ""voice"": ""soprano""}"	What is the rhythmic notation of the 35th soprano note (or rest)?	Anonymous_AusMeinesHerzensGrunde	chorale-bricks	Anonymous_AusMeinesHerzensGrunde	data/chorale-bricks/Anonymous_AusMeinesHerzensGrunde	quarter	"[""dotted-half"", ""dotted-quarter"", ""eighth"", ""half""]"	"[""dotted-quarter"", ""half"", ""dotted-half"", ""eighth""]"	symbolic	symbolic.abc.txt	data/chorale-bricks/Anonymous_AusMeinesHerzensGrunde/symbolic.abc.txt	quarter	"[""quarter"", ""none of the other options is correct"", ""dotted-quarter"", ""half"", ""dotted-half""]"	0.2	0	"[""A"", ""B"", ""C"", ""D"", ""E""]"	"{""A"": ""quarter"", ""B"": ""none of the other options is correct"", ""C"": ""dotted-quarter"", ""D"": ""dotted-half"", ""E"": ""half""}"	"[""(A) quarter"", ""(B) none of the other options is correct"", ""(C) dotted-quarter"", ""(D) dotted-half"", ""(E) half""]"	(A) quarter	A
a90c1fdd-da88-5a7e-aed9-9688b1cc6d85	5	perception	rhythm	absolute	rhythm-absolute	rhythmic-recognition		note length	What is the rhythmic notation of the {target_index} {voice} note (or rest)?	"[""target_index"", ""voice""]"	get_nth_rhythm		rhythm	"{""target_index"": ""35th"", ""voice"": ""soprano""}"	What is the rhythmic notation of the 35th soprano note (or rest)?	Anonymous_AusMeinesHerzensGrunde	chorale-bricks	Anonymous_AusMeinesHerzensGrunde	data/chorale-bricks/Anonymous_AusMeinesHerzensGrunde	quarter	"[""dotted-half"", ""dotted-quarter"", ""eighth"", ""half""]"	"[""dotted-quarter"", ""half"", ""dotted-half"", ""eighth""]"	visual	visual.short.png	data/chorale-bricks/Anonymous_AusMeinesHerzensGrunde/visual.short.png	quarter	"[""quarter"", ""none of the other options is correct"", ""dotted-quarter"", ""half"", ""dotted-half""]"	0.2	0	"[""A"", ""B"", ""C"", ""D"", ""E""]"	"{""A"": ""none of the other options is correct"", ""B"": ""dotted-half"", ""C"": ""dotted-quarter"", ""D"": ""quarter"", ""E"": ""half""}"	"[""(A) none of the other options is correct"", ""(B) dotted-half"", ""(C) dotted-quarter"", ""(D) quarter"", ""(E) half""]"	(D) quarter	D
6f2ce7f7-f748-529e-afc5-d36a99f9a4c4	5	perception	rhythm	absolute	rhythm-absolute	rhythmic-recognition		note length	What is the rhythmic notation of the {target_index} {voice} note (or rest)?	"[""target_index"", ""voice""]"	get_nth_rhythm		rhythm	"{""target_index"": ""11th"", ""voice"": ""bass""}"	What is the rhythmic notation of the 11th bass note (or rest)?	Jan_DuGrosserSchmerzensmann	chorale-bricks	Jan_DuGrosserSchmerzensmann	data/chorale-bricks/Jan_DuGrosserSchmerzensmann	half	"[""dotted-half"", ""dotted-quarter"", ""eighth"", ""quarter""]"	"[""dotted-half"", ""eighth"", ""quarter"", ""dotted-quarter""]"	audio	audio.mastermix.wav	data/chorale-bricks/Jan_DuGrosserSchmerzensmann/audio.mastermix.wav	half	"[""half"", ""none of the other options is correct"", ""dotted-half"", ""eighth"", ""quarter""]"	0.2	0	"[""A"", ""B"", ""C"", ""D"", ""E""]"	"{""A"": ""none of the other options is correct"", ""B"": ""quarter"", ""C"": ""half"", ""D"": ""dotted-half"", ""E"": ""eighth""}"	"[""(A) none of the other options is correct"", ""(B) quarter"", ""(C) half"", ""(D) dotted-half"", ""(E) eighth""]"	(C) half	C
19922b24-b743-5712-8772-7c5aeff854ed	5	perception	rhythm	absolute	rhythm-absolute	rhythmic-recognition		note length	What is the rhythmic notation of the {target_index} {voice} note (or rest)?	"[""target_index"", ""voice""]"	get_nth_rhythm		rhythm	"{""target_index"": ""11th"", ""voice"": ""bass""}"	What is the rhythmic notation of the 11th bass note (or rest)?	Jan_DuGrosserSchmerzensmann	chorale-bricks	Jan_DuGrosserSchmerzensmann	data/chorale-bricks/Jan_DuGrosserSchmerzensmann	half	"[""dotted-half"", ""dotted-quarter"", ""eighth"", ""quarter""]"	"[""dotted-half"", ""eighth"", ""quarter"", ""dotted-quarter""]"	symbolic	symbolic.abc.txt	data/chorale-bricks/Jan_DuGrosserSchmerzensmann/symbolic.abc.txt	none of the other options is correct	"[""none of the other options is correct"", ""dotted-half"", ""eighth"", ""quarter"", ""dotted-quarter""]"	0.2	1	"[""A"", ""B"", ""C"", ""D"", ""E""]"	"{""A"": ""dotted-quarter"", ""B"": ""dotted-half"", ""C"": ""none of the other options is correct"", ""D"": ""eighth"", ""E"": ""quarter""}"	"[""(A) dotted-quarter"", ""(B) dotted-half"", ""(C) none of the other options is correct"", ""(D) eighth"", ""(E) quarter""]"	(C) none of the other options is correct	C
fc43ff13-01e0-5645-8582-c12b41888f57	5	perception	rhythm	absolute	rhythm-absolute	rhythmic-recognition		note length	What is the rhythmic notation of the {target_index} {voice} note (or rest)?	"[""target_index"", ""voice""]"	get_nth_rhythm		rhythm	"{""target_index"": ""11th"", ""voice"": ""bass""}"	What is the rhythmic notation of the 11th bass note (or rest)?	Jan_DuGrosserSchmerzensmann	chorale-bricks	Jan_DuGrosserSchmerzensmann	data/chorale-bricks/Jan_DuGrosserSchmerzensmann	half	"[""dotted-half"", ""dotted-quarter"", ""eighth"", ""quarter""]"	"[""dotted-half"", ""eighth"", ""quarter"", ""dotted-quarter""]"	visual	visual.short.png	data/chorale-bricks/Jan_DuGrosserSchmerzensmann/visual.short.png	half	"[""half"", ""none of the other options is correct"", ""dotted-half"", ""eighth"", ""quarter""]"	0.2	0	"[""A"", ""B"", ""C"", ""D"", ""E""]"	"{""A"": ""half"", ""B"": ""none of the other options is correct"", ""C"": ""eighth"", ""D"": ""quarter"", ""E"": ""dotted-half""}"	"[""(A) half"", ""(B) none of the other options is correct"", ""(C) eighth"", ""(D) quarter"", ""(E) dotted-half""]"	(A) half	A
024bcf68-3fe3-5af1-8d40-7c32c7213b7c	6	perception	rhythm	absolute	rhythm-absolute	rhythmic-recognition		note length statistics	What is the total count of {rhythm}-note units in the {voice} line?	"[""rhythm"", ""voice""]"	get_rhythm_count		rhythm	"{""rhythm"": ""dotted-quarter"", ""voice"": ""bass""}"	What is the total count of dotted-quarter-note units in the bass line?	Anonymous_AusMeinesHerzensGrunde	chorale-bricks	Anonymous_AusMeinesHerzensGrunde	data/chorale-bricks/Anonymous_AusMeinesHerzensGrunde	1	"[""3"", ""4"", ""5"", ""20"", ""23"", ""33"", ""34"", ""36""]"	"[""36"", ""3"", ""23"", ""33"", ""34"", ""20"", ""4"", ""5""]"	audio	audio.mastermix.wav	data/chorale-bricks/Anonymous_AusMeinesHerzensGrunde/audio.mastermix.wav	1	"[""1"", ""none of the other options is correct"", ""36"", ""3"", ""23""]"	0.2	0	"[""A"", ""B"", ""C"", ""D"", ""E""]"	"{""A"": ""3"", ""B"": ""none of the other options is correct"", ""C"": ""36"", ""D"": ""23"", ""E"": ""1""}"	"[""(A) 3"", ""(B) none of the other options is correct"", ""(C) 36"", ""(D) 23"", ""(E) 1""]"	(E) 1	E
11ff643c-8447-58b7-8436-af0ed827cf87	6	perception	rhythm	absolute	rhythm-absolute	rhythmic-recognition		note length statistics	What is the total count of {rhythm}-note units in the {voice} line?	"[""rhythm"", ""voice""]"	get_rhythm_count		rhythm	"{""rhythm"": ""dotted-quarter"", ""voice"": ""bass""}"	What is the total count of dotted-quarter-note units in the bass line?	Anonymous_AusMeinesHerzensGrunde	chorale-bricks	Anonymous_AusMeinesHerzensGrunde	data/chorale-bricks/Anonymous_AusMeinesHerzensGrunde	1	"[""3"", ""4"", ""5"", ""20"", ""23"", ""33"", ""34"", ""36""]"	"[""36"", ""3"", ""23"", ""33"", ""34"", ""20"", ""4"", ""5""]"	symbolic	symbolic.abc.txt	data/chorale-bricks/Anonymous_AusMeinesHerzensGrunde/symbolic.abc.txt	1	"[""1"", ""none of the other options is correct"", ""36"", ""3"", ""23""]"	0.2	0	"[""A"", ""B"", ""C"", ""D"", ""E""]"	"{""A"": ""1"", ""B"": ""3"", ""C"": ""23"", ""D"": ""36"", ""E"": ""none of the other options is correct""}"	"[""(A) 1"", ""(B) 3"", ""(C) 23"", ""(D) 36"", ""(E) none of the other options is correct""]"	(A) 1	A
9ed6bd97-b8be-5c6b-afa1-a8b76c3cfed7	6	perception	rhythm	absolute	rhythm-absolute	rhythmic-recognition		note length statistics	What is the total count of {rhythm}-note units in the {voice} line?	"[""rhythm"", ""voice""]"	get_rhythm_count		rhythm	"{""rhythm"": ""dotted-quarter"", ""voice"": ""bass""}"	What is the total count of dotted-quarter-note units in the bass line?	Anonymous_AusMeinesHerzensGrunde	chorale-bricks	Anonymous_AusMeinesHerzensGrunde	data/chorale-bricks/Anonymous_AusMeinesHerzensGrunde	1	"[""3"", ""4"", ""5"", ""20"", ""23"", ""33"", ""34"", ""36""]"	"[""36"", ""3"", ""23"", ""33"", ""34"", ""20"", ""4"", ""5""]"	visual	visual.short.png	data/chorale-bricks/Anonymous_AusMeinesHerzensGrunde/visual.short.png	none of the other options is correct	"[""none of the other options is correct"", ""36"", ""3"", ""23"", ""33""]"	0.2	1	"[""A"", ""B"", ""C"", ""D"", ""E""]"	"{""A"": ""36"", ""B"": ""33"", ""C"": ""23"", ""D"": ""none of the other options is correct"", ""E"": ""3""}"	"[""(A) 36"", ""(B) 33"", ""(C) 23"", ""(D) none of the other options is correct"", ""(E) 3""]"	(D) none of the other options is correct	D
077df0a7-5604-58a2-a603-7322adf4b355	6	perception	rhythm	absolute	rhythm-absolute	rhythmic-recognition		note length statistics	What is the total count of {rhythm}-note units in the {voice} line?	"[""rhythm"", ""voice""]"	get_rhythm_count		rhythm	"{""rhythm"": ""duplex-maxima"", ""voice"": ""bass""}"	What is the total count of duplex-maxima-note units in the bass line?	Vulpius_ChristusDerIstMeinLeben	chorale-bricks	Vulpius_ChristusDerIstMeinLeben	data/chorale-bricks/Vulpius_ChristusDerIstMeinLeben	0	"[""1"", ""2"", ""3"", ""4"", ""5"", ""21"", ""22"", ""23""]"	"[""23"", ""22"", ""21"", ""3"", ""4"", ""5"", ""2"", ""1""]"	audio	audio.mastermix.wav	data/chorale-bricks/Vulpius_ChristusDerIstMeinLeben/audio.mastermix.wav	0	"[""0"", ""none of the other options is correct"", ""23"", ""22"", ""21""]"	0.2	0	"[""A"", ""B"", ""C"", ""D"", ""E""]"	"{""A"": ""0"", ""B"": ""22"", ""C"": ""23"", ""D"": ""none of the other options is correct"", ""E"": ""21""}"	"[""(A) 0"", ""(B) 22"", ""(C) 23"", ""(D) none of the other options is correct"", ""(E) 21""]"	(A) 0	A
fd049f4a-2936-525f-a544-fc7de7f81a7a	6	perception	rhythm	absolute	rhythm-absolute	rhythmic-recognition		note length statistics	What is the total count of {rhythm}-note units in the {voice} line?	"[""rhythm"", ""voice""]"	get_rhythm_count		rhythm	"{""rhythm"": ""duplex-maxima"", ""voice"": ""bass""}"	What is the total count of duplex-maxima-note units in the bass line?	Vulpius_ChristusDerIstMeinLeben	chorale-bricks	Vulpius_ChristusDerIstMeinLeben	data/chorale-bricks/Vulpius_ChristusDerIstMeinLeben	0	"[""1"", ""2"", ""3"", ""4"", ""5"", ""21"", ""22"", ""23""]"	"[""23"", ""22"", ""21"", ""3"", ""4"", ""5"", ""2"", ""1""]"	symbolic	symbolic.abc.txt	data/chorale-bricks/Vulpius_ChristusDerIstMeinLeben/symbolic.abc.txt	0	"[""0"", ""none of the other options is correct"", ""23"", ""22"", ""21""]"	0.2	0	"[""A"", ""B"", ""C"", ""D"", ""E""]"	"{""A"": ""22"", ""B"": ""0"", ""C"": ""21"", ""D"": ""none of the other options is correct"", ""E"": ""23""}"	"[""(A) 22"", ""(B) 0"", ""(C) 21"", ""(D) none of the other options is correct"", ""(E) 23""]"	(B) 0	B
72d68b21-1aea-5e25-80b8-70ae468e48aa	6	perception	rhythm	absolute	rhythm-absolute	rhythmic-recognition		note length statistics	What is the total count of {rhythm}-note units in the {voice} line?	"[""rhythm"", ""voice""]"	get_rhythm_count		rhythm	"{""rhythm"": ""duplex-maxima"", ""voice"": ""bass""}"	What is the total count of duplex-maxima-note units in the bass line?	Vulpius_ChristusDerIstMeinLeben	chorale-bricks	Vulpius_ChristusDerIstMeinLeben	data/chorale-bricks/Vulpius_ChristusDerIstMeinLeben	0	"[""1"", ""2"", ""3"", ""4"", ""5"", ""21"", ""22"", ""23""]"	"[""23"", ""22"", ""21"", ""3"", ""4"", ""5"", ""2"", ""1""]"	visual	visual.short.png	data/chorale-bricks/Vulpius_ChristusDerIstMeinLeben/visual.short.png	0	"[""0"", ""none of the other options is correct"", ""23"", ""22"", ""21""]"	0.2	0	"[""A"", ""B"", ""C"", ""D"", ""E""]"	"{""A"": ""22"", ""B"": ""21"", ""C"": ""23"", ""D"": ""0"", ""E"": ""none of the other options is correct""}"	"[""(A) 22"", ""(B) 21"", ""(C) 23"", ""(D) 0"", ""(E) none of the other options is correct""]"	(D) 0	D
95851364-bcd4-5001-ba53-af49b1b7304b	6	perception	rhythm	absolute	rhythm-absolute	rhythmic-recognition		note length statistics	What is the total count of {rhythm}-note units in the {voice} line?	"[""rhythm"", ""voice""]"	get_rhythm_count		rhythm	"{""rhythm"": ""quarter"", ""voice"": ""tenor""}"	What is the total count of quarter-note units in the tenor line?	Crueger_AufAufMeinHerzMitFreuden	chorale-bricks	Crueger_AufAufMeinHerzMitFreuden	data/chorale-bricks/Crueger_AufAufMeinHerzMitFreuden	31	"[""1"", ""3"", ""4"", ""9"", ""10"", ""15"", ""18"", ""19"", ""35""]"	"[""4"", ""10"", ""9"", ""18"", ""35"", ""15"", ""1"", ""3"", ""19""]"	audio	audio.mastermix.wav	data/chorale-bricks/Crueger_AufAufMeinHerzMitFreuden/audio.mastermix.wav	31	"[""31"", ""none of the other options is correct"", ""4"", ""10"", ""9""]"	0.2	0	"[""A"", ""B"", ""C"", ""D"", ""E""]"	"{""A"": ""none of the other options is correct"", ""B"": ""4"", ""C"": ""31"", ""D"": ""10"", ""E"": ""9""}"	"[""(A) none of the other options is correct"", ""(B) 4"", ""(C) 31"", ""(D) 10"", ""(E) 9""]"	(C) 31	C
d993017c-f0bc-5bb1-b424-32a8be524799	6	perception	rhythm	absolute	rhythm-absolute	rhythmic-recognition		note length statistics	What is the total count of {rhythm}-note units in the {voice} line?	"[""rhythm"", ""voice""]"	get_rhythm_count		rhythm	"{""rhythm"": ""quarter"", ""voice"": ""tenor""}"	What is the total count of quarter-note units in the tenor line?	Crueger_AufAufMeinHerzMitFreuden	chorale-bricks	Crueger_AufAufMeinHerzMitFreuden	data/chorale-bricks/Crueger_AufAufMeinHerzMitFreuden	31	"[""1"", ""3"", ""4"", ""9"", ""10"", ""15"", ""18"", ""19"", ""35""]"	"[""4"", ""10"", ""9"", ""18"", ""35"", ""15"", ""1"", ""3"", ""19""]"	symbolic	symbolic.abc.txt	data/chorale-bricks/Crueger_AufAufMeinHerzMitFreuden/symbolic.abc.txt	31	"[""31"", ""none of the other options is correct"", ""4"", ""10"", ""9""]"	0.2	0	"[""A"", ""B"", ""C"", ""D"", ""E""]"	"{""A"": ""10"", ""B"": ""4"", ""C"": ""31"", ""D"": ""9"", ""E"": ""none of the other options is correct""}"	"[""(A) 10"", ""(B) 4"", ""(C) 31"", ""(D) 9"", ""(E) none of the other options is correct""]"	(C) 31	C
77f6b8a6-6c67-566c-a10d-ec1006949c4f	6	perception	rhythm	absolute	rhythm-absolute	rhythmic-recognition		note length statistics	What is the total count of {rhythm}-note units in the {voice} line?	"[""rhythm"", ""voice""]"	get_rhythm_count		rhythm	"{""rhythm"": ""quarter"", ""voice"": ""tenor""}"	What is the total count of quarter-note units in the tenor line?	Crueger_AufAufMeinHerzMitFreuden	chorale-bricks	Crueger_AufAufMeinHerzMitFreuden	data/chorale-bricks/Crueger_AufAufMeinHerzMitFreuden	31	"[""1"", ""3"", ""4"", ""9"", ""10"", ""15"", ""18"", ""19"", ""35""]"	"[""4"", ""10"", ""9"", ""18"", ""35"", ""15"", ""1"", ""3"", ""19""]"	visual	visual.short.png	data/chorale-bricks/Crueger_AufAufMeinHerzMitFreuden/visual.short.png	31	"[""31"", ""none of the other options is correct"", ""4"", ""10"", ""9""]"	0.2	0	"[""A"", ""B"", ""C"", ""D"", ""E""]"	"{""A"": ""9"", ""B"": ""none of the other options is correct"", ""C"": ""10"", ""D"": ""31"", ""E"": ""4""}"	"[""(A) 9"", ""(B) none of the other options is correct"", ""(C) 10"", ""(D) 31"", ""(E) 4""]"	(D) 31	D
8ad7c721-1e98-544c-86bc-bf1e07acb91c	6	perception	rhythm	absolute	rhythm-absolute	rhythmic-recognition		note length statistics	What is the total count of {rhythm}-note units in the {voice} line?	"[""rhythm"", ""voice""]"	get_rhythm_count		rhythm	"{""rhythm"": ""quarter"", ""voice"": ""soprano""}"	What is the total count of quarter-note units in the soprano line?	Telemann_DerLiebenSonneLichtUndPracht	chorale-bricks	Telemann_DerLiebenSonneLichtUndPracht	data/chorale-bricks/Telemann_DerLiebenSonneLichtUndPracht	57	"[""1"", ""2"", ""3"", ""4"", ""58"", ""60""]"	"[""4"", ""2"", ""1"", ""3"", ""60"", ""58""]"	audio	audio.mastermix.wav	data/chorale-bricks/Telemann_DerLiebenSonneLichtUndPracht/audio.mastermix.wav	57	"[""57"", ""none of the other options is correct"", ""4"", ""2"", ""1""]"	0.2	0	"[""A"", ""B"", ""C"", ""D"", ""E""]"	"{""A"": ""1"", ""B"": ""none of the other options is correct"", ""C"": ""4"", ""D"": ""57"", ""E"": ""2""}"	"[""(A) 1"", ""(B) none of the other options is correct"", ""(C) 4"", ""(D) 57"", ""(E) 2""]"	(D) 57	D
3ffefbdf-4fe9-5860-b33e-103983ee8a80	6	perception	rhythm	absolute	rhythm-absolute	rhythmic-recognition		note length statistics	What is the total count of {rhythm}-note units in the {voice} line?	"[""rhythm"", ""voice""]"	get_rhythm_count		rhythm	"{""rhythm"": ""quarter"", ""voice"": ""soprano""}"	What is the total count of quarter-note units in the soprano line?	Telemann_DerLiebenSonneLichtUndPracht	chorale-bricks	Telemann_DerLiebenSonneLichtUndPracht	data/chorale-bricks/Telemann_DerLiebenSonneLichtUndPracht	57	"[""1"", ""2"", ""3"", ""4"", ""58"", ""60""]"	"[""4"", ""2"", ""1"", ""3"", ""60"", ""58""]"	symbolic	symbolic.abc.txt	data/chorale-bricks/Telemann_DerLiebenSonneLichtUndPracht/symbolic.abc.txt	57	"[""57"", ""none of the other options is correct"", ""4"", ""2"", ""1""]"	0.2	0	"[""A"", ""B"", ""C"", ""D"", ""E""]"	"{""A"": ""2"", ""B"": ""57"", ""C"": ""none of the other options is correct"", ""D"": ""1"", ""E"": ""4""}"	"[""(A) 2"", ""(B) 57"", ""(C) none of the other options is correct"", ""(D) 1"", ""(E) 4""]"	(B) 57	B
08c743cf-486a-52f7-8828-5ca4ea3bebc9	6	perception	rhythm	absolute	rhythm-absolute	rhythmic-recognition		note length statistics	What is the total count of {rhythm}-note units in the {voice} line?	"[""rhythm"", ""voice""]"	get_rhythm_count		rhythm	"{""rhythm"": ""quarter"", ""voice"": ""soprano""}"	What is the total count of quarter-note units in the soprano line?	Telemann_DerLiebenSonneLichtUndPracht	chorale-bricks	Telemann_DerLiebenSonneLichtUndPracht	data/chorale-bricks/Telemann_DerLiebenSonneLichtUndPracht	57	"[""1"", ""2"", ""3"", ""4"", ""58"", ""60""]"	"[""4"", ""2"", ""1"", ""3"", ""60"", ""58""]"	visual	visual.short.png	data/chorale-bricks/Telemann_DerLiebenSonneLichtUndPracht/visual.short.png	57	"[""57"", ""none of the other options is correct"", ""4"", ""2"", ""1""]"	0.2	0	"[""A"", ""B"", ""C"", ""D"", ""E""]"	"{""A"": ""2"", ""B"": ""4"", ""C"": ""none of the other options is correct"", ""D"": ""1"", ""E"": ""57""}"	"[""(A) 2"", ""(B) 4"", ""(C) none of the other options is correct"", ""(D) 1"", ""(E) 57""]"	(E) 57	E
82070598-c700-5d2b-9b56-4ff3af1e4a5c	6	perception	rhythm	absolute	rhythm-absolute	rhythmic-recognition		note length statistics	What is the total count of {rhythm}-note units in the {voice} line?	"[""rhythm"", ""voice""]"	get_rhythm_count		rhythm	"{""rhythm"": ""eighth"", ""voice"": ""tenor""}"	What is the total count of eighth-note units in the tenor line?	Gesius_BefiehlDuDeineWege	chorale-bricks	Gesius_BefiehlDuDeineWege	data/chorale-bricks/Gesius_BefiehlDuDeineWege	0	"[""1"", ""5"", ""6"", ""7"", ""48"", ""50"", ""52""]"	"[""1"", ""50"", ""7"", ""52"", ""48"", ""6"", ""5""]"	audio	audio.mastermix.wav	data/chorale-bricks/Gesius_BefiehlDuDeineWege/audio.mastermix.wav	0	"[""0"", ""none of the other options is correct"", ""1"", ""50"", ""7""]"	0.2	0	"[""A"", ""B"", ""C"", ""D"", ""E""]"	"{""A"": ""50"", ""B"": ""none of the other options is correct"", ""C"": ""1"", ""D"": ""7"", ""E"": ""0""}"	"[""(A) 50"", ""(B) none of the other options is correct"", ""(C) 1"", ""(D) 7"", ""(E) 0""]"	(E) 0	E
e4177e2f-7df1-5112-832a-4aacd73ac4ea	6	perception	rhythm	absolute	rhythm-absolute	rhythmic-recognition		note length statistics	What is the total count of {rhythm}-note units in the {voice} line?	"[""rhythm"", ""voice""]"	get_rhythm_count		rhythm	"{""rhythm"": ""eighth"", ""voice"": ""tenor""}"	What is the total count of eighth-note units in the tenor line?	Gesius_BefiehlDuDeineWege	chorale-bricks	Gesius_BefiehlDuDeineWege	data/chorale-bricks/Gesius_BefiehlDuDeineWege	0	"[""1"", ""5"", ""6"", ""7"", ""48"", ""50"", ""52""]"	"[""1"", ""50"", ""7"", ""52"", ""48"", ""6"", ""5""]"	symbolic	symbolic.abc.txt	data/chorale-bricks/Gesius_BefiehlDuDeineWege/symbolic.abc.txt	0	"[""0"", ""none of the other options is correct"", ""1"", ""50"", ""7""]"	0.2	0	"[""A"", ""B"", ""C"", ""D"", ""E""]"	"{""A"": ""0"", ""B"": ""1"", ""C"": ""50"", ""D"": ""none of the other options is correct"", ""E"": ""7""}"	"[""(A) 0"", ""(B) 1"", ""(C) 50"", ""(D) none of the other options is correct"", ""(E) 7""]"	(A) 0	A
a2a96617-a934-5513-9728-b5f2ad408d44	6	perception	rhythm	absolute	rhythm-absolute	rhythmic-recognition		note length statistics	What is the total count of {rhythm}-note units in the {voice} line?	"[""rhythm"", ""voice""]"	get_rhythm_count		rhythm	"{""rhythm"": ""eighth"", ""voice"": ""tenor""}"	What is the total count of eighth-note units in the tenor line?	Gesius_BefiehlDuDeineWege	chorale-bricks	Gesius_BefiehlDuDeineWege	data/chorale-bricks/Gesius_BefiehlDuDeineWege	0	"[""1"", ""5"", ""6"", ""7"", ""48"", ""50"", ""52""]"	"[""1"", ""50"", ""7"", ""52"", ""48"", ""6"", ""5""]"	visual	visual.short.png	data/chorale-bricks/Gesius_BefiehlDuDeineWege/visual.short.png	none of the other options is correct	"[""none of the other options is correct"", ""1"", ""50"", ""7"", ""52""]"	0.2	1	"[""A"", ""B"", ""C"", ""D"", ""E""]"	"{""A"": ""1"", ""B"": ""52"", ""C"": ""7"", ""D"": ""none of the other options is correct"", ""E"": ""50""}"	"[""(A) 1"", ""(B) 52"", ""(C) 7"", ""(D) none of the other options is correct"", ""(E) 50""]"	(D) none of the other options is correct	D
fdd845e7-4eff-5bd2-add2-9fe1934d24f7	7	perception	rhythm	relative	rhythm-relative	proportion-recognition		rhythm pattern	What is the temporal relationship (e.g., 2:1, 3:1) between the  {target_index} note (or rest) and the next one in the {voice} line?	"[""target_index"", ""voice""]"	get_rhythm_pattern		rhythm	"{""target_index"": ""3rd"", ""voice"": ""tenor""}"	What is the temporal relationship (e.g., 2:1, 3:1) between the  3rd note (or rest) and the next one in the tenor line?	Anonymous_AusMeinesHerzensGrunde	chorale-bricks	Anonymous_AusMeinesHerzensGrunde	data/chorale-bricks/Anonymous_AusMeinesHerzensGrunde	3:2	"[""1:1"", ""1:2"", ""1:3"", ""2:1"", ""2:3"", ""3:1"", ""4:1""]"	"[""4:1"", ""3:1"", ""1:1"", ""1:3"", ""1:2"", ""2:1"", ""2:3""]"	audio	audio.mastermix.wav	data/chorale-bricks/Anonymous_AusMeinesHerzensGrunde/audio.mastermix.wav	3:2	"[""3:2"", ""none of the other options is correct"", ""4:1"", ""3:1"", ""1:1""]"	0.2	0	"[""A"", ""B"", ""C"", ""D"", ""E""]"	"{""A"": ""4:1"", ""B"": ""1:1"", ""C"": ""none of the other options is correct"", ""D"": ""3:1"", ""E"": ""3:2""}"	"[""(A) 4:1"", ""(B) 1:1"", ""(C) none of the other options is correct"", ""(D) 3:1"", ""(E) 3:2""]"	(E) 3:2	E
b121d257-077b-59ef-a435-a757d7c962ea	7	perception	rhythm	relative	rhythm-relative	proportion-recognition		rhythm pattern	What is the temporal relationship (e.g., 2:1, 3:1) between the  {target_index} note (or rest) and the next one in the {voice} line?	"[""target_index"", ""voice""]"	get_rhythm_pattern		rhythm	"{""target_index"": ""3rd"", ""voice"": ""tenor""}"	What is the temporal relationship (e.g., 2:1, 3:1) between the  3rd note (or rest) and the next one in the tenor line?	Anonymous_AusMeinesHerzensGrunde	chorale-bricks	Anonymous_AusMeinesHerzensGrunde	data/chorale-bricks/Anonymous_AusMeinesHerzensGrunde	3:2	"[""1:1"", ""1:2"", ""1:3"", ""2:1"", ""2:3"", ""3:1"", ""4:1""]"	"[""4:1"", ""3:1"", ""1:1"", ""1:3"", ""1:2"", ""2:1"", ""2:3""]"	symbolic	symbolic.abc.txt	data/chorale-bricks/Anonymous_AusMeinesHerzensGrunde/symbolic.abc.txt	none of the other options is correct	"[""none of the other options is correct"", ""4:1"", ""3:1"", ""1:1"", ""1:3""]"	0.2	1	"[""A"", ""B"", ""C"", ""D"", ""E""]"	"{""A"": ""1:1"", ""B"": ""4:1"", ""C"": ""3:1"", ""D"": ""1:3"", ""E"": ""none of the other options is correct""}"	"[""(A) 1:1"", ""(B) 4:1"", ""(C) 3:1"", ""(D) 1:3"", ""(E) none of the other options is correct""]"	(E) none of the other options is correct	E
8b5ad3c0-744c-5e3a-ab16-15e0a7bde4b8	7	perception	rhythm	relative	rhythm-relative	proportion-recognition		rhythm pattern	What is the temporal relationship (e.g., 2:1, 3:1) between the  {target_index} note (or rest) and the next one in the {voice} line?	"[""target_index"", ""voice""]"	get_rhythm_pattern		rhythm	"{""target_index"": ""3rd"", ""voice"": ""tenor""}"	What is the temporal relationship (e.g., 2:1, 3:1) between the  3rd note (or rest) and the next one in the tenor line?	Anonymous_AusMeinesHerzensGrunde	chorale-bricks	Anonymous_AusMeinesHerzensGrunde	data/chorale-bricks/Anonymous_AusMeinesHerzensGrunde	3:2	"[""1:1"", ""1:2"", ""1:3"", ""2:1"", ""2:3"", ""3:1"", ""4:1""]"	"[""4:1"", ""3:1"", ""1:1"", ""1:3"", ""1:2"", ""2:1"", ""2:3""]"	visual	visual.short.png	data/chorale-bricks/Anonymous_AusMeinesHerzensGrunde/visual.short.png	none of the other options is correct	"[""none of the other options is correct"", ""4:1"", ""3:1"", ""1:1"", ""1:3""]"	0.2	1	"[""A"", ""B"", ""C"", ""D"", ""E""]"	"{""A"": ""4:1"", ""B"": ""1:3"", ""C"": ""none of the other options is correct"", ""D"": ""3:1"", ""E"": ""1:1""}"	"[""(A) 4:1"", ""(B) 1:3"", ""(C) none of the other options is correct"", ""(D) 3:1"", ""(E) 1:1""]"	(C) none of the other options is correct	C
7a8f4cf8-b74f-5571-ad41-25e98c19d667	7	perception	rhythm	relative	rhythm-relative	proportion-recognition		rhythm pattern	What is the temporal relationship (e.g., 2:1, 3:1) between the  {target_index} note (or rest) and the next one in the {voice} line?	"[""target_index"", ""voice""]"	get_rhythm_pattern		rhythm	"{""target_index"": ""23rd"", ""voice"": ""soprano""}"	What is the temporal relationship (e.g., 2:1, 3:1) between the  23rd note (or rest) and the next one in the soprano line?	Telemann_DerLiebenSonneLichtUndPracht	chorale-bricks	Telemann_DerLiebenSonneLichtUndPracht	data/chorale-bricks/Telemann_DerLiebenSonneLichtUndPracht	1:1	"[""1:2"", ""1:3"", ""2:1"", ""3:1""]"	"[""3:1"", ""1:3"", ""2:1"", ""1:2""]"	audio	audio.mastermix.wav	data/chorale-bricks/Telemann_DerLiebenSonneLichtUndPracht/audio.mastermix.wav	1:1	"[""1:1"", ""none of the other options is correct"", ""3:1"", ""1:3"", ""2:1""]"	0.2	0	"[""A"", ""B"", ""C"", ""D"", ""E""]"	"{""A"": ""1:3"", ""B"": ""3:1"", ""C"": ""1:1"", ""D"": ""2:1"", ""E"": ""none of the other options is correct""}"	"[""(A) 1:3"", ""(B) 3:1"", ""(C) 1:1"", ""(D) 2:1"", ""(E) none of the other options is correct""]"	(C) 1:1	C
96c81739-69b7-5133-83d2-ed5712868975	7	perception	rhythm	relative	rhythm-relative	proportion-recognition		rhythm pattern	What is the temporal relationship (e.g., 2:1, 3:1) between the  {target_index} note (or rest) and the next one in the {voice} line?	"[""target_index"", ""voice""]"	get_rhythm_pattern		rhythm	"{""target_index"": ""23rd"", ""voice"": ""soprano""}"	What is the temporal relationship (e.g., 2:1, 3:1) between the  23rd note (or rest) and the next one in the soprano line?	Telemann_DerLiebenSonneLichtUndPracht	chorale-bricks	Telemann_DerLiebenSonneLichtUndPracht	data/chorale-bricks/Telemann_DerLiebenSonneLichtUndPracht	1:1	"[""1:2"", ""1:3"", ""2:1"", ""3:1""]"	"[""3:1"", ""1:3"", ""2:1"", ""1:2""]"	symbolic	symbolic.abc.txt	data/chorale-bricks/Telemann_DerLiebenSonneLichtUndPracht/symbolic.abc.txt	1:1	"[""1:1"", ""none of the other options is correct"", ""3:1"", ""1:3"", ""2:1""]"	0.2	0	"[""A"", ""B"", ""C"", ""D"", ""E""]"	"{""A"": ""2:1"", ""B"": ""none of the other options is correct"", ""C"": ""1:1"", ""D"": ""1:3"", ""E"": ""3:1""}"	"[""(A) 2:1"", ""(B) none of the other options is correct"", ""(C) 1:1"", ""(D) 1:3"", ""(E) 3:1""]"	(C) 1:1	C
62feab72-244c-5154-923d-c33e187bb4e1	7	perception	rhythm	relative	rhythm-relative	proportion-recognition		rhythm pattern	What is the temporal relationship (e.g., 2:1, 3:1) between the  {target_index} note (or rest) and the next one in the {voice} line?	"[""target_index"", ""voice""]"	get_rhythm_pattern		rhythm	"{""target_index"": ""23rd"", ""voice"": ""soprano""}"	What is the temporal relationship (e.g., 2:1, 3:1) between the  23rd note (or rest) and the next one in the soprano line?	Telemann_DerLiebenSonneLichtUndPracht	chorale-bricks	Telemann_DerLiebenSonneLichtUndPracht	data/chorale-bricks/Telemann_DerLiebenSonneLichtUndPracht	1:1	"[""1:2"", ""1:3"", ""2:1"", ""3:1""]"	"[""3:1"", ""1:3"", ""2:1"", ""1:2""]"	visual	visual.short.png	data/chorale-bricks/Telemann_DerLiebenSonneLichtUndPracht/visual.short.png	1:1	"[""1:1"", ""none of the other options is correct"", ""3:1"", ""1:3"", ""2:1""]"	0.2	0	"[""A"", ""B"", ""C"", ""D"", ""E""]"	"{""A"": ""1:3"", ""B"": ""none of the other options is correct"", ""C"": ""1:1"", ""D"": ""2:1"", ""E"": ""3:1""}"	"[""(A) 1:3"", ""(B) none of the other options is correct"", ""(C) 1:1"", ""(D) 2:1"", ""(E) 3:1""]"	(C) 1:1	C
63f7224f-ea01-5554-8e98-98f4a19fa0e3	7	perception	rhythm	relative	rhythm-relative	proportion-recognition		rhythm pattern	What is the temporal relationship (e.g., 2:1, 3:1) between the  {target_index} note (or rest) and the next one in the {voice} line?	"[""target_index"", ""voice""]"	get_rhythm_pattern		rhythm	"{""target_index"": ""22nd"", ""voice"": ""alto""}"	What is the temporal relationship (e.g., 2:1, 3:1) between the  22nd note (or rest) and the next one in the alto line?	Vulpius_ChristusDerIstMeinLeben	chorale-bricks	Vulpius_ChristusDerIstMeinLeben	data/chorale-bricks/Vulpius_ChristusDerIstMeinLeben	1:1	"[""1:2"", ""1:3"", ""2:1"", ""3:1"", ""3:2""]"	"[""3:2"", ""1:2"", ""2:1"", ""3:1"", ""1:3""]"	audio	audio.mastermix.wav	data/chorale-bricks/Vulpius_ChristusDerIstMeinLeben/audio.mastermix.wav	1:1	"[""1:1"", ""none of the other options is correct"", ""3:2"", ""1:2"", ""2:1""]"	0.2	0	"[""A"", ""B"", ""C"", ""D"", ""E""]"	"{""A"": ""1:1"", ""B"": ""none of the other options is correct"", ""C"": ""3:2"", ""D"": ""2:1"", ""E"": ""1:2""}"	"[""(A) 1:1"", ""(B) none of the other options is correct"", ""(C) 3:2"", ""(D) 2:1"", ""(E) 1:2""]"	(A) 1:1	A
44bf21b7-d65a-5d03-b09b-3e95bab5609a	7	perception	rhythm	relative	rhythm-relative	proportion-recognition		rhythm pattern	What is the temporal relationship (e.g., 2:1, 3:1) between the  {target_index} note (or rest) and the next one in the {voice} line?	"[""target_index"", ""voice""]"	get_rhythm_pattern		rhythm	"{""target_index"": ""22nd"", ""voice"": ""alto""}"	What is the temporal relationship (e.g., 2:1, 3:1) between the  22nd note (or rest) and the next one in the alto line?	Vulpius_ChristusDerIstMeinLeben	chorale-bricks	Vulpius_ChristusDerIstMeinLeben	data/chorale-bricks/Vulpius_ChristusDerIstMeinLeben	1:1	"[""1:2"", ""1:3"", ""2:1"", ""3:1"", ""3:2""]"	"[""3:2"", ""1:2"", ""2:1"", ""3:1"", ""1:3""]"	symbolic	symbolic.abc.txt	data/chorale-bricks/Vulpius_ChristusDerIstMeinLeben/symbolic.abc.txt	none of the other options is correct	"[""none of the other options is correct"", ""3:2"", ""1:2"", ""2:1"", ""3:1""]"	0.2	1	"[""A"", ""B"", ""C"", ""D"", ""E""]"	"{""A"": ""none of the other options is correct"", ""B"": ""2:1"", ""C"": ""3:1"", ""D"": ""1:2"", ""E"": ""3:2""}"	"[""(A) none of the other options is correct"", ""(B) 2:1"", ""(C) 3:1"", ""(D) 1:2"", ""(E) 3:2""]"	(A) none of the other options is correct	A
de500345-fd7a-560d-98f9-b831fd7d1be2	7	perception	rhythm	relative	rhythm-relative	proportion-recognition		rhythm pattern	What is the temporal relationship (e.g., 2:1, 3:1) between the  {target_index} note (or rest) and the next one in the {voice} line?	"[""target_index"", ""voice""]"	get_rhythm_pattern		rhythm	"{""target_index"": ""22nd"", ""voice"": ""alto""}"	What is the temporal relationship (e.g., 2:1, 3:1) between the  22nd note (or rest) and the next one in the alto line?	Vulpius_ChristusDerIstMeinLeben	chorale-bricks	Vulpius_ChristusDerIstMeinLeben	data/chorale-bricks/Vulpius_ChristusDerIstMeinLeben	1:1	"[""1:2"", ""1:3"", ""2:1"", ""3:1"", ""3:2""]"	"[""3:2"", ""1:2"", ""2:1"", ""3:1"", ""1:3""]"	visual	visual.short.png	data/chorale-bricks/Vulpius_ChristusDerIstMeinLeben/visual.short.png	1:1	"[""1:1"", ""none of the other options is correct"", ""3:2"", ""1:2"", ""2:1""]"	0.2	0	"[""A"", ""B"", ""C"", ""D"", ""E""]"	"{""A"": ""none of the other options is correct"", ""B"": ""3:2"", ""C"": ""1:1"", ""D"": ""1:2"", ""E"": ""2:1""}"	"[""(A) none of the other options is correct"", ""(B) 3:2"", ""(C) 1:1"", ""(D) 1:2"", ""(E) 2:1""]"	(C) 1:1	C
bd868551-bf08-51da-b7de-9ff1ff78af8c	7	perception	rhythm	relative	rhythm-relative	proportion-recognition		rhythm pattern	What is the temporal relationship (e.g., 2:1, 3:1) between the  {target_index} note (or rest) and the next one in the {voice} line?	"[""target_index"", ""voice""]"	get_rhythm_pattern		rhythm	"{""target_index"": ""58th"", ""voice"": ""alto""}"	What is the temporal relationship (e.g., 2:1, 3:1) between the  58th note (or rest) and the next one in the alto line?	Crueger_AufAufMeinHerzMitFreuden	chorale-bricks	Crueger_AufAufMeinHerzMitFreuden	data/chorale-bricks/Crueger_AufAufMeinHerzMitFreuden	1:3	"[""1:1"", ""1:2"", ""2:1"", ""2:3"", ""3:1"", ""3:2""]"	"[""3:2"", ""3:1"", ""1:2"", ""2:1"", ""1:1"", ""2:3""]"	audio	audio.mastermix.wav	data/chorale-bricks/Crueger_AufAufMeinHerzMitFreuden/audio.mastermix.wav	1:3	"[""1:3"", ""none of the other options is correct"", ""3:2"", ""3:1"", ""1:2""]"	0.2	0	"[""A"", ""B"", ""C"", ""D"", ""E""]"	"{""A"": ""none of the other options is correct"", ""B"": ""1:3"", ""C"": ""3:1"", ""D"": ""3:2"", ""E"": ""1:2""}"	"[""(A) none of the other options is correct"", ""(B) 1:3"", ""(C) 3:1"", ""(D) 3:2"", ""(E) 1:2""]"	(B) 1:3	B
3b1f4312-b460-5e6e-bd52-74aa09eaf77c	7	perception	rhythm	relative	rhythm-relative	proportion-recognition		rhythm pattern	What is the temporal relationship (e.g., 2:1, 3:1) between the  {target_index} note (or rest) and the next one in the {voice} line?	"[""target_index"", ""voice""]"	get_rhythm_pattern		rhythm	"{""target_index"": ""58th"", ""voice"": ""alto""}"	What is the temporal relationship (e.g., 2:1, 3:1) between the  58th note (or rest) and the next one in the alto line?	Crueger_AufAufMeinHerzMitFreuden	chorale-bricks	Crueger_AufAufMeinHerzMitFreuden	data/chorale-bricks/Crueger_AufAufMeinHerzMitFreuden	1:3	"[""1:1"", ""1:2"", ""2:1"", ""2:3"", ""3:1"", ""3:2""]"	"[""3:2"", ""3:1"", ""1:2"", ""2:1"", ""1:1"", ""2:3""]"	symbolic	symbolic.abc.txt	data/chorale-bricks/Crueger_AufAufMeinHerzMitFreuden/symbolic.abc.txt	1:3	"[""1:3"", ""none of the other options is correct"", ""3:2"", ""3:1"", ""1:2""]"	0.2	0	"[""A"", ""B"", ""C"", ""D"", ""E""]"	"{""A"": ""3:1"", ""B"": ""none of the other options is correct"", ""C"": ""1:3"", ""D"": ""1:2"", ""E"": ""3:2""}"	"[""(A) 3:1"", ""(B) none of the other options is correct"", ""(C) 1:3"", ""(D) 1:2"", ""(E) 3:2""]"	(C) 1:3	C
3b92dc14-bd93-57e8-b79a-8771ff4bcfa0	7	perception	rhythm	relative	rhythm-relative	proportion-recognition		rhythm pattern	What is the temporal relationship (e.g., 2:1, 3:1) between the  {target_index} note (or rest) and the next one in the {voice} line?	"[""target_index"", ""voice""]"	get_rhythm_pattern		rhythm	"{""target_index"": ""58th"", ""voice"": ""alto""}"	What is the temporal relationship (e.g., 2:1, 3:1) between the  58th note (or rest) and the next one in the alto line?	Crueger_AufAufMeinHerzMitFreuden	chorale-bricks	Crueger_AufAufMeinHerzMitFreuden	data/chorale-bricks/Crueger_AufAufMeinHerzMitFreuden	1:3	"[""1:1"", ""1:2"", ""2:1"", ""2:3"", ""3:1"", ""3:2""]"	"[""3:2"", ""3:1"", ""1:2"", ""2:1"", ""1:1"", ""2:3""]"	visual	visual.short.png	data/chorale-bricks/Crueger_AufAufMeinHerzMitFreuden/visual.short.png	1:3	"[""1:3"", ""none of the other options is correct"", ""3:2"", ""3:1"", ""1:2""]"	0.2	0	"[""A"", ""B"", ""C"", ""D"", ""E""]"	"{""A"": ""1:2"", ""B"": ""3:2"", ""C"": ""1:3"", ""D"": ""3:1"", ""E"": ""none of the other options is correct""}"	"[""(A) 1:2"", ""(B) 3:2"", ""(C) 1:3"", ""(D) 3:1"", ""(E) none of the other options is correct""]"	(C) 1:3	C
194f41f0-75e7-5ca0-9adc-a4ffa0516518	7	perception	rhythm	relative	rhythm-relative	proportion-recognition		rhythm pattern	What is the temporal relationship (e.g., 2:1, 3:1) between the  {target_index} note (or rest) and the next one in the {voice} line?	"[""target_index"", ""voice""]"	get_rhythm_pattern		rhythm	"{""target_index"": ""61st"", ""voice"": ""soprano""}"	What is the temporal relationship (e.g., 2:1, 3:1) between the  61st note (or rest) and the next one in the soprano line?	Anonymous_AusMeinesHerzensGrunde	chorale-bricks	Anonymous_AusMeinesHerzensGrunde	data/chorale-bricks/Anonymous_AusMeinesHerzensGrunde	2:1	"[""1:1"", ""1:2"", ""1:3"", ""2:3"", ""3:1"", ""3:2"", ""4:1""]"	"[""1:1"", ""1:3"", ""2:3"", ""4:1"", ""3:2"", ""3:1"", ""1:2""]"	audio	audio.mastermix.wav	data/chorale-bricks/Anonymous_AusMeinesHerzensGrunde/audio.mastermix.wav	none of the other options is correct	"[""none of the other options is correct"", ""1:1"", ""1:3"", ""2:3"", ""4:1""]"	0.2	1	"[""A"", ""B"", ""C"", ""D"", ""E""]"	"{""A"": ""4:1"", ""B"": ""1:3"", ""C"": ""none of the other options is correct"", ""D"": ""2:3"", ""E"": ""1:1""}"	"[""(A) 4:1"", ""(B) 1:3"", ""(C) none of the other options is correct"", ""(D) 2:3"", ""(E) 1:1""]"	(C) none of the other options is correct	C
3e3013d1-90fc-57ac-b153-0a4f79d7a391	7	perception	rhythm	relative	rhythm-relative	proportion-recognition		rhythm pattern	What is the temporal relationship (e.g., 2:1, 3:1) between the  {target_index} note (or rest) and the next one in the {voice} line?	"[""target_index"", ""voice""]"	get_rhythm_pattern		rhythm	"{""target_index"": ""61st"", ""voice"": ""soprano""}"	What is the temporal relationship (e.g., 2:1, 3:1) between the  61st note (or rest) and the next one in the soprano line?	Anonymous_AusMeinesHerzensGrunde	chorale-bricks	Anonymous_AusMeinesHerzensGrunde	data/chorale-bricks/Anonymous_AusMeinesHerzensGrunde	2:1	"[""1:1"", ""1:2"", ""1:3"", ""2:3"", ""3:1"", ""3:2"", ""4:1""]"	"[""1:1"", ""1:3"", ""2:3"", ""4:1"", ""3:2"", ""3:1"", ""1:2""]"	symbolic	symbolic.abc.txt	data/chorale-bricks/Anonymous_AusMeinesHerzensGrunde/symbolic.abc.txt	2:1	"[""2:1"", ""none of the other options is correct"", ""1:1"", ""1:3"", ""2:3""]"	0.2	0	"[""A"", ""B"", ""C"", ""D"", ""E""]"	"{""A"": ""2:3"", ""B"": ""1:3"", ""C"": ""none of the other options is correct"", ""D"": ""1:1"", ""E"": ""2:1""}"	"[""(A) 2:3"", ""(B) 1:3"", ""(C) none of the other options is correct"", ""(D) 1:1"", ""(E) 2:1""]"	(E) 2:1	E
2226e579-f26b-5bbf-b2d4-02e23a693fa1	7	perception	rhythm	relative	rhythm-relative	proportion-recognition		rhythm pattern	What is the temporal relationship (e.g., 2:1, 3:1) between the  {target_index} note (or rest) and the next one in the {voice} line?	"[""target_index"", ""voice""]"	get_rhythm_pattern		rhythm	"{""target_index"": ""61st"", ""voice"": ""soprano""}"	What is the temporal relationship (e.g., 2:1, 3:1) between the  61st note (or rest) and the next one in the soprano line?	Anonymous_AusMeinesHerzensGrunde	chorale-bricks	Anonymous_AusMeinesHerzensGrunde	data/chorale-bricks/Anonymous_AusMeinesHerzensGrunde	2:1	"[""1:1"", ""1:2"", ""1:3"", ""2:3"", ""3:1"", ""3:2"", ""4:1""]"	"[""1:1"", ""1:3"", ""2:3"", ""4:1"", ""3:2"", ""3:1"", ""1:2""]"	visual	visual.short.png	data/chorale-bricks/Anonymous_AusMeinesHerzensGrunde/visual.short.png	2:1	"[""2:1"", ""none of the other options is correct"", ""1:1"", ""1:3"", ""2:3""]"	0.2	0	"[""A"", ""B"", ""C"", ""D"", ""E""]"	"{""A"": ""2:1"", ""B"": ""2:3"", ""C"": ""1:3"", ""D"": ""none of the other options is correct"", ""E"": ""1:1""}"	"[""(A) 2:1"", ""(B) 2:3"", ""(C) 1:3"", ""(D) none of the other options is correct"", ""(E) 1:1""]"	(A) 2:1	A
d62ae1d4-a1d9-557d-a1a2-08cee75c6328	8	perception	rhythm	relative	rhythm-relative	proportion-recognition		rhythm pattern statistics	How many rhythmic figures with a strict {rhythm_proportion} proportionality are there in the {voice} line?	"[""rhythm_proportion"", ""voice""]"	get_rhythm_pattern_count		rhythm	"{""rhythm_proportion"": ""3:1"", ""voice"": ""alto""}"	How many rhythmic figures with a strict 3:1 proportionality are there in the alto line?	Vulpius_DieHelleSonnLeuchtJetztHerfuer	chorale-bricks	Vulpius_DieHelleSonnLeuchtJetztHerfuer	data/chorale-bricks/Vulpius_DieHelleSonnLeuchtJetztHerfuer	1	"[""0"", ""2"", ""3"", ""4""]"	"[""2"", ""0"", ""4"", ""3""]"	audio	audio.mastermix.wav	data/chorale-bricks/Vulpius_DieHelleSonnLeuchtJetztHerfuer/audio.mastermix.wav	1	"[""1"", ""none of the other options is correct"", ""2"", ""0"", ""4""]"	0.2	0	"[""A"", ""B"", ""C"", ""D"", ""E""]"	"{""A"": ""0"", ""B"": ""none of the other options is correct"", ""C"": ""1"", ""D"": ""2"", ""E"": ""4""}"	"[""(A) 0"", ""(B) none of the other options is correct"", ""(C) 1"", ""(D) 2"", ""(E) 4""]"	(C) 1	C
4166a887-4aad-5600-a791-d1fef3e838e1	8	perception	rhythm	relative	rhythm-relative	proportion-recognition		rhythm pattern statistics	How many rhythmic figures with a strict {rhythm_proportion} proportionality are there in the {voice} line?	"[""rhythm_proportion"", ""voice""]"	get_rhythm_pattern_count		rhythm	"{""rhythm_proportion"": ""3:1"", ""voice"": ""alto""}"	How many rhythmic figures with a strict 3:1 proportionality are there in the alto line?	Vulpius_DieHelleSonnLeuchtJetztHerfuer	chorale-bricks	Vulpius_DieHelleSonnLeuchtJetztHerfuer	data/chorale-bricks/Vulpius_DieHelleSonnLeuchtJetztHerfuer	1	"[""0"", ""2"", ""3"", ""4""]"	"[""2"", ""0"", ""4"", ""3""]"	symbolic	symbolic.abc.txt	data/chorale-bricks/Vulpius_DieHelleSonnLeuchtJetztHerfuer/symbolic.abc.txt	1	"[""1"", ""none of the other options is correct"", ""2"", ""0"", ""4""]"	0.2	0	"[""A"", ""B"", ""C"", ""D"", ""E""]"	"{""A"": ""none of the other options is correct"", ""B"": ""0"", ""C"": ""4"", ""D"": ""2"", ""E"": ""1""}"	"[""(A) none of the other options is correct"", ""(B) 0"", ""(C) 4"", ""(D) 2"", ""(E) 1""]"	(E) 1	E
8dd6cbd2-d5d9-5c92-ba20-4fd75200cb3c	8	perception	rhythm	relative	rhythm-relative	proportion-recognition		rhythm pattern statistics	How many rhythmic figures with a strict {rhythm_proportion} proportionality are there in the {voice} line?	"[""rhythm_proportion"", ""voice""]"	get_rhythm_pattern_count		rhythm	"{""rhythm_proportion"": ""3:1"", ""voice"": ""alto""}"	How many rhythmic figures with a strict 3:1 proportionality are there in the alto line?	Vulpius_DieHelleSonnLeuchtJetztHerfuer	chorale-bricks	Vulpius_DieHelleSonnLeuchtJetztHerfuer	data/chorale-bricks/Vulpius_DieHelleSonnLeuchtJetztHerfuer	1	"[""0"", ""2"", ""3"", ""4""]"	"[""2"", ""0"", ""4"", ""3""]"	visual	visual.short.png	data/chorale-bricks/Vulpius_DieHelleSonnLeuchtJetztHerfuer/visual.short.png	1	"[""1"", ""none of the other options is correct"", ""2"", ""0"", ""4""]"	0.2	0	"[""A"", ""B"", ""C"", ""D"", ""E""]"	"{""A"": ""0"", ""B"": ""4"", ""C"": ""1"", ""D"": ""2"", ""E"": ""none of the other options is correct""}"	"[""(A) 0"", ""(B) 4"", ""(C) 1"", ""(D) 2"", ""(E) none of the other options is correct""]"	(C) 1	C
e618d704-426e-5698-96f5-6912883b5260	8	perception	rhythm	relative	rhythm-relative	proportion-recognition		rhythm pattern statistics	How many rhythmic figures with a strict {rhythm_proportion} proportionality are there in the {voice} line?	"[""rhythm_proportion"", ""voice""]"	get_rhythm_pattern_count		rhythm	"{""rhythm_proportion"": ""2:1"", ""voice"": ""bass""}"	How many rhythmic figures with a strict 2:1 proportionality are there in the bass line?	Gesius_BefiehlDuDeineWege	chorale-bricks	Gesius_BefiehlDuDeineWege	data/chorale-bricks/Gesius_BefiehlDuDeineWege	7	"[""0"", ""1"", ""2"", ""3""]"	"[""2"", ""0"", ""3"", ""1""]"	audio	audio.mastermix.wav	data/chorale-bricks/Gesius_BefiehlDuDeineWege/audio.mastermix.wav	7	"[""7"", ""none of the other options is correct"", ""2"", ""0"", ""3""]"	0.2	0	"[""A"", ""B"", ""C"", ""D"", ""E""]"	"{""A"": ""7"", ""B"": ""none of the other options is correct"", ""C"": ""0"", ""D"": ""3"", ""E"": ""2""}"	"[""(A) 7"", ""(B) none of the other options is correct"", ""(C) 0"", ""(D) 3"", ""(E) 2""]"	(A) 7	A
484eba4f-d334-5b26-a900-7924a26404f4	8	perception	rhythm	relative	rhythm-relative	proportion-recognition		rhythm pattern statistics	How many rhythmic figures with a strict {rhythm_proportion} proportionality are there in the {voice} line?	"[""rhythm_proportion"", ""voice""]"	get_rhythm_pattern_count		rhythm	"{""rhythm_proportion"": ""2:1"", ""voice"": ""bass""}"	How many rhythmic figures with a strict 2:1 proportionality are there in the bass line?	Gesius_BefiehlDuDeineWege	chorale-bricks	Gesius_BefiehlDuDeineWege	data/chorale-bricks/Gesius_BefiehlDuDeineWege	7	"[""0"", ""1"", ""2"", ""3""]"	"[""2"", ""0"", ""3"", ""1""]"	symbolic	symbolic.abc.txt	data/chorale-bricks/Gesius_BefiehlDuDeineWege/symbolic.abc.txt	7	"[""7"", ""none of the other options is correct"", ""2"", ""0"", ""3""]"	0.2	0	"[""A"", ""B"", ""C"", ""D"", ""E""]"	"{""A"": ""0"", ""B"": ""7"", ""C"": ""2"", ""D"": ""3"", ""E"": ""none of the other options is correct""}"	"[""(A) 0"", ""(B) 7"", ""(C) 2"", ""(D) 3"", ""(E) none of the other options is correct""]"	(B) 7	B
bc8743a7-84d8-562b-a4fc-bc1a24c9bb31	8	perception	rhythm	relative	rhythm-relative	proportion-recognition		rhythm pattern statistics	How many rhythmic figures with a strict {rhythm_proportion} proportionality are there in the {voice} line?	"[""rhythm_proportion"", ""voice""]"	get_rhythm_pattern_count		rhythm	"{""rhythm_proportion"": ""2:1"", ""voice"": ""bass""}"	How many rhythmic figures with a strict 2:1 proportionality are there in the bass line?	Gesius_BefiehlDuDeineWege	chorale-bricks	Gesius_BefiehlDuDeineWege	data/chorale-bricks/Gesius_BefiehlDuDeineWege	7	"[""0"", ""1"", ""2"", ""3""]"	"[""2"", ""0"", ""3"", ""1""]"	visual	visual.short.png	data/chorale-bricks/Gesius_BefiehlDuDeineWege/visual.short.png	7	"[""7"", ""none of the other options is correct"", ""2"", ""0"", ""3""]"	0.2	0	"[""A"", ""B"", ""C"", ""D"", ""E""]"	"{""A"": ""none of the other options is correct"", ""B"": ""0"", ""C"": ""2"", ""D"": ""7"", ""E"": ""3""}"	"[""(A) none of the other options is correct"", ""(B) 0"", ""(C) 2"", ""(D) 7"", ""(E) 3""]"	(D) 7	D
f2aa5d87-1cbe-561e-83c6-ba3fbf64d029	8	perception	rhythm	relative	rhythm-relative	proportion-recognition		rhythm pattern statistics	How many rhythmic figures with a strict {rhythm_proportion} proportionality are there in the {voice} line?	"[""rhythm_proportion"", ""voice""]"	get_rhythm_pattern_count		rhythm	"{""rhythm_proportion"": ""3:1"", ""voice"": ""tenor""}"	How many rhythmic figures with a strict 3:1 proportionality are there in the tenor line?	Gesius_BefiehlDuDeineWege	chorale-bricks	Gesius_BefiehlDuDeineWege	data/chorale-bricks/Gesius_BefiehlDuDeineWege	1	"[""0"", ""2"", ""3"", ""4""]"	"[""2"", ""4"", ""0"", ""3""]"	audio	audio.mastermix.wav	data/chorale-bricks/Gesius_BefiehlDuDeineWege/audio.mastermix.wav	none of the other options is correct	"[""none of the other options is correct"", ""2"", ""4"", ""0"", ""3""]"	0.2	1	"[""A"", ""B"", ""C"", ""D"", ""E""]"	"{""A"": ""none of the other options is correct"", ""B"": ""2"", ""C"": ""3"", ""D"": ""0"", ""E"": ""4""}"	"[""(A) none of the other options is correct"", ""(B) 2"", ""(C) 3"", ""(D) 0"", ""(E) 4""]"	(A) none of the other options is correct	A
b790fe2c-9419-5f73-90b1-fbf7cf288ab4	8	perception	rhythm	relative	rhythm-relative	proportion-recognition		rhythm pattern statistics	How many rhythmic figures with a strict {rhythm_proportion} proportionality are there in the {voice} line?	"[""rhythm_proportion"", ""voice""]"	get_rhythm_pattern_count		rhythm	"{""rhythm_proportion"": ""3:1"", ""voice"": ""tenor""}"	How many rhythmic figures with a strict 3:1 proportionality are there in the tenor line?	Gesius_BefiehlDuDeineWege	chorale-bricks	Gesius_BefiehlDuDeineWege	data/chorale-bricks/Gesius_BefiehlDuDeineWege	1	"[""0"", ""2"", ""3"", ""4""]"	"[""2"", ""4"", ""0"", ""3""]"	symbolic	symbolic.abc.txt	data/chorale-bricks/Gesius_BefiehlDuDeineWege/symbolic.abc.txt	none of the other options is correct	"[""none of the other options is correct"", ""2"", ""4"", ""0"", ""3""]"	0.2	1	"[""A"", ""B"", ""C"", ""D"", ""E""]"	"{""A"": ""3"", ""B"": ""4"", ""C"": ""0"", ""D"": ""none of the other options is correct"", ""E"": ""2""}"	"[""(A) 3"", ""(B) 4"", ""(C) 0"", ""(D) none of the other options is correct"", ""(E) 2""]"	(D) none of the other options is correct	D
0698ea5b-e9a0-5a61-8b20-08ce1632bad5	8	perception	rhythm	relative	rhythm-relative	proportion-recognition		rhythm pattern statistics	How many rhythmic figures with a strict {rhythm_proportion} proportionality are there in the {voice} line?	"[""rhythm_proportion"", ""voice""]"	get_rhythm_pattern_count		rhythm	"{""rhythm_proportion"": ""3:1"", ""voice"": ""tenor""}"	How many rhythmic figures with a strict 3:1 proportionality are there in the tenor line?	Gesius_BefiehlDuDeineWege	chorale-bricks	Gesius_BefiehlDuDeineWege	data/chorale-bricks/Gesius_BefiehlDuDeineWege	1	"[""0"", ""2"", ""3"", ""4""]"	"[""2"", ""4"", ""0"", ""3""]"	visual	visual.short.png	data/chorale-bricks/Gesius_BefiehlDuDeineWege/visual.short.png	1	"[""1"", ""none of the other options is correct"", ""2"", ""4"", ""0""]"	0.2	0	"[""A"", ""B"", ""C"", ""D"", ""E""]"	"{""A"": ""0"", ""B"": ""1"", ""C"": ""none of the other options is correct"", ""D"": ""2"", ""E"": ""4""}"	"[""(A) 0"", ""(B) 1"", ""(C) none of the other options is correct"", ""(D) 2"", ""(E) 4""]"	(B) 1	B
10c7beec-1ce3-545f-a99f-ddb29678841c	8	perception	rhythm	relative	rhythm-relative	proportion-recognition		rhythm pattern statistics	How many rhythmic figures with a strict {rhythm_proportion} proportionality are there in the {voice} line?	"[""rhythm_proportion"", ""voice""]"	get_rhythm_pattern_count		rhythm	"{""rhythm_proportion"": ""1:1"", ""voice"": ""soprano""}"	How many rhythmic figures with a strict 1:1 proportionality are there in the soprano line?	Vulpius_DieHelleSonnLeuchtJetztHerfuer	chorale-bricks	Vulpius_DieHelleSonnLeuchtJetztHerfuer	data/chorale-bricks/Vulpius_DieHelleSonnLeuchtJetztHerfuer	12	"[""1"", ""2"", ""3"", ""4""]"	"[""1"", ""2"", ""4"", ""3""]"	audio	audio.mastermix.wav	data/chorale-bricks/Vulpius_DieHelleSonnLeuchtJetztHerfuer/audio.mastermix.wav	12	"[""12"", ""none of the other options is correct"", ""1"", ""2"", ""4""]"	0.2	0	"[""A"", ""B"", ""C"", ""D"", ""E""]"	"{""A"": ""none of the other options is correct"", ""B"": ""1"", ""C"": ""4"", ""D"": ""2"", ""E"": ""12""}"	"[""(A) none of the other options is correct"", ""(B) 1"", ""(C) 4"", ""(D) 2"", ""(E) 12""]"	(E) 12	E
a46040ce-d95b-5c20-9547-6565fcdfadcf	8	perception	rhythm	relative	rhythm-relative	proportion-recognition		rhythm pattern statistics	How many rhythmic figures with a strict {rhythm_proportion} proportionality are there in the {voice} line?	"[""rhythm_proportion"", ""voice""]"	get_rhythm_pattern_count		rhythm	"{""rhythm_proportion"": ""1:1"", ""voice"": ""soprano""}"	How many rhythmic figures with a strict 1:1 proportionality are there in the soprano line?	Vulpius_DieHelleSonnLeuchtJetztHerfuer	chorale-bricks	Vulpius_DieHelleSonnLeuchtJetztHerfuer	data/chorale-bricks/Vulpius_DieHelleSonnLeuchtJetztHerfuer	12	"[""1"", ""2"", ""3"", ""4""]"	"[""1"", ""2"", ""4"", ""3""]"	symbolic	symbolic.abc.txt	data/chorale-bricks/Vulpius_DieHelleSonnLeuchtJetztHerfuer/symbolic.abc.txt	none of the other options is correct	"[""none of the other options is correct"", ""1"", ""2"", ""4"", ""3""]"	0.2	1	"[""A"", ""B"", ""C"", ""D"", ""E""]"	"{""A"": ""none of the other options is correct"", ""B"": ""2"", ""C"": ""4"", ""D"": ""1"", ""E"": ""3""}"	"[""(A) none of the other options is correct"", ""(B) 2"", ""(C) 4"", ""(D) 1"", ""(E) 3""]"	(A) none of the other options is correct	A
81ddf708-952a-506c-b1f1-e33bac7f191b	8	perception	rhythm	relative	rhythm-relative	proportion-recognition		rhythm pattern statistics	How many rhythmic figures with a strict {rhythm_proportion} proportionality are there in the {voice} line?	"[""rhythm_proportion"", ""voice""]"	get_rhythm_pattern_count		rhythm	"{""rhythm_proportion"": ""1:1"", ""voice"": ""soprano""}"	How many rhythmic figures with a strict 1:1 proportionality are there in the soprano line?	Vulpius_DieHelleSonnLeuchtJetztHerfuer	chorale-bricks	Vulpius_DieHelleSonnLeuchtJetztHerfuer	data/chorale-bricks/Vulpius_DieHelleSonnLeuchtJetztHerfuer	12	"[""1"", ""2"", ""3"", ""4""]"	"[""1"", ""2"", ""4"", ""3""]"	visual	visual.short.png	data/chorale-bricks/Vulpius_DieHelleSonnLeuchtJetztHerfuer/visual.short.png	12	"[""12"", ""none of the other options is correct"", ""1"", ""2"", ""4""]"	0.2	0	"[""A"", ""B"", ""C"", ""D"", ""E""]"	"{""A"": ""2"", ""B"": ""4"", ""C"": ""12"", ""D"": ""none of the other options is correct"", ""E"": ""1""}"	"[""(A) 2"", ""(B) 4"", ""(C) 12"", ""(D) none of the other options is correct"", ""(E) 1""]"	(C) 12	C
d83af4a7-c343-5e63-9549-0d33f0a75d44	8	perception	rhythm	relative	rhythm-relative	proportion-recognition		rhythm pattern statistics	How many rhythmic figures with a strict {rhythm_proportion} proportionality are there in the {voice} line?	"[""rhythm_proportion"", ""voice""]"	get_rhythm_pattern_count		rhythm	"{""rhythm_proportion"": ""3:2"", ""voice"": ""soprano""}"	How many rhythmic figures with a strict 3:2 proportionality are there in the soprano line?	Jan_DuGrosserSchmerzensmann	chorale-bricks	Jan_DuGrosserSchmerzensmann	data/chorale-bricks/Jan_DuGrosserSchmerzensmann	1	"[""0"", ""2"", ""3"", ""4""]"	"[""0"", ""3"", ""2"", ""4""]"	audio	audio.mastermix.wav	data/chorale-bricks/Jan_DuGrosserSchmerzensmann/audio.mastermix.wav	1	"[""1"", ""none of the other options is correct"", ""0"", ""3"", ""2""]"	0.2	0	"[""A"", ""B"", ""C"", ""D"", ""E""]"	"{""A"": ""2"", ""B"": ""3"", ""C"": ""none of the other options is correct"", ""D"": ""0"", ""E"": ""1""}"	"[""(A) 2"", ""(B) 3"", ""(C) none of the other options is correct"", ""(D) 0"", ""(E) 1""]"	(E) 1	E
059c0368-1773-5ad8-9888-0e106da07bb7	8	perception	rhythm	relative	rhythm-relative	proportion-recognition		rhythm pattern statistics	How many rhythmic figures with a strict {rhythm_proportion} proportionality are there in the {voice} line?	"[""rhythm_proportion"", ""voice""]"	get_rhythm_pattern_count		rhythm	"{""rhythm_proportion"": ""3:2"", ""voice"": ""soprano""}"	How many rhythmic figures with a strict 3:2 proportionality are there in the soprano line?	Jan_DuGrosserSchmerzensmann	chorale-bricks	Jan_DuGrosserSchmerzensmann	data/chorale-bricks/Jan_DuGrosserSchmerzensmann	1	"[""0"", ""2"", ""3"", ""4""]"	"[""0"", ""3"", ""2"", ""4""]"	symbolic	symbolic.abc.txt	data/chorale-bricks/Jan_DuGrosserSchmerzensmann/symbolic.abc.txt	1	"[""1"", ""none of the other options is correct"", ""0"", ""3"", ""2""]"	0.2	0	"[""A"", ""B"", ""C"", ""D"", ""E""]"	"{""A"": ""0"", ""B"": ""2"", ""C"": ""1"", ""D"": ""none of the other options is correct"", ""E"": ""3""}"	"[""(A) 0"", ""(B) 2"", ""(C) 1"", ""(D) none of the other options is correct"", ""(E) 3""]"	(C) 1	C
835b6d04-9fec-59f9-9f9a-91cc80099a27	8	perception	rhythm	relative	rhythm-relative	proportion-recognition		rhythm pattern statistics	How many rhythmic figures with a strict {rhythm_proportion} proportionality are there in the {voice} line?	"[""rhythm_proportion"", ""voice""]"	get_rhythm_pattern_count		rhythm	"{""rhythm_proportion"": ""3:2"", ""voice"": ""soprano""}"	How many rhythmic figures with a strict 3:2 proportionality are there in the soprano line?	Jan_DuGrosserSchmerzensmann	chorale-bricks	Jan_DuGrosserSchmerzensmann	data/chorale-bricks/Jan_DuGrosserSchmerzensmann	1	"[""0"", ""2"", ""3"", ""4""]"	"[""0"", ""3"", ""2"", ""4""]"	visual	visual.short.png	data/chorale-bricks/Jan_DuGrosserSchmerzensmann/visual.short.png	1	"[""1"", ""none of the other options is correct"", ""0"", ""3"", ""2""]"	0.2	0	"[""A"", ""B"", ""C"", ""D"", ""E""]"	"{""A"": ""3"", ""B"": ""2"", ""C"": ""none of the other options is correct"", ""D"": ""1"", ""E"": ""0""}"	"[""(A) 3"", ""(B) 2"", ""(C) none of the other options is correct"", ""(D) 1"", ""(E) 0""]"	(D) 1	D
b6dffab7-7b78-5992-90ee-424e5171c11a	9	perception	harmony	relative	harmony-relative	harmonic-recognition		tonality recognition	What is the {function} harmony of the primary key of this piece?	"[""function""]"	get_harmonic_tonality			"{""function"": ""tonic""}"	What is the tonic harmony of the primary key of this piece?	Vulpius_ChristusDerIstMeinLeben	chorale-bricks	Vulpius_ChristusDerIstMeinLeben	data/chorale-bricks/Vulpius_ChristusDerIstMeinLeben	D major	"[""A"", ""B minor"", ""C major"", ""E- major""]"	"[""E- major"", ""B minor"", ""A"", ""C major""]"	audio	audio.mastermix.wav	data/chorale-bricks/Vulpius_ChristusDerIstMeinLeben/audio.mastermix.wav	D major	"[""D major"", ""none of the other options is correct"", ""E- major"", ""B minor"", ""A""]"	0.2	0	"[""A"", ""B"", ""C"", ""D"", ""E""]"	"{""A"": ""none of the other options is correct"", ""B"": ""A"", ""C"": ""B minor"", ""D"": ""E- major"", ""E"": ""D major""}"	"[""(A) none of the other options is correct"", ""(B) A"", ""(C) B minor"", ""(D) E- major"", ""(E) D major""]"	(E) D major	E
c3959305-ec6a-5c38-9f7c-51abd830f27a	9	perception	harmony	relative	harmony-relative	harmonic-recognition		tonality recognition	What is the {function} harmony of the primary key of this piece?	"[""function""]"	get_harmonic_tonality			"{""function"": ""tonic""}"	What is the tonic harmony of the primary key of this piece?	Vulpius_ChristusDerIstMeinLeben	chorale-bricks	Vulpius_ChristusDerIstMeinLeben	data/chorale-bricks/Vulpius_ChristusDerIstMeinLeben	D major	"[""A"", ""B minor"", ""C major"", ""E- major""]"	"[""E- major"", ""B minor"", ""A"", ""C major""]"	symbolic	symbolic.abc.txt	data/chorale-bricks/Vulpius_ChristusDerIstMeinLeben/symbolic.abc.txt	D major	"[""D major"", ""none of the other options is correct"", ""E- major"", ""B minor"", ""A""]"	0.2	0	"[""A"", ""B"", ""C"", ""D"", ""E""]"	"{""A"": ""none of the other options is correct"", ""B"": ""E- major"", ""C"": ""B minor"", ""D"": ""A"", ""E"": ""D major""}"	"[""(A) none of the other options is correct"", ""(B) E- major"", ""(C) B minor"", ""(D) A"", ""(E) D major""]"	(E) D major	E
800bc2d2-ca55-565c-bc61-edddd7290381	9	perception	harmony	relative	harmony-relative	harmonic-recognition		tonality recognition	What is the {function} harmony of the primary key of this piece?	"[""function""]"	get_harmonic_tonality			"{""function"": ""tonic""}"	What is the tonic harmony of the primary key of this piece?	Vulpius_ChristusDerIstMeinLeben	chorale-bricks	Vulpius_ChristusDerIstMeinLeben	data/chorale-bricks/Vulpius_ChristusDerIstMeinLeben	D major	"[""A"", ""B minor"", ""C major"", ""E- major""]"	"[""E- major"", ""B minor"", ""A"", ""C major""]"	visual	visual.short.png	data/chorale-bricks/Vulpius_ChristusDerIstMeinLeben/visual.short.png	D major	"[""D major"", ""none of the other options is correct"", ""E- major"", ""B minor"", ""A""]"	0.2	0	"[""A"", ""B"", ""C"", ""D"", ""E""]"	"{""A"": ""none of the other options is correct"", ""B"": ""E- major"", ""C"": ""A"", ""D"": ""D major"", ""E"": ""B minor""}"	"[""(A) none of the other options is correct"", ""(B) E- major"", ""(C) A"", ""(D) D major"", ""(E) B minor""]"	(D) D major	D
c4399b89-9b0c-5f1c-b92c-bde58451a065	9	perception	harmony	relative	harmony-relative	harmonic-recognition		tonality recognition	What is the {function} harmony of the primary key of this piece?	"[""function""]"	get_harmonic_tonality			"{""function"": ""relative minor/major""}"	What is the relative minor/major harmony of the primary key of this piece?	Vulpius_DieHelleSonnLeuchtJetztHerfuer	chorale-bricks	Vulpius_DieHelleSonnLeuchtJetztHerfuer	data/chorale-bricks/Vulpius_DieHelleSonnLeuchtJetztHerfuer	B minor	"[""A"", ""D major"", ""D minor"", ""E""]"	"[""D major"", ""E"", ""D minor"", ""A""]"	audio	audio.mastermix.wav	data/chorale-bricks/Vulpius_DieHelleSonnLeuchtJetztHerfuer/audio.mastermix.wav	B minor	"[""B minor"", ""none of the other options is correct"", ""D major"", ""E"", ""D minor""]"	0.2	0	"[""A"", ""B"", ""C"", ""D"", ""E""]"	"{""A"": ""D major"", ""B"": ""E"", ""C"": ""D minor"", ""D"": ""B minor"", ""E"": ""none of the other options is correct""}"	"[""(A) D major"", ""(B) E"", ""(C) D minor"", ""(D) B minor"", ""(E) none of the other options is correct""]"	(D) B minor	D
580dc732-ae75-5f44-bb7a-7b5346b563be	9	perception	harmony	relative	harmony-relative	harmonic-recognition		tonality recognition	What is the {function} harmony of the primary key of this piece?	"[""function""]"	get_harmonic_tonality			"{""function"": ""relative minor/major""}"	What is the relative minor/major harmony of the primary key of this piece?	Vulpius_DieHelleSonnLeuchtJetztHerfuer	chorale-bricks	Vulpius_DieHelleSonnLeuchtJetztHerfuer	data/chorale-bricks/Vulpius_DieHelleSonnLeuchtJetztHerfuer	B minor	"[""A"", ""D major"", ""D minor"", ""E""]"	"[""D major"", ""E"", ""D minor"", ""A""]"	symbolic	symbolic.abc.txt	data/chorale-bricks/Vulpius_DieHelleSonnLeuchtJetztHerfuer/symbolic.abc.txt	B minor	"[""B minor"", ""none of the other options is correct"", ""D major"", ""E"", ""D minor""]"	0.2	0	"[""A"", ""B"", ""C"", ""D"", ""E""]"	"{""A"": ""none of the other options is correct"", ""B"": ""E"", ""C"": ""D major"", ""D"": ""D minor"", ""E"": ""B minor""}"	"[""(A) none of the other options is correct"", ""(B) E"", ""(C) D major"", ""(D) D minor"", ""(E) B minor""]"	(E) B minor	E
a6eaabf8-5689-57a7-acdb-1c7118d8303d	9	perception	harmony	relative	harmony-relative	harmonic-recognition		tonality recognition	What is the {function} harmony of the primary key of this piece?	"[""function""]"	get_harmonic_tonality			"{""function"": ""relative minor/major""}"	What is the relative minor/major harmony of the primary key of this piece?	Vulpius_DieHelleSonnLeuchtJetztHerfuer	chorale-bricks	Vulpius_DieHelleSonnLeuchtJetztHerfuer	data/chorale-bricks/Vulpius_DieHelleSonnLeuchtJetztHerfuer	B minor	"[""A"", ""D major"", ""D minor"", ""E""]"	"[""D major"", ""E"", ""D minor"", ""A""]"	visual	visual.short.png	data/chorale-bricks/Vulpius_DieHelleSonnLeuchtJetztHerfuer/visual.short.png	B minor	"[""B minor"", ""none of the other options is correct"", ""D major"", ""E"", ""D minor""]"	0.2	0	"[""A"", ""B"", ""C"", ""D"", ""E""]"	"{""A"": ""D minor"", ""B"": ""D major"", ""C"": ""none of the other options is correct"", ""D"": ""B minor"", ""E"": ""E""}"	"[""(A) D minor"", ""(B) D major"", ""(C) none of the other options is correct"", ""(D) B minor"", ""(E) E""]"	(D) B minor	D
2b8a7064-6c35-5407-a405-aafdf4003e55	9	perception	harmony	relative	harmony-relative	harmonic-recognition		tonality recognition	What is the {function} harmony of the primary key of this piece?	"[""function""]"	get_harmonic_tonality			"{""function"": ""tonic""}"	What is the tonic harmony of the primary key of this piece?	Drese_JesuGehVoran	chorale-bricks	Drese_JesuGehVoran	data/chorale-bricks/Drese_JesuGehVoran	G major	"[""B minor"", ""D"", ""E minor"", ""F# minor""]"	"[""F# minor"", ""D"", ""B minor"", ""E minor""]"	audio	audio.mastermix.wav	data/chorale-bricks/Drese_JesuGehVoran/audio.mastermix.wav	G major	"[""G major"", ""none of the other options is correct"", ""F# minor"", ""D"", ""B minor""]"	0.2	0	"[""A"", ""B"", ""C"", ""D"", ""E""]"	"{""A"": ""D"", ""B"": ""G major"", ""C"": ""F# minor"", ""D"": ""B minor"", ""E"": ""none of the other options is correct""}"	"[""(A) D"", ""(B) G major"", ""(C) F# minor"", ""(D) B minor"", ""(E) none of the other options is correct""]"	(B) G major	B
765e183c-408c-5d65-9142-9ffd7a809e78	9	perception	harmony	relative	harmony-relative	harmonic-recognition		tonality recognition	What is the {function} harmony of the primary key of this piece?	"[""function""]"	get_harmonic_tonality			"{""function"": ""tonic""}"	What is the tonic harmony of the primary key of this piece?	Drese_JesuGehVoran	chorale-bricks	Drese_JesuGehVoran	data/chorale-bricks/Drese_JesuGehVoran	G major	"[""B minor"", ""D"", ""E minor"", ""F# minor""]"	"[""F# minor"", ""D"", ""B minor"", ""E minor""]"	symbolic	symbolic.abc.txt	data/chorale-bricks/Drese_JesuGehVoran/symbolic.abc.txt	G major	"[""G major"", ""none of the other options is correct"", ""F# minor"", ""D"", ""B minor""]"	0.2	0	"[""A"", ""B"", ""C"", ""D"", ""E""]"	"{""A"": ""F# minor"", ""B"": ""D"", ""C"": ""none of the other options is correct"", ""D"": ""B minor"", ""E"": ""G major""}"	"[""(A) F# minor"", ""(B) D"", ""(C) none of the other options is correct"", ""(D) B minor"", ""(E) G major""]"	(E) G major	E
84568d1b-4359-57ef-bfe9-8ee2427921d9	9	perception	harmony	relative	harmony-relative	harmonic-recognition		tonality recognition	What is the {function} harmony of the primary key of this piece?	"[""function""]"	get_harmonic_tonality			"{""function"": ""tonic""}"	What is the tonic harmony of the primary key of this piece?	Drese_JesuGehVoran	chorale-bricks	Drese_JesuGehVoran	data/chorale-bricks/Drese_JesuGehVoran	G major	"[""B minor"", ""D"", ""E minor"", ""F# minor""]"	"[""F# minor"", ""D"", ""B minor"", ""E minor""]"	visual	visual.short.png	data/chorale-bricks/Drese_JesuGehVoran/visual.short.png	none of the other options is correct	"[""none of the other options is correct"", ""F# minor"", ""D"", ""B minor"", ""E minor""]"	0.2	1	"[""A"", ""B"", ""C"", ""D"", ""E""]"	"{""A"": ""E minor"", ""B"": ""B minor"", ""C"": ""F# minor"", ""D"": ""none of the other options is correct"", ""E"": ""D""}"	"[""(A) E minor"", ""(B) B minor"", ""(C) F# minor"", ""(D) none of the other options is correct"", ""(E) D""]"	(D) none of the other options is correct	D
bcb56a9c-ec07-5465-93ad-23c180176deb	9	perception	harmony	relative	harmony-relative	harmonic-recognition		tonality recognition	What is the {function} harmony of the primary key of this piece?	"[""function""]"	get_harmonic_tonality			"{""function"": ""relative minor/major""}"	What is the relative minor/major harmony of the primary key of this piece?	Bach_IchStehAnDeinerKrippe	chorale-bricks	Bach_IchStehAnDeinerKrippe	data/chorale-bricks/Bach_IchStehAnDeinerKrippe	D major	"[""B minor"", ""F major"", ""F#"", ""G#""]"	"[""B minor"", ""F#"", ""F major"", ""G#""]"	audio	audio.mastermix.wav	data/chorale-bricks/Bach_IchStehAnDeinerKrippe/audio.mastermix.wav	D major	"[""D major"", ""none of the other options is correct"", ""B minor"", ""F#"", ""F major""]"	0.2	0	"[""A"", ""B"", ""C"", ""D"", ""E""]"	"{""A"": ""B minor"", ""B"": ""F major"", ""C"": ""none of the other options is correct"", ""D"": ""D major"", ""E"": ""F#""}"	"[""(A) B minor"", ""(B) F major"", ""(C) none of the other options is correct"", ""(D) D major"", ""(E) F#""]"	(D) D major	D
5d581488-783a-57e7-9a19-b1a103b17ba0	9	perception	harmony	relative	harmony-relative	harmonic-recognition		tonality recognition	What is the {function} harmony of the primary key of this piece?	"[""function""]"	get_harmonic_tonality			"{""function"": ""relative minor/major""}"	What is the relative minor/major harmony of the primary key of this piece?	Bach_IchStehAnDeinerKrippe	chorale-bricks	Bach_IchStehAnDeinerKrippe	data/chorale-bricks/Bach_IchStehAnDeinerKrippe	D major	"[""B minor"", ""F major"", ""F#"", ""G#""]"	"[""B minor"", ""F#"", ""F major"", ""G#""]"	symbolic	symbolic.abc.txt	data/chorale-bricks/Bach_IchStehAnDeinerKrippe/symbolic.abc.txt	D major	"[""D major"", ""none of the other options is correct"", ""B minor"", ""F#"", ""F major""]"	0.2	0	"[""A"", ""B"", ""C"", ""D"", ""E""]"	"{""A"": ""F major"", ""B"": ""F#"", ""C"": ""D major"", ""D"": ""B minor"", ""E"": ""none of the other options is correct""}"	"[""(A) F major"", ""(B) F#"", ""(C) D major"", ""(D) B minor"", ""(E) none of the other options is correct""]"	(C) D major	C
790bb100-87bd-5029-9039-ef06c985ddeb	9	perception	harmony	relative	harmony-relative	harmonic-recognition		tonality recognition	What is the {function} harmony of the primary key of this piece?	"[""function""]"	get_harmonic_tonality			"{""function"": ""relative minor/major""}"	What is the relative minor/major harmony of the primary key of this piece?	Bach_IchStehAnDeinerKrippe	chorale-bricks	Bach_IchStehAnDeinerKrippe	data/chorale-bricks/Bach_IchStehAnDeinerKrippe	D major	"[""B minor"", ""F major"", ""F#"", ""G#""]"	"[""B minor"", ""F#"", ""F major"", ""G#""]"	visual	visual.short.png	data/chorale-bricks/Bach_IchStehAnDeinerKrippe/visual.short.png	none of the other options is correct	"[""none of the other options is correct"", ""B minor"", ""F#"", ""F major"", ""G#""]"	0.2	1	"[""A"", ""B"", ""C"", ""D"", ""E""]"	"{""A"": ""F#"", ""B"": ""F major"", ""C"": ""G#"", ""D"": ""none of the other options is correct"", ""E"": ""B minor""}"	"[""(A) F#"", ""(B) F major"", ""(C) G#"", ""(D) none of the other options is correct"", ""(E) B minor""]"	(D) none of the other options is correct	D
f847a31a-facd-52b9-bb29-86f2ad05cc91	10	perception	harmony	absolute	harmony-absolute	harmonic-recognition		chord recognition	What is the chord at the {target_index} position considering all the voices?	"[""target_index""]"	get_harmonic_chord			"{""target_index"": ""17th""}"	What is the chord at the 17th position considering all the voices?	Jan_DuGrosserSchmerzensmann	chorale-bricks	Jan_DuGrosserSchmerzensmann	data/chorale-bricks/Jan_DuGrosserSchmerzensmann	major triad	"[""Minor Third"", ""diminished triad"", ""minor seventh chord"", ""minor triad"", ""quartal trichord""]"	"[""Minor Third"", ""minor triad"", ""quartal trichord"", ""minor seventh chord"", ""diminished triad""]"	audio	audio.mastermix.wav	data/chorale-bricks/Jan_DuGrosserSchmerzensmann/audio.mastermix.wav	major triad	"[""major triad"", ""none of the other options is correct"", ""Minor Third"", ""minor triad"", ""quartal trichord""]"	0.2	0	"[""A"", ""B"", ""C"", ""D"", ""E""]"	"{""A"": ""minor triad"", ""B"": ""major triad"", ""C"": ""none of the other options is correct"", ""D"": ""Minor Third"", ""E"": ""quartal trichord""}"	"[""(A) minor triad"", ""(B) major triad"", ""(C) none of the other options is correct"", ""(D) Minor Third"", ""(E) quartal trichord""]"	(B) major triad	B
72115ebb-84a3-5d7c-af73-820a69c31842	10	perception	harmony	absolute	harmony-absolute	harmonic-recognition		chord recognition	What is the chord at the {target_index} position considering all the voices?	"[""target_index""]"	get_harmonic_chord			"{""target_index"": ""17th""}"	What is the chord at the 17th position considering all the voices?	Jan_DuGrosserSchmerzensmann	chorale-bricks	Jan_DuGrosserSchmerzensmann	data/chorale-bricks/Jan_DuGrosserSchmerzensmann	major triad	"[""Minor Third"", ""diminished triad"", ""minor seventh chord"", ""minor triad"", ""quartal trichord""]"	"[""Minor Third"", ""minor triad"", ""quartal trichord"", ""minor seventh chord"", ""diminished triad""]"	symbolic	symbolic.abc.txt	data/chorale-bricks/Jan_DuGrosserSchmerzensmann/symbolic.abc.txt	major triad	"[""major triad"", ""none of the other options is correct"", ""Minor Third"", ""minor triad"", ""quartal trichord""]"	0.2	0	"[""A"", ""B"", ""C"", ""D"", ""E""]"	"{""A"": ""quartal trichord"", ""B"": ""Minor Third"", ""C"": ""none of the other options is correct"", ""D"": ""major triad"", ""E"": ""minor triad""}"	"[""(A) quartal trichord"", ""(B) Minor Third"", ""(C) none of the other options is correct"", ""(D) major triad"", ""(E) minor triad""]"	(D) major triad	D
f31b0331-2177-54d8-97ad-7a41c0ca485f	10	perception	harmony	absolute	harmony-absolute	harmonic-recognition		chord recognition	What is the chord at the {target_index} position considering all the voices?	"[""target_index""]"	get_harmonic_chord			"{""target_index"": ""17th""}"	What is the chord at the 17th position considering all the voices?	Jan_DuGrosserSchmerzensmann	chorale-bricks	Jan_DuGrosserSchmerzensmann	data/chorale-bricks/Jan_DuGrosserSchmerzensmann	major triad	"[""Minor Third"", ""diminished triad"", ""minor seventh chord"", ""minor triad"", ""quartal trichord""]"	"[""Minor Third"", ""minor triad"", ""quartal trichord"", ""minor seventh chord"", ""diminished triad""]"	visual	visual.short.png	data/chorale-bricks/Jan_DuGrosserSchmerzensmann/visual.short.png	major triad	"[""major triad"", ""none of the other options is correct"", ""Minor Third"", ""minor triad"", ""quartal trichord""]"	0.2	0	"[""A"", ""B"", ""C"", ""D"", ""E""]"	"{""A"": ""quartal trichord"", ""B"": ""major triad"", ""C"": ""minor triad"", ""D"": ""Minor Third"", ""E"": ""none of the other options is correct""}"	"[""(A) quartal trichord"", ""(B) major triad"", ""(C) minor triad"", ""(D) Minor Third"", ""(E) none of the other options is correct""]"	(B) major triad	B
f8c0dc22-1f00-539c-a9af-321f261097c2	10	perception	harmony	absolute	harmony-absolute	harmonic-recognition		chord recognition	What is the chord at the {target_index} position considering all the voices?	"[""target_index""]"	get_harmonic_chord			"{""target_index"": ""11th""}"	What is the chord at the 11th position considering all the voices?	Bach_IchStehAnDeinerKrippe	chorale-bricks	Bach_IchStehAnDeinerKrippe	data/chorale-bricks/Bach_IchStehAnDeinerKrippe	major triad	"[""Major Third"", ""diminished triad"", ""incomplete dominant-seventh chord"", ""minor triad"", ""quartal trichord""]"	"[""minor triad"", ""incomplete dominant-seventh chord"", ""quartal trichord"", ""Major Third"", ""diminished triad""]"	audio	audio.mastermix.wav	data/chorale-bricks/Bach_IchStehAnDeinerKrippe/audio.mastermix.wav	major triad	"[""major triad"", ""none of the other options is correct"", ""minor triad"", ""incomplete dominant-seventh chord"", ""quartal trichord""]"	0.2	0	"[""A"", ""B"", ""C"", ""D"", ""E""]"	"{""A"": ""minor triad"", ""B"": ""quartal trichord"", ""C"": ""incomplete dominant-seventh chord"", ""D"": ""none of the other options is correct"", ""E"": ""major triad""}"	"[""(A) minor triad"", ""(B) quartal trichord"", ""(C) incomplete dominant-seventh chord"", ""(D) none of the other options is correct"", ""(E) major triad""]"	(E) major triad	E
9d5066a9-c2e1-595b-83a6-85ca47b28e00	10	perception	harmony	absolute	harmony-absolute	harmonic-recognition		chord recognition	What is the chord at the {target_index} position considering all the voices?	"[""target_index""]"	get_harmonic_chord			"{""target_index"": ""11th""}"	What is the chord at the 11th position considering all the voices?	Bach_IchStehAnDeinerKrippe	chorale-bricks	Bach_IchStehAnDeinerKrippe	data/chorale-bricks/Bach_IchStehAnDeinerKrippe	major triad	"[""Major Third"", ""diminished triad"", ""incomplete dominant-seventh chord"", ""minor triad"", ""quartal trichord""]"	"[""minor triad"", ""incomplete dominant-seventh chord"", ""quartal trichord"", ""Major Third"", ""diminished triad""]"	symbolic	symbolic.abc.txt	data/chorale-bricks/Bach_IchStehAnDeinerKrippe/symbolic.abc.txt	major triad	"[""major triad"", ""none of the other options is correct"", ""minor triad"", ""incomplete dominant-seventh chord"", ""quartal trichord""]"	0.2	0	"[""A"", ""B"", ""C"", ""D"", ""E""]"	"{""A"": ""none of the other options is correct"", ""B"": ""major triad"", ""C"": ""incomplete dominant-seventh chord"", ""D"": ""minor triad"", ""E"": ""quartal trichord""}"	"[""(A) none of the other options is correct"", ""(B) major triad"", ""(C) incomplete dominant-seventh chord"", ""(D) minor triad"", ""(E) quartal trichord""]"	(B) major triad	B
a79740b4-40f0-549a-b659-cb0916945e2e	10	perception	harmony	absolute	harmony-absolute	harmonic-recognition		chord recognition	What is the chord at the {target_index} position considering all the voices?	"[""target_index""]"	get_harmonic_chord			"{""target_index"": ""11th""}"	What is the chord at the 11th position considering all the voices?	Bach_IchStehAnDeinerKrippe	chorale-bricks	Bach_IchStehAnDeinerKrippe	data/chorale-bricks/Bach_IchStehAnDeinerKrippe	major triad	"[""Major Third"", ""diminished triad"", ""incomplete dominant-seventh chord"", ""minor triad"", ""quartal trichord""]"	"[""minor triad"", ""incomplete dominant-seventh chord"", ""quartal trichord"", ""Major Third"", ""diminished triad""]"	visual	visual.short.png	data/chorale-bricks/Bach_IchStehAnDeinerKrippe/visual.short.png	major triad	"[""major triad"", ""none of the other options is correct"", ""minor triad"", ""incomplete dominant-seventh chord"", ""quartal trichord""]"	0.2	0	"[""A"", ""B"", ""C"", ""D"", ""E""]"	"{""A"": ""incomplete dominant-seventh chord"", ""B"": ""none of the other options is correct"", ""C"": ""minor triad"", ""D"": ""quartal trichord"", ""E"": ""major triad""}"	"[""(A) incomplete dominant-seventh chord"", ""(B) none of the other options is correct"", ""(C) minor triad"", ""(D) quartal trichord"", ""(E) major triad""]"	(E) major triad	E
2c767aa7-b27a-5fb3-a262-5ffcdcac94f0	10	perception	harmony	absolute	harmony-absolute	harmonic-recognition		chord recognition	What is the chord at the {target_index} position considering all the voices?	"[""target_index""]"	get_harmonic_chord			"{""target_index"": ""17th""}"	What is the chord at the 17th position considering all the voices?	Anonymous_AusMeinesHerzensGrunde	chorale-bricks	Anonymous_AusMeinesHerzensGrunde	data/chorale-bricks/Anonymous_AusMeinesHerzensGrunde	major triad	"[""Major Third"", ""diminished triad"", ""incomplete minor-seventh chord"", ""major-second major tetrachord"", ""minor triad"", ""quartal trichord""]"	"[""diminished triad"", ""incomplete minor-seventh chord"", ""minor triad"", ""Major Third"", ""quartal trichord"", ""major-second major tetrachord""]"	audio	audio.mastermix.wav	data/chorale-bricks/Anonymous_AusMeinesHerzensGrunde/audio.mastermix.wav	major triad	"[""major triad"", ""none of the other options is correct"", ""diminished triad"", ""incomplete minor-seventh chord"", ""minor triad""]"	0.2	0	"[""A"", ""B"", ""C"", ""D"", ""E""]"	"{""A"": ""diminished triad"", ""B"": ""minor triad"", ""C"": ""incomplete minor-seventh chord"", ""D"": ""major triad"", ""E"": ""none of the other options is correct""}"	"[""(A) diminished triad"", ""(B) minor triad"", ""(C) incomplete minor-seventh chord"", ""(D) major triad"", ""(E) none of the other options is correct""]"	(D) major triad	D
b071e2d9-d5d3-5c73-a723-d8227fde1250	10	perception	harmony	absolute	harmony-absolute	harmonic-recognition		chord recognition	What is the chord at the {target_index} position considering all the voices?	"[""target_index""]"	get_harmonic_chord			"{""target_index"": ""17th""}"	What is the chord at the 17th position considering all the voices?	Anonymous_AusMeinesHerzensGrunde	chorale-bricks	Anonymous_AusMeinesHerzensGrunde	data/chorale-bricks/Anonymous_AusMeinesHerzensGrunde	major triad	"[""Major Third"", ""diminished triad"", ""incomplete minor-seventh chord"", ""major-second major tetrachord"", ""minor triad"", ""quartal trichord""]"	"[""diminished triad"", ""incomplete minor-seventh chord"", ""minor triad"", ""Major Third"", ""quartal trichord"", ""major-second major tetrachord""]"	symbolic	symbolic.abc.txt	data/chorale-bricks/Anonymous_AusMeinesHerzensGrunde/symbolic.abc.txt	major triad	"[""major triad"", ""none of the other options is correct"", ""diminished triad"", ""incomplete minor-seventh chord"", ""minor triad""]"	0.2	0	"[""A"", ""B"", ""C"", ""D"", ""E""]"	"{""A"": ""none of the other options is correct"", ""B"": ""minor triad"", ""C"": ""incomplete minor-seventh chord"", ""D"": ""major triad"", ""E"": ""diminished triad""}"	"[""(A) none of the other options is correct"", ""(B) minor triad"", ""(C) incomplete minor-seventh chord"", ""(D) major triad"", ""(E) diminished triad""]"	(D) major triad	D
0c93edfb-c7be-5655-b1fd-aeb51551ff70	10	perception	harmony	absolute	harmony-absolute	harmonic-recognition		chord recognition	What is the chord at the {target_index} position considering all the voices?	"[""target_index""]"	get_harmonic_chord			"{""target_index"": ""17th""}"	What is the chord at the 17th position considering all the voices?	Anonymous_AusMeinesHerzensGrunde	chorale-bricks	Anonymous_AusMeinesHerzensGrunde	data/chorale-bricks/Anonymous_AusMeinesHerzensGrunde	major triad	"[""Major Third"", ""diminished triad"", ""incomplete minor-seventh chord"", ""major-second major tetrachord"", ""minor triad"", ""quartal trichord""]"	"[""diminished triad"", ""incomplete minor-seventh chord"", ""minor triad"", ""Major Third"", ""quartal trichord"", ""major-second major tetrachord""]"	visual	visual.short.png	data/chorale-bricks/Anonymous_AusMeinesHerzensGrunde/visual.short.png	none of the other options is correct	"[""none of the other options is correct"", ""diminished triad"", ""incomplete minor-seventh chord"", ""minor triad"", ""Major Third""]"	0.2	1	"[""A"", ""B"", ""C"", ""D"", ""E""]"	"{""A"": ""incomplete minor-seventh chord"", ""B"": ""none of the other options is correct"", ""C"": ""diminished triad"", ""D"": ""minor triad"", ""E"": ""Major Third""}"	"[""(A) incomplete minor-seventh chord"", ""(B) none of the other options is correct"", ""(C) diminished triad"", ""(D) minor triad"", ""(E) Major Third""]"	(B) none of the other options is correct	B
d1caaa95-a088-50fc-ad83-f3752362ff17	11	perception	harmony	relative	harmony-relative	harmonic-recognition		cadence recognition	What is the chord progression between the {target_index} chord and the next one?	"[""target_index""]"	get_harmonic_cadence			"{""target_index"": ""28th""}"	What is the chord progression between the 28th chord and the next one?	Crueger_AufAufMeinHerzMitFreuden	chorale-bricks	Crueger_AufAufMeinHerzMitFreuden	data/chorale-bricks/Crueger_AufAufMeinHerzMitFreuden	I - V	"[""I - I"", ""I - IV"", ""I - fI"", ""I - i"", ""I - v"", ""I - vi"", ""II - v"", ""III - III"", ""III - IV"", ""III - VI"", ""III - VII"", ""III - fIII"", ""III - iv"", ""IV - I"", ""IV - V"", ""IV - VII"", ""IV - fIV"", ""IV - i"", ""IV - ii"", ""V - I"", ""V - IV"", ""V - V"", ""V - VI"", ""V - fV"", ""V - i"", ""V - iv"", ""V - v"", ""V - vi"", ""V7 - I"", ""V7 - VI"", ""V7 - fV7"", ""V7 - i"", ""V7 - vi"", ""VI - III"", ""VI - V"", ""VI - VII"", ""VI - fVI"", ""VI - ii"", ""VI - iv"", ""VII - III"", ""VII - IV"", ""VII - VII"", ""VII - i"", ""VII - ii"", ""VII - iv"", ""VII - v"", ""i - I"", ""i - III"", ""i - IV"", ""i - V"", ""i - VI"", ""i - VII"", ""i - fi"", ""i - i"", ""i - iv"", ""ii - III"", ""ii - IV"", ""ii - V"", ""ii - V7"", ""ii - fii"", ""ii - iv"", ""ii - v"", ""ii - vi"", ""ii7 - V"", ""ii7 - fii7"", ""iii - IV"", ""iii - fiii"", ""iii - vi"", ""iv - I"", ""iv - III"", ""iv - V"", ""iv - VII"", ""iv - fiv"", ""iv - i"", ""iv - ii"", ""v - II"", ""v - III"", ""v - IV"", ""v - V"", ""v - VI"", ""v - fv"", ""v - i"", ""v - v"", ""vi - I"", ""vi - V"", ""vi - fvi"", ""vi - ii"", ""vi - iv"", ""vi - vi"", ""vii - I"", ""vii - fvii"", ""vii - i"", ""vii7 - I"", ""vii7 - fvii7"", ""vii7 - i""]"	"[""i - IV"", ""iv - fiv"", ""III - IV"", ""ii - iv"", ""IV - fIV"", ""v - v"", ""I - v"", ""i - iv"", ""IV - V"", ""iv - III"", ""v - i"", ""v - IV"", ""V7 - I"", ""ii - fii"", ""VII - IV"", ""i - i"", ""V - iv"", ""vi - vi"", ""V7 - fV7"", ""III - III"", ""ii7 - fii7"", ""i - I"", ""v - fv"", ""I - IV"", ""i - VI"", ""V - fV"", ""V - VI"", ""VI - iv"", ""vi - I"", ""ii - v"", ""VII - VII"", ""V7 - vi"", ""vii - fvii"", ""VI - fVI"", ""vi - V"", ""ii - V7"", ""VI - V"", ""vii7 - I"", ""vi - fvi"", ""i - VII"", ""iv - ii"", ""iv - i"", ""vi - ii"", ""I - fI"", ""VII - iv"", ""v - II"", ""IV - ii"", ""VI - III"", ""I - vi"", ""ii - V"", ""vii7 - fvii7"", ""v - VI"", ""iv - V"", ""V7 - VI"", ""i - fi"", ""i - V"", ""V - vi"", ""ii - III"", ""ii - vi"", ""iv - VII"", ""i - III"", ""V - v"", ""II - v"", ""V - i"", ""iii - IV"", ""III - VI"", ""VII - v"", ""V - V"", ""III - iv"", ""vii - I"", ""VI - VII"", ""I - i"", ""III - VII"", ""VII - ii"", ""V7 - i"", ""v - III"", ""IV - I"", ""III - fIII"", ""iii - fiii"", ""vi - iv"", ""ii - IV"", ""IV - VII"", ""V - IV"", ""IV - i"", ""iii - vi"", ""VII - III"", ""I - I"", ""VII - i"", ""V - I"", ""VI - ii"", ""ii7 - V"", ""vii7 - i"", ""v - V"", ""iv - I"", ""vii - i""]"	audio	audio.mastermix.wav	data/chorale-bricks/Crueger_AufAufMeinHerzMitFreuden/audio.mastermix.wav	I - V	"[""I - V"", ""none of the other options is correct"", ""i - IV"", ""iv - fiv"", ""III - IV""]"	0.2	0	"[""A"", ""B"", ""C"", ""D"", ""E""]"	"{""A"": ""iv - fiv"", ""B"": ""I - V"", ""C"": ""i - IV"", ""D"": ""III - IV"", ""E"": ""none of the other options is correct""}"	"[""(A) iv - fiv"", ""(B) I - V"", ""(C) i - IV"", ""(D) III - IV"", ""(E) none of the other options is correct""]"	(B) I - V	B
3a3cae50-43bb-51a2-9daa-0f75ad2b8019	11	perception	harmony	relative	harmony-relative	harmonic-recognition		cadence recognition	What is the chord progression between the {target_index} chord and the next one?	"[""target_index""]"	get_harmonic_cadence			"{""target_index"": ""28th""}"	What is the chord progression between the 28th chord and the next one?	Crueger_AufAufMeinHerzMitFreuden	chorale-bricks	Crueger_AufAufMeinHerzMitFreuden	data/chorale-bricks/Crueger_AufAufMeinHerzMitFreuden	I - V	"[""I - I"", ""I - IV"", ""I - fI"", ""I - i"", ""I - v"", ""I - vi"", ""II - v"", ""III - III"", ""III - IV"", ""III - VI"", ""III - VII"", ""III - fIII"", ""III - iv"", ""IV - I"", ""IV - V"", ""IV - VII"", ""IV - fIV"", ""IV - i"", ""IV - ii"", ""V - I"", ""V - IV"", ""V - V"", ""V - VI"", ""V - fV"", ""V - i"", ""V - iv"", ""V - v"", ""V - vi"", ""V7 - I"", ""V7 - VI"", ""V7 - fV7"", ""V7 - i"", ""V7 - vi"", ""VI - III"", ""VI - V"", ""VI - VII"", ""VI - fVI"", ""VI - ii"", ""VI - iv"", ""VII - III"", ""VII - IV"", ""VII - VII"", ""VII - i"", ""VII - ii"", ""VII - iv"", ""VII - v"", ""i - I"", ""i - III"", ""i - IV"", ""i - V"", ""i - VI"", ""i - VII"", ""i - fi"", ""i - i"", ""i - iv"", ""ii - III"", ""ii - IV"", ""ii - V"", ""ii - V7"", ""ii - fii"", ""ii - iv"", ""ii - v"", ""ii - vi"", ""ii7 - V"", ""ii7 - fii7"", ""iii - IV"", ""iii - fiii"", ""iii - vi"", ""iv - I"", ""iv - III"", ""iv - V"", ""iv - VII"", ""iv - fiv"", ""iv - i"", ""iv - ii"", ""v - II"", ""v - III"", ""v - IV"", ""v - V"", ""v - VI"", ""v - fv"", ""v - i"", ""v - v"", ""vi - I"", ""vi - V"", ""vi - fvi"", ""vi - ii"", ""vi - iv"", ""vi - vi"", ""vii - I"", ""vii - fvii"", ""vii - i"", ""vii7 - I"", ""vii7 - fvii7"", ""vii7 - i""]"	"[""i - IV"", ""iv - fiv"", ""III - IV"", ""ii - iv"", ""IV - fIV"", ""v - v"", ""I - v"", ""i - iv"", ""IV - V"", ""iv - III"", ""v - i"", ""v - IV"", ""V7 - I"", ""ii - fii"", ""VII - IV"", ""i - i"", ""V - iv"", ""vi - vi"", ""V7 - fV7"", ""III - III"", ""ii7 - fii7"", ""i - I"", ""v - fv"", ""I - IV"", ""i - VI"", ""V - fV"", ""V - VI"", ""VI - iv"", ""vi - I"", ""ii - v"", ""VII - VII"", ""V7 - vi"", ""vii - fvii"", ""VI - fVI"", ""vi - V"", ""ii - V7"", ""VI - V"", ""vii7 - I"", ""vi - fvi"", ""i - VII"", ""iv - ii"", ""iv - i"", ""vi - ii"", ""I - fI"", ""VII - iv"", ""v - II"", ""IV - ii"", ""VI - III"", ""I - vi"", ""ii - V"", ""vii7 - fvii7"", ""v - VI"", ""iv - V"", ""V7 - VI"", ""i - fi"", ""i - V"", ""V - vi"", ""ii - III"", ""ii - vi"", ""iv - VII"", ""i - III"", ""V - v"", ""II - v"", ""V - i"", ""iii - IV"", ""III - VI"", ""VII - v"", ""V - V"", ""III - iv"", ""vii - I"", ""VI - VII"", ""I - i"", ""III - VII"", ""VII - ii"", ""V7 - i"", ""v - III"", ""IV - I"", ""III - fIII"", ""iii - fiii"", ""vi - iv"", ""ii - IV"", ""IV - VII"", ""V - IV"", ""IV - i"", ""iii - vi"", ""VII - III"", ""I - I"", ""VII - i"", ""V - I"", ""VI - ii"", ""ii7 - V"", ""vii7 - i"", ""v - V"", ""iv - I"", ""vii - i""]"	symbolic	symbolic.abc.txt	data/chorale-bricks/Crueger_AufAufMeinHerzMitFreuden/symbolic.abc.txt	I - V	"[""I - V"", ""none of the other options is correct"", ""i - IV"", ""iv - fiv"", ""III - IV""]"	0.2	0	"[""A"", ""B"", ""C"", ""D"", ""E""]"	"{""A"": ""iv - fiv"", ""B"": ""i - IV"", ""C"": ""none of the other options is correct"", ""D"": ""I - V"", ""E"": ""III - IV""}"	"[""(A) iv - fiv"", ""(B) i - IV"", ""(C) none of the other options is correct"", ""(D) I - V"", ""(E) III - IV""]"	(D) I - V	D
9307e1b8-7655-5fa2-9cda-5dd390a0d643	11	perception	harmony	relative	harmony-relative	harmonic-recognition		cadence recognition	What is the chord progression between the {target_index} chord and the next one?	"[""target_index""]"	get_harmonic_cadence			"{""target_index"": ""28th""}"	What is the chord progression between the 28th chord and the next one?	Crueger_AufAufMeinHerzMitFreuden	chorale-bricks	Crueger_AufAufMeinHerzMitFreuden	data/chorale-bricks/Crueger_AufAufMeinHerzMitFreuden	I - V	"[""I - I"", ""I - IV"", ""I - fI"", ""I - i"", ""I - v"", ""I - vi"", ""II - v"", ""III - III"", ""III - IV"", ""III - VI"", ""III - VII"", ""III - fIII"", ""III - iv"", ""IV - I"", ""IV - V"", ""IV - VII"", ""IV - fIV"", ""IV - i"", ""IV - ii"", ""V - I"", ""V - IV"", ""V - V"", ""V - VI"", ""V - fV"", ""V - i"", ""V - iv"", ""V - v"", ""V - vi"", ""V7 - I"", ""V7 - VI"", ""V7 - fV7"", ""V7 - i"", ""V7 - vi"", ""VI - III"", ""VI - V"", ""VI - VII"", ""VI - fVI"", ""VI - ii"", ""VI - iv"", ""VII - III"", ""VII - IV"", ""VII - VII"", ""VII - i"", ""VII - ii"", ""VII - iv"", ""VII - v"", ""i - I"", ""i - III"", ""i - IV"", ""i - V"", ""i - VI"", ""i - VII"", ""i - fi"", ""i - i"", ""i - iv"", ""ii - III"", ""ii - IV"", ""ii - V"", ""ii - V7"", ""ii - fii"", ""ii - iv"", ""ii - v"", ""ii - vi"", ""ii7 - V"", ""ii7 - fii7"", ""iii - IV"", ""iii - fiii"", ""iii - vi"", ""iv - I"", ""iv - III"", ""iv - V"", ""iv - VII"", ""iv - fiv"", ""iv - i"", ""iv - ii"", ""v - II"", ""v - III"", ""v - IV"", ""v - V"", ""v - VI"", ""v - fv"", ""v - i"", ""v - v"", ""vi - I"", ""vi - V"", ""vi - fvi"", ""vi - ii"", ""vi - iv"", ""vi - vi"", ""vii - I"", ""vii - fvii"", ""vii - i"", ""vii7 - I"", ""vii7 - fvii7"", ""vii7 - i""]"	"[""i - IV"", ""iv - fiv"", ""III - IV"", ""ii - iv"", ""IV - fIV"", ""v - v"", ""I - v"", ""i - iv"", ""IV - V"", ""iv - III"", ""v - i"", ""v - IV"", ""V7 - I"", ""ii - fii"", ""VII - IV"", ""i - i"", ""V - iv"", ""vi - vi"", ""V7 - fV7"", ""III - III"", ""ii7 - fii7"", ""i - I"", ""v - fv"", ""I - IV"", ""i - VI"", ""V - fV"", ""V - VI"", ""VI - iv"", ""vi - I"", ""ii - v"", ""VII - VII"", ""V7 - vi"", ""vii - fvii"", ""VI - fVI"", ""vi - V"", ""ii - V7"", ""VI - V"", ""vii7 - I"", ""vi - fvi"", ""i - VII"", ""iv - ii"", ""iv - i"", ""vi - ii"", ""I - fI"", ""VII - iv"", ""v - II"", ""IV - ii"", ""VI - III"", ""I - vi"", ""ii - V"", ""vii7 - fvii7"", ""v - VI"", ""iv - V"", ""V7 - VI"", ""i - fi"", ""i - V"", ""V - vi"", ""ii - III"", ""ii - vi"", ""iv - VII"", ""i - III"", ""V - v"", ""II - v"", ""V - i"", ""iii - IV"", ""III - VI"", ""VII - v"", ""V - V"", ""III - iv"", ""vii - I"", ""VI - VII"", ""I - i"", ""III - VII"", ""VII - ii"", ""V7 - i"", ""v - III"", ""IV - I"", ""III - fIII"", ""iii - fiii"", ""vi - iv"", ""ii - IV"", ""IV - VII"", ""V - IV"", ""IV - i"", ""iii - vi"", ""VII - III"", ""I - I"", ""VII - i"", ""V - I"", ""VI - ii"", ""ii7 - V"", ""vii7 - i"", ""v - V"", ""iv - I"", ""vii - i""]"	visual	visual.short.png	data/chorale-bricks/Crueger_AufAufMeinHerzMitFreuden/visual.short.png	I - V	"[""I - V"", ""none of the other options is correct"", ""i - IV"", ""iv - fiv"", ""III - IV""]"	0.2	0	"[""A"", ""B"", ""C"", ""D"", ""E""]"	"{""A"": ""i - IV"", ""B"": ""I - V"", ""C"": ""III - IV"", ""D"": ""none of the other options is correct"", ""E"": ""iv - fiv""}"	"[""(A) i - IV"", ""(B) I - V"", ""(C) III - IV"", ""(D) none of the other options is correct"", ""(E) iv - fiv""]"	(B) I - V	B
b1a0e72b-f719-5931-a94a-cf5e8a85f380	11	perception	harmony	relative	harmony-relative	harmonic-recognition		cadence recognition	What is the chord progression between the {target_index} chord and the next one?	"[""target_index""]"	get_harmonic_cadence			"{""target_index"": ""29th""}"	What is the chord progression between the 29th chord and the next one?	Anonymous_AusMeinesHerzensGrunde	chorale-bricks	Anonymous_AusMeinesHerzensGrunde	data/chorale-bricks/Anonymous_AusMeinesHerzensGrunde	i - V	"[""I - I"", ""I - IV"", ""I - V"", ""I - fI"", ""I - i"", ""I - v"", ""I - vi"", ""II - v"", ""III - III"", ""III - IV"", ""III - VI"", ""III - VII"", ""III - fIII"", ""III - iv"", ""IV - I"", ""IV - V"", ""IV - VII"", ""IV - fIV"", ""IV - i"", ""IV - ii"", ""V - I"", ""V - IV"", ""V - V"", ""V - VI"", ""V - fV"", ""V - i"", ""V - iv"", ""V - v"", ""V - vi"", ""V7 - I"", ""V7 - VI"", ""V7 - fV7"", ""V7 - i"", ""V7 - vi"", ""VI - III"", ""VI - V"", ""VI - VII"", ""VI - fVI"", ""VI - ii"", ""VI - iv"", ""VII - III"", ""VII - IV"", ""VII - VII"", ""VII - i"", ""VII - ii"", ""VII - iv"", ""VII - v"", ""i - I"", ""i - III"", ""i - IV"", ""i - VI"", ""i - VII"", ""i - fi"", ""i - i"", ""i - iv"", ""ii - III"", ""ii - IV"", ""ii - V"", ""ii - V7"", ""ii - fii"", ""ii - iv"", ""ii - v"", ""ii - vi"", ""ii7 - V"", ""ii7 - fii7"", ""iii - IV"", ""iii - fiii"", ""iii - vi"", ""iv - I"", ""iv - III"", ""iv - V"", ""iv - VII"", ""iv - fiv"", ""iv - i"", ""iv - ii"", ""v - II"", ""v - III"", ""v - IV"", ""v - V"", ""v - VI"", ""v - fv"", ""v - i"", ""v - v"", ""vi - I"", ""vi - V"", ""vi - fvi"", ""vi - ii"", ""vi - iv"", ""vi - vi"", ""vii - I"", ""vii - fvii"", ""vii - i"", ""vii7 - I"", ""vii7 - fvii7"", ""vii7 - i""]"	"[""ii - V"", ""ii - vi"", ""I - v"", ""I - I"", ""vi - ii"", ""iv - i"", ""v - fv"", ""i - iv"", ""iii - fiii"", ""V - fV"", ""v - II"", ""VII - ii"", ""vii - fvii"", ""ii - v"", ""V7 - VI"", ""ii - fii"", ""iv - ii"", ""iii - IV"", ""IV - VII"", ""V - vi"", ""VI - VII"", ""V - VI"", ""III - fIII"", ""III - iv"", ""VII - III"", ""ii - iv"", ""IV - I"", ""I - vi"", ""III - IV"", ""iv - VII"", ""vi - vi"", ""vi - I"", ""VI - V"", ""IV - fIV"", ""vi - iv"", ""ii - IV"", ""ii - III"", ""VI - iv"", ""iv - fiv"", ""v - V"", ""v - IV"", ""iii - vi"", ""i - VI"", ""I - V"", ""IV - V"", ""vi - fvi"", ""VII - v"", ""V7 - vi"", ""i - VII"", ""vii7 - fvii7"", ""ii7 - V"", ""i - I"", ""i - III"", ""i - IV"", ""I - i"", ""V7 - i"", ""VII - iv"", ""V7 - fV7"", ""II - v"", ""i - i"", ""v - i"", ""VII - VII"", ""v - VI"", ""iv - V"", ""V - IV"", ""v - III"", ""VI - fVI"", ""III - III"", ""vii - i"", ""IV - i"", ""iv - I"", ""VI - ii"", ""v - v"", ""ii7 - fii7"", ""V - V"", ""V - i"", ""iv - III"", ""vi - V"", ""vii - I"", ""i - fi"", ""vii7 - i"", ""vii7 - I"", ""V7 - I"", ""VI - III"", ""I - fI"", ""III - VII"", ""III - VI"", ""V - v"", ""V - iv"", ""VII - i"", ""ii - V7"", ""I - IV"", ""V - I"", ""VII - IV"", ""IV - ii""]"	audio	audio.mastermix.wav	data/chorale-bricks/Anonymous_AusMeinesHerzensGrunde/audio.mastermix.wav	i - V	"[""i - V"", ""none of the other options is correct"", ""ii - V"", ""ii - vi"", ""I - v""]"	0.2	0	"[""A"", ""B"", ""C"", ""D"", ""E""]"	"{""A"": ""ii - V"", ""B"": ""ii - vi"", ""C"": ""none of the other options is correct"", ""D"": ""I - v"", ""E"": ""i - V""}"	"[""(A) ii - V"", ""(B) ii - vi"", ""(C) none of the other options is correct"", ""(D) I - v"", ""(E) i - V""]"	(E) i - V	E
563b1e7b-8473-5580-9b8e-9671a3567a37	11	perception	harmony	relative	harmony-relative	harmonic-recognition		cadence recognition	What is the chord progression between the {target_index} chord and the next one?	"[""target_index""]"	get_harmonic_cadence			"{""target_index"": ""29th""}"	What is the chord progression between the 29th chord and the next one?	Anonymous_AusMeinesHerzensGrunde	chorale-bricks	Anonymous_AusMeinesHerzensGrunde	data/chorale-bricks/Anonymous_AusMeinesHerzensGrunde	i - V	"[""I - I"", ""I - IV"", ""I - V"", ""I - fI"", ""I - i"", ""I - v"", ""I - vi"", ""II - v"", ""III - III"", ""III - IV"", ""III - VI"", ""III - VII"", ""III - fIII"", ""III - iv"", ""IV - I"", ""IV - V"", ""IV - VII"", ""IV - fIV"", ""IV - i"", ""IV - ii"", ""V - I"", ""V - IV"", ""V - V"", ""V - VI"", ""V - fV"", ""V - i"", ""V - iv"", ""V - v"", ""V - vi"", ""V7 - I"", ""V7 - VI"", ""V7 - fV7"", ""V7 - i"", ""V7 - vi"", ""VI - III"", ""VI - V"", ""VI - VII"", ""VI - fVI"", ""VI - ii"", ""VI - iv"", ""VII - III"", ""VII - IV"", ""VII - VII"", ""VII - i"", ""VII - ii"", ""VII - iv"", ""VII - v"", ""i - I"", ""i - III"", ""i - IV"", ""i - VI"", ""i - VII"", ""i - fi"", ""i - i"", ""i - iv"", ""ii - III"", ""ii - IV"", ""ii - V"", ""ii - V7"", ""ii - fii"", ""ii - iv"", ""ii - v"", ""ii - vi"", ""ii7 - V"", ""ii7 - fii7"", ""iii - IV"", ""iii - fiii"", ""iii - vi"", ""iv - I"", ""iv - III"", ""iv - V"", ""iv - VII"", ""iv - fiv"", ""iv - i"", ""iv - ii"", ""v - II"", ""v - III"", ""v - IV"", ""v - V"", ""v - VI"", ""v - fv"", ""v - i"", ""v - v"", ""vi - I"", ""vi - V"", ""vi - fvi"", ""vi - ii"", ""vi - iv"", ""vi - vi"", ""vii - I"", ""vii - fvii"", ""vii - i"", ""vii7 - I"", ""vii7 - fvii7"", ""vii7 - i""]"	"[""ii - V"", ""ii - vi"", ""I - v"", ""I - I"", ""vi - ii"", ""iv - i"", ""v - fv"", ""i - iv"", ""iii - fiii"", ""V - fV"", ""v - II"", ""VII - ii"", ""vii - fvii"", ""ii - v"", ""V7 - VI"", ""ii - fii"", ""iv - ii"", ""iii - IV"", ""IV - VII"", ""V - vi"", ""VI - VII"", ""V - VI"", ""III - fIII"", ""III - iv"", ""VII - III"", ""ii - iv"", ""IV - I"", ""I - vi"", ""III - IV"", ""iv - VII"", ""vi - vi"", ""vi - I"", ""VI - V"", ""IV - fIV"", ""vi - iv"", ""ii - IV"", ""ii - III"", ""VI - iv"", ""iv - fiv"", ""v - V"", ""v - IV"", ""iii - vi"", ""i - VI"", ""I - V"", ""IV - V"", ""vi - fvi"", ""VII - v"", ""V7 - vi"", ""i - VII"", ""vii7 - fvii7"", ""ii7 - V"", ""i - I"", ""i - III"", ""i - IV"", ""I - i"", ""V7 - i"", ""VII - iv"", ""V7 - fV7"", ""II - v"", ""i - i"", ""v - i"", ""VII - VII"", ""v - VI"", ""iv - V"", ""V - IV"", ""v - III"", ""VI - fVI"", ""III - III"", ""vii - i"", ""IV - i"", ""iv - I"", ""VI - ii"", ""v - v"", ""ii7 - fii7"", ""V - V"", ""V - i"", ""iv - III"", ""vi - V"", ""vii - I"", ""i - fi"", ""vii7 - i"", ""vii7 - I"", ""V7 - I"", ""VI - III"", ""I - fI"", ""III - VII"", ""III - VI"", ""V - v"", ""V - iv"", ""VII - i"", ""ii - V7"", ""I - IV"", ""V - I"", ""VII - IV"", ""IV - ii""]"	symbolic	symbolic.abc.txt	data/chorale-bricks/Anonymous_AusMeinesHerzensGrunde/symbolic.abc.txt	i - V	"[""i - V"", ""none of the other options is correct"", ""ii - V"", ""ii - vi"", ""I - v""]"	0.2	0	"[""A"", ""B"", ""C"", ""D"", ""E""]"	"{""A"": ""ii - vi"", ""B"": ""none of the other options is correct"", ""C"": ""ii - V"", ""D"": ""i - V"", ""E"": ""I - v""}"	"[""(A) ii - vi"", ""(B) none of the other options is correct"", ""(C) ii - V"", ""(D) i - V"", ""(E) I - v""]"	(D) i - V	D
7884fbe6-2e70-5ecb-ba8b-a787adc0c365	11	perception	harmony	relative	harmony-relative	harmonic-recognition		cadence recognition	What is the chord progression between the {target_index} chord and the next one?	"[""target_index""]"	get_harmonic_cadence			"{""target_index"": ""29th""}"	What is the chord progression between the 29th chord and the next one?	Anonymous_AusMeinesHerzensGrunde	chorale-bricks	Anonymous_AusMeinesHerzensGrunde	data/chorale-bricks/Anonymous_AusMeinesHerzensGrunde	i - V	"[""I - I"", ""I - IV"", ""I - V"", ""I - fI"", ""I - i"", ""I - v"", ""I - vi"", ""II - v"", ""III - III"", ""III - IV"", ""III - VI"", ""III - VII"", ""III - fIII"", ""III - iv"", ""IV - I"", ""IV - V"", ""IV - VII"", ""IV - fIV"", ""IV - i"", ""IV - ii"", ""V - I"", ""V - IV"", ""V - V"", ""V - VI"", ""V - fV"", ""V - i"", ""V - iv"", ""V - v"", ""V - vi"", ""V7 - I"", ""V7 - VI"", ""V7 - fV7"", ""V7 - i"", ""V7 - vi"", ""VI - III"", ""VI - V"", ""VI - VII"", ""VI - fVI"", ""VI - ii"", ""VI - iv"", ""VII - III"", ""VII - IV"", ""VII - VII"", ""VII - i"", ""VII - ii"", ""VII - iv"", ""VII - v"", ""i - I"", ""i - III"", ""i - IV"", ""i - VI"", ""i - VII"", ""i - fi"", ""i - i"", ""i - iv"", ""ii - III"", ""ii - IV"", ""ii - V"", ""ii - V7"", ""ii - fii"", ""ii - iv"", ""ii - v"", ""ii - vi"", ""ii7 - V"", ""ii7 - fii7"", ""iii - IV"", ""iii - fiii"", ""iii - vi"", ""iv - I"", ""iv - III"", ""iv - V"", ""iv - VII"", ""iv - fiv"", ""iv - i"", ""iv - ii"", ""v - II"", ""v - III"", ""v - IV"", ""v - V"", ""v - VI"", ""v - fv"", ""v - i"", ""v - v"", ""vi - I"", ""vi - V"", ""vi - fvi"", ""vi - ii"", ""vi - iv"", ""vi - vi"", ""vii - I"", ""vii - fvii"", ""vii - i"", ""vii7 - I"", ""vii7 - fvii7"", ""vii7 - i""]"	"[""ii - V"", ""ii - vi"", ""I - v"", ""I - I"", ""vi - ii"", ""iv - i"", ""v - fv"", ""i - iv"", ""iii - fiii"", ""V - fV"", ""v - II"", ""VII - ii"", ""vii - fvii"", ""ii - v"", ""V7 - VI"", ""ii - fii"", ""iv - ii"", ""iii - IV"", ""IV - VII"", ""V - vi"", ""VI - VII"", ""V - VI"", ""III - fIII"", ""III - iv"", ""VII - III"", ""ii - iv"", ""IV - I"", ""I - vi"", ""III - IV"", ""iv - VII"", ""vi - vi"", ""vi - I"", ""VI - V"", ""IV - fIV"", ""vi - iv"", ""ii - IV"", ""ii - III"", ""VI - iv"", ""iv - fiv"", ""v - V"", ""v - IV"", ""iii - vi"", ""i - VI"", ""I - V"", ""IV - V"", ""vi - fvi"", ""VII - v"", ""V7 - vi"", ""i - VII"", ""vii7 - fvii7"", ""ii7 - V"", ""i - I"", ""i - III"", ""i - IV"", ""I - i"", ""V7 - i"", ""VII - iv"", ""V7 - fV7"", ""II - v"", ""i - i"", ""v - i"", ""VII - VII"", ""v - VI"", ""iv - V"", ""V - IV"", ""v - III"", ""VI - fVI"", ""III - III"", ""vii - i"", ""IV - i"", ""iv - I"", ""VI - ii"", ""v - v"", ""ii7 - fii7"", ""V - V"", ""V - i"", ""iv - III"", ""vi - V"", ""vii - I"", ""i - fi"", ""vii7 - i"", ""vii7 - I"", ""V7 - I"", ""VI - III"", ""I - fI"", ""III - VII"", ""III - VI"", ""V - v"", ""V - iv"", ""VII - i"", ""ii - V7"", ""I - IV"", ""V - I"", ""VII - IV"", ""IV - ii""]"	visual	visual.short.png	data/chorale-bricks/Anonymous_AusMeinesHerzensGrunde/visual.short.png	i - V	"[""i - V"", ""none of the other options is correct"", ""ii - V"", ""ii - vi"", ""I - v""]"	0.2	0	"[""A"", ""B"", ""C"", ""D"", ""E""]"	"{""A"": ""ii - vi"", ""B"": ""ii - V"", ""C"": ""i - V"", ""D"": ""none of the other options is correct"", ""E"": ""I - v""}"	"[""(A) ii - vi"", ""(B) ii - V"", ""(C) i - V"", ""(D) none of the other options is correct"", ""(E) I - v""]"	(C) i - V	C
2cd4a7e3-3fe2-533d-ac46-c096b86fac4d	11	perception	harmony	relative	harmony-relative	harmonic-recognition		cadence recognition	What is the chord progression between the {target_index} chord and the next one?	"[""target_index""]"	get_harmonic_cadence			"{""target_index"": ""63rd""}"	What is the chord progression between the 63rd chord and the next one?	Anonymous_AusMeinesHerzensGrunde	chorale-bricks	Anonymous_AusMeinesHerzensGrunde	data/chorale-bricks/Anonymous_AusMeinesHerzensGrunde	i - V	"[""I - I"", ""I - IV"", ""I - V"", ""I - fI"", ""I - i"", ""I - v"", ""I - vi"", ""II - v"", ""III - III"", ""III - IV"", ""III - VI"", ""III - VII"", ""III - fIII"", ""III - iv"", ""IV - I"", ""IV - V"", ""IV - VII"", ""IV - fIV"", ""IV - i"", ""IV - ii"", ""V - I"", ""V - IV"", ""V - V"", ""V - VI"", ""V - fV"", ""V - i"", ""V - iv"", ""V - v"", ""V - vi"", ""V7 - I"", ""V7 - VI"", ""V7 - fV7"", ""V7 - i"", ""V7 - vi"", ""VI - III"", ""VI - V"", ""VI - VII"", ""VI - fVI"", ""VI - ii"", ""VI - iv"", ""VII - III"", ""VII - IV"", ""VII - VII"", ""VII - i"", ""VII - ii"", ""VII - iv"", ""VII - v"", ""i - I"", ""i - III"", ""i - IV"", ""i - VI"", ""i - VII"", ""i - fi"", ""i - i"", ""i - iv"", ""ii - III"", ""ii - IV"", ""ii - V"", ""ii - V7"", ""ii - fii"", ""ii - iv"", ""ii - v"", ""ii - vi"", ""ii7 - V"", ""ii7 - fii7"", ""iii - IV"", ""iii - fiii"", ""iii - vi"", ""iv - I"", ""iv - III"", ""iv - V"", ""iv - VII"", ""iv - fiv"", ""iv - i"", ""iv - ii"", ""v - II"", ""v - III"", ""v - IV"", ""v - V"", ""v - VI"", ""v - fv"", ""v - i"", ""v - v"", ""vi - I"", ""vi - V"", ""vi - fvi"", ""vi - ii"", ""vi - iv"", ""vi - vi"", ""vii - I"", ""vii - fvii"", ""vii - i"", ""vii7 - I"", ""vii7 - fvii7"", ""vii7 - i""]"	"[""iii - vi"", ""vi - vi"", ""V7 - fV7"", ""V - IV"", ""VI - ii"", ""V7 - VI"", ""III - III"", ""II - v"", ""iv - i"", ""V - iv"", ""v - III"", ""i - i"", ""v - VI"", ""vi - V"", ""ii - V7"", ""iv - VII"", ""VII - III"", ""v - II"", ""IV - VII"", ""vi - ii"", ""ii - vi"", ""ii7 - fii7"", ""vii - i"", ""iv - ii"", ""vii - fvii"", ""ii - v"", ""ii - iv"", ""IV - I"", ""IV - fIV"", ""I - IV"", ""III - iv"", ""ii - V"", ""VII - IV"", ""i - fi"", ""VI - iv"", ""III - VI"", ""V7 - I"", ""v - i"", ""i - IV"", ""V - I"", ""VI - V"", ""iv - V"", ""VI - fVI"", ""vi - iv"", ""V7 - i"", ""VII - v"", ""VII - ii"", ""III - fIII"", ""v - V"", ""VII - VII"", ""I - V"", ""v - v"", ""I - vi"", ""ii - fii"", ""vii7 - fvii7"", ""I - i"", ""IV - ii"", ""i - VII"", ""V - fV"", ""i - I"", ""i - iv"", ""IV - i"", ""vi - fvi"", ""ii7 - V"", ""VI - VII"", ""V - vi"", ""VI - III"", ""iv - I"", ""III - VII"", ""V - i"", ""I - I"", ""V7 - vi"", ""i - VI"", ""iv - III"", ""III - IV"", ""v - IV"", ""i - III"", ""iii - fiii"", ""vi - I"", ""ii - IV"", ""vii - I"", ""V - v"", ""VII - i"", ""v - fv"", ""IV - V"", ""ii - III"", ""I - fI"", ""V - VI"", ""V - V"", ""VII - iv"", ""I - v"", ""iv - fiv"", ""vii7 - i"", ""iii - IV"", ""vii7 - I""]"	audio	audio.mastermix.wav	data/chorale-bricks/Anonymous_AusMeinesHerzensGrunde/audio.mastermix.wav	i - V	"[""i - V"", ""none of the other options is correct"", ""iii - vi"", ""vi - vi"", ""V7 - fV7""]"	0.2	0	"[""A"", ""B"", ""C"", ""D"", ""E""]"	"{""A"": ""vi - vi"", ""B"": ""none of the other options is correct"", ""C"": ""i - V"", ""D"": ""iii - vi"", ""E"": ""V7 - fV7""}"	"[""(A) vi - vi"", ""(B) none of the other options is correct"", ""(C) i - V"", ""(D) iii - vi"", ""(E) V7 - fV7""]"	(C) i - V	C
0fa6f821-bb88-516a-acf1-5ae0dfab0c21	11	perception	harmony	relative	harmony-relative	harmonic-recognition		cadence recognition	What is the chord progression between the {target_index} chord and the next one?	"[""target_index""]"	get_harmonic_cadence			"{""target_index"": ""63rd""}"	What is the chord progression between the 63rd chord and the next one?	Anonymous_AusMeinesHerzensGrunde	chorale-bricks	Anonymous_AusMeinesHerzensGrunde	data/chorale-bricks/Anonymous_AusMeinesHerzensGrunde	i - V	"[""I - I"", ""I - IV"", ""I - V"", ""I - fI"", ""I - i"", ""I - v"", ""I - vi"", ""II - v"", ""III - III"", ""III - IV"", ""III - VI"", ""III - VII"", ""III - fIII"", ""III - iv"", ""IV - I"", ""IV - V"", ""IV - VII"", ""IV - fIV"", ""IV - i"", ""IV - ii"", ""V - I"", ""V - IV"", ""V - V"", ""V - VI"", ""V - fV"", ""V - i"", ""V - iv"", ""V - v"", ""V - vi"", ""V7 - I"", ""V7 - VI"", ""V7 - fV7"", ""V7 - i"", ""V7 - vi"", ""VI - III"", ""VI - V"", ""VI - VII"", ""VI - fVI"", ""VI - ii"", ""VI - iv"", ""VII - III"", ""VII - IV"", ""VII - VII"", ""VII - i"", ""VII - ii"", ""VII - iv"", ""VII - v"", ""i - I"", ""i - III"", ""i - IV"", ""i - VI"", ""i - VII"", ""i - fi"", ""i - i"", ""i - iv"", ""ii - III"", ""ii - IV"", ""ii - V"", ""ii - V7"", ""ii - fii"", ""ii - iv"", ""ii - v"", ""ii - vi"", ""ii7 - V"", ""ii7 - fii7"", ""iii - IV"", ""iii - fiii"", ""iii - vi"", ""iv - I"", ""iv - III"", ""iv - V"", ""iv - VII"", ""iv - fiv"", ""iv - i"", ""iv - ii"", ""v - II"", ""v - III"", ""v - IV"", ""v - V"", ""v - VI"", ""v - fv"", ""v - i"", ""v - v"", ""vi - I"", ""vi - V"", ""vi - fvi"", ""vi - ii"", ""vi - iv"", ""vi - vi"", ""vii - I"", ""vii - fvii"", ""vii - i"", ""vii7 - I"", ""vii7 - fvii7"", ""vii7 - i""]"	"[""iii - vi"", ""vi - vi"", ""V7 - fV7"", ""V - IV"", ""VI - ii"", ""V7 - VI"", ""III - III"", ""II - v"", ""iv - i"", ""V - iv"", ""v - III"", ""i - i"", ""v - VI"", ""vi - V"", ""ii - V7"", ""iv - VII"", ""VII - III"", ""v - II"", ""IV - VII"", ""vi - ii"", ""ii - vi"", ""ii7 - fii7"", ""vii - i"", ""iv - ii"", ""vii - fvii"", ""ii - v"", ""ii - iv"", ""IV - I"", ""IV - fIV"", ""I - IV"", ""III - iv"", ""ii - V"", ""VII - IV"", ""i - fi"", ""VI - iv"", ""III - VI"", ""V7 - I"", ""v - i"", ""i - IV"", ""V - I"", ""VI - V"", ""iv - V"", ""VI - fVI"", ""vi - iv"", ""V7 - i"", ""VII - v"", ""VII - ii"", ""III - fIII"", ""v - V"", ""VII - VII"", ""I - V"", ""v - v"", ""I - vi"", ""ii - fii"", ""vii7 - fvii7"", ""I - i"", ""IV - ii"", ""i - VII"", ""V - fV"", ""i - I"", ""i - iv"", ""IV - i"", ""vi - fvi"", ""ii7 - V"", ""VI - VII"", ""V - vi"", ""VI - III"", ""iv - I"", ""III - VII"", ""V - i"", ""I - I"", ""V7 - vi"", ""i - VI"", ""iv - III"", ""III - IV"", ""v - IV"", ""i - III"", ""iii - fiii"", ""vi - I"", ""ii - IV"", ""vii - I"", ""V - v"", ""VII - i"", ""v - fv"", ""IV - V"", ""ii - III"", ""I - fI"", ""V - VI"", ""V - V"", ""VII - iv"", ""I - v"", ""iv - fiv"", ""vii7 - i"", ""iii - IV"", ""vii7 - I""]"	symbolic	symbolic.abc.txt	data/chorale-bricks/Anonymous_AusMeinesHerzensGrunde/symbolic.abc.txt	i - V	"[""i - V"", ""none of the other options is correct"", ""iii - vi"", ""vi - vi"", ""V7 - fV7""]"	0.2	0	"[""A"", ""B"", ""C"", ""D"", ""E""]"	"{""A"": ""vi - vi"", ""B"": ""V7 - fV7"", ""C"": ""none of the other options is correct"", ""D"": ""iii - vi"", ""E"": ""i - V""}"	"[""(A) vi - vi"", ""(B) V7 - fV7"", ""(C) none of the other options is correct"", ""(D) iii - vi"", ""(E) i - V""]"	(E) i - V	E
4196516c-bce5-5bae-b3f5-0256fde15ace	11	perception	harmony	relative	harmony-relative	harmonic-recognition		cadence recognition	What is the chord progression between the {target_index} chord and the next one?	"[""target_index""]"	get_harmonic_cadence			"{""target_index"": ""63rd""}"	What is the chord progression between the 63rd chord and the next one?	Anonymous_AusMeinesHerzensGrunde	chorale-bricks	Anonymous_AusMeinesHerzensGrunde	data/chorale-bricks/Anonymous_AusMeinesHerzensGrunde	i - V	"[""I - I"", ""I - IV"", ""I - V"", ""I - fI"", ""I - i"", ""I - v"", ""I - vi"", ""II - v"", ""III - III"", ""III - IV"", ""III - VI"", ""III - VII"", ""III - fIII"", ""III - iv"", ""IV - I"", ""IV - V"", ""IV - VII"", ""IV - fIV"", ""IV - i"", ""IV - ii"", ""V - I"", ""V - IV"", ""V - V"", ""V - VI"", ""V - fV"", ""V - i"", ""V - iv"", ""V - v"", ""V - vi"", ""V7 - I"", ""V7 - VI"", ""V7 - fV7"", ""V7 - i"", ""V7 - vi"", ""VI - III"", ""VI - V"", ""VI - VII"", ""VI - fVI"", ""VI - ii"", ""VI - iv"", ""VII - III"", ""VII - IV"", ""VII - VII"", ""VII - i"", ""VII - ii"", ""VII - iv"", ""VII - v"", ""i - I"", ""i - III"", ""i - IV"", ""i - VI"", ""i - VII"", ""i - fi"", ""i - i"", ""i - iv"", ""ii - III"", ""ii - IV"", ""ii - V"", ""ii - V7"", ""ii - fii"", ""ii - iv"", ""ii - v"", ""ii - vi"", ""ii7 - V"", ""ii7 - fii7"", ""iii - IV"", ""iii - fiii"", ""iii - vi"", ""iv - I"", ""iv - III"", ""iv - V"", ""iv - VII"", ""iv - fiv"", ""iv - i"", ""iv - ii"", ""v - II"", ""v - III"", ""v - IV"", ""v - V"", ""v - VI"", ""v - fv"", ""v - i"", ""v - v"", ""vi - I"", ""vi - V"", ""vi - fvi"", ""vi - ii"", ""vi - iv"", ""vi - vi"", ""vii - I"", ""vii - fvii"", ""vii - i"", ""vii7 - I"", ""vii7 - fvii7"", ""vii7 - i""]"	"[""iii - vi"", ""vi - vi"", ""V7 - fV7"", ""V - IV"", ""VI - ii"", ""V7 - VI"", ""III - III"", ""II - v"", ""iv - i"", ""V - iv"", ""v - III"", ""i - i"", ""v - VI"", ""vi - V"", ""ii - V7"", ""iv - VII"", ""VII - III"", ""v - II"", ""IV - VII"", ""vi - ii"", ""ii - vi"", ""ii7 - fii7"", ""vii - i"", ""iv - ii"", ""vii - fvii"", ""ii - v"", ""ii - iv"", ""IV - I"", ""IV - fIV"", ""I - IV"", ""III - iv"", ""ii - V"", ""VII - IV"", ""i - fi"", ""VI - iv"", ""III - VI"", ""V7 - I"", ""v - i"", ""i - IV"", ""V - I"", ""VI - V"", ""iv - V"", ""VI - fVI"", ""vi - iv"", ""V7 - i"", ""VII - v"", ""VII - ii"", ""III - fIII"", ""v - V"", ""VII - VII"", ""I - V"", ""v - v"", ""I - vi"", ""ii - fii"", ""vii7 - fvii7"", ""I - i"", ""IV - ii"", ""i - VII"", ""V - fV"", ""i - I"", ""i - iv"", ""IV - i"", ""vi - fvi"", ""ii7 - V"", ""VI - VII"", ""V - vi"", ""VI - III"", ""iv - I"", ""III - VII"", ""V - i"", ""I - I"", ""V7 - vi"", ""i - VI"", ""iv - III"", ""III - IV"", ""v - IV"", ""i - III"", ""iii - fiii"", ""vi - I"", ""ii - IV"", ""vii - I"", ""V - v"", ""VII - i"", ""v - fv"", ""IV - V"", ""ii - III"", ""I - fI"", ""V - VI"", ""V - V"", ""VII - iv"", ""I - v"", ""iv - fiv"", ""vii7 - i"", ""iii - IV"", ""vii7 - I""]"	visual	visual.short.png	data/chorale-bricks/Anonymous_AusMeinesHerzensGrunde/visual.short.png	none of the other options is correct	"[""none of the other options is correct"", ""iii - vi"", ""vi - vi"", ""V7 - fV7"", ""V - IV""]"	0.2	1	"[""A"", ""B"", ""C"", ""D"", ""E""]"	"{""A"": ""iii - vi"", ""B"": ""V7 - fV7"", ""C"": ""vi - vi"", ""D"": ""V - IV"", ""E"": ""none of the other options is correct""}"	"[""(A) iii - vi"", ""(B) V7 - fV7"", ""(C) vi - vi"", ""(D) V - IV"", ""(E) none of the other options is correct""]"	(E) none of the other options is correct	E
