item_id	meta-question_id	perception	category	rel/abs	specification	subcategory	simul/seq	skill	text_with_wildcards	question_keys	method_for_ground_truth_extraction	requires	ontology_key	values	question	piece_id	dataset	name	path	ground_truth	distractor_pool	sorted_distractors	modality	submodality	path_to_question_context_file	final_correct_option	final_options	random_guess_performance_accuracy	is_nota_correct	all_choices	index2ans	labeled_final_options	labeled_final_correct_option	label_of_final_correct_option
dc05c3f2-aa2a-5ae6-adb7-1274f9ad36d6	1	perception	pitch	absolute	pitch-absolute	pitch-recognition		pitch recognition	What is the pitch name of the {target_index} {voice} note in the provided excerpt?	"[""target_index"", ""voice""]"	get_nth_note	symbolic.musicxml	pitch	"{""target_index"": ""22nd"", ""voice"": ""bass""}"	What is the pitch name of the 22nd bass note in the provided excerpt?	Vulpius_DieHelleSonnLeuchtJetztHerfuer	chorale-bricks	Vulpius_DieHelleSonnLeuchtJetztHerfuer	data/chorale-bricks/Vulpius_DieHelleSonnLeuchtJetztHerfuer	A	"[""A sharp"", ""B"", ""C sharp"", ""D"", ""E"", ""F sharp"", ""G"", ""G sharp""]"	"[""D"", ""B"", ""E"", ""A sharp"", ""C sharp"", ""F sharp"", ""G"", ""G sharp""]"	audio	audio.mastermix.wav	data/chorale-bricks/Vulpius_DieHelleSonnLeuchtJetztHerfuer/audio.mastermix.wav	A	"[""A"", ""none of the other options is correct"", ""D"", ""B"", ""E""]"	0.2	0	"[""A"", ""B"", ""C"", ""D"", ""E""]"	"{""A"": ""B"", ""B"": ""none of the other options is correct"", ""C"": ""A"", ""D"": ""D"", ""E"": ""E""}"	"[""(A) B"", ""(B) none of the other options is correct"", ""(C) A"", ""(D) D"", ""(E) E""]"	(C) A	C
fcdabe54-e661-5460-a767-4e6fa8d6951d	1	perception	pitch	absolute	pitch-absolute	pitch-recognition		pitch recognition	What is the pitch name of the {target_index} {voice} note in the provided excerpt?	"[""target_index"", ""voice""]"	get_nth_note	symbolic.musicxml	pitch	"{""target_index"": ""22nd"", ""voice"": ""bass""}"	What is the pitch name of the 22nd bass note in the provided excerpt?	Vulpius_DieHelleSonnLeuchtJetztHerfuer	chorale-bricks	Vulpius_DieHelleSonnLeuchtJetztHerfuer	data/chorale-bricks/Vulpius_DieHelleSonnLeuchtJetztHerfuer	A	"[""A sharp"", ""B"", ""C sharp"", ""D"", ""E"", ""F sharp"", ""G"", ""G sharp""]"	"[""D"", ""B"", ""E"", ""A sharp"", ""C sharp"", ""F sharp"", ""G"", ""G sharp""]"	symbolic	symbolic.abc.txt	data/chorale-bricks/Vulpius_DieHelleSonnLeuchtJetztHerfuer/symbolic.abc.txt	A	"[""A"", ""none of the other options is correct"", ""D"", ""B"", ""E""]"	0.2	0	"[""A"", ""B"", ""C"", ""D"", ""E""]"	"{""A"": ""B"", ""B"": ""D"", ""C"": ""A"", ""D"": ""E"", ""E"": ""none of the other options is correct""}"	"[""(A) B"", ""(B) D"", ""(C) A"", ""(D) E"", ""(E) none of the other options is correct""]"	(C) A	C
9dbbd56b-f2e4-552f-ae05-e1af1faaa95c	1	perception	pitch	absolute	pitch-absolute	pitch-recognition		pitch recognition	What is the pitch name of the {target_index} {voice} note in the provided excerpt?	"[""target_index"", ""voice""]"	get_nth_note	symbolic.musicxml	pitch	"{""target_index"": ""22nd"", ""voice"": ""bass""}"	What is the pitch name of the 22nd bass note in the provided excerpt?	Vulpius_DieHelleSonnLeuchtJetztHerfuer	chorale-bricks	Vulpius_DieHelleSonnLeuchtJetztHerfuer	data/chorale-bricks/Vulpius_DieHelleSonnLeuchtJetztHerfuer	A	"[""A sharp"", ""B"", ""C sharp"", ""D"", ""E"", ""F sharp"", ""G"", ""G sharp""]"	"[""D"", ""B"", ""E"", ""A sharp"", ""C sharp"", ""F sharp"", ""G"", ""G sharp""]"	visual	visual.short.png	data/chorale-bricks/Vulpius_DieHelleSonnLeuchtJetztHerfuer/visual.short.png	A	"[""A"", ""none of the other options is correct"", ""D"", ""B"", ""E""]"	0.2	0	"[""A"", ""B"", ""C"", ""D"", ""E""]"	"{""A"": ""E"", ""B"": ""D"", ""C"": ""A"", ""D"": ""B"", ""E"": ""none of the other options is correct""}"	"[""(A) E"", ""(B) D"", ""(C) A"", ""(D) B"", ""(E) none of the other options is correct""]"	(C) A	C
3ab89c5c-d807-574a-8e85-3bd5b2bd51ed	1	perception	pitch	absolute	pitch-absolute	pitch-recognition		pitch recognition	What is the pitch name of the {target_index} {voice} note in the provided excerpt?	"[""target_index"", ""voice""]"	get_nth_note	symbolic.musicxml	pitch	"{""target_index"": ""3rd"", ""voice"": ""bass""}"	What is the pitch name of the 3rd bass note in the provided excerpt?	Bach_IchStehAnDeinerKrippe	chorale-bricks	Bach_IchStehAnDeinerKrippe	data/chorale-bricks/Bach_IchStehAnDeinerKrippe	F sharp	"[""A"", ""A sharp"", ""B"", ""C sharp"", ""D"", ""D sharp"", ""E"", ""G"", ""G sharp""]"	"[""B"", ""E"", ""A sharp"", ""A"", ""G"", ""D sharp"", ""C sharp"", ""G sharp"", ""D""]"	audio	audio.mastermix.wav	data/chorale-bricks/Bach_IchStehAnDeinerKrippe/audio.mastermix.wav	none of the other options is correct	"[""none of the other options is correct"", ""B"", ""E"", ""A sharp"", ""A""]"	0.2	1	"[""A"", ""B"", ""C"", ""D"", ""E""]"	"{""A"": ""none of the other options is correct"", ""B"": ""E"", ""C"": ""B"", ""D"": ""A"", ""E"": ""A sharp""}"	"[""(A) none of the other options is correct"", ""(B) E"", ""(C) B"", ""(D) A"", ""(E) A sharp""]"	(A) none of the other options is correct	A
4b60890c-c3fb-5189-a725-a30882f58206	1	perception	pitch	absolute	pitch-absolute	pitch-recognition		pitch recognition	What is the pitch name of the {target_index} {voice} note in the provided excerpt?	"[""target_index"", ""voice""]"	get_nth_note	symbolic.musicxml	pitch	"{""target_index"": ""3rd"", ""voice"": ""bass""}"	What is the pitch name of the 3rd bass note in the provided excerpt?	Bach_IchStehAnDeinerKrippe	chorale-bricks	Bach_IchStehAnDeinerKrippe	data/chorale-bricks/Bach_IchStehAnDeinerKrippe	F sharp	"[""A"", ""A sharp"", ""B"", ""C sharp"", ""D"", ""D sharp"", ""E"", ""G"", ""G sharp""]"	"[""B"", ""E"", ""A sharp"", ""A"", ""G"", ""D sharp"", ""C sharp"", ""G sharp"", ""D""]"	symbolic	symbolic.abc.txt	data/chorale-bricks/Bach_IchStehAnDeinerKrippe/symbolic.abc.txt	F sharp	"[""F sharp"", ""none of the other options is correct"", ""B"", ""E"", ""A sharp""]"	0.2	0	"[""A"", ""B"", ""C"", ""D"", ""E""]"	"{""A"": ""A sharp"", ""B"": ""E"", ""C"": ""F sharp"", ""D"": ""none of the other options is correct"", ""E"": ""B""}"	"[""(A) A sharp"", ""(B) E"", ""(C) F sharp"", ""(D) none of the other options is correct"", ""(E) B""]"	(C) F sharp	C
8305b50b-d8a3-565c-aad2-c69ec35c0a36	1	perception	pitch	absolute	pitch-absolute	pitch-recognition		pitch recognition	What is the pitch name of the {target_index} {voice} note in the provided excerpt?	"[""target_index"", ""voice""]"	get_nth_note	symbolic.musicxml	pitch	"{""target_index"": ""3rd"", ""voice"": ""bass""}"	What is the pitch name of the 3rd bass note in the provided excerpt?	Bach_IchStehAnDeinerKrippe	chorale-bricks	Bach_IchStehAnDeinerKrippe	data/chorale-bricks/Bach_IchStehAnDeinerKrippe	F sharp	"[""A"", ""A sharp"", ""B"", ""C sharp"", ""D"", ""D sharp"", ""E"", ""G"", ""G sharp""]"	"[""B"", ""E"", ""A sharp"", ""A"", ""G"", ""D sharp"", ""C sharp"", ""G sharp"", ""D""]"	visual	visual.short.png	data/chorale-bricks/Bach_IchStehAnDeinerKrippe/visual.short.png	F sharp	"[""F sharp"", ""none of the other options is correct"", ""B"", ""E"", ""A sharp""]"	0.2	0	"[""A"", ""B"", ""C"", ""D"", ""E""]"	"{""A"": ""F sharp"", ""B"": ""B"", ""C"": ""none of the other options is correct"", ""D"": ""E"", ""E"": ""A sharp""}"	"[""(A) F sharp"", ""(B) B"", ""(C) none of the other options is correct"", ""(D) E"", ""(E) A sharp""]"	(A) F sharp	A
6784a2d2-263c-5e97-81b3-5e297cb3d621	1	perception	pitch	absolute	pitch-absolute	pitch-recognition		pitch recognition	What is the pitch name of the {target_index} {voice} note in the provided excerpt?	"[""target_index"", ""voice""]"	get_nth_note	symbolic.musicxml	pitch	"{""target_index"": ""43rd"", ""voice"": ""bass""}"	What is the pitch name of the 43rd bass note in the provided excerpt?	Jan_DuGrosserSchmerzensmann	chorale-bricks	Jan_DuGrosserSchmerzensmann	data/chorale-bricks/Jan_DuGrosserSchmerzensmann	E	"[""A"", ""B"", ""C"", ""C sharp"", ""D"", ""D sharp"", ""F sharp"", ""G""]"	"[""F sharp"", ""A"", ""D"", ""C"", ""C sharp"", ""G"", ""B"", ""D sharp""]"	audio	audio.mastermix.wav	data/chorale-bricks/Jan_DuGrosserSchmerzensmann/audio.mastermix.wav	E	"[""E"", ""none of the other options is correct"", ""F sharp"", ""A"", ""D""]"	0.2	0	"[""A"", ""B"", ""C"", ""D"", ""E""]"	"{""A"": ""E"", ""B"": ""D"", ""C"": ""A"", ""D"": ""none of the other options is correct"", ""E"": ""F sharp""}"	"[""(A) E"", ""(B) D"", ""(C) A"", ""(D) none of the other options is correct"", ""(E) F sharp""]"	(A) E	A
32c93f9c-3d44-55c4-b41f-30d0eadec139	1	perception	pitch	absolute	pitch-absolute	pitch-recognition		pitch recognition	What is the pitch name of the {target_index} {voice} note in the provided excerpt?	"[""target_index"", ""voice""]"	get_nth_note	symbolic.musicxml	pitch	"{""target_index"": ""43rd"", ""voice"": ""bass""}"	What is the pitch name of the 43rd bass note in the provided excerpt?	Jan_DuGrosserSchmerzensmann	chorale-bricks	Jan_DuGrosserSchmerzensmann	data/chorale-bricks/Jan_DuGrosserSchmerzensmann	E	"[""A"", ""B"", ""C"", ""C sharp"", ""D"", ""D sharp"", ""F sharp"", ""G""]"	"[""F sharp"", ""A"", ""D"", ""C"", ""C sharp"", ""G"", ""B"", ""D sharp""]"	symbolic	symbolic.abc.txt	data/chorale-bricks/Jan_DuGrosserSchmerzensmann/symbolic.abc.txt	E	"[""E"", ""none of the other options is correct"", ""F sharp"", ""A"", ""D""]"	0.2	0	"[""A"", ""B"", ""C"", ""D"", ""E""]"	"{""A"": ""none of the other options is correct"", ""B"": ""E"", ""C"": ""F sharp"", ""D"": ""A"", ""E"": ""D""}"	"[""(A) none of the other options is correct"", ""(B) E"", ""(C) F sharp"", ""(D) A"", ""(E) D""]"	(B) E	B
03b1f14b-c20b-502c-97af-6a96dfb7d941	1	perception	pitch	absolute	pitch-absolute	pitch-recognition		pitch recognition	What is the pitch name of the {target_index} {voice} note in the provided excerpt?	"[""target_index"", ""voice""]"	get_nth_note	symbolic.musicxml	pitch	"{""target_index"": ""43rd"", ""voice"": ""bass""}"	What is the pitch name of the 43rd bass note in the provided excerpt?	Jan_DuGrosserSchmerzensmann	chorale-bricks	Jan_DuGrosserSchmerzensmann	data/chorale-bricks/Jan_DuGrosserSchmerzensmann	E	"[""A"", ""B"", ""C"", ""C sharp"", ""D"", ""D sharp"", ""F sharp"", ""G""]"	"[""F sharp"", ""A"", ""D"", ""C"", ""C sharp"", ""G"", ""B"", ""D sharp""]"	visual	visual.short.png	data/chorale-bricks/Jan_DuGrosserSchmerzensmann/visual.short.png	none of the other options is correct	"[""none of the other options is correct"", ""F sharp"", ""A"", ""D"", ""C""]"	0.2	1	"[""A"", ""B"", ""C"", ""D"", ""E""]"	"{""A"": ""none of the other options is correct"", ""B"": ""D"", ""C"": ""C"", ""D"": ""F sharp"", ""E"": ""A""}"	"[""(A) none of the other options is correct"", ""(B) D"", ""(C) C"", ""(D) F sharp"", ""(E) A""]"	(A) none of the other options is correct	A
144a5448-0398-5c87-9527-7d4756c0babf	1	perception	pitch	absolute	pitch-absolute	pitch-recognition		pitch recognition	What is the pitch name of the {target_index} {voice} note in the provided excerpt?	"[""target_index"", ""voice""]"	get_nth_note	symbolic.musicxml	pitch	"{""target_index"": ""10th"", ""voice"": ""soprano""}"	What is the pitch name of the 10th soprano note in the provided excerpt?	Gesius_DuFriedensfuerstHerrJesuChrist	chorale-bricks	Gesius_DuFriedensfuerstHerrJesuChrist	data/chorale-bricks/Gesius_DuFriedensfuerstHerrJesuChrist	B flat	"[""A"", ""B"", ""C"", ""D"", ""E"", ""F"", ""G""]"	"[""A"", ""D"", ""G"", ""B"", ""F"", ""C"", ""E""]"	audio	audio.mastermix.wav	data/chorale-bricks/Gesius_DuFriedensfuerstHerrJesuChrist/audio.mastermix.wav	B flat	"[""B flat"", ""none of the other options is correct"", ""A"", ""D"", ""G""]"	0.2	0	"[""A"", ""B"", ""C"", ""D"", ""E""]"	"{""A"": ""D"", ""B"": ""none of the other options is correct"", ""C"": ""A"", ""D"": ""G"", ""E"": ""B flat""}"	"[""(A) D"", ""(B) none of the other options is correct"", ""(C) A"", ""(D) G"", ""(E) B flat""]"	(E) B flat	E
f4cdd037-94ac-59e5-bd5d-16961b4ecdf0	1	perception	pitch	absolute	pitch-absolute	pitch-recognition		pitch recognition	What is the pitch name of the {target_index} {voice} note in the provided excerpt?	"[""target_index"", ""voice""]"	get_nth_note	symbolic.musicxml	pitch	"{""target_index"": ""10th"", ""voice"": ""soprano""}"	What is the pitch name of the 10th soprano note in the provided excerpt?	Gesius_DuFriedensfuerstHerrJesuChrist	chorale-bricks	Gesius_DuFriedensfuerstHerrJesuChrist	data/chorale-bricks/Gesius_DuFriedensfuerstHerrJesuChrist	B flat	"[""A"", ""B"", ""C"", ""D"", ""E"", ""F"", ""G""]"	"[""A"", ""D"", ""G"", ""B"", ""F"", ""C"", ""E""]"	symbolic	symbolic.abc.txt	data/chorale-bricks/Gesius_DuFriedensfuerstHerrJesuChrist/symbolic.abc.txt	B flat	"[""B flat"", ""none of the other options is correct"", ""A"", ""D"", ""G""]"	0.2	0	"[""A"", ""B"", ""C"", ""D"", ""E""]"	"{""A"": ""D"", ""B"": ""none of the other options is correct"", ""C"": ""B flat"", ""D"": ""G"", ""E"": ""A""}"	"[""(A) D"", ""(B) none of the other options is correct"", ""(C) B flat"", ""(D) G"", ""(E) A""]"	(C) B flat	C
b9ac85d0-5180-55b6-ac93-5f8f4fee0d6a	1	perception	pitch	absolute	pitch-absolute	pitch-recognition		pitch recognition	What is the pitch name of the {target_index} {voice} note in the provided excerpt?	"[""target_index"", ""voice""]"	get_nth_note	symbolic.musicxml	pitch	"{""target_index"": ""10th"", ""voice"": ""soprano""}"	What is the pitch name of the 10th soprano note in the provided excerpt?	Gesius_DuFriedensfuerstHerrJesuChrist	chorale-bricks	Gesius_DuFriedensfuerstHerrJesuChrist	data/chorale-bricks/Gesius_DuFriedensfuerstHerrJesuChrist	B flat	"[""A"", ""B"", ""C"", ""D"", ""E"", ""F"", ""G""]"	"[""A"", ""D"", ""G"", ""B"", ""F"", ""C"", ""E""]"	visual	visual.short.png	data/chorale-bricks/Gesius_DuFriedensfuerstHerrJesuChrist/visual.short.png	B flat	"[""B flat"", ""none of the other options is correct"", ""A"", ""D"", ""G""]"	0.2	0	"[""A"", ""B"", ""C"", ""D"", ""E""]"	"{""A"": ""D"", ""B"": ""G"", ""C"": ""none of the other options is correct"", ""D"": ""A"", ""E"": ""B flat""}"	"[""(A) D"", ""(B) G"", ""(C) none of the other options is correct"", ""(D) A"", ""(E) B flat""]"	(E) B flat	E
5ad8c08c-8f77-5abc-a31b-ec61535ecdf6	1	perception	pitch	absolute	pitch-absolute	pitch-recognition		pitch recognition	What is the pitch name of the {target_index} {voice} note in the provided excerpt?	"[""target_index"", ""voice""]"	get_nth_note	symbolic.musicxml	pitch	"{""target_index"": ""14th"", ""voice"": ""alto""}"	What is the pitch name of the 14th alto note in the provided excerpt?	Drese_JesuGehVoran	chorale-bricks	Drese_JesuGehVoran	data/chorale-bricks/Drese_JesuGehVoran	E	"[""A"", ""B"", ""C"", ""D"", ""D sharp"", ""F sharp"", ""G""]"	"[""C"", ""D sharp"", ""G"", ""D"", ""A"", ""F sharp"", ""B""]"	audio	audio.mastermix.wav	data/chorale-bricks/Drese_JesuGehVoran/audio.mastermix.wav	E	"[""E"", ""none of the other options is correct"", ""C"", ""D sharp"", ""G""]"	0.2	0	"[""A"", ""B"", ""C"", ""D"", ""E""]"	"{""A"": ""G"", ""B"": ""C"", ""C"": ""none of the other options is correct"", ""D"": ""E"", ""E"": ""D sharp""}"	"[""(A) G"", ""(B) C"", ""(C) none of the other options is correct"", ""(D) E"", ""(E) D sharp""]"	(D) E	D
783520b5-2f62-5ec6-99f0-7b03e1e079fa	1	perception	pitch	absolute	pitch-absolute	pitch-recognition		pitch recognition	What is the pitch name of the {target_index} {voice} note in the provided excerpt?	"[""target_index"", ""voice""]"	get_nth_note	symbolic.musicxml	pitch	"{""target_index"": ""14th"", ""voice"": ""alto""}"	What is the pitch name of the 14th alto note in the provided excerpt?	Drese_JesuGehVoran	chorale-bricks	Drese_JesuGehVoran	data/chorale-bricks/Drese_JesuGehVoran	E	"[""A"", ""B"", ""C"", ""D"", ""D sharp"", ""F sharp"", ""G""]"	"[""C"", ""D sharp"", ""G"", ""D"", ""A"", ""F sharp"", ""B""]"	symbolic	symbolic.abc.txt	data/chorale-bricks/Drese_JesuGehVoran/symbolic.abc.txt	E	"[""E"", ""none of the other options is correct"", ""C"", ""D sharp"", ""G""]"	0.2	0	"[""A"", ""B"", ""C"", ""D"", ""E""]"	"{""A"": ""G"", ""B"": ""none of the other options is correct"", ""C"": ""E"", ""D"": ""C"", ""E"": ""D sharp""}"	"[""(A) G"", ""(B) none of the other options is correct"", ""(C) E"", ""(D) C"", ""(E) D sharp""]"	(C) E	C
54575619-1327-55b7-8fdf-6c153c8f0f61	1	perception	pitch	absolute	pitch-absolute	pitch-recognition		pitch recognition	What is the pitch name of the {target_index} {voice} note in the provided excerpt?	"[""target_index"", ""voice""]"	get_nth_note	symbolic.musicxml	pitch	"{""target_index"": ""14th"", ""voice"": ""alto""}"	What is the pitch name of the 14th alto note in the provided excerpt?	Drese_JesuGehVoran	chorale-bricks	Drese_JesuGehVoran	data/chorale-bricks/Drese_JesuGehVoran	E	"[""A"", ""B"", ""C"", ""D"", ""D sharp"", ""F sharp"", ""G""]"	"[""C"", ""D sharp"", ""G"", ""D"", ""A"", ""F sharp"", ""B""]"	visual	visual.short.png	data/chorale-bricks/Drese_JesuGehVoran/visual.short.png	E	"[""E"", ""none of the other options is correct"", ""C"", ""D sharp"", ""G""]"	0.2	0	"[""A"", ""B"", ""C"", ""D"", ""E""]"	"{""A"": ""G"", ""B"": ""C"", ""C"": ""none of the other options is correct"", ""D"": ""E"", ""E"": ""D sharp""}"	"[""(A) G"", ""(B) C"", ""(C) none of the other options is correct"", ""(D) E"", ""(E) D sharp""]"	(D) E	D
2db94ce3-a6c3-5b9e-bdbb-3099cf9dcc6c	2	perception	pitch	absolute	pitch-absolute	pitch-recognition		pitch statistics	How many times is the note {pitch} present in the {voice} line?	"[""voice"", ""pitch""]"	get_note_quantity		pitch	"{""voice"": ""soprano"", ""pitch"": ""D""}"	How many times is the note D present in the soprano line?	Anonymous_AusMeinesHerzensGrunde	chorale-bricks	Anonymous_AusMeinesHerzensGrunde	data/chorale-bricks/Anonymous_AusMeinesHerzensGrunde	9	"[""1"", ""2"", ""3"", ""5"", ""6"", ""7"", ""8"", ""13"", ""15"", ""16"", ""18"", ""23"", ""25""]"	"[""15"", ""23"", ""3"", ""8"", ""7"", ""13"", ""2"", ""16"", ""25"", ""18"", ""6"", ""5"", ""1""]"	audio	audio.mastermix.wav	data/chorale-bricks/Anonymous_AusMeinesHerzensGrunde/audio.mastermix.wav	9	"[""9"", ""none of the other options is correct"", ""15"", ""23"", ""3""]"	0.2	0	"[""A"", ""B"", ""C"", ""D"", ""E""]"	"{""A"": ""3"", ""B"": ""15"", ""C"": ""23"", ""D"": ""none of the other options is correct"", ""E"": ""9""}"	"[""(A) 3"", ""(B) 15"", ""(C) 23"", ""(D) none of the other options is correct"", ""(E) 9""]"	(E) 9	E
215d8078-7add-5ae1-b7cc-0679fb79b800	2	perception	pitch	absolute	pitch-absolute	pitch-recognition		pitch statistics	How many times is the note {pitch} present in the {voice} line?	"[""voice"", ""pitch""]"	get_note_quantity		pitch	"{""voice"": ""soprano"", ""pitch"": ""D""}"	How many times is the note D present in the soprano line?	Anonymous_AusMeinesHerzensGrunde	chorale-bricks	Anonymous_AusMeinesHerzensGrunde	data/chorale-bricks/Anonymous_AusMeinesHerzensGrunde	9	"[""1"", ""2"", ""3"", ""5"", ""6"", ""7"", ""8"", ""13"", ""15"", ""16"", ""18"", ""23"", ""25""]"	"[""15"", ""23"", ""3"", ""8"", ""7"", ""13"", ""2"", ""16"", ""25"", ""18"", ""6"", ""5"", ""1""]"	symbolic	symbolic.abc.txt	data/chorale-bricks/Anonymous_AusMeinesHerzensGrunde/symbolic.abc.txt	9	"[""9"", ""none of the other options is correct"", ""15"", ""23"", ""3""]"	0.2	0	"[""A"", ""B"", ""C"", ""D"", ""E""]"	"{""A"": ""9"", ""B"": ""3"", ""C"": ""23"", ""D"": ""15"", ""E"": ""none of the other options is correct""}"	"[""(A) 9"", ""(B) 3"", ""(C) 23"", ""(D) 15"", ""(E) none of the other options is correct""]"	(A) 9	A
e2612b6a-ac5b-5839-a5eb-fb6f6f5f37ad	2	perception	pitch	absolute	pitch-absolute	pitch-recognition		pitch statistics	How many times is the note {pitch} present in the {voice} line?	"[""voice"", ""pitch""]"	get_note_quantity		pitch	"{""voice"": ""soprano"", ""pitch"": ""D""}"	How many times is the note D present in the soprano line?	Anonymous_AusMeinesHerzensGrunde	chorale-bricks	Anonymous_AusMeinesHerzensGrunde	data/chorale-bricks/Anonymous_AusMeinesHerzensGrunde	9	"[""1"", ""2"", ""3"", ""5"", ""6"", ""7"", ""8"", ""13"", ""15"", ""16"", ""18"", ""23"", ""25""]"	"[""15"", ""23"", ""3"", ""8"", ""7"", ""13"", ""2"", ""16"", ""25"", ""18"", ""6"", ""5"", ""1""]"	visual	visual.short.png	data/chorale-bricks/Anonymous_AusMeinesHerzensGrunde/visual.short.png	9	"[""9"", ""none of the other options is correct"", ""15"", ""23"", ""3""]"	0.2	0	"[""A"", ""B"", ""C"", ""D"", ""E""]"	"{""A"": ""15"", ""B"": ""23"", ""C"": ""9"", ""D"": ""none of the other options is correct"", ""E"": ""3""}"	"[""(A) 15"", ""(B) 23"", ""(C) 9"", ""(D) none of the other options is correct"", ""(E) 3""]"	(C) 9	C
cfd09293-a16d-5dd6-92a0-818092d58ef1	2	perception	pitch	absolute	pitch-absolute	pitch-recognition		pitch statistics	How many times is the note {pitch} present in the {voice} line?	"[""voice"", ""pitch""]"	get_note_quantity		pitch	"{""voice"": ""alto"", ""pitch"": ""D""}"	How many times is the note D present in the alto line?	Bach_IchStehAnDeinerKrippe	chorale-bricks	Bach_IchStehAnDeinerKrippe	data/chorale-bricks/Bach_IchStehAnDeinerKrippe	11	"[""1"", ""2"", ""3"", ""4"", ""5"", ""6"", ""7"", ""8"", ""9"", ""12"", ""13"", ""14""]"	"[""1"", ""13"", ""9"", ""14"", ""5"", ""6"", ""4"", ""12"", ""7"", ""8"", ""2"", ""3""]"	audio	audio.mastermix.wav	data/chorale-bricks/Bach_IchStehAnDeinerKrippe/audio.mastermix.wav	11	"[""11"", ""none of the other options is correct"", ""1"", ""13"", ""9""]"	0.2	0	"[""A"", ""B"", ""C"", ""D"", ""E""]"	"{""A"": ""9"", ""B"": ""1"", ""C"": ""11"", ""D"": ""none of the other options is correct"", ""E"": ""13""}"	"[""(A) 9"", ""(B) 1"", ""(C) 11"", ""(D) none of the other options is correct"", ""(E) 13""]"	(C) 11	C
60647a55-78b6-5389-8756-799e487250ab	2	perception	pitch	absolute	pitch-absolute	pitch-recognition		pitch statistics	How many times is the note {pitch} present in the {voice} line?	"[""voice"", ""pitch""]"	get_note_quantity		pitch	"{""voice"": ""alto"", ""pitch"": ""D""}"	How many times is the note D present in the alto line?	Bach_IchStehAnDeinerKrippe	chorale-bricks	Bach_IchStehAnDeinerKrippe	data/chorale-bricks/Bach_IchStehAnDeinerKrippe	11	"[""1"", ""2"", ""3"", ""4"", ""5"", ""6"", ""7"", ""8"", ""9"", ""12"", ""13"", ""14""]"	"[""1"", ""13"", ""9"", ""14"", ""5"", ""6"", ""4"", ""12"", ""7"", ""8"", ""2"", ""3""]"	symbolic	symbolic.abc.txt	data/chorale-bricks/Bach_IchStehAnDeinerKrippe/symbolic.abc.txt	11	"[""11"", ""none of the other options is correct"", ""1"", ""13"", ""9""]"	0.2	0	"[""A"", ""B"", ""C"", ""D"", ""E""]"	"{""A"": ""1"", ""B"": ""none of the other options is correct"", ""C"": ""9"", ""D"": ""13"", ""E"": ""11""}"	"[""(A) 1"", ""(B) none of the other options is correct"", ""(C) 9"", ""(D) 13"", ""(E) 11""]"	(E) 11	E
f5d4950d-cf21-55c3-89fc-dcfae246319f	2	perception	pitch	absolute	pitch-absolute	pitch-recognition		pitch statistics	How many times is the note {pitch} present in the {voice} line?	"[""voice"", ""pitch""]"	get_note_quantity		pitch	"{""voice"": ""alto"", ""pitch"": ""D""}"	How many times is the note D present in the alto line?	Bach_IchStehAnDeinerKrippe	chorale-bricks	Bach_IchStehAnDeinerKrippe	data/chorale-bricks/Bach_IchStehAnDeinerKrippe	11	"[""1"", ""2"", ""3"", ""4"", ""5"", ""6"", ""7"", ""8"", ""9"", ""12"", ""13"", ""14""]"	"[""1"", ""13"", ""9"", ""14"", ""5"", ""6"", ""4"", ""12"", ""7"", ""8"", ""2"", ""3""]"	visual	visual.short.png	data/chorale-bricks/Bach_IchStehAnDeinerKrippe/visual.short.png	11	"[""11"", ""none of the other options is correct"", ""1"", ""13"", ""9""]"	0.2	0	"[""A"", ""B"", ""C"", ""D"", ""E""]"	"{""A"": ""none of the other options is correct"", ""B"": ""1"", ""C"": ""9"", ""D"": ""11"", ""E"": ""13""}"	"[""(A) none of the other options is correct"", ""(B) 1"", ""(C) 9"", ""(D) 11"", ""(E) 13""]"	(D) 11	D
33f3f6dc-4651-53cb-b36d-070b9860905a	2	perception	pitch	absolute	pitch-absolute	pitch-recognition		pitch statistics	How many times is the note {pitch} present in the {voice} line?	"[""voice"", ""pitch""]"	get_note_quantity		pitch	"{""voice"": ""alto"", ""pitch"": ""C""}"	How many times is the note C present in the alto line?	Gesius_DuFriedensfuerstHerrJesuChrist	chorale-bricks	Gesius_DuFriedensfuerstHerrJesuChrist	data/chorale-bricks/Gesius_DuFriedensfuerstHerrJesuChrist	7	"[""1"", ""2"", ""3"", ""4"", ""5"", ""6"", ""8"", ""9"", ""12"", ""13"", ""14"", ""15""]"	"[""8"", ""4"", ""13"", ""9"", ""14"", ""15"", ""3"", ""2"", ""6"", ""12"", ""1"", ""5""]"	audio	audio.mastermix.wav	data/chorale-bricks/Gesius_DuFriedensfuerstHerrJesuChrist/audio.mastermix.wav	none of the other options is correct	"[""none of the other options is correct"", ""8"", ""4"", ""13"", ""9""]"	0.2	1	"[""A"", ""B"", ""C"", ""D"", ""E""]"	"{""A"": ""4"", ""B"": ""8"", ""C"": ""none of the other options is correct"", ""D"": ""9"", ""E"": ""13""}"	"[""(A) 4"", ""(B) 8"", ""(C) none of the other options is correct"", ""(D) 9"", ""(E) 13""]"	(C) none of the other options is correct	C
4ccac2d3-da2b-583a-b8b7-44319f993e79	2	perception	pitch	absolute	pitch-absolute	pitch-recognition		pitch statistics	How many times is the note {pitch} present in the {voice} line?	"[""voice"", ""pitch""]"	get_note_quantity		pitch	"{""voice"": ""alto"", ""pitch"": ""C""}"	How many times is the note C present in the alto line?	Gesius_DuFriedensfuerstHerrJesuChrist	chorale-bricks	Gesius_DuFriedensfuerstHerrJesuChrist	data/chorale-bricks/Gesius_DuFriedensfuerstHerrJesuChrist	7	"[""1"", ""2"", ""3"", ""4"", ""5"", ""6"", ""8"", ""9"", ""12"", ""13"", ""14"", ""15""]"	"[""8"", ""4"", ""13"", ""9"", ""14"", ""15"", ""3"", ""2"", ""6"", ""12"", ""1"", ""5""]"	symbolic	symbolic.abc.txt	data/chorale-bricks/Gesius_DuFriedensfuerstHerrJesuChrist/symbolic.abc.txt	7	"[""7"", ""none of the other options is correct"", ""8"", ""4"", ""13""]"	0.2	0	"[""A"", ""B"", ""C"", ""D"", ""E""]"	"{""A"": ""8"", ""B"": ""13"", ""C"": ""none of the other options is correct"", ""D"": ""4"", ""E"": ""7""}"	"[""(A) 8"", ""(B) 13"", ""(C) none of the other options is correct"", ""(D) 4"", ""(E) 7""]"	(E) 7	E
001c2876-23d3-5f07-ac99-68703fc6b7f1	2	perception	pitch	absolute	pitch-absolute	pitch-recognition		pitch statistics	How many times is the note {pitch} present in the {voice} line?	"[""voice"", ""pitch""]"	get_note_quantity		pitch	"{""voice"": ""alto"", ""pitch"": ""C""}"	How many times is the note C present in the alto line?	Gesius_DuFriedensfuerstHerrJesuChrist	chorale-bricks	Gesius_DuFriedensfuerstHerrJesuChrist	data/chorale-bricks/Gesius_DuFriedensfuerstHerrJesuChrist	7	"[""1"", ""2"", ""3"", ""4"", ""5"", ""6"", ""8"", ""9"", ""12"", ""13"", ""14"", ""15""]"	"[""8"", ""4"", ""13"", ""9"", ""14"", ""15"", ""3"", ""2"", ""6"", ""12"", ""1"", ""5""]"	visual	visual.short.png	data/chorale-bricks/Gesius_DuFriedensfuerstHerrJesuChrist/visual.short.png	7	"[""7"", ""none of the other options is correct"", ""8"", ""4"", ""13""]"	0.2	0	"[""A"", ""B"", ""C"", ""D"", ""E""]"	"{""A"": ""8"", ""B"": ""7"", ""C"": ""4"", ""D"": ""13"", ""E"": ""none of the other options is correct""}"	"[""(A) 8"", ""(B) 7"", ""(C) 4"", ""(D) 13"", ""(E) none of the other options is correct""]"	(B) 7	B
a5c26d41-39ff-5997-8300-91c625614299	2	perception	pitch	absolute	pitch-absolute	pitch-recognition		pitch statistics	How many times is the note {pitch} present in the {voice} line?	"[""voice"", ""pitch""]"	get_note_quantity		pitch	"{""voice"": ""bass"", ""pitch"": ""F sharp""}"	How many times is the note F sharp present in the bass line?	Bach_IchStehAnDeinerKrippe	chorale-bricks	Bach_IchStehAnDeinerKrippe	data/chorale-bricks/Bach_IchStehAnDeinerKrippe	13	"[""1"", ""2"", ""3"", ""4"", ""5"", ""6"", ""7"", ""8"", ""9"", ""11"", ""12"", ""14""]"	"[""3"", ""4"", ""11"", ""8"", ""14"", ""2"", ""9"", ""1"", ""7"", ""12"", ""6"", ""5""]"	audio	audio.mastermix.wav	data/chorale-bricks/Bach_IchStehAnDeinerKrippe/audio.mastermix.wav	13	"[""13"", ""none of the other options is correct"", ""3"", ""4"", ""11""]"	0.2	0	"[""A"", ""B"", ""C"", ""D"", ""E""]"	"{""A"": ""11"", ""B"": ""3"", ""C"": ""none of the other options is correct"", ""D"": ""4"", ""E"": ""13""}"	"[""(A) 11"", ""(B) 3"", ""(C) none of the other options is correct"", ""(D) 4"", ""(E) 13""]"	(E) 13	E
4d0b4888-4652-5908-8227-d66801861c25	2	perception	pitch	absolute	pitch-absolute	pitch-recognition		pitch statistics	How many times is the note {pitch} present in the {voice} line?	"[""voice"", ""pitch""]"	get_note_quantity		pitch	"{""voice"": ""bass"", ""pitch"": ""F sharp""}"	How many times is the note F sharp present in the bass line?	Bach_IchStehAnDeinerKrippe	chorale-bricks	Bach_IchStehAnDeinerKrippe	data/chorale-bricks/Bach_IchStehAnDeinerKrippe	13	"[""1"", ""2"", ""3"", ""4"", ""5"", ""6"", ""7"", ""8"", ""9"", ""11"", ""12"", ""14""]"	"[""3"", ""4"", ""11"", ""8"", ""14"", ""2"", ""9"", ""1"", ""7"", ""12"", ""6"", ""5""]"	symbolic	symbolic.abc.txt	data/chorale-bricks/Bach_IchStehAnDeinerKrippe/symbolic.abc.txt	13	"[""13"", ""none of the other options is correct"", ""3"", ""4"", ""11""]"	0.2	0	"[""A"", ""B"", ""C"", ""D"", ""E""]"	"{""A"": ""11"", ""B"": ""none of the other options is correct"", ""C"": ""3"", ""D"": ""4"", ""E"": ""13""}"	"[""(A) 11"", ""(B) none of the other options is correct"", ""(C) 3"", ""(D) 4"", ""(E) 13""]"	(E) 13	E
b5fc3f90-5423-56dc-ada9-5ec5afbe0fb4	2	perception	pitch	absolute	pitch-absolute	pitch-recognition		pitch statistics	How many times is the note {pitch} present in the {voice} line?	"[""voice"", ""pitch""]"	get_note_quantity		pitch	"{""voice"": ""bass"", ""pitch"": ""F sharp""}"	How many times is the note F sharp present in the bass line?	Bach_IchStehAnDeinerKrippe	chorale-bricks	Bach_IchStehAnDeinerKrippe	data/chorale-bricks/Bach_IchStehAnDeinerKrippe	13	"[""1"", ""2"", ""3"", ""4"", ""5"", ""6"", ""7"", ""8"", ""9"", ""11"", ""12"", ""14""]"	"[""3"", ""4"", ""11"", ""8"", ""14"", ""2"", ""9"", ""1"", ""7"", ""12"", ""6"", ""5""]"	visual	visual.short.png	data/chorale-bricks/Bach_IchStehAnDeinerKrippe/visual.short.png	13	"[""13"", ""none of the other options is correct"", ""3"", ""4"", ""11""]"	0.2	0	"[""A"", ""B"", ""C"", ""D"", ""E""]"	"{""A"": ""3"", ""B"": ""13"", ""C"": ""11"", ""D"": ""none of the other options is correct"", ""E"": ""4""}"	"[""(A) 3"", ""(B) 13"", ""(C) 11"", ""(D) none of the other options is correct"", ""(E) 4""]"	(B) 13	B
42aa0dcb-4dfe-5f06-88c1-d53721a4e141	2	perception	pitch	absolute	pitch-absolute	pitch-recognition		pitch statistics	How many times is the note {pitch} present in the {voice} line?	"[""voice"", ""pitch""]"	get_note_quantity		pitch	"{""voice"": ""bass"", ""pitch"": ""G""}"	How many times is the note G present in the bass line?	Crueger_AufAufMeinHerzMitFreuden	chorale-bricks	Crueger_AufAufMeinHerzMitFreuden	data/chorale-bricks/Crueger_AufAufMeinHerzMitFreuden	9	"[""1"", ""2"", ""4"", ""5"", ""7"", ""8"", ""10"", ""11"", ""13"", ""16"", ""18""]"	"[""10"", ""16"", ""5"", ""13"", ""8"", ""11"", ""7"", ""4"", ""2"", ""1"", ""18""]"	audio	audio.mastermix.wav	data/chorale-bricks/Crueger_AufAufMeinHerzMitFreuden/audio.mastermix.wav	9	"[""9"", ""none of the other options is correct"", ""10"", ""16"", ""5""]"	0.2	0	"[""A"", ""B"", ""C"", ""D"", ""E""]"	"{""A"": ""16"", ""B"": ""none of the other options is correct"", ""C"": ""5"", ""D"": ""9"", ""E"": ""10""}"	"[""(A) 16"", ""(B) none of the other options is correct"", ""(C) 5"", ""(D) 9"", ""(E) 10""]"	(D) 9	D
f262f5ed-9f1e-5035-ba4e-db37d26c24fa	2	perception	pitch	absolute	pitch-absolute	pitch-recognition		pitch statistics	How many times is the note {pitch} present in the {voice} line?	"[""voice"", ""pitch""]"	get_note_quantity		pitch	"{""voice"": ""bass"", ""pitch"": ""G""}"	How many times is the note G present in the bass line?	Crueger_AufAufMeinHerzMitFreuden	chorale-bricks	Crueger_AufAufMeinHerzMitFreuden	data/chorale-bricks/Crueger_AufAufMeinHerzMitFreuden	9	"[""1"", ""2"", ""4"", ""5"", ""7"", ""8"", ""10"", ""11"", ""13"", ""16"", ""18""]"	"[""10"", ""16"", ""5"", ""13"", ""8"", ""11"", ""7"", ""4"", ""2"", ""1"", ""18""]"	symbolic	symbolic.abc.txt	data/chorale-bricks/Crueger_AufAufMeinHerzMitFreuden/symbolic.abc.txt	none of the other options is correct	"[""none of the other options is correct"", ""10"", ""16"", ""5"", ""13""]"	0.2	1	"[""A"", ""B"", ""C"", ""D"", ""E""]"	"{""A"": ""10"", ""B"": ""none of the other options is correct"", ""C"": ""13"", ""D"": ""16"", ""E"": ""5""}"	"[""(A) 10"", ""(B) none of the other options is correct"", ""(C) 13"", ""(D) 16"", ""(E) 5""]"	(B) none of the other options is correct	B
61cebd93-f9e5-5f3d-8432-fba1fe5d1b33	2	perception	pitch	absolute	pitch-absolute	pitch-recognition		pitch statistics	How many times is the note {pitch} present in the {voice} line?	"[""voice"", ""pitch""]"	get_note_quantity		pitch	"{""voice"": ""bass"", ""pitch"": ""G""}"	How many times is the note G present in the bass line?	Crueger_AufAufMeinHerzMitFreuden	chorale-bricks	Crueger_AufAufMeinHerzMitFreuden	data/chorale-bricks/Crueger_AufAufMeinHerzMitFreuden	9	"[""1"", ""2"", ""4"", ""5"", ""7"", ""8"", ""10"", ""11"", ""13"", ""16"", ""18""]"	"[""10"", ""16"", ""5"", ""13"", ""8"", ""11"", ""7"", ""4"", ""2"", ""1"", ""18""]"	visual	visual.short.png	data/chorale-bricks/Crueger_AufAufMeinHerzMitFreuden/visual.short.png	none of the other options is correct	"[""none of the other options is correct"", ""10"", ""16"", ""5"", ""13""]"	0.2	1	"[""A"", ""B"", ""C"", ""D"", ""E""]"	"{""A"": ""5"", ""B"": ""none of the other options is correct"", ""C"": ""16"", ""D"": ""13"", ""E"": ""10""}"	"[""(A) 5"", ""(B) none of the other options is correct"", ""(C) 16"", ""(D) 13"", ""(E) 10""]"	(B) none of the other options is correct	B
278a2d61-4f9e-5239-8229-e38fae0785b6	3	perception	pitch	relative	pitch-relative	interval-recognition		interval recognition	What is the {target_index} interval in the {voice} line?	"[""target_index"", ""voice""]"	get_nth_interval		interval	"{""target_index"": ""32nd"", ""voice"": ""alto""}"	What is the 32nd interval in the alto line?	Gesius_BefiehlDuDeineWege	chorale-bricks	Gesius_BefiehlDuDeineWege	data/chorale-bricks/Gesius_BefiehlDuDeineWege	Major Second	"[""Major Third"", ""Minor Second"", ""Minor Sixth"", ""Minor Third"", ""Perfect Fifth"", ""Perfect Fourth"", ""Perfect Unison""]"	"[""Perfect Fifth"", ""Perfect Unison"", ""Perfect Fourth"", ""Minor Sixth"", ""Minor Second"", ""Minor Third"", ""Major Third""]"	audio	audio.mastermix.wav	data/chorale-bricks/Gesius_BefiehlDuDeineWege/audio.mastermix.wav	Major Second	"[""Major Second"", ""none of the other options is correct"", ""Perfect Fifth"", ""Perfect Unison"", ""Perfect Fourth""]"	0.2	0	"[""A"", ""B"", ""C"", ""D"", ""E""]"	"{""A"": ""Perfect Unison"", ""B"": ""Major Second"", ""C"": ""Perfect Fifth"", ""D"": ""none of the other options is correct"", ""E"": ""Perfect Fourth""}"	"[""(A) Perfect Unison"", ""(B) Major Second"", ""(C) Perfect Fifth"", ""(D) none of the other options is correct"", ""(E) Perfect Fourth""]"	(B) Major Second	B
8f48a4a5-203b-5a17-b9c4-da8d4da543de	3	perception	pitch	relative	pitch-relative	interval-recognition		interval recognition	What is the {target_index} interval in the {voice} line?	"[""target_index"", ""voice""]"	get_nth_interval		interval	"{""target_index"": ""32nd"", ""voice"": ""alto""}"	What is the 32nd interval in the alto line?	Gesius_BefiehlDuDeineWege	chorale-bricks	Gesius_BefiehlDuDeineWege	data/chorale-bricks/Gesius_BefiehlDuDeineWege	Major Second	"[""Major Third"", ""Minor Second"", ""Minor Sixth"", ""Minor Third"", ""Perfect Fifth"", ""Perfect Fourth"", ""Perfect Unison""]"	"[""Perfect Fifth"", ""Perfect Unison"", ""Perfect Fourth"", ""Minor Sixth"", ""Minor Second"", ""Minor Third"", ""Major Third""]"	symbolic	symbolic.abc.txt	data/chorale-bricks/Gesius_BefiehlDuDeineWege/symbolic.abc.txt	Major Second	"[""Major Second"", ""none of the other options is correct"", ""Perfect Fifth"", ""Perfect Unison"", ""Perfect Fourth""]"	0.2	0	"[""A"", ""B"", ""C"", ""D"", ""E""]"	"{""A"": ""Perfect Fifth"", ""B"": ""Perfect Fourth"", ""C"": ""Major Second"", ""D"": ""none of the other options is correct"", ""E"": ""Perfect Unison""}"	"[""(A) Perfect Fifth"", ""(B) Perfect Fourth"", ""(C) Major Second"", ""(D) none of the other options is correct"", ""(E) Perfect Unison""]"	(C) Major Second	C
721a9daa-cd50-53bd-82a1-70aa87d8b3da	3	perception	pitch	relative	pitch-relative	interval-recognition		interval recognition	What is the {target_index} interval in the {voice} line?	"[""target_index"", ""voice""]"	get_nth_interval		interval	"{""target_index"": ""32nd"", ""voice"": ""alto""}"	What is the 32nd interval in the alto line?	Gesius_BefiehlDuDeineWege	chorale-bricks	Gesius_BefiehlDuDeineWege	data/chorale-bricks/Gesius_BefiehlDuDeineWege	Major Second	"[""Major Third"", ""Minor Second"", ""Minor Sixth"", ""Minor Third"", ""Perfect Fifth"", ""Perfect Fourth"", ""Perfect Unison""]"	"[""Perfect Fifth"", ""Perfect Unison"", ""Perfect Fourth"", ""Minor Sixth"", ""Minor Second"", ""Minor Third"", ""Major Third""]"	visual	visual.short.png	data/chorale-bricks/Gesius_BefiehlDuDeineWege/visual.short.png	Major Second	"[""Major Second"", ""none of the other options is correct"", ""Perfect Fifth"", ""Perfect Unison"", ""Perfect Fourth""]"	0.2	0	"[""A"", ""B"", ""C"", ""D"", ""E""]"	"{""A"": ""Major Second"", ""B"": ""Perfect Fourth"", ""C"": ""none of the other options is correct"", ""D"": ""Perfect Fifth"", ""E"": ""Perfect Unison""}"	"[""(A) Major Second"", ""(B) Perfect Fourth"", ""(C) none of the other options is correct"", ""(D) Perfect Fifth"", ""(E) Perfect Unison""]"	(A) Major Second	A
eaed0af0-8a02-51fe-88e1-eef4a5eb2ac3	3	perception	pitch	relative	pitch-relative	interval-recognition		interval recognition	What is the {target_index} interval in the {voice} line?	"[""target_index"", ""voice""]"	get_nth_interval		interval	"{""target_index"": ""11th"", ""voice"": ""soprano""}"	What is the 11th interval in the soprano line?	Gesius_BefiehlDuDeineWege	chorale-bricks	Gesius_BefiehlDuDeineWege	data/chorale-bricks/Gesius_BefiehlDuDeineWege	Minor Second	"[""Major Second"", ""Major Third"", ""Minor Sixth"", ""Minor Third"", ""Perfect Fifth"", ""Perfect Fourth"", ""Perfect Unison""]"	"[""Perfect Unison"", ""Minor Third"", ""Major Third"", ""Perfect Fourth"", ""Perfect Fifth"", ""Major Second"", ""Minor Sixth""]"	audio	audio.mastermix.wav	data/chorale-bricks/Gesius_BefiehlDuDeineWege/audio.mastermix.wav	none of the other options is correct	"[""none of the other options is correct"", ""Perfect Unison"", ""Minor Third"", ""Major Third"", ""Perfect Fourth""]"	0.2	1	"[""A"", ""B"", ""C"", ""D"", ""E""]"	"{""A"": ""none of the other options is correct"", ""B"": ""Major Third"", ""C"": ""Minor Third"", ""D"": ""Perfect Unison"", ""E"": ""Perfect Fourth""}"	"[""(A) none of the other options is correct"", ""(B) Major Third"", ""(C) Minor Third"", ""(D) Perfect Unison"", ""(E) Perfect Fourth""]"	(A) none of the other options is correct	A
281c5c63-cf0c-5da5-9f91-34a68f4d339d	3	perception	pitch	relative	pitch-relative	interval-recognition		interval recognition	What is the {target_index} interval in the {voice} line?	"[""target_index"", ""voice""]"	get_nth_interval		interval	"{""target_index"": ""11th"", ""voice"": ""soprano""}"	What is the 11th interval in the soprano line?	Gesius_BefiehlDuDeineWege	chorale-bricks	Gesius_BefiehlDuDeineWege	data/chorale-bricks/Gesius_BefiehlDuDeineWege	Minor Second	"[""Major Second"", ""Major Third"", ""Minor Sixth"", ""Minor Third"", ""Perfect Fifth"", ""Perfect Fourth"", ""Perfect Unison""]"	"[""Perfect Unison"", ""Minor Third"", ""Major Third"", ""Perfect Fourth"", ""Perfect Fifth"", ""Major Second"", ""Minor Sixth""]"	symbolic	symbolic.abc.txt	data/chorale-bricks/Gesius_BefiehlDuDeineWege/symbolic.abc.txt	Minor Second	"[""Minor Second"", ""none of the other options is correct"", ""Perfect Unison"", ""Minor Third"", ""Major Third""]"	0.2	0	"[""A"", ""B"", ""C"", ""D"", ""E""]"	"{""A"": ""Major Third"", ""B"": ""Minor Second"", ""C"": ""Minor Third"", ""D"": ""Perfect Unison"", ""E"": ""none of the other options is correct""}"	"[""(A) Major Third"", ""(B) Minor Second"", ""(C) Minor Third"", ""(D) Perfect Unison"", ""(E) none of the other options is correct""]"	(B) Minor Second	B
1ba5d394-1ee9-564f-bff3-03684e230ed5	3	perception	pitch	relative	pitch-relative	interval-recognition		interval recognition	What is the {target_index} interval in the {voice} line?	"[""target_index"", ""voice""]"	get_nth_interval		interval	"{""target_index"": ""11th"", ""voice"": ""soprano""}"	What is the 11th interval in the soprano line?	Gesius_BefiehlDuDeineWege	chorale-bricks	Gesius_BefiehlDuDeineWege	data/chorale-bricks/Gesius_BefiehlDuDeineWege	Minor Second	"[""Major Second"", ""Major Third"", ""Minor Sixth"", ""Minor Third"", ""Perfect Fifth"", ""Perfect Fourth"", ""Perfect Unison""]"	"[""Perfect Unison"", ""Minor Third"", ""Major Third"", ""Perfect Fourth"", ""Perfect Fifth"", ""Major Second"", ""Minor Sixth""]"	visual	visual.short.png	data/chorale-bricks/Gesius_BefiehlDuDeineWege/visual.short.png	Minor Second	"[""Minor Second"", ""none of the other options is correct"", ""Perfect Unison"", ""Minor Third"", ""Major Third""]"	0.2	0	"[""A"", ""B"", ""C"", ""D"", ""E""]"	"{""A"": ""none of the other options is correct"", ""B"": ""Minor Third"", ""C"": ""Minor Second"", ""D"": ""Perfect Unison"", ""E"": ""Major Third""}"	"[""(A) none of the other options is correct"", ""(B) Minor Third"", ""(C) Minor Second"", ""(D) Perfect Unison"", ""(E) Major Third""]"	(C) Minor Second	C
65f02032-fede-5261-ab1a-c05a76dbc4d6	3	perception	pitch	relative	pitch-relative	interval-recognition		interval recognition	What is the {target_index} interval in the {voice} line?	"[""target_index"", ""voice""]"	get_nth_interval		interval	"{""target_index"": ""24th"", ""voice"": ""alto""}"	What is the 24th interval in the alto line?	Drese_JesuGehVoran	chorale-bricks	Drese_JesuGehVoran	data/chorale-bricks/Drese_JesuGehVoran	Perfect Fifth	"[""Major Second"", ""Major Sixth"", ""Major Third"", ""Minor Second"", ""Minor Third"", ""Perfect Fourth"", ""Perfect Unison""]"	"[""Major Sixth"", ""Major Second"", ""Perfect Fourth"", ""Minor Second"", ""Perfect Unison"", ""Major Third"", ""Minor Third""]"	audio	audio.mastermix.wav	data/chorale-bricks/Drese_JesuGehVoran/audio.mastermix.wav	Perfect Fifth	"[""Perfect Fifth"", ""none of the other options is correct"", ""Major Sixth"", ""Major Second"", ""Perfect Fourth""]"	0.2	0	"[""A"", ""B"", ""C"", ""D"", ""E""]"	"{""A"": ""none of the other options is correct"", ""B"": ""Perfect Fifth"", ""C"": ""Perfect Fourth"", ""D"": ""Major Sixth"", ""E"": ""Major Second""}"	"[""(A) none of the other options is correct"", ""(B) Perfect Fifth"", ""(C) Perfect Fourth"", ""(D) Major Sixth"", ""(E) Major Second""]"	(B) Perfect Fifth	B
8e5aa08e-934a-5bbc-8967-53bec1cc4c51	3	perception	pitch	relative	pitch-relative	interval-recognition		interval recognition	What is the {target_index} interval in the {voice} line?	"[""target_index"", ""voice""]"	get_nth_interval		interval	"{""target_index"": ""24th"", ""voice"": ""alto""}"	What is the 24th interval in the alto line?	Drese_JesuGehVoran	chorale-bricks	Drese_JesuGehVoran	data/chorale-bricks/Drese_JesuGehVoran	Perfect Fifth	"[""Major Second"", ""Major Sixth"", ""Major Third"", ""Minor Second"", ""Minor Third"", ""Perfect Fourth"", ""Perfect Unison""]"	"[""Major Sixth"", ""Major Second"", ""Perfect Fourth"", ""Minor Second"", ""Perfect Unison"", ""Major Third"", ""Minor Third""]"	symbolic	symbolic.abc.txt	data/chorale-bricks/Drese_JesuGehVoran/symbolic.abc.txt	Perfect Fifth	"[""Perfect Fifth"", ""none of the other options is correct"", ""Major Sixth"", ""Major Second"", ""Perfect Fourth""]"	0.2	0	"[""A"", ""B"", ""C"", ""D"", ""E""]"	"{""A"": ""none of the other options is correct"", ""B"": ""Perfect Fourth"", ""C"": ""Major Second"", ""D"": ""Major Sixth"", ""E"": ""Perfect Fifth""}"	"[""(A) none of the other options is correct"", ""(B) Perfect Fourth"", ""(C) Major Second"", ""(D) Major Sixth"", ""(E) Perfect Fifth""]"	(E) Perfect Fifth	E
1d06f1ee-dc3d-564c-8a80-2fd44836c68c	3	perception	pitch	relative	pitch-relative	interval-recognition		interval recognition	What is the {target_index} interval in the {voice} line?	"[""target_index"", ""voice""]"	get_nth_interval		interval	"{""target_index"": ""24th"", ""voice"": ""alto""}"	What is the 24th interval in the alto line?	Drese_JesuGehVoran	chorale-bricks	Drese_JesuGehVoran	data/chorale-bricks/Drese_JesuGehVoran	Perfect Fifth	"[""Major Second"", ""Major Sixth"", ""Major Third"", ""Minor Second"", ""Minor Third"", ""Perfect Fourth"", ""Perfect Unison""]"	"[""Major Sixth"", ""Major Second"", ""Perfect Fourth"", ""Minor Second"", ""Perfect Unison"", ""Major Third"", ""Minor Third""]"	visual	visual.short.png	data/chorale-bricks/Drese_JesuGehVoran/visual.short.png	Perfect Fifth	"[""Perfect Fifth"", ""none of the other options is correct"", ""Major Sixth"", ""Major Second"", ""Perfect Fourth""]"	0.2	0	"[""A"", ""B"", ""C"", ""D"", ""E""]"	"{""A"": ""Perfect Fifth"", ""B"": ""Major Sixth"", ""C"": ""Major Second"", ""D"": ""Perfect Fourth"", ""E"": ""none of the other options is correct""}"	"[""(A) Perfect Fifth"", ""(B) Major Sixth"", ""(C) Major Second"", ""(D) Perfect Fourth"", ""(E) none of the other options is correct""]"	(A) Perfect Fifth	A
0c1de2d3-990a-5531-a0a6-d0ef5e4aa06c	3	perception	pitch	relative	pitch-relative	interval-recognition		interval recognition	What is the {target_index} interval in the {voice} line?	"[""target_index"", ""voice""]"	get_nth_interval		interval	"{""target_index"": ""12th"", ""voice"": ""tenor""}"	What is the 12th interval in the tenor line?	Drese_JesuGehVoran	chorale-bricks	Drese_JesuGehVoran	data/chorale-bricks/Drese_JesuGehVoran	Major Second	"[""Major Sixth"", ""Major Third"", ""Minor Second"", ""Minor Third"", ""Perfect Fifth"", ""Perfect Fourth"", ""Perfect Unison""]"	"[""Perfect Unison"", ""Perfect Fifth"", ""Minor Third"", ""Perfect Fourth"", ""Major Sixth"", ""Major Third"", ""Minor Second""]"	audio	audio.mastermix.wav	data/chorale-bricks/Drese_JesuGehVoran/audio.mastermix.wav	Major Second	"[""Major Second"", ""none of the other options is correct"", ""Perfect Unison"", ""Perfect Fifth"", ""Minor Third""]"	0.2	0	"[""A"", ""B"", ""C"", ""D"", ""E""]"	"{""A"": ""none of the other options is correct"", ""B"": ""Perfect Unison"", ""C"": ""Minor Third"", ""D"": ""Perfect Fifth"", ""E"": ""Major Second""}"	"[""(A) none of the other options is correct"", ""(B) Perfect Unison"", ""(C) Minor Third"", ""(D) Perfect Fifth"", ""(E) Major Second""]"	(E) Major Second	E
14e8d084-3a61-5e62-9d9e-2dfcc1079ba8	3	perception	pitch	relative	pitch-relative	interval-recognition		interval recognition	What is the {target_index} interval in the {voice} line?	"[""target_index"", ""voice""]"	get_nth_interval		interval	"{""target_index"": ""12th"", ""voice"": ""tenor""}"	What is the 12th interval in the tenor line?	Drese_JesuGehVoran	chorale-bricks	Drese_JesuGehVoran	data/chorale-bricks/Drese_JesuGehVoran	Major Second	"[""Major Sixth"", ""Major Third"", ""Minor Second"", ""Minor Third"", ""Perfect Fifth"", ""Perfect Fourth"", ""Perfect Unison""]"	"[""Perfect Unison"", ""Perfect Fifth"", ""Minor Third"", ""Perfect Fourth"", ""Major Sixth"", ""Major Third"", ""Minor Second""]"	symbolic	symbolic.abc.txt	data/chorale-bricks/Drese_JesuGehVoran/symbolic.abc.txt	Major Second	"[""Major Second"", ""none of the other options is correct"", ""Perfect Unison"", ""Perfect Fifth"", ""Minor Third""]"	0.2	0	"[""A"", ""B"", ""C"", ""D"", ""E""]"	"{""A"": ""Perfect Unison"", ""B"": ""Perfect Fifth"", ""C"": ""Minor Third"", ""D"": ""none of the other options is correct"", ""E"": ""Major Second""}"	"[""(A) Perfect Unison"", ""(B) Perfect Fifth"", ""(C) Minor Third"", ""(D) none of the other options is correct"", ""(E) Major Second""]"	(E) Major Second	E
0e2a58e1-87df-5aa5-9dfe-d492a70c754e	3	perception	pitch	relative	pitch-relative	interval-recognition		interval recognition	What is the {target_index} interval in the {voice} line?	"[""target_index"", ""voice""]"	get_nth_interval		interval	"{""target_index"": ""12th"", ""voice"": ""tenor""}"	What is the 12th interval in the tenor line?	Drese_JesuGehVoran	chorale-bricks	Drese_JesuGehVoran	data/chorale-bricks/Drese_JesuGehVoran	Major Second	"[""Major Sixth"", ""Major Third"", ""Minor Second"", ""Minor Third"", ""Perfect Fifth"", ""Perfect Fourth"", ""Perfect Unison""]"	"[""Perfect Unison"", ""Perfect Fifth"", ""Minor Third"", ""Perfect Fourth"", ""Major Sixth"", ""Major Third"", ""Minor Second""]"	visual	visual.short.png	data/chorale-bricks/Drese_JesuGehVoran/visual.short.png	none of the other options is correct	"[""none of the other options is correct"", ""Perfect Unison"", ""Perfect Fifth"", ""Minor Third"", ""Perfect Fourth""]"	0.2	1	"[""A"", ""B"", ""C"", ""D"", ""E""]"	"{""A"": ""Perfect Fifth"", ""B"": ""none of the other options is correct"", ""C"": ""Perfect Unison"", ""D"": ""Minor Third"", ""E"": ""Perfect Fourth""}"	"[""(A) Perfect Fifth"", ""(B) none of the other options is correct"", ""(C) Perfect Unison"", ""(D) Minor Third"", ""(E) Perfect Fourth""]"	(B) none of the other options is correct	B
6064f2f0-403a-5752-9c12-88d413273822	3	perception	pitch	relative	pitch-relative	interval-recognition		interval recognition	What is the {target_index} interval in the {voice} line?	"[""target_index"", ""voice""]"	get_nth_interval		interval	"{""target_index"": ""17th"", ""voice"": ""alto""}"	What is the 17th interval in the alto line?	Vulpius_DieHelleSonnLeuchtJetztHerfuer	chorale-bricks	Vulpius_DieHelleSonnLeuchtJetztHerfuer	data/chorale-bricks/Vulpius_DieHelleSonnLeuchtJetztHerfuer	Perfect Fourth	"[""Diminished Unison"", ""Major Second"", ""Major Third"", ""Minor Second"", ""Minor Third"", ""Perfect Fifth"", ""Perfect Unison""]"	"[""Major Third"", ""Major Second"", ""Perfect Unison"", ""Diminished Unison"", ""Perfect Fifth"", ""Minor Second"", ""Minor Third""]"	audio	audio.mastermix.wav	data/chorale-bricks/Vulpius_DieHelleSonnLeuchtJetztHerfuer/audio.mastermix.wav	Perfect Fourth	"[""Perfect Fourth"", ""none of the other options is correct"", ""Major Third"", ""Major Second"", ""Perfect Unison""]"	0.2	0	"[""A"", ""B"", ""C"", ""D"", ""E""]"	"{""A"": ""Perfect Fourth"", ""B"": ""Perfect Unison"", ""C"": ""Major Second"", ""D"": ""Major Third"", ""E"": ""none of the other options is correct""}"	"[""(A) Perfect Fourth"", ""(B) Perfect Unison"", ""(C) Major Second"", ""(D) Major Third"", ""(E) none of the other options is correct""]"	(A) Perfect Fourth	A
cf37b2d9-115d-5cae-8014-5e005108fa61	3	perception	pitch	relative	pitch-relative	interval-recognition		interval recognition	What is the {target_index} interval in the {voice} line?	"[""target_index"", ""voice""]"	get_nth_interval		interval	"{""target_index"": ""17th"", ""voice"": ""alto""}"	What is the 17th interval in the alto line?	Vulpius_DieHelleSonnLeuchtJetztHerfuer	chorale-bricks	Vulpius_DieHelleSonnLeuchtJetztHerfuer	data/chorale-bricks/Vulpius_DieHelleSonnLeuchtJetztHerfuer	Perfect Fourth	"[""Diminished Unison"", ""Major Second"", ""Major Third"", ""Minor Second"", ""Minor Third"", ""Perfect Fifth"", ""Perfect Unison""]"	"[""Major Third"", ""Major Second"", ""Perfect Unison"", ""Diminished Unison"", ""Perfect Fifth"", ""Minor Second"", ""Minor Third""]"	symbolic	symbolic.abc.txt	data/chorale-bricks/Vulpius_DieHelleSonnLeuchtJetztHerfuer/symbolic.abc.txt	Perfect Fourth	"[""Perfect Fourth"", ""none of the other options is correct"", ""Major Third"", ""Major Second"", ""Perfect Unison""]"	0.2	0	"[""A"", ""B"", ""C"", ""D"", ""E""]"	"{""A"": ""Major Second"", ""B"": ""Major Third"", ""C"": ""none of the other options is correct"", ""D"": ""Perfect Unison"", ""E"": ""Perfect Fourth""}"	"[""(A) Major Second"", ""(B) Major Third"", ""(C) none of the other options is correct"", ""(D) Perfect Unison"", ""(E) Perfect Fourth""]"	(E) Perfect Fourth	E
249e63fc-20d7-5514-afee-a5badae438d2	3	perception	pitch	relative	pitch-relative	interval-recognition		interval recognition	What is the {target_index} interval in the {voice} line?	"[""target_index"", ""voice""]"	get_nth_interval		interval	"{""target_index"": ""17th"", ""voice"": ""alto""}"	What is the 17th interval in the alto line?	Vulpius_DieHelleSonnLeuchtJetztHerfuer	chorale-bricks	Vulpius_DieHelleSonnLeuchtJetztHerfuer	data/chorale-bricks/Vulpius_DieHelleSonnLeuchtJetztHerfuer	Perfect Fourth	"[""Diminished Unison"", ""Major Second"", ""Major Third"", ""Minor Second"", ""Minor Third"", ""Perfect Fifth"", ""Perfect Unison""]"	"[""Major Third"", ""Major Second"", ""Perfect Unison"", ""Diminished Unison"", ""Perfect Fifth"", ""Minor Second"", ""Minor Third""]"	visual	visual.short.png	data/chorale-bricks/Vulpius_DieHelleSonnLeuchtJetztHerfuer/visual.short.png	none of the other options is correct	"[""none of the other options is correct"", ""Major Third"", ""Major Second"", ""Perfect Unison"", ""Diminished Unison""]"	0.2	1	"[""A"", ""B"", ""C"", ""D"", ""E""]"	"{""A"": ""none of the other options is correct"", ""B"": ""Diminished Unison"", ""C"": ""Perfect Unison"", ""D"": ""Major Third"", ""E"": ""Major Second""}"	"[""(A) none of the other options is correct"", ""(B) Diminished Unison"", ""(C) Perfect Unison"", ""(D) Major Third"", ""(E) Major Second""]"	(A) none of the other options is correct	A
f9bff759-11f7-5b0f-8a14-5ec332733efa	4	perception	pitch	relative	pitch-relative	interval-recognition		interval statistics	How many times is the interval {interval} present in the {voice} line?	"[""voice"", ""interval""]"	get_interval_quantity		interval	"{""voice"": ""alto"", ""interval"": ""Augmented Unison""}"	How many times is the interval Augmented Unison present in the alto line?	Telemann_DerLiebenSonneLichtUndPracht	chorale-bricks	Telemann_DerLiebenSonneLichtUndPracht	data/chorale-bricks/Telemann_DerLiebenSonneLichtUndPracht	0	"[""2"", ""3"", ""7"", ""22"", ""27"", ""38"", ""55"", ""66"", ""77""]"	"[""77"", ""22"", ""27"", ""38"", ""3"", ""55"", ""2"", ""7"", ""66""]"	audio	audio.mastermix.wav	data/chorale-bricks/Telemann_DerLiebenSonneLichtUndPracht/audio.mastermix.wav	none of the other options is correct	"[""none of the other options is correct"", ""77"", ""22"", ""27"", ""38""]"	0.2	1	"[""A"", ""B"", ""C"", ""D"", ""E""]"	"{""A"": ""none of the other options is correct"", ""B"": ""77"", ""C"": ""38"", ""D"": ""22"", ""E"": ""27""}"	"[""(A) none of the other options is correct"", ""(B) 77"", ""(C) 38"", ""(D) 22"", ""(E) 27""]"	(A) none of the other options is correct	A
0175e0e5-d555-598b-8020-6be432017a50	4	perception	pitch	relative	pitch-relative	interval-recognition		interval statistics	How many times is the interval {interval} present in the {voice} line?	"[""voice"", ""interval""]"	get_interval_quantity		interval	"{""voice"": ""alto"", ""interval"": ""Augmented Unison""}"	How many times is the interval Augmented Unison present in the alto line?	Telemann_DerLiebenSonneLichtUndPracht	chorale-bricks	Telemann_DerLiebenSonneLichtUndPracht	data/chorale-bricks/Telemann_DerLiebenSonneLichtUndPracht	0	"[""2"", ""3"", ""7"", ""22"", ""27"", ""38"", ""55"", ""66"", ""77""]"	"[""77"", ""22"", ""27"", ""38"", ""3"", ""55"", ""2"", ""7"", ""66""]"	symbolic	symbolic.abc.txt	data/chorale-bricks/Telemann_DerLiebenSonneLichtUndPracht/symbolic.abc.txt	0	"[""0"", ""none of the other options is correct"", ""77"", ""22"", ""27""]"	0.2	0	"[""A"", ""B"", ""C"", ""D"", ""E""]"	"{""A"": ""22"", ""B"": ""77"", ""C"": ""0"", ""D"": ""none of the other options is correct"", ""E"": ""27""}"	"[""(A) 22"", ""(B) 77"", ""(C) 0"", ""(D) none of the other options is correct"", ""(E) 27""]"	(C) 0	C
041444ee-9322-5d7e-add3-239131644702	4	perception	pitch	relative	pitch-relative	interval-recognition		interval statistics	How many times is the interval {interval} present in the {voice} line?	"[""voice"", ""interval""]"	get_interval_quantity		interval	"{""voice"": ""alto"", ""interval"": ""Augmented Unison""}"	How many times is the interval Augmented Unison present in the alto line?	Telemann_DerLiebenSonneLichtUndPracht	chorale-bricks	Telemann_DerLiebenSonneLichtUndPracht	data/chorale-bricks/Telemann_DerLiebenSonneLichtUndPracht	0	"[""2"", ""3"", ""7"", ""22"", ""27"", ""38"", ""55"", ""66"", ""77""]"	"[""77"", ""22"", ""27"", ""38"", ""3"", ""55"", ""2"", ""7"", ""66""]"	visual	visual.short.png	data/chorale-bricks/Telemann_DerLiebenSonneLichtUndPracht/visual.short.png	none of the other options is correct	"[""none of the other options is correct"", ""77"", ""22"", ""27"", ""38""]"	0.2	1	"[""A"", ""B"", ""C"", ""D"", ""E""]"	"{""A"": ""38"", ""B"": ""22"", ""C"": ""27"", ""D"": ""77"", ""E"": ""none of the other options is correct""}"	"[""(A) 38"", ""(B) 22"", ""(C) 27"", ""(D) 77"", ""(E) none of the other options is correct""]"	(E) none of the other options is correct	E
0e386e94-80b3-53c1-9456-3eaae3a53f28	4	perception	pitch	relative	pitch-relative	interval-recognition		interval statistics	How many times is the interval {interval} present in the {voice} line?	"[""voice"", ""interval""]"	get_interval_quantity		interval	"{""voice"": ""alto"", ""interval"": ""Diminished Second""}"	How many times is the interval Diminished Second present in the alto line?	Vulpius_ChristusDerIstMeinLeben	chorale-bricks	Vulpius_ChristusDerIstMeinLeben	data/chorale-bricks/Vulpius_ChristusDerIstMeinLeben	0	"[""2"", ""5"", ""14"", ""29"", ""30"", ""37""]"	"[""2"", ""37"", ""14"", ""29"", ""5"", ""30""]"	audio	audio.mastermix.wav	data/chorale-bricks/Vulpius_ChristusDerIstMeinLeben/audio.mastermix.wav	0	"[""0"", ""none of the other options is correct"", ""2"", ""37"", ""14""]"	0.2	0	"[""A"", ""B"", ""C"", ""D"", ""E""]"	"{""A"": ""0"", ""B"": ""2"", ""C"": ""37"", ""D"": ""14"", ""E"": ""none of the other options is correct""}"	"[""(A) 0"", ""(B) 2"", ""(C) 37"", ""(D) 14"", ""(E) none of the other options is correct""]"	(A) 0	A
2b2f870b-8e0a-58f6-aef1-ac4406196e6f	4	perception	pitch	relative	pitch-relative	interval-recognition		interval statistics	How many times is the interval {interval} present in the {voice} line?	"[""voice"", ""interval""]"	get_interval_quantity		interval	"{""voice"": ""alto"", ""interval"": ""Diminished Second""}"	How many times is the interval Diminished Second present in the alto line?	Vulpius_ChristusDerIstMeinLeben	chorale-bricks	Vulpius_ChristusDerIstMeinLeben	data/chorale-bricks/Vulpius_ChristusDerIstMeinLeben	0	"[""2"", ""5"", ""14"", ""29"", ""30"", ""37""]"	"[""2"", ""37"", ""14"", ""29"", ""5"", ""30""]"	symbolic	symbolic.abc.txt	data/chorale-bricks/Vulpius_ChristusDerIstMeinLeben/symbolic.abc.txt	none of the other options is correct	"[""none of the other options is correct"", ""2"", ""37"", ""14"", ""29""]"	0.2	1	"[""A"", ""B"", ""C"", ""D"", ""E""]"	"{""A"": ""37"", ""B"": ""none of the other options is correct"", ""C"": ""2"", ""D"": ""14"", ""E"": ""29""}"	"[""(A) 37"", ""(B) none of the other options is correct"", ""(C) 2"", ""(D) 14"", ""(E) 29""]"	(B) none of the other options is correct	B
da01bb29-94d0-59a6-83a1-772cb92daeab	4	perception	pitch	relative	pitch-relative	interval-recognition		interval statistics	How many times is the interval {interval} present in the {voice} line?	"[""voice"", ""interval""]"	get_interval_quantity		interval	"{""voice"": ""alto"", ""interval"": ""Diminished Second""}"	How many times is the interval Diminished Second present in the alto line?	Vulpius_ChristusDerIstMeinLeben	chorale-bricks	Vulpius_ChristusDerIstMeinLeben	data/chorale-bricks/Vulpius_ChristusDerIstMeinLeben	0	"[""2"", ""5"", ""14"", ""29"", ""30"", ""37""]"	"[""2"", ""37"", ""14"", ""29"", ""5"", ""30""]"	visual	visual.short.png	data/chorale-bricks/Vulpius_ChristusDerIstMeinLeben/visual.short.png	0	"[""0"", ""none of the other options is correct"", ""2"", ""37"", ""14""]"	0.2	0	"[""A"", ""B"", ""C"", ""D"", ""E""]"	"{""A"": ""2"", ""B"": ""14"", ""C"": ""37"", ""D"": ""0"", ""E"": ""none of the other options is correct""}"	"[""(A) 2"", ""(B) 14"", ""(C) 37"", ""(D) 0"", ""(E) none of the other options is correct""]"	(D) 0	D
eefac251-0738-5a4d-b210-8a11bf720fe0	4	perception	pitch	relative	pitch-relative	interval-recognition		interval statistics	How many times is the interval {interval} present in the {voice} line?	"[""voice"", ""interval""]"	get_interval_quantity		interval	"{""voice"": ""bass"", ""interval"": ""Perfect Unison""}"	How many times is the interval Perfect Unison present in the bass line?	Telemann_DerLiebenSonneLichtUndPracht	chorale-bricks	Telemann_DerLiebenSonneLichtUndPracht	data/chorale-bricks/Telemann_DerLiebenSonneLichtUndPracht	3	"[""1"", ""10"", ""21"", ""23"", ""40"", ""54"", ""60"", ""85""]"	"[""1"", ""10"", ""60"", ""23"", ""85"", ""21"", ""40"", ""54""]"	audio	audio.mastermix.wav	data/chorale-bricks/Telemann_DerLiebenSonneLichtUndPracht/audio.mastermix.wav	none of the other options is correct	"[""none of the other options is correct"", ""1"", ""10"", ""60"", ""23""]"	0.2	1	"[""A"", ""B"", ""C"", ""D"", ""E""]"	"{""A"": ""none of the other options is correct"", ""B"": ""10"", ""C"": ""23"", ""D"": ""60"", ""E"": ""1""}"	"[""(A) none of the other options is correct"", ""(B) 10"", ""(C) 23"", ""(D) 60"", ""(E) 1""]"	(A) none of the other options is correct	A
c8fc802b-0271-59f6-929b-17cdac417179	4	perception	pitch	relative	pitch-relative	interval-recognition		interval statistics	How many times is the interval {interval} present in the {voice} line?	"[""voice"", ""interval""]"	get_interval_quantity		interval	"{""voice"": ""bass"", ""interval"": ""Perfect Unison""}"	How many times is the interval Perfect Unison present in the bass line?	Telemann_DerLiebenSonneLichtUndPracht	chorale-bricks	Telemann_DerLiebenSonneLichtUndPracht	data/chorale-bricks/Telemann_DerLiebenSonneLichtUndPracht	3	"[""1"", ""10"", ""21"", ""23"", ""40"", ""54"", ""60"", ""85""]"	"[""1"", ""10"", ""60"", ""23"", ""85"", ""21"", ""40"", ""54""]"	symbolic	symbolic.abc.txt	data/chorale-bricks/Telemann_DerLiebenSonneLichtUndPracht/symbolic.abc.txt	3	"[""3"", ""none of the other options is correct"", ""1"", ""10"", ""60""]"	0.2	0	"[""A"", ""B"", ""C"", ""D"", ""E""]"	"{""A"": ""1"", ""B"": ""3"", ""C"": ""60"", ""D"": ""10"", ""E"": ""none of the other options is correct""}"	"[""(A) 1"", ""(B) 3"", ""(C) 60"", ""(D) 10"", ""(E) none of the other options is correct""]"	(B) 3	B
09dc8ed9-5abe-5c60-aac8-7447d6363ed2	4	perception	pitch	relative	pitch-relative	interval-recognition		interval statistics	How many times is the interval {interval} present in the {voice} line?	"[""voice"", ""interval""]"	get_interval_quantity		interval	"{""voice"": ""bass"", ""interval"": ""Perfect Unison""}"	How many times is the interval Perfect Unison present in the bass line?	Telemann_DerLiebenSonneLichtUndPracht	chorale-bricks	Telemann_DerLiebenSonneLichtUndPracht	data/chorale-bricks/Telemann_DerLiebenSonneLichtUndPracht	3	"[""1"", ""10"", ""21"", ""23"", ""40"", ""54"", ""60"", ""85""]"	"[""1"", ""10"", ""60"", ""23"", ""85"", ""21"", ""40"", ""54""]"	visual	visual.short.png	data/chorale-bricks/Telemann_DerLiebenSonneLichtUndPracht/visual.short.png	3	"[""3"", ""none of the other options is correct"", ""1"", ""10"", ""60""]"	0.2	0	"[""A"", ""B"", ""C"", ""D"", ""E""]"	"{""A"": ""10"", ""B"": ""60"", ""C"": ""none of the other options is correct"", ""D"": ""1"", ""E"": ""3""}"	"[""(A) 10"", ""(B) 60"", ""(C) none of the other options is correct"", ""(D) 1"", ""(E) 3""]"	(E) 3	E
e3d8d252-2ba9-5c65-ad34-a1758ac6399a	4	perception	pitch	relative	pitch-relative	interval-recognition		interval statistics	How many times is the interval {interval} present in the {voice} line?	"[""voice"", ""interval""]"	get_interval_quantity		interval	"{""voice"": ""tenor"", ""interval"": ""Minor Third""}"	How many times is the interval Minor Third present in the tenor line?	Vulpius_DieHelleSonnLeuchtJetztHerfuer	chorale-bricks	Vulpius_DieHelleSonnLeuchtJetztHerfuer	data/chorale-bricks/Vulpius_DieHelleSonnLeuchtJetztHerfuer	7	"[""1"", ""2"", ""14"", ""16"", ""22"", ""28"", ""47""]"	"[""22"", ""2"", ""47"", ""28"", ""16"", ""14"", ""1""]"	audio	audio.mastermix.wav	data/chorale-bricks/Vulpius_DieHelleSonnLeuchtJetztHerfuer/audio.mastermix.wav	7	"[""7"", ""none of the other options is correct"", ""22"", ""2"", ""47""]"	0.2	0	"[""A"", ""B"", ""C"", ""D"", ""E""]"	"{""A"": ""none of the other options is correct"", ""B"": ""47"", ""C"": ""22"", ""D"": ""2"", ""E"": ""7""}"	"[""(A) none of the other options is correct"", ""(B) 47"", ""(C) 22"", ""(D) 2"", ""(E) 7""]"	(E) 7	E
7003b4bb-00e0-5e80-87f5-bcf3f6409824	4	perception	pitch	relative	pitch-relative	interval-recognition		interval statistics	How many times is the interval {interval} present in the {voice} line?	"[""voice"", ""interval""]"	get_interval_quantity		interval	"{""voice"": ""tenor"", ""interval"": ""Minor Third""}"	How many times is the interval Minor Third present in the tenor line?	Vulpius_DieHelleSonnLeuchtJetztHerfuer	chorale-bricks	Vulpius_DieHelleSonnLeuchtJetztHerfuer	data/chorale-bricks/Vulpius_DieHelleSonnLeuchtJetztHerfuer	7	"[""1"", ""2"", ""14"", ""16"", ""22"", ""28"", ""47""]"	"[""22"", ""2"", ""47"", ""28"", ""16"", ""14"", ""1""]"	symbolic	symbolic.abc.txt	data/chorale-bricks/Vulpius_DieHelleSonnLeuchtJetztHerfuer/symbolic.abc.txt	7	"[""7"", ""none of the other options is correct"", ""22"", ""2"", ""47""]"	0.2	0	"[""A"", ""B"", ""C"", ""D"", ""E""]"	"{""A"": ""47"", ""B"": ""none of the other options is correct"", ""C"": ""2"", ""D"": ""7"", ""E"": ""22""}"	"[""(A) 47"", ""(B) none of the other options is correct"", ""(C) 2"", ""(D) 7"", ""(E) 22""]"	(D) 7	D
7f4150b6-5979-5364-bf66-981b9c095cbb	4	perception	pitch	relative	pitch-relative	interval-recognition		interval statistics	How many times is the interval {interval} present in the {voice} line?	"[""voice"", ""interval""]"	get_interval_quantity		interval	"{""voice"": ""tenor"", ""interval"": ""Minor Third""}"	How many times is the interval Minor Third present in the tenor line?	Vulpius_DieHelleSonnLeuchtJetztHerfuer	chorale-bricks	Vulpius_DieHelleSonnLeuchtJetztHerfuer	data/chorale-bricks/Vulpius_DieHelleSonnLeuchtJetztHerfuer	7	"[""1"", ""2"", ""14"", ""16"", ""22"", ""28"", ""47""]"	"[""22"", ""2"", ""47"", ""28"", ""16"", ""14"", ""1""]"	visual	visual.short.png	data/chorale-bricks/Vulpius_DieHelleSonnLeuchtJetztHerfuer/visual.short.png	none of the other options is correct	"[""none of the other options is correct"", ""22"", ""2"", ""47"", ""28""]"	0.2	1	"[""A"", ""B"", ""C"", ""D"", ""E""]"	"{""A"": ""2"", ""B"": ""28"", ""C"": ""none of the other options is correct"", ""D"": ""22"", ""E"": ""47""}"	"[""(A) 2"", ""(B) 28"", ""(C) none of the other options is correct"", ""(D) 22"", ""(E) 47""]"	(C) none of the other options is correct	C
6afb7a31-1113-5253-b72a-d6c988f83e62	4	perception	pitch	relative	pitch-relative	interval-recognition		interval statistics	How many times is the interval {interval} present in the {voice} line?	"[""voice"", ""interval""]"	get_interval_quantity		interval	"{""voice"": ""bass"", ""interval"": ""Major Third""}"	How many times is the interval Major Third present in the bass line?	Anonymous_AusMeinesHerzensGrunde	chorale-bricks	Anonymous_AusMeinesHerzensGrunde	data/chorale-bricks/Anonymous_AusMeinesHerzensGrunde	2	"[""4"", ""7"", ""9"", ""35"", ""36"", ""46"", ""76"", ""89""]"	"[""4"", ""89"", ""36"", ""7"", ""9"", ""76"", ""46"", ""35""]"	audio	audio.mastermix.wav	data/chorale-bricks/Anonymous_AusMeinesHerzensGrunde/audio.mastermix.wav	none of the other options is correct	"[""none of the other options is correct"", ""4"", ""89"", ""36"", ""7""]"	0.2	1	"[""A"", ""B"", ""C"", ""D"", ""E""]"	"{""A"": ""none of the other options is correct"", ""B"": ""4"", ""C"": ""89"", ""D"": ""7"", ""E"": ""36""}"	"[""(A) none of the other options is correct"", ""(B) 4"", ""(C) 89"", ""(D) 7"", ""(E) 36""]"	(A) none of the other options is correct	A
0a06fff0-dd19-5a20-81b6-b399d1dab893	4	perception	pitch	relative	pitch-relative	interval-recognition		interval statistics	How many times is the interval {interval} present in the {voice} line?	"[""voice"", ""interval""]"	get_interval_quantity		interval	"{""voice"": ""bass"", ""interval"": ""Major Third""}"	How many times is the interval Major Third present in the bass line?	Anonymous_AusMeinesHerzensGrunde	chorale-bricks	Anonymous_AusMeinesHerzensGrunde	data/chorale-bricks/Anonymous_AusMeinesHerzensGrunde	2	"[""4"", ""7"", ""9"", ""35"", ""36"", ""46"", ""76"", ""89""]"	"[""4"", ""89"", ""36"", ""7"", ""9"", ""76"", ""46"", ""35""]"	symbolic	symbolic.abc.txt	data/chorale-bricks/Anonymous_AusMeinesHerzensGrunde/symbolic.abc.txt	2	"[""2"", ""none of the other options is correct"", ""4"", ""89"", ""36""]"	0.2	0	"[""A"", ""B"", ""C"", ""D"", ""E""]"	"{""A"": ""none of the other options is correct"", ""B"": ""89"", ""C"": ""2"", ""D"": ""36"", ""E"": ""4""}"	"[""(A) none of the other options is correct"", ""(B) 89"", ""(C) 2"", ""(D) 36"", ""(E) 4""]"	(C) 2	C
374da9df-b7b4-56f9-bd00-0caeab229334	4	perception	pitch	relative	pitch-relative	interval-recognition		interval statistics	How many times is the interval {interval} present in the {voice} line?	"[""voice"", ""interval""]"	get_interval_quantity		interval	"{""voice"": ""bass"", ""interval"": ""Major Third""}"	How many times is the interval Major Third present in the bass line?	Anonymous_AusMeinesHerzensGrunde	chorale-bricks	Anonymous_AusMeinesHerzensGrunde	data/chorale-bricks/Anonymous_AusMeinesHerzensGrunde	2	"[""4"", ""7"", ""9"", ""35"", ""36"", ""46"", ""76"", ""89""]"	"[""4"", ""89"", ""36"", ""7"", ""9"", ""76"", ""46"", ""35""]"	visual	visual.short.png	data/chorale-bricks/Anonymous_AusMeinesHerzensGrunde/visual.short.png	2	"[""2"", ""none of the other options is correct"", ""4"", ""89"", ""36""]"	0.2	0	"[""A"", ""B"", ""C"", ""D"", ""E""]"	"{""A"": ""4"", ""B"": ""36"", ""C"": ""2"", ""D"": ""89"", ""E"": ""none of the other options is correct""}"	"[""(A) 4"", ""(B) 36"", ""(C) 2"", ""(D) 89"", ""(E) none of the other options is correct""]"	(C) 2	C
d4ae6ecd-3813-5b67-9238-9b344132a6de	5	perception	rhythm	absolute	rhythm-absolute	rhythmic-recognition		note length	What is the rhythmic notation of the {target_index} {voice} note (or rest)?	"[""target_index"", ""voice""]"	get_nth_rhythm		rhythm	"{""target_index"": ""9th"", ""voice"": ""soprano""}"	What is the rhythmic notation of the 9th soprano note (or rest)?	Gesius_DuFriedensfuerstHerrJesuChrist	chorale-bricks	Gesius_DuFriedensfuerstHerrJesuChrist	data/chorale-bricks/Gesius_DuFriedensfuerstHerrJesuChrist	quarter	"[""breve"", ""dotted-1024th"", ""dotted-half"", ""half""]"	"[""dotted-half"", ""breve"", ""dotted-1024th"", ""half""]"	audio	audio.mastermix.wav	data/chorale-bricks/Gesius_DuFriedensfuerstHerrJesuChrist/audio.mastermix.wav	none of the other options is correct	"[""none of the other options is correct"", ""dotted-half"", ""breve"", ""dotted-1024th"", ""half""]"	0.2	1	"[""A"", ""B"", ""C"", ""D"", ""E""]"	"{""A"": ""dotted-1024th"", ""B"": ""none of the other options is correct"", ""C"": ""dotted-half"", ""D"": ""half"", ""E"": ""breve""}"	"[""(A) dotted-1024th"", ""(B) none of the other options is correct"", ""(C) dotted-half"", ""(D) half"", ""(E) breve""]"	(B) none of the other options is correct	B
0d1b395d-3b27-5570-bd46-6bc3e48a386d	5	perception	rhythm	absolute	rhythm-absolute	rhythmic-recognition		note length	What is the rhythmic notation of the {target_index} {voice} note (or rest)?	"[""target_index"", ""voice""]"	get_nth_rhythm		rhythm	"{""target_index"": ""9th"", ""voice"": ""soprano""}"	What is the rhythmic notation of the 9th soprano note (or rest)?	Gesius_DuFriedensfuerstHerrJesuChrist	chorale-bricks	Gesius_DuFriedensfuerstHerrJesuChrist	data/chorale-bricks/Gesius_DuFriedensfuerstHerrJesuChrist	quarter	"[""breve"", ""dotted-1024th"", ""dotted-half"", ""half""]"	"[""dotted-half"", ""breve"", ""dotted-1024th"", ""half""]"	symbolic	symbolic.abc.txt	data/chorale-bricks/Gesius_DuFriedensfuerstHerrJesuChrist/symbolic.abc.txt	quarter	"[""quarter"", ""none of the other options is correct"", ""dotted-half"", ""breve"", ""dotted-1024th""]"	0.2	0	"[""A"", ""B"", ""C"", ""D"", ""E""]"	"{""A"": ""none of the other options is correct"", ""B"": ""dotted-half"", ""C"": ""breve"", ""D"": ""quarter"", ""E"": ""dotted-1024th""}"	"[""(A) none of the other options is correct"", ""(B) dotted-half"", ""(C) breve"", ""(D) quarter"", ""(E) dotted-1024th""]"	(D) quarter	D
cd96a6b1-be11-5508-9cee-d3bd9803f2c6	5	perception	rhythm	absolute	rhythm-absolute	rhythmic-recognition		note length	What is the rhythmic notation of the {target_index} {voice} note (or rest)?	"[""target_index"", ""voice""]"	get_nth_rhythm		rhythm	"{""target_index"": ""9th"", ""voice"": ""soprano""}"	What is the rhythmic notation of the 9th soprano note (or rest)?	Gesius_DuFriedensfuerstHerrJesuChrist	chorale-bricks	Gesius_DuFriedensfuerstHerrJesuChrist	data/chorale-bricks/Gesius_DuFriedensfuerstHerrJesuChrist	quarter	"[""breve"", ""dotted-1024th"", ""dotted-half"", ""half""]"	"[""dotted-half"", ""breve"", ""dotted-1024th"", ""half""]"	visual	visual.short.png	data/chorale-bricks/Gesius_DuFriedensfuerstHerrJesuChrist/visual.short.png	quarter	"[""quarter"", ""none of the other options is correct"", ""dotted-half"", ""breve"", ""dotted-1024th""]"	0.2	0	"[""A"", ""B"", ""C"", ""D"", ""E""]"	"{""A"": ""dotted-half"", ""B"": ""quarter"", ""C"": ""dotted-1024th"", ""D"": ""none of the other options is correct"", ""E"": ""breve""}"	"[""(A) dotted-half"", ""(B) quarter"", ""(C) dotted-1024th"", ""(D) none of the other options is correct"", ""(E) breve""]"	(B) quarter	B
a2fbc589-6c05-5b0c-b4da-c32acb56ba4f	5	perception	rhythm	absolute	rhythm-absolute	rhythmic-recognition		note length	What is the rhythmic notation of the {target_index} {voice} note (or rest)?	"[""target_index"", ""voice""]"	get_nth_rhythm		rhythm	"{""target_index"": ""25th"", ""voice"": ""alto""}"	What is the rhythmic notation of the 25th alto note (or rest)?	Jan_DuGrosserSchmerzensmann	chorale-bricks	Jan_DuGrosserSchmerzensmann	data/chorale-bricks/Jan_DuGrosserSchmerzensmann	quarter	"[""dotted-half"", ""dotted-quarter"", ""eighth"", ""half""]"	"[""dotted-quarter"", ""half"", ""dotted-half"", ""eighth""]"	audio	audio.mastermix.wav	data/chorale-bricks/Jan_DuGrosserSchmerzensmann/audio.mastermix.wav	none of the other options is correct	"[""none of the other options is correct"", ""dotted-quarter"", ""half"", ""dotted-half"", ""eighth""]"	0.2	1	"[""A"", ""B"", ""C"", ""D"", ""E""]"	"{""A"": ""half"", ""B"": ""dotted-quarter"", ""C"": ""eighth"", ""D"": ""none of the other options is correct"", ""E"": ""dotted-half""}"	"[""(A) half"", ""(B) dotted-quarter"", ""(C) eighth"", ""(D) none of the other options is correct"", ""(E) dotted-half""]"	(D) none of the other options is correct	D
cbaa60cf-1014-5184-8ec9-aae15f4321eb	5	perception	rhythm	absolute	rhythm-absolute	rhythmic-recognition		note length	What is the rhythmic notation of the {target_index} {voice} note (or rest)?	"[""target_index"", ""voice""]"	get_nth_rhythm		rhythm	"{""target_index"": ""25th"", ""voice"": ""alto""}"	What is the rhythmic notation of the 25th alto note (or rest)?	Jan_DuGrosserSchmerzensmann	chorale-bricks	Jan_DuGrosserSchmerzensmann	data/chorale-bricks/Jan_DuGrosserSchmerzensmann	quarter	"[""dotted-half"", ""dotted-quarter"", ""eighth"", ""half""]"	"[""dotted-quarter"", ""half"", ""dotted-half"", ""eighth""]"	symbolic	symbolic.abc.txt	data/chorale-bricks/Jan_DuGrosserSchmerzensmann/symbolic.abc.txt	quarter	"[""quarter"", ""none of the other options is correct"", ""dotted-quarter"", ""half"", ""dotted-half""]"	0.2	0	"[""A"", ""B"", ""C"", ""D"", ""E""]"	"{""A"": ""dotted-quarter"", ""B"": ""half"", ""C"": ""none of the other options is correct"", ""D"": ""quarter"", ""E"": ""dotted-half""}"	"[""(A) dotted-quarter"", ""(B) half"", ""(C) none of the other options is correct"", ""(D) quarter"", ""(E) dotted-half""]"	(D) quarter	D
06ca6740-0e00-5543-b71d-9f6abf99bdb2	5	perception	rhythm	absolute	rhythm-absolute	rhythmic-recognition		note length	What is the rhythmic notation of the {target_index} {voice} note (or rest)?	"[""target_index"", ""voice""]"	get_nth_rhythm		rhythm	"{""target_index"": ""25th"", ""voice"": ""alto""}"	What is the rhythmic notation of the 25th alto note (or rest)?	Jan_DuGrosserSchmerzensmann	chorale-bricks	Jan_DuGrosserSchmerzensmann	data/chorale-bricks/Jan_DuGrosserSchmerzensmann	quarter	"[""dotted-half"", ""dotted-quarter"", ""eighth"", ""half""]"	"[""dotted-quarter"", ""half"", ""dotted-half"", ""eighth""]"	visual	visual.short.png	data/chorale-bricks/Jan_DuGrosserSchmerzensmann/visual.short.png	quarter	"[""quarter"", ""none of the other options is correct"", ""dotted-quarter"", ""half"", ""dotted-half""]"	0.2	0	"[""A"", ""B"", ""C"", ""D"", ""E""]"	"{""A"": ""none of the other options is correct"", ""B"": ""half"", ""C"": ""quarter"", ""D"": ""dotted-quarter"", ""E"": ""dotted-half""}"	"[""(A) none of the other options is correct"", ""(B) half"", ""(C) quarter"", ""(D) dotted-quarter"", ""(E) dotted-half""]"	(C) quarter	C
ca0f0e4d-5885-53d6-9335-ea8e64527313	5	perception	rhythm	absolute	rhythm-absolute	rhythmic-recognition		note length	What is the rhythmic notation of the {target_index} {voice} note (or rest)?	"[""target_index"", ""voice""]"	get_nth_rhythm		rhythm	"{""target_index"": ""56th"", ""voice"": ""tenor""}"	What is the rhythmic notation of the 56th tenor note (or rest)?	Crueger_AufAufMeinHerzMitFreuden	chorale-bricks	Crueger_AufAufMeinHerzMitFreuden	data/chorale-bricks/Crueger_AufAufMeinHerzMitFreuden	quarter	"[""dotted-half"", ""dotted-quarter"", ""eighth"", ""half""]"	"[""dotted-quarter"", ""eighth"", ""dotted-half"", ""half""]"	audio	audio.mastermix.wav	data/chorale-bricks/Crueger_AufAufMeinHerzMitFreuden/audio.mastermix.wav	none of the other options is correct	"[""none of the other options is correct"", ""dotted-quarter"", ""eighth"", ""dotted-half"", ""half""]"	0.2	1	"[""A"", ""B"", ""C"", ""D"", ""E""]"	"{""A"": ""dotted-half"", ""B"": ""half"", ""C"": ""dotted-quarter"", ""D"": ""none of the other options is correct"", ""E"": ""eighth""}"	"[""(A) dotted-half"", ""(B) half"", ""(C) dotted-quarter"", ""(D) none of the other options is correct"", ""(E) eighth""]"	(D) none of the other options is correct	D
cce32646-8b3a-5dd5-8b43-f6904f5412dd	5	perception	rhythm	absolute	rhythm-absolute	rhythmic-recognition		note length	What is the rhythmic notation of the {target_index} {voice} note (or rest)?	"[""target_index"", ""voice""]"	get_nth_rhythm		rhythm	"{""target_index"": ""56th"", ""voice"": ""tenor""}"	What is the rhythmic notation of the 56th tenor note (or rest)?	Crueger_AufAufMeinHerzMitFreuden	chorale-bricks	Crueger_AufAufMeinHerzMitFreuden	data/chorale-bricks/Crueger_AufAufMeinHerzMitFreuden	quarter	"[""dotted-half"", ""dotted-quarter"", ""eighth"", ""half""]"	"[""dotted-quarter"", ""eighth"", ""dotted-half"", ""half""]"	symbolic	symbolic.abc.txt	data/chorale-bricks/Crueger_AufAufMeinHerzMitFreuden/symbolic.abc.txt	quarter	"[""quarter"", ""none of the other options is correct"", ""dotted-quarter"", ""eighth"", ""dotted-half""]"	0.2	0	"[""A"", ""B"", ""C"", ""D"", ""E""]"	"{""A"": ""dotted-quarter"", ""B"": ""none of the other options is correct"", ""C"": ""quarter"", ""D"": ""dotted-half"", ""E"": ""eighth""}"	"[""(A) dotted-quarter"", ""(B) none of the other options is correct"", ""(C) quarter"", ""(D) dotted-half"", ""(E) eighth""]"	(C) quarter	C
5ef945ad-ffb1-5c58-8f4a-a094fb0d5c2c	5	perception	rhythm	absolute	rhythm-absolute	rhythmic-recognition		note length	What is the rhythmic notation of the {target_index} {voice} note (or rest)?	"[""target_index"", ""voice""]"	get_nth_rhythm		rhythm	"{""target_index"": ""56th"", ""voice"": ""tenor""}"	What is the rhythmic notation of the 56th tenor note (or rest)?	Crueger_AufAufMeinHerzMitFreuden	chorale-bricks	Crueger_AufAufMeinHerzMitFreuden	data/chorale-bricks/Crueger_AufAufMeinHerzMitFreuden	quarter	"[""dotted-half"", ""dotted-quarter"", ""eighth"", ""half""]"	"[""dotted-quarter"", ""eighth"", ""dotted-half"", ""half""]"	visual	visual.short.png	data/chorale-bricks/Crueger_AufAufMeinHerzMitFreuden/visual.short.png	quarter	"[""quarter"", ""none of the other options is correct"", ""dotted-quarter"", ""eighth"", ""dotted-half""]"	0.2	0	"[""A"", ""B"", ""C"", ""D"", ""E""]"	"{""A"": ""quarter"", ""B"": ""dotted-quarter"", ""C"": ""none of the other options is correct"", ""D"": ""eighth"", ""E"": ""dotted-half""}"	"[""(A) quarter"", ""(B) dotted-quarter"", ""(C) none of the other options is correct"", ""(D) eighth"", ""(E) dotted-half""]"	(A) quarter	A
6d42bc35-8143-548d-9df1-e8248b10fbd9	5	perception	rhythm	absolute	rhythm-absolute	rhythmic-recognition		note length	What is the rhythmic notation of the {target_index} {voice} note (or rest)?	"[""target_index"", ""voice""]"	get_nth_rhythm		rhythm	"{""target_index"": ""57th"", ""voice"": ""soprano""}"	What is the rhythmic notation of the 57th soprano note (or rest)?	Crueger_AufAufMeinHerzMitFreuden	chorale-bricks	Crueger_AufAufMeinHerzMitFreuden	data/chorale-bricks/Crueger_AufAufMeinHerzMitFreuden	dotted-quarter	"[""dotted-half"", ""eighth"", ""half"", ""quarter""]"	"[""eighth"", ""half"", ""dotted-half"", ""quarter""]"	audio	audio.mastermix.wav	data/chorale-bricks/Crueger_AufAufMeinHerzMitFreuden/audio.mastermix.wav	none of the other options is correct	"[""none of the other options is correct"", ""eighth"", ""half"", ""dotted-half"", ""quarter""]"	0.2	1	"[""A"", ""B"", ""C"", ""D"", ""E""]"	"{""A"": ""eighth"", ""B"": ""quarter"", ""C"": ""none of the other options is correct"", ""D"": ""half"", ""E"": ""dotted-half""}"	"[""(A) eighth"", ""(B) quarter"", ""(C) none of the other options is correct"", ""(D) half"", ""(E) dotted-half""]"	(C) none of the other options is correct	C
bc99c073-cf01-56dc-92e8-80a0e5c8aca5	5	perception	rhythm	absolute	rhythm-absolute	rhythmic-recognition		note length	What is the rhythmic notation of the {target_index} {voice} note (or rest)?	"[""target_index"", ""voice""]"	get_nth_rhythm		rhythm	"{""target_index"": ""57th"", ""voice"": ""soprano""}"	What is the rhythmic notation of the 57th soprano note (or rest)?	Crueger_AufAufMeinHerzMitFreuden	chorale-bricks	Crueger_AufAufMeinHerzMitFreuden	data/chorale-bricks/Crueger_AufAufMeinHerzMitFreuden	dotted-quarter	"[""dotted-half"", ""eighth"", ""half"", ""quarter""]"	"[""eighth"", ""half"", ""dotted-half"", ""quarter""]"	symbolic	symbolic.abc.txt	data/chorale-bricks/Crueger_AufAufMeinHerzMitFreuden/symbolic.abc.txt	dotted-quarter	"[""dotted-quarter"", ""none of the other options is correct"", ""eighth"", ""half"", ""dotted-half""]"	0.2	0	"[""A"", ""B"", ""C"", ""D"", ""E""]"	"{""A"": ""dotted-quarter"", ""B"": ""half"", ""C"": ""eighth"", ""D"": ""dotted-half"", ""E"": ""none of the other options is correct""}"	"[""(A) dotted-quarter"", ""(B) half"", ""(C) eighth"", ""(D) dotted-half"", ""(E) none of the other options is correct""]"	(A) dotted-quarter	A
bf8a4810-448d-58c4-9fe9-3e8e5213e2cf	5	perception	rhythm	absolute	rhythm-absolute	rhythmic-recognition		note length	What is the rhythmic notation of the {target_index} {voice} note (or rest)?	"[""target_index"", ""voice""]"	get_nth_rhythm		rhythm	"{""target_index"": ""57th"", ""voice"": ""soprano""}"	What is the rhythmic notation of the 57th soprano note (or rest)?	Crueger_AufAufMeinHerzMitFreuden	chorale-bricks	Crueger_AufAufMeinHerzMitFreuden	data/chorale-bricks/Crueger_AufAufMeinHerzMitFreuden	dotted-quarter	"[""dotted-half"", ""eighth"", ""half"", ""quarter""]"	"[""eighth"", ""half"", ""dotted-half"", ""quarter""]"	visual	visual.short.png	data/chorale-bricks/Crueger_AufAufMeinHerzMitFreuden/visual.short.png	none of the other options is correct	"[""none of the other options is correct"", ""eighth"", ""half"", ""dotted-half"", ""quarter""]"	0.2	1	"[""A"", ""B"", ""C"", ""D"", ""E""]"	"{""A"": ""eighth"", ""B"": ""quarter"", ""C"": ""none of the other options is correct"", ""D"": ""half"", ""E"": ""dotted-half""}"	"[""(A) eighth"", ""(B) quarter"", ""(C) none of the other options is correct"", ""(D) half"", ""(E) dotted-half""]"	(C) none of the other options is correct	C
502e677f-4bed-5533-8fb8-34571e0916b5	5	perception	rhythm	absolute	rhythm-absolute	rhythmic-recognition		note length	What is the rhythmic notation of the {target_index} {voice} note (or rest)?	"[""target_index"", ""voice""]"	get_nth_rhythm		rhythm	"{""target_index"": ""46th"", ""voice"": ""alto""}"	What is the rhythmic notation of the 46th alto note (or rest)?	Bach_IchStehAnDeinerKrippe	chorale-bricks	Bach_IchStehAnDeinerKrippe	data/chorale-bricks/Bach_IchStehAnDeinerKrippe	quarter	"[""dotted-quarter"", ""dotted-whole"", ""eighth"", ""half""]"	"[""half"", ""dotted-quarter"", ""dotted-whole"", ""eighth""]"	audio	audio.mastermix.wav	data/chorale-bricks/Bach_IchStehAnDeinerKrippe/audio.mastermix.wav	quarter	"[""quarter"", ""none of the other options is correct"", ""half"", ""dotted-quarter"", ""dotted-whole""]"	0.2	0	"[""A"", ""B"", ""C"", ""D"", ""E""]"	"{""A"": ""dotted-quarter"", ""B"": ""none of the other options is correct"", ""C"": ""half"", ""D"": ""dotted-whole"", ""E"": ""quarter""}"	"[""(A) dotted-quarter"", ""(B) none of the other options is correct"", ""(C) half"", ""(D) dotted-whole"", ""(E) quarter""]"	(E) quarter	E
ae287d01-5f52-5031-92ef-26b017413a04	5	perception	rhythm	absolute	rhythm-absolute	rhythmic-recognition		note length	What is the rhythmic notation of the {target_index} {voice} note (or rest)?	"[""target_index"", ""voice""]"	get_nth_rhythm		rhythm	"{""target_index"": ""46th"", ""voice"": ""alto""}"	What is the rhythmic notation of the 46th alto note (or rest)?	Bach_IchStehAnDeinerKrippe	chorale-bricks	Bach_IchStehAnDeinerKrippe	data/chorale-bricks/Bach_IchStehAnDeinerKrippe	quarter	"[""dotted-quarter"", ""dotted-whole"", ""eighth"", ""half""]"	"[""half"", ""dotted-quarter"", ""dotted-whole"", ""eighth""]"	symbolic	symbolic.abc.txt	data/chorale-bricks/Bach_IchStehAnDeinerKrippe/symbolic.abc.txt	quarter	"[""quarter"", ""none of the other options is correct"", ""half"", ""dotted-quarter"", ""dotted-whole""]"	0.2	0	"[""A"", ""B"", ""C"", ""D"", ""E""]"	"{""A"": ""quarter"", ""B"": ""half"", ""C"": ""dotted-whole"", ""D"": ""dotted-quarter"", ""E"": ""none of the other options is correct""}"	"[""(A) quarter"", ""(B) half"", ""(C) dotted-whole"", ""(D) dotted-quarter"", ""(E) none of the other options is correct""]"	(A) quarter	A
fda5f2e0-37c2-5821-aaa7-6d1027aa77ea	5	perception	rhythm	absolute	rhythm-absolute	rhythmic-recognition		note length	What is the rhythmic notation of the {target_index} {voice} note (or rest)?	"[""target_index"", ""voice""]"	get_nth_rhythm		rhythm	"{""target_index"": ""46th"", ""voice"": ""alto""}"	What is the rhythmic notation of the 46th alto note (or rest)?	Bach_IchStehAnDeinerKrippe	chorale-bricks	Bach_IchStehAnDeinerKrippe	data/chorale-bricks/Bach_IchStehAnDeinerKrippe	quarter	"[""dotted-quarter"", ""dotted-whole"", ""eighth"", ""half""]"	"[""half"", ""dotted-quarter"", ""dotted-whole"", ""eighth""]"	visual	visual.short.png	data/chorale-bricks/Bach_IchStehAnDeinerKrippe/visual.short.png	quarter	"[""quarter"", ""none of the other options is correct"", ""half"", ""dotted-quarter"", ""dotted-whole""]"	0.2	0	"[""A"", ""B"", ""C"", ""D"", ""E""]"	"{""A"": ""none of the other options is correct"", ""B"": ""dotted-quarter"", ""C"": ""half"", ""D"": ""dotted-whole"", ""E"": ""quarter""}"	"[""(A) none of the other options is correct"", ""(B) dotted-quarter"", ""(C) half"", ""(D) dotted-whole"", ""(E) quarter""]"	(E) quarter	E
f4eb4e35-c811-5551-9b2f-e606ed9804fe	6	perception	rhythm	absolute	rhythm-absolute	rhythmic-recognition		note length statistics	What is the total count of {rhythm}-note units in the {voice} line?	"[""rhythm"", ""voice""]"	get_rhythm_count		rhythm	"{""rhythm"": ""dotted-half"", ""voice"": ""alto""}"	What is the total count of dotted-half-note units in the alto line?	Jan_DuGrosserSchmerzensmann	chorale-bricks	Jan_DuGrosserSchmerzensmann	data/chorale-bricks/Jan_DuGrosserSchmerzensmann	2	"[""1"", ""14"", ""15"", ""40"", ""42"", ""44""]"	"[""40"", ""14"", ""42"", ""1"", ""44"", ""15""]"	audio	audio.mastermix.wav	data/chorale-bricks/Jan_DuGrosserSchmerzensmann/audio.mastermix.wav	2	"[""2"", ""none of the other options is correct"", ""40"", ""14"", ""42""]"	0.2	0	"[""A"", ""B"", ""C"", ""D"", ""E""]"	"{""A"": ""40"", ""B"": ""42"", ""C"": ""none of the other options is correct"", ""D"": ""2"", ""E"": ""14""}"	"[""(A) 40"", ""(B) 42"", ""(C) none of the other options is correct"", ""(D) 2"", ""(E) 14""]"	(D) 2	D
70a6ddf2-8329-5ba2-9628-a1996903fb14	6	perception	rhythm	absolute	rhythm-absolute	rhythmic-recognition		note length statistics	What is the total count of {rhythm}-note units in the {voice} line?	"[""rhythm"", ""voice""]"	get_rhythm_count		rhythm	"{""rhythm"": ""dotted-half"", ""voice"": ""alto""}"	What is the total count of dotted-half-note units in the alto line?	Jan_DuGrosserSchmerzensmann	chorale-bricks	Jan_DuGrosserSchmerzensmann	data/chorale-bricks/Jan_DuGrosserSchmerzensmann	2	"[""1"", ""14"", ""15"", ""40"", ""42"", ""44""]"	"[""40"", ""14"", ""42"", ""1"", ""44"", ""15""]"	symbolic	symbolic.abc.txt	data/chorale-bricks/Jan_DuGrosserSchmerzensmann/symbolic.abc.txt	2	"[""2"", ""none of the other options is correct"", ""40"", ""14"", ""42""]"	0.2	0	"[""A"", ""B"", ""C"", ""D"", ""E""]"	"{""A"": ""42"", ""B"": ""none of the other options is correct"", ""C"": ""40"", ""D"": ""14"", ""E"": ""2""}"	"[""(A) 42"", ""(B) none of the other options is correct"", ""(C) 40"", ""(D) 14"", ""(E) 2""]"	(E) 2	E
b516dd5a-613f-59f1-829d-e609c18091c9	6	perception	rhythm	absolute	rhythm-absolute	rhythmic-recognition		note length statistics	What is the total count of {rhythm}-note units in the {voice} line?	"[""rhythm"", ""voice""]"	get_rhythm_count		rhythm	"{""rhythm"": ""dotted-half"", ""voice"": ""alto""}"	What is the total count of dotted-half-note units in the alto line?	Jan_DuGrosserSchmerzensmann	chorale-bricks	Jan_DuGrosserSchmerzensmann	data/chorale-bricks/Jan_DuGrosserSchmerzensmann	2	"[""1"", ""14"", ""15"", ""40"", ""42"", ""44""]"	"[""40"", ""14"", ""42"", ""1"", ""44"", ""15""]"	visual	visual.short.png	data/chorale-bricks/Jan_DuGrosserSchmerzensmann/visual.short.png	2	"[""2"", ""none of the other options is correct"", ""40"", ""14"", ""42""]"	0.2	0	"[""A"", ""B"", ""C"", ""D"", ""E""]"	"{""A"": ""14"", ""B"": ""42"", ""C"": ""40"", ""D"": ""2"", ""E"": ""none of the other options is correct""}"	"[""(A) 14"", ""(B) 42"", ""(C) 40"", ""(D) 2"", ""(E) none of the other options is correct""]"	(D) 2	D
096ece34-f886-5e84-9c1d-82594ab5515f	6	perception	rhythm	absolute	rhythm-absolute	rhythmic-recognition		note length statistics	What is the total count of {rhythm}-note units in the {voice} line?	"[""rhythm"", ""voice""]"	get_rhythm_count		rhythm	"{""rhythm"": ""quarter"", ""voice"": ""bass""}"	What is the total count of quarter-note units in the bass line?	Drese_JesuGehVoran	chorale-bricks	Drese_JesuGehVoran	data/chorale-bricks/Drese_JesuGehVoran	18	"[""1"", ""4"", ""16"", ""19"", ""20""]"	"[""1"", ""20"", ""19"", ""16"", ""4""]"	audio	audio.mastermix.wav	data/chorale-bricks/Drese_JesuGehVoran/audio.mastermix.wav	18	"[""18"", ""none of the other options is correct"", ""1"", ""20"", ""19""]"	0.2	0	"[""A"", ""B"", ""C"", ""D"", ""E""]"	"{""A"": ""20"", ""B"": ""1"", ""C"": ""19"", ""D"": ""18"", ""E"": ""none of the other options is correct""}"	"[""(A) 20"", ""(B) 1"", ""(C) 19"", ""(D) 18"", ""(E) none of the other options is correct""]"	(D) 18	D
3f2ca166-8c30-50bb-b42b-815ab6b314d1	6	perception	rhythm	absolute	rhythm-absolute	rhythmic-recognition		note length statistics	What is the total count of {rhythm}-note units in the {voice} line?	"[""rhythm"", ""voice""]"	get_rhythm_count		rhythm	"{""rhythm"": ""quarter"", ""voice"": ""bass""}"	What is the total count of quarter-note units in the bass line?	Drese_JesuGehVoran	chorale-bricks	Drese_JesuGehVoran	data/chorale-bricks/Drese_JesuGehVoran	18	"[""1"", ""4"", ""16"", ""19"", ""20""]"	"[""1"", ""20"", ""19"", ""16"", ""4""]"	symbolic	symbolic.abc.txt	data/chorale-bricks/Drese_JesuGehVoran/symbolic.abc.txt	18	"[""18"", ""none of the other options is correct"", ""1"", ""20"", ""19""]"	0.2	0	"[""A"", ""B"", ""C"", ""D"", ""E""]"	"{""A"": ""1"", ""B"": ""none of the other options is correct"", ""C"": ""19"", ""D"": ""20"", ""E"": ""18""}"	"[""(A) 1"", ""(B) none of the other options is correct"", ""(C) 19"", ""(D) 20"", ""(E) 18""]"	(E) 18	E
0c11e030-d0ec-5218-b6fc-02a97c50d70b	6	perception	rhythm	absolute	rhythm-absolute	rhythmic-recognition		note length statistics	What is the total count of {rhythm}-note units in the {voice} line?	"[""rhythm"", ""voice""]"	get_rhythm_count		rhythm	"{""rhythm"": ""quarter"", ""voice"": ""bass""}"	What is the total count of quarter-note units in the bass line?	Drese_JesuGehVoran	chorale-bricks	Drese_JesuGehVoran	data/chorale-bricks/Drese_JesuGehVoran	18	"[""1"", ""4"", ""16"", ""19"", ""20""]"	"[""1"", ""20"", ""19"", ""16"", ""4""]"	visual	visual.short.png	data/chorale-bricks/Drese_JesuGehVoran/visual.short.png	18	"[""18"", ""none of the other options is correct"", ""1"", ""20"", ""19""]"	0.2	0	"[""A"", ""B"", ""C"", ""D"", ""E""]"	"{""A"": ""19"", ""B"": ""1"", ""C"": ""none of the other options is correct"", ""D"": ""18"", ""E"": ""20""}"	"[""(A) 19"", ""(B) 1"", ""(C) none of the other options is correct"", ""(D) 18"", ""(E) 20""]"	(D) 18	D
6564ba1f-9f3b-55ab-b11b-bfb648f71d9a	6	perception	rhythm	absolute	rhythm-absolute	rhythmic-recognition		note length statistics	What is the total count of {rhythm}-note units in the {voice} line?	"[""rhythm"", ""voice""]"	get_rhythm_count		rhythm	"{""rhythm"": ""dotted-1024th"", ""voice"": ""tenor""}"	What is the total count of dotted-1024th-note units in the tenor line?	Telemann_DerLiebenSonneLichtUndPracht	chorale-bricks	Telemann_DerLiebenSonneLichtUndPracht	data/chorale-bricks/Telemann_DerLiebenSonneLichtUndPracht	0	"[""1"", ""2"", ""3"", ""4"", ""57"", ""58"", ""60""]"	"[""2"", ""58"", ""57"", ""1"", ""3"", ""4"", ""60""]"	audio	audio.mastermix.wav	data/chorale-bricks/Telemann_DerLiebenSonneLichtUndPracht/audio.mastermix.wav	0	"[""0"", ""none of the other options is correct"", ""2"", ""58"", ""57""]"	0.2	0	"[""A"", ""B"", ""C"", ""D"", ""E""]"	"{""A"": ""58"", ""B"": ""2"", ""C"": ""57"", ""D"": ""0"", ""E"": ""none of the other options is correct""}"	"[""(A) 58"", ""(B) 2"", ""(C) 57"", ""(D) 0"", ""(E) none of the other options is correct""]"	(D) 0	D
6700c6b8-2d25-5ad0-8b05-e081998ca9b6	6	perception	rhythm	absolute	rhythm-absolute	rhythmic-recognition		note length statistics	What is the total count of {rhythm}-note units in the {voice} line?	"[""rhythm"", ""voice""]"	get_rhythm_count		rhythm	"{""rhythm"": ""dotted-1024th"", ""voice"": ""tenor""}"	What is the total count of dotted-1024th-note units in the tenor line?	Telemann_DerLiebenSonneLichtUndPracht	chorale-bricks	Telemann_DerLiebenSonneLichtUndPracht	data/chorale-bricks/Telemann_DerLiebenSonneLichtUndPracht	0	"[""1"", ""2"", ""3"", ""4"", ""57"", ""58"", ""60""]"	"[""2"", ""58"", ""57"", ""1"", ""3"", ""4"", ""60""]"	symbolic	symbolic.abc.txt	data/chorale-bricks/Telemann_DerLiebenSonneLichtUndPracht/symbolic.abc.txt	0	"[""0"", ""none of the other options is correct"", ""2"", ""58"", ""57""]"	0.2	0	"[""A"", ""B"", ""C"", ""D"", ""E""]"	"{""A"": ""2"", ""B"": ""0"", ""C"": ""57"", ""D"": ""none of the other options is correct"", ""E"": ""58""}"	"[""(A) 2"", ""(B) 0"", ""(C) 57"", ""(D) none of the other options is correct"", ""(E) 58""]"	(B) 0	B
6654c805-fc1f-569a-8d9b-ff544bb72c6c	6	perception	rhythm	absolute	rhythm-absolute	rhythmic-recognition		note length statistics	What is the total count of {rhythm}-note units in the {voice} line?	"[""rhythm"", ""voice""]"	get_rhythm_count		rhythm	"{""rhythm"": ""dotted-1024th"", ""voice"": ""tenor""}"	What is the total count of dotted-1024th-note units in the tenor line?	Telemann_DerLiebenSonneLichtUndPracht	chorale-bricks	Telemann_DerLiebenSonneLichtUndPracht	data/chorale-bricks/Telemann_DerLiebenSonneLichtUndPracht	0	"[""1"", ""2"", ""3"", ""4"", ""57"", ""58"", ""60""]"	"[""2"", ""58"", ""57"", ""1"", ""3"", ""4"", ""60""]"	visual	visual.short.png	data/chorale-bricks/Telemann_DerLiebenSonneLichtUndPracht/visual.short.png	0	"[""0"", ""none of the other options is correct"", ""2"", ""58"", ""57""]"	0.2	0	"[""A"", ""B"", ""C"", ""D"", ""E""]"	"{""A"": ""0"", ""B"": ""57"", ""C"": ""58"", ""D"": ""none of the other options is correct"", ""E"": ""2""}"	"[""(A) 0"", ""(B) 57"", ""(C) 58"", ""(D) none of the other options is correct"", ""(E) 2""]"	(A) 0	A
8996adf2-a55f-5179-852a-b3663fd132c1	6	perception	rhythm	absolute	rhythm-absolute	rhythmic-recognition		note length statistics	What is the total count of {rhythm}-note units in the {voice} line?	"[""rhythm"", ""voice""]"	get_rhythm_count		rhythm	"{""rhythm"": ""half"", ""voice"": ""soprano""}"	What is the total count of half-note units in the soprano line?	Anonymous_AusMeinesHerzensGrunde	chorale-bricks	Anonymous_AusMeinesHerzensGrunde	data/chorale-bricks/Anonymous_AusMeinesHerzensGrunde	20	"[""1"", ""3"", ""4"", ""5"", ""23"", ""33"", ""34"", ""36""]"	"[""4"", ""1"", ""34"", ""36"", ""23"", ""5"", ""3"", ""33""]"	audio	audio.mastermix.wav	data/chorale-bricks/Anonymous_AusMeinesHerzensGrunde/audio.mastermix.wav	20	"[""20"", ""none of the other options is correct"", ""4"", ""1"", ""34""]"	0.2	0	"[""A"", ""B"", ""C"", ""D"", ""E""]"	"{""A"": ""4"", ""B"": ""20"", ""C"": ""none of the other options is correct"", ""D"": ""34"", ""E"": ""1""}"	"[""(A) 4"", ""(B) 20"", ""(C) none of the other options is correct"", ""(D) 34"", ""(E) 1""]"	(B) 20	B
df00071b-f14d-5dcc-9612-80beeca86150	6	perception	rhythm	absolute	rhythm-absolute	rhythmic-recognition		note length statistics	What is the total count of {rhythm}-note units in the {voice} line?	"[""rhythm"", ""voice""]"	get_rhythm_count		rhythm	"{""rhythm"": ""half"", ""voice"": ""soprano""}"	What is the total count of half-note units in the soprano line?	Anonymous_AusMeinesHerzensGrunde	chorale-bricks	Anonymous_AusMeinesHerzensGrunde	data/chorale-bricks/Anonymous_AusMeinesHerzensGrunde	20	"[""1"", ""3"", ""4"", ""5"", ""23"", ""33"", ""34"", ""36""]"	"[""4"", ""1"", ""34"", ""36"", ""23"", ""5"", ""3"", ""33""]"	symbolic	symbolic.abc.txt	data/chorale-bricks/Anonymous_AusMeinesHerzensGrunde/symbolic.abc.txt	20	"[""20"", ""none of the other options is correct"", ""4"", ""1"", ""34""]"	0.2	0	"[""A"", ""B"", ""C"", ""D"", ""E""]"	"{""A"": ""4"", ""B"": ""20"", ""C"": ""34"", ""D"": ""1"", ""E"": ""none of the other options is correct""}"	"[""(A) 4"", ""(B) 20"", ""(C) 34"", ""(D) 1"", ""(E) none of the other options is correct""]"	(B) 20	B
085f6466-90e0-5075-b026-8b55ce2d96a7	6	perception	rhythm	absolute	rhythm-absolute	rhythmic-recognition		note length statistics	What is the total count of {rhythm}-note units in the {voice} line?	"[""rhythm"", ""voice""]"	get_rhythm_count		rhythm	"{""rhythm"": ""half"", ""voice"": ""soprano""}"	What is the total count of half-note units in the soprano line?	Anonymous_AusMeinesHerzensGrunde	chorale-bricks	Anonymous_AusMeinesHerzensGrunde	data/chorale-bricks/Anonymous_AusMeinesHerzensGrunde	20	"[""1"", ""3"", ""4"", ""5"", ""23"", ""33"", ""34"", ""36""]"	"[""4"", ""1"", ""34"", ""36"", ""23"", ""5"", ""3"", ""33""]"	visual	visual.short.png	data/chorale-bricks/Anonymous_AusMeinesHerzensGrunde/visual.short.png	20	"[""20"", ""none of the other options is correct"", ""4"", ""1"", ""34""]"	0.2	0	"[""A"", ""B"", ""C"", ""D"", ""E""]"	"{""A"": ""1"", ""B"": ""20"", ""C"": ""none of the other options is correct"", ""D"": ""4"", ""E"": ""34""}"	"[""(A) 1"", ""(B) 20"", ""(C) none of the other options is correct"", ""(D) 4"", ""(E) 34""]"	(B) 20	B
7d131311-8fa9-5e91-90b7-7685b97c9241	6	perception	rhythm	absolute	rhythm-absolute	rhythmic-recognition		note length statistics	What is the total count of {rhythm}-note units in the {voice} line?	"[""rhythm"", ""voice""]"	get_rhythm_count		rhythm	"{""rhythm"": ""512th"", ""voice"": ""tenor""}"	What is the total count of 512th-note units in the tenor line?	Vulpius_DieHelleSonnLeuchtJetztHerfuer	chorale-bricks	Vulpius_DieHelleSonnLeuchtJetztHerfuer	data/chorale-bricks/Vulpius_DieHelleSonnLeuchtJetztHerfuer	0	"[""1"", ""11"", ""12"", ""25"", ""27""]"	"[""12"", ""11"", ""1"", ""27"", ""25""]"	audio	audio.mastermix.wav	data/chorale-bricks/Vulpius_DieHelleSonnLeuchtJetztHerfuer/audio.mastermix.wav	none of the other options is correct	"[""none of the other options is correct"", ""12"", ""11"", ""1"", ""27""]"	0.2	1	"[""A"", ""B"", ""C"", ""D"", ""E""]"	"{""A"": ""none of the other options is correct"", ""B"": ""12"", ""C"": ""27"", ""D"": ""1"", ""E"": ""11""}"	"[""(A) none of the other options is correct"", ""(B) 12"", ""(C) 27"", ""(D) 1"", ""(E) 11""]"	(A) none of the other options is correct	A
e6ca1ac4-02e3-59dc-921b-299c9983957d	6	perception	rhythm	absolute	rhythm-absolute	rhythmic-recognition		note length statistics	What is the total count of {rhythm}-note units in the {voice} line?	"[""rhythm"", ""voice""]"	get_rhythm_count		rhythm	"{""rhythm"": ""512th"", ""voice"": ""tenor""}"	What is the total count of 512th-note units in the tenor line?	Vulpius_DieHelleSonnLeuchtJetztHerfuer	chorale-bricks	Vulpius_DieHelleSonnLeuchtJetztHerfuer	data/chorale-bricks/Vulpius_DieHelleSonnLeuchtJetztHerfuer	0	"[""1"", ""11"", ""12"", ""25"", ""27""]"	"[""12"", ""11"", ""1"", ""27"", ""25""]"	symbolic	symbolic.abc.txt	data/chorale-bricks/Vulpius_DieHelleSonnLeuchtJetztHerfuer/symbolic.abc.txt	0	"[""0"", ""none of the other options is correct"", ""12"", ""11"", ""1""]"	0.2	0	"[""A"", ""B"", ""C"", ""D"", ""E""]"	"{""A"": ""none of the other options is correct"", ""B"": ""12"", ""C"": ""1"", ""D"": ""0"", ""E"": ""11""}"	"[""(A) none of the other options is correct"", ""(B) 12"", ""(C) 1"", ""(D) 0"", ""(E) 11""]"	(D) 0	D
c6a672b0-b2d7-51c3-a141-f9d168018c8d	6	perception	rhythm	absolute	rhythm-absolute	rhythmic-recognition		note length statistics	What is the total count of {rhythm}-note units in the {voice} line?	"[""rhythm"", ""voice""]"	get_rhythm_count		rhythm	"{""rhythm"": ""512th"", ""voice"": ""tenor""}"	What is the total count of 512th-note units in the tenor line?	Vulpius_DieHelleSonnLeuchtJetztHerfuer	chorale-bricks	Vulpius_DieHelleSonnLeuchtJetztHerfuer	data/chorale-bricks/Vulpius_DieHelleSonnLeuchtJetztHerfuer	0	"[""1"", ""11"", ""12"", ""25"", ""27""]"	"[""12"", ""11"", ""1"", ""27"", ""25""]"	visual	visual.short.png	data/chorale-bricks/Vulpius_DieHelleSonnLeuchtJetztHerfuer/visual.short.png	0	"[""0"", ""none of the other options is correct"", ""12"", ""11"", ""1""]"	0.2	0	"[""A"", ""B"", ""C"", ""D"", ""E""]"	"{""A"": ""11"", ""B"": ""none of the other options is correct"", ""C"": ""12"", ""D"": ""0"", ""E"": ""1""}"	"[""(A) 11"", ""(B) none of the other options is correct"", ""(C) 12"", ""(D) 0"", ""(E) 1""]"	(D) 0	D
d8499e43-4ae4-5a99-af31-7cbc9825d845	7	perception	rhythm	relative	rhythm-relative	proportion-recognition		rhythm pattern	What is the temporal relationship (e.g., 2:1, 3:1) between the  {target_index} note (or rest) and the next one in the {voice} line?	"[""target_index"", ""voice""]"	get_rhythm_pattern		rhythm	"{""target_index"": ""43rd"", ""voice"": ""alto""}"	What is the temporal relationship (e.g., 2:1, 3:1) between the  43rd note (or rest) and the next one in the alto line?	Anonymous_AusMeinesHerzensGrunde	chorale-bricks	Anonymous_AusMeinesHerzensGrunde	data/chorale-bricks/Anonymous_AusMeinesHerzensGrunde	1:2	"[""1:1"", ""1:3"", ""2:1"", ""2:3"", ""3:1"", ""3:2"", ""4:1""]"	"[""4:1"", ""3:2"", ""1:3"", ""3:1"", ""2:3"", ""2:1"", ""1:1""]"	audio	audio.mastermix.wav	data/chorale-bricks/Anonymous_AusMeinesHerzensGrunde/audio.mastermix.wav	1:2	"[""1:2"", ""none of the other options is correct"", ""4:1"", ""3:2"", ""1:3""]"	0.2	0	"[""A"", ""B"", ""C"", ""D"", ""E""]"	"{""A"": ""4:1"", ""B"": ""1:3"", ""C"": ""1:2"", ""D"": ""3:2"", ""E"": ""none of the other options is correct""}"	"[""(A) 4:1"", ""(B) 1:3"", ""(C) 1:2"", ""(D) 3:2"", ""(E) none of the other options is correct""]"	(C) 1:2	C
7be0d578-91a3-5ac5-887e-01cbc6c28f7f	7	perception	rhythm	relative	rhythm-relative	proportion-recognition		rhythm pattern	What is the temporal relationship (e.g., 2:1, 3:1) between the  {target_index} note (or rest) and the next one in the {voice} line?	"[""target_index"", ""voice""]"	get_rhythm_pattern		rhythm	"{""target_index"": ""43rd"", ""voice"": ""alto""}"	What is the temporal relationship (e.g., 2:1, 3:1) between the  43rd note (or rest) and the next one in the alto line?	Anonymous_AusMeinesHerzensGrunde	chorale-bricks	Anonymous_AusMeinesHerzensGrunde	data/chorale-bricks/Anonymous_AusMeinesHerzensGrunde	1:2	"[""1:1"", ""1:3"", ""2:1"", ""2:3"", ""3:1"", ""3:2"", ""4:1""]"	"[""4:1"", ""3:2"", ""1:3"", ""3:1"", ""2:3"", ""2:1"", ""1:1""]"	symbolic	symbolic.abc.txt	data/chorale-bricks/Anonymous_AusMeinesHerzensGrunde/symbolic.abc.txt	1:2	"[""1:2"", ""none of the other options is correct"", ""4:1"", ""3:2"", ""1:3""]"	0.2	0	"[""A"", ""B"", ""C"", ""D"", ""E""]"	"{""A"": ""1:3"", ""B"": ""1:2"", ""C"": ""none of the other options is correct"", ""D"": ""4:1"", ""E"": ""3:2""}"	"[""(A) 1:3"", ""(B) 1:2"", ""(C) none of the other options is correct"", ""(D) 4:1"", ""(E) 3:2""]"	(B) 1:2	B
3b2ee77f-771c-5ca4-a5fb-167e6c70e155	7	perception	rhythm	relative	rhythm-relative	proportion-recognition		rhythm pattern	What is the temporal relationship (e.g., 2:1, 3:1) between the  {target_index} note (or rest) and the next one in the {voice} line?	"[""target_index"", ""voice""]"	get_rhythm_pattern		rhythm	"{""target_index"": ""43rd"", ""voice"": ""alto""}"	What is the temporal relationship (e.g., 2:1, 3:1) between the  43rd note (or rest) and the next one in the alto line?	Anonymous_AusMeinesHerzensGrunde	chorale-bricks	Anonymous_AusMeinesHerzensGrunde	data/chorale-bricks/Anonymous_AusMeinesHerzensGrunde	1:2	"[""1:1"", ""1:3"", ""2:1"", ""2:3"", ""3:1"", ""3:2"", ""4:1""]"	"[""4:1"", ""3:2"", ""1:3"", ""3:1"", ""2:3"", ""2:1"", ""1:1""]"	visual	visual.short.png	data/chorale-bricks/Anonymous_AusMeinesHerzensGrunde/visual.short.png	1:2	"[""1:2"", ""none of the other options is correct"", ""4:1"", ""3:2"", ""1:3""]"	0.2	0	"[""A"", ""B"", ""C"", ""D"", ""E""]"	"{""A"": ""1:3"", ""B"": ""1:2"", ""C"": ""3:2"", ""D"": ""4:1"", ""E"": ""none of the other options is correct""}"	"[""(A) 1:3"", ""(B) 1:2"", ""(C) 3:2"", ""(D) 4:1"", ""(E) none of the other options is correct""]"	(B) 1:2	B
82ffee49-3ce7-5066-9bb5-f7688ef86a3e	7	perception	rhythm	relative	rhythm-relative	proportion-recognition		rhythm pattern	What is the temporal relationship (e.g., 2:1, 3:1) between the  {target_index} note (or rest) and the next one in the {voice} line?	"[""target_index"", ""voice""]"	get_rhythm_pattern		rhythm	"{""target_index"": ""42nd"", ""voice"": ""bass""}"	What is the temporal relationship (e.g., 2:1, 3:1) between the  42nd note (or rest) and the next one in the bass line?	Gesius_BefiehlDuDeineWege	chorale-bricks	Gesius_BefiehlDuDeineWege	data/chorale-bricks/Gesius_BefiehlDuDeineWege	1:1	"[""1:2"", ""1:3"", ""2:1"", ""3:1""]"	"[""1:2"", ""1:3"", ""3:1"", ""2:1""]"	audio	audio.mastermix.wav	data/chorale-bricks/Gesius_BefiehlDuDeineWege/audio.mastermix.wav	1:1	"[""1:1"", ""none of the other options is correct"", ""1:2"", ""1:3"", ""3:1""]"	0.2	0	"[""A"", ""B"", ""C"", ""D"", ""E""]"	"{""A"": ""1:3"", ""B"": ""none of the other options is correct"", ""C"": ""1:1"", ""D"": ""1:2"", ""E"": ""3:1""}"	"[""(A) 1:3"", ""(B) none of the other options is correct"", ""(C) 1:1"", ""(D) 1:2"", ""(E) 3:1""]"	(C) 1:1	C
69aef55a-9da6-5db4-b4b2-97b289d467f1	7	perception	rhythm	relative	rhythm-relative	proportion-recognition		rhythm pattern	What is the temporal relationship (e.g., 2:1, 3:1) between the  {target_index} note (or rest) and the next one in the {voice} line?	"[""target_index"", ""voice""]"	get_rhythm_pattern		rhythm	"{""target_index"": ""42nd"", ""voice"": ""bass""}"	What is the temporal relationship (e.g., 2:1, 3:1) between the  42nd note (or rest) and the next one in the bass line?	Gesius_BefiehlDuDeineWege	chorale-bricks	Gesius_BefiehlDuDeineWege	data/chorale-bricks/Gesius_BefiehlDuDeineWege	1:1	"[""1:2"", ""1:3"", ""2:1"", ""3:1""]"	"[""1:2"", ""1:3"", ""3:1"", ""2:1""]"	symbolic	symbolic.abc.txt	data/chorale-bricks/Gesius_BefiehlDuDeineWege/symbolic.abc.txt	none of the other options is correct	"[""none of the other options is correct"", ""1:2"", ""1:3"", ""3:1"", ""2:1""]"	0.2	1	"[""A"", ""B"", ""C"", ""D"", ""E""]"	"{""A"": ""1:3"", ""B"": ""3:1"", ""C"": ""1:2"", ""D"": ""none of the other options is correct"", ""E"": ""2:1""}"	"[""(A) 1:3"", ""(B) 3:1"", ""(C) 1:2"", ""(D) none of the other options is correct"", ""(E) 2:1""]"	(D) none of the other options is correct	D
f46c7f9a-60ab-577b-9686-b46dc1444e63	7	perception	rhythm	relative	rhythm-relative	proportion-recognition		rhythm pattern	What is the temporal relationship (e.g., 2:1, 3:1) between the  {target_index} note (or rest) and the next one in the {voice} line?	"[""target_index"", ""voice""]"	get_rhythm_pattern		rhythm	"{""target_index"": ""42nd"", ""voice"": ""bass""}"	What is the temporal relationship (e.g., 2:1, 3:1) between the  42nd note (or rest) and the next one in the bass line?	Gesius_BefiehlDuDeineWege	chorale-bricks	Gesius_BefiehlDuDeineWege	data/chorale-bricks/Gesius_BefiehlDuDeineWege	1:1	"[""1:2"", ""1:3"", ""2:1"", ""3:1""]"	"[""1:2"", ""1:3"", ""3:1"", ""2:1""]"	visual	visual.short.png	data/chorale-bricks/Gesius_BefiehlDuDeineWege/visual.short.png	none of the other options is correct	"[""none of the other options is correct"", ""1:2"", ""1:3"", ""3:1"", ""2:1""]"	0.2	1	"[""A"", ""B"", ""C"", ""D"", ""E""]"	"{""A"": ""none of the other options is correct"", ""B"": ""2:1"", ""C"": ""3:1"", ""D"": ""1:3"", ""E"": ""1:2""}"	"[""(A) none of the other options is correct"", ""(B) 2:1"", ""(C) 3:1"", ""(D) 1:3"", ""(E) 1:2""]"	(A) none of the other options is correct	A
81f3a5a8-8b93-5fd3-9d35-221e5a16cb4d	7	perception	rhythm	relative	rhythm-relative	proportion-recognition		rhythm pattern	What is the temporal relationship (e.g., 2:1, 3:1) between the  {target_index} note (or rest) and the next one in the {voice} line?	"[""target_index"", ""voice""]"	get_rhythm_pattern		rhythm	"{""target_index"": ""6th"", ""voice"": ""tenor""}"	What is the temporal relationship (e.g., 2:1, 3:1) between the  6th note (or rest) and the next one in the tenor line?	Bach_IchStehAnDeinerKrippe	chorale-bricks	Bach_IchStehAnDeinerKrippe	data/chorale-bricks/Bach_IchStehAnDeinerKrippe	1:1	"[""1:2"", ""1:4"", ""2:1"", ""3:1"", ""3:2""]"	"[""1:2"", ""2:1"", ""3:1"", ""1:4"", ""3:2""]"	audio	audio.mastermix.wav	data/chorale-bricks/Bach_IchStehAnDeinerKrippe/audio.mastermix.wav	1:1	"[""1:1"", ""none of the other options is correct"", ""1:2"", ""2:1"", ""3:1""]"	0.2	0	"[""A"", ""B"", ""C"", ""D"", ""E""]"	"{""A"": ""1:1"", ""B"": ""1:2"", ""C"": ""2:1"", ""D"": ""3:1"", ""E"": ""none of the other options is correct""}"	"[""(A) 1:1"", ""(B) 1:2"", ""(C) 2:1"", ""(D) 3:1"", ""(E) none of the other options is correct""]"	(A) 1:1	A
a8d149f4-5cb1-5695-badf-710eaefe7456	7	perception	rhythm	relative	rhythm-relative	proportion-recognition		rhythm pattern	What is the temporal relationship (e.g., 2:1, 3:1) between the  {target_index} note (or rest) and the next one in the {voice} line?	"[""target_index"", ""voice""]"	get_rhythm_pattern		rhythm	"{""target_index"": ""6th"", ""voice"": ""tenor""}"	What is the temporal relationship (e.g., 2:1, 3:1) between the  6th note (or rest) and the next one in the tenor line?	Bach_IchStehAnDeinerKrippe	chorale-bricks	Bach_IchStehAnDeinerKrippe	data/chorale-bricks/Bach_IchStehAnDeinerKrippe	1:1	"[""1:2"", ""1:4"", ""2:1"", ""3:1"", ""3:2""]"	"[""1:2"", ""2:1"", ""3:1"", ""1:4"", ""3:2""]"	symbolic	symbolic.abc.txt	data/chorale-bricks/Bach_IchStehAnDeinerKrippe/symbolic.abc.txt	1:1	"[""1:1"", ""none of the other options is correct"", ""1:2"", ""2:1"", ""3:1""]"	0.2	0	"[""A"", ""B"", ""C"", ""D"", ""E""]"	"{""A"": ""1:1"", ""B"": ""none of the other options is correct"", ""C"": ""3:1"", ""D"": ""1:2"", ""E"": ""2:1""}"	"[""(A) 1:1"", ""(B) none of the other options is correct"", ""(C) 3:1"", ""(D) 1:2"", ""(E) 2:1""]"	(A) 1:1	A
9cf72cef-34ce-5f50-87a4-a64f48623505	7	perception	rhythm	relative	rhythm-relative	proportion-recognition		rhythm pattern	What is the temporal relationship (e.g., 2:1, 3:1) between the  {target_index} note (or rest) and the next one in the {voice} line?	"[""target_index"", ""voice""]"	get_rhythm_pattern		rhythm	"{""target_index"": ""6th"", ""voice"": ""tenor""}"	What is the temporal relationship (e.g., 2:1, 3:1) between the  6th note (or rest) and the next one in the tenor line?	Bach_IchStehAnDeinerKrippe	chorale-bricks	Bach_IchStehAnDeinerKrippe	data/chorale-bricks/Bach_IchStehAnDeinerKrippe	1:1	"[""1:2"", ""1:4"", ""2:1"", ""3:1"", ""3:2""]"	"[""1:2"", ""2:1"", ""3:1"", ""1:4"", ""3:2""]"	visual	visual.short.png	data/chorale-bricks/Bach_IchStehAnDeinerKrippe/visual.short.png	1:1	"[""1:1"", ""none of the other options is correct"", ""1:2"", ""2:1"", ""3:1""]"	0.2	0	"[""A"", ""B"", ""C"", ""D"", ""E""]"	"{""A"": ""3:1"", ""B"": ""1:1"", ""C"": ""1:2"", ""D"": ""2:1"", ""E"": ""none of the other options is correct""}"	"[""(A) 3:1"", ""(B) 1:1"", ""(C) 1:2"", ""(D) 2:1"", ""(E) none of the other options is correct""]"	(B) 1:1	B
cefdcc65-6af1-5cf7-8afe-29b3c43cd891	7	perception	rhythm	relative	rhythm-relative	proportion-recognition		rhythm pattern	What is the temporal relationship (e.g., 2:1, 3:1) between the  {target_index} note (or rest) and the next one in the {voice} line?	"[""target_index"", ""voice""]"	get_rhythm_pattern		rhythm	"{""target_index"": ""20th"", ""voice"": ""tenor""}"	What is the temporal relationship (e.g., 2:1, 3:1) between the  20th note (or rest) and the next one in the tenor line?	Gesius_BefiehlDuDeineWege	chorale-bricks	Gesius_BefiehlDuDeineWege	data/chorale-bricks/Gesius_BefiehlDuDeineWege	1:1	"[""1:2"", ""1:3"", ""2:1"", ""3:1""]"	"[""2:1"", ""1:3"", ""3:1"", ""1:2""]"	audio	audio.mastermix.wav	data/chorale-bricks/Gesius_BefiehlDuDeineWege/audio.mastermix.wav	none of the other options is correct	"[""none of the other options is correct"", ""2:1"", ""1:3"", ""3:1"", ""1:2""]"	0.2	1	"[""A"", ""B"", ""C"", ""D"", ""E""]"	"{""A"": ""none of the other options is correct"", ""B"": ""1:3"", ""C"": ""3:1"", ""D"": ""2:1"", ""E"": ""1:2""}"	"[""(A) none of the other options is correct"", ""(B) 1:3"", ""(C) 3:1"", ""(D) 2:1"", ""(E) 1:2""]"	(A) none of the other options is correct	A
6dc4aff7-62ac-58a4-ad5b-5c83b2c85407	7	perception	rhythm	relative	rhythm-relative	proportion-recognition		rhythm pattern	What is the temporal relationship (e.g., 2:1, 3:1) between the  {target_index} note (or rest) and the next one in the {voice} line?	"[""target_index"", ""voice""]"	get_rhythm_pattern		rhythm	"{""target_index"": ""20th"", ""voice"": ""tenor""}"	What is the temporal relationship (e.g., 2:1, 3:1) between the  20th note (or rest) and the next one in the tenor line?	Gesius_BefiehlDuDeineWege	chorale-bricks	Gesius_BefiehlDuDeineWege	data/chorale-bricks/Gesius_BefiehlDuDeineWege	1:1	"[""1:2"", ""1:3"", ""2:1"", ""3:1""]"	"[""2:1"", ""1:3"", ""3:1"", ""1:2""]"	symbolic	symbolic.abc.txt	data/chorale-bricks/Gesius_BefiehlDuDeineWege/symbolic.abc.txt	1:1	"[""1:1"", ""none of the other options is correct"", ""2:1"", ""1:3"", ""3:1""]"	0.2	0	"[""A"", ""B"", ""C"", ""D"", ""E""]"	"{""A"": ""1:1"", ""B"": ""1:3"", ""C"": ""none of the other options is correct"", ""D"": ""2:1"", ""E"": ""3:1""}"	"[""(A) 1:1"", ""(B) 1:3"", ""(C) none of the other options is correct"", ""(D) 2:1"", ""(E) 3:1""]"	(A) 1:1	A
83ea98e9-61d5-5356-b0ac-e477c990fd0c	7	perception	rhythm	relative	rhythm-relative	proportion-recognition		rhythm pattern	What is the temporal relationship (e.g., 2:1, 3:1) between the  {target_index} note (or rest) and the next one in the {voice} line?	"[""target_index"", ""voice""]"	get_rhythm_pattern		rhythm	"{""target_index"": ""20th"", ""voice"": ""tenor""}"	What is the temporal relationship (e.g., 2:1, 3:1) between the  20th note (or rest) and the next one in the tenor line?	Gesius_BefiehlDuDeineWege	chorale-bricks	Gesius_BefiehlDuDeineWege	data/chorale-bricks/Gesius_BefiehlDuDeineWege	1:1	"[""1:2"", ""1:3"", ""2:1"", ""3:1""]"	"[""2:1"", ""1:3"", ""3:1"", ""1:2""]"	visual	visual.short.png	data/chorale-bricks/Gesius_BefiehlDuDeineWege/visual.short.png	none of the other options is correct	"[""none of the other options is correct"", ""2:1"", ""1:3"", ""3:1"", ""1:2""]"	0.2	1	"[""A"", ""B"", ""C"", ""D"", ""E""]"	"{""A"": ""1:2"", ""B"": ""3:1"", ""C"": ""1:3"", ""D"": ""2:1"", ""E"": ""none of the other options is correct""}"	"[""(A) 1:2"", ""(B) 3:1"", ""(C) 1:3"", ""(D) 2:1"", ""(E) none of the other options is correct""]"	(E) none of the other options is correct	E
f44b83f8-642c-512f-b3e9-2b84fead2429	7	perception	rhythm	relative	rhythm-relative	proportion-recognition		rhythm pattern	What is the temporal relationship (e.g., 2:1, 3:1) between the  {target_index} note (or rest) and the next one in the {voice} line?	"[""target_index"", ""voice""]"	get_rhythm_pattern		rhythm	"{""target_index"": ""3rd"", ""voice"": ""tenor""}"	What is the temporal relationship (e.g., 2:1, 3:1) between the  3rd note (or rest) and the next one in the tenor line?	Vulpius_DieHelleSonnLeuchtJetztHerfuer	chorale-bricks	Vulpius_DieHelleSonnLeuchtJetztHerfuer	data/chorale-bricks/Vulpius_DieHelleSonnLeuchtJetztHerfuer	1:3	"[""1:1"", ""1:2"", ""2:1"", ""3:1""]"	"[""1:1"", ""2:1"", ""3:1"", ""1:2""]"	audio	audio.mastermix.wav	data/chorale-bricks/Vulpius_DieHelleSonnLeuchtJetztHerfuer/audio.mastermix.wav	1:3	"[""1:3"", ""none of the other options is correct"", ""1:1"", ""2:1"", ""3:1""]"	0.2	0	"[""A"", ""B"", ""C"", ""D"", ""E""]"	"{""A"": ""none of the other options is correct"", ""B"": ""2:1"", ""C"": ""3:1"", ""D"": ""1:1"", ""E"": ""1:3""}"	"[""(A) none of the other options is correct"", ""(B) 2:1"", ""(C) 3:1"", ""(D) 1:1"", ""(E) 1:3""]"	(E) 1:3	E
b69b0209-8fc7-519e-bc34-1a5f9268f625	7	perception	rhythm	relative	rhythm-relative	proportion-recognition		rhythm pattern	What is the temporal relationship (e.g., 2:1, 3:1) between the  {target_index} note (or rest) and the next one in the {voice} line?	"[""target_index"", ""voice""]"	get_rhythm_pattern		rhythm	"{""target_index"": ""3rd"", ""voice"": ""tenor""}"	What is the temporal relationship (e.g., 2:1, 3:1) between the  3rd note (or rest) and the next one in the tenor line?	Vulpius_DieHelleSonnLeuchtJetztHerfuer	chorale-bricks	Vulpius_DieHelleSonnLeuchtJetztHerfuer	data/chorale-bricks/Vulpius_DieHelleSonnLeuchtJetztHerfuer	1:3	"[""1:1"", ""1:2"", ""2:1"", ""3:1""]"	"[""1:1"", ""2:1"", ""3:1"", ""1:2""]"	symbolic	symbolic.abc.txt	data/chorale-bricks/Vulpius_DieHelleSonnLeuchtJetztHerfuer/symbolic.abc.txt	1:3	"[""1:3"", ""none of the other options is correct"", ""1:1"", ""2:1"", ""3:1""]"	0.2	0	"[""A"", ""B"", ""C"", ""D"", ""E""]"	"{""A"": ""1:1"", ""B"": ""1:3"", ""C"": ""2:1"", ""D"": ""none of the other options is correct"", ""E"": ""3:1""}"	"[""(A) 1:1"", ""(B) 1:3"", ""(C) 2:1"", ""(D) none of the other options is correct"", ""(E) 3:1""]"	(B) 1:3	B
b18850bc-3421-597e-a579-fe31dc7e3f16	7	perception	rhythm	relative	rhythm-relative	proportion-recognition		rhythm pattern	What is the temporal relationship (e.g., 2:1, 3:1) between the  {target_index} note (or rest) and the next one in the {voice} line?	"[""target_index"", ""voice""]"	get_rhythm_pattern		rhythm	"{""target_index"": ""3rd"", ""voice"": ""tenor""}"	What is the temporal relationship (e.g., 2:1, 3:1) between the  3rd note (or rest) and the next one in the tenor line?	Vulpius_DieHelleSonnLeuchtJetztHerfuer	chorale-bricks	Vulpius_DieHelleSonnLeuchtJetztHerfuer	data/chorale-bricks/Vulpius_DieHelleSonnLeuchtJetztHerfuer	1:3	"[""1:1"", ""1:2"", ""2:1"", ""3:1""]"	"[""1:1"", ""2:1"", ""3:1"", ""1:2""]"	visual	visual.short.png	data/chorale-bricks/Vulpius_DieHelleSonnLeuchtJetztHerfuer/visual.short.png	none of the other options is correct	"[""none of the other options is correct"", ""1:1"", ""2:1"", ""3:1"", ""1:2""]"	0.2	1	"[""A"", ""B"", ""C"", ""D"", ""E""]"	"{""A"": ""2:1"", ""B"": ""none of the other options is correct"", ""C"": ""1:2"", ""D"": ""1:1"", ""E"": ""3:1""}"	"[""(A) 2:1"", ""(B) none of the other options is correct"", ""(C) 1:2"", ""(D) 1:1"", ""(E) 3:1""]"	(B) none of the other options is correct	B
35447e95-6fd4-589e-b984-a5d251fd449b	8	perception	rhythm	relative	rhythm-relative	proportion-recognition		rhythm pattern statistics	How many rhythmic figures with a strict {rhythm_proportion} proportionality are there in the {voice} line?	"[""rhythm_proportion"", ""voice""]"	get_rhythm_pattern_count		rhythm	"{""rhythm_proportion"": ""4:1"", ""voice"": ""tenor""}"	How many rhythmic figures with a strict 4:1 proportionality are there in the tenor line?	Vulpius_ChristusDerIstMeinLeben	chorale-bricks	Vulpius_ChristusDerIstMeinLeben	data/chorale-bricks/Vulpius_ChristusDerIstMeinLeben	0	"[""1"", ""2"", ""3"", ""4""]"	"[""4"", ""2"", ""1"", ""3""]"	audio	audio.mastermix.wav	data/chorale-bricks/Vulpius_ChristusDerIstMeinLeben/audio.mastermix.wav	0	"[""0"", ""none of the other options is correct"", ""4"", ""2"", ""1""]"	0.2	0	"[""A"", ""B"", ""C"", ""D"", ""E""]"	"{""A"": ""4"", ""B"": ""0"", ""C"": ""1"", ""D"": ""none of the other options is correct"", ""E"": ""2""}"	"[""(A) 4"", ""(B) 0"", ""(C) 1"", ""(D) none of the other options is correct"", ""(E) 2""]"	(B) 0	B
9f72d753-bf7e-5700-ad45-3a40d45f172a	8	perception	rhythm	relative	rhythm-relative	proportion-recognition		rhythm pattern statistics	How many rhythmic figures with a strict {rhythm_proportion} proportionality are there in the {voice} line?	"[""rhythm_proportion"", ""voice""]"	get_rhythm_pattern_count		rhythm	"{""rhythm_proportion"": ""4:1"", ""voice"": ""tenor""}"	How many rhythmic figures with a strict 4:1 proportionality are there in the tenor line?	Vulpius_ChristusDerIstMeinLeben	chorale-bricks	Vulpius_ChristusDerIstMeinLeben	data/chorale-bricks/Vulpius_ChristusDerIstMeinLeben	0	"[""1"", ""2"", ""3"", ""4""]"	"[""4"", ""2"", ""1"", ""3""]"	symbolic	symbolic.abc.txt	data/chorale-bricks/Vulpius_ChristusDerIstMeinLeben/symbolic.abc.txt	0	"[""0"", ""none of the other options is correct"", ""4"", ""2"", ""1""]"	0.2	0	"[""A"", ""B"", ""C"", ""D"", ""E""]"	"{""A"": ""0"", ""B"": ""1"", ""C"": ""2"", ""D"": ""none of the other options is correct"", ""E"": ""4""}"	"[""(A) 0"", ""(B) 1"", ""(C) 2"", ""(D) none of the other options is correct"", ""(E) 4""]"	(A) 0	A
419bbe15-1705-5791-a7b8-b83fb316dc1c	8	perception	rhythm	relative	rhythm-relative	proportion-recognition		rhythm pattern statistics	How many rhythmic figures with a strict {rhythm_proportion} proportionality are there in the {voice} line?	"[""rhythm_proportion"", ""voice""]"	get_rhythm_pattern_count		rhythm	"{""rhythm_proportion"": ""4:1"", ""voice"": ""tenor""}"	How many rhythmic figures with a strict 4:1 proportionality are there in the tenor line?	Vulpius_ChristusDerIstMeinLeben	chorale-bricks	Vulpius_ChristusDerIstMeinLeben	data/chorale-bricks/Vulpius_ChristusDerIstMeinLeben	0	"[""1"", ""2"", ""3"", ""4""]"	"[""4"", ""2"", ""1"", ""3""]"	visual	visual.short.png	data/chorale-bricks/Vulpius_ChristusDerIstMeinLeben/visual.short.png	0	"[""0"", ""none of the other options is correct"", ""4"", ""2"", ""1""]"	0.2	0	"[""A"", ""B"", ""C"", ""D"", ""E""]"	"{""A"": ""0"", ""B"": ""2"", ""C"": ""4"", ""D"": ""none of the other options is correct"", ""E"": ""1""}"	"[""(A) 0"", ""(B) 2"", ""(C) 4"", ""(D) none of the other options is correct"", ""(E) 1""]"	(A) 0	A
9be483ad-ab9c-5539-b9f5-66e7a2e1a478	8	perception	rhythm	relative	rhythm-relative	proportion-recognition		rhythm pattern statistics	How many rhythmic figures with a strict {rhythm_proportion} proportionality are there in the {voice} line?	"[""rhythm_proportion"", ""voice""]"	get_rhythm_pattern_count		rhythm	"{""rhythm_proportion"": ""1:3"", ""voice"": ""tenor""}"	How many rhythmic figures with a strict 1:3 proportionality are there in the tenor line?	Vulpius_ChristusDerIstMeinLeben	chorale-bricks	Vulpius_ChristusDerIstMeinLeben	data/chorale-bricks/Vulpius_ChristusDerIstMeinLeben	1	"[""0"", ""2"", ""3"", ""4""]"	"[""0"", ""4"", ""3"", ""2""]"	audio	audio.mastermix.wav	data/chorale-bricks/Vulpius_ChristusDerIstMeinLeben/audio.mastermix.wav	1	"[""1"", ""none of the other options is correct"", ""0"", ""4"", ""3""]"	0.2	0	"[""A"", ""B"", ""C"", ""D"", ""E""]"	"{""A"": ""4"", ""B"": ""3"", ""C"": ""0"", ""D"": ""none of the other options is correct"", ""E"": ""1""}"	"[""(A) 4"", ""(B) 3"", ""(C) 0"", ""(D) none of the other options is correct"", ""(E) 1""]"	(E) 1	E
d84f57f1-8a63-5652-83ba-c63422c7c0ce	8	perception	rhythm	relative	rhythm-relative	proportion-recognition		rhythm pattern statistics	How many rhythmic figures with a strict {rhythm_proportion} proportionality are there in the {voice} line?	"[""rhythm_proportion"", ""voice""]"	get_rhythm_pattern_count		rhythm	"{""rhythm_proportion"": ""1:3"", ""voice"": ""tenor""}"	How many rhythmic figures with a strict 1:3 proportionality are there in the tenor line?	Vulpius_ChristusDerIstMeinLeben	chorale-bricks	Vulpius_ChristusDerIstMeinLeben	data/chorale-bricks/Vulpius_ChristusDerIstMeinLeben	1	"[""0"", ""2"", ""3"", ""4""]"	"[""0"", ""4"", ""3"", ""2""]"	symbolic	symbolic.abc.txt	data/chorale-bricks/Vulpius_ChristusDerIstMeinLeben/symbolic.abc.txt	1	"[""1"", ""none of the other options is correct"", ""0"", ""4"", ""3""]"	0.2	0	"[""A"", ""B"", ""C"", ""D"", ""E""]"	"{""A"": ""4"", ""B"": ""1"", ""C"": ""3"", ""D"": ""none of the other options is correct"", ""E"": ""0""}"	"[""(A) 4"", ""(B) 1"", ""(C) 3"", ""(D) none of the other options is correct"", ""(E) 0""]"	(B) 1	B
bf4c3e7e-2918-595f-83ed-49150c97f4e2	8	perception	rhythm	relative	rhythm-relative	proportion-recognition		rhythm pattern statistics	How many rhythmic figures with a strict {rhythm_proportion} proportionality are there in the {voice} line?	"[""rhythm_proportion"", ""voice""]"	get_rhythm_pattern_count		rhythm	"{""rhythm_proportion"": ""1:3"", ""voice"": ""tenor""}"	How many rhythmic figures with a strict 1:3 proportionality are there in the tenor line?	Vulpius_ChristusDerIstMeinLeben	chorale-bricks	Vulpius_ChristusDerIstMeinLeben	data/chorale-bricks/Vulpius_ChristusDerIstMeinLeben	1	"[""0"", ""2"", ""3"", ""4""]"	"[""0"", ""4"", ""3"", ""2""]"	visual	visual.short.png	data/chorale-bricks/Vulpius_ChristusDerIstMeinLeben/visual.short.png	1	"[""1"", ""none of the other options is correct"", ""0"", ""4"", ""3""]"	0.2	0	"[""A"", ""B"", ""C"", ""D"", ""E""]"	"{""A"": ""4"", ""B"": ""3"", ""C"": ""0"", ""D"": ""none of the other options is correct"", ""E"": ""1""}"	"[""(A) 4"", ""(B) 3"", ""(C) 0"", ""(D) none of the other options is correct"", ""(E) 1""]"	(E) 1	E
e2ed1984-6516-50f2-97dd-49f788c33a75	8	perception	rhythm	relative	rhythm-relative	proportion-recognition		rhythm pattern statistics	How many rhythmic figures with a strict {rhythm_proportion} proportionality are there in the {voice} line?	"[""rhythm_proportion"", ""voice""]"	get_rhythm_pattern_count		rhythm	"{""rhythm_proportion"": ""3:2"", ""voice"": ""tenor""}"	How many rhythmic figures with a strict 3:2 proportionality are there in the tenor line?	Bach_IchStehAnDeinerKrippe	chorale-bricks	Bach_IchStehAnDeinerKrippe	data/chorale-bricks/Bach_IchStehAnDeinerKrippe	4	"[""0"", ""1"", ""2"", ""3""]"	"[""1"", ""0"", ""3"", ""2""]"	audio	audio.mastermix.wav	data/chorale-bricks/Bach_IchStehAnDeinerKrippe/audio.mastermix.wav	4	"[""4"", ""none of the other options is correct"", ""1"", ""0"", ""3""]"	0.2	0	"[""A"", ""B"", ""C"", ""D"", ""E""]"	"{""A"": ""3"", ""B"": ""1"", ""C"": ""0"", ""D"": ""none of the other options is correct"", ""E"": ""4""}"	"[""(A) 3"", ""(B) 1"", ""(C) 0"", ""(D) none of the other options is correct"", ""(E) 4""]"	(E) 4	E
4305fde8-58fa-5b65-8e38-565440d2610f	8	perception	rhythm	relative	rhythm-relative	proportion-recognition		rhythm pattern statistics	How many rhythmic figures with a strict {rhythm_proportion} proportionality are there in the {voice} line?	"[""rhythm_proportion"", ""voice""]"	get_rhythm_pattern_count		rhythm	"{""rhythm_proportion"": ""3:2"", ""voice"": ""tenor""}"	How many rhythmic figures with a strict 3:2 proportionality are there in the tenor line?	Bach_IchStehAnDeinerKrippe	chorale-bricks	Bach_IchStehAnDeinerKrippe	data/chorale-bricks/Bach_IchStehAnDeinerKrippe	4	"[""0"", ""1"", ""2"", ""3""]"	"[""1"", ""0"", ""3"", ""2""]"	symbolic	symbolic.abc.txt	data/chorale-bricks/Bach_IchStehAnDeinerKrippe/symbolic.abc.txt	4	"[""4"", ""none of the other options is correct"", ""1"", ""0"", ""3""]"	0.2	0	"[""A"", ""B"", ""C"", ""D"", ""E""]"	"{""A"": ""4"", ""B"": ""none of the other options is correct"", ""C"": ""3"", ""D"": ""1"", ""E"": ""0""}"	"[""(A) 4"", ""(B) none of the other options is correct"", ""(C) 3"", ""(D) 1"", ""(E) 0""]"	(A) 4	A
bdd15b19-8713-5ba0-b253-fe13aa37f582	8	perception	rhythm	relative	rhythm-relative	proportion-recognition		rhythm pattern statistics	How many rhythmic figures with a strict {rhythm_proportion} proportionality are there in the {voice} line?	"[""rhythm_proportion"", ""voice""]"	get_rhythm_pattern_count		rhythm	"{""rhythm_proportion"": ""3:2"", ""voice"": ""tenor""}"	How many rhythmic figures with a strict 3:2 proportionality are there in the tenor line?	Bach_IchStehAnDeinerKrippe	chorale-bricks	Bach_IchStehAnDeinerKrippe	data/chorale-bricks/Bach_IchStehAnDeinerKrippe	4	"[""0"", ""1"", ""2"", ""3""]"	"[""1"", ""0"", ""3"", ""2""]"	visual	visual.short.png	data/chorale-bricks/Bach_IchStehAnDeinerKrippe/visual.short.png	4	"[""4"", ""none of the other options is correct"", ""1"", ""0"", ""3""]"	0.2	0	"[""A"", ""B"", ""C"", ""D"", ""E""]"	"{""A"": ""none of the other options is correct"", ""B"": ""0"", ""C"": ""3"", ""D"": ""4"", ""E"": ""1""}"	"[""(A) none of the other options is correct"", ""(B) 0"", ""(C) 3"", ""(D) 4"", ""(E) 1""]"	(D) 4	D
74fa033e-50d2-50be-b0a0-13cf4c11e393	8	perception	rhythm	relative	rhythm-relative	proportion-recognition		rhythm pattern statistics	How many rhythmic figures with a strict {rhythm_proportion} proportionality are there in the {voice} line?	"[""rhythm_proportion"", ""voice""]"	get_rhythm_pattern_count		rhythm	"{""rhythm_proportion"": ""1:3"", ""voice"": ""alto""}"	How many rhythmic figures with a strict 1:3 proportionality are there in the alto line?	Jan_DuGrosserSchmerzensmann	chorale-bricks	Jan_DuGrosserSchmerzensmann	data/chorale-bricks/Jan_DuGrosserSchmerzensmann	2	"[""0"", ""1"", ""3"", ""4""]"	"[""4"", ""0"", ""3"", ""1""]"	audio	audio.mastermix.wav	data/chorale-bricks/Jan_DuGrosserSchmerzensmann/audio.mastermix.wav	2	"[""2"", ""none of the other options is correct"", ""4"", ""0"", ""3""]"	0.2	0	"[""A"", ""B"", ""C"", ""D"", ""E""]"	"{""A"": ""4"", ""B"": ""0"", ""C"": ""2"", ""D"": ""none of the other options is correct"", ""E"": ""3""}"	"[""(A) 4"", ""(B) 0"", ""(C) 2"", ""(D) none of the other options is correct"", ""(E) 3""]"	(C) 2	C
8bb41fba-745c-5798-a10e-28335bd18f6a	8	perception	rhythm	relative	rhythm-relative	proportion-recognition		rhythm pattern statistics	How many rhythmic figures with a strict {rhythm_proportion} proportionality are there in the {voice} line?	"[""rhythm_proportion"", ""voice""]"	get_rhythm_pattern_count		rhythm	"{""rhythm_proportion"": ""1:3"", ""voice"": ""alto""}"	How many rhythmic figures with a strict 1:3 proportionality are there in the alto line?	Jan_DuGrosserSchmerzensmann	chorale-bricks	Jan_DuGrosserSchmerzensmann	data/chorale-bricks/Jan_DuGrosserSchmerzensmann	2	"[""0"", ""1"", ""3"", ""4""]"	"[""4"", ""0"", ""3"", ""1""]"	symbolic	symbolic.abc.txt	data/chorale-bricks/Jan_DuGrosserSchmerzensmann/symbolic.abc.txt	2	"[""2"", ""none of the other options is correct"", ""4"", ""0"", ""3""]"	0.2	0	"[""A"", ""B"", ""C"", ""D"", ""E""]"	"{""A"": ""0"", ""B"": ""3"", ""C"": ""2"", ""D"": ""4"", ""E"": ""none of the other options is correct""}"	"[""(A) 0"", ""(B) 3"", ""(C) 2"", ""(D) 4"", ""(E) none of the other options is correct""]"	(C) 2	C
9b9218bf-6fe7-5c36-b626-a5bd3606d35a	8	perception	rhythm	relative	rhythm-relative	proportion-recognition		rhythm pattern statistics	How many rhythmic figures with a strict {rhythm_proportion} proportionality are there in the {voice} line?	"[""rhythm_proportion"", ""voice""]"	get_rhythm_pattern_count		rhythm	"{""rhythm_proportion"": ""1:3"", ""voice"": ""alto""}"	How many rhythmic figures with a strict 1:3 proportionality are there in the alto line?	Jan_DuGrosserSchmerzensmann	chorale-bricks	Jan_DuGrosserSchmerzensmann	data/chorale-bricks/Jan_DuGrosserSchmerzensmann	2	"[""0"", ""1"", ""3"", ""4""]"	"[""4"", ""0"", ""3"", ""1""]"	visual	visual.short.png	data/chorale-bricks/Jan_DuGrosserSchmerzensmann/visual.short.png	none of the other options is correct	"[""none of the other options is correct"", ""4"", ""0"", ""3"", ""1""]"	0.2	1	"[""A"", ""B"", ""C"", ""D"", ""E""]"	"{""A"": ""1"", ""B"": ""4"", ""C"": ""3"", ""D"": ""none of the other options is correct"", ""E"": ""0""}"	"[""(A) 1"", ""(B) 4"", ""(C) 3"", ""(D) none of the other options is correct"", ""(E) 0""]"	(D) none of the other options is correct	D
15235e9a-d99e-5d3d-8a1e-c05e4ad1318c	8	perception	rhythm	relative	rhythm-relative	proportion-recognition		rhythm pattern statistics	How many rhythmic figures with a strict {rhythm_proportion} proportionality are there in the {voice} line?	"[""rhythm_proportion"", ""voice""]"	get_rhythm_pattern_count		rhythm	"{""rhythm_proportion"": ""2:1"", ""voice"": ""bass""}"	How many rhythmic figures with a strict 2:1 proportionality are there in the bass line?	Gesius_DuFriedensfuerstHerrJesuChrist	chorale-bricks	Gesius_DuFriedensfuerstHerrJesuChrist	data/chorale-bricks/Gesius_DuFriedensfuerstHerrJesuChrist	6	"[""0"", ""1"", ""2"", ""4""]"	"[""4"", ""1"", ""0"", ""2""]"	audio	audio.mastermix.wav	data/chorale-bricks/Gesius_DuFriedensfuerstHerrJesuChrist/audio.mastermix.wav	6	"[""6"", ""none of the other options is correct"", ""4"", ""1"", ""0""]"	0.2	0	"[""A"", ""B"", ""C"", ""D"", ""E""]"	"{""A"": ""1"", ""B"": ""none of the other options is correct"", ""C"": ""4"", ""D"": ""6"", ""E"": ""0""}"	"[""(A) 1"", ""(B) none of the other options is correct"", ""(C) 4"", ""(D) 6"", ""(E) 0""]"	(D) 6	D
ef4a181a-45b9-5f51-801e-9eb5d0c2b1f5	8	perception	rhythm	relative	rhythm-relative	proportion-recognition		rhythm pattern statistics	How many rhythmic figures with a strict {rhythm_proportion} proportionality are there in the {voice} line?	"[""rhythm_proportion"", ""voice""]"	get_rhythm_pattern_count		rhythm	"{""rhythm_proportion"": ""2:1"", ""voice"": ""bass""}"	How many rhythmic figures with a strict 2:1 proportionality are there in the bass line?	Gesius_DuFriedensfuerstHerrJesuChrist	chorale-bricks	Gesius_DuFriedensfuerstHerrJesuChrist	data/chorale-bricks/Gesius_DuFriedensfuerstHerrJesuChrist	6	"[""0"", ""1"", ""2"", ""4""]"	"[""4"", ""1"", ""0"", ""2""]"	symbolic	symbolic.abc.txt	data/chorale-bricks/Gesius_DuFriedensfuerstHerrJesuChrist/symbolic.abc.txt	6	"[""6"", ""none of the other options is correct"", ""4"", ""1"", ""0""]"	0.2	0	"[""A"", ""B"", ""C"", ""D"", ""E""]"	"{""A"": ""4"", ""B"": ""6"", ""C"": ""none of the other options is correct"", ""D"": ""0"", ""E"": ""1""}"	"[""(A) 4"", ""(B) 6"", ""(C) none of the other options is correct"", ""(D) 0"", ""(E) 1""]"	(B) 6	B
1422652c-bf1d-5f89-a371-4caee8f44ef1	8	perception	rhythm	relative	rhythm-relative	proportion-recognition		rhythm pattern statistics	How many rhythmic figures with a strict {rhythm_proportion} proportionality are there in the {voice} line?	"[""rhythm_proportion"", ""voice""]"	get_rhythm_pattern_count		rhythm	"{""rhythm_proportion"": ""2:1"", ""voice"": ""bass""}"	How many rhythmic figures with a strict 2:1 proportionality are there in the bass line?	Gesius_DuFriedensfuerstHerrJesuChrist	chorale-bricks	Gesius_DuFriedensfuerstHerrJesuChrist	data/chorale-bricks/Gesius_DuFriedensfuerstHerrJesuChrist	6	"[""0"", ""1"", ""2"", ""4""]"	"[""4"", ""1"", ""0"", ""2""]"	visual	visual.short.png	data/chorale-bricks/Gesius_DuFriedensfuerstHerrJesuChrist/visual.short.png	6	"[""6"", ""none of the other options is correct"", ""4"", ""1"", ""0""]"	0.2	0	"[""A"", ""B"", ""C"", ""D"", ""E""]"	"{""A"": ""0"", ""B"": ""4"", ""C"": ""none of the other options is correct"", ""D"": ""6"", ""E"": ""1""}"	"[""(A) 0"", ""(B) 4"", ""(C) none of the other options is correct"", ""(D) 6"", ""(E) 1""]"	(D) 6	D
61ff7c2d-ce11-5084-a229-c2fa9a96b411	9	perception	harmony	relative	harmony-relative	harmonic-recognition		tonality recognition	What is the {function} harmony of the primary key of this piece?	"[""function""]"	get_harmonic_tonality			"{""function"": ""tonic""}"	What is the tonic harmony of the primary key of this piece?	Gesius_BefiehlDuDeineWege	chorale-bricks	Gesius_BefiehlDuDeineWege	data/chorale-bricks/Gesius_BefiehlDuDeineWege	D minor	"[""A"", ""B-"", ""F major"", ""G major""]"	"[""G major"", ""A"", ""B-"", ""F major""]"	audio	audio.mastermix.wav	data/chorale-bricks/Gesius_BefiehlDuDeineWege/audio.mastermix.wav	D minor	"[""D minor"", ""none of the other options is correct"", ""G major"", ""A"", ""B-""]"	0.2	0	"[""A"", ""B"", ""C"", ""D"", ""E""]"	"{""A"": ""B-"", ""B"": ""D minor"", ""C"": ""A"", ""D"": ""none of the other options is correct"", ""E"": ""G major""}"	"[""(A) B-"", ""(B) D minor"", ""(C) A"", ""(D) none of the other options is correct"", ""(E) G major""]"	(B) D minor	B
7de50a49-12d5-5f5d-859d-f521d97c77be	9	perception	harmony	relative	harmony-relative	harmonic-recognition		tonality recognition	What is the {function} harmony of the primary key of this piece?	"[""function""]"	get_harmonic_tonality			"{""function"": ""tonic""}"	What is the tonic harmony of the primary key of this piece?	Gesius_BefiehlDuDeineWege	chorale-bricks	Gesius_BefiehlDuDeineWege	data/chorale-bricks/Gesius_BefiehlDuDeineWege	D minor	"[""A"", ""B-"", ""F major"", ""G major""]"	"[""G major"", ""A"", ""B-"", ""F major""]"	symbolic	symbolic.abc.txt	data/chorale-bricks/Gesius_BefiehlDuDeineWege/symbolic.abc.txt	D minor	"[""D minor"", ""none of the other options is correct"", ""G major"", ""A"", ""B-""]"	0.2	0	"[""A"", ""B"", ""C"", ""D"", ""E""]"	"{""A"": ""A"", ""B"": ""D minor"", ""C"": ""B-"", ""D"": ""none of the other options is correct"", ""E"": ""G major""}"	"[""(A) A"", ""(B) D minor"", ""(C) B-"", ""(D) none of the other options is correct"", ""(E) G major""]"	(B) D minor	B
16ed83d3-1f5e-56f0-8fee-2019d0cd0567	9	perception	harmony	relative	harmony-relative	harmonic-recognition		tonality recognition	What is the {function} harmony of the primary key of this piece?	"[""function""]"	get_harmonic_tonality			"{""function"": ""tonic""}"	What is the tonic harmony of the primary key of this piece?	Gesius_BefiehlDuDeineWege	chorale-bricks	Gesius_BefiehlDuDeineWege	data/chorale-bricks/Gesius_BefiehlDuDeineWege	D minor	"[""A"", ""B-"", ""F major"", ""G major""]"	"[""G major"", ""A"", ""B-"", ""F major""]"	visual	visual.short.png	data/chorale-bricks/Gesius_BefiehlDuDeineWege/visual.short.png	D minor	"[""D minor"", ""none of the other options is correct"", ""G major"", ""A"", ""B-""]"	0.2	0	"[""A"", ""B"", ""C"", ""D"", ""E""]"	"{""A"": ""B-"", ""B"": ""none of the other options is correct"", ""C"": ""A"", ""D"": ""G major"", ""E"": ""D minor""}"	"[""(A) B-"", ""(B) none of the other options is correct"", ""(C) A"", ""(D) G major"", ""(E) D minor""]"	(E) D minor	E
3070b434-7aa5-519d-9474-5e9b84e75efa	9	perception	harmony	relative	harmony-relative	harmonic-recognition		tonality recognition	What is the {function} harmony of the primary key of this piece?	"[""function""]"	get_harmonic_tonality			"{""function"": ""tonic""}"	What is the tonic harmony of the primary key of this piece?	Drese_JesuGehVoran	chorale-bricks	Drese_JesuGehVoran	data/chorale-bricks/Drese_JesuGehVoran	G major	"[""B minor"", ""D"", ""E minor"", ""F# minor""]"	"[""B minor"", ""F# minor"", ""D"", ""E minor""]"	audio	audio.mastermix.wav	data/chorale-bricks/Drese_JesuGehVoran/audio.mastermix.wav	none of the other options is correct	"[""none of the other options is correct"", ""B minor"", ""F# minor"", ""D"", ""E minor""]"	0.2	1	"[""A"", ""B"", ""C"", ""D"", ""E""]"	"{""A"": ""none of the other options is correct"", ""B"": ""D"", ""C"": ""B minor"", ""D"": ""E minor"", ""E"": ""F# minor""}"	"[""(A) none of the other options is correct"", ""(B) D"", ""(C) B minor"", ""(D) E minor"", ""(E) F# minor""]"	(A) none of the other options is correct	A
b4e94960-d27e-5fb8-ba25-98121c7fc241	9	perception	harmony	relative	harmony-relative	harmonic-recognition		tonality recognition	What is the {function} harmony of the primary key of this piece?	"[""function""]"	get_harmonic_tonality			"{""function"": ""tonic""}"	What is the tonic harmony of the primary key of this piece?	Drese_JesuGehVoran	chorale-bricks	Drese_JesuGehVoran	data/chorale-bricks/Drese_JesuGehVoran	G major	"[""B minor"", ""D"", ""E minor"", ""F# minor""]"	"[""B minor"", ""F# minor"", ""D"", ""E minor""]"	symbolic	symbolic.abc.txt	data/chorale-bricks/Drese_JesuGehVoran/symbolic.abc.txt	G major	"[""G major"", ""none of the other options is correct"", ""B minor"", ""F# minor"", ""D""]"	0.2	0	"[""A"", ""B"", ""C"", ""D"", ""E""]"	"{""A"": ""F# minor"", ""B"": ""B minor"", ""C"": ""G major"", ""D"": ""D"", ""E"": ""none of the other options is correct""}"	"[""(A) F# minor"", ""(B) B minor"", ""(C) G major"", ""(D) D"", ""(E) none of the other options is correct""]"	(C) G major	C
e079ba7d-2b98-5613-843d-ab78b70638bb	9	perception	harmony	relative	harmony-relative	harmonic-recognition		tonality recognition	What is the {function} harmony of the primary key of this piece?	"[""function""]"	get_harmonic_tonality			"{""function"": ""tonic""}"	What is the tonic harmony of the primary key of this piece?	Drese_JesuGehVoran	chorale-bricks	Drese_JesuGehVoran	data/chorale-bricks/Drese_JesuGehVoran	G major	"[""B minor"", ""D"", ""E minor"", ""F# minor""]"	"[""B minor"", ""F# minor"", ""D"", ""E minor""]"	visual	visual.short.png	data/chorale-bricks/Drese_JesuGehVoran/visual.short.png	G major	"[""G major"", ""none of the other options is correct"", ""B minor"", ""F# minor"", ""D""]"	0.2	0	"[""A"", ""B"", ""C"", ""D"", ""E""]"	"{""A"": ""F# minor"", ""B"": ""B minor"", ""C"": ""none of the other options is correct"", ""D"": ""G major"", ""E"": ""D""}"	"[""(A) F# minor"", ""(B) B minor"", ""(C) none of the other options is correct"", ""(D) G major"", ""(E) D""]"	(D) G major	D
d3ac45f9-8b7d-5aa5-b287-be6223f27d0d	9	perception	harmony	relative	harmony-relative	harmonic-recognition		tonality recognition	What is the {function} harmony of the primary key of this piece?	"[""function""]"	get_harmonic_tonality			"{""function"": ""tonic""}"	What is the tonic harmony of the primary key of this piece?	Anonymous_AusMeinesHerzensGrunde	chorale-bricks	Anonymous_AusMeinesHerzensGrunde	data/chorale-bricks/Anonymous_AusMeinesHerzensGrunde	G major	"[""B-"", ""D"", ""E minor"", ""G minor""]"	"[""D"", ""G minor"", ""E minor"", ""B-""]"	audio	audio.mastermix.wav	data/chorale-bricks/Anonymous_AusMeinesHerzensGrunde/audio.mastermix.wav	none of the other options is correct	"[""none of the other options is correct"", ""D"", ""G minor"", ""E minor"", ""B-""]"	0.2	1	"[""A"", ""B"", ""C"", ""D"", ""E""]"	"{""A"": ""E minor"", ""B"": ""G minor"", ""C"": ""none of the other options is correct"", ""D"": ""B-"", ""E"": ""D""}"	"[""(A) E minor"", ""(B) G minor"", ""(C) none of the other options is correct"", ""(D) B-"", ""(E) D""]"	(C) none of the other options is correct	C
d9258508-5d90-5dd6-85db-da2882a22560	9	perception	harmony	relative	harmony-relative	harmonic-recognition		tonality recognition	What is the {function} harmony of the primary key of this piece?	"[""function""]"	get_harmonic_tonality			"{""function"": ""tonic""}"	What is the tonic harmony of the primary key of this piece?	Anonymous_AusMeinesHerzensGrunde	chorale-bricks	Anonymous_AusMeinesHerzensGrunde	data/chorale-bricks/Anonymous_AusMeinesHerzensGrunde	G major	"[""B-"", ""D"", ""E minor"", ""G minor""]"	"[""D"", ""G minor"", ""E minor"", ""B-""]"	symbolic	symbolic.abc.txt	data/chorale-bricks/Anonymous_AusMeinesHerzensGrunde/symbolic.abc.txt	G major	"[""G major"", ""none of the other options is correct"", ""D"", ""G minor"", ""E minor""]"	0.2	0	"[""A"", ""B"", ""C"", ""D"", ""E""]"	"{""A"": ""G minor"", ""B"": ""G major"", ""C"": ""none of the other options is correct"", ""D"": ""E minor"", ""E"": ""D""}"	"[""(A) G minor"", ""(B) G major"", ""(C) none of the other options is correct"", ""(D) E minor"", ""(E) D""]"	(B) G major	B
8cbc66f4-cbd0-52a0-9387-0faca59ecf3c	9	perception	harmony	relative	harmony-relative	harmonic-recognition		tonality recognition	What is the {function} harmony of the primary key of this piece?	"[""function""]"	get_harmonic_tonality			"{""function"": ""tonic""}"	What is the tonic harmony of the primary key of this piece?	Anonymous_AusMeinesHerzensGrunde	chorale-bricks	Anonymous_AusMeinesHerzensGrunde	data/chorale-bricks/Anonymous_AusMeinesHerzensGrunde	G major	"[""B-"", ""D"", ""E minor"", ""G minor""]"	"[""D"", ""G minor"", ""E minor"", ""B-""]"	visual	visual.short.png	data/chorale-bricks/Anonymous_AusMeinesHerzensGrunde/visual.short.png	G major	"[""G major"", ""none of the other options is correct"", ""D"", ""G minor"", ""E minor""]"	0.2	0	"[""A"", ""B"", ""C"", ""D"", ""E""]"	"{""A"": ""G major"", ""B"": ""E minor"", ""C"": ""G minor"", ""D"": ""D"", ""E"": ""none of the other options is correct""}"	"[""(A) G major"", ""(B) E minor"", ""(C) G minor"", ""(D) D"", ""(E) none of the other options is correct""]"	(A) G major	A
731f511c-e9a3-59c9-8031-698cf137efea	9	perception	harmony	relative	harmony-relative	harmonic-recognition		tonality recognition	What is the {function} harmony of the primary key of this piece?	"[""function""]"	get_harmonic_tonality			"{""function"": ""relative minor/major""}"	What is the relative minor/major harmony of the primary key of this piece?	Jan_DuGrosserSchmerzensmann	chorale-bricks	Jan_DuGrosserSchmerzensmann	data/chorale-bricks/Jan_DuGrosserSchmerzensmann	G major	"[""B"", ""C major"", ""E minor"", ""G# minor""]"	"[""B"", ""E minor"", ""C major"", ""G# minor""]"	audio	audio.mastermix.wav	data/chorale-bricks/Jan_DuGrosserSchmerzensmann/audio.mastermix.wav	G major	"[""G major"", ""none of the other options is correct"", ""B"", ""E minor"", ""C major""]"	0.2	0	"[""A"", ""B"", ""C"", ""D"", ""E""]"	"{""A"": ""E minor"", ""B"": ""none of the other options is correct"", ""C"": ""C major"", ""D"": ""B"", ""E"": ""G major""}"	"[""(A) E minor"", ""(B) none of the other options is correct"", ""(C) C major"", ""(D) B"", ""(E) G major""]"	(E) G major	E
f74f2776-75ee-58fe-82f5-b07f648d32bf	9	perception	harmony	relative	harmony-relative	harmonic-recognition		tonality recognition	What is the {function} harmony of the primary key of this piece?	"[""function""]"	get_harmonic_tonality			"{""function"": ""relative minor/major""}"	What is the relative minor/major harmony of the primary key of this piece?	Jan_DuGrosserSchmerzensmann	chorale-bricks	Jan_DuGrosserSchmerzensmann	data/chorale-bricks/Jan_DuGrosserSchmerzensmann	G major	"[""B"", ""C major"", ""E minor"", ""G# minor""]"	"[""B"", ""E minor"", ""C major"", ""G# minor""]"	symbolic	symbolic.abc.txt	data/chorale-bricks/Jan_DuGrosserSchmerzensmann/symbolic.abc.txt	G major	"[""G major"", ""none of the other options is correct"", ""B"", ""E minor"", ""C major""]"	0.2	0	"[""A"", ""B"", ""C"", ""D"", ""E""]"	"{""A"": ""C major"", ""B"": ""G major"", ""C"": ""E minor"", ""D"": ""B"", ""E"": ""none of the other options is correct""}"	"[""(A) C major"", ""(B) G major"", ""(C) E minor"", ""(D) B"", ""(E) none of the other options is correct""]"	(B) G major	B
c0e76149-0f2a-5a8d-af53-152e066b8d79	9	perception	harmony	relative	harmony-relative	harmonic-recognition		tonality recognition	What is the {function} harmony of the primary key of this piece?	"[""function""]"	get_harmonic_tonality			"{""function"": ""relative minor/major""}"	What is the relative minor/major harmony of the primary key of this piece?	Jan_DuGrosserSchmerzensmann	chorale-bricks	Jan_DuGrosserSchmerzensmann	data/chorale-bricks/Jan_DuGrosserSchmerzensmann	G major	"[""B"", ""C major"", ""E minor"", ""G# minor""]"	"[""B"", ""E minor"", ""C major"", ""G# minor""]"	visual	visual.short.png	data/chorale-bricks/Jan_DuGrosserSchmerzensmann/visual.short.png	G major	"[""G major"", ""none of the other options is correct"", ""B"", ""E minor"", ""C major""]"	0.2	0	"[""A"", ""B"", ""C"", ""D"", ""E""]"	"{""A"": ""E minor"", ""B"": ""G major"", ""C"": ""B"", ""D"": ""C major"", ""E"": ""none of the other options is correct""}"	"[""(A) E minor"", ""(B) G major"", ""(C) B"", ""(D) C major"", ""(E) none of the other options is correct""]"	(B) G major	B
d70f13bf-b678-5ec0-82b0-bb47bd9ec736	10	perception	harmony	absolute	harmony-absolute	harmonic-recognition		chord recognition	What is the chord at the {target_index} position considering all the voices?	"[""target_index""]"	get_harmonic_chord			"{""target_index"": ""39th""}"	What is the chord at the 39th position considering all the voices?	Gesius_BefiehlDuDeineWege	chorale-bricks	Gesius_BefiehlDuDeineWege	data/chorale-bricks/Gesius_BefiehlDuDeineWege	major triad	"[""Minor Third"", ""major-second minor tetrachord"", ""minor triad"", ""quartal trichord""]"	"[""major-second minor tetrachord"", ""Minor Third"", ""minor triad"", ""quartal trichord""]"	audio	audio.mastermix.wav	data/chorale-bricks/Gesius_BefiehlDuDeineWege/audio.mastermix.wav	major triad	"[""major triad"", ""none of the other options is correct"", ""major-second minor tetrachord"", ""Minor Third"", ""minor triad""]"	0.2	0	"[""A"", ""B"", ""C"", ""D"", ""E""]"	"{""A"": ""minor triad"", ""B"": ""major-second minor tetrachord"", ""C"": ""Minor Third"", ""D"": ""none of the other options is correct"", ""E"": ""major triad""}"	"[""(A) minor triad"", ""(B) major-second minor tetrachord"", ""(C) Minor Third"", ""(D) none of the other options is correct"", ""(E) major triad""]"	(E) major triad	E
e30cd819-3683-5dc0-b9a6-97716d58358a	10	perception	harmony	absolute	harmony-absolute	harmonic-recognition		chord recognition	What is the chord at the {target_index} position considering all the voices?	"[""target_index""]"	get_harmonic_chord			"{""target_index"": ""39th""}"	What is the chord at the 39th position considering all the voices?	Gesius_BefiehlDuDeineWege	chorale-bricks	Gesius_BefiehlDuDeineWege	data/chorale-bricks/Gesius_BefiehlDuDeineWege	major triad	"[""Minor Third"", ""major-second minor tetrachord"", ""minor triad"", ""quartal trichord""]"	"[""major-second minor tetrachord"", ""Minor Third"", ""minor triad"", ""quartal trichord""]"	symbolic	symbolic.abc.txt	data/chorale-bricks/Gesius_BefiehlDuDeineWege/symbolic.abc.txt	major triad	"[""major triad"", ""none of the other options is correct"", ""major-second minor tetrachord"", ""Minor Third"", ""minor triad""]"	0.2	0	"[""A"", ""B"", ""C"", ""D"", ""E""]"	"{""A"": ""Minor Third"", ""B"": ""major-second minor tetrachord"", ""C"": ""major triad"", ""D"": ""none of the other options is correct"", ""E"": ""minor triad""}"	"[""(A) Minor Third"", ""(B) major-second minor tetrachord"", ""(C) major triad"", ""(D) none of the other options is correct"", ""(E) minor triad""]"	(C) major triad	C
fd3c14d1-f023-5e1b-af62-691e816b68cc	10	perception	harmony	absolute	harmony-absolute	harmonic-recognition		chord recognition	What is the chord at the {target_index} position considering all the voices?	"[""target_index""]"	get_harmonic_chord			"{""target_index"": ""39th""}"	What is the chord at the 39th position considering all the voices?	Gesius_BefiehlDuDeineWege	chorale-bricks	Gesius_BefiehlDuDeineWege	data/chorale-bricks/Gesius_BefiehlDuDeineWege	major triad	"[""Minor Third"", ""major-second minor tetrachord"", ""minor triad"", ""quartal trichord""]"	"[""major-second minor tetrachord"", ""Minor Third"", ""minor triad"", ""quartal trichord""]"	visual	visual.short.png	data/chorale-bricks/Gesius_BefiehlDuDeineWege/visual.short.png	major triad	"[""major triad"", ""none of the other options is correct"", ""major-second minor tetrachord"", ""Minor Third"", ""minor triad""]"	0.2	0	"[""A"", ""B"", ""C"", ""D"", ""E""]"	"{""A"": ""major triad"", ""B"": ""major-second minor tetrachord"", ""C"": ""none of the other options is correct"", ""D"": ""Minor Third"", ""E"": ""minor triad""}"	"[""(A) major triad"", ""(B) major-second minor tetrachord"", ""(C) none of the other options is correct"", ""(D) Minor Third"", ""(E) minor triad""]"	(A) major triad	A
5a06b2c6-dbca-5567-bdeb-d31ab4588e4d	10	perception	harmony	absolute	harmony-absolute	harmonic-recognition		chord recognition	What is the chord at the {target_index} position considering all the voices?	"[""target_index""]"	get_harmonic_chord			"{""target_index"": ""5th""}"	What is the chord at the 5th position considering all the voices?	Vulpius_DieHelleSonnLeuchtJetztHerfuer	chorale-bricks	Vulpius_DieHelleSonnLeuchtJetztHerfuer	data/chorale-bricks/Vulpius_DieHelleSonnLeuchtJetztHerfuer	major triad	"[""Major Third"", ""Perfect Fifth"", ""minor triad"", ""perfect fourth tetramirror""]"	"[""minor triad"", ""Perfect Fifth"", ""Major Third"", ""perfect fourth tetramirror""]"	audio	audio.mastermix.wav	data/chorale-bricks/Vulpius_DieHelleSonnLeuchtJetztHerfuer/audio.mastermix.wav	major triad	"[""major triad"", ""none of the other options is correct"", ""minor triad"", ""Perfect Fifth"", ""Major Third""]"	0.2	0	"[""A"", ""B"", ""C"", ""D"", ""E""]"	"{""A"": ""minor triad"", ""B"": ""Perfect Fifth"", ""C"": ""Major Third"", ""D"": ""none of the other options is correct"", ""E"": ""major triad""}"	"[""(A) minor triad"", ""(B) Perfect Fifth"", ""(C) Major Third"", ""(D) none of the other options is correct"", ""(E) major triad""]"	(E) major triad	E
37c0b440-c558-5812-8abb-3a069f707671	10	perception	harmony	absolute	harmony-absolute	harmonic-recognition		chord recognition	What is the chord at the {target_index} position considering all the voices?	"[""target_index""]"	get_harmonic_chord			"{""target_index"": ""5th""}"	What is the chord at the 5th position considering all the voices?	Vulpius_DieHelleSonnLeuchtJetztHerfuer	chorale-bricks	Vulpius_DieHelleSonnLeuchtJetztHerfuer	data/chorale-bricks/Vulpius_DieHelleSonnLeuchtJetztHerfuer	major triad	"[""Major Third"", ""Perfect Fifth"", ""minor triad"", ""perfect fourth tetramirror""]"	"[""minor triad"", ""Perfect Fifth"", ""Major Third"", ""perfect fourth tetramirror""]"	symbolic	symbolic.abc.txt	data/chorale-bricks/Vulpius_DieHelleSonnLeuchtJetztHerfuer/symbolic.abc.txt	none of the other options is correct	"[""none of the other options is correct"", ""minor triad"", ""Perfect Fifth"", ""Major Third"", ""perfect fourth tetramirror""]"	0.2	1	"[""A"", ""B"", ""C"", ""D"", ""E""]"	"{""A"": ""minor triad"", ""B"": ""Perfect Fifth"", ""C"": ""none of the other options is correct"", ""D"": ""perfect fourth tetramirror"", ""E"": ""Major Third""}"	"[""(A) minor triad"", ""(B) Perfect Fifth"", ""(C) none of the other options is correct"", ""(D) perfect fourth tetramirror"", ""(E) Major Third""]"	(C) none of the other options is correct	C
d39c7706-90ca-5a28-87d2-f0db4195b115	10	perception	harmony	absolute	harmony-absolute	harmonic-recognition		chord recognition	What is the chord at the {target_index} position considering all the voices?	"[""target_index""]"	get_harmonic_chord			"{""target_index"": ""5th""}"	What is the chord at the 5th position considering all the voices?	Vulpius_DieHelleSonnLeuchtJetztHerfuer	chorale-bricks	Vulpius_DieHelleSonnLeuchtJetztHerfuer	data/chorale-bricks/Vulpius_DieHelleSonnLeuchtJetztHerfuer	major triad	"[""Major Third"", ""Perfect Fifth"", ""minor triad"", ""perfect fourth tetramirror""]"	"[""minor triad"", ""Perfect Fifth"", ""Major Third"", ""perfect fourth tetramirror""]"	visual	visual.short.png	data/chorale-bricks/Vulpius_DieHelleSonnLeuchtJetztHerfuer/visual.short.png	major triad	"[""major triad"", ""none of the other options is correct"", ""minor triad"", ""Perfect Fifth"", ""Major Third""]"	0.2	0	"[""A"", ""B"", ""C"", ""D"", ""E""]"	"{""A"": ""major triad"", ""B"": ""minor triad"", ""C"": ""Perfect Fifth"", ""D"": ""Major Third"", ""E"": ""none of the other options is correct""}"	"[""(A) major triad"", ""(B) minor triad"", ""(C) Perfect Fifth"", ""(D) Major Third"", ""(E) none of the other options is correct""]"	(A) major triad	A
25abf1a9-1273-5195-b6d1-975a1687ce89	10	perception	harmony	absolute	harmony-absolute	harmonic-recognition		chord recognition	What is the chord at the {target_index} position considering all the voices?	"[""target_index""]"	get_harmonic_chord			"{""target_index"": ""25th""}"	What is the chord at the 25th position considering all the voices?	Vulpius_DieHelleSonnLeuchtJetztHerfuer	chorale-bricks	Vulpius_DieHelleSonnLeuchtJetztHerfuer	data/chorale-bricks/Vulpius_DieHelleSonnLeuchtJetztHerfuer	major triad	"[""Major Third"", ""Minor Second"", ""Perfect Fifth"", ""minor triad""]"	"[""Minor Second"", ""Perfect Fifth"", ""Major Third"", ""minor triad""]"	audio	audio.mastermix.wav	data/chorale-bricks/Vulpius_DieHelleSonnLeuchtJetztHerfuer/audio.mastermix.wav	major triad	"[""major triad"", ""none of the other options is correct"", ""Minor Second"", ""Perfect Fifth"", ""Major Third""]"	0.2	0	"[""A"", ""B"", ""C"", ""D"", ""E""]"	"{""A"": ""Perfect Fifth"", ""B"": ""major triad"", ""C"": ""none of the other options is correct"", ""D"": ""Minor Second"", ""E"": ""Major Third""}"	"[""(A) Perfect Fifth"", ""(B) major triad"", ""(C) none of the other options is correct"", ""(D) Minor Second"", ""(E) Major Third""]"	(B) major triad	B
fd888865-5cb3-5923-b9f9-9f80b9903dbd	10	perception	harmony	absolute	harmony-absolute	harmonic-recognition		chord recognition	What is the chord at the {target_index} position considering all the voices?	"[""target_index""]"	get_harmonic_chord			"{""target_index"": ""25th""}"	What is the chord at the 25th position considering all the voices?	Vulpius_DieHelleSonnLeuchtJetztHerfuer	chorale-bricks	Vulpius_DieHelleSonnLeuchtJetztHerfuer	data/chorale-bricks/Vulpius_DieHelleSonnLeuchtJetztHerfuer	major triad	"[""Major Third"", ""Minor Second"", ""Perfect Fifth"", ""minor triad""]"	"[""Minor Second"", ""Perfect Fifth"", ""Major Third"", ""minor triad""]"	symbolic	symbolic.abc.txt	data/chorale-bricks/Vulpius_DieHelleSonnLeuchtJetztHerfuer/symbolic.abc.txt	major triad	"[""major triad"", ""none of the other options is correct"", ""Minor Second"", ""Perfect Fifth"", ""Major Third""]"	0.2	0	"[""A"", ""B"", ""C"", ""D"", ""E""]"	"{""A"": ""Perfect Fifth"", ""B"": ""major triad"", ""C"": ""Minor Second"", ""D"": ""Major Third"", ""E"": ""none of the other options is correct""}"	"[""(A) Perfect Fifth"", ""(B) major triad"", ""(C) Minor Second"", ""(D) Major Third"", ""(E) none of the other options is correct""]"	(B) major triad	B
a05b94e4-bedb-5b4a-89a5-9eda5a62b268	10	perception	harmony	absolute	harmony-absolute	harmonic-recognition		chord recognition	What is the chord at the {target_index} position considering all the voices?	"[""target_index""]"	get_harmonic_chord			"{""target_index"": ""25th""}"	What is the chord at the 25th position considering all the voices?	Vulpius_DieHelleSonnLeuchtJetztHerfuer	chorale-bricks	Vulpius_DieHelleSonnLeuchtJetztHerfuer	data/chorale-bricks/Vulpius_DieHelleSonnLeuchtJetztHerfuer	major triad	"[""Major Third"", ""Minor Second"", ""Perfect Fifth"", ""minor triad""]"	"[""Minor Second"", ""Perfect Fifth"", ""Major Third"", ""minor triad""]"	visual	visual.short.png	data/chorale-bricks/Vulpius_DieHelleSonnLeuchtJetztHerfuer/visual.short.png	major triad	"[""major triad"", ""none of the other options is correct"", ""Minor Second"", ""Perfect Fifth"", ""Major Third""]"	0.2	0	"[""A"", ""B"", ""C"", ""D"", ""E""]"	"{""A"": ""Major Third"", ""B"": ""Minor Second"", ""C"": ""Perfect Fifth"", ""D"": ""major triad"", ""E"": ""none of the other options is correct""}"	"[""(A) Major Third"", ""(B) Minor Second"", ""(C) Perfect Fifth"", ""(D) major triad"", ""(E) none of the other options is correct""]"	(D) major triad	D
9696ffff-9366-5adb-81e1-fe5852769899	11	perception	harmony	relative	harmony-relative	harmonic-recognition		cadence recognition	What is the chord progression between the {target_index} chord and the next one?	"[""target_index""]"	get_harmonic_cadence			"{""target_index"": ""15th""}"	What is the chord progression between the 15th chord and the next one?	Drese_JesuGehVoran	chorale-bricks	Drese_JesuGehVoran	data/chorale-bricks/Drese_JesuGehVoran	ii - v	"[""I - I"", ""I - IV"", ""I - V"", ""I - fI"", ""I - i"", ""I - v"", ""I - vi"", ""II - v"", ""III - III"", ""III - IV"", ""III - VI"", ""III - VII"", ""III - fIII"", ""III - iv"", ""IV - I"", ""IV - V"", ""IV - VII"", ""IV - fIV"", ""IV - i"", ""IV - ii"", ""V - I"", ""V - IV"", ""V - V"", ""V - VI"", ""V - fV"", ""V - i"", ""V - iv"", ""V - v"", ""V - vi"", ""V7 - I"", ""V7 - VI"", ""V7 - fV7"", ""V7 - i"", ""V7 - vi"", ""VI - III"", ""VI - V"", ""VI - VII"", ""VI - fVI"", ""VI - ii"", ""VI - iv"", ""VII - III"", ""VII - IV"", ""VII - VII"", ""VII - i"", ""VII - ii"", ""VII - iv"", ""VII - v"", ""i - I"", ""i - III"", ""i - IV"", ""i - V"", ""i - VI"", ""i - VII"", ""i - fi"", ""i - i"", ""i - iv"", ""ii - III"", ""ii - IV"", ""ii - V"", ""ii - V7"", ""ii - fii"", ""ii - iv"", ""ii - vi"", ""ii7 - V"", ""ii7 - fii7"", ""iii - IV"", ""iii - fiii"", ""iii - vi"", ""iv - I"", ""iv - III"", ""iv - V"", ""iv - VII"", ""iv - fiv"", ""iv - i"", ""iv - ii"", ""v - II"", ""v - III"", ""v - IV"", ""v - V"", ""v - VI"", ""v - fv"", ""v - i"", ""v - v"", ""vi - I"", ""vi - V"", ""vi - fvi"", ""vi - ii"", ""vi - iv"", ""vi - vi"", ""vii - I"", ""vii - fvii"", ""vii - i"", ""vii7 - I"", ""vii7 - fvii7"", ""vii7 - i""]"	"[""IV - ii"", ""VI - III"", ""V - VI"", ""v - III"", ""V - V"", ""V - v"", ""IV - i"", ""ii - III"", ""vi - vi"", ""vi - I"", ""vi - iv"", ""V - i"", ""ii7 - V"", ""I - V"", ""ii - vi"", ""i - i"", ""VII - i"", ""iv - I"", ""III - III"", ""V7 - i"", ""ii7 - fii7"", ""i - III"", ""iv - fiv"", ""VI - fVI"", ""VI - iv"", ""v - IV"", ""iii - IV"", ""v - v"", ""II - v"", ""ii - V"", ""i - I"", ""v - fv"", ""V - iv"", ""I - fI"", ""iv - V"", ""V - I"", ""VII - ii"", ""i - V"", ""VI - V"", ""I - vi"", ""i - iv"", ""v - V"", ""ii - iv"", ""I - I"", ""III - fIII"", ""IV - V"", ""IV - VII"", ""III - VII"", ""vi - ii"", ""V - fV"", ""VII - v"", ""VII - IV"", ""iii - vi"", ""vii7 - i"", ""ii - V7"", ""ii - IV"", ""vii - fvii"", ""iv - ii"", ""iv - i"", ""i - IV"", ""vii7 - I"", ""I - i"", ""V - IV"", ""V7 - fV7"", ""V7 - VI"", ""ii - fii"", ""I - IV"", ""IV - I"", ""iii - fiii"", ""I - v"", ""v - II"", ""III - VI"", ""i - VII"", ""VII - VII"", ""v - VI"", ""V7 - vi"", ""V - vi"", ""i - fi"", ""i - VI"", ""vii7 - fvii7"", ""VI - VII"", ""III - iv"", ""vi - fvi"", ""VII - iv"", ""v - i"", ""iv - VII"", ""III - IV"", ""VI - ii"", ""vi - V"", ""VII - III"", ""vii - i"", ""V7 - I"", ""IV - fIV"", ""vii - I"", ""iv - III""]"	audio	audio.mastermix.wav	data/chorale-bricks/Drese_JesuGehVoran/audio.mastermix.wav	ii - v	"[""ii - v"", ""none of the other options is correct"", ""IV - ii"", ""VI - III"", ""V - VI""]"	0.2	0	"[""A"", ""B"", ""C"", ""D"", ""E""]"	"{""A"": ""V - VI"", ""B"": ""none of the other options is correct"", ""C"": ""IV - ii"", ""D"": ""VI - III"", ""E"": ""ii - v""}"	"[""(A) V - VI"", ""(B) none of the other options is correct"", ""(C) IV - ii"", ""(D) VI - III"", ""(E) ii - v""]"	(E) ii - v	E
923435ef-61b4-5419-b6e7-02518d3f915c	11	perception	harmony	relative	harmony-relative	harmonic-recognition		cadence recognition	What is the chord progression between the {target_index} chord and the next one?	"[""target_index""]"	get_harmonic_cadence			"{""target_index"": ""15th""}"	What is the chord progression between the 15th chord and the next one?	Drese_JesuGehVoran	chorale-bricks	Drese_JesuGehVoran	data/chorale-bricks/Drese_JesuGehVoran	ii - v	"[""I - I"", ""I - IV"", ""I - V"", ""I - fI"", ""I - i"", ""I - v"", ""I - vi"", ""II - v"", ""III - III"", ""III - IV"", ""III - VI"", ""III - VII"", ""III - fIII"", ""III - iv"", ""IV - I"", ""IV - V"", ""IV - VII"", ""IV - fIV"", ""IV - i"", ""IV - ii"", ""V - I"", ""V - IV"", ""V - V"", ""V - VI"", ""V - fV"", ""V - i"", ""V - iv"", ""V - v"", ""V - vi"", ""V7 - I"", ""V7 - VI"", ""V7 - fV7"", ""V7 - i"", ""V7 - vi"", ""VI - III"", ""VI - V"", ""VI - VII"", ""VI - fVI"", ""VI - ii"", ""VI - iv"", ""VII - III"", ""VII - IV"", ""VII - VII"", ""VII - i"", ""VII - ii"", ""VII - iv"", ""VII - v"", ""i - I"", ""i - III"", ""i - IV"", ""i - V"", ""i - VI"", ""i - VII"", ""i - fi"", ""i - i"", ""i - iv"", ""ii - III"", ""ii - IV"", ""ii - V"", ""ii - V7"", ""ii - fii"", ""ii - iv"", ""ii - vi"", ""ii7 - V"", ""ii7 - fii7"", ""iii - IV"", ""iii - fiii"", ""iii - vi"", ""iv - I"", ""iv - III"", ""iv - V"", ""iv - VII"", ""iv - fiv"", ""iv - i"", ""iv - ii"", ""v - II"", ""v - III"", ""v - IV"", ""v - V"", ""v - VI"", ""v - fv"", ""v - i"", ""v - v"", ""vi - I"", ""vi - V"", ""vi - fvi"", ""vi - ii"", ""vi - iv"", ""vi - vi"", ""vii - I"", ""vii - fvii"", ""vii - i"", ""vii7 - I"", ""vii7 - fvii7"", ""vii7 - i""]"	"[""IV - ii"", ""VI - III"", ""V - VI"", ""v - III"", ""V - V"", ""V - v"", ""IV - i"", ""ii - III"", ""vi - vi"", ""vi - I"", ""vi - iv"", ""V - i"", ""ii7 - V"", ""I - V"", ""ii - vi"", ""i - i"", ""VII - i"", ""iv - I"", ""III - III"", ""V7 - i"", ""ii7 - fii7"", ""i - III"", ""iv - fiv"", ""VI - fVI"", ""VI - iv"", ""v - IV"", ""iii - IV"", ""v - v"", ""II - v"", ""ii - V"", ""i - I"", ""v - fv"", ""V - iv"", ""I - fI"", ""iv - V"", ""V - I"", ""VII - ii"", ""i - V"", ""VI - V"", ""I - vi"", ""i - iv"", ""v - V"", ""ii - iv"", ""I - I"", ""III - fIII"", ""IV - V"", ""IV - VII"", ""III - VII"", ""vi - ii"", ""V - fV"", ""VII - v"", ""VII - IV"", ""iii - vi"", ""vii7 - i"", ""ii - V7"", ""ii - IV"", ""vii - fvii"", ""iv - ii"", ""iv - i"", ""i - IV"", ""vii7 - I"", ""I - i"", ""V - IV"", ""V7 - fV7"", ""V7 - VI"", ""ii - fii"", ""I - IV"", ""IV - I"", ""iii - fiii"", ""I - v"", ""v - II"", ""III - VI"", ""i - VII"", ""VII - VII"", ""v - VI"", ""V7 - vi"", ""V - vi"", ""i - fi"", ""i - VI"", ""vii7 - fvii7"", ""VI - VII"", ""III - iv"", ""vi - fvi"", ""VII - iv"", ""v - i"", ""iv - VII"", ""III - IV"", ""VI - ii"", ""vi - V"", ""VII - III"", ""vii - i"", ""V7 - I"", ""IV - fIV"", ""vii - I"", ""iv - III""]"	symbolic	symbolic.abc.txt	data/chorale-bricks/Drese_JesuGehVoran/symbolic.abc.txt	ii - v	"[""ii - v"", ""none of the other options is correct"", ""IV - ii"", ""VI - III"", ""V - VI""]"	0.2	0	"[""A"", ""B"", ""C"", ""D"", ""E""]"	"{""A"": ""V - VI"", ""B"": ""IV - ii"", ""C"": ""none of the other options is correct"", ""D"": ""ii - v"", ""E"": ""VI - III""}"	"[""(A) V - VI"", ""(B) IV - ii"", ""(C) none of the other options is correct"", ""(D) ii - v"", ""(E) VI - III""]"	(D) ii - v	D
65b962e7-7fd4-5387-b4c7-c8c9bf1a6dc1	11	perception	harmony	relative	harmony-relative	harmonic-recognition		cadence recognition	What is the chord progression between the {target_index} chord and the next one?	"[""target_index""]"	get_harmonic_cadence			"{""target_index"": ""15th""}"	What is the chord progression between the 15th chord and the next one?	Drese_JesuGehVoran	chorale-bricks	Drese_JesuGehVoran	data/chorale-bricks/Drese_JesuGehVoran	ii - v	"[""I - I"", ""I - IV"", ""I - V"", ""I - fI"", ""I - i"", ""I - v"", ""I - vi"", ""II - v"", ""III - III"", ""III - IV"", ""III - VI"", ""III - VII"", ""III - fIII"", ""III - iv"", ""IV - I"", ""IV - V"", ""IV - VII"", ""IV - fIV"", ""IV - i"", ""IV - ii"", ""V - I"", ""V - IV"", ""V - V"", ""V - VI"", ""V - fV"", ""V - i"", ""V - iv"", ""V - v"", ""V - vi"", ""V7 - I"", ""V7 - VI"", ""V7 - fV7"", ""V7 - i"", ""V7 - vi"", ""VI - III"", ""VI - V"", ""VI - VII"", ""VI - fVI"", ""VI - ii"", ""VI - iv"", ""VII - III"", ""VII - IV"", ""VII - VII"", ""VII - i"", ""VII - ii"", ""VII - iv"", ""VII - v"", ""i - I"", ""i - III"", ""i - IV"", ""i - V"", ""i - VI"", ""i - VII"", ""i - fi"", ""i - i"", ""i - iv"", ""ii - III"", ""ii - IV"", ""ii - V"", ""ii - V7"", ""ii - fii"", ""ii - iv"", ""ii - vi"", ""ii7 - V"", ""ii7 - fii7"", ""iii - IV"", ""iii - fiii"", ""iii - vi"", ""iv - I"", ""iv - III"", ""iv - V"", ""iv - VII"", ""iv - fiv"", ""iv - i"", ""iv - ii"", ""v - II"", ""v - III"", ""v - IV"", ""v - V"", ""v - VI"", ""v - fv"", ""v - i"", ""v - v"", ""vi - I"", ""vi - V"", ""vi - fvi"", ""vi - ii"", ""vi - iv"", ""vi - vi"", ""vii - I"", ""vii - fvii"", ""vii - i"", ""vii7 - I"", ""vii7 - fvii7"", ""vii7 - i""]"	"[""IV - ii"", ""VI - III"", ""V - VI"", ""v - III"", ""V - V"", ""V - v"", ""IV - i"", ""ii - III"", ""vi - vi"", ""vi - I"", ""vi - iv"", ""V - i"", ""ii7 - V"", ""I - V"", ""ii - vi"", ""i - i"", ""VII - i"", ""iv - I"", ""III - III"", ""V7 - i"", ""ii7 - fii7"", ""i - III"", ""iv - fiv"", ""VI - fVI"", ""VI - iv"", ""v - IV"", ""iii - IV"", ""v - v"", ""II - v"", ""ii - V"", ""i - I"", ""v - fv"", ""V - iv"", ""I - fI"", ""iv - V"", ""V - I"", ""VII - ii"", ""i - V"", ""VI - V"", ""I - vi"", ""i - iv"", ""v - V"", ""ii - iv"", ""I - I"", ""III - fIII"", ""IV - V"", ""IV - VII"", ""III - VII"", ""vi - ii"", ""V - fV"", ""VII - v"", ""VII - IV"", ""iii - vi"", ""vii7 - i"", ""ii - V7"", ""ii - IV"", ""vii - fvii"", ""iv - ii"", ""iv - i"", ""i - IV"", ""vii7 - I"", ""I - i"", ""V - IV"", ""V7 - fV7"", ""V7 - VI"", ""ii - fii"", ""I - IV"", ""IV - I"", ""iii - fiii"", ""I - v"", ""v - II"", ""III - VI"", ""i - VII"", ""VII - VII"", ""v - VI"", ""V7 - vi"", ""V - vi"", ""i - fi"", ""i - VI"", ""vii7 - fvii7"", ""VI - VII"", ""III - iv"", ""vi - fvi"", ""VII - iv"", ""v - i"", ""iv - VII"", ""III - IV"", ""VI - ii"", ""vi - V"", ""VII - III"", ""vii - i"", ""V7 - I"", ""IV - fIV"", ""vii - I"", ""iv - III""]"	visual	visual.short.png	data/chorale-bricks/Drese_JesuGehVoran/visual.short.png	ii - v	"[""ii - v"", ""none of the other options is correct"", ""IV - ii"", ""VI - III"", ""V - VI""]"	0.2	0	"[""A"", ""B"", ""C"", ""D"", ""E""]"	"{""A"": ""none of the other options is correct"", ""B"": ""ii - v"", ""C"": ""VI - III"", ""D"": ""V - VI"", ""E"": ""IV - ii""}"	"[""(A) none of the other options is correct"", ""(B) ii - v"", ""(C) VI - III"", ""(D) V - VI"", ""(E) IV - ii""]"	(B) ii - v	B
a13ca70e-2f8c-5ad9-9096-d7bf22c71a53	11	perception	harmony	relative	harmony-relative	harmonic-recognition		cadence recognition	What is the chord progression between the {target_index} chord and the next one?	"[""target_index""]"	get_harmonic_cadence			"{""target_index"": ""37th""}"	What is the chord progression between the 37th chord and the next one?	Gesius_DuFriedensfuerstHerrJesuChrist	chorale-bricks	Gesius_DuFriedensfuerstHerrJesuChrist	data/chorale-bricks/Gesius_DuFriedensfuerstHerrJesuChrist	vi - V	"[""I - I"", ""I - IV"", ""I - V"", ""I - fI"", ""I - i"", ""I - v"", ""I - vi"", ""II - v"", ""III - III"", ""III - IV"", ""III - VI"", ""III - VII"", ""III - fIII"", ""III - iv"", ""IV - I"", ""IV - V"", ""IV - VII"", ""IV - fIV"", ""IV - i"", ""IV - ii"", ""V - I"", ""V - IV"", ""V - V"", ""V - VI"", ""V - fV"", ""V - i"", ""V - iv"", ""V - v"", ""V - vi"", ""V7 - I"", ""V7 - VI"", ""V7 - fV7"", ""V7 - i"", ""V7 - vi"", ""VI - III"", ""VI - V"", ""VI - VII"", ""VI - fVI"", ""VI - ii"", ""VI - iv"", ""VII - III"", ""VII - IV"", ""VII - VII"", ""VII - i"", ""VII - ii"", ""VII - iv"", ""VII - v"", ""i - I"", ""i - III"", ""i - IV"", ""i - V"", ""i - VI"", ""i - VII"", ""i - fi"", ""i - i"", ""i - iv"", ""ii - III"", ""ii - IV"", ""ii - V"", ""ii - V7"", ""ii - fii"", ""ii - iv"", ""ii - v"", ""ii - vi"", ""ii7 - V"", ""ii7 - fii7"", ""iii - IV"", ""iii - fiii"", ""iii - vi"", ""iv - I"", ""iv - III"", ""iv - V"", ""iv - VII"", ""iv - fiv"", ""iv - i"", ""iv - ii"", ""v - II"", ""v - III"", ""v - IV"", ""v - V"", ""v - VI"", ""v - fv"", ""v - i"", ""v - v"", ""vi - I"", ""vi - fvi"", ""vi - ii"", ""vi - iv"", ""vi - vi"", ""vii - I"", ""vii - fvii"", ""vii - i"", ""vii7 - I"", ""vii7 - fvii7"", ""vii7 - i""]"	"[""i - i"", ""VII - III"", ""V - I"", ""iv - fiv"", ""V - v"", ""ii7 - V"", ""v - i"", ""V7 - VI"", ""I - vi"", ""III - iv"", ""vii7 - fvii7"", ""iv - VII"", ""vi - iv"", ""v - v"", ""v - II"", ""V7 - fV7"", ""V - IV"", ""ii - v"", ""VI - fVI"", ""i - IV"", ""ii - III"", ""VI - VII"", ""III - VII"", ""i - fi"", ""VII - IV"", ""v - VI"", ""VII - iv"", ""vi - fvi"", ""V - vi"", ""I - I"", ""i - I"", ""V7 - I"", ""V - V"", ""I - IV"", ""VI - V"", ""iv - ii"", ""IV - i"", ""V7 - i"", ""IV - fIV"", ""vii - fvii"", ""ii - V7"", ""ii - fii"", ""VII - i"", ""IV - I"", ""iv - i"", ""III - fIII"", ""III - IV"", ""vi - ii"", ""IV - ii"", ""V - VI"", ""IV - V"", ""v - IV"", ""ii - vi"", ""v - V"", ""iii - vi"", ""I - V"", ""vi - I"", ""I - v"", ""iii - IV"", ""i - VI"", ""iv - V"", ""III - III"", ""V - iv"", ""VI - iv"", ""vii7 - i"", ""V - fV"", ""ii - iv"", ""I - i"", ""ii - V"", ""i - III"", ""III - VI"", ""VII - ii"", ""I - fI"", ""iii - fiii"", ""i - VII"", ""i - V"", ""vii7 - I"", ""v - III"", ""IV - VII"", ""II - v"", ""VI - ii"", ""VII - v"", ""vii - I"", ""V7 - vi"", ""VI - III"", ""iv - I"", ""vii - i"", ""v - fv"", ""vi - vi"", ""ii7 - fii7"", ""V - i"", ""VII - VII"", ""iv - III"", ""ii - IV"", ""i - iv""]"	audio	audio.mastermix.wav	data/chorale-bricks/Gesius_DuFriedensfuerstHerrJesuChrist/audio.mastermix.wav	vi - V	"[""vi - V"", ""none of the other options is correct"", ""i - i"", ""VII - III"", ""V - I""]"	0.2	0	"[""A"", ""B"", ""C"", ""D"", ""E""]"	"{""A"": ""none of the other options is correct"", ""B"": ""VII - III"", ""C"": ""V - I"", ""D"": ""i - i"", ""E"": ""vi - V""}"	"[""(A) none of the other options is correct"", ""(B) VII - III"", ""(C) V - I"", ""(D) i - i"", ""(E) vi - V""]"	(E) vi - V	E
85fe3f4d-5224-518d-8df6-c68cbb29ff4e	11	perception	harmony	relative	harmony-relative	harmonic-recognition		cadence recognition	What is the chord progression between the {target_index} chord and the next one?	"[""target_index""]"	get_harmonic_cadence			"{""target_index"": ""37th""}"	What is the chord progression between the 37th chord and the next one?	Gesius_DuFriedensfuerstHerrJesuChrist	chorale-bricks	Gesius_DuFriedensfuerstHerrJesuChrist	data/chorale-bricks/Gesius_DuFriedensfuerstHerrJesuChrist	vi - V	"[""I - I"", ""I - IV"", ""I - V"", ""I - fI"", ""I - i"", ""I - v"", ""I - vi"", ""II - v"", ""III - III"", ""III - IV"", ""III - VI"", ""III - VII"", ""III - fIII"", ""III - iv"", ""IV - I"", ""IV - V"", ""IV - VII"", ""IV - fIV"", ""IV - i"", ""IV - ii"", ""V - I"", ""V - IV"", ""V - V"", ""V - VI"", ""V - fV"", ""V - i"", ""V - iv"", ""V - v"", ""V - vi"", ""V7 - I"", ""V7 - VI"", ""V7 - fV7"", ""V7 - i"", ""V7 - vi"", ""VI - III"", ""VI - V"", ""VI - VII"", ""VI - fVI"", ""VI - ii"", ""VI - iv"", ""VII - III"", ""VII - IV"", ""VII - VII"", ""VII - i"", ""VII - ii"", ""VII - iv"", ""VII - v"", ""i - I"", ""i - III"", ""i - IV"", ""i - V"", ""i - VI"", ""i - VII"", ""i - fi"", ""i - i"", ""i - iv"", ""ii - III"", ""ii - IV"", ""ii - V"", ""ii - V7"", ""ii - fii"", ""ii - iv"", ""ii - v"", ""ii - vi"", ""ii7 - V"", ""ii7 - fii7"", ""iii - IV"", ""iii - fiii"", ""iii - vi"", ""iv - I"", ""iv - III"", ""iv - V"", ""iv - VII"", ""iv - fiv"", ""iv - i"", ""iv - ii"", ""v - II"", ""v - III"", ""v - IV"", ""v - V"", ""v - VI"", ""v - fv"", ""v - i"", ""v - v"", ""vi - I"", ""vi - fvi"", ""vi - ii"", ""vi - iv"", ""vi - vi"", ""vii - I"", ""vii - fvii"", ""vii - i"", ""vii7 - I"", ""vii7 - fvii7"", ""vii7 - i""]"	"[""i - i"", ""VII - III"", ""V - I"", ""iv - fiv"", ""V - v"", ""ii7 - V"", ""v - i"", ""V7 - VI"", ""I - vi"", ""III - iv"", ""vii7 - fvii7"", ""iv - VII"", ""vi - iv"", ""v - v"", ""v - II"", ""V7 - fV7"", ""V - IV"", ""ii - v"", ""VI - fVI"", ""i - IV"", ""ii - III"", ""VI - VII"", ""III - VII"", ""i - fi"", ""VII - IV"", ""v - VI"", ""VII - iv"", ""vi - fvi"", ""V - vi"", ""I - I"", ""i - I"", ""V7 - I"", ""V - V"", ""I - IV"", ""VI - V"", ""iv - ii"", ""IV - i"", ""V7 - i"", ""IV - fIV"", ""vii - fvii"", ""ii - V7"", ""ii - fii"", ""VII - i"", ""IV - I"", ""iv - i"", ""III - fIII"", ""III - IV"", ""vi - ii"", ""IV - ii"", ""V - VI"", ""IV - V"", ""v - IV"", ""ii - vi"", ""v - V"", ""iii - vi"", ""I - V"", ""vi - I"", ""I - v"", ""iii - IV"", ""i - VI"", ""iv - V"", ""III - III"", ""V - iv"", ""VI - iv"", ""vii7 - i"", ""V - fV"", ""ii - iv"", ""I - i"", ""ii - V"", ""i - III"", ""III - VI"", ""VII - ii"", ""I - fI"", ""iii - fiii"", ""i - VII"", ""i - V"", ""vii7 - I"", ""v - III"", ""IV - VII"", ""II - v"", ""VI - ii"", ""VII - v"", ""vii - I"", ""V7 - vi"", ""VI - III"", ""iv - I"", ""vii - i"", ""v - fv"", ""vi - vi"", ""ii7 - fii7"", ""V - i"", ""VII - VII"", ""iv - III"", ""ii - IV"", ""i - iv""]"	symbolic	symbolic.abc.txt	data/chorale-bricks/Gesius_DuFriedensfuerstHerrJesuChrist/symbolic.abc.txt	vi - V	"[""vi - V"", ""none of the other options is correct"", ""i - i"", ""VII - III"", ""V - I""]"	0.2	0	"[""A"", ""B"", ""C"", ""D"", ""E""]"	"{""A"": ""i - i"", ""B"": ""vi - V"", ""C"": ""V - I"", ""D"": ""none of the other options is correct"", ""E"": ""VII - III""}"	"[""(A) i - i"", ""(B) vi - V"", ""(C) V - I"", ""(D) none of the other options is correct"", ""(E) VII - III""]"	(B) vi - V	B
0861f1ad-8dfe-5ca7-90fb-649b58fbaaa4	11	perception	harmony	relative	harmony-relative	harmonic-recognition		cadence recognition	What is the chord progression between the {target_index} chord and the next one?	"[""target_index""]"	get_harmonic_cadence			"{""target_index"": ""37th""}"	What is the chord progression between the 37th chord and the next one?	Gesius_DuFriedensfuerstHerrJesuChrist	chorale-bricks	Gesius_DuFriedensfuerstHerrJesuChrist	data/chorale-bricks/Gesius_DuFriedensfuerstHerrJesuChrist	vi - V	"[""I - I"", ""I - IV"", ""I - V"", ""I - fI"", ""I - i"", ""I - v"", ""I - vi"", ""II - v"", ""III - III"", ""III - IV"", ""III - VI"", ""III - VII"", ""III - fIII"", ""III - iv"", ""IV - I"", ""IV - V"", ""IV - VII"", ""IV - fIV"", ""IV - i"", ""IV - ii"", ""V - I"", ""V - IV"", ""V - V"", ""V - VI"", ""V - fV"", ""V - i"", ""V - iv"", ""V - v"", ""V - vi"", ""V7 - I"", ""V7 - VI"", ""V7 - fV7"", ""V7 - i"", ""V7 - vi"", ""VI - III"", ""VI - V"", ""VI - VII"", ""VI - fVI"", ""VI - ii"", ""VI - iv"", ""VII - III"", ""VII - IV"", ""VII - VII"", ""VII - i"", ""VII - ii"", ""VII - iv"", ""VII - v"", ""i - I"", ""i - III"", ""i - IV"", ""i - V"", ""i - VI"", ""i - VII"", ""i - fi"", ""i - i"", ""i - iv"", ""ii - III"", ""ii - IV"", ""ii - V"", ""ii - V7"", ""ii - fii"", ""ii - iv"", ""ii - v"", ""ii - vi"", ""ii7 - V"", ""ii7 - fii7"", ""iii - IV"", ""iii - fiii"", ""iii - vi"", ""iv - I"", ""iv - III"", ""iv - V"", ""iv - VII"", ""iv - fiv"", ""iv - i"", ""iv - ii"", ""v - II"", ""v - III"", ""v - IV"", ""v - V"", ""v - VI"", ""v - fv"", ""v - i"", ""v - v"", ""vi - I"", ""vi - fvi"", ""vi - ii"", ""vi - iv"", ""vi - vi"", ""vii - I"", ""vii - fvii"", ""vii - i"", ""vii7 - I"", ""vii7 - fvii7"", ""vii7 - i""]"	"[""i - i"", ""VII - III"", ""V - I"", ""iv - fiv"", ""V - v"", ""ii7 - V"", ""v - i"", ""V7 - VI"", ""I - vi"", ""III - iv"", ""vii7 - fvii7"", ""iv - VII"", ""vi - iv"", ""v - v"", ""v - II"", ""V7 - fV7"", ""V - IV"", ""ii - v"", ""VI - fVI"", ""i - IV"", ""ii - III"", ""VI - VII"", ""III - VII"", ""i - fi"", ""VII - IV"", ""v - VI"", ""VII - iv"", ""vi - fvi"", ""V - vi"", ""I - I"", ""i - I"", ""V7 - I"", ""V - V"", ""I - IV"", ""VI - V"", ""iv - ii"", ""IV - i"", ""V7 - i"", ""IV - fIV"", ""vii - fvii"", ""ii - V7"", ""ii - fii"", ""VII - i"", ""IV - I"", ""iv - i"", ""III - fIII"", ""III - IV"", ""vi - ii"", ""IV - ii"", ""V - VI"", ""IV - V"", ""v - IV"", ""ii - vi"", ""v - V"", ""iii - vi"", ""I - V"", ""vi - I"", ""I - v"", ""iii - IV"", ""i - VI"", ""iv - V"", ""III - III"", ""V - iv"", ""VI - iv"", ""vii7 - i"", ""V - fV"", ""ii - iv"", ""I - i"", ""ii - V"", ""i - III"", ""III - VI"", ""VII - ii"", ""I - fI"", ""iii - fiii"", ""i - VII"", ""i - V"", ""vii7 - I"", ""v - III"", ""IV - VII"", ""II - v"", ""VI - ii"", ""VII - v"", ""vii - I"", ""V7 - vi"", ""VI - III"", ""iv - I"", ""vii - i"", ""v - fv"", ""vi - vi"", ""ii7 - fii7"", ""V - i"", ""VII - VII"", ""iv - III"", ""ii - IV"", ""i - iv""]"	visual	visual.short.png	data/chorale-bricks/Gesius_DuFriedensfuerstHerrJesuChrist/visual.short.png	vi - V	"[""vi - V"", ""none of the other options is correct"", ""i - i"", ""VII - III"", ""V - I""]"	0.2	0	"[""A"", ""B"", ""C"", ""D"", ""E""]"	"{""A"": ""VII - III"", ""B"": ""vi - V"", ""C"": ""i - i"", ""D"": ""none of the other options is correct"", ""E"": ""V - I""}"	"[""(A) VII - III"", ""(B) vi - V"", ""(C) i - i"", ""(D) none of the other options is correct"", ""(E) V - I""]"	(B) vi - V	B
d33695d8-345d-548b-8f9b-baa09b332f00	11	perception	harmony	relative	harmony-relative	harmonic-recognition		cadence recognition	What is the chord progression between the {target_index} chord and the next one?	"[""target_index""]"	get_harmonic_cadence			"{""target_index"": ""38th""}"	What is the chord progression between the 38th chord and the next one?	Crueger_AufAufMeinHerzMitFreuden	chorale-bricks	Crueger_AufAufMeinHerzMitFreuden	data/chorale-bricks/Crueger_AufAufMeinHerzMitFreuden	iii - IV	"[""I - I"", ""I - IV"", ""I - V"", ""I - fI"", ""I - i"", ""I - v"", ""I - vi"", ""II - v"", ""III - III"", ""III - IV"", ""III - VI"", ""III - VII"", ""III - fIII"", ""III - iv"", ""IV - I"", ""IV - V"", ""IV - VII"", ""IV - fIV"", ""IV - i"", ""IV - ii"", ""V - I"", ""V - IV"", ""V - V"", ""V - VI"", ""V - fV"", ""V - i"", ""V - iv"", ""V - v"", ""V - vi"", ""V7 - I"", ""V7 - VI"", ""V7 - fV7"", ""V7 - i"", ""V7 - vi"", ""VI - III"", ""VI - V"", ""VI - VII"", ""VI - fVI"", ""VI - ii"", ""VI - iv"", ""VII - III"", ""VII - IV"", ""VII - VII"", ""VII - i"", ""VII - ii"", ""VII - iv"", ""VII - v"", ""i - I"", ""i - III"", ""i - IV"", ""i - V"", ""i - VI"", ""i - VII"", ""i - fi"", ""i - i"", ""i - iv"", ""ii - III"", ""ii - IV"", ""ii - V"", ""ii - V7"", ""ii - fii"", ""ii - iv"", ""ii - v"", ""ii - vi"", ""ii7 - V"", ""ii7 - fii7"", ""iii - fiii"", ""iii - vi"", ""iv - I"", ""iv - III"", ""iv - V"", ""iv - VII"", ""iv - fiv"", ""iv - i"", ""iv - ii"", ""v - II"", ""v - III"", ""v - IV"", ""v - V"", ""v - VI"", ""v - fv"", ""v - i"", ""v - v"", ""vi - I"", ""vi - V"", ""vi - fvi"", ""vi - ii"", ""vi - iv"", ""vi - vi"", ""vii - I"", ""vii - fvii"", ""vii - i"", ""vii7 - I"", ""vii7 - fvii7"", ""vii7 - i""]"	"[""vi - V"", ""V7 - VI"", ""VII - iv"", ""III - VI"", ""VII - i"", ""V7 - I"", ""ii - IV"", ""i - IV"", ""iv - VII"", ""v - v"", ""vi - ii"", ""i - I"", ""V7 - fV7"", ""VII - IV"", ""iii - fiii"", ""ii - V"", ""v - IV"", ""I - i"", ""III - III"", ""ii - iv"", ""i - III"", ""VII - VII"", ""ii - fii"", ""VII - ii"", ""VII - III"", ""VI - V"", ""iv - III"", ""i - VI"", ""i - VII"", ""V - vi"", ""iv - fiv"", ""IV - ii"", ""i - fi"", ""iv - V"", ""IV - V"", ""IV - VII"", ""vii - fvii"", ""iv - I"", ""ii - v"", ""vii - i"", ""vi - fvi"", ""V - I"", ""V - fV"", ""I - I"", ""V - i"", ""IV - i"", ""ii - vi"", ""V - v"", ""v - II"", ""i - V"", ""VI - ii"", ""vi - iv"", ""vi - vi"", ""v - III"", ""v - i"", ""I - fI"", ""ii7 - V"", ""III - iv"", ""iv - ii"", ""III - IV"", ""ii7 - fii7"", ""i - i"", ""III - fIII"", ""IV - I"", ""V - V"", ""V7 - i"", ""VI - VII"", ""v - V"", ""III - VII"", ""iii - vi"", ""VI - fVI"", ""iv - i"", ""vii7 - I"", ""vii - I"", ""i - iv"", ""I - V"", ""V - iv"", ""II - v"", ""vii7 - i"", ""vii7 - fvii7"", ""I - vi"", ""VI - III"", ""v - VI"", ""IV - fIV"", ""I - v"", ""ii - III"", ""ii - V7"", ""I - IV"", ""V7 - vi"", ""v - fv"", ""vi - I"", ""V - IV"", ""V - VI"", ""VI - iv"", ""VII - v""]"	audio	audio.mastermix.wav	data/chorale-bricks/Crueger_AufAufMeinHerzMitFreuden/audio.mastermix.wav	iii - IV	"[""iii - IV"", ""none of the other options is correct"", ""vi - V"", ""V7 - VI"", ""VII - iv""]"	0.2	0	"[""A"", ""B"", ""C"", ""D"", ""E""]"	"{""A"": ""none of the other options is correct"", ""B"": ""iii - IV"", ""C"": ""V7 - VI"", ""D"": ""VII - iv"", ""E"": ""vi - V""}"	"[""(A) none of the other options is correct"", ""(B) iii - IV"", ""(C) V7 - VI"", ""(D) VII - iv"", ""(E) vi - V""]"	(B) iii - IV	B
e608a3f2-5bfc-5e89-8fa0-7a6f0419bc80	11	perception	harmony	relative	harmony-relative	harmonic-recognition		cadence recognition	What is the chord progression between the {target_index} chord and the next one?	"[""target_index""]"	get_harmonic_cadence			"{""target_index"": ""38th""}"	What is the chord progression between the 38th chord and the next one?	Crueger_AufAufMeinHerzMitFreuden	chorale-bricks	Crueger_AufAufMeinHerzMitFreuden	data/chorale-bricks/Crueger_AufAufMeinHerzMitFreuden	iii - IV	"[""I - I"", ""I - IV"", ""I - V"", ""I - fI"", ""I - i"", ""I - v"", ""I - vi"", ""II - v"", ""III - III"", ""III - IV"", ""III - VI"", ""III - VII"", ""III - fIII"", ""III - iv"", ""IV - I"", ""IV - V"", ""IV - VII"", ""IV - fIV"", ""IV - i"", ""IV - ii"", ""V - I"", ""V - IV"", ""V - V"", ""V - VI"", ""V - fV"", ""V - i"", ""V - iv"", ""V - v"", ""V - vi"", ""V7 - I"", ""V7 - VI"", ""V7 - fV7"", ""V7 - i"", ""V7 - vi"", ""VI - III"", ""VI - V"", ""VI - VII"", ""VI - fVI"", ""VI - ii"", ""VI - iv"", ""VII - III"", ""VII - IV"", ""VII - VII"", ""VII - i"", ""VII - ii"", ""VII - iv"", ""VII - v"", ""i - I"", ""i - III"", ""i - IV"", ""i - V"", ""i - VI"", ""i - VII"", ""i - fi"", ""i - i"", ""i - iv"", ""ii - III"", ""ii - IV"", ""ii - V"", ""ii - V7"", ""ii - fii"", ""ii - iv"", ""ii - v"", ""ii - vi"", ""ii7 - V"", ""ii7 - fii7"", ""iii - fiii"", ""iii - vi"", ""iv - I"", ""iv - III"", ""iv - V"", ""iv - VII"", ""iv - fiv"", ""iv - i"", ""iv - ii"", ""v - II"", ""v - III"", ""v - IV"", ""v - V"", ""v - VI"", ""v - fv"", ""v - i"", ""v - v"", ""vi - I"", ""vi - V"", ""vi - fvi"", ""vi - ii"", ""vi - iv"", ""vi - vi"", ""vii - I"", ""vii - fvii"", ""vii - i"", ""vii7 - I"", ""vii7 - fvii7"", ""vii7 - i""]"	"[""vi - V"", ""V7 - VI"", ""VII - iv"", ""III - VI"", ""VII - i"", ""V7 - I"", ""ii - IV"", ""i - IV"", ""iv - VII"", ""v - v"", ""vi - ii"", ""i - I"", ""V7 - fV7"", ""VII - IV"", ""iii - fiii"", ""ii - V"", ""v - IV"", ""I - i"", ""III - III"", ""ii - iv"", ""i - III"", ""VII - VII"", ""ii - fii"", ""VII - ii"", ""VII - III"", ""VI - V"", ""iv - III"", ""i - VI"", ""i - VII"", ""V - vi"", ""iv - fiv"", ""IV - ii"", ""i - fi"", ""iv - V"", ""IV - V"", ""IV - VII"", ""vii - fvii"", ""iv - I"", ""ii - v"", ""vii - i"", ""vi - fvi"", ""V - I"", ""V - fV"", ""I - I"", ""V - i"", ""IV - i"", ""ii - vi"", ""V - v"", ""v - II"", ""i - V"", ""VI - ii"", ""vi - iv"", ""vi - vi"", ""v - III"", ""v - i"", ""I - fI"", ""ii7 - V"", ""III - iv"", ""iv - ii"", ""III - IV"", ""ii7 - fii7"", ""i - i"", ""III - fIII"", ""IV - I"", ""V - V"", ""V7 - i"", ""VI - VII"", ""v - V"", ""III - VII"", ""iii - vi"", ""VI - fVI"", ""iv - i"", ""vii7 - I"", ""vii - I"", ""i - iv"", ""I - V"", ""V - iv"", ""II - v"", ""vii7 - i"", ""vii7 - fvii7"", ""I - vi"", ""VI - III"", ""v - VI"", ""IV - fIV"", ""I - v"", ""ii - III"", ""ii - V7"", ""I - IV"", ""V7 - vi"", ""v - fv"", ""vi - I"", ""V - IV"", ""V - VI"", ""VI - iv"", ""VII - v""]"	symbolic	symbolic.abc.txt	data/chorale-bricks/Crueger_AufAufMeinHerzMitFreuden/symbolic.abc.txt	iii - IV	"[""iii - IV"", ""none of the other options is correct"", ""vi - V"", ""V7 - VI"", ""VII - iv""]"	0.2	0	"[""A"", ""B"", ""C"", ""D"", ""E""]"	"{""A"": ""iii - IV"", ""B"": ""vi - V"", ""C"": ""VII - iv"", ""D"": ""V7 - VI"", ""E"": ""none of the other options is correct""}"	"[""(A) iii - IV"", ""(B) vi - V"", ""(C) VII - iv"", ""(D) V7 - VI"", ""(E) none of the other options is correct""]"	(A) iii - IV	A
8a468017-73ec-5eed-80c4-58223ce48d79	11	perception	harmony	relative	harmony-relative	harmonic-recognition		cadence recognition	What is the chord progression between the {target_index} chord and the next one?	"[""target_index""]"	get_harmonic_cadence			"{""target_index"": ""38th""}"	What is the chord progression between the 38th chord and the next one?	Crueger_AufAufMeinHerzMitFreuden	chorale-bricks	Crueger_AufAufMeinHerzMitFreuden	data/chorale-bricks/Crueger_AufAufMeinHerzMitFreuden	iii - IV	"[""I - I"", ""I - IV"", ""I - V"", ""I - fI"", ""I - i"", ""I - v"", ""I - vi"", ""II - v"", ""III - III"", ""III - IV"", ""III - VI"", ""III - VII"", ""III - fIII"", ""III - iv"", ""IV - I"", ""IV - V"", ""IV - VII"", ""IV - fIV"", ""IV - i"", ""IV - ii"", ""V - I"", ""V - IV"", ""V - V"", ""V - VI"", ""V - fV"", ""V - i"", ""V - iv"", ""V - v"", ""V - vi"", ""V7 - I"", ""V7 - VI"", ""V7 - fV7"", ""V7 - i"", ""V7 - vi"", ""VI - III"", ""VI - V"", ""VI - VII"", ""VI - fVI"", ""VI - ii"", ""VI - iv"", ""VII - III"", ""VII - IV"", ""VII - VII"", ""VII - i"", ""VII - ii"", ""VII - iv"", ""VII - v"", ""i - I"", ""i - III"", ""i - IV"", ""i - V"", ""i - VI"", ""i - VII"", ""i - fi"", ""i - i"", ""i - iv"", ""ii - III"", ""ii - IV"", ""ii - V"", ""ii - V7"", ""ii - fii"", ""ii - iv"", ""ii - v"", ""ii - vi"", ""ii7 - V"", ""ii7 - fii7"", ""iii - fiii"", ""iii - vi"", ""iv - I"", ""iv - III"", ""iv - V"", ""iv - VII"", ""iv - fiv"", ""iv - i"", ""iv - ii"", ""v - II"", ""v - III"", ""v - IV"", ""v - V"", ""v - VI"", ""v - fv"", ""v - i"", ""v - v"", ""vi - I"", ""vi - V"", ""vi - fvi"", ""vi - ii"", ""vi - iv"", ""vi - vi"", ""vii - I"", ""vii - fvii"", ""vii - i"", ""vii7 - I"", ""vii7 - fvii7"", ""vii7 - i""]"	"[""vi - V"", ""V7 - VI"", ""VII - iv"", ""III - VI"", ""VII - i"", ""V7 - I"", ""ii - IV"", ""i - IV"", ""iv - VII"", ""v - v"", ""vi - ii"", ""i - I"", ""V7 - fV7"", ""VII - IV"", ""iii - fiii"", ""ii - V"", ""v - IV"", ""I - i"", ""III - III"", ""ii - iv"", ""i - III"", ""VII - VII"", ""ii - fii"", ""VII - ii"", ""VII - III"", ""VI - V"", ""iv - III"", ""i - VI"", ""i - VII"", ""V - vi"", ""iv - fiv"", ""IV - ii"", ""i - fi"", ""iv - V"", ""IV - V"", ""IV - VII"", ""vii - fvii"", ""iv - I"", ""ii - v"", ""vii - i"", ""vi - fvi"", ""V - I"", ""V - fV"", ""I - I"", ""V - i"", ""IV - i"", ""ii - vi"", ""V - v"", ""v - II"", ""i - V"", ""VI - ii"", ""vi - iv"", ""vi - vi"", ""v - III"", ""v - i"", ""I - fI"", ""ii7 - V"", ""III - iv"", ""iv - ii"", ""III - IV"", ""ii7 - fii7"", ""i - i"", ""III - fIII"", ""IV - I"", ""V - V"", ""V7 - i"", ""VI - VII"", ""v - V"", ""III - VII"", ""iii - vi"", ""VI - fVI"", ""iv - i"", ""vii7 - I"", ""vii - I"", ""i - iv"", ""I - V"", ""V - iv"", ""II - v"", ""vii7 - i"", ""vii7 - fvii7"", ""I - vi"", ""VI - III"", ""v - VI"", ""IV - fIV"", ""I - v"", ""ii - III"", ""ii - V7"", ""I - IV"", ""V7 - vi"", ""v - fv"", ""vi - I"", ""V - IV"", ""V - VI"", ""VI - iv"", ""VII - v""]"	visual	visual.short.png	data/chorale-bricks/Crueger_AufAufMeinHerzMitFreuden/visual.short.png	none of the other options is correct	"[""none of the other options is correct"", ""vi - V"", ""V7 - VI"", ""VII - iv"", ""III - VI""]"	0.2	1	"[""A"", ""B"", ""C"", ""D"", ""E""]"	"{""A"": ""III - VI"", ""B"": ""V7 - VI"", ""C"": ""none of the other options is correct"", ""D"": ""vi - V"", ""E"": ""VII - iv""}"	"[""(A) III - VI"", ""(B) V7 - VI"", ""(C) none of the other options is correct"", ""(D) vi - V"", ""(E) VII - iv""]"	(C) none of the other options is correct	C
