item_id	meta-question_id	perception	category	rel/abs	specification	subcategory	simul/seq	skill	text_with_wildcards	question_keys	method_for_ground_truth_extraction	requires	ontology_key	values	question	piece_id	dataset	name	path	ground_truth	distractor_pool	sorted_distractors	modality	submodality	path_to_question_context_file	final_correct_option	final_options	random_guess_performance_accuracy	is_nota_correct	all_choices	index2ans	labeled_final_options	labeled_final_correct_option	label_of_final_correct_option
92dc1357-1c64-5a72-b299-7e5920714a2a	1	perception	pitch	absolute	pitch-absolute	pitch-recognition		pitch recognition	What is the pitch name of the {target_index} {voice} note in the provided excerpt?	"[""target_index"", ""voice""]"	get_nth_note	symbolic.musicxml	pitch	"{""target_index"": ""38th"", ""voice"": ""soprano""}"	What is the pitch name of the 38th soprano note in the provided excerpt?	Gesius_BefiehlDuDeineWege	chorale-bricks	Gesius_BefiehlDuDeineWege	data/chorale-bricks/Gesius_BefiehlDuDeineWege	E	"[""A"", ""B"", ""C"", ""C sharp"", ""D"", ""F"", ""G"", ""G sharp""]"	"[""A"", ""G sharp"", ""B"", ""C"", ""F"", ""C sharp"", ""D"", ""G""]"	audio	audio.mastermix.wav	data/chorale-bricks/Gesius_BefiehlDuDeineWege/audio.mastermix.wav	E	"[""E"", ""none of the other options is correct"", ""A"", ""G sharp"", ""B""]"	0.2	0	"[""A"", ""B"", ""C"", ""D"", ""E""]"	"{""A"": ""A"", ""B"": ""none of the other options is correct"", ""C"": ""G sharp"", ""D"": ""B"", ""E"": ""E""}"	"[""(A) A"", ""(B) none of the other options is correct"", ""(C) G sharp"", ""(D) B"", ""(E) E""]"	(E) E	E
2f1a83c9-fc5b-56c6-bc61-9115b67c703f	1	perception	pitch	absolute	pitch-absolute	pitch-recognition		pitch recognition	What is the pitch name of the {target_index} {voice} note in the provided excerpt?	"[""target_index"", ""voice""]"	get_nth_note	symbolic.musicxml	pitch	"{""target_index"": ""38th"", ""voice"": ""soprano""}"	What is the pitch name of the 38th soprano note in the provided excerpt?	Gesius_BefiehlDuDeineWege	chorale-bricks	Gesius_BefiehlDuDeineWege	data/chorale-bricks/Gesius_BefiehlDuDeineWege	E	"[""A"", ""B"", ""C"", ""C sharp"", ""D"", ""F"", ""G"", ""G sharp""]"	"[""A"", ""G sharp"", ""B"", ""C"", ""F"", ""C sharp"", ""D"", ""G""]"	symbolic	symbolic.abc.txt	data/chorale-bricks/Gesius_BefiehlDuDeineWege/symbolic.abc.txt	E	"[""E"", ""none of the other options is correct"", ""A"", ""G sharp"", ""B""]"	0.2	0	"[""A"", ""B"", ""C"", ""D"", ""E""]"	"{""A"": ""A"", ""B"": ""E"", ""C"": ""B"", ""D"": ""none of the other options is correct"", ""E"": ""G sharp""}"	"[""(A) A"", ""(B) E"", ""(C) B"", ""(D) none of the other options is correct"", ""(E) G sharp""]"	(B) E	B
59c00410-c9d3-531b-bf61-38de6569a3e8	1	perception	pitch	absolute	pitch-absolute	pitch-recognition		pitch recognition	What is the pitch name of the {target_index} {voice} note in the provided excerpt?	"[""target_index"", ""voice""]"	get_nth_note	symbolic.musicxml	pitch	"{""target_index"": ""38th"", ""voice"": ""soprano""}"	What is the pitch name of the 38th soprano note in the provided excerpt?	Gesius_BefiehlDuDeineWege	chorale-bricks	Gesius_BefiehlDuDeineWege	data/chorale-bricks/Gesius_BefiehlDuDeineWege	E	"[""A"", ""B"", ""C"", ""C sharp"", ""D"", ""F"", ""G"", ""G sharp""]"	"[""A"", ""G sharp"", ""B"", ""C"", ""F"", ""C sharp"", ""D"", ""G""]"	visual	visual.short.png	data/chorale-bricks/Gesius_BefiehlDuDeineWege/visual.short.png	none of the other options is correct	"[""none of the other options is correct"", ""A"", ""G sharp"", ""B"", ""C""]"	0.2	1	"[""A"", ""B"", ""C"", ""D"", ""E""]"	"{""A"": ""C"", ""B"": ""A"", ""C"": ""none of the other options is correct"", ""D"": ""B"", ""E"": ""G sharp""}"	"[""(A) C"", ""(B) A"", ""(C) none of the other options is correct"", ""(D) B"", ""(E) G sharp""]"	(C) none of the other options is correct	C
6f741f95-c711-528f-ba43-f6b564ed01e1	1	perception	pitch	absolute	pitch-absolute	pitch-recognition		pitch recognition	What is the pitch name of the {target_index} {voice} note in the provided excerpt?	"[""target_index"", ""voice""]"	get_nth_note	symbolic.musicxml	pitch	"{""target_index"": ""35th"", ""voice"": ""tenor""}"	What is the pitch name of the 35th tenor note in the provided excerpt?	Jan_DuGrosserSchmerzensmann	chorale-bricks	Jan_DuGrosserSchmerzensmann	data/chorale-bricks/Jan_DuGrosserSchmerzensmann	F sharp	"[""A"", ""B"", ""C"", ""C sharp"", ""D"", ""D sharp"", ""E"", ""G""]"	"[""A"", ""B"", ""D"", ""D sharp"", ""G"", ""C sharp"", ""E"", ""C""]"	audio	audio.mastermix.wav	data/chorale-bricks/Jan_DuGrosserSchmerzensmann/audio.mastermix.wav	F sharp	"[""F sharp"", ""none of the other options is correct"", ""A"", ""B"", ""D""]"	0.2	0	"[""A"", ""B"", ""C"", ""D"", ""E""]"	"{""A"": ""A"", ""B"": ""F sharp"", ""C"": ""D"", ""D"": ""none of the other options is correct"", ""E"": ""B""}"	"[""(A) A"", ""(B) F sharp"", ""(C) D"", ""(D) none of the other options is correct"", ""(E) B""]"	(B) F sharp	B
6bd0bc17-88d2-5b6a-89e4-cadbacf8d7c0	1	perception	pitch	absolute	pitch-absolute	pitch-recognition		pitch recognition	What is the pitch name of the {target_index} {voice} note in the provided excerpt?	"[""target_index"", ""voice""]"	get_nth_note	symbolic.musicxml	pitch	"{""target_index"": ""35th"", ""voice"": ""tenor""}"	What is the pitch name of the 35th tenor note in the provided excerpt?	Jan_DuGrosserSchmerzensmann	chorale-bricks	Jan_DuGrosserSchmerzensmann	data/chorale-bricks/Jan_DuGrosserSchmerzensmann	F sharp	"[""A"", ""B"", ""C"", ""C sharp"", ""D"", ""D sharp"", ""E"", ""G""]"	"[""A"", ""B"", ""D"", ""D sharp"", ""G"", ""C sharp"", ""E"", ""C""]"	symbolic	symbolic.abc.txt	data/chorale-bricks/Jan_DuGrosserSchmerzensmann/symbolic.abc.txt	F sharp	"[""F sharp"", ""none of the other options is correct"", ""A"", ""B"", ""D""]"	0.2	0	"[""A"", ""B"", ""C"", ""D"", ""E""]"	"{""A"": ""A"", ""B"": ""B"", ""C"": ""none of the other options is correct"", ""D"": ""D"", ""E"": ""F sharp""}"	"[""(A) A"", ""(B) B"", ""(C) none of the other options is correct"", ""(D) D"", ""(E) F sharp""]"	(E) F sharp	E
d446c209-b351-508c-98ad-ca3504260bcf	1	perception	pitch	absolute	pitch-absolute	pitch-recognition		pitch recognition	What is the pitch name of the {target_index} {voice} note in the provided excerpt?	"[""target_index"", ""voice""]"	get_nth_note	symbolic.musicxml	pitch	"{""target_index"": ""35th"", ""voice"": ""tenor""}"	What is the pitch name of the 35th tenor note in the provided excerpt?	Jan_DuGrosserSchmerzensmann	chorale-bricks	Jan_DuGrosserSchmerzensmann	data/chorale-bricks/Jan_DuGrosserSchmerzensmann	F sharp	"[""A"", ""B"", ""C"", ""C sharp"", ""D"", ""D sharp"", ""E"", ""G""]"	"[""A"", ""B"", ""D"", ""D sharp"", ""G"", ""C sharp"", ""E"", ""C""]"	visual	visual.short.png	data/chorale-bricks/Jan_DuGrosserSchmerzensmann/visual.short.png	F sharp	"[""F sharp"", ""none of the other options is correct"", ""A"", ""B"", ""D""]"	0.2	0	"[""A"", ""B"", ""C"", ""D"", ""E""]"	"{""A"": ""B"", ""B"": ""F sharp"", ""C"": ""D"", ""D"": ""none of the other options is correct"", ""E"": ""A""}"	"[""(A) B"", ""(B) F sharp"", ""(C) D"", ""(D) none of the other options is correct"", ""(E) A""]"	(B) F sharp	B
43f354b9-f16c-5171-b52c-4ca54891741e	1	perception	pitch	absolute	pitch-absolute	pitch-recognition		pitch recognition	What is the pitch name of the {target_index} {voice} note in the provided excerpt?	"[""target_index"", ""voice""]"	get_nth_note	symbolic.musicxml	pitch	"{""target_index"": ""49th"", ""voice"": ""bass""}"	What is the pitch name of the 49th bass note in the provided excerpt?	Gesius_BefiehlDuDeineWege	chorale-bricks	Gesius_BefiehlDuDeineWege	data/chorale-bricks/Gesius_BefiehlDuDeineWege	C sharp	"[""A"", ""B"", ""C"", ""D"", ""E"", ""F"", ""G"", ""G sharp""]"	"[""F"", ""E"", ""C"", ""D"", ""A"", ""G sharp"", ""G"", ""B""]"	audio	audio.mastermix.wav	data/chorale-bricks/Gesius_BefiehlDuDeineWege/audio.mastermix.wav	C sharp	"[""C sharp"", ""none of the other options is correct"", ""F"", ""E"", ""C""]"	0.2	0	"[""A"", ""B"", ""C"", ""D"", ""E""]"	"{""A"": ""C sharp"", ""B"": ""E"", ""C"": ""none of the other options is correct"", ""D"": ""C"", ""E"": ""F""}"	"[""(A) C sharp"", ""(B) E"", ""(C) none of the other options is correct"", ""(D) C"", ""(E) F""]"	(A) C sharp	A
8751d3f2-e5c5-5593-abbd-02e95f2ca350	1	perception	pitch	absolute	pitch-absolute	pitch-recognition		pitch recognition	What is the pitch name of the {target_index} {voice} note in the provided excerpt?	"[""target_index"", ""voice""]"	get_nth_note	symbolic.musicxml	pitch	"{""target_index"": ""49th"", ""voice"": ""bass""}"	What is the pitch name of the 49th bass note in the provided excerpt?	Gesius_BefiehlDuDeineWege	chorale-bricks	Gesius_BefiehlDuDeineWege	data/chorale-bricks/Gesius_BefiehlDuDeineWege	C sharp	"[""A"", ""B"", ""C"", ""D"", ""E"", ""F"", ""G"", ""G sharp""]"	"[""F"", ""E"", ""C"", ""D"", ""A"", ""G sharp"", ""G"", ""B""]"	symbolic	symbolic.abc.txt	data/chorale-bricks/Gesius_BefiehlDuDeineWege/symbolic.abc.txt	C sharp	"[""C sharp"", ""none of the other options is correct"", ""F"", ""E"", ""C""]"	0.2	0	"[""A"", ""B"", ""C"", ""D"", ""E""]"	"{""A"": ""E"", ""B"": ""C sharp"", ""C"": ""F"", ""D"": ""C"", ""E"": ""none of the other options is correct""}"	"[""(A) E"", ""(B) C sharp"", ""(C) F"", ""(D) C"", ""(E) none of the other options is correct""]"	(B) C sharp	B
59fc8fae-9ebb-5657-aaf5-a9930488e6d6	1	perception	pitch	absolute	pitch-absolute	pitch-recognition		pitch recognition	What is the pitch name of the {target_index} {voice} note in the provided excerpt?	"[""target_index"", ""voice""]"	get_nth_note	symbolic.musicxml	pitch	"{""target_index"": ""49th"", ""voice"": ""bass""}"	What is the pitch name of the 49th bass note in the provided excerpt?	Gesius_BefiehlDuDeineWege	chorale-bricks	Gesius_BefiehlDuDeineWege	data/chorale-bricks/Gesius_BefiehlDuDeineWege	C sharp	"[""A"", ""B"", ""C"", ""D"", ""E"", ""F"", ""G"", ""G sharp""]"	"[""F"", ""E"", ""C"", ""D"", ""A"", ""G sharp"", ""G"", ""B""]"	visual	visual.short.png	data/chorale-bricks/Gesius_BefiehlDuDeineWege/visual.short.png	none of the other options is correct	"[""none of the other options is correct"", ""F"", ""E"", ""C"", ""D""]"	0.2	1	"[""A"", ""B"", ""C"", ""D"", ""E""]"	"{""A"": ""F"", ""B"": ""C"", ""C"": ""E"", ""D"": ""D"", ""E"": ""none of the other options is correct""}"	"[""(A) F"", ""(B) C"", ""(C) E"", ""(D) D"", ""(E) none of the other options is correct""]"	(E) none of the other options is correct	E
406dfc96-e563-587e-af29-379b4611d06f	1	perception	pitch	absolute	pitch-absolute	pitch-recognition		pitch recognition	What is the pitch name of the {target_index} {voice} note in the provided excerpt?	"[""target_index"", ""voice""]"	get_nth_note	symbolic.musicxml	pitch	"{""target_index"": ""19th"", ""voice"": ""tenor""}"	What is the pitch name of the 19th tenor note in the provided excerpt?	Telemann_DerLiebenSonneLichtUndPracht	chorale-bricks	Telemann_DerLiebenSonneLichtUndPracht	data/chorale-bricks/Telemann_DerLiebenSonneLichtUndPracht	B	"[""A"", ""C"", ""C sharp"", ""D"", ""D sharp"", ""E"", ""F sharp"", ""G""]"	"[""E"", ""D"", ""D sharp"", ""G"", ""C sharp"", ""C"", ""F sharp"", ""A""]"	audio	audio.mastermix.wav	data/chorale-bricks/Telemann_DerLiebenSonneLichtUndPracht/audio.mastermix.wav	B	"[""B"", ""none of the other options is correct"", ""E"", ""D"", ""D sharp""]"	0.2	0	"[""A"", ""B"", ""C"", ""D"", ""E""]"	"{""A"": ""E"", ""B"": ""none of the other options is correct"", ""C"": ""D"", ""D"": ""D sharp"", ""E"": ""B""}"	"[""(A) E"", ""(B) none of the other options is correct"", ""(C) D"", ""(D) D sharp"", ""(E) B""]"	(E) B	E
f9507a8d-4402-5522-85fc-66afe244fbdf	1	perception	pitch	absolute	pitch-absolute	pitch-recognition		pitch recognition	What is the pitch name of the {target_index} {voice} note in the provided excerpt?	"[""target_index"", ""voice""]"	get_nth_note	symbolic.musicxml	pitch	"{""target_index"": ""19th"", ""voice"": ""tenor""}"	What is the pitch name of the 19th tenor note in the provided excerpt?	Telemann_DerLiebenSonneLichtUndPracht	chorale-bricks	Telemann_DerLiebenSonneLichtUndPracht	data/chorale-bricks/Telemann_DerLiebenSonneLichtUndPracht	B	"[""A"", ""C"", ""C sharp"", ""D"", ""D sharp"", ""E"", ""F sharp"", ""G""]"	"[""E"", ""D"", ""D sharp"", ""G"", ""C sharp"", ""C"", ""F sharp"", ""A""]"	symbolic	symbolic.abc.txt	data/chorale-bricks/Telemann_DerLiebenSonneLichtUndPracht/symbolic.abc.txt	B	"[""B"", ""none of the other options is correct"", ""E"", ""D"", ""D sharp""]"	0.2	0	"[""A"", ""B"", ""C"", ""D"", ""E""]"	"{""A"": ""E"", ""B"": ""D sharp"", ""C"": ""B"", ""D"": ""D"", ""E"": ""none of the other options is correct""}"	"[""(A) E"", ""(B) D sharp"", ""(C) B"", ""(D) D"", ""(E) none of the other options is correct""]"	(C) B	C
154e1e98-a0b4-585a-8308-3097e02dd5da	1	perception	pitch	absolute	pitch-absolute	pitch-recognition		pitch recognition	What is the pitch name of the {target_index} {voice} note in the provided excerpt?	"[""target_index"", ""voice""]"	get_nth_note	symbolic.musicxml	pitch	"{""target_index"": ""19th"", ""voice"": ""tenor""}"	What is the pitch name of the 19th tenor note in the provided excerpt?	Telemann_DerLiebenSonneLichtUndPracht	chorale-bricks	Telemann_DerLiebenSonneLichtUndPracht	data/chorale-bricks/Telemann_DerLiebenSonneLichtUndPracht	B	"[""A"", ""C"", ""C sharp"", ""D"", ""D sharp"", ""E"", ""F sharp"", ""G""]"	"[""E"", ""D"", ""D sharp"", ""G"", ""C sharp"", ""C"", ""F sharp"", ""A""]"	visual	visual.short.png	data/chorale-bricks/Telemann_DerLiebenSonneLichtUndPracht/visual.short.png	none of the other options is correct	"[""none of the other options is correct"", ""E"", ""D"", ""D sharp"", ""G""]"	0.2	1	"[""A"", ""B"", ""C"", ""D"", ""E""]"	"{""A"": ""E"", ""B"": ""G"", ""C"": ""D sharp"", ""D"": ""none of the other options is correct"", ""E"": ""D""}"	"[""(A) E"", ""(B) G"", ""(C) D sharp"", ""(D) none of the other options is correct"", ""(E) D""]"	(D) none of the other options is correct	D
bbdffb8c-ea15-55f9-81a1-d2225c15d642	1	perception	pitch	absolute	pitch-absolute	pitch-recognition		pitch recognition	What is the pitch name of the {target_index} {voice} note in the provided excerpt?	"[""target_index"", ""voice""]"	get_nth_note	symbolic.musicxml	pitch	"{""target_index"": ""1st"", ""voice"": ""alto""}"	What is the pitch name of the 1st alto note in the provided excerpt?	Gesius_BefiehlDuDeineWege	chorale-bricks	Gesius_BefiehlDuDeineWege	data/chorale-bricks/Gesius_BefiehlDuDeineWege	A	"[""B"", ""C"", ""C sharp"", ""D"", ""E"", ""F"", ""G"", ""G sharp""]"	"[""D"", ""C"", ""F"", ""C sharp"", ""G"", ""B"", ""G sharp"", ""E""]"	audio	audio.mastermix.wav	data/chorale-bricks/Gesius_BefiehlDuDeineWege/audio.mastermix.wav	A	"[""A"", ""none of the other options is correct"", ""D"", ""C"", ""F""]"	0.2	0	"[""A"", ""B"", ""C"", ""D"", ""E""]"	"{""A"": ""F"", ""B"": ""A"", ""C"": ""none of the other options is correct"", ""D"": ""C"", ""E"": ""D""}"	"[""(A) F"", ""(B) A"", ""(C) none of the other options is correct"", ""(D) C"", ""(E) D""]"	(B) A	B
7d32f417-ed1a-5745-b164-2c8718a32078	1	perception	pitch	absolute	pitch-absolute	pitch-recognition		pitch recognition	What is the pitch name of the {target_index} {voice} note in the provided excerpt?	"[""target_index"", ""voice""]"	get_nth_note	symbolic.musicxml	pitch	"{""target_index"": ""1st"", ""voice"": ""alto""}"	What is the pitch name of the 1st alto note in the provided excerpt?	Gesius_BefiehlDuDeineWege	chorale-bricks	Gesius_BefiehlDuDeineWege	data/chorale-bricks/Gesius_BefiehlDuDeineWege	A	"[""B"", ""C"", ""C sharp"", ""D"", ""E"", ""F"", ""G"", ""G sharp""]"	"[""D"", ""C"", ""F"", ""C sharp"", ""G"", ""B"", ""G sharp"", ""E""]"	symbolic	symbolic.abc.txt	data/chorale-bricks/Gesius_BefiehlDuDeineWege/symbolic.abc.txt	A	"[""A"", ""none of the other options is correct"", ""D"", ""C"", ""F""]"	0.2	0	"[""A"", ""B"", ""C"", ""D"", ""E""]"	"{""A"": ""A"", ""B"": ""C"", ""C"": ""F"", ""D"": ""D"", ""E"": ""none of the other options is correct""}"	"[""(A) A"", ""(B) C"", ""(C) F"", ""(D) D"", ""(E) none of the other options is correct""]"	(A) A	A
72754a20-b3d7-5d70-acdc-5a1426d76426	1	perception	pitch	absolute	pitch-absolute	pitch-recognition		pitch recognition	What is the pitch name of the {target_index} {voice} note in the provided excerpt?	"[""target_index"", ""voice""]"	get_nth_note	symbolic.musicxml	pitch	"{""target_index"": ""1st"", ""voice"": ""alto""}"	What is the pitch name of the 1st alto note in the provided excerpt?	Gesius_BefiehlDuDeineWege	chorale-bricks	Gesius_BefiehlDuDeineWege	data/chorale-bricks/Gesius_BefiehlDuDeineWege	A	"[""B"", ""C"", ""C sharp"", ""D"", ""E"", ""F"", ""G"", ""G sharp""]"	"[""D"", ""C"", ""F"", ""C sharp"", ""G"", ""B"", ""G sharp"", ""E""]"	visual	visual.short.png	data/chorale-bricks/Gesius_BefiehlDuDeineWege/visual.short.png	none of the other options is correct	"[""none of the other options is correct"", ""D"", ""C"", ""F"", ""C sharp""]"	0.2	1	"[""A"", ""B"", ""C"", ""D"", ""E""]"	"{""A"": ""F"", ""B"": ""D"", ""C"": ""none of the other options is correct"", ""D"": ""C sharp"", ""E"": ""C""}"	"[""(A) F"", ""(B) D"", ""(C) none of the other options is correct"", ""(D) C sharp"", ""(E) C""]"	(C) none of the other options is correct	C
06d86574-1472-57c2-aa31-b34fae8a92cc	1	perception	pitch	absolute	pitch-absolute	pitch-recognition		pitch recognition	What is the pitch name of the {target_index} {voice} note in the provided excerpt?	"[""target_index"", ""voice""]"	get_nth_note	symbolic.musicxml	pitch	"{""target_index"": ""19th"", ""voice"": ""tenor""}"	What is the pitch name of the 19th tenor note in the provided excerpt?	Vulpius_DieHelleSonnLeuchtJetztHerfuer	chorale-bricks	Vulpius_DieHelleSonnLeuchtJetztHerfuer	data/chorale-bricks/Vulpius_DieHelleSonnLeuchtJetztHerfuer	F sharp	"[""A"", ""A sharp"", ""B"", ""C sharp"", ""D"", ""E"", ""G"", ""G sharp""]"	"[""A sharp"", ""C sharp"", ""A"", ""E"", ""D"", ""G sharp"", ""G"", ""B""]"	audio	audio.mastermix.wav	data/chorale-bricks/Vulpius_DieHelleSonnLeuchtJetztHerfuer/audio.mastermix.wav	F sharp	"[""F sharp"", ""none of the other options is correct"", ""A sharp"", ""C sharp"", ""A""]"	0.2	0	"[""A"", ""B"", ""C"", ""D"", ""E""]"	"{""A"": ""A"", ""B"": ""A sharp"", ""C"": ""none of the other options is correct"", ""D"": ""F sharp"", ""E"": ""C sharp""}"	"[""(A) A"", ""(B) A sharp"", ""(C) none of the other options is correct"", ""(D) F sharp"", ""(E) C sharp""]"	(D) F sharp	D
e4f0dbc0-21f1-556f-a274-33f2ede2948d	1	perception	pitch	absolute	pitch-absolute	pitch-recognition		pitch recognition	What is the pitch name of the {target_index} {voice} note in the provided excerpt?	"[""target_index"", ""voice""]"	get_nth_note	symbolic.musicxml	pitch	"{""target_index"": ""19th"", ""voice"": ""tenor""}"	What is the pitch name of the 19th tenor note in the provided excerpt?	Vulpius_DieHelleSonnLeuchtJetztHerfuer	chorale-bricks	Vulpius_DieHelleSonnLeuchtJetztHerfuer	data/chorale-bricks/Vulpius_DieHelleSonnLeuchtJetztHerfuer	F sharp	"[""A"", ""A sharp"", ""B"", ""C sharp"", ""D"", ""E"", ""G"", ""G sharp""]"	"[""A sharp"", ""C sharp"", ""A"", ""E"", ""D"", ""G sharp"", ""G"", ""B""]"	symbolic	symbolic.abc.txt	data/chorale-bricks/Vulpius_DieHelleSonnLeuchtJetztHerfuer/symbolic.abc.txt	F sharp	"[""F sharp"", ""none of the other options is correct"", ""A sharp"", ""C sharp"", ""A""]"	0.2	0	"[""A"", ""B"", ""C"", ""D"", ""E""]"	"{""A"": ""A sharp"", ""B"": ""F sharp"", ""C"": ""C sharp"", ""D"": ""A"", ""E"": ""none of the other options is correct""}"	"[""(A) A sharp"", ""(B) F sharp"", ""(C) C sharp"", ""(D) A"", ""(E) none of the other options is correct""]"	(B) F sharp	B
f693cf59-fc98-5f8b-8d4c-5b9e6e5092b9	1	perception	pitch	absolute	pitch-absolute	pitch-recognition		pitch recognition	What is the pitch name of the {target_index} {voice} note in the provided excerpt?	"[""target_index"", ""voice""]"	get_nth_note	symbolic.musicxml	pitch	"{""target_index"": ""19th"", ""voice"": ""tenor""}"	What is the pitch name of the 19th tenor note in the provided excerpt?	Vulpius_DieHelleSonnLeuchtJetztHerfuer	chorale-bricks	Vulpius_DieHelleSonnLeuchtJetztHerfuer	data/chorale-bricks/Vulpius_DieHelleSonnLeuchtJetztHerfuer	F sharp	"[""A"", ""A sharp"", ""B"", ""C sharp"", ""D"", ""E"", ""G"", ""G sharp""]"	"[""A sharp"", ""C sharp"", ""A"", ""E"", ""D"", ""G sharp"", ""G"", ""B""]"	visual	visual.short.png	data/chorale-bricks/Vulpius_DieHelleSonnLeuchtJetztHerfuer/visual.short.png	F sharp	"[""F sharp"", ""none of the other options is correct"", ""A sharp"", ""C sharp"", ""A""]"	0.2	0	"[""A"", ""B"", ""C"", ""D"", ""E""]"	"{""A"": ""none of the other options is correct"", ""B"": ""F sharp"", ""C"": ""A"", ""D"": ""C sharp"", ""E"": ""A sharp""}"	"[""(A) none of the other options is correct"", ""(B) F sharp"", ""(C) A"", ""(D) C sharp"", ""(E) A sharp""]"	(B) F sharp	B
fd6c68fb-45d9-57fc-b38e-757a29584df4	1	perception	pitch	absolute	pitch-absolute	pitch-recognition		pitch recognition	What is the pitch name of the {target_index} {voice} note in the provided excerpt?	"[""target_index"", ""voice""]"	get_nth_note	symbolic.musicxml	pitch	"{""target_index"": ""8th"", ""voice"": ""tenor""}"	What is the pitch name of the 8th tenor note in the provided excerpt?	Vulpius_DieHelleSonnLeuchtJetztHerfuer	chorale-bricks	Vulpius_DieHelleSonnLeuchtJetztHerfuer	data/chorale-bricks/Vulpius_DieHelleSonnLeuchtJetztHerfuer	A	"[""A sharp"", ""B"", ""C sharp"", ""D"", ""E"", ""F sharp"", ""G"", ""G sharp""]"	"[""C sharp"", ""B"", ""E"", ""G"", ""D"", ""G sharp"", ""F sharp"", ""A sharp""]"	audio	audio.mastermix.wav	data/chorale-bricks/Vulpius_DieHelleSonnLeuchtJetztHerfuer/audio.mastermix.wav	A	"[""A"", ""none of the other options is correct"", ""C sharp"", ""B"", ""E""]"	0.2	0	"[""A"", ""B"", ""C"", ""D"", ""E""]"	"{""A"": ""A"", ""B"": ""B"", ""C"": ""none of the other options is correct"", ""D"": ""E"", ""E"": ""C sharp""}"	"[""(A) A"", ""(B) B"", ""(C) none of the other options is correct"", ""(D) E"", ""(E) C sharp""]"	(A) A	A
b6a48e0c-15cb-5551-bef1-909339ef9cad	1	perception	pitch	absolute	pitch-absolute	pitch-recognition		pitch recognition	What is the pitch name of the {target_index} {voice} note in the provided excerpt?	"[""target_index"", ""voice""]"	get_nth_note	symbolic.musicxml	pitch	"{""target_index"": ""8th"", ""voice"": ""tenor""}"	What is the pitch name of the 8th tenor note in the provided excerpt?	Vulpius_DieHelleSonnLeuchtJetztHerfuer	chorale-bricks	Vulpius_DieHelleSonnLeuchtJetztHerfuer	data/chorale-bricks/Vulpius_DieHelleSonnLeuchtJetztHerfuer	A	"[""A sharp"", ""B"", ""C sharp"", ""D"", ""E"", ""F sharp"", ""G"", ""G sharp""]"	"[""C sharp"", ""B"", ""E"", ""G"", ""D"", ""G sharp"", ""F sharp"", ""A sharp""]"	symbolic	symbolic.abc.txt	data/chorale-bricks/Vulpius_DieHelleSonnLeuchtJetztHerfuer/symbolic.abc.txt	A	"[""A"", ""none of the other options is correct"", ""C sharp"", ""B"", ""E""]"	0.2	0	"[""A"", ""B"", ""C"", ""D"", ""E""]"	"{""A"": ""E"", ""B"": ""C sharp"", ""C"": ""B"", ""D"": ""A"", ""E"": ""none of the other options is correct""}"	"[""(A) E"", ""(B) C sharp"", ""(C) B"", ""(D) A"", ""(E) none of the other options is correct""]"	(D) A	D
ca592ef9-13f3-5a27-8a51-f7214e91d19d	1	perception	pitch	absolute	pitch-absolute	pitch-recognition		pitch recognition	What is the pitch name of the {target_index} {voice} note in the provided excerpt?	"[""target_index"", ""voice""]"	get_nth_note	symbolic.musicxml	pitch	"{""target_index"": ""8th"", ""voice"": ""tenor""}"	What is the pitch name of the 8th tenor note in the provided excerpt?	Vulpius_DieHelleSonnLeuchtJetztHerfuer	chorale-bricks	Vulpius_DieHelleSonnLeuchtJetztHerfuer	data/chorale-bricks/Vulpius_DieHelleSonnLeuchtJetztHerfuer	A	"[""A sharp"", ""B"", ""C sharp"", ""D"", ""E"", ""F sharp"", ""G"", ""G sharp""]"	"[""C sharp"", ""B"", ""E"", ""G"", ""D"", ""G sharp"", ""F sharp"", ""A sharp""]"	visual	visual.short.png	data/chorale-bricks/Vulpius_DieHelleSonnLeuchtJetztHerfuer/visual.short.png	A	"[""A"", ""none of the other options is correct"", ""C sharp"", ""B"", ""E""]"	0.2	0	"[""A"", ""B"", ""C"", ""D"", ""E""]"	"{""A"": ""E"", ""B"": ""C sharp"", ""C"": ""A"", ""D"": ""none of the other options is correct"", ""E"": ""B""}"	"[""(A) E"", ""(B) C sharp"", ""(C) A"", ""(D) none of the other options is correct"", ""(E) B""]"	(C) A	C
f99f15f7-052c-58be-a096-58dc06106206	1	perception	pitch	absolute	pitch-absolute	pitch-recognition		pitch recognition	What is the pitch name of the {target_index} {voice} note in the provided excerpt?	"[""target_index"", ""voice""]"	get_nth_note	symbolic.musicxml	pitch	"{""target_index"": ""36th"", ""voice"": ""alto""}"	What is the pitch name of the 36th alto note in the provided excerpt?	Gesius_BefiehlDuDeineWege	chorale-bricks	Gesius_BefiehlDuDeineWege	data/chorale-bricks/Gesius_BefiehlDuDeineWege	D	"[""A"", ""B"", ""C"", ""C sharp"", ""E"", ""F"", ""G"", ""G sharp""]"	"[""G"", ""B"", ""C sharp"", ""G sharp"", ""F"", ""C"", ""E"", ""A""]"	audio	audio.mastermix.wav	data/chorale-bricks/Gesius_BefiehlDuDeineWege/audio.mastermix.wav	D	"[""D"", ""none of the other options is correct"", ""G"", ""B"", ""C sharp""]"	0.2	0	"[""A"", ""B"", ""C"", ""D"", ""E""]"	"{""A"": ""C sharp"", ""B"": ""none of the other options is correct"", ""C"": ""G"", ""D"": ""D"", ""E"": ""B""}"	"[""(A) C sharp"", ""(B) none of the other options is correct"", ""(C) G"", ""(D) D"", ""(E) B""]"	(D) D	D
8253541c-58a1-588a-ae6a-28a214553b46	1	perception	pitch	absolute	pitch-absolute	pitch-recognition		pitch recognition	What is the pitch name of the {target_index} {voice} note in the provided excerpt?	"[""target_index"", ""voice""]"	get_nth_note	symbolic.musicxml	pitch	"{""target_index"": ""36th"", ""voice"": ""alto""}"	What is the pitch name of the 36th alto note in the provided excerpt?	Gesius_BefiehlDuDeineWege	chorale-bricks	Gesius_BefiehlDuDeineWege	data/chorale-bricks/Gesius_BefiehlDuDeineWege	D	"[""A"", ""B"", ""C"", ""C sharp"", ""E"", ""F"", ""G"", ""G sharp""]"	"[""G"", ""B"", ""C sharp"", ""G sharp"", ""F"", ""C"", ""E"", ""A""]"	symbolic	symbolic.abc.txt	data/chorale-bricks/Gesius_BefiehlDuDeineWege/symbolic.abc.txt	D	"[""D"", ""none of the other options is correct"", ""G"", ""B"", ""C sharp""]"	0.2	0	"[""A"", ""B"", ""C"", ""D"", ""E""]"	"{""A"": ""none of the other options is correct"", ""B"": ""B"", ""C"": ""G"", ""D"": ""C sharp"", ""E"": ""D""}"	"[""(A) none of the other options is correct"", ""(B) B"", ""(C) G"", ""(D) C sharp"", ""(E) D""]"	(E) D	E
93d23cb6-62e6-515a-be68-dd1eb79a841d	1	perception	pitch	absolute	pitch-absolute	pitch-recognition		pitch recognition	What is the pitch name of the {target_index} {voice} note in the provided excerpt?	"[""target_index"", ""voice""]"	get_nth_note	symbolic.musicxml	pitch	"{""target_index"": ""36th"", ""voice"": ""alto""}"	What is the pitch name of the 36th alto note in the provided excerpt?	Gesius_BefiehlDuDeineWege	chorale-bricks	Gesius_BefiehlDuDeineWege	data/chorale-bricks/Gesius_BefiehlDuDeineWege	D	"[""A"", ""B"", ""C"", ""C sharp"", ""E"", ""F"", ""G"", ""G sharp""]"	"[""G"", ""B"", ""C sharp"", ""G sharp"", ""F"", ""C"", ""E"", ""A""]"	visual	visual.short.png	data/chorale-bricks/Gesius_BefiehlDuDeineWege/visual.short.png	D	"[""D"", ""none of the other options is correct"", ""G"", ""B"", ""C sharp""]"	0.2	0	"[""A"", ""B"", ""C"", ""D"", ""E""]"	"{""A"": ""G"", ""B"": ""none of the other options is correct"", ""C"": ""B"", ""D"": ""D"", ""E"": ""C sharp""}"	"[""(A) G"", ""(B) none of the other options is correct"", ""(C) B"", ""(D) D"", ""(E) C sharp""]"	(D) D	D
beca1fb5-ec9d-5dc3-aed8-8399965618f6	1	perception	pitch	absolute	pitch-absolute	pitch-recognition		pitch recognition	What is the pitch name of the {target_index} {voice} note in the provided excerpt?	"[""target_index"", ""voice""]"	get_nth_note	symbolic.musicxml	pitch	"{""target_index"": ""34th"", ""voice"": ""alto""}"	What is the pitch name of the 34th alto note in the provided excerpt?	Bach_IchStehAnDeinerKrippe	chorale-bricks	Bach_IchStehAnDeinerKrippe	data/chorale-bricks/Bach_IchStehAnDeinerKrippe	G	"[""A"", ""A sharp"", ""B"", ""C sharp"", ""D"", ""D sharp"", ""E"", ""F sharp"", ""G sharp""]"	"[""D"", ""F sharp"", ""D sharp"", ""C sharp"", ""E"", ""G sharp"", ""A sharp"", ""B"", ""A""]"	audio	audio.mastermix.wav	data/chorale-bricks/Bach_IchStehAnDeinerKrippe/audio.mastermix.wav	G	"[""G"", ""none of the other options is correct"", ""D"", ""F sharp"", ""D sharp""]"	0.2	0	"[""A"", ""B"", ""C"", ""D"", ""E""]"	"{""A"": ""G"", ""B"": ""F sharp"", ""C"": ""D"", ""D"": ""none of the other options is correct"", ""E"": ""D sharp""}"	"[""(A) G"", ""(B) F sharp"", ""(C) D"", ""(D) none of the other options is correct"", ""(E) D sharp""]"	(A) G	A
e9ffb5cf-7368-573f-b40a-4b47152dafd8	1	perception	pitch	absolute	pitch-absolute	pitch-recognition		pitch recognition	What is the pitch name of the {target_index} {voice} note in the provided excerpt?	"[""target_index"", ""voice""]"	get_nth_note	symbolic.musicxml	pitch	"{""target_index"": ""34th"", ""voice"": ""alto""}"	What is the pitch name of the 34th alto note in the provided excerpt?	Bach_IchStehAnDeinerKrippe	chorale-bricks	Bach_IchStehAnDeinerKrippe	data/chorale-bricks/Bach_IchStehAnDeinerKrippe	G	"[""A"", ""A sharp"", ""B"", ""C sharp"", ""D"", ""D sharp"", ""E"", ""F sharp"", ""G sharp""]"	"[""D"", ""F sharp"", ""D sharp"", ""C sharp"", ""E"", ""G sharp"", ""A sharp"", ""B"", ""A""]"	symbolic	symbolic.abc.txt	data/chorale-bricks/Bach_IchStehAnDeinerKrippe/symbolic.abc.txt	G	"[""G"", ""none of the other options is correct"", ""D"", ""F sharp"", ""D sharp""]"	0.2	0	"[""A"", ""B"", ""C"", ""D"", ""E""]"	"{""A"": ""D"", ""B"": ""F sharp"", ""C"": ""G"", ""D"": ""D sharp"", ""E"": ""none of the other options is correct""}"	"[""(A) D"", ""(B) F sharp"", ""(C) G"", ""(D) D sharp"", ""(E) none of the other options is correct""]"	(C) G	C
f40f921e-a3f1-5451-8143-29a35756823b	1	perception	pitch	absolute	pitch-absolute	pitch-recognition		pitch recognition	What is the pitch name of the {target_index} {voice} note in the provided excerpt?	"[""target_index"", ""voice""]"	get_nth_note	symbolic.musicxml	pitch	"{""target_index"": ""34th"", ""voice"": ""alto""}"	What is the pitch name of the 34th alto note in the provided excerpt?	Bach_IchStehAnDeinerKrippe	chorale-bricks	Bach_IchStehAnDeinerKrippe	data/chorale-bricks/Bach_IchStehAnDeinerKrippe	G	"[""A"", ""A sharp"", ""B"", ""C sharp"", ""D"", ""D sharp"", ""E"", ""F sharp"", ""G sharp""]"	"[""D"", ""F sharp"", ""D sharp"", ""C sharp"", ""E"", ""G sharp"", ""A sharp"", ""B"", ""A""]"	visual	visual.short.png	data/chorale-bricks/Bach_IchStehAnDeinerKrippe/visual.short.png	none of the other options is correct	"[""none of the other options is correct"", ""D"", ""F sharp"", ""D sharp"", ""C sharp""]"	0.2	1	"[""A"", ""B"", ""C"", ""D"", ""E""]"	"{""A"": ""F sharp"", ""B"": ""D"", ""C"": ""C sharp"", ""D"": ""none of the other options is correct"", ""E"": ""D sharp""}"	"[""(A) F sharp"", ""(B) D"", ""(C) C sharp"", ""(D) none of the other options is correct"", ""(E) D sharp""]"	(D) none of the other options is correct	D
ae132f22-08d1-5e04-8405-bd43d7a2d570	1	perception	pitch	absolute	pitch-absolute	pitch-recognition		pitch recognition	What is the pitch name of the {target_index} {voice} note in the provided excerpt?	"[""target_index"", ""voice""]"	get_nth_note	symbolic.musicxml	pitch	"{""target_index"": ""18th"", ""voice"": ""bass""}"	What is the pitch name of the 18th bass note in the provided excerpt?	Anonymous_AusMeinesHerzensGrunde	chorale-bricks	Anonymous_AusMeinesHerzensGrunde	data/chorale-bricks/Anonymous_AusMeinesHerzensGrunde	F sharp	"[""A"", ""B"", ""C"", ""D"", ""D sharp"", ""E"", ""G""]"	"[""C"", ""G"", ""D sharp"", ""D"", ""A"", ""B"", ""E""]"	audio	audio.mastermix.wav	data/chorale-bricks/Anonymous_AusMeinesHerzensGrunde/audio.mastermix.wav	F sharp	"[""F sharp"", ""none of the other options is correct"", ""C"", ""G"", ""D sharp""]"	0.2	0	"[""A"", ""B"", ""C"", ""D"", ""E""]"	"{""A"": ""F sharp"", ""B"": ""none of the other options is correct"", ""C"": ""C"", ""D"": ""G"", ""E"": ""D sharp""}"	"[""(A) F sharp"", ""(B) none of the other options is correct"", ""(C) C"", ""(D) G"", ""(E) D sharp""]"	(A) F sharp	A
6a8e4aea-4b32-5981-9014-aeb412e78c7a	1	perception	pitch	absolute	pitch-absolute	pitch-recognition		pitch recognition	What is the pitch name of the {target_index} {voice} note in the provided excerpt?	"[""target_index"", ""voice""]"	get_nth_note	symbolic.musicxml	pitch	"{""target_index"": ""18th"", ""voice"": ""bass""}"	What is the pitch name of the 18th bass note in the provided excerpt?	Anonymous_AusMeinesHerzensGrunde	chorale-bricks	Anonymous_AusMeinesHerzensGrunde	data/chorale-bricks/Anonymous_AusMeinesHerzensGrunde	F sharp	"[""A"", ""B"", ""C"", ""D"", ""D sharp"", ""E"", ""G""]"	"[""C"", ""G"", ""D sharp"", ""D"", ""A"", ""B"", ""E""]"	symbolic	symbolic.abc.txt	data/chorale-bricks/Anonymous_AusMeinesHerzensGrunde/symbolic.abc.txt	F sharp	"[""F sharp"", ""none of the other options is correct"", ""C"", ""G"", ""D sharp""]"	0.2	0	"[""A"", ""B"", ""C"", ""D"", ""E""]"	"{""A"": ""F sharp"", ""B"": ""D sharp"", ""C"": ""none of the other options is correct"", ""D"": ""G"", ""E"": ""C""}"	"[""(A) F sharp"", ""(B) D sharp"", ""(C) none of the other options is correct"", ""(D) G"", ""(E) C""]"	(A) F sharp	A
3cdfe911-1016-5408-96fb-183cd7bae483	1	perception	pitch	absolute	pitch-absolute	pitch-recognition		pitch recognition	What is the pitch name of the {target_index} {voice} note in the provided excerpt?	"[""target_index"", ""voice""]"	get_nth_note	symbolic.musicxml	pitch	"{""target_index"": ""18th"", ""voice"": ""bass""}"	What is the pitch name of the 18th bass note in the provided excerpt?	Anonymous_AusMeinesHerzensGrunde	chorale-bricks	Anonymous_AusMeinesHerzensGrunde	data/chorale-bricks/Anonymous_AusMeinesHerzensGrunde	F sharp	"[""A"", ""B"", ""C"", ""D"", ""D sharp"", ""E"", ""G""]"	"[""C"", ""G"", ""D sharp"", ""D"", ""A"", ""B"", ""E""]"	visual	visual.short.png	data/chorale-bricks/Anonymous_AusMeinesHerzensGrunde/visual.short.png	none of the other options is correct	"[""none of the other options is correct"", ""C"", ""G"", ""D sharp"", ""D""]"	0.2	1	"[""A"", ""B"", ""C"", ""D"", ""E""]"	"{""A"": ""D"", ""B"": ""C"", ""C"": ""G"", ""D"": ""none of the other options is correct"", ""E"": ""D sharp""}"	"[""(A) D"", ""(B) C"", ""(C) G"", ""(D) none of the other options is correct"", ""(E) D sharp""]"	(D) none of the other options is correct	D
d00913fa-eec5-500d-b110-b69e3f0a8760	2	perception	pitch	absolute	pitch-absolute	pitch-recognition		pitch statistics	How many times is the note {pitch} present in the {voice} line?	"[""voice"", ""pitch""]"	get_note_quantity		pitch	"{""voice"": ""soprano"", ""pitch"": ""G""}"	How many times is the note G present in the soprano line?	Vulpius_DieHelleSonnLeuchtJetztHerfuer	chorale-bricks	Vulpius_DieHelleSonnLeuchtJetztHerfuer	data/chorale-bricks/Vulpius_DieHelleSonnLeuchtJetztHerfuer	3	"[""1"", ""2"", ""4"", ""5"", ""6"", ""8"", ""9""]"	"[""5"", ""8"", ""2"", ""9"", ""4"", ""1"", ""6""]"	audio	audio.mastermix.wav	data/chorale-bricks/Vulpius_DieHelleSonnLeuchtJetztHerfuer/audio.mastermix.wav	3	"[""3"", ""none of the other options is correct"", ""5"", ""8"", ""2""]"	0.2	0	"[""A"", ""B"", ""C"", ""D"", ""E""]"	"{""A"": ""8"", ""B"": ""2"", ""C"": ""none of the other options is correct"", ""D"": ""5"", ""E"": ""3""}"	"[""(A) 8"", ""(B) 2"", ""(C) none of the other options is correct"", ""(D) 5"", ""(E) 3""]"	(E) 3	E
e04281cf-a708-554f-bfe2-c493af2ea4ca	2	perception	pitch	absolute	pitch-absolute	pitch-recognition		pitch statistics	How many times is the note {pitch} present in the {voice} line?	"[""voice"", ""pitch""]"	get_note_quantity		pitch	"{""voice"": ""soprano"", ""pitch"": ""G""}"	How many times is the note G present in the soprano line?	Vulpius_DieHelleSonnLeuchtJetztHerfuer	chorale-bricks	Vulpius_DieHelleSonnLeuchtJetztHerfuer	data/chorale-bricks/Vulpius_DieHelleSonnLeuchtJetztHerfuer	3	"[""1"", ""2"", ""4"", ""5"", ""6"", ""8"", ""9""]"	"[""5"", ""8"", ""2"", ""9"", ""4"", ""1"", ""6""]"	symbolic	symbolic.abc.txt	data/chorale-bricks/Vulpius_DieHelleSonnLeuchtJetztHerfuer/symbolic.abc.txt	3	"[""3"", ""none of the other options is correct"", ""5"", ""8"", ""2""]"	0.2	0	"[""A"", ""B"", ""C"", ""D"", ""E""]"	"{""A"": ""8"", ""B"": ""2"", ""C"": ""none of the other options is correct"", ""D"": ""5"", ""E"": ""3""}"	"[""(A) 8"", ""(B) 2"", ""(C) none of the other options is correct"", ""(D) 5"", ""(E) 3""]"	(E) 3	E
7983d501-db37-5087-9489-6fbba90f1a69	2	perception	pitch	absolute	pitch-absolute	pitch-recognition		pitch statistics	How many times is the note {pitch} present in the {voice} line?	"[""voice"", ""pitch""]"	get_note_quantity		pitch	"{""voice"": ""soprano"", ""pitch"": ""G""}"	How many times is the note G present in the soprano line?	Vulpius_DieHelleSonnLeuchtJetztHerfuer	chorale-bricks	Vulpius_DieHelleSonnLeuchtJetztHerfuer	data/chorale-bricks/Vulpius_DieHelleSonnLeuchtJetztHerfuer	3	"[""1"", ""2"", ""4"", ""5"", ""6"", ""8"", ""9""]"	"[""5"", ""8"", ""2"", ""9"", ""4"", ""1"", ""6""]"	visual	visual.short.png	data/chorale-bricks/Vulpius_DieHelleSonnLeuchtJetztHerfuer/visual.short.png	3	"[""3"", ""none of the other options is correct"", ""5"", ""8"", ""2""]"	0.2	0	"[""A"", ""B"", ""C"", ""D"", ""E""]"	"{""A"": ""8"", ""B"": ""none of the other options is correct"", ""C"": ""5"", ""D"": ""2"", ""E"": ""3""}"	"[""(A) 8"", ""(B) none of the other options is correct"", ""(C) 5"", ""(D) 2"", ""(E) 3""]"	(E) 3	E
b26fa885-6382-50ce-b4e6-19ffefe2537a	2	perception	pitch	absolute	pitch-absolute	pitch-recognition		pitch statistics	How many times is the note {pitch} present in the {voice} line?	"[""voice"", ""pitch""]"	get_note_quantity		pitch	"{""voice"": ""tenor"", ""pitch"": ""F sharp""}"	How many times is the note F sharp present in the tenor line?	Anonymous_AusMeinesHerzensGrunde	chorale-bricks	Anonymous_AusMeinesHerzensGrunde	data/chorale-bricks/Anonymous_AusMeinesHerzensGrunde	6	"[""1"", ""2"", ""3"", ""5"", ""7"", ""8"", ""9"", ""13"", ""15"", ""16"", ""18"", ""23"", ""25""]"	"[""1"", ""25"", ""13"", ""3"", ""7"", ""9"", ""16"", ""15"", ""8"", ""2"", ""23"", ""18"", ""5""]"	audio	audio.mastermix.wav	data/chorale-bricks/Anonymous_AusMeinesHerzensGrunde/audio.mastermix.wav	6	"[""6"", ""none of the other options is correct"", ""1"", ""25"", ""13""]"	0.2	0	"[""A"", ""B"", ""C"", ""D"", ""E""]"	"{""A"": ""1"", ""B"": ""25"", ""C"": ""none of the other options is correct"", ""D"": ""13"", ""E"": ""6""}"	"[""(A) 1"", ""(B) 25"", ""(C) none of the other options is correct"", ""(D) 13"", ""(E) 6""]"	(E) 6	E
7bcd7d53-401d-5d5f-a828-b3a028025f66	2	perception	pitch	absolute	pitch-absolute	pitch-recognition		pitch statistics	How many times is the note {pitch} present in the {voice} line?	"[""voice"", ""pitch""]"	get_note_quantity		pitch	"{""voice"": ""tenor"", ""pitch"": ""F sharp""}"	How many times is the note F sharp present in the tenor line?	Anonymous_AusMeinesHerzensGrunde	chorale-bricks	Anonymous_AusMeinesHerzensGrunde	data/chorale-bricks/Anonymous_AusMeinesHerzensGrunde	6	"[""1"", ""2"", ""3"", ""5"", ""7"", ""8"", ""9"", ""13"", ""15"", ""16"", ""18"", ""23"", ""25""]"	"[""1"", ""25"", ""13"", ""3"", ""7"", ""9"", ""16"", ""15"", ""8"", ""2"", ""23"", ""18"", ""5""]"	symbolic	symbolic.abc.txt	data/chorale-bricks/Anonymous_AusMeinesHerzensGrunde/symbolic.abc.txt	6	"[""6"", ""none of the other options is correct"", ""1"", ""25"", ""13""]"	0.2	0	"[""A"", ""B"", ""C"", ""D"", ""E""]"	"{""A"": ""25"", ""B"": ""1"", ""C"": ""none of the other options is correct"", ""D"": ""6"", ""E"": ""13""}"	"[""(A) 25"", ""(B) 1"", ""(C) none of the other options is correct"", ""(D) 6"", ""(E) 13""]"	(D) 6	D
528b825b-d8be-5496-ae40-7a89447fad11	2	perception	pitch	absolute	pitch-absolute	pitch-recognition		pitch statistics	How many times is the note {pitch} present in the {voice} line?	"[""voice"", ""pitch""]"	get_note_quantity		pitch	"{""voice"": ""tenor"", ""pitch"": ""F sharp""}"	How many times is the note F sharp present in the tenor line?	Anonymous_AusMeinesHerzensGrunde	chorale-bricks	Anonymous_AusMeinesHerzensGrunde	data/chorale-bricks/Anonymous_AusMeinesHerzensGrunde	6	"[""1"", ""2"", ""3"", ""5"", ""7"", ""8"", ""9"", ""13"", ""15"", ""16"", ""18"", ""23"", ""25""]"	"[""1"", ""25"", ""13"", ""3"", ""7"", ""9"", ""16"", ""15"", ""8"", ""2"", ""23"", ""18"", ""5""]"	visual	visual.short.png	data/chorale-bricks/Anonymous_AusMeinesHerzensGrunde/visual.short.png	6	"[""6"", ""none of the other options is correct"", ""1"", ""25"", ""13""]"	0.2	0	"[""A"", ""B"", ""C"", ""D"", ""E""]"	"{""A"": ""25"", ""B"": ""13"", ""C"": ""none of the other options is correct"", ""D"": ""6"", ""E"": ""1""}"	"[""(A) 25"", ""(B) 13"", ""(C) none of the other options is correct"", ""(D) 6"", ""(E) 1""]"	(D) 6	D
b04923e2-8b8a-5a22-800c-73ed71cb91aa	2	perception	pitch	absolute	pitch-absolute	pitch-recognition		pitch statistics	How many times is the note {pitch} present in the {voice} line?	"[""voice"", ""pitch""]"	get_note_quantity		pitch	"{""voice"": ""tenor"", ""pitch"": ""F sharp""}"	How many times is the note F sharp present in the tenor line?	Jan_DuGrosserSchmerzensmann	chorale-bricks	Jan_DuGrosserSchmerzensmann	data/chorale-bricks/Jan_DuGrosserSchmerzensmann	2	"[""1"", ""3"", ""5"", ""6"", ""7"", ""8"", ""9"", ""12"", ""13"", ""14"", ""19""]"	"[""6"", ""3"", ""8"", ""5"", ""14"", ""12"", ""7"", ""19"", ""13"", ""9"", ""1""]"	audio	audio.mastermix.wav	data/chorale-bricks/Jan_DuGrosserSchmerzensmann/audio.mastermix.wav	2	"[""2"", ""none of the other options is correct"", ""6"", ""3"", ""8""]"	0.2	0	"[""A"", ""B"", ""C"", ""D"", ""E""]"	"{""A"": ""8"", ""B"": ""2"", ""C"": ""3"", ""D"": ""none of the other options is correct"", ""E"": ""6""}"	"[""(A) 8"", ""(B) 2"", ""(C) 3"", ""(D) none of the other options is correct"", ""(E) 6""]"	(B) 2	B
b3c7ce96-a22c-56e6-9b19-daea5d855185	2	perception	pitch	absolute	pitch-absolute	pitch-recognition		pitch statistics	How many times is the note {pitch} present in the {voice} line?	"[""voice"", ""pitch""]"	get_note_quantity		pitch	"{""voice"": ""tenor"", ""pitch"": ""F sharp""}"	How many times is the note F sharp present in the tenor line?	Jan_DuGrosserSchmerzensmann	chorale-bricks	Jan_DuGrosserSchmerzensmann	data/chorale-bricks/Jan_DuGrosserSchmerzensmann	2	"[""1"", ""3"", ""5"", ""6"", ""7"", ""8"", ""9"", ""12"", ""13"", ""14"", ""19""]"	"[""6"", ""3"", ""8"", ""5"", ""14"", ""12"", ""7"", ""19"", ""13"", ""9"", ""1""]"	symbolic	symbolic.abc.txt	data/chorale-bricks/Jan_DuGrosserSchmerzensmann/symbolic.abc.txt	2	"[""2"", ""none of the other options is correct"", ""6"", ""3"", ""8""]"	0.2	0	"[""A"", ""B"", ""C"", ""D"", ""E""]"	"{""A"": ""8"", ""B"": ""none of the other options is correct"", ""C"": ""2"", ""D"": ""3"", ""E"": ""6""}"	"[""(A) 8"", ""(B) none of the other options is correct"", ""(C) 2"", ""(D) 3"", ""(E) 6""]"	(C) 2	C
2e1e2b49-8c9e-5169-8c6e-2349628fa476	2	perception	pitch	absolute	pitch-absolute	pitch-recognition		pitch statistics	How many times is the note {pitch} present in the {voice} line?	"[""voice"", ""pitch""]"	get_note_quantity		pitch	"{""voice"": ""tenor"", ""pitch"": ""F sharp""}"	How many times is the note F sharp present in the tenor line?	Jan_DuGrosserSchmerzensmann	chorale-bricks	Jan_DuGrosserSchmerzensmann	data/chorale-bricks/Jan_DuGrosserSchmerzensmann	2	"[""1"", ""3"", ""5"", ""6"", ""7"", ""8"", ""9"", ""12"", ""13"", ""14"", ""19""]"	"[""6"", ""3"", ""8"", ""5"", ""14"", ""12"", ""7"", ""19"", ""13"", ""9"", ""1""]"	visual	visual.short.png	data/chorale-bricks/Jan_DuGrosserSchmerzensmann/visual.short.png	2	"[""2"", ""none of the other options is correct"", ""6"", ""3"", ""8""]"	0.2	0	"[""A"", ""B"", ""C"", ""D"", ""E""]"	"{""A"": ""3"", ""B"": ""none of the other options is correct"", ""C"": ""6"", ""D"": ""2"", ""E"": ""8""}"	"[""(A) 3"", ""(B) none of the other options is correct"", ""(C) 6"", ""(D) 2"", ""(E) 8""]"	(D) 2	D
c85f97f6-49d6-5747-9939-717c896ca44c	2	perception	pitch	absolute	pitch-absolute	pitch-recognition		pitch statistics	How many times is the note {pitch} present in the {voice} line?	"[""voice"", ""pitch""]"	get_note_quantity		pitch	"{""voice"": ""tenor"", ""pitch"": ""E""}"	How many times is the note E present in the tenor line?	Vulpius_DieHelleSonnLeuchtJetztHerfuer	chorale-bricks	Vulpius_DieHelleSonnLeuchtJetztHerfuer	data/chorale-bricks/Vulpius_DieHelleSonnLeuchtJetztHerfuer	2	"[""1"", ""3"", ""4"", ""5"", ""6"", ""8"", ""9""]"	"[""5"", ""1"", ""8"", ""3"", ""4"", ""9"", ""6""]"	audio	audio.mastermix.wav	data/chorale-bricks/Vulpius_DieHelleSonnLeuchtJetztHerfuer/audio.mastermix.wav	2	"[""2"", ""none of the other options is correct"", ""5"", ""1"", ""8""]"	0.2	0	"[""A"", ""B"", ""C"", ""D"", ""E""]"	"{""A"": ""5"", ""B"": ""8"", ""C"": ""2"", ""D"": ""none of the other options is correct"", ""E"": ""1""}"	"[""(A) 5"", ""(B) 8"", ""(C) 2"", ""(D) none of the other options is correct"", ""(E) 1""]"	(C) 2	C
4e485377-6217-59d9-afcb-310115b18153	2	perception	pitch	absolute	pitch-absolute	pitch-recognition		pitch statistics	How many times is the note {pitch} present in the {voice} line?	"[""voice"", ""pitch""]"	get_note_quantity		pitch	"{""voice"": ""tenor"", ""pitch"": ""E""}"	How many times is the note E present in the tenor line?	Vulpius_DieHelleSonnLeuchtJetztHerfuer	chorale-bricks	Vulpius_DieHelleSonnLeuchtJetztHerfuer	data/chorale-bricks/Vulpius_DieHelleSonnLeuchtJetztHerfuer	2	"[""1"", ""3"", ""4"", ""5"", ""6"", ""8"", ""9""]"	"[""5"", ""1"", ""8"", ""3"", ""4"", ""9"", ""6""]"	symbolic	symbolic.abc.txt	data/chorale-bricks/Vulpius_DieHelleSonnLeuchtJetztHerfuer/symbolic.abc.txt	2	"[""2"", ""none of the other options is correct"", ""5"", ""1"", ""8""]"	0.2	0	"[""A"", ""B"", ""C"", ""D"", ""E""]"	"{""A"": ""none of the other options is correct"", ""B"": ""5"", ""C"": ""1"", ""D"": ""8"", ""E"": ""2""}"	"[""(A) none of the other options is correct"", ""(B) 5"", ""(C) 1"", ""(D) 8"", ""(E) 2""]"	(E) 2	E
9ec9b99b-f60c-5a5d-8cc6-8299511154e1	2	perception	pitch	absolute	pitch-absolute	pitch-recognition		pitch statistics	How many times is the note {pitch} present in the {voice} line?	"[""voice"", ""pitch""]"	get_note_quantity		pitch	"{""voice"": ""tenor"", ""pitch"": ""E""}"	How many times is the note E present in the tenor line?	Vulpius_DieHelleSonnLeuchtJetztHerfuer	chorale-bricks	Vulpius_DieHelleSonnLeuchtJetztHerfuer	data/chorale-bricks/Vulpius_DieHelleSonnLeuchtJetztHerfuer	2	"[""1"", ""3"", ""4"", ""5"", ""6"", ""8"", ""9""]"	"[""5"", ""1"", ""8"", ""3"", ""4"", ""9"", ""6""]"	visual	visual.short.png	data/chorale-bricks/Vulpius_DieHelleSonnLeuchtJetztHerfuer/visual.short.png	2	"[""2"", ""none of the other options is correct"", ""5"", ""1"", ""8""]"	0.2	0	"[""A"", ""B"", ""C"", ""D"", ""E""]"	"{""A"": ""2"", ""B"": ""1"", ""C"": ""8"", ""D"": ""5"", ""E"": ""none of the other options is correct""}"	"[""(A) 2"", ""(B) 1"", ""(C) 8"", ""(D) 5"", ""(E) none of the other options is correct""]"	(A) 2	A
1c13ed5c-ad82-5e16-9592-0d02a0fb5b25	2	perception	pitch	absolute	pitch-absolute	pitch-recognition		pitch statistics	How many times is the note {pitch} present in the {voice} line?	"[""voice"", ""pitch""]"	get_note_quantity		pitch	"{""voice"": ""tenor"", ""pitch"": ""G""}"	How many times is the note G present in the tenor line?	Telemann_DerLiebenSonneLichtUndPracht	chorale-bricks	Telemann_DerLiebenSonneLichtUndPracht	data/chorale-bricks/Telemann_DerLiebenSonneLichtUndPracht	8	"[""2"", ""3"", ""4"", ""5"", ""6"", ""7"", ""9"", ""10"", ""11"", ""12"", ""13"", ""14"", ""19"", ""21""]"	"[""21"", ""9"", ""2"", ""10"", ""5"", ""6"", ""4"", ""13"", ""3"", ""12"", ""19"", ""7"", ""14"", ""11""]"	audio	audio.mastermix.wav	data/chorale-bricks/Telemann_DerLiebenSonneLichtUndPracht/audio.mastermix.wav	8	"[""8"", ""none of the other options is correct"", ""21"", ""9"", ""2""]"	0.2	0	"[""A"", ""B"", ""C"", ""D"", ""E""]"	"{""A"": ""9"", ""B"": ""2"", ""C"": ""none of the other options is correct"", ""D"": ""8"", ""E"": ""21""}"	"[""(A) 9"", ""(B) 2"", ""(C) none of the other options is correct"", ""(D) 8"", ""(E) 21""]"	(D) 8	D
b85b483f-4721-5365-a398-f905a78f039e	2	perception	pitch	absolute	pitch-absolute	pitch-recognition		pitch statistics	How many times is the note {pitch} present in the {voice} line?	"[""voice"", ""pitch""]"	get_note_quantity		pitch	"{""voice"": ""tenor"", ""pitch"": ""G""}"	How many times is the note G present in the tenor line?	Telemann_DerLiebenSonneLichtUndPracht	chorale-bricks	Telemann_DerLiebenSonneLichtUndPracht	data/chorale-bricks/Telemann_DerLiebenSonneLichtUndPracht	8	"[""2"", ""3"", ""4"", ""5"", ""6"", ""7"", ""9"", ""10"", ""11"", ""12"", ""13"", ""14"", ""19"", ""21""]"	"[""21"", ""9"", ""2"", ""10"", ""5"", ""6"", ""4"", ""13"", ""3"", ""12"", ""19"", ""7"", ""14"", ""11""]"	symbolic	symbolic.abc.txt	data/chorale-bricks/Telemann_DerLiebenSonneLichtUndPracht/symbolic.abc.txt	8	"[""8"", ""none of the other options is correct"", ""21"", ""9"", ""2""]"	0.2	0	"[""A"", ""B"", ""C"", ""D"", ""E""]"	"{""A"": ""2"", ""B"": ""9"", ""C"": ""21"", ""D"": ""8"", ""E"": ""none of the other options is correct""}"	"[""(A) 2"", ""(B) 9"", ""(C) 21"", ""(D) 8"", ""(E) none of the other options is correct""]"	(D) 8	D
cc46342b-7475-5791-bbd6-0cc4aed7820f	2	perception	pitch	absolute	pitch-absolute	pitch-recognition		pitch statistics	How many times is the note {pitch} present in the {voice} line?	"[""voice"", ""pitch""]"	get_note_quantity		pitch	"{""voice"": ""tenor"", ""pitch"": ""G""}"	How many times is the note G present in the tenor line?	Telemann_DerLiebenSonneLichtUndPracht	chorale-bricks	Telemann_DerLiebenSonneLichtUndPracht	data/chorale-bricks/Telemann_DerLiebenSonneLichtUndPracht	8	"[""2"", ""3"", ""4"", ""5"", ""6"", ""7"", ""9"", ""10"", ""11"", ""12"", ""13"", ""14"", ""19"", ""21""]"	"[""21"", ""9"", ""2"", ""10"", ""5"", ""6"", ""4"", ""13"", ""3"", ""12"", ""19"", ""7"", ""14"", ""11""]"	visual	visual.short.png	data/chorale-bricks/Telemann_DerLiebenSonneLichtUndPracht/visual.short.png	8	"[""8"", ""none of the other options is correct"", ""21"", ""9"", ""2""]"	0.2	0	"[""A"", ""B"", ""C"", ""D"", ""E""]"	"{""A"": ""none of the other options is correct"", ""B"": ""8"", ""C"": ""2"", ""D"": ""21"", ""E"": ""9""}"	"[""(A) none of the other options is correct"", ""(B) 8"", ""(C) 2"", ""(D) 21"", ""(E) 9""]"	(B) 8	B
4dc8c672-c08a-5847-816e-4ed6071a3856	2	perception	pitch	absolute	pitch-absolute	pitch-recognition		pitch statistics	How many times is the note {pitch} present in the {voice} line?	"[""voice"", ""pitch""]"	get_note_quantity		pitch	"{""voice"": ""bass"", ""pitch"": ""A""}"	How many times is the note A present in the bass line?	Drese_JesuGehVoran	chorale-bricks	Drese_JesuGehVoran	data/chorale-bricks/Drese_JesuGehVoran	1	"[""2"", ""3"", ""4"", ""5"", ""6"", ""7"", ""8"", ""9"", ""10"", ""12"", ""13"", ""17""]"	"[""17"", ""4"", ""6"", ""7"", ""9"", ""10"", ""3"", ""12"", ""8"", ""2"", ""13"", ""5""]"	audio	audio.mastermix.wav	data/chorale-bricks/Drese_JesuGehVoran/audio.mastermix.wav	1	"[""1"", ""none of the other options is correct"", ""17"", ""4"", ""6""]"	0.2	0	"[""A"", ""B"", ""C"", ""D"", ""E""]"	"{""A"": ""4"", ""B"": ""17"", ""C"": ""none of the other options is correct"", ""D"": ""1"", ""E"": ""6""}"	"[""(A) 4"", ""(B) 17"", ""(C) none of the other options is correct"", ""(D) 1"", ""(E) 6""]"	(D) 1	D
68979479-7833-530f-aa1b-e2dee35aab16	2	perception	pitch	absolute	pitch-absolute	pitch-recognition		pitch statistics	How many times is the note {pitch} present in the {voice} line?	"[""voice"", ""pitch""]"	get_note_quantity		pitch	"{""voice"": ""bass"", ""pitch"": ""A""}"	How many times is the note A present in the bass line?	Drese_JesuGehVoran	chorale-bricks	Drese_JesuGehVoran	data/chorale-bricks/Drese_JesuGehVoran	1	"[""2"", ""3"", ""4"", ""5"", ""6"", ""7"", ""8"", ""9"", ""10"", ""12"", ""13"", ""17""]"	"[""17"", ""4"", ""6"", ""7"", ""9"", ""10"", ""3"", ""12"", ""8"", ""2"", ""13"", ""5""]"	symbolic	symbolic.abc.txt	data/chorale-bricks/Drese_JesuGehVoran/symbolic.abc.txt	1	"[""1"", ""none of the other options is correct"", ""17"", ""4"", ""6""]"	0.2	0	"[""A"", ""B"", ""C"", ""D"", ""E""]"	"{""A"": ""17"", ""B"": ""4"", ""C"": ""6"", ""D"": ""none of the other options is correct"", ""E"": ""1""}"	"[""(A) 17"", ""(B) 4"", ""(C) 6"", ""(D) none of the other options is correct"", ""(E) 1""]"	(E) 1	E
9eb9e09c-5b71-521b-8b65-60a2e12b13d2	2	perception	pitch	absolute	pitch-absolute	pitch-recognition		pitch statistics	How many times is the note {pitch} present in the {voice} line?	"[""voice"", ""pitch""]"	get_note_quantity		pitch	"{""voice"": ""bass"", ""pitch"": ""A""}"	How many times is the note A present in the bass line?	Drese_JesuGehVoran	chorale-bricks	Drese_JesuGehVoran	data/chorale-bricks/Drese_JesuGehVoran	1	"[""2"", ""3"", ""4"", ""5"", ""6"", ""7"", ""8"", ""9"", ""10"", ""12"", ""13"", ""17""]"	"[""17"", ""4"", ""6"", ""7"", ""9"", ""10"", ""3"", ""12"", ""8"", ""2"", ""13"", ""5""]"	visual	visual.short.png	data/chorale-bricks/Drese_JesuGehVoran/visual.short.png	1	"[""1"", ""none of the other options is correct"", ""17"", ""4"", ""6""]"	0.2	0	"[""A"", ""B"", ""C"", ""D"", ""E""]"	"{""A"": ""1"", ""B"": ""17"", ""C"": ""none of the other options is correct"", ""D"": ""6"", ""E"": ""4""}"	"[""(A) 1"", ""(B) 17"", ""(C) none of the other options is correct"", ""(D) 6"", ""(E) 4""]"	(A) 1	A
48250a27-18d9-510b-baf3-1653c932eaee	2	perception	pitch	absolute	pitch-absolute	pitch-recognition		pitch statistics	How many times is the note {pitch} present in the {voice} line?	"[""voice"", ""pitch""]"	get_note_quantity		pitch	"{""voice"": ""tenor"", ""pitch"": ""B sharp""}"	How many times is the note B sharp present in the tenor line?	Vulpius_ChristusDerIstMeinLeben	chorale-bricks	Vulpius_ChristusDerIstMeinLeben	data/chorale-bricks/Vulpius_ChristusDerIstMeinLeben	0	"[""1"", ""2"", ""3"", ""4"", ""5"", ""6"", ""7"", ""8"", ""10"", ""11"", ""14""]"	"[""6"", ""7"", ""11"", ""3"", ""14"", ""10"", ""4"", ""8"", ""2"", ""5"", ""1""]"	audio	audio.mastermix.wav	data/chorale-bricks/Vulpius_ChristusDerIstMeinLeben/audio.mastermix.wav	0	"[""0"", ""none of the other options is correct"", ""6"", ""7"", ""11""]"	0.2	0	"[""A"", ""B"", ""C"", ""D"", ""E""]"	"{""A"": ""7"", ""B"": ""none of the other options is correct"", ""C"": ""0"", ""D"": ""6"", ""E"": ""11""}"	"[""(A) 7"", ""(B) none of the other options is correct"", ""(C) 0"", ""(D) 6"", ""(E) 11""]"	(C) 0	C
30960c81-130a-590c-aa35-f179d675bbdb	2	perception	pitch	absolute	pitch-absolute	pitch-recognition		pitch statistics	How many times is the note {pitch} present in the {voice} line?	"[""voice"", ""pitch""]"	get_note_quantity		pitch	"{""voice"": ""tenor"", ""pitch"": ""B sharp""}"	How many times is the note B sharp present in the tenor line?	Vulpius_ChristusDerIstMeinLeben	chorale-bricks	Vulpius_ChristusDerIstMeinLeben	data/chorale-bricks/Vulpius_ChristusDerIstMeinLeben	0	"[""1"", ""2"", ""3"", ""4"", ""5"", ""6"", ""7"", ""8"", ""10"", ""11"", ""14""]"	"[""6"", ""7"", ""11"", ""3"", ""14"", ""10"", ""4"", ""8"", ""2"", ""5"", ""1""]"	symbolic	symbolic.abc.txt	data/chorale-bricks/Vulpius_ChristusDerIstMeinLeben/symbolic.abc.txt	0	"[""0"", ""none of the other options is correct"", ""6"", ""7"", ""11""]"	0.2	0	"[""A"", ""B"", ""C"", ""D"", ""E""]"	"{""A"": ""11"", ""B"": ""none of the other options is correct"", ""C"": ""6"", ""D"": ""0"", ""E"": ""7""}"	"[""(A) 11"", ""(B) none of the other options is correct"", ""(C) 6"", ""(D) 0"", ""(E) 7""]"	(D) 0	D
cd3b692b-dbbc-5508-b90a-2a98aaeca66a	2	perception	pitch	absolute	pitch-absolute	pitch-recognition		pitch statistics	How many times is the note {pitch} present in the {voice} line?	"[""voice"", ""pitch""]"	get_note_quantity		pitch	"{""voice"": ""tenor"", ""pitch"": ""B sharp""}"	How many times is the note B sharp present in the tenor line?	Vulpius_ChristusDerIstMeinLeben	chorale-bricks	Vulpius_ChristusDerIstMeinLeben	data/chorale-bricks/Vulpius_ChristusDerIstMeinLeben	0	"[""1"", ""2"", ""3"", ""4"", ""5"", ""6"", ""7"", ""8"", ""10"", ""11"", ""14""]"	"[""6"", ""7"", ""11"", ""3"", ""14"", ""10"", ""4"", ""8"", ""2"", ""5"", ""1""]"	visual	visual.short.png	data/chorale-bricks/Vulpius_ChristusDerIstMeinLeben/visual.short.png	0	"[""0"", ""none of the other options is correct"", ""6"", ""7"", ""11""]"	0.2	0	"[""A"", ""B"", ""C"", ""D"", ""E""]"	"{""A"": ""7"", ""B"": ""0"", ""C"": ""none of the other options is correct"", ""D"": ""11"", ""E"": ""6""}"	"[""(A) 7"", ""(B) 0"", ""(C) none of the other options is correct"", ""(D) 11"", ""(E) 6""]"	(B) 0	B
94cb1c48-75bb-5bcf-94f0-ad1d1b2ca023	2	perception	pitch	absolute	pitch-absolute	pitch-recognition		pitch statistics	How many times is the note {pitch} present in the {voice} line?	"[""voice"", ""pitch""]"	get_note_quantity		pitch	"{""voice"": ""tenor"", ""pitch"": ""D flat""}"	How many times is the note D flat present in the tenor line?	Drese_JesuGehVoran	chorale-bricks	Drese_JesuGehVoran	data/chorale-bricks/Drese_JesuGehVoran	0	"[""1"", ""2"", ""3"", ""4"", ""5"", ""6"", ""7"", ""8"", ""9"", ""10"", ""12"", ""13"", ""17""]"	"[""2"", ""12"", ""4"", ""5"", ""8"", ""1"", ""7"", ""6"", ""13"", ""10"", ""3"", ""9"", ""17""]"	audio	audio.mastermix.wav	data/chorale-bricks/Drese_JesuGehVoran/audio.mastermix.wav	0	"[""0"", ""none of the other options is correct"", ""2"", ""12"", ""4""]"	0.2	0	"[""A"", ""B"", ""C"", ""D"", ""E""]"	"{""A"": ""4"", ""B"": ""none of the other options is correct"", ""C"": ""2"", ""D"": ""0"", ""E"": ""12""}"	"[""(A) 4"", ""(B) none of the other options is correct"", ""(C) 2"", ""(D) 0"", ""(E) 12""]"	(D) 0	D
94acdb45-fea4-55f7-a63e-734220d66f93	2	perception	pitch	absolute	pitch-absolute	pitch-recognition		pitch statistics	How many times is the note {pitch} present in the {voice} line?	"[""voice"", ""pitch""]"	get_note_quantity		pitch	"{""voice"": ""tenor"", ""pitch"": ""D flat""}"	How many times is the note D flat present in the tenor line?	Drese_JesuGehVoran	chorale-bricks	Drese_JesuGehVoran	data/chorale-bricks/Drese_JesuGehVoran	0	"[""1"", ""2"", ""3"", ""4"", ""5"", ""6"", ""7"", ""8"", ""9"", ""10"", ""12"", ""13"", ""17""]"	"[""2"", ""12"", ""4"", ""5"", ""8"", ""1"", ""7"", ""6"", ""13"", ""10"", ""3"", ""9"", ""17""]"	symbolic	symbolic.abc.txt	data/chorale-bricks/Drese_JesuGehVoran/symbolic.abc.txt	0	"[""0"", ""none of the other options is correct"", ""2"", ""12"", ""4""]"	0.2	0	"[""A"", ""B"", ""C"", ""D"", ""E""]"	"{""A"": ""4"", ""B"": ""12"", ""C"": ""none of the other options is correct"", ""D"": ""0"", ""E"": ""2""}"	"[""(A) 4"", ""(B) 12"", ""(C) none of the other options is correct"", ""(D) 0"", ""(E) 2""]"	(D) 0	D
78010014-fb09-563f-ae0e-fea184d49349	2	perception	pitch	absolute	pitch-absolute	pitch-recognition		pitch statistics	How many times is the note {pitch} present in the {voice} line?	"[""voice"", ""pitch""]"	get_note_quantity		pitch	"{""voice"": ""tenor"", ""pitch"": ""D flat""}"	How many times is the note D flat present in the tenor line?	Drese_JesuGehVoran	chorale-bricks	Drese_JesuGehVoran	data/chorale-bricks/Drese_JesuGehVoran	0	"[""1"", ""2"", ""3"", ""4"", ""5"", ""6"", ""7"", ""8"", ""9"", ""10"", ""12"", ""13"", ""17""]"	"[""2"", ""12"", ""4"", ""5"", ""8"", ""1"", ""7"", ""6"", ""13"", ""10"", ""3"", ""9"", ""17""]"	visual	visual.short.png	data/chorale-bricks/Drese_JesuGehVoran/visual.short.png	none of the other options is correct	"[""none of the other options is correct"", ""2"", ""12"", ""4"", ""5""]"	0.2	1	"[""A"", ""B"", ""C"", ""D"", ""E""]"	"{""A"": ""12"", ""B"": ""5"", ""C"": ""2"", ""D"": ""4"", ""E"": ""none of the other options is correct""}"	"[""(A) 12"", ""(B) 5"", ""(C) 2"", ""(D) 4"", ""(E) none of the other options is correct""]"	(E) none of the other options is correct	E
fcc11ec4-4ec0-5a9a-87dd-9bd23313910e	2	perception	pitch	absolute	pitch-absolute	pitch-recognition		pitch statistics	How many times is the note {pitch} present in the {voice} line?	"[""voice"", ""pitch""]"	get_note_quantity		pitch	"{""voice"": ""tenor"", ""pitch"": ""D""}"	How many times is the note D present in the tenor line?	Anonymous_AusMeinesHerzensGrunde	chorale-bricks	Anonymous_AusMeinesHerzensGrunde	data/chorale-bricks/Anonymous_AusMeinesHerzensGrunde	16	"[""1"", ""2"", ""3"", ""5"", ""6"", ""7"", ""8"", ""9"", ""13"", ""15"", ""18"", ""23"", ""25""]"	"[""25"", ""13"", ""9"", ""3"", ""5"", ""18"", ""2"", ""23"", ""1"", ""6"", ""15"", ""7"", ""8""]"	audio	audio.mastermix.wav	data/chorale-bricks/Anonymous_AusMeinesHerzensGrunde/audio.mastermix.wav	none of the other options is correct	"[""none of the other options is correct"", ""25"", ""13"", ""9"", ""3""]"	0.2	1	"[""A"", ""B"", ""C"", ""D"", ""E""]"	"{""A"": ""13"", ""B"": ""none of the other options is correct"", ""C"": ""9"", ""D"": ""3"", ""E"": ""25""}"	"[""(A) 13"", ""(B) none of the other options is correct"", ""(C) 9"", ""(D) 3"", ""(E) 25""]"	(B) none of the other options is correct	B
d15a9975-ba76-5b4d-bc76-a53ad399afb2	2	perception	pitch	absolute	pitch-absolute	pitch-recognition		pitch statistics	How many times is the note {pitch} present in the {voice} line?	"[""voice"", ""pitch""]"	get_note_quantity		pitch	"{""voice"": ""tenor"", ""pitch"": ""D""}"	How many times is the note D present in the tenor line?	Anonymous_AusMeinesHerzensGrunde	chorale-bricks	Anonymous_AusMeinesHerzensGrunde	data/chorale-bricks/Anonymous_AusMeinesHerzensGrunde	16	"[""1"", ""2"", ""3"", ""5"", ""6"", ""7"", ""8"", ""9"", ""13"", ""15"", ""18"", ""23"", ""25""]"	"[""25"", ""13"", ""9"", ""3"", ""5"", ""18"", ""2"", ""23"", ""1"", ""6"", ""15"", ""7"", ""8""]"	symbolic	symbolic.abc.txt	data/chorale-bricks/Anonymous_AusMeinesHerzensGrunde/symbolic.abc.txt	16	"[""16"", ""none of the other options is correct"", ""25"", ""13"", ""9""]"	0.2	0	"[""A"", ""B"", ""C"", ""D"", ""E""]"	"{""A"": ""25"", ""B"": ""16"", ""C"": ""9"", ""D"": ""none of the other options is correct"", ""E"": ""13""}"	"[""(A) 25"", ""(B) 16"", ""(C) 9"", ""(D) none of the other options is correct"", ""(E) 13""]"	(B) 16	B
d274b5e1-ddbc-5828-98b8-ce8b0e103852	2	perception	pitch	absolute	pitch-absolute	pitch-recognition		pitch statistics	How many times is the note {pitch} present in the {voice} line?	"[""voice"", ""pitch""]"	get_note_quantity		pitch	"{""voice"": ""tenor"", ""pitch"": ""D""}"	How many times is the note D present in the tenor line?	Anonymous_AusMeinesHerzensGrunde	chorale-bricks	Anonymous_AusMeinesHerzensGrunde	data/chorale-bricks/Anonymous_AusMeinesHerzensGrunde	16	"[""1"", ""2"", ""3"", ""5"", ""6"", ""7"", ""8"", ""9"", ""13"", ""15"", ""18"", ""23"", ""25""]"	"[""25"", ""13"", ""9"", ""3"", ""5"", ""18"", ""2"", ""23"", ""1"", ""6"", ""15"", ""7"", ""8""]"	visual	visual.short.png	data/chorale-bricks/Anonymous_AusMeinesHerzensGrunde/visual.short.png	16	"[""16"", ""none of the other options is correct"", ""25"", ""13"", ""9""]"	0.2	0	"[""A"", ""B"", ""C"", ""D"", ""E""]"	"{""A"": ""16"", ""B"": ""9"", ""C"": ""25"", ""D"": ""none of the other options is correct"", ""E"": ""13""}"	"[""(A) 16"", ""(B) 9"", ""(C) 25"", ""(D) none of the other options is correct"", ""(E) 13""]"	(A) 16	A
9ca736df-01cc-54f7-a081-1f0ea4c278e8	2	perception	pitch	absolute	pitch-absolute	pitch-recognition		pitch statistics	How many times is the note {pitch} present in the {voice} line?	"[""voice"", ""pitch""]"	get_note_quantity		pitch	"{""voice"": ""tenor"", ""pitch"": ""B""}"	How many times is the note B present in the tenor line?	Bach_IchStehAnDeinerKrippe	chorale-bricks	Bach_IchStehAnDeinerKrippe	data/chorale-bricks/Bach_IchStehAnDeinerKrippe	13	"[""1"", ""2"", ""3"", ""4"", ""5"", ""6"", ""7"", ""8"", ""9"", ""11"", ""12"", ""14""]"	"[""2"", ""9"", ""3"", ""12"", ""11"", ""1"", ""6"", ""8"", ""5"", ""14"", ""4"", ""7""]"	audio	audio.mastermix.wav	data/chorale-bricks/Bach_IchStehAnDeinerKrippe/audio.mastermix.wav	13	"[""13"", ""none of the other options is correct"", ""2"", ""9"", ""3""]"	0.2	0	"[""A"", ""B"", ""C"", ""D"", ""E""]"	"{""A"": ""3"", ""B"": ""9"", ""C"": ""2"", ""D"": ""none of the other options is correct"", ""E"": ""13""}"	"[""(A) 3"", ""(B) 9"", ""(C) 2"", ""(D) none of the other options is correct"", ""(E) 13""]"	(E) 13	E
7f88b796-3dce-56e9-9b61-a21ddaf7e593	2	perception	pitch	absolute	pitch-absolute	pitch-recognition		pitch statistics	How many times is the note {pitch} present in the {voice} line?	"[""voice"", ""pitch""]"	get_note_quantity		pitch	"{""voice"": ""tenor"", ""pitch"": ""B""}"	How many times is the note B present in the tenor line?	Bach_IchStehAnDeinerKrippe	chorale-bricks	Bach_IchStehAnDeinerKrippe	data/chorale-bricks/Bach_IchStehAnDeinerKrippe	13	"[""1"", ""2"", ""3"", ""4"", ""5"", ""6"", ""7"", ""8"", ""9"", ""11"", ""12"", ""14""]"	"[""2"", ""9"", ""3"", ""12"", ""11"", ""1"", ""6"", ""8"", ""5"", ""14"", ""4"", ""7""]"	symbolic	symbolic.abc.txt	data/chorale-bricks/Bach_IchStehAnDeinerKrippe/symbolic.abc.txt	13	"[""13"", ""none of the other options is correct"", ""2"", ""9"", ""3""]"	0.2	0	"[""A"", ""B"", ""C"", ""D"", ""E""]"	"{""A"": ""13"", ""B"": ""none of the other options is correct"", ""C"": ""2"", ""D"": ""9"", ""E"": ""3""}"	"[""(A) 13"", ""(B) none of the other options is correct"", ""(C) 2"", ""(D) 9"", ""(E) 3""]"	(A) 13	A
d2812e8c-e1a1-5599-baf9-745024c02751	2	perception	pitch	absolute	pitch-absolute	pitch-recognition		pitch statistics	How many times is the note {pitch} present in the {voice} line?	"[""voice"", ""pitch""]"	get_note_quantity		pitch	"{""voice"": ""tenor"", ""pitch"": ""B""}"	How many times is the note B present in the tenor line?	Bach_IchStehAnDeinerKrippe	chorale-bricks	Bach_IchStehAnDeinerKrippe	data/chorale-bricks/Bach_IchStehAnDeinerKrippe	13	"[""1"", ""2"", ""3"", ""4"", ""5"", ""6"", ""7"", ""8"", ""9"", ""11"", ""12"", ""14""]"	"[""2"", ""9"", ""3"", ""12"", ""11"", ""1"", ""6"", ""8"", ""5"", ""14"", ""4"", ""7""]"	visual	visual.short.png	data/chorale-bricks/Bach_IchStehAnDeinerKrippe/visual.short.png	13	"[""13"", ""none of the other options is correct"", ""2"", ""9"", ""3""]"	0.2	0	"[""A"", ""B"", ""C"", ""D"", ""E""]"	"{""A"": ""3"", ""B"": ""13"", ""C"": ""2"", ""D"": ""9"", ""E"": ""none of the other options is correct""}"	"[""(A) 3"", ""(B) 13"", ""(C) 2"", ""(D) 9"", ""(E) none of the other options is correct""]"	(B) 13	B
61833bef-da5b-582c-9015-af25396884cc	3	perception	pitch	relative	pitch-relative	interval-recognition		interval recognition	What is the {target_index} interval in the {voice} line?	"[""target_index"", ""voice""]"	get_nth_interval		interval	"{""target_index"": ""29th"", ""voice"": ""alto""}"	What is the 29th interval in the alto line?	Drese_JesuGehVoran	chorale-bricks	Drese_JesuGehVoran	data/chorale-bricks/Drese_JesuGehVoran	Perfect Unison	"[""Major Second"", ""Major Sixth"", ""Major Third"", ""Minor Second"", ""Minor Third"", ""Perfect Fifth"", ""Perfect Fourth""]"	"[""Major Second"", ""Perfect Fourth"", ""Major Third"", ""Major Sixth"", ""Minor Second"", ""Perfect Fifth"", ""Minor Third""]"	audio	audio.mastermix.wav	data/chorale-bricks/Drese_JesuGehVoran/audio.mastermix.wav	none of the other options is correct	"[""none of the other options is correct"", ""Major Second"", ""Perfect Fourth"", ""Major Third"", ""Major Sixth""]"	0.2	1	"[""A"", ""B"", ""C"", ""D"", ""E""]"	"{""A"": ""none of the other options is correct"", ""B"": ""Perfect Fourth"", ""C"": ""Major Second"", ""D"": ""Major Sixth"", ""E"": ""Major Third""}"	"[""(A) none of the other options is correct"", ""(B) Perfect Fourth"", ""(C) Major Second"", ""(D) Major Sixth"", ""(E) Major Third""]"	(A) none of the other options is correct	A
f29f65cf-d096-5bd3-bb56-0c7283334741	3	perception	pitch	relative	pitch-relative	interval-recognition		interval recognition	What is the {target_index} interval in the {voice} line?	"[""target_index"", ""voice""]"	get_nth_interval		interval	"{""target_index"": ""29th"", ""voice"": ""alto""}"	What is the 29th interval in the alto line?	Drese_JesuGehVoran	chorale-bricks	Drese_JesuGehVoran	data/chorale-bricks/Drese_JesuGehVoran	Perfect Unison	"[""Major Second"", ""Major Sixth"", ""Major Third"", ""Minor Second"", ""Minor Third"", ""Perfect Fifth"", ""Perfect Fourth""]"	"[""Major Second"", ""Perfect Fourth"", ""Major Third"", ""Major Sixth"", ""Minor Second"", ""Perfect Fifth"", ""Minor Third""]"	symbolic	symbolic.abc.txt	data/chorale-bricks/Drese_JesuGehVoran/symbolic.abc.txt	none of the other options is correct	"[""none of the other options is correct"", ""Major Second"", ""Perfect Fourth"", ""Major Third"", ""Major Sixth""]"	0.2	1	"[""A"", ""B"", ""C"", ""D"", ""E""]"	"{""A"": ""Major Third"", ""B"": ""Major Second"", ""C"": ""Major Sixth"", ""D"": ""none of the other options is correct"", ""E"": ""Perfect Fourth""}"	"[""(A) Major Third"", ""(B) Major Second"", ""(C) Major Sixth"", ""(D) none of the other options is correct"", ""(E) Perfect Fourth""]"	(D) none of the other options is correct	D
5ed82521-d675-58a2-9ead-2c3ec4b3ff50	3	perception	pitch	relative	pitch-relative	interval-recognition		interval recognition	What is the {target_index} interval in the {voice} line?	"[""target_index"", ""voice""]"	get_nth_interval		interval	"{""target_index"": ""29th"", ""voice"": ""alto""}"	What is the 29th interval in the alto line?	Drese_JesuGehVoran	chorale-bricks	Drese_JesuGehVoran	data/chorale-bricks/Drese_JesuGehVoran	Perfect Unison	"[""Major Second"", ""Major Sixth"", ""Major Third"", ""Minor Second"", ""Minor Third"", ""Perfect Fifth"", ""Perfect Fourth""]"	"[""Major Second"", ""Perfect Fourth"", ""Major Third"", ""Major Sixth"", ""Minor Second"", ""Perfect Fifth"", ""Minor Third""]"	visual	visual.short.png	data/chorale-bricks/Drese_JesuGehVoran/visual.short.png	Perfect Unison	"[""Perfect Unison"", ""none of the other options is correct"", ""Major Second"", ""Perfect Fourth"", ""Major Third""]"	0.2	0	"[""A"", ""B"", ""C"", ""D"", ""E""]"	"{""A"": ""Perfect Fourth"", ""B"": ""none of the other options is correct"", ""C"": ""Major Third"", ""D"": ""Perfect Unison"", ""E"": ""Major Second""}"	"[""(A) Perfect Fourth"", ""(B) none of the other options is correct"", ""(C) Major Third"", ""(D) Perfect Unison"", ""(E) Major Second""]"	(D) Perfect Unison	D
ba5f41b9-77dc-5409-942e-b86d71c8f1c0	3	perception	pitch	relative	pitch-relative	interval-recognition		interval recognition	What is the {target_index} interval in the {voice} line?	"[""target_index"", ""voice""]"	get_nth_interval		interval	"{""target_index"": ""5th"", ""voice"": ""tenor""}"	What is the 5th interval in the tenor line?	Telemann_DerLiebenSonneLichtUndPracht	chorale-bricks	Telemann_DerLiebenSonneLichtUndPracht	data/chorale-bricks/Telemann_DerLiebenSonneLichtUndPracht	Minor Second	"[""Diminished Unison"", ""Major Second"", ""Major Third"", ""Minor Sixth"", ""Minor Third"", ""Perfect Fifth"", ""Perfect Fourth"", ""Perfect Unison""]"	"[""Diminished Unison"", ""Minor Third"", ""Perfect Fourth"", ""Perfect Unison"", ""Major Second"", ""Minor Sixth"", ""Major Third"", ""Perfect Fifth""]"	audio	audio.mastermix.wav	data/chorale-bricks/Telemann_DerLiebenSonneLichtUndPracht/audio.mastermix.wav	none of the other options is correct	"[""none of the other options is correct"", ""Diminished Unison"", ""Minor Third"", ""Perfect Fourth"", ""Perfect Unison""]"	0.2	1	"[""A"", ""B"", ""C"", ""D"", ""E""]"	"{""A"": ""Perfect Unison"", ""B"": ""Diminished Unison"", ""C"": ""none of the other options is correct"", ""D"": ""Perfect Fourth"", ""E"": ""Minor Third""}"	"[""(A) Perfect Unison"", ""(B) Diminished Unison"", ""(C) none of the other options is correct"", ""(D) Perfect Fourth"", ""(E) Minor Third""]"	(C) none of the other options is correct	C
42ed6ea6-6008-5b4d-89c8-f4872529a92c	3	perception	pitch	relative	pitch-relative	interval-recognition		interval recognition	What is the {target_index} interval in the {voice} line?	"[""target_index"", ""voice""]"	get_nth_interval		interval	"{""target_index"": ""5th"", ""voice"": ""tenor""}"	What is the 5th interval in the tenor line?	Telemann_DerLiebenSonneLichtUndPracht	chorale-bricks	Telemann_DerLiebenSonneLichtUndPracht	data/chorale-bricks/Telemann_DerLiebenSonneLichtUndPracht	Minor Second	"[""Diminished Unison"", ""Major Second"", ""Major Third"", ""Minor Sixth"", ""Minor Third"", ""Perfect Fifth"", ""Perfect Fourth"", ""Perfect Unison""]"	"[""Diminished Unison"", ""Minor Third"", ""Perfect Fourth"", ""Perfect Unison"", ""Major Second"", ""Minor Sixth"", ""Major Third"", ""Perfect Fifth""]"	symbolic	symbolic.abc.txt	data/chorale-bricks/Telemann_DerLiebenSonneLichtUndPracht/symbolic.abc.txt	Minor Second	"[""Minor Second"", ""none of the other options is correct"", ""Diminished Unison"", ""Minor Third"", ""Perfect Fourth""]"	0.2	0	"[""A"", ""B"", ""C"", ""D"", ""E""]"	"{""A"": ""Minor Second"", ""B"": ""Perfect Fourth"", ""C"": ""Diminished Unison"", ""D"": ""Minor Third"", ""E"": ""none of the other options is correct""}"	"[""(A) Minor Second"", ""(B) Perfect Fourth"", ""(C) Diminished Unison"", ""(D) Minor Third"", ""(E) none of the other options is correct""]"	(A) Minor Second	A
52b6a1f3-f09a-5b0b-a87e-6493b7ffbbd4	3	perception	pitch	relative	pitch-relative	interval-recognition		interval recognition	What is the {target_index} interval in the {voice} line?	"[""target_index"", ""voice""]"	get_nth_interval		interval	"{""target_index"": ""5th"", ""voice"": ""tenor""}"	What is the 5th interval in the tenor line?	Telemann_DerLiebenSonneLichtUndPracht	chorale-bricks	Telemann_DerLiebenSonneLichtUndPracht	data/chorale-bricks/Telemann_DerLiebenSonneLichtUndPracht	Minor Second	"[""Diminished Unison"", ""Major Second"", ""Major Third"", ""Minor Sixth"", ""Minor Third"", ""Perfect Fifth"", ""Perfect Fourth"", ""Perfect Unison""]"	"[""Diminished Unison"", ""Minor Third"", ""Perfect Fourth"", ""Perfect Unison"", ""Major Second"", ""Minor Sixth"", ""Major Third"", ""Perfect Fifth""]"	visual	visual.short.png	data/chorale-bricks/Telemann_DerLiebenSonneLichtUndPracht/visual.short.png	Minor Second	"[""Minor Second"", ""none of the other options is correct"", ""Diminished Unison"", ""Minor Third"", ""Perfect Fourth""]"	0.2	0	"[""A"", ""B"", ""C"", ""D"", ""E""]"	"{""A"": ""Perfect Fourth"", ""B"": ""Minor Third"", ""C"": ""Minor Second"", ""D"": ""Diminished Unison"", ""E"": ""none of the other options is correct""}"	"[""(A) Perfect Fourth"", ""(B) Minor Third"", ""(C) Minor Second"", ""(D) Diminished Unison"", ""(E) none of the other options is correct""]"	(C) Minor Second	C
bb728d26-88f6-5f12-b879-6976dd3781e8	3	perception	pitch	relative	pitch-relative	interval-recognition		interval recognition	What is the {target_index} interval in the {voice} line?	"[""target_index"", ""voice""]"	get_nth_interval		interval	"{""target_index"": ""20th"", ""voice"": ""soprano""}"	What is the 20th interval in the soprano line?	Gesius_BefiehlDuDeineWege	chorale-bricks	Gesius_BefiehlDuDeineWege	data/chorale-bricks/Gesius_BefiehlDuDeineWege	Minor Third	"[""Major Second"", ""Major Third"", ""Minor Second"", ""Minor Sixth"", ""Perfect Fifth"", ""Perfect Fourth"", ""Perfect Unison""]"	"[""Perfect Fourth"", ""Perfect Fifth"", ""Perfect Unison"", ""Minor Second"", ""Major Third"", ""Major Second"", ""Minor Sixth""]"	audio	audio.mastermix.wav	data/chorale-bricks/Gesius_BefiehlDuDeineWege/audio.mastermix.wav	Minor Third	"[""Minor Third"", ""none of the other options is correct"", ""Perfect Fourth"", ""Perfect Fifth"", ""Perfect Unison""]"	0.2	0	"[""A"", ""B"", ""C"", ""D"", ""E""]"	"{""A"": ""Perfect Fifth"", ""B"": ""Perfect Fourth"", ""C"": ""none of the other options is correct"", ""D"": ""Minor Third"", ""E"": ""Perfect Unison""}"	"[""(A) Perfect Fifth"", ""(B) Perfect Fourth"", ""(C) none of the other options is correct"", ""(D) Minor Third"", ""(E) Perfect Unison""]"	(D) Minor Third	D
e3db9d24-9773-54c7-8a1e-95cbbaa0bf90	3	perception	pitch	relative	pitch-relative	interval-recognition		interval recognition	What is the {target_index} interval in the {voice} line?	"[""target_index"", ""voice""]"	get_nth_interval		interval	"{""target_index"": ""20th"", ""voice"": ""soprano""}"	What is the 20th interval in the soprano line?	Gesius_BefiehlDuDeineWege	chorale-bricks	Gesius_BefiehlDuDeineWege	data/chorale-bricks/Gesius_BefiehlDuDeineWege	Minor Third	"[""Major Second"", ""Major Third"", ""Minor Second"", ""Minor Sixth"", ""Perfect Fifth"", ""Perfect Fourth"", ""Perfect Unison""]"	"[""Perfect Fourth"", ""Perfect Fifth"", ""Perfect Unison"", ""Minor Second"", ""Major Third"", ""Major Second"", ""Minor Sixth""]"	symbolic	symbolic.abc.txt	data/chorale-bricks/Gesius_BefiehlDuDeineWege/symbolic.abc.txt	Minor Third	"[""Minor Third"", ""none of the other options is correct"", ""Perfect Fourth"", ""Perfect Fifth"", ""Perfect Unison""]"	0.2	0	"[""A"", ""B"", ""C"", ""D"", ""E""]"	"{""A"": ""Perfect Unison"", ""B"": ""Perfect Fifth"", ""C"": ""Minor Third"", ""D"": ""none of the other options is correct"", ""E"": ""Perfect Fourth""}"	"[""(A) Perfect Unison"", ""(B) Perfect Fifth"", ""(C) Minor Third"", ""(D) none of the other options is correct"", ""(E) Perfect Fourth""]"	(C) Minor Third	C
c84b50e2-f03d-5fb8-a0cf-0b75e3f6aaf3	3	perception	pitch	relative	pitch-relative	interval-recognition		interval recognition	What is the {target_index} interval in the {voice} line?	"[""target_index"", ""voice""]"	get_nth_interval		interval	"{""target_index"": ""20th"", ""voice"": ""soprano""}"	What is the 20th interval in the soprano line?	Gesius_BefiehlDuDeineWege	chorale-bricks	Gesius_BefiehlDuDeineWege	data/chorale-bricks/Gesius_BefiehlDuDeineWege	Minor Third	"[""Major Second"", ""Major Third"", ""Minor Second"", ""Minor Sixth"", ""Perfect Fifth"", ""Perfect Fourth"", ""Perfect Unison""]"	"[""Perfect Fourth"", ""Perfect Fifth"", ""Perfect Unison"", ""Minor Second"", ""Major Third"", ""Major Second"", ""Minor Sixth""]"	visual	visual.short.png	data/chorale-bricks/Gesius_BefiehlDuDeineWege/visual.short.png	Minor Third	"[""Minor Third"", ""none of the other options is correct"", ""Perfect Fourth"", ""Perfect Fifth"", ""Perfect Unison""]"	0.2	0	"[""A"", ""B"", ""C"", ""D"", ""E""]"	"{""A"": ""Minor Third"", ""B"": ""Perfect Unison"", ""C"": ""Perfect Fourth"", ""D"": ""Perfect Fifth"", ""E"": ""none of the other options is correct""}"	"[""(A) Minor Third"", ""(B) Perfect Unison"", ""(C) Perfect Fourth"", ""(D) Perfect Fifth"", ""(E) none of the other options is correct""]"	(A) Minor Third	A
caab01c2-31bc-54dc-8840-a5643ebab909	3	perception	pitch	relative	pitch-relative	interval-recognition		interval recognition	What is the {target_index} interval in the {voice} line?	"[""target_index"", ""voice""]"	get_nth_interval		interval	"{""target_index"": ""21st"", ""voice"": ""bass""}"	What is the 21st interval in the bass line?	Bach_IchStehAnDeinerKrippe	chorale-bricks	Bach_IchStehAnDeinerKrippe	data/chorale-bricks/Bach_IchStehAnDeinerKrippe	Perfect Unison	"[""Diminished Unison"", ""Major Second"", ""Major Third"", ""Minor Second"", ""Minor Sixth"", ""Minor Third"", ""Perfect Fifth"", ""Perfect Fourth""]"	"[""Perfect Fourth"", ""Minor Third"", ""Perfect Fifth"", ""Major Third"", ""Major Second"", ""Diminished Unison"", ""Minor Second"", ""Minor Sixth""]"	audio	audio.mastermix.wav	data/chorale-bricks/Bach_IchStehAnDeinerKrippe/audio.mastermix.wav	Perfect Unison	"[""Perfect Unison"", ""none of the other options is correct"", ""Perfect Fourth"", ""Minor Third"", ""Perfect Fifth""]"	0.2	0	"[""A"", ""B"", ""C"", ""D"", ""E""]"	"{""A"": ""Minor Third"", ""B"": ""Perfect Unison"", ""C"": ""Perfect Fifth"", ""D"": ""none of the other options is correct"", ""E"": ""Perfect Fourth""}"	"[""(A) Minor Third"", ""(B) Perfect Unison"", ""(C) Perfect Fifth"", ""(D) none of the other options is correct"", ""(E) Perfect Fourth""]"	(B) Perfect Unison	B
7f5035a3-9a30-528b-873d-d25255f971dc	3	perception	pitch	relative	pitch-relative	interval-recognition		interval recognition	What is the {target_index} interval in the {voice} line?	"[""target_index"", ""voice""]"	get_nth_interval		interval	"{""target_index"": ""21st"", ""voice"": ""bass""}"	What is the 21st interval in the bass line?	Bach_IchStehAnDeinerKrippe	chorale-bricks	Bach_IchStehAnDeinerKrippe	data/chorale-bricks/Bach_IchStehAnDeinerKrippe	Perfect Unison	"[""Diminished Unison"", ""Major Second"", ""Major Third"", ""Minor Second"", ""Minor Sixth"", ""Minor Third"", ""Perfect Fifth"", ""Perfect Fourth""]"	"[""Perfect Fourth"", ""Minor Third"", ""Perfect Fifth"", ""Major Third"", ""Major Second"", ""Diminished Unison"", ""Minor Second"", ""Minor Sixth""]"	symbolic	symbolic.abc.txt	data/chorale-bricks/Bach_IchStehAnDeinerKrippe/symbolic.abc.txt	Perfect Unison	"[""Perfect Unison"", ""none of the other options is correct"", ""Perfect Fourth"", ""Minor Third"", ""Perfect Fifth""]"	0.2	0	"[""A"", ""B"", ""C"", ""D"", ""E""]"	"{""A"": ""Perfect Unison"", ""B"": ""none of the other options is correct"", ""C"": ""Perfect Fifth"", ""D"": ""Minor Third"", ""E"": ""Perfect Fourth""}"	"[""(A) Perfect Unison"", ""(B) none of the other options is correct"", ""(C) Perfect Fifth"", ""(D) Minor Third"", ""(E) Perfect Fourth""]"	(A) Perfect Unison	A
428f6250-5d87-521c-a185-ad8bb52e70bc	3	perception	pitch	relative	pitch-relative	interval-recognition		interval recognition	What is the {target_index} interval in the {voice} line?	"[""target_index"", ""voice""]"	get_nth_interval		interval	"{""target_index"": ""21st"", ""voice"": ""bass""}"	What is the 21st interval in the bass line?	Bach_IchStehAnDeinerKrippe	chorale-bricks	Bach_IchStehAnDeinerKrippe	data/chorale-bricks/Bach_IchStehAnDeinerKrippe	Perfect Unison	"[""Diminished Unison"", ""Major Second"", ""Major Third"", ""Minor Second"", ""Minor Sixth"", ""Minor Third"", ""Perfect Fifth"", ""Perfect Fourth""]"	"[""Perfect Fourth"", ""Minor Third"", ""Perfect Fifth"", ""Major Third"", ""Major Second"", ""Diminished Unison"", ""Minor Second"", ""Minor Sixth""]"	visual	visual.short.png	data/chorale-bricks/Bach_IchStehAnDeinerKrippe/visual.short.png	none of the other options is correct	"[""none of the other options is correct"", ""Perfect Fourth"", ""Minor Third"", ""Perfect Fifth"", ""Major Third""]"	0.2	1	"[""A"", ""B"", ""C"", ""D"", ""E""]"	"{""A"": ""Perfect Fifth"", ""B"": ""Perfect Fourth"", ""C"": ""none of the other options is correct"", ""D"": ""Minor Third"", ""E"": ""Major Third""}"	"[""(A) Perfect Fifth"", ""(B) Perfect Fourth"", ""(C) none of the other options is correct"", ""(D) Minor Third"", ""(E) Major Third""]"	(C) none of the other options is correct	C
6cfe8566-6c88-597e-a823-3fcb6fe6e11e	3	perception	pitch	relative	pitch-relative	interval-recognition		interval recognition	What is the {target_index} interval in the {voice} line?	"[""target_index"", ""voice""]"	get_nth_interval		interval	"{""target_index"": ""35th"", ""voice"": ""alto""}"	What is the 35th interval in the alto line?	Bach_IchStehAnDeinerKrippe	chorale-bricks	Bach_IchStehAnDeinerKrippe	data/chorale-bricks/Bach_IchStehAnDeinerKrippe	Perfect Unison	"[""Diminished Unison"", ""Major Second"", ""Major Third"", ""Minor Second"", ""Minor Sixth"", ""Minor Third"", ""Perfect Fifth"", ""Perfect Fourth""]"	"[""Perfect Fifth"", ""Major Second"", ""Diminished Unison"", ""Perfect Fourth"", ""Minor Sixth"", ""Minor Third"", ""Minor Second"", ""Major Third""]"	audio	audio.mastermix.wav	data/chorale-bricks/Bach_IchStehAnDeinerKrippe/audio.mastermix.wav	Perfect Unison	"[""Perfect Unison"", ""none of the other options is correct"", ""Perfect Fifth"", ""Major Second"", ""Diminished Unison""]"	0.2	0	"[""A"", ""B"", ""C"", ""D"", ""E""]"	"{""A"": ""Perfect Unison"", ""B"": ""Diminished Unison"", ""C"": ""Perfect Fifth"", ""D"": ""none of the other options is correct"", ""E"": ""Major Second""}"	"[""(A) Perfect Unison"", ""(B) Diminished Unison"", ""(C) Perfect Fifth"", ""(D) none of the other options is correct"", ""(E) Major Second""]"	(A) Perfect Unison	A
f0f455a4-778e-5ca1-b5fc-80119eb2ed5b	3	perception	pitch	relative	pitch-relative	interval-recognition		interval recognition	What is the {target_index} interval in the {voice} line?	"[""target_index"", ""voice""]"	get_nth_interval		interval	"{""target_index"": ""35th"", ""voice"": ""alto""}"	What is the 35th interval in the alto line?	Bach_IchStehAnDeinerKrippe	chorale-bricks	Bach_IchStehAnDeinerKrippe	data/chorale-bricks/Bach_IchStehAnDeinerKrippe	Perfect Unison	"[""Diminished Unison"", ""Major Second"", ""Major Third"", ""Minor Second"", ""Minor Sixth"", ""Minor Third"", ""Perfect Fifth"", ""Perfect Fourth""]"	"[""Perfect Fifth"", ""Major Second"", ""Diminished Unison"", ""Perfect Fourth"", ""Minor Sixth"", ""Minor Third"", ""Minor Second"", ""Major Third""]"	symbolic	symbolic.abc.txt	data/chorale-bricks/Bach_IchStehAnDeinerKrippe/symbolic.abc.txt	none of the other options is correct	"[""none of the other options is correct"", ""Perfect Fifth"", ""Major Second"", ""Diminished Unison"", ""Perfect Fourth""]"	0.2	1	"[""A"", ""B"", ""C"", ""D"", ""E""]"	"{""A"": ""none of the other options is correct"", ""B"": ""Perfect Fifth"", ""C"": ""Major Second"", ""D"": ""Perfect Fourth"", ""E"": ""Diminished Unison""}"	"[""(A) none of the other options is correct"", ""(B) Perfect Fifth"", ""(C) Major Second"", ""(D) Perfect Fourth"", ""(E) Diminished Unison""]"	(A) none of the other options is correct	A
a7c4bb1f-ed53-5054-a5a8-fa3ddae8461f	3	perception	pitch	relative	pitch-relative	interval-recognition		interval recognition	What is the {target_index} interval in the {voice} line?	"[""target_index"", ""voice""]"	get_nth_interval		interval	"{""target_index"": ""35th"", ""voice"": ""alto""}"	What is the 35th interval in the alto line?	Bach_IchStehAnDeinerKrippe	chorale-bricks	Bach_IchStehAnDeinerKrippe	data/chorale-bricks/Bach_IchStehAnDeinerKrippe	Perfect Unison	"[""Diminished Unison"", ""Major Second"", ""Major Third"", ""Minor Second"", ""Minor Sixth"", ""Minor Third"", ""Perfect Fifth"", ""Perfect Fourth""]"	"[""Perfect Fifth"", ""Major Second"", ""Diminished Unison"", ""Perfect Fourth"", ""Minor Sixth"", ""Minor Third"", ""Minor Second"", ""Major Third""]"	visual	visual.short.png	data/chorale-bricks/Bach_IchStehAnDeinerKrippe/visual.short.png	Perfect Unison	"[""Perfect Unison"", ""none of the other options is correct"", ""Perfect Fifth"", ""Major Second"", ""Diminished Unison""]"	0.2	0	"[""A"", ""B"", ""C"", ""D"", ""E""]"	"{""A"": ""Diminished Unison"", ""B"": ""Major Second"", ""C"": ""Perfect Unison"", ""D"": ""none of the other options is correct"", ""E"": ""Perfect Fifth""}"	"[""(A) Diminished Unison"", ""(B) Major Second"", ""(C) Perfect Unison"", ""(D) none of the other options is correct"", ""(E) Perfect Fifth""]"	(C) Perfect Unison	C
2718ab8d-c8ae-58db-8d1c-c55ea007eb42	3	perception	pitch	relative	pitch-relative	interval-recognition		interval recognition	What is the {target_index} interval in the {voice} line?	"[""target_index"", ""voice""]"	get_nth_interval		interval	"{""target_index"": ""20th"", ""voice"": ""soprano""}"	What is the 20th interval in the soprano line?	Vulpius_DieHelleSonnLeuchtJetztHerfuer	chorale-bricks	Vulpius_DieHelleSonnLeuchtJetztHerfuer	data/chorale-bricks/Vulpius_DieHelleSonnLeuchtJetztHerfuer	Perfect Fourth	"[""Diminished Unison"", ""Major Second"", ""Major Third"", ""Minor Second"", ""Minor Third"", ""Perfect Fifth"", ""Perfect Unison""]"	"[""Minor Third"", ""Major Third"", ""Perfect Unison"", ""Perfect Fifth"", ""Major Second"", ""Diminished Unison"", ""Minor Second""]"	audio	audio.mastermix.wav	data/chorale-bricks/Vulpius_DieHelleSonnLeuchtJetztHerfuer/audio.mastermix.wav	Perfect Fourth	"[""Perfect Fourth"", ""none of the other options is correct"", ""Minor Third"", ""Major Third"", ""Perfect Unison""]"	0.2	0	"[""A"", ""B"", ""C"", ""D"", ""E""]"	"{""A"": ""Major Third"", ""B"": ""Perfect Fourth"", ""C"": ""Minor Third"", ""D"": ""none of the other options is correct"", ""E"": ""Perfect Unison""}"	"[""(A) Major Third"", ""(B) Perfect Fourth"", ""(C) Minor Third"", ""(D) none of the other options is correct"", ""(E) Perfect Unison""]"	(B) Perfect Fourth	B
aab74bd8-2d57-5de7-b198-0dee3ef1ccb1	3	perception	pitch	relative	pitch-relative	interval-recognition		interval recognition	What is the {target_index} interval in the {voice} line?	"[""target_index"", ""voice""]"	get_nth_interval		interval	"{""target_index"": ""20th"", ""voice"": ""soprano""}"	What is the 20th interval in the soprano line?	Vulpius_DieHelleSonnLeuchtJetztHerfuer	chorale-bricks	Vulpius_DieHelleSonnLeuchtJetztHerfuer	data/chorale-bricks/Vulpius_DieHelleSonnLeuchtJetztHerfuer	Perfect Fourth	"[""Diminished Unison"", ""Major Second"", ""Major Third"", ""Minor Second"", ""Minor Third"", ""Perfect Fifth"", ""Perfect Unison""]"	"[""Minor Third"", ""Major Third"", ""Perfect Unison"", ""Perfect Fifth"", ""Major Second"", ""Diminished Unison"", ""Minor Second""]"	symbolic	symbolic.abc.txt	data/chorale-bricks/Vulpius_DieHelleSonnLeuchtJetztHerfuer/symbolic.abc.txt	Perfect Fourth	"[""Perfect Fourth"", ""none of the other options is correct"", ""Minor Third"", ""Major Third"", ""Perfect Unison""]"	0.2	0	"[""A"", ""B"", ""C"", ""D"", ""E""]"	"{""A"": ""Minor Third"", ""B"": ""Major Third"", ""C"": ""Perfect Unison"", ""D"": ""Perfect Fourth"", ""E"": ""none of the other options is correct""}"	"[""(A) Minor Third"", ""(B) Major Third"", ""(C) Perfect Unison"", ""(D) Perfect Fourth"", ""(E) none of the other options is correct""]"	(D) Perfect Fourth	D
3e8fac0d-5fd9-55f2-82be-7be59c05b532	3	perception	pitch	relative	pitch-relative	interval-recognition		interval recognition	What is the {target_index} interval in the {voice} line?	"[""target_index"", ""voice""]"	get_nth_interval		interval	"{""target_index"": ""20th"", ""voice"": ""soprano""}"	What is the 20th interval in the soprano line?	Vulpius_DieHelleSonnLeuchtJetztHerfuer	chorale-bricks	Vulpius_DieHelleSonnLeuchtJetztHerfuer	data/chorale-bricks/Vulpius_DieHelleSonnLeuchtJetztHerfuer	Perfect Fourth	"[""Diminished Unison"", ""Major Second"", ""Major Third"", ""Minor Second"", ""Minor Third"", ""Perfect Fifth"", ""Perfect Unison""]"	"[""Minor Third"", ""Major Third"", ""Perfect Unison"", ""Perfect Fifth"", ""Major Second"", ""Diminished Unison"", ""Minor Second""]"	visual	visual.short.png	data/chorale-bricks/Vulpius_DieHelleSonnLeuchtJetztHerfuer/visual.short.png	none of the other options is correct	"[""none of the other options is correct"", ""Minor Third"", ""Major Third"", ""Perfect Unison"", ""Perfect Fifth""]"	0.2	1	"[""A"", ""B"", ""C"", ""D"", ""E""]"	"{""A"": ""Minor Third"", ""B"": ""Major Third"", ""C"": ""Perfect Fifth"", ""D"": ""none of the other options is correct"", ""E"": ""Perfect Unison""}"	"[""(A) Minor Third"", ""(B) Major Third"", ""(C) Perfect Fifth"", ""(D) none of the other options is correct"", ""(E) Perfect Unison""]"	(D) none of the other options is correct	D
ca4ca0f7-ceaf-5441-8637-9d800ae0d25d	3	perception	pitch	relative	pitch-relative	interval-recognition		interval recognition	What is the {target_index} interval in the {voice} line?	"[""target_index"", ""voice""]"	get_nth_interval		interval	"{""target_index"": ""20th"", ""voice"": ""bass""}"	What is the 20th interval in the bass line?	Vulpius_DieHelleSonnLeuchtJetztHerfuer	chorale-bricks	Vulpius_DieHelleSonnLeuchtJetztHerfuer	data/chorale-bricks/Vulpius_DieHelleSonnLeuchtJetztHerfuer	Major Third	"[""Diminished Unison"", ""Major Second"", ""Minor Second"", ""Minor Third"", ""Perfect Fifth"", ""Perfect Fourth"", ""Perfect Unison""]"	"[""Perfect Fourth"", ""Major Second"", ""Diminished Unison"", ""Perfect Unison"", ""Minor Second"", ""Perfect Fifth"", ""Minor Third""]"	audio	audio.mastermix.wav	data/chorale-bricks/Vulpius_DieHelleSonnLeuchtJetztHerfuer/audio.mastermix.wav	none of the other options is correct	"[""none of the other options is correct"", ""Perfect Fourth"", ""Major Second"", ""Diminished Unison"", ""Perfect Unison""]"	0.2	1	"[""A"", ""B"", ""C"", ""D"", ""E""]"	"{""A"": ""Perfect Fourth"", ""B"": ""Diminished Unison"", ""C"": ""none of the other options is correct"", ""D"": ""Major Second"", ""E"": ""Perfect Unison""}"	"[""(A) Perfect Fourth"", ""(B) Diminished Unison"", ""(C) none of the other options is correct"", ""(D) Major Second"", ""(E) Perfect Unison""]"	(C) none of the other options is correct	C
21fd7b7e-875a-50e0-8f82-643e96a0ef35	3	perception	pitch	relative	pitch-relative	interval-recognition		interval recognition	What is the {target_index} interval in the {voice} line?	"[""target_index"", ""voice""]"	get_nth_interval		interval	"{""target_index"": ""20th"", ""voice"": ""bass""}"	What is the 20th interval in the bass line?	Vulpius_DieHelleSonnLeuchtJetztHerfuer	chorale-bricks	Vulpius_DieHelleSonnLeuchtJetztHerfuer	data/chorale-bricks/Vulpius_DieHelleSonnLeuchtJetztHerfuer	Major Third	"[""Diminished Unison"", ""Major Second"", ""Minor Second"", ""Minor Third"", ""Perfect Fifth"", ""Perfect Fourth"", ""Perfect Unison""]"	"[""Perfect Fourth"", ""Major Second"", ""Diminished Unison"", ""Perfect Unison"", ""Minor Second"", ""Perfect Fifth"", ""Minor Third""]"	symbolic	symbolic.abc.txt	data/chorale-bricks/Vulpius_DieHelleSonnLeuchtJetztHerfuer/symbolic.abc.txt	Major Third	"[""Major Third"", ""none of the other options is correct"", ""Perfect Fourth"", ""Major Second"", ""Diminished Unison""]"	0.2	0	"[""A"", ""B"", ""C"", ""D"", ""E""]"	"{""A"": ""none of the other options is correct"", ""B"": ""Major Second"", ""C"": ""Perfect Fourth"", ""D"": ""Major Third"", ""E"": ""Diminished Unison""}"	"[""(A) none of the other options is correct"", ""(B) Major Second"", ""(C) Perfect Fourth"", ""(D) Major Third"", ""(E) Diminished Unison""]"	(D) Major Third	D
762d4645-31e5-5c62-aac3-1227f2027aa2	3	perception	pitch	relative	pitch-relative	interval-recognition		interval recognition	What is the {target_index} interval in the {voice} line?	"[""target_index"", ""voice""]"	get_nth_interval		interval	"{""target_index"": ""20th"", ""voice"": ""bass""}"	What is the 20th interval in the bass line?	Vulpius_DieHelleSonnLeuchtJetztHerfuer	chorale-bricks	Vulpius_DieHelleSonnLeuchtJetztHerfuer	data/chorale-bricks/Vulpius_DieHelleSonnLeuchtJetztHerfuer	Major Third	"[""Diminished Unison"", ""Major Second"", ""Minor Second"", ""Minor Third"", ""Perfect Fifth"", ""Perfect Fourth"", ""Perfect Unison""]"	"[""Perfect Fourth"", ""Major Second"", ""Diminished Unison"", ""Perfect Unison"", ""Minor Second"", ""Perfect Fifth"", ""Minor Third""]"	visual	visual.short.png	data/chorale-bricks/Vulpius_DieHelleSonnLeuchtJetztHerfuer/visual.short.png	Major Third	"[""Major Third"", ""none of the other options is correct"", ""Perfect Fourth"", ""Major Second"", ""Diminished Unison""]"	0.2	0	"[""A"", ""B"", ""C"", ""D"", ""E""]"	"{""A"": ""none of the other options is correct"", ""B"": ""Major Third"", ""C"": ""Perfect Fourth"", ""D"": ""Major Second"", ""E"": ""Diminished Unison""}"	"[""(A) none of the other options is correct"", ""(B) Major Third"", ""(C) Perfect Fourth"", ""(D) Major Second"", ""(E) Diminished Unison""]"	(B) Major Third	B
1a7654ad-af68-5719-a5e0-c2009e064472	3	perception	pitch	relative	pitch-relative	interval-recognition		interval recognition	What is the {target_index} interval in the {voice} line?	"[""target_index"", ""voice""]"	get_nth_interval		interval	"{""target_index"": ""31st"", ""voice"": ""alto""}"	What is the 31st interval in the alto line?	Telemann_DerLiebenSonneLichtUndPracht	chorale-bricks	Telemann_DerLiebenSonneLichtUndPracht	data/chorale-bricks/Telemann_DerLiebenSonneLichtUndPracht	Minor Second	"[""Diminished Unison"", ""Major Second"", ""Major Third"", ""Minor Sixth"", ""Minor Third"", ""Perfect Fifth"", ""Perfect Fourth"", ""Perfect Unison""]"	"[""Diminished Unison"", ""Major Third"", ""Major Second"", ""Minor Sixth"", ""Perfect Fifth"", ""Perfect Fourth"", ""Minor Third"", ""Perfect Unison""]"	audio	audio.mastermix.wav	data/chorale-bricks/Telemann_DerLiebenSonneLichtUndPracht/audio.mastermix.wav	Minor Second	"[""Minor Second"", ""none of the other options is correct"", ""Diminished Unison"", ""Major Third"", ""Major Second""]"	0.2	0	"[""A"", ""B"", ""C"", ""D"", ""E""]"	"{""A"": ""none of the other options is correct"", ""B"": ""Minor Second"", ""C"": ""Major Second"", ""D"": ""Diminished Unison"", ""E"": ""Major Third""}"	"[""(A) none of the other options is correct"", ""(B) Minor Second"", ""(C) Major Second"", ""(D) Diminished Unison"", ""(E) Major Third""]"	(B) Minor Second	B
ca552ad6-1161-581e-9dfe-811f54dc5787	3	perception	pitch	relative	pitch-relative	interval-recognition		interval recognition	What is the {target_index} interval in the {voice} line?	"[""target_index"", ""voice""]"	get_nth_interval		interval	"{""target_index"": ""31st"", ""voice"": ""alto""}"	What is the 31st interval in the alto line?	Telemann_DerLiebenSonneLichtUndPracht	chorale-bricks	Telemann_DerLiebenSonneLichtUndPracht	data/chorale-bricks/Telemann_DerLiebenSonneLichtUndPracht	Minor Second	"[""Diminished Unison"", ""Major Second"", ""Major Third"", ""Minor Sixth"", ""Minor Third"", ""Perfect Fifth"", ""Perfect Fourth"", ""Perfect Unison""]"	"[""Diminished Unison"", ""Major Third"", ""Major Second"", ""Minor Sixth"", ""Perfect Fifth"", ""Perfect Fourth"", ""Minor Third"", ""Perfect Unison""]"	symbolic	symbolic.abc.txt	data/chorale-bricks/Telemann_DerLiebenSonneLichtUndPracht/symbolic.abc.txt	Minor Second	"[""Minor Second"", ""none of the other options is correct"", ""Diminished Unison"", ""Major Third"", ""Major Second""]"	0.2	0	"[""A"", ""B"", ""C"", ""D"", ""E""]"	"{""A"": ""Minor Second"", ""B"": ""Major Second"", ""C"": ""Major Third"", ""D"": ""none of the other options is correct"", ""E"": ""Diminished Unison""}"	"[""(A) Minor Second"", ""(B) Major Second"", ""(C) Major Third"", ""(D) none of the other options is correct"", ""(E) Diminished Unison""]"	(A) Minor Second	A
a55226a6-3406-5946-9ceb-4d96162843f9	3	perception	pitch	relative	pitch-relative	interval-recognition		interval recognition	What is the {target_index} interval in the {voice} line?	"[""target_index"", ""voice""]"	get_nth_interval		interval	"{""target_index"": ""31st"", ""voice"": ""alto""}"	What is the 31st interval in the alto line?	Telemann_DerLiebenSonneLichtUndPracht	chorale-bricks	Telemann_DerLiebenSonneLichtUndPracht	data/chorale-bricks/Telemann_DerLiebenSonneLichtUndPracht	Minor Second	"[""Diminished Unison"", ""Major Second"", ""Major Third"", ""Minor Sixth"", ""Minor Third"", ""Perfect Fifth"", ""Perfect Fourth"", ""Perfect Unison""]"	"[""Diminished Unison"", ""Major Third"", ""Major Second"", ""Minor Sixth"", ""Perfect Fifth"", ""Perfect Fourth"", ""Minor Third"", ""Perfect Unison""]"	visual	visual.short.png	data/chorale-bricks/Telemann_DerLiebenSonneLichtUndPracht/visual.short.png	Minor Second	"[""Minor Second"", ""none of the other options is correct"", ""Diminished Unison"", ""Major Third"", ""Major Second""]"	0.2	0	"[""A"", ""B"", ""C"", ""D"", ""E""]"	"{""A"": ""Diminished Unison"", ""B"": ""Major Second"", ""C"": ""none of the other options is correct"", ""D"": ""Major Third"", ""E"": ""Minor Second""}"	"[""(A) Diminished Unison"", ""(B) Major Second"", ""(C) none of the other options is correct"", ""(D) Major Third"", ""(E) Minor Second""]"	(E) Minor Second	E
591fa44e-bf12-56b0-894c-a5544aed10b7	3	perception	pitch	relative	pitch-relative	interval-recognition		interval recognition	What is the {target_index} interval in the {voice} line?	"[""target_index"", ""voice""]"	get_nth_interval		interval	"{""target_index"": ""3rd"", ""voice"": ""bass""}"	What is the 3rd interval in the bass line?	Vulpius_ChristusDerIstMeinLeben	chorale-bricks	Vulpius_ChristusDerIstMeinLeben	data/chorale-bricks/Vulpius_ChristusDerIstMeinLeben	Perfect Fourth	"[""Major Second"", ""Major Third"", ""Minor Second"", ""Minor Third"", ""Perfect Fifth"", ""Perfect Unison""]"	"[""Perfect Unison"", ""Major Second"", ""Perfect Fifth"", ""Minor Second"", ""Major Third"", ""Minor Third""]"	audio	audio.mastermix.wav	data/chorale-bricks/Vulpius_ChristusDerIstMeinLeben/audio.mastermix.wav	Perfect Fourth	"[""Perfect Fourth"", ""none of the other options is correct"", ""Perfect Unison"", ""Major Second"", ""Perfect Fifth""]"	0.2	0	"[""A"", ""B"", ""C"", ""D"", ""E""]"	"{""A"": ""Major Second"", ""B"": ""none of the other options is correct"", ""C"": ""Perfect Unison"", ""D"": ""Perfect Fourth"", ""E"": ""Perfect Fifth""}"	"[""(A) Major Second"", ""(B) none of the other options is correct"", ""(C) Perfect Unison"", ""(D) Perfect Fourth"", ""(E) Perfect Fifth""]"	(D) Perfect Fourth	D
262ce192-17e9-58d8-9085-df473cc944fc	3	perception	pitch	relative	pitch-relative	interval-recognition		interval recognition	What is the {target_index} interval in the {voice} line?	"[""target_index"", ""voice""]"	get_nth_interval		interval	"{""target_index"": ""3rd"", ""voice"": ""bass""}"	What is the 3rd interval in the bass line?	Vulpius_ChristusDerIstMeinLeben	chorale-bricks	Vulpius_ChristusDerIstMeinLeben	data/chorale-bricks/Vulpius_ChristusDerIstMeinLeben	Perfect Fourth	"[""Major Second"", ""Major Third"", ""Minor Second"", ""Minor Third"", ""Perfect Fifth"", ""Perfect Unison""]"	"[""Perfect Unison"", ""Major Second"", ""Perfect Fifth"", ""Minor Second"", ""Major Third"", ""Minor Third""]"	symbolic	symbolic.abc.txt	data/chorale-bricks/Vulpius_ChristusDerIstMeinLeben/symbolic.abc.txt	Perfect Fourth	"[""Perfect Fourth"", ""none of the other options is correct"", ""Perfect Unison"", ""Major Second"", ""Perfect Fifth""]"	0.2	0	"[""A"", ""B"", ""C"", ""D"", ""E""]"	"{""A"": ""Perfect Fourth"", ""B"": ""Perfect Fifth"", ""C"": ""Perfect Unison"", ""D"": ""none of the other options is correct"", ""E"": ""Major Second""}"	"[""(A) Perfect Fourth"", ""(B) Perfect Fifth"", ""(C) Perfect Unison"", ""(D) none of the other options is correct"", ""(E) Major Second""]"	(A) Perfect Fourth	A
b66c936d-00b9-5664-859c-2aaf8ba8b772	3	perception	pitch	relative	pitch-relative	interval-recognition		interval recognition	What is the {target_index} interval in the {voice} line?	"[""target_index"", ""voice""]"	get_nth_interval		interval	"{""target_index"": ""3rd"", ""voice"": ""bass""}"	What is the 3rd interval in the bass line?	Vulpius_ChristusDerIstMeinLeben	chorale-bricks	Vulpius_ChristusDerIstMeinLeben	data/chorale-bricks/Vulpius_ChristusDerIstMeinLeben	Perfect Fourth	"[""Major Second"", ""Major Third"", ""Minor Second"", ""Minor Third"", ""Perfect Fifth"", ""Perfect Unison""]"	"[""Perfect Unison"", ""Major Second"", ""Perfect Fifth"", ""Minor Second"", ""Major Third"", ""Minor Third""]"	visual	visual.short.png	data/chorale-bricks/Vulpius_ChristusDerIstMeinLeben/visual.short.png	Perfect Fourth	"[""Perfect Fourth"", ""none of the other options is correct"", ""Perfect Unison"", ""Major Second"", ""Perfect Fifth""]"	0.2	0	"[""A"", ""B"", ""C"", ""D"", ""E""]"	"{""A"": ""Major Second"", ""B"": ""Perfect Unison"", ""C"": ""Perfect Fourth"", ""D"": ""Perfect Fifth"", ""E"": ""none of the other options is correct""}"	"[""(A) Major Second"", ""(B) Perfect Unison"", ""(C) Perfect Fourth"", ""(D) Perfect Fifth"", ""(E) none of the other options is correct""]"	(C) Perfect Fourth	C
03d6da53-795a-5d28-a709-9feeeb8c962f	3	perception	pitch	relative	pitch-relative	interval-recognition		interval recognition	What is the {target_index} interval in the {voice} line?	"[""target_index"", ""voice""]"	get_nth_interval		interval	"{""target_index"": ""28th"", ""voice"": ""bass""}"	What is the 28th interval in the bass line?	Jan_DuGrosserSchmerzensmann	chorale-bricks	Jan_DuGrosserSchmerzensmann	data/chorale-bricks/Jan_DuGrosserSchmerzensmann	Perfect Unison	"[""Major Second"", ""Major Sixth"", ""Major Third"", ""Minor Second"", ""Minor Sixth"", ""Minor Third"", ""Perfect Fifth"", ""Perfect Fourth""]"	"[""Major Second"", ""Minor Third"", ""Minor Sixth"", ""Major Sixth"", ""Major Third"", ""Perfect Fifth"", ""Minor Second"", ""Perfect Fourth""]"	audio	audio.mastermix.wav	data/chorale-bricks/Jan_DuGrosserSchmerzensmann/audio.mastermix.wav	none of the other options is correct	"[""none of the other options is correct"", ""Major Second"", ""Minor Third"", ""Minor Sixth"", ""Major Sixth""]"	0.2	1	"[""A"", ""B"", ""C"", ""D"", ""E""]"	"{""A"": ""Minor Sixth"", ""B"": ""Minor Third"", ""C"": ""none of the other options is correct"", ""D"": ""Major Sixth"", ""E"": ""Major Second""}"	"[""(A) Minor Sixth"", ""(B) Minor Third"", ""(C) none of the other options is correct"", ""(D) Major Sixth"", ""(E) Major Second""]"	(C) none of the other options is correct	C
79a5886e-b297-5b10-b0cd-57651eb724ff	3	perception	pitch	relative	pitch-relative	interval-recognition		interval recognition	What is the {target_index} interval in the {voice} line?	"[""target_index"", ""voice""]"	get_nth_interval		interval	"{""target_index"": ""28th"", ""voice"": ""bass""}"	What is the 28th interval in the bass line?	Jan_DuGrosserSchmerzensmann	chorale-bricks	Jan_DuGrosserSchmerzensmann	data/chorale-bricks/Jan_DuGrosserSchmerzensmann	Perfect Unison	"[""Major Second"", ""Major Sixth"", ""Major Third"", ""Minor Second"", ""Minor Sixth"", ""Minor Third"", ""Perfect Fifth"", ""Perfect Fourth""]"	"[""Major Second"", ""Minor Third"", ""Minor Sixth"", ""Major Sixth"", ""Major Third"", ""Perfect Fifth"", ""Minor Second"", ""Perfect Fourth""]"	symbolic	symbolic.abc.txt	data/chorale-bricks/Jan_DuGrosserSchmerzensmann/symbolic.abc.txt	Perfect Unison	"[""Perfect Unison"", ""none of the other options is correct"", ""Major Second"", ""Minor Third"", ""Minor Sixth""]"	0.2	0	"[""A"", ""B"", ""C"", ""D"", ""E""]"	"{""A"": ""none of the other options is correct"", ""B"": ""Major Second"", ""C"": ""Perfect Unison"", ""D"": ""Minor Third"", ""E"": ""Minor Sixth""}"	"[""(A) none of the other options is correct"", ""(B) Major Second"", ""(C) Perfect Unison"", ""(D) Minor Third"", ""(E) Minor Sixth""]"	(C) Perfect Unison	C
644f1b45-cff0-58f3-980c-84acf96a7a15	3	perception	pitch	relative	pitch-relative	interval-recognition		interval recognition	What is the {target_index} interval in the {voice} line?	"[""target_index"", ""voice""]"	get_nth_interval		interval	"{""target_index"": ""28th"", ""voice"": ""bass""}"	What is the 28th interval in the bass line?	Jan_DuGrosserSchmerzensmann	chorale-bricks	Jan_DuGrosserSchmerzensmann	data/chorale-bricks/Jan_DuGrosserSchmerzensmann	Perfect Unison	"[""Major Second"", ""Major Sixth"", ""Major Third"", ""Minor Second"", ""Minor Sixth"", ""Minor Third"", ""Perfect Fifth"", ""Perfect Fourth""]"	"[""Major Second"", ""Minor Third"", ""Minor Sixth"", ""Major Sixth"", ""Major Third"", ""Perfect Fifth"", ""Minor Second"", ""Perfect Fourth""]"	visual	visual.short.png	data/chorale-bricks/Jan_DuGrosserSchmerzensmann/visual.short.png	Perfect Unison	"[""Perfect Unison"", ""none of the other options is correct"", ""Major Second"", ""Minor Third"", ""Minor Sixth""]"	0.2	0	"[""A"", ""B"", ""C"", ""D"", ""E""]"	"{""A"": ""Minor Third"", ""B"": ""Minor Sixth"", ""C"": ""Perfect Unison"", ""D"": ""Major Second"", ""E"": ""none of the other options is correct""}"	"[""(A) Minor Third"", ""(B) Minor Sixth"", ""(C) Perfect Unison"", ""(D) Major Second"", ""(E) none of the other options is correct""]"	(C) Perfect Unison	C
20f9ada5-9854-5daf-9a2c-03d4af042fcd	4	perception	pitch	relative	pitch-relative	interval-recognition		interval statistics	How many times is the interval {interval} present in the {voice} line?	"[""voice"", ""interval""]"	get_interval_quantity		interval	"{""voice"": ""soprano"", ""interval"": ""Diminished Octave""}"	How many times is the interval Diminished Octave present in the soprano line?	Vulpius_DieHelleSonnLeuchtJetztHerfuer	chorale-bricks	Vulpius_DieHelleSonnLeuchtJetztHerfuer	data/chorale-bricks/Vulpius_DieHelleSonnLeuchtJetztHerfuer	0	"[""1"", ""13"", ""15"", ""23"", ""24"", ""34"", ""46""]"	"[""13"", ""23"", ""15"", ""24"", ""1"", ""46"", ""34""]"	audio	audio.mastermix.wav	data/chorale-bricks/Vulpius_DieHelleSonnLeuchtJetztHerfuer/audio.mastermix.wav	0	"[""0"", ""none of the other options is correct"", ""13"", ""23"", ""15""]"	0.2	0	"[""A"", ""B"", ""C"", ""D"", ""E""]"	"{""A"": ""15"", ""B"": ""none of the other options is correct"", ""C"": ""23"", ""D"": ""13"", ""E"": ""0""}"	"[""(A) 15"", ""(B) none of the other options is correct"", ""(C) 23"", ""(D) 13"", ""(E) 0""]"	(E) 0	E
3c938879-06fa-53e7-819d-3c7289f3c125	4	perception	pitch	relative	pitch-relative	interval-recognition		interval statistics	How many times is the interval {interval} present in the {voice} line?	"[""voice"", ""interval""]"	get_interval_quantity		interval	"{""voice"": ""soprano"", ""interval"": ""Diminished Octave""}"	How many times is the interval Diminished Octave present in the soprano line?	Vulpius_DieHelleSonnLeuchtJetztHerfuer	chorale-bricks	Vulpius_DieHelleSonnLeuchtJetztHerfuer	data/chorale-bricks/Vulpius_DieHelleSonnLeuchtJetztHerfuer	0	"[""1"", ""13"", ""15"", ""23"", ""24"", ""34"", ""46""]"	"[""13"", ""23"", ""15"", ""24"", ""1"", ""46"", ""34""]"	symbolic	symbolic.abc.txt	data/chorale-bricks/Vulpius_DieHelleSonnLeuchtJetztHerfuer/symbolic.abc.txt	0	"[""0"", ""none of the other options is correct"", ""13"", ""23"", ""15""]"	0.2	0	"[""A"", ""B"", ""C"", ""D"", ""E""]"	"{""A"": ""none of the other options is correct"", ""B"": ""13"", ""C"": ""15"", ""D"": ""23"", ""E"": ""0""}"	"[""(A) none of the other options is correct"", ""(B) 13"", ""(C) 15"", ""(D) 23"", ""(E) 0""]"	(E) 0	E
c4ac7371-6738-542f-9fde-2690b45a513b	4	perception	pitch	relative	pitch-relative	interval-recognition		interval statistics	How many times is the interval {interval} present in the {voice} line?	"[""voice"", ""interval""]"	get_interval_quantity		interval	"{""voice"": ""soprano"", ""interval"": ""Diminished Octave""}"	How many times is the interval Diminished Octave present in the soprano line?	Vulpius_DieHelleSonnLeuchtJetztHerfuer	chorale-bricks	Vulpius_DieHelleSonnLeuchtJetztHerfuer	data/chorale-bricks/Vulpius_DieHelleSonnLeuchtJetztHerfuer	0	"[""1"", ""13"", ""15"", ""23"", ""24"", ""34"", ""46""]"	"[""13"", ""23"", ""15"", ""24"", ""1"", ""46"", ""34""]"	visual	visual.short.png	data/chorale-bricks/Vulpius_DieHelleSonnLeuchtJetztHerfuer/visual.short.png	0	"[""0"", ""none of the other options is correct"", ""13"", ""23"", ""15""]"	0.2	0	"[""A"", ""B"", ""C"", ""D"", ""E""]"	"{""A"": ""0"", ""B"": ""none of the other options is correct"", ""C"": ""15"", ""D"": ""23"", ""E"": ""13""}"	"[""(A) 0"", ""(B) none of the other options is correct"", ""(C) 15"", ""(D) 23"", ""(E) 13""]"	(A) 0	A
0d462814-4f95-583d-b846-94e905fd0011	4	perception	pitch	relative	pitch-relative	interval-recognition		interval statistics	How many times is the interval {interval} present in the {voice} line?	"[""voice"", ""interval""]"	get_interval_quantity		interval	"{""voice"": ""tenor"", ""interval"": ""Minor Third""}"	How many times is the interval Minor Third present in the tenor line?	Bach_IchStehAnDeinerKrippe	chorale-bricks	Bach_IchStehAnDeinerKrippe	data/chorale-bricks/Bach_IchStehAnDeinerKrippe	9	"[""2"", ""7"", ""12"", ""32"", ""36"", ""49"", ""52"", ""70""]"	"[""70"", ""2"", ""52"", ""7"", ""32"", ""49"", ""36"", ""12""]"	audio	audio.mastermix.wav	data/chorale-bricks/Bach_IchStehAnDeinerKrippe/audio.mastermix.wav	9	"[""9"", ""none of the other options is correct"", ""70"", ""2"", ""52""]"	0.2	0	"[""A"", ""B"", ""C"", ""D"", ""E""]"	"{""A"": ""52"", ""B"": ""none of the other options is correct"", ""C"": ""2"", ""D"": ""9"", ""E"": ""70""}"	"[""(A) 52"", ""(B) none of the other options is correct"", ""(C) 2"", ""(D) 9"", ""(E) 70""]"	(D) 9	D
71fe847e-14c5-52e0-aac5-92e648592568	4	perception	pitch	relative	pitch-relative	interval-recognition		interval statistics	How many times is the interval {interval} present in the {voice} line?	"[""voice"", ""interval""]"	get_interval_quantity		interval	"{""voice"": ""tenor"", ""interval"": ""Minor Third""}"	How many times is the interval Minor Third present in the tenor line?	Bach_IchStehAnDeinerKrippe	chorale-bricks	Bach_IchStehAnDeinerKrippe	data/chorale-bricks/Bach_IchStehAnDeinerKrippe	9	"[""2"", ""7"", ""12"", ""32"", ""36"", ""49"", ""52"", ""70""]"	"[""70"", ""2"", ""52"", ""7"", ""32"", ""49"", ""36"", ""12""]"	symbolic	symbolic.abc.txt	data/chorale-bricks/Bach_IchStehAnDeinerKrippe/symbolic.abc.txt	9	"[""9"", ""none of the other options is correct"", ""70"", ""2"", ""52""]"	0.2	0	"[""A"", ""B"", ""C"", ""D"", ""E""]"	"{""A"": ""9"", ""B"": ""2"", ""C"": ""52"", ""D"": ""none of the other options is correct"", ""E"": ""70""}"	"[""(A) 9"", ""(B) 2"", ""(C) 52"", ""(D) none of the other options is correct"", ""(E) 70""]"	(A) 9	A
e5f05893-bab1-5e2b-b7f2-7e28c0c710b5	4	perception	pitch	relative	pitch-relative	interval-recognition		interval statistics	How many times is the interval {interval} present in the {voice} line?	"[""voice"", ""interval""]"	get_interval_quantity		interval	"{""voice"": ""tenor"", ""interval"": ""Minor Third""}"	How many times is the interval Minor Third present in the tenor line?	Bach_IchStehAnDeinerKrippe	chorale-bricks	Bach_IchStehAnDeinerKrippe	data/chorale-bricks/Bach_IchStehAnDeinerKrippe	9	"[""2"", ""7"", ""12"", ""32"", ""36"", ""49"", ""52"", ""70""]"	"[""70"", ""2"", ""52"", ""7"", ""32"", ""49"", ""36"", ""12""]"	visual	visual.short.png	data/chorale-bricks/Bach_IchStehAnDeinerKrippe/visual.short.png	9	"[""9"", ""none of the other options is correct"", ""70"", ""2"", ""52""]"	0.2	0	"[""A"", ""B"", ""C"", ""D"", ""E""]"	"{""A"": ""9"", ""B"": ""none of the other options is correct"", ""C"": ""70"", ""D"": ""52"", ""E"": ""2""}"	"[""(A) 9"", ""(B) none of the other options is correct"", ""(C) 70"", ""(D) 52"", ""(E) 2""]"	(A) 9	A
2be9910a-138a-5d96-aa96-9417cfb287c5	4	perception	pitch	relative	pitch-relative	interval-recognition		interval statistics	How many times is the interval {interval} present in the {voice} line?	"[""voice"", ""interval""]"	get_interval_quantity		interval	"{""voice"": ""bass"", ""interval"": ""Major Third""}"	How many times is the interval Major Third present in the bass line?	Vulpius_DieHelleSonnLeuchtJetztHerfuer	chorale-bricks	Vulpius_DieHelleSonnLeuchtJetztHerfuer	data/chorale-bricks/Vulpius_DieHelleSonnLeuchtJetztHerfuer	5	"[""1"", ""2"", ""17"", ""21"", ""24"", ""25"", ""47""]"	"[""24"", ""47"", ""2"", ""1"", ""17"", ""21"", ""25""]"	audio	audio.mastermix.wav	data/chorale-bricks/Vulpius_DieHelleSonnLeuchtJetztHerfuer/audio.mastermix.wav	5	"[""5"", ""none of the other options is correct"", ""24"", ""47"", ""2""]"	0.2	0	"[""A"", ""B"", ""C"", ""D"", ""E""]"	"{""A"": ""2"", ""B"": ""47"", ""C"": ""none of the other options is correct"", ""D"": ""5"", ""E"": ""24""}"	"[""(A) 2"", ""(B) 47"", ""(C) none of the other options is correct"", ""(D) 5"", ""(E) 24""]"	(D) 5	D
04ed7bd0-4f27-5c8d-b48a-44ad82cdd354	4	perception	pitch	relative	pitch-relative	interval-recognition		interval statistics	How many times is the interval {interval} present in the {voice} line?	"[""voice"", ""interval""]"	get_interval_quantity		interval	"{""voice"": ""bass"", ""interval"": ""Major Third""}"	How many times is the interval Major Third present in the bass line?	Vulpius_DieHelleSonnLeuchtJetztHerfuer	chorale-bricks	Vulpius_DieHelleSonnLeuchtJetztHerfuer	data/chorale-bricks/Vulpius_DieHelleSonnLeuchtJetztHerfuer	5	"[""1"", ""2"", ""17"", ""21"", ""24"", ""25"", ""47""]"	"[""24"", ""47"", ""2"", ""1"", ""17"", ""21"", ""25""]"	symbolic	symbolic.abc.txt	data/chorale-bricks/Vulpius_DieHelleSonnLeuchtJetztHerfuer/symbolic.abc.txt	none of the other options is correct	"[""none of the other options is correct"", ""24"", ""47"", ""2"", ""1""]"	0.2	1	"[""A"", ""B"", ""C"", ""D"", ""E""]"	"{""A"": ""24"", ""B"": ""none of the other options is correct"", ""C"": ""47"", ""D"": ""1"", ""E"": ""2""}"	"[""(A) 24"", ""(B) none of the other options is correct"", ""(C) 47"", ""(D) 1"", ""(E) 2""]"	(B) none of the other options is correct	B
bdb887db-0b84-566e-9d6c-75479a3ab897	4	perception	pitch	relative	pitch-relative	interval-recognition		interval statistics	How many times is the interval {interval} present in the {voice} line?	"[""voice"", ""interval""]"	get_interval_quantity		interval	"{""voice"": ""bass"", ""interval"": ""Major Third""}"	How many times is the interval Major Third present in the bass line?	Vulpius_DieHelleSonnLeuchtJetztHerfuer	chorale-bricks	Vulpius_DieHelleSonnLeuchtJetztHerfuer	data/chorale-bricks/Vulpius_DieHelleSonnLeuchtJetztHerfuer	5	"[""1"", ""2"", ""17"", ""21"", ""24"", ""25"", ""47""]"	"[""24"", ""47"", ""2"", ""1"", ""17"", ""21"", ""25""]"	visual	visual.short.png	data/chorale-bricks/Vulpius_DieHelleSonnLeuchtJetztHerfuer/visual.short.png	5	"[""5"", ""none of the other options is correct"", ""24"", ""47"", ""2""]"	0.2	0	"[""A"", ""B"", ""C"", ""D"", ""E""]"	"{""A"": ""2"", ""B"": ""5"", ""C"": ""none of the other options is correct"", ""D"": ""47"", ""E"": ""24""}"	"[""(A) 2"", ""(B) 5"", ""(C) none of the other options is correct"", ""(D) 47"", ""(E) 24""]"	(B) 5	B
07d3209d-7f73-5207-a698-426bd5614ca0	4	perception	pitch	relative	pitch-relative	interval-recognition		interval statistics	How many times is the interval {interval} present in the {voice} line?	"[""voice"", ""interval""]"	get_interval_quantity		interval	"{""voice"": ""tenor"", ""interval"": ""Minor Sixth""}"	How many times is the interval Minor Sixth present in the tenor line?	Jan_DuGrosserSchmerzensmann	chorale-bricks	Jan_DuGrosserSchmerzensmann	data/chorale-bricks/Jan_DuGrosserSchmerzensmann	1	"[""2"", ""11"", ""16"", ""17"", ""24"", ""42"", ""62"", ""82""]"	"[""62"", ""24"", ""16"", ""11"", ""42"", ""17"", ""2"", ""82""]"	audio	audio.mastermix.wav	data/chorale-bricks/Jan_DuGrosserSchmerzensmann/audio.mastermix.wav	1	"[""1"", ""none of the other options is correct"", ""62"", ""24"", ""16""]"	0.2	0	"[""A"", ""B"", ""C"", ""D"", ""E""]"	"{""A"": ""62"", ""B"": ""16"", ""C"": ""1"", ""D"": ""24"", ""E"": ""none of the other options is correct""}"	"[""(A) 62"", ""(B) 16"", ""(C) 1"", ""(D) 24"", ""(E) none of the other options is correct""]"	(C) 1	C
59c4ef78-e00a-5261-89dd-8476b73c8d9e	4	perception	pitch	relative	pitch-relative	interval-recognition		interval statistics	How many times is the interval {interval} present in the {voice} line?	"[""voice"", ""interval""]"	get_interval_quantity		interval	"{""voice"": ""tenor"", ""interval"": ""Minor Sixth""}"	How many times is the interval Minor Sixth present in the tenor line?	Jan_DuGrosserSchmerzensmann	chorale-bricks	Jan_DuGrosserSchmerzensmann	data/chorale-bricks/Jan_DuGrosserSchmerzensmann	1	"[""2"", ""11"", ""16"", ""17"", ""24"", ""42"", ""62"", ""82""]"	"[""62"", ""24"", ""16"", ""11"", ""42"", ""17"", ""2"", ""82""]"	symbolic	symbolic.abc.txt	data/chorale-bricks/Jan_DuGrosserSchmerzensmann/symbolic.abc.txt	1	"[""1"", ""none of the other options is correct"", ""62"", ""24"", ""16""]"	0.2	0	"[""A"", ""B"", ""C"", ""D"", ""E""]"	"{""A"": ""none of the other options is correct"", ""B"": ""24"", ""C"": ""62"", ""D"": ""1"", ""E"": ""16""}"	"[""(A) none of the other options is correct"", ""(B) 24"", ""(C) 62"", ""(D) 1"", ""(E) 16""]"	(D) 1	D
92048a10-a223-5cc6-ae93-a24b1dc59438	4	perception	pitch	relative	pitch-relative	interval-recognition		interval statistics	How many times is the interval {interval} present in the {voice} line?	"[""voice"", ""interval""]"	get_interval_quantity		interval	"{""voice"": ""tenor"", ""interval"": ""Minor Sixth""}"	How many times is the interval Minor Sixth present in the tenor line?	Jan_DuGrosserSchmerzensmann	chorale-bricks	Jan_DuGrosserSchmerzensmann	data/chorale-bricks/Jan_DuGrosserSchmerzensmann	1	"[""2"", ""11"", ""16"", ""17"", ""24"", ""42"", ""62"", ""82""]"	"[""62"", ""24"", ""16"", ""11"", ""42"", ""17"", ""2"", ""82""]"	visual	visual.short.png	data/chorale-bricks/Jan_DuGrosserSchmerzensmann/visual.short.png	none of the other options is correct	"[""none of the other options is correct"", ""62"", ""24"", ""16"", ""11""]"	0.2	1	"[""A"", ""B"", ""C"", ""D"", ""E""]"	"{""A"": ""none of the other options is correct"", ""B"": ""62"", ""C"": ""16"", ""D"": ""24"", ""E"": ""11""}"	"[""(A) none of the other options is correct"", ""(B) 62"", ""(C) 16"", ""(D) 24"", ""(E) 11""]"	(A) none of the other options is correct	A
9fa1714a-334f-5f67-9808-f80dc95c8d81	4	perception	pitch	relative	pitch-relative	interval-recognition		interval statistics	How many times is the interval {interval} present in the {voice} line?	"[""voice"", ""interval""]"	get_interval_quantity		interval	"{""voice"": ""bass"", ""interval"": ""Augmented Second""}"	How many times is the interval Augmented Second present in the bass line?	Jan_DuGrosserSchmerzensmann	chorale-bricks	Jan_DuGrosserSchmerzensmann	data/chorale-bricks/Jan_DuGrosserSchmerzensmann	0	"[""1"", ""2"", ""18"", ""19"", ""24"", ""25"", ""42"", ""58"", ""69""]"	"[""1"", ""18"", ""24"", ""42"", ""25"", ""58"", ""69"", ""19"", ""2""]"	audio	audio.mastermix.wav	data/chorale-bricks/Jan_DuGrosserSchmerzensmann/audio.mastermix.wav	0	"[""0"", ""none of the other options is correct"", ""1"", ""18"", ""24""]"	0.2	0	"[""A"", ""B"", ""C"", ""D"", ""E""]"	"{""A"": ""18"", ""B"": ""24"", ""C"": ""none of the other options is correct"", ""D"": ""1"", ""E"": ""0""}"	"[""(A) 18"", ""(B) 24"", ""(C) none of the other options is correct"", ""(D) 1"", ""(E) 0""]"	(E) 0	E
0988ec5e-afa2-54c8-b4fa-31a3e69275c1	4	perception	pitch	relative	pitch-relative	interval-recognition		interval statistics	How many times is the interval {interval} present in the {voice} line?	"[""voice"", ""interval""]"	get_interval_quantity		interval	"{""voice"": ""bass"", ""interval"": ""Augmented Second""}"	How many times is the interval Augmented Second present in the bass line?	Jan_DuGrosserSchmerzensmann	chorale-bricks	Jan_DuGrosserSchmerzensmann	data/chorale-bricks/Jan_DuGrosserSchmerzensmann	0	"[""1"", ""2"", ""18"", ""19"", ""24"", ""25"", ""42"", ""58"", ""69""]"	"[""1"", ""18"", ""24"", ""42"", ""25"", ""58"", ""69"", ""19"", ""2""]"	symbolic	symbolic.abc.txt	data/chorale-bricks/Jan_DuGrosserSchmerzensmann/symbolic.abc.txt	0	"[""0"", ""none of the other options is correct"", ""1"", ""18"", ""24""]"	0.2	0	"[""A"", ""B"", ""C"", ""D"", ""E""]"	"{""A"": ""0"", ""B"": ""18"", ""C"": ""none of the other options is correct"", ""D"": ""24"", ""E"": ""1""}"	"[""(A) 0"", ""(B) 18"", ""(C) none of the other options is correct"", ""(D) 24"", ""(E) 1""]"	(A) 0	A
134b254b-7a53-54ca-a32a-4e86b335fe1f	4	perception	pitch	relative	pitch-relative	interval-recognition		interval statistics	How many times is the interval {interval} present in the {voice} line?	"[""voice"", ""interval""]"	get_interval_quantity		interval	"{""voice"": ""bass"", ""interval"": ""Augmented Second""}"	How many times is the interval Augmented Second present in the bass line?	Jan_DuGrosserSchmerzensmann	chorale-bricks	Jan_DuGrosserSchmerzensmann	data/chorale-bricks/Jan_DuGrosserSchmerzensmann	0	"[""1"", ""2"", ""18"", ""19"", ""24"", ""25"", ""42"", ""58"", ""69""]"	"[""1"", ""18"", ""24"", ""42"", ""25"", ""58"", ""69"", ""19"", ""2""]"	visual	visual.short.png	data/chorale-bricks/Jan_DuGrosserSchmerzensmann/visual.short.png	0	"[""0"", ""none of the other options is correct"", ""1"", ""18"", ""24""]"	0.2	0	"[""A"", ""B"", ""C"", ""D"", ""E""]"	"{""A"": ""0"", ""B"": ""none of the other options is correct"", ""C"": ""18"", ""D"": ""24"", ""E"": ""1""}"	"[""(A) 0"", ""(B) none of the other options is correct"", ""(C) 18"", ""(D) 24"", ""(E) 1""]"	(A) 0	A
e4e58347-a75d-5b48-a034-e609d62b7e0b	4	perception	pitch	relative	pitch-relative	interval-recognition		interval statistics	How many times is the interval {interval} present in the {voice} line?	"[""voice"", ""interval""]"	get_interval_quantity		interval	"{""voice"": ""soprano"", ""interval"": ""Minor Second""}"	How many times is the interval Minor Second present in the soprano line?	Anonymous_AusMeinesHerzensGrunde	chorale-bricks	Anonymous_AusMeinesHerzensGrunde	data/chorale-bricks/Anonymous_AusMeinesHerzensGrunde	8	"[""2"", ""7"", ""11"", ""25"", ""40"", ""44"", ""76"", ""100""]"	"[""11"", ""2"", ""40"", ""7"", ""44"", ""76"", ""100"", ""25""]"	audio	audio.mastermix.wav	data/chorale-bricks/Anonymous_AusMeinesHerzensGrunde/audio.mastermix.wav	8	"[""8"", ""none of the other options is correct"", ""11"", ""2"", ""40""]"	0.2	0	"[""A"", ""B"", ""C"", ""D"", ""E""]"	"{""A"": ""40"", ""B"": ""11"", ""C"": ""2"", ""D"": ""none of the other options is correct"", ""E"": ""8""}"	"[""(A) 40"", ""(B) 11"", ""(C) 2"", ""(D) none of the other options is correct"", ""(E) 8""]"	(E) 8	E
99be17bb-9ce9-5352-9b0a-d9a446f14485	4	perception	pitch	relative	pitch-relative	interval-recognition		interval statistics	How many times is the interval {interval} present in the {voice} line?	"[""voice"", ""interval""]"	get_interval_quantity		interval	"{""voice"": ""soprano"", ""interval"": ""Minor Second""}"	How many times is the interval Minor Second present in the soprano line?	Anonymous_AusMeinesHerzensGrunde	chorale-bricks	Anonymous_AusMeinesHerzensGrunde	data/chorale-bricks/Anonymous_AusMeinesHerzensGrunde	8	"[""2"", ""7"", ""11"", ""25"", ""40"", ""44"", ""76"", ""100""]"	"[""11"", ""2"", ""40"", ""7"", ""44"", ""76"", ""100"", ""25""]"	symbolic	symbolic.abc.txt	data/chorale-bricks/Anonymous_AusMeinesHerzensGrunde/symbolic.abc.txt	8	"[""8"", ""none of the other options is correct"", ""11"", ""2"", ""40""]"	0.2	0	"[""A"", ""B"", ""C"", ""D"", ""E""]"	"{""A"": ""none of the other options is correct"", ""B"": ""2"", ""C"": ""40"", ""D"": ""11"", ""E"": ""8""}"	"[""(A) none of the other options is correct"", ""(B) 2"", ""(C) 40"", ""(D) 11"", ""(E) 8""]"	(E) 8	E
ff541c7e-16a9-51ba-a849-29394374e1ad	4	perception	pitch	relative	pitch-relative	interval-recognition		interval statistics	How many times is the interval {interval} present in the {voice} line?	"[""voice"", ""interval""]"	get_interval_quantity		interval	"{""voice"": ""soprano"", ""interval"": ""Minor Second""}"	How many times is the interval Minor Second present in the soprano line?	Anonymous_AusMeinesHerzensGrunde	chorale-bricks	Anonymous_AusMeinesHerzensGrunde	data/chorale-bricks/Anonymous_AusMeinesHerzensGrunde	8	"[""2"", ""7"", ""11"", ""25"", ""40"", ""44"", ""76"", ""100""]"	"[""11"", ""2"", ""40"", ""7"", ""44"", ""76"", ""100"", ""25""]"	visual	visual.short.png	data/chorale-bricks/Anonymous_AusMeinesHerzensGrunde/visual.short.png	8	"[""8"", ""none of the other options is correct"", ""11"", ""2"", ""40""]"	0.2	0	"[""A"", ""B"", ""C"", ""D"", ""E""]"	"{""A"": ""8"", ""B"": ""40"", ""C"": ""11"", ""D"": ""none of the other options is correct"", ""E"": ""2""}"	"[""(A) 8"", ""(B) 40"", ""(C) 11"", ""(D) none of the other options is correct"", ""(E) 2""]"	(A) 8	A
f4ecd37b-c419-58dd-b8ac-5551712129f7	4	perception	pitch	relative	pitch-relative	interval-recognition		interval statistics	How many times is the interval {interval} present in the {voice} line?	"[""voice"", ""interval""]"	get_interval_quantity		interval	"{""voice"": ""tenor"", ""interval"": ""Augmented Sixth""}"	How many times is the interval Augmented Sixth present in the tenor line?	Vulpius_ChristusDerIstMeinLeben	chorale-bricks	Vulpius_ChristusDerIstMeinLeben	data/chorale-bricks/Vulpius_ChristusDerIstMeinLeben	0	"[""2"", ""6"", ""14"", ""19"", ""23"", ""32"", ""35""]"	"[""6"", ""2"", ""19"", ""23"", ""32"", ""35"", ""14""]"	audio	audio.mastermix.wav	data/chorale-bricks/Vulpius_ChristusDerIstMeinLeben/audio.mastermix.wav	0	"[""0"", ""none of the other options is correct"", ""6"", ""2"", ""19""]"	0.2	0	"[""A"", ""B"", ""C"", ""D"", ""E""]"	"{""A"": ""2"", ""B"": ""19"", ""C"": ""none of the other options is correct"", ""D"": ""0"", ""E"": ""6""}"	"[""(A) 2"", ""(B) 19"", ""(C) none of the other options is correct"", ""(D) 0"", ""(E) 6""]"	(D) 0	D
abfd068d-7099-54a5-825d-94789619bd94	4	perception	pitch	relative	pitch-relative	interval-recognition		interval statistics	How many times is the interval {interval} present in the {voice} line?	"[""voice"", ""interval""]"	get_interval_quantity		interval	"{""voice"": ""tenor"", ""interval"": ""Augmented Sixth""}"	How many times is the interval Augmented Sixth present in the tenor line?	Vulpius_ChristusDerIstMeinLeben	chorale-bricks	Vulpius_ChristusDerIstMeinLeben	data/chorale-bricks/Vulpius_ChristusDerIstMeinLeben	0	"[""2"", ""6"", ""14"", ""19"", ""23"", ""32"", ""35""]"	"[""6"", ""2"", ""19"", ""23"", ""32"", ""35"", ""14""]"	symbolic	symbolic.abc.txt	data/chorale-bricks/Vulpius_ChristusDerIstMeinLeben/symbolic.abc.txt	0	"[""0"", ""none of the other options is correct"", ""6"", ""2"", ""19""]"	0.2	0	"[""A"", ""B"", ""C"", ""D"", ""E""]"	"{""A"": ""none of the other options is correct"", ""B"": ""19"", ""C"": ""6"", ""D"": ""2"", ""E"": ""0""}"	"[""(A) none of the other options is correct"", ""(B) 19"", ""(C) 6"", ""(D) 2"", ""(E) 0""]"	(E) 0	E
8561e557-9d79-5a57-802b-d496e751d622	4	perception	pitch	relative	pitch-relative	interval-recognition		interval statistics	How many times is the interval {interval} present in the {voice} line?	"[""voice"", ""interval""]"	get_interval_quantity		interval	"{""voice"": ""tenor"", ""interval"": ""Augmented Sixth""}"	How many times is the interval Augmented Sixth present in the tenor line?	Vulpius_ChristusDerIstMeinLeben	chorale-bricks	Vulpius_ChristusDerIstMeinLeben	data/chorale-bricks/Vulpius_ChristusDerIstMeinLeben	0	"[""2"", ""6"", ""14"", ""19"", ""23"", ""32"", ""35""]"	"[""6"", ""2"", ""19"", ""23"", ""32"", ""35"", ""14""]"	visual	visual.short.png	data/chorale-bricks/Vulpius_ChristusDerIstMeinLeben/visual.short.png	0	"[""0"", ""none of the other options is correct"", ""6"", ""2"", ""19""]"	0.2	0	"[""A"", ""B"", ""C"", ""D"", ""E""]"	"{""A"": ""none of the other options is correct"", ""B"": ""2"", ""C"": ""6"", ""D"": ""19"", ""E"": ""0""}"	"[""(A) none of the other options is correct"", ""(B) 2"", ""(C) 6"", ""(D) 19"", ""(E) 0""]"	(E) 0	E
a71c5b73-c0f4-5f6e-81e7-716a5865029d	4	perception	pitch	relative	pitch-relative	interval-recognition		interval statistics	How many times is the interval {interval} present in the {voice} line?	"[""voice"", ""interval""]"	get_interval_quantity		interval	"{""voice"": ""soprano"", ""interval"": ""Major Second""}"	How many times is the interval Major Second present in the soprano line?	Telemann_DerLiebenSonneLichtUndPracht	chorale-bricks	Telemann_DerLiebenSonneLichtUndPracht	data/chorale-bricks/Telemann_DerLiebenSonneLichtUndPracht	26	"[""1"", ""4"", ""10"", ""17"", ""20"", ""38"", ""48"", ""61"", ""95""]"	"[""10"", ""20"", ""17"", ""4"", ""38"", ""48"", ""95"", ""1"", ""61""]"	audio	audio.mastermix.wav	data/chorale-bricks/Telemann_DerLiebenSonneLichtUndPracht/audio.mastermix.wav	none of the other options is correct	"[""none of the other options is correct"", ""10"", ""20"", ""17"", ""4""]"	0.2	1	"[""A"", ""B"", ""C"", ""D"", ""E""]"	"{""A"": ""17"", ""B"": ""none of the other options is correct"", ""C"": ""10"", ""D"": ""4"", ""E"": ""20""}"	"[""(A) 17"", ""(B) none of the other options is correct"", ""(C) 10"", ""(D) 4"", ""(E) 20""]"	(B) none of the other options is correct	B
92d6c2cc-80df-51b0-8510-fa9bb7aa3132	4	perception	pitch	relative	pitch-relative	interval-recognition		interval statistics	How many times is the interval {interval} present in the {voice} line?	"[""voice"", ""interval""]"	get_interval_quantity		interval	"{""voice"": ""soprano"", ""interval"": ""Major Second""}"	How many times is the interval Major Second present in the soprano line?	Telemann_DerLiebenSonneLichtUndPracht	chorale-bricks	Telemann_DerLiebenSonneLichtUndPracht	data/chorale-bricks/Telemann_DerLiebenSonneLichtUndPracht	26	"[""1"", ""4"", ""10"", ""17"", ""20"", ""38"", ""48"", ""61"", ""95""]"	"[""10"", ""20"", ""17"", ""4"", ""38"", ""48"", ""95"", ""1"", ""61""]"	symbolic	symbolic.abc.txt	data/chorale-bricks/Telemann_DerLiebenSonneLichtUndPracht/symbolic.abc.txt	26	"[""26"", ""none of the other options is correct"", ""10"", ""20"", ""17""]"	0.2	0	"[""A"", ""B"", ""C"", ""D"", ""E""]"	"{""A"": ""17"", ""B"": ""20"", ""C"": ""26"", ""D"": ""none of the other options is correct"", ""E"": ""10""}"	"[""(A) 17"", ""(B) 20"", ""(C) 26"", ""(D) none of the other options is correct"", ""(E) 10""]"	(C) 26	C
63957579-3e72-5131-8bf0-e3c9d0df7c67	4	perception	pitch	relative	pitch-relative	interval-recognition		interval statistics	How many times is the interval {interval} present in the {voice} line?	"[""voice"", ""interval""]"	get_interval_quantity		interval	"{""voice"": ""soprano"", ""interval"": ""Major Second""}"	How many times is the interval Major Second present in the soprano line?	Telemann_DerLiebenSonneLichtUndPracht	chorale-bricks	Telemann_DerLiebenSonneLichtUndPracht	data/chorale-bricks/Telemann_DerLiebenSonneLichtUndPracht	26	"[""1"", ""4"", ""10"", ""17"", ""20"", ""38"", ""48"", ""61"", ""95""]"	"[""10"", ""20"", ""17"", ""4"", ""38"", ""48"", ""95"", ""1"", ""61""]"	visual	visual.short.png	data/chorale-bricks/Telemann_DerLiebenSonneLichtUndPracht/visual.short.png	none of the other options is correct	"[""none of the other options is correct"", ""10"", ""20"", ""17"", ""4""]"	0.2	1	"[""A"", ""B"", ""C"", ""D"", ""E""]"	"{""A"": ""4"", ""B"": ""17"", ""C"": ""none of the other options is correct"", ""D"": ""10"", ""E"": ""20""}"	"[""(A) 4"", ""(B) 17"", ""(C) none of the other options is correct"", ""(D) 10"", ""(E) 20""]"	(C) none of the other options is correct	C
1ddf505c-00e3-5346-991e-e9f274772854	4	perception	pitch	relative	pitch-relative	interval-recognition		interval statistics	How many times is the interval {interval} present in the {voice} line?	"[""voice"", ""interval""]"	get_interval_quantity		interval	"{""voice"": ""alto"", ""interval"": ""Perfect Fifth""}"	How many times is the interval Perfect Fifth present in the alto line?	Anonymous_AusMeinesHerzensGrunde	chorale-bricks	Anonymous_AusMeinesHerzensGrunde	data/chorale-bricks/Anonymous_AusMeinesHerzensGrunde	1	"[""2"", ""6"", ""8"", ""29"", ""35"", ""48"", ""87"", ""88""]"	"[""2"", ""88"", ""35"", ""87"", ""8"", ""48"", ""6"", ""29""]"	audio	audio.mastermix.wav	data/chorale-bricks/Anonymous_AusMeinesHerzensGrunde/audio.mastermix.wav	none of the other options is correct	"[""none of the other options is correct"", ""2"", ""88"", ""35"", ""87""]"	0.2	1	"[""A"", ""B"", ""C"", ""D"", ""E""]"	"{""A"": ""none of the other options is correct"", ""B"": ""88"", ""C"": ""2"", ""D"": ""87"", ""E"": ""35""}"	"[""(A) none of the other options is correct"", ""(B) 88"", ""(C) 2"", ""(D) 87"", ""(E) 35""]"	(A) none of the other options is correct	A
dde620aa-1e75-5548-9969-b9d8d3e2d3fc	4	perception	pitch	relative	pitch-relative	interval-recognition		interval statistics	How many times is the interval {interval} present in the {voice} line?	"[""voice"", ""interval""]"	get_interval_quantity		interval	"{""voice"": ""alto"", ""interval"": ""Perfect Fifth""}"	How many times is the interval Perfect Fifth present in the alto line?	Anonymous_AusMeinesHerzensGrunde	chorale-bricks	Anonymous_AusMeinesHerzensGrunde	data/chorale-bricks/Anonymous_AusMeinesHerzensGrunde	1	"[""2"", ""6"", ""8"", ""29"", ""35"", ""48"", ""87"", ""88""]"	"[""2"", ""88"", ""35"", ""87"", ""8"", ""48"", ""6"", ""29""]"	symbolic	symbolic.abc.txt	data/chorale-bricks/Anonymous_AusMeinesHerzensGrunde/symbolic.abc.txt	1	"[""1"", ""none of the other options is correct"", ""2"", ""88"", ""35""]"	0.2	0	"[""A"", ""B"", ""C"", ""D"", ""E""]"	"{""A"": ""1"", ""B"": ""none of the other options is correct"", ""C"": ""2"", ""D"": ""35"", ""E"": ""88""}"	"[""(A) 1"", ""(B) none of the other options is correct"", ""(C) 2"", ""(D) 35"", ""(E) 88""]"	(A) 1	A
5cd9da62-5621-5f06-9376-8c99bb6c493e	4	perception	pitch	relative	pitch-relative	interval-recognition		interval statistics	How many times is the interval {interval} present in the {voice} line?	"[""voice"", ""interval""]"	get_interval_quantity		interval	"{""voice"": ""alto"", ""interval"": ""Perfect Fifth""}"	How many times is the interval Perfect Fifth present in the alto line?	Anonymous_AusMeinesHerzensGrunde	chorale-bricks	Anonymous_AusMeinesHerzensGrunde	data/chorale-bricks/Anonymous_AusMeinesHerzensGrunde	1	"[""2"", ""6"", ""8"", ""29"", ""35"", ""48"", ""87"", ""88""]"	"[""2"", ""88"", ""35"", ""87"", ""8"", ""48"", ""6"", ""29""]"	visual	visual.short.png	data/chorale-bricks/Anonymous_AusMeinesHerzensGrunde/visual.short.png	1	"[""1"", ""none of the other options is correct"", ""2"", ""88"", ""35""]"	0.2	0	"[""A"", ""B"", ""C"", ""D"", ""E""]"	"{""A"": ""1"", ""B"": ""35"", ""C"": ""none of the other options is correct"", ""D"": ""88"", ""E"": ""2""}"	"[""(A) 1"", ""(B) 35"", ""(C) none of the other options is correct"", ""(D) 88"", ""(E) 2""]"	(A) 1	A
7f978f61-df15-514d-8bd6-4ebb7728790e	4	perception	pitch	relative	pitch-relative	interval-recognition		interval statistics	How many times is the interval {interval} present in the {voice} line?	"[""voice"", ""interval""]"	get_interval_quantity		interval	"{""voice"": ""soprano"", ""interval"": ""Perfect Fourth""}"	How many times is the interval Perfect Fourth present in the soprano line?	Vulpius_DieHelleSonnLeuchtJetztHerfuer	chorale-bricks	Vulpius_DieHelleSonnLeuchtJetztHerfuer	data/chorale-bricks/Vulpius_DieHelleSonnLeuchtJetztHerfuer	2	"[""1"", ""13"", ""15"", ""23"", ""24"", ""34"", ""46""]"	"[""34"", ""24"", ""1"", ""13"", ""46"", ""15"", ""23""]"	audio	audio.mastermix.wav	data/chorale-bricks/Vulpius_DieHelleSonnLeuchtJetztHerfuer/audio.mastermix.wav	2	"[""2"", ""none of the other options is correct"", ""34"", ""24"", ""1""]"	0.2	0	"[""A"", ""B"", ""C"", ""D"", ""E""]"	"{""A"": ""2"", ""B"": ""1"", ""C"": ""24"", ""D"": ""34"", ""E"": ""none of the other options is correct""}"	"[""(A) 2"", ""(B) 1"", ""(C) 24"", ""(D) 34"", ""(E) none of the other options is correct""]"	(A) 2	A
e4b70998-05fc-5701-850b-13db22d38c07	4	perception	pitch	relative	pitch-relative	interval-recognition		interval statistics	How many times is the interval {interval} present in the {voice} line?	"[""voice"", ""interval""]"	get_interval_quantity		interval	"{""voice"": ""soprano"", ""interval"": ""Perfect Fourth""}"	How many times is the interval Perfect Fourth present in the soprano line?	Vulpius_DieHelleSonnLeuchtJetztHerfuer	chorale-bricks	Vulpius_DieHelleSonnLeuchtJetztHerfuer	data/chorale-bricks/Vulpius_DieHelleSonnLeuchtJetztHerfuer	2	"[""1"", ""13"", ""15"", ""23"", ""24"", ""34"", ""46""]"	"[""34"", ""24"", ""1"", ""13"", ""46"", ""15"", ""23""]"	symbolic	symbolic.abc.txt	data/chorale-bricks/Vulpius_DieHelleSonnLeuchtJetztHerfuer/symbolic.abc.txt	none of the other options is correct	"[""none of the other options is correct"", ""34"", ""24"", ""1"", ""13""]"	0.2	1	"[""A"", ""B"", ""C"", ""D"", ""E""]"	"{""A"": ""1"", ""B"": ""none of the other options is correct"", ""C"": ""13"", ""D"": ""34"", ""E"": ""24""}"	"[""(A) 1"", ""(B) none of the other options is correct"", ""(C) 13"", ""(D) 34"", ""(E) 24""]"	(B) none of the other options is correct	B
e7ec8a43-cda9-5a84-b7e0-9155e5221250	4	perception	pitch	relative	pitch-relative	interval-recognition		interval statistics	How many times is the interval {interval} present in the {voice} line?	"[""voice"", ""interval""]"	get_interval_quantity		interval	"{""voice"": ""soprano"", ""interval"": ""Perfect Fourth""}"	How many times is the interval Perfect Fourth present in the soprano line?	Vulpius_DieHelleSonnLeuchtJetztHerfuer	chorale-bricks	Vulpius_DieHelleSonnLeuchtJetztHerfuer	data/chorale-bricks/Vulpius_DieHelleSonnLeuchtJetztHerfuer	2	"[""1"", ""13"", ""15"", ""23"", ""24"", ""34"", ""46""]"	"[""34"", ""24"", ""1"", ""13"", ""46"", ""15"", ""23""]"	visual	visual.short.png	data/chorale-bricks/Vulpius_DieHelleSonnLeuchtJetztHerfuer/visual.short.png	2	"[""2"", ""none of the other options is correct"", ""34"", ""24"", ""1""]"	0.2	0	"[""A"", ""B"", ""C"", ""D"", ""E""]"	"{""A"": ""2"", ""B"": ""1"", ""C"": ""24"", ""D"": ""34"", ""E"": ""none of the other options is correct""}"	"[""(A) 2"", ""(B) 1"", ""(C) 24"", ""(D) 34"", ""(E) none of the other options is correct""]"	(A) 2	A
76f3a2f7-8be6-5983-88eb-b744c33822f7	5	perception	rhythm	absolute	rhythm-absolute	rhythmic-recognition		note length	What is the rhythmic notation of the {target_index} {voice} note (or rest)?	"[""target_index"", ""voice""]"	get_nth_rhythm		rhythm	"{""target_index"": ""26th"", ""voice"": ""soprano""}"	What is the rhythmic notation of the 26th soprano note (or rest)?	Anonymous_AusMeinesHerzensGrunde	chorale-bricks	Anonymous_AusMeinesHerzensGrunde	data/chorale-bricks/Anonymous_AusMeinesHerzensGrunde	half	"[""dotted-half"", ""dotted-quarter"", ""eighth"", ""quarter""]"	"[""dotted-quarter"", ""dotted-half"", ""eighth"", ""quarter""]"	audio	audio.mastermix.wav	data/chorale-bricks/Anonymous_AusMeinesHerzensGrunde/audio.mastermix.wav	half	"[""half"", ""none of the other options is correct"", ""dotted-quarter"", ""dotted-half"", ""eighth""]"	0.2	0	"[""A"", ""B"", ""C"", ""D"", ""E""]"	"{""A"": ""dotted-half"", ""B"": ""none of the other options is correct"", ""C"": ""eighth"", ""D"": ""half"", ""E"": ""dotted-quarter""}"	"[""(A) dotted-half"", ""(B) none of the other options is correct"", ""(C) eighth"", ""(D) half"", ""(E) dotted-quarter""]"	(D) half	D
200c1569-ab67-516f-8304-0eb5f2d55341	5	perception	rhythm	absolute	rhythm-absolute	rhythmic-recognition		note length	What is the rhythmic notation of the {target_index} {voice} note (or rest)?	"[""target_index"", ""voice""]"	get_nth_rhythm		rhythm	"{""target_index"": ""26th"", ""voice"": ""soprano""}"	What is the rhythmic notation of the 26th soprano note (or rest)?	Anonymous_AusMeinesHerzensGrunde	chorale-bricks	Anonymous_AusMeinesHerzensGrunde	data/chorale-bricks/Anonymous_AusMeinesHerzensGrunde	half	"[""dotted-half"", ""dotted-quarter"", ""eighth"", ""quarter""]"	"[""dotted-quarter"", ""dotted-half"", ""eighth"", ""quarter""]"	symbolic	symbolic.abc.txt	data/chorale-bricks/Anonymous_AusMeinesHerzensGrunde/symbolic.abc.txt	half	"[""half"", ""none of the other options is correct"", ""dotted-quarter"", ""dotted-half"", ""eighth""]"	0.2	0	"[""A"", ""B"", ""C"", ""D"", ""E""]"	"{""A"": ""none of the other options is correct"", ""B"": ""dotted-quarter"", ""C"": ""dotted-half"", ""D"": ""half"", ""E"": ""eighth""}"	"[""(A) none of the other options is correct"", ""(B) dotted-quarter"", ""(C) dotted-half"", ""(D) half"", ""(E) eighth""]"	(D) half	D
af2b20c0-2770-539b-a956-d10a3be36d64	5	perception	rhythm	absolute	rhythm-absolute	rhythmic-recognition		note length	What is the rhythmic notation of the {target_index} {voice} note (or rest)?	"[""target_index"", ""voice""]"	get_nth_rhythm		rhythm	"{""target_index"": ""26th"", ""voice"": ""soprano""}"	What is the rhythmic notation of the 26th soprano note (or rest)?	Anonymous_AusMeinesHerzensGrunde	chorale-bricks	Anonymous_AusMeinesHerzensGrunde	data/chorale-bricks/Anonymous_AusMeinesHerzensGrunde	half	"[""dotted-half"", ""dotted-quarter"", ""eighth"", ""quarter""]"	"[""dotted-quarter"", ""dotted-half"", ""eighth"", ""quarter""]"	visual	visual.short.png	data/chorale-bricks/Anonymous_AusMeinesHerzensGrunde/visual.short.png	half	"[""half"", ""none of the other options is correct"", ""dotted-quarter"", ""dotted-half"", ""eighth""]"	0.2	0	"[""A"", ""B"", ""C"", ""D"", ""E""]"	"{""A"": ""dotted-half"", ""B"": ""half"", ""C"": ""dotted-quarter"", ""D"": ""none of the other options is correct"", ""E"": ""eighth""}"	"[""(A) dotted-half"", ""(B) half"", ""(C) dotted-quarter"", ""(D) none of the other options is correct"", ""(E) eighth""]"	(B) half	B
992f6cb6-d5d2-5c91-8486-622035f54aa6	5	perception	rhythm	absolute	rhythm-absolute	rhythmic-recognition		note length	What is the rhythmic notation of the {target_index} {voice} note (or rest)?	"[""target_index"", ""voice""]"	get_nth_rhythm		rhythm	"{""target_index"": ""36th"", ""voice"": ""bass""}"	What is the rhythmic notation of the 36th bass note (or rest)?	Vulpius_DieHelleSonnLeuchtJetztHerfuer	chorale-bricks	Vulpius_DieHelleSonnLeuchtJetztHerfuer	data/chorale-bricks/Vulpius_DieHelleSonnLeuchtJetztHerfuer	half	"[""512th"", ""dotted-2048th"", ""dotted-half"", ""quarter""]"	"[""dotted-2048th"", ""512th"", ""dotted-half"", ""quarter""]"	audio	audio.mastermix.wav	data/chorale-bricks/Vulpius_DieHelleSonnLeuchtJetztHerfuer/audio.mastermix.wav	half	"[""half"", ""none of the other options is correct"", ""dotted-2048th"", ""512th"", ""dotted-half""]"	0.2	0	"[""A"", ""B"", ""C"", ""D"", ""E""]"	"{""A"": ""512th"", ""B"": ""half"", ""C"": ""dotted-2048th"", ""D"": ""none of the other options is correct"", ""E"": ""dotted-half""}"	"[""(A) 512th"", ""(B) half"", ""(C) dotted-2048th"", ""(D) none of the other options is correct"", ""(E) dotted-half""]"	(B) half	B
f0ba54b3-9297-552e-af37-b37e18b2052a	5	perception	rhythm	absolute	rhythm-absolute	rhythmic-recognition		note length	What is the rhythmic notation of the {target_index} {voice} note (or rest)?	"[""target_index"", ""voice""]"	get_nth_rhythm		rhythm	"{""target_index"": ""36th"", ""voice"": ""bass""}"	What is the rhythmic notation of the 36th bass note (or rest)?	Vulpius_DieHelleSonnLeuchtJetztHerfuer	chorale-bricks	Vulpius_DieHelleSonnLeuchtJetztHerfuer	data/chorale-bricks/Vulpius_DieHelleSonnLeuchtJetztHerfuer	half	"[""512th"", ""dotted-2048th"", ""dotted-half"", ""quarter""]"	"[""dotted-2048th"", ""512th"", ""dotted-half"", ""quarter""]"	symbolic	symbolic.abc.txt	data/chorale-bricks/Vulpius_DieHelleSonnLeuchtJetztHerfuer/symbolic.abc.txt	half	"[""half"", ""none of the other options is correct"", ""dotted-2048th"", ""512th"", ""dotted-half""]"	0.2	0	"[""A"", ""B"", ""C"", ""D"", ""E""]"	"{""A"": ""dotted-half"", ""B"": ""dotted-2048th"", ""C"": ""half"", ""D"": ""none of the other options is correct"", ""E"": ""512th""}"	"[""(A) dotted-half"", ""(B) dotted-2048th"", ""(C) half"", ""(D) none of the other options is correct"", ""(E) 512th""]"	(C) half	C
3a69f004-dc99-54e2-8973-0891b8f5eacf	5	perception	rhythm	absolute	rhythm-absolute	rhythmic-recognition		note length	What is the rhythmic notation of the {target_index} {voice} note (or rest)?	"[""target_index"", ""voice""]"	get_nth_rhythm		rhythm	"{""target_index"": ""36th"", ""voice"": ""bass""}"	What is the rhythmic notation of the 36th bass note (or rest)?	Vulpius_DieHelleSonnLeuchtJetztHerfuer	chorale-bricks	Vulpius_DieHelleSonnLeuchtJetztHerfuer	data/chorale-bricks/Vulpius_DieHelleSonnLeuchtJetztHerfuer	half	"[""512th"", ""dotted-2048th"", ""dotted-half"", ""quarter""]"	"[""dotted-2048th"", ""512th"", ""dotted-half"", ""quarter""]"	visual	visual.short.png	data/chorale-bricks/Vulpius_DieHelleSonnLeuchtJetztHerfuer/visual.short.png	half	"[""half"", ""none of the other options is correct"", ""dotted-2048th"", ""512th"", ""dotted-half""]"	0.2	0	"[""A"", ""B"", ""C"", ""D"", ""E""]"	"{""A"": ""half"", ""B"": ""none of the other options is correct"", ""C"": ""512th"", ""D"": ""dotted-2048th"", ""E"": ""dotted-half""}"	"[""(A) half"", ""(B) none of the other options is correct"", ""(C) 512th"", ""(D) dotted-2048th"", ""(E) dotted-half""]"	(A) half	A
0df25f7f-0f16-5def-a81f-7db804351711	5	perception	rhythm	absolute	rhythm-absolute	rhythmic-recognition		note length	What is the rhythmic notation of the {target_index} {voice} note (or rest)?	"[""target_index"", ""voice""]"	get_nth_rhythm		rhythm	"{""target_index"": ""38th"", ""voice"": ""alto""}"	What is the rhythmic notation of the 38th alto note (or rest)?	Drese_JesuGehVoran	chorale-bricks	Drese_JesuGehVoran	data/chorale-bricks/Drese_JesuGehVoran	quarter	"[""dotted-64th"", ""dotted-half"", ""eighth"", ""half""]"	"[""dotted-half"", ""dotted-64th"", ""half"", ""eighth""]"	audio	audio.mastermix.wav	data/chorale-bricks/Drese_JesuGehVoran/audio.mastermix.wav	quarter	"[""quarter"", ""none of the other options is correct"", ""dotted-half"", ""dotted-64th"", ""half""]"	0.2	0	"[""A"", ""B"", ""C"", ""D"", ""E""]"	"{""A"": ""none of the other options is correct"", ""B"": ""dotted-half"", ""C"": ""dotted-64th"", ""D"": ""half"", ""E"": ""quarter""}"	"[""(A) none of the other options is correct"", ""(B) dotted-half"", ""(C) dotted-64th"", ""(D) half"", ""(E) quarter""]"	(E) quarter	E
47af78ec-e1ae-5dfa-b62d-f8408b79eb31	5	perception	rhythm	absolute	rhythm-absolute	rhythmic-recognition		note length	What is the rhythmic notation of the {target_index} {voice} note (or rest)?	"[""target_index"", ""voice""]"	get_nth_rhythm		rhythm	"{""target_index"": ""38th"", ""voice"": ""alto""}"	What is the rhythmic notation of the 38th alto note (or rest)?	Drese_JesuGehVoran	chorale-bricks	Drese_JesuGehVoran	data/chorale-bricks/Drese_JesuGehVoran	quarter	"[""dotted-64th"", ""dotted-half"", ""eighth"", ""half""]"	"[""dotted-half"", ""dotted-64th"", ""half"", ""eighth""]"	symbolic	symbolic.abc.txt	data/chorale-bricks/Drese_JesuGehVoran/symbolic.abc.txt	none of the other options is correct	"[""none of the other options is correct"", ""dotted-half"", ""dotted-64th"", ""half"", ""eighth""]"	0.2	1	"[""A"", ""B"", ""C"", ""D"", ""E""]"	"{""A"": ""half"", ""B"": ""dotted-64th"", ""C"": ""dotted-half"", ""D"": ""eighth"", ""E"": ""none of the other options is correct""}"	"[""(A) half"", ""(B) dotted-64th"", ""(C) dotted-half"", ""(D) eighth"", ""(E) none of the other options is correct""]"	(E) none of the other options is correct	E
57a73673-c6b9-5958-a5f8-582b21e8547d	5	perception	rhythm	absolute	rhythm-absolute	rhythmic-recognition		note length	What is the rhythmic notation of the {target_index} {voice} note (or rest)?	"[""target_index"", ""voice""]"	get_nth_rhythm		rhythm	"{""target_index"": ""38th"", ""voice"": ""alto""}"	What is the rhythmic notation of the 38th alto note (or rest)?	Drese_JesuGehVoran	chorale-bricks	Drese_JesuGehVoran	data/chorale-bricks/Drese_JesuGehVoran	quarter	"[""dotted-64th"", ""dotted-half"", ""eighth"", ""half""]"	"[""dotted-half"", ""dotted-64th"", ""half"", ""eighth""]"	visual	visual.short.png	data/chorale-bricks/Drese_JesuGehVoran/visual.short.png	quarter	"[""quarter"", ""none of the other options is correct"", ""dotted-half"", ""dotted-64th"", ""half""]"	0.2	0	"[""A"", ""B"", ""C"", ""D"", ""E""]"	"{""A"": ""half"", ""B"": ""none of the other options is correct"", ""C"": ""dotted-64th"", ""D"": ""dotted-half"", ""E"": ""quarter""}"	"[""(A) half"", ""(B) none of the other options is correct"", ""(C) dotted-64th"", ""(D) dotted-half"", ""(E) quarter""]"	(E) quarter	E
0f014496-89de-57dd-aa30-9a8ae540c74d	5	perception	rhythm	absolute	rhythm-absolute	rhythmic-recognition		note length	What is the rhythmic notation of the {target_index} {voice} note (or rest)?	"[""target_index"", ""voice""]"	get_nth_rhythm		rhythm	"{""target_index"": ""43rd"", ""voice"": ""alto""}"	What is the rhythmic notation of the 43rd alto note (or rest)?	Crueger_AufAufMeinHerzMitFreuden	chorale-bricks	Crueger_AufAufMeinHerzMitFreuden	data/chorale-bricks/Crueger_AufAufMeinHerzMitFreuden	quarter	"[""dotted-half"", ""dotted-quarter"", ""eighth"", ""half""]"	"[""dotted-half"", ""eighth"", ""half"", ""dotted-quarter""]"	audio	audio.mastermix.wav	data/chorale-bricks/Crueger_AufAufMeinHerzMitFreuden/audio.mastermix.wav	quarter	"[""quarter"", ""none of the other options is correct"", ""dotted-half"", ""eighth"", ""half""]"	0.2	0	"[""A"", ""B"", ""C"", ""D"", ""E""]"	"{""A"": ""eighth"", ""B"": ""half"", ""C"": ""quarter"", ""D"": ""dotted-half"", ""E"": ""none of the other options is correct""}"	"[""(A) eighth"", ""(B) half"", ""(C) quarter"", ""(D) dotted-half"", ""(E) none of the other options is correct""]"	(C) quarter	C
a03f01e0-0348-5087-b68a-590a8ce31c21	5	perception	rhythm	absolute	rhythm-absolute	rhythmic-recognition		note length	What is the rhythmic notation of the {target_index} {voice} note (or rest)?	"[""target_index"", ""voice""]"	get_nth_rhythm		rhythm	"{""target_index"": ""43rd"", ""voice"": ""alto""}"	What is the rhythmic notation of the 43rd alto note (or rest)?	Crueger_AufAufMeinHerzMitFreuden	chorale-bricks	Crueger_AufAufMeinHerzMitFreuden	data/chorale-bricks/Crueger_AufAufMeinHerzMitFreuden	quarter	"[""dotted-half"", ""dotted-quarter"", ""eighth"", ""half""]"	"[""dotted-half"", ""eighth"", ""half"", ""dotted-quarter""]"	symbolic	symbolic.abc.txt	data/chorale-bricks/Crueger_AufAufMeinHerzMitFreuden/symbolic.abc.txt	quarter	"[""quarter"", ""none of the other options is correct"", ""dotted-half"", ""eighth"", ""half""]"	0.2	0	"[""A"", ""B"", ""C"", ""D"", ""E""]"	"{""A"": ""eighth"", ""B"": ""dotted-half"", ""C"": ""half"", ""D"": ""quarter"", ""E"": ""none of the other options is correct""}"	"[""(A) eighth"", ""(B) dotted-half"", ""(C) half"", ""(D) quarter"", ""(E) none of the other options is correct""]"	(D) quarter	D
0281efbd-14fb-53f7-a1f2-b4f740464515	5	perception	rhythm	absolute	rhythm-absolute	rhythmic-recognition		note length	What is the rhythmic notation of the {target_index} {voice} note (or rest)?	"[""target_index"", ""voice""]"	get_nth_rhythm		rhythm	"{""target_index"": ""43rd"", ""voice"": ""alto""}"	What is the rhythmic notation of the 43rd alto note (or rest)?	Crueger_AufAufMeinHerzMitFreuden	chorale-bricks	Crueger_AufAufMeinHerzMitFreuden	data/chorale-bricks/Crueger_AufAufMeinHerzMitFreuden	quarter	"[""dotted-half"", ""dotted-quarter"", ""eighth"", ""half""]"	"[""dotted-half"", ""eighth"", ""half"", ""dotted-quarter""]"	visual	visual.short.png	data/chorale-bricks/Crueger_AufAufMeinHerzMitFreuden/visual.short.png	none of the other options is correct	"[""none of the other options is correct"", ""dotted-half"", ""eighth"", ""half"", ""dotted-quarter""]"	0.2	1	"[""A"", ""B"", ""C"", ""D"", ""E""]"	"{""A"": ""dotted-quarter"", ""B"": ""none of the other options is correct"", ""C"": ""eighth"", ""D"": ""dotted-half"", ""E"": ""half""}"	"[""(A) dotted-quarter"", ""(B) none of the other options is correct"", ""(C) eighth"", ""(D) dotted-half"", ""(E) half""]"	(B) none of the other options is correct	B
22e32dcd-324f-5eae-b7bb-35cf87c4a9ca	5	perception	rhythm	absolute	rhythm-absolute	rhythmic-recognition		note length	What is the rhythmic notation of the {target_index} {voice} note (or rest)?	"[""target_index"", ""voice""]"	get_nth_rhythm		rhythm	"{""target_index"": ""12th"", ""voice"": ""bass""}"	What is the rhythmic notation of the 12th bass note (or rest)?	Vulpius_DieHelleSonnLeuchtJetztHerfuer	chorale-bricks	Vulpius_DieHelleSonnLeuchtJetztHerfuer	data/chorale-bricks/Vulpius_DieHelleSonnLeuchtJetztHerfuer	quarter	"[""dotted-1024th"", ""dotted-2048th"", ""dotted-half"", ""half""]"	"[""dotted-half"", ""dotted-2048th"", ""dotted-1024th"", ""half""]"	audio	audio.mastermix.wav	data/chorale-bricks/Vulpius_DieHelleSonnLeuchtJetztHerfuer/audio.mastermix.wav	quarter	"[""quarter"", ""none of the other options is correct"", ""dotted-half"", ""dotted-2048th"", ""dotted-1024th""]"	0.2	0	"[""A"", ""B"", ""C"", ""D"", ""E""]"	"{""A"": ""dotted-2048th"", ""B"": ""quarter"", ""C"": ""dotted-half"", ""D"": ""none of the other options is correct"", ""E"": ""dotted-1024th""}"	"[""(A) dotted-2048th"", ""(B) quarter"", ""(C) dotted-half"", ""(D) none of the other options is correct"", ""(E) dotted-1024th""]"	(B) quarter	B
91ea4b71-5fd1-5913-8730-149b5649ebec	5	perception	rhythm	absolute	rhythm-absolute	rhythmic-recognition		note length	What is the rhythmic notation of the {target_index} {voice} note (or rest)?	"[""target_index"", ""voice""]"	get_nth_rhythm		rhythm	"{""target_index"": ""12th"", ""voice"": ""bass""}"	What is the rhythmic notation of the 12th bass note (or rest)?	Vulpius_DieHelleSonnLeuchtJetztHerfuer	chorale-bricks	Vulpius_DieHelleSonnLeuchtJetztHerfuer	data/chorale-bricks/Vulpius_DieHelleSonnLeuchtJetztHerfuer	quarter	"[""dotted-1024th"", ""dotted-2048th"", ""dotted-half"", ""half""]"	"[""dotted-half"", ""dotted-2048th"", ""dotted-1024th"", ""half""]"	symbolic	symbolic.abc.txt	data/chorale-bricks/Vulpius_DieHelleSonnLeuchtJetztHerfuer/symbolic.abc.txt	quarter	"[""quarter"", ""none of the other options is correct"", ""dotted-half"", ""dotted-2048th"", ""dotted-1024th""]"	0.2	0	"[""A"", ""B"", ""C"", ""D"", ""E""]"	"{""A"": ""quarter"", ""B"": ""none of the other options is correct"", ""C"": ""dotted-half"", ""D"": ""dotted-1024th"", ""E"": ""dotted-2048th""}"	"[""(A) quarter"", ""(B) none of the other options is correct"", ""(C) dotted-half"", ""(D) dotted-1024th"", ""(E) dotted-2048th""]"	(A) quarter	A
7b1d3048-20fb-52b8-8d93-dde996b4c4ae	5	perception	rhythm	absolute	rhythm-absolute	rhythmic-recognition		note length	What is the rhythmic notation of the {target_index} {voice} note (or rest)?	"[""target_index"", ""voice""]"	get_nth_rhythm		rhythm	"{""target_index"": ""12th"", ""voice"": ""bass""}"	What is the rhythmic notation of the 12th bass note (or rest)?	Vulpius_DieHelleSonnLeuchtJetztHerfuer	chorale-bricks	Vulpius_DieHelleSonnLeuchtJetztHerfuer	data/chorale-bricks/Vulpius_DieHelleSonnLeuchtJetztHerfuer	quarter	"[""dotted-1024th"", ""dotted-2048th"", ""dotted-half"", ""half""]"	"[""dotted-half"", ""dotted-2048th"", ""dotted-1024th"", ""half""]"	visual	visual.short.png	data/chorale-bricks/Vulpius_DieHelleSonnLeuchtJetztHerfuer/visual.short.png	quarter	"[""quarter"", ""none of the other options is correct"", ""dotted-half"", ""dotted-2048th"", ""dotted-1024th""]"	0.2	0	"[""A"", ""B"", ""C"", ""D"", ""E""]"	"{""A"": ""dotted-1024th"", ""B"": ""dotted-half"", ""C"": ""dotted-2048th"", ""D"": ""none of the other options is correct"", ""E"": ""quarter""}"	"[""(A) dotted-1024th"", ""(B) dotted-half"", ""(C) dotted-2048th"", ""(D) none of the other options is correct"", ""(E) quarter""]"	(E) quarter	E
06f5d49f-67c9-52c2-9c19-14e72a461cbd	5	perception	rhythm	absolute	rhythm-absolute	rhythmic-recognition		note length	What is the rhythmic notation of the {target_index} {voice} note (or rest)?	"[""target_index"", ""voice""]"	get_nth_rhythm		rhythm	"{""target_index"": ""48th"", ""voice"": ""alto""}"	What is the rhythmic notation of the 48th alto note (or rest)?	Telemann_DerLiebenSonneLichtUndPracht	chorale-bricks	Telemann_DerLiebenSonneLichtUndPracht	data/chorale-bricks/Telemann_DerLiebenSonneLichtUndPracht	quarter	"[""16th"", ""dotted-quarter"", ""eighth"", ""half""]"	"[""half"", ""eighth"", ""dotted-quarter"", ""16th""]"	audio	audio.mastermix.wav	data/chorale-bricks/Telemann_DerLiebenSonneLichtUndPracht/audio.mastermix.wav	none of the other options is correct	"[""none of the other options is correct"", ""half"", ""eighth"", ""dotted-quarter"", ""16th""]"	0.2	1	"[""A"", ""B"", ""C"", ""D"", ""E""]"	"{""A"": ""dotted-quarter"", ""B"": ""half"", ""C"": ""16th"", ""D"": ""eighth"", ""E"": ""none of the other options is correct""}"	"[""(A) dotted-quarter"", ""(B) half"", ""(C) 16th"", ""(D) eighth"", ""(E) none of the other options is correct""]"	(E) none of the other options is correct	E
7948dc2d-e99e-564d-9567-39a1338f2fc9	5	perception	rhythm	absolute	rhythm-absolute	rhythmic-recognition		note length	What is the rhythmic notation of the {target_index} {voice} note (or rest)?	"[""target_index"", ""voice""]"	get_nth_rhythm		rhythm	"{""target_index"": ""48th"", ""voice"": ""alto""}"	What is the rhythmic notation of the 48th alto note (or rest)?	Telemann_DerLiebenSonneLichtUndPracht	chorale-bricks	Telemann_DerLiebenSonneLichtUndPracht	data/chorale-bricks/Telemann_DerLiebenSonneLichtUndPracht	quarter	"[""16th"", ""dotted-quarter"", ""eighth"", ""half""]"	"[""half"", ""eighth"", ""dotted-quarter"", ""16th""]"	symbolic	symbolic.abc.txt	data/chorale-bricks/Telemann_DerLiebenSonneLichtUndPracht/symbolic.abc.txt	quarter	"[""quarter"", ""none of the other options is correct"", ""half"", ""eighth"", ""dotted-quarter""]"	0.2	0	"[""A"", ""B"", ""C"", ""D"", ""E""]"	"{""A"": ""eighth"", ""B"": ""none of the other options is correct"", ""C"": ""half"", ""D"": ""dotted-quarter"", ""E"": ""quarter""}"	"[""(A) eighth"", ""(B) none of the other options is correct"", ""(C) half"", ""(D) dotted-quarter"", ""(E) quarter""]"	(E) quarter	E
7881e480-90e5-5eee-b06c-289689e90cbf	5	perception	rhythm	absolute	rhythm-absolute	rhythmic-recognition		note length	What is the rhythmic notation of the {target_index} {voice} note (or rest)?	"[""target_index"", ""voice""]"	get_nth_rhythm		rhythm	"{""target_index"": ""48th"", ""voice"": ""alto""}"	What is the rhythmic notation of the 48th alto note (or rest)?	Telemann_DerLiebenSonneLichtUndPracht	chorale-bricks	Telemann_DerLiebenSonneLichtUndPracht	data/chorale-bricks/Telemann_DerLiebenSonneLichtUndPracht	quarter	"[""16th"", ""dotted-quarter"", ""eighth"", ""half""]"	"[""half"", ""eighth"", ""dotted-quarter"", ""16th""]"	visual	visual.short.png	data/chorale-bricks/Telemann_DerLiebenSonneLichtUndPracht/visual.short.png	quarter	"[""quarter"", ""none of the other options is correct"", ""half"", ""eighth"", ""dotted-quarter""]"	0.2	0	"[""A"", ""B"", ""C"", ""D"", ""E""]"	"{""A"": ""none of the other options is correct"", ""B"": ""eighth"", ""C"": ""quarter"", ""D"": ""half"", ""E"": ""dotted-quarter""}"	"[""(A) none of the other options is correct"", ""(B) eighth"", ""(C) quarter"", ""(D) half"", ""(E) dotted-quarter""]"	(C) quarter	C
add038d4-1bd8-56d1-8060-f231e74ef0ea	5	perception	rhythm	absolute	rhythm-absolute	rhythmic-recognition		note length	What is the rhythmic notation of the {target_index} {voice} note (or rest)?	"[""target_index"", ""voice""]"	get_nth_rhythm		rhythm	"{""target_index"": ""61st"", ""voice"": ""alto""}"	What is the rhythmic notation of the 61st alto note (or rest)?	Telemann_DerLiebenSonneLichtUndPracht	chorale-bricks	Telemann_DerLiebenSonneLichtUndPracht	data/chorale-bricks/Telemann_DerLiebenSonneLichtUndPracht	dotted-quarter	"[""dotted-512th"", ""eighth"", ""half"", ""quarter""]"	"[""eighth"", ""dotted-512th"", ""half"", ""quarter""]"	audio	audio.mastermix.wav	data/chorale-bricks/Telemann_DerLiebenSonneLichtUndPracht/audio.mastermix.wav	dotted-quarter	"[""dotted-quarter"", ""none of the other options is correct"", ""eighth"", ""dotted-512th"", ""half""]"	0.2	0	"[""A"", ""B"", ""C"", ""D"", ""E""]"	"{""A"": ""dotted-quarter"", ""B"": ""half"", ""C"": ""none of the other options is correct"", ""D"": ""eighth"", ""E"": ""dotted-512th""}"	"[""(A) dotted-quarter"", ""(B) half"", ""(C) none of the other options is correct"", ""(D) eighth"", ""(E) dotted-512th""]"	(A) dotted-quarter	A
c1f17eb0-e2fd-5b27-a01b-3233d23a9176	5	perception	rhythm	absolute	rhythm-absolute	rhythmic-recognition		note length	What is the rhythmic notation of the {target_index} {voice} note (or rest)?	"[""target_index"", ""voice""]"	get_nth_rhythm		rhythm	"{""target_index"": ""61st"", ""voice"": ""alto""}"	What is the rhythmic notation of the 61st alto note (or rest)?	Telemann_DerLiebenSonneLichtUndPracht	chorale-bricks	Telemann_DerLiebenSonneLichtUndPracht	data/chorale-bricks/Telemann_DerLiebenSonneLichtUndPracht	dotted-quarter	"[""dotted-512th"", ""eighth"", ""half"", ""quarter""]"	"[""eighth"", ""dotted-512th"", ""half"", ""quarter""]"	symbolic	symbolic.abc.txt	data/chorale-bricks/Telemann_DerLiebenSonneLichtUndPracht/symbolic.abc.txt	dotted-quarter	"[""dotted-quarter"", ""none of the other options is correct"", ""eighth"", ""dotted-512th"", ""half""]"	0.2	0	"[""A"", ""B"", ""C"", ""D"", ""E""]"	"{""A"": ""dotted-quarter"", ""B"": ""none of the other options is correct"", ""C"": ""dotted-512th"", ""D"": ""eighth"", ""E"": ""half""}"	"[""(A) dotted-quarter"", ""(B) none of the other options is correct"", ""(C) dotted-512th"", ""(D) eighth"", ""(E) half""]"	(A) dotted-quarter	A
a62796f9-f75b-548a-8e6c-586df6a82eee	5	perception	rhythm	absolute	rhythm-absolute	rhythmic-recognition		note length	What is the rhythmic notation of the {target_index} {voice} note (or rest)?	"[""target_index"", ""voice""]"	get_nth_rhythm		rhythm	"{""target_index"": ""61st"", ""voice"": ""alto""}"	What is the rhythmic notation of the 61st alto note (or rest)?	Telemann_DerLiebenSonneLichtUndPracht	chorale-bricks	Telemann_DerLiebenSonneLichtUndPracht	data/chorale-bricks/Telemann_DerLiebenSonneLichtUndPracht	dotted-quarter	"[""dotted-512th"", ""eighth"", ""half"", ""quarter""]"	"[""eighth"", ""dotted-512th"", ""half"", ""quarter""]"	visual	visual.short.png	data/chorale-bricks/Telemann_DerLiebenSonneLichtUndPracht/visual.short.png	dotted-quarter	"[""dotted-quarter"", ""none of the other options is correct"", ""eighth"", ""dotted-512th"", ""half""]"	0.2	0	"[""A"", ""B"", ""C"", ""D"", ""E""]"	"{""A"": ""half"", ""B"": ""dotted-quarter"", ""C"": ""eighth"", ""D"": ""dotted-512th"", ""E"": ""none of the other options is correct""}"	"[""(A) half"", ""(B) dotted-quarter"", ""(C) eighth"", ""(D) dotted-512th"", ""(E) none of the other options is correct""]"	(B) dotted-quarter	B
0cf942aa-5c4f-5e0a-ae03-92057cdb1ddf	5	perception	rhythm	absolute	rhythm-absolute	rhythmic-recognition		note length	What is the rhythmic notation of the {target_index} {voice} note (or rest)?	"[""target_index"", ""voice""]"	get_nth_rhythm		rhythm	"{""target_index"": ""17th"", ""voice"": ""alto""}"	What is the rhythmic notation of the 17th alto note (or rest)?	Vulpius_DieHelleSonnLeuchtJetztHerfuer	chorale-bricks	Vulpius_DieHelleSonnLeuchtJetztHerfuer	data/chorale-bricks/Vulpius_DieHelleSonnLeuchtJetztHerfuer	half	"[""128th"", ""dotted-half"", ""dotted-quarter"", ""quarter""]"	"[""quarter"", ""128th"", ""dotted-half"", ""dotted-quarter""]"	audio	audio.mastermix.wav	data/chorale-bricks/Vulpius_DieHelleSonnLeuchtJetztHerfuer/audio.mastermix.wav	half	"[""half"", ""none of the other options is correct"", ""quarter"", ""128th"", ""dotted-half""]"	0.2	0	"[""A"", ""B"", ""C"", ""D"", ""E""]"	"{""A"": ""dotted-half"", ""B"": ""none of the other options is correct"", ""C"": ""128th"", ""D"": ""quarter"", ""E"": ""half""}"	"[""(A) dotted-half"", ""(B) none of the other options is correct"", ""(C) 128th"", ""(D) quarter"", ""(E) half""]"	(E) half	E
6f939d4c-e438-52cd-b338-d03216cf26ad	5	perception	rhythm	absolute	rhythm-absolute	rhythmic-recognition		note length	What is the rhythmic notation of the {target_index} {voice} note (or rest)?	"[""target_index"", ""voice""]"	get_nth_rhythm		rhythm	"{""target_index"": ""17th"", ""voice"": ""alto""}"	What is the rhythmic notation of the 17th alto note (or rest)?	Vulpius_DieHelleSonnLeuchtJetztHerfuer	chorale-bricks	Vulpius_DieHelleSonnLeuchtJetztHerfuer	data/chorale-bricks/Vulpius_DieHelleSonnLeuchtJetztHerfuer	half	"[""128th"", ""dotted-half"", ""dotted-quarter"", ""quarter""]"	"[""quarter"", ""128th"", ""dotted-half"", ""dotted-quarter""]"	symbolic	symbolic.abc.txt	data/chorale-bricks/Vulpius_DieHelleSonnLeuchtJetztHerfuer/symbolic.abc.txt	half	"[""half"", ""none of the other options is correct"", ""quarter"", ""128th"", ""dotted-half""]"	0.2	0	"[""A"", ""B"", ""C"", ""D"", ""E""]"	"{""A"": ""128th"", ""B"": ""half"", ""C"": ""dotted-half"", ""D"": ""quarter"", ""E"": ""none of the other options is correct""}"	"[""(A) 128th"", ""(B) half"", ""(C) dotted-half"", ""(D) quarter"", ""(E) none of the other options is correct""]"	(B) half	B
3a8f8055-e3db-5234-969d-53ebbecfbf73	5	perception	rhythm	absolute	rhythm-absolute	rhythmic-recognition		note length	What is the rhythmic notation of the {target_index} {voice} note (or rest)?	"[""target_index"", ""voice""]"	get_nth_rhythm		rhythm	"{""target_index"": ""17th"", ""voice"": ""alto""}"	What is the rhythmic notation of the 17th alto note (or rest)?	Vulpius_DieHelleSonnLeuchtJetztHerfuer	chorale-bricks	Vulpius_DieHelleSonnLeuchtJetztHerfuer	data/chorale-bricks/Vulpius_DieHelleSonnLeuchtJetztHerfuer	half	"[""128th"", ""dotted-half"", ""dotted-quarter"", ""quarter""]"	"[""quarter"", ""128th"", ""dotted-half"", ""dotted-quarter""]"	visual	visual.short.png	data/chorale-bricks/Vulpius_DieHelleSonnLeuchtJetztHerfuer/visual.short.png	half	"[""half"", ""none of the other options is correct"", ""quarter"", ""128th"", ""dotted-half""]"	0.2	0	"[""A"", ""B"", ""C"", ""D"", ""E""]"	"{""A"": ""quarter"", ""B"": ""none of the other options is correct"", ""C"": ""dotted-half"", ""D"": ""128th"", ""E"": ""half""}"	"[""(A) quarter"", ""(B) none of the other options is correct"", ""(C) dotted-half"", ""(D) 128th"", ""(E) half""]"	(E) half	E
0c469748-4c70-5a86-b624-669f447f2c56	5	perception	rhythm	absolute	rhythm-absolute	rhythmic-recognition		note length	What is the rhythmic notation of the {target_index} {voice} note (or rest)?	"[""target_index"", ""voice""]"	get_nth_rhythm		rhythm	"{""target_index"": ""14th"", ""voice"": ""bass""}"	What is the rhythmic notation of the 14th bass note (or rest)?	Gesius_BefiehlDuDeineWege	chorale-bricks	Gesius_BefiehlDuDeineWege	data/chorale-bricks/Gesius_BefiehlDuDeineWege	quarter	"[""dotted-64th"", ""dotted-half"", ""dotted-maxima"", ""half""]"	"[""dotted-maxima"", ""dotted-64th"", ""half"", ""dotted-half""]"	audio	audio.mastermix.wav	data/chorale-bricks/Gesius_BefiehlDuDeineWege/audio.mastermix.wav	quarter	"[""quarter"", ""none of the other options is correct"", ""dotted-maxima"", ""dotted-64th"", ""half""]"	0.2	0	"[""A"", ""B"", ""C"", ""D"", ""E""]"	"{""A"": ""none of the other options is correct"", ""B"": ""dotted-64th"", ""C"": ""quarter"", ""D"": ""half"", ""E"": ""dotted-maxima""}"	"[""(A) none of the other options is correct"", ""(B) dotted-64th"", ""(C) quarter"", ""(D) half"", ""(E) dotted-maxima""]"	(C) quarter	C
e47056b4-b51f-5708-9e84-e66c15ca6783	5	perception	rhythm	absolute	rhythm-absolute	rhythmic-recognition		note length	What is the rhythmic notation of the {target_index} {voice} note (or rest)?	"[""target_index"", ""voice""]"	get_nth_rhythm		rhythm	"{""target_index"": ""14th"", ""voice"": ""bass""}"	What is the rhythmic notation of the 14th bass note (or rest)?	Gesius_BefiehlDuDeineWege	chorale-bricks	Gesius_BefiehlDuDeineWege	data/chorale-bricks/Gesius_BefiehlDuDeineWege	quarter	"[""dotted-64th"", ""dotted-half"", ""dotted-maxima"", ""half""]"	"[""dotted-maxima"", ""dotted-64th"", ""half"", ""dotted-half""]"	symbolic	symbolic.abc.txt	data/chorale-bricks/Gesius_BefiehlDuDeineWege/symbolic.abc.txt	quarter	"[""quarter"", ""none of the other options is correct"", ""dotted-maxima"", ""dotted-64th"", ""half""]"	0.2	0	"[""A"", ""B"", ""C"", ""D"", ""E""]"	"{""A"": ""none of the other options is correct"", ""B"": ""half"", ""C"": ""dotted-maxima"", ""D"": ""quarter"", ""E"": ""dotted-64th""}"	"[""(A) none of the other options is correct"", ""(B) half"", ""(C) dotted-maxima"", ""(D) quarter"", ""(E) dotted-64th""]"	(D) quarter	D
17d7962d-4909-53e5-a148-bba4e5a8200a	5	perception	rhythm	absolute	rhythm-absolute	rhythmic-recognition		note length	What is the rhythmic notation of the {target_index} {voice} note (or rest)?	"[""target_index"", ""voice""]"	get_nth_rhythm		rhythm	"{""target_index"": ""14th"", ""voice"": ""bass""}"	What is the rhythmic notation of the 14th bass note (or rest)?	Gesius_BefiehlDuDeineWege	chorale-bricks	Gesius_BefiehlDuDeineWege	data/chorale-bricks/Gesius_BefiehlDuDeineWege	quarter	"[""dotted-64th"", ""dotted-half"", ""dotted-maxima"", ""half""]"	"[""dotted-maxima"", ""dotted-64th"", ""half"", ""dotted-half""]"	visual	visual.short.png	data/chorale-bricks/Gesius_BefiehlDuDeineWege/visual.short.png	quarter	"[""quarter"", ""none of the other options is correct"", ""dotted-maxima"", ""dotted-64th"", ""half""]"	0.2	0	"[""A"", ""B"", ""C"", ""D"", ""E""]"	"{""A"": ""none of the other options is correct"", ""B"": ""dotted-64th"", ""C"": ""dotted-maxima"", ""D"": ""quarter"", ""E"": ""half""}"	"[""(A) none of the other options is correct"", ""(B) dotted-64th"", ""(C) dotted-maxima"", ""(D) quarter"", ""(E) half""]"	(D) quarter	D
08073585-19eb-55f0-a00e-265759e9d65a	5	perception	rhythm	absolute	rhythm-absolute	rhythmic-recognition		note length	What is the rhythmic notation of the {target_index} {voice} note (or rest)?	"[""target_index"", ""voice""]"	get_nth_rhythm		rhythm	"{""target_index"": ""39th"", ""voice"": ""bass""}"	What is the rhythmic notation of the 39th bass note (or rest)?	Crueger_AufAufMeinHerzMitFreuden	chorale-bricks	Crueger_AufAufMeinHerzMitFreuden	data/chorale-bricks/Crueger_AufAufMeinHerzMitFreuden	half	"[""dotted-half"", ""dotted-quarter"", ""eighth"", ""quarter""]"	"[""dotted-half"", ""quarter"", ""eighth"", ""dotted-quarter""]"	audio	audio.mastermix.wav	data/chorale-bricks/Crueger_AufAufMeinHerzMitFreuden/audio.mastermix.wav	half	"[""half"", ""none of the other options is correct"", ""dotted-half"", ""quarter"", ""eighth""]"	0.2	0	"[""A"", ""B"", ""C"", ""D"", ""E""]"	"{""A"": ""none of the other options is correct"", ""B"": ""eighth"", ""C"": ""half"", ""D"": ""quarter"", ""E"": ""dotted-half""}"	"[""(A) none of the other options is correct"", ""(B) eighth"", ""(C) half"", ""(D) quarter"", ""(E) dotted-half""]"	(C) half	C
348b4afe-df57-514d-99e2-f31d8be2aa7d	5	perception	rhythm	absolute	rhythm-absolute	rhythmic-recognition		note length	What is the rhythmic notation of the {target_index} {voice} note (or rest)?	"[""target_index"", ""voice""]"	get_nth_rhythm		rhythm	"{""target_index"": ""39th"", ""voice"": ""bass""}"	What is the rhythmic notation of the 39th bass note (or rest)?	Crueger_AufAufMeinHerzMitFreuden	chorale-bricks	Crueger_AufAufMeinHerzMitFreuden	data/chorale-bricks/Crueger_AufAufMeinHerzMitFreuden	half	"[""dotted-half"", ""dotted-quarter"", ""eighth"", ""quarter""]"	"[""dotted-half"", ""quarter"", ""eighth"", ""dotted-quarter""]"	symbolic	symbolic.abc.txt	data/chorale-bricks/Crueger_AufAufMeinHerzMitFreuden/symbolic.abc.txt	none of the other options is correct	"[""none of the other options is correct"", ""dotted-half"", ""quarter"", ""eighth"", ""dotted-quarter""]"	0.2	1	"[""A"", ""B"", ""C"", ""D"", ""E""]"	"{""A"": ""dotted-half"", ""B"": ""eighth"", ""C"": ""none of the other options is correct"", ""D"": ""quarter"", ""E"": ""dotted-quarter""}"	"[""(A) dotted-half"", ""(B) eighth"", ""(C) none of the other options is correct"", ""(D) quarter"", ""(E) dotted-quarter""]"	(C) none of the other options is correct	C
c66db1ca-bc77-510b-a320-8b7e4a96faa3	5	perception	rhythm	absolute	rhythm-absolute	rhythmic-recognition		note length	What is the rhythmic notation of the {target_index} {voice} note (or rest)?	"[""target_index"", ""voice""]"	get_nth_rhythm		rhythm	"{""target_index"": ""39th"", ""voice"": ""bass""}"	What is the rhythmic notation of the 39th bass note (or rest)?	Crueger_AufAufMeinHerzMitFreuden	chorale-bricks	Crueger_AufAufMeinHerzMitFreuden	data/chorale-bricks/Crueger_AufAufMeinHerzMitFreuden	half	"[""dotted-half"", ""dotted-quarter"", ""eighth"", ""quarter""]"	"[""dotted-half"", ""quarter"", ""eighth"", ""dotted-quarter""]"	visual	visual.short.png	data/chorale-bricks/Crueger_AufAufMeinHerzMitFreuden/visual.short.png	half	"[""half"", ""none of the other options is correct"", ""dotted-half"", ""quarter"", ""eighth""]"	0.2	0	"[""A"", ""B"", ""C"", ""D"", ""E""]"	"{""A"": ""dotted-half"", ""B"": ""none of the other options is correct"", ""C"": ""eighth"", ""D"": ""quarter"", ""E"": ""half""}"	"[""(A) dotted-half"", ""(B) none of the other options is correct"", ""(C) eighth"", ""(D) quarter"", ""(E) half""]"	(E) half	E
5365aab5-e8f3-5293-b6fb-d079af754f0d	6	perception	rhythm	absolute	rhythm-absolute	rhythmic-recognition		note length statistics	What is the total count of {rhythm}-note units in the {voice} line?	"[""rhythm"", ""voice""]"	get_rhythm_count		rhythm	"{""rhythm"": ""half"", ""voice"": ""tenor""}"	What is the total count of half-note units in the tenor line?	Crueger_AufAufMeinHerzMitFreuden	chorale-bricks	Crueger_AufAufMeinHerzMitFreuden	data/chorale-bricks/Crueger_AufAufMeinHerzMitFreuden	15	"[""1"", ""3"", ""4"", ""9"", ""10"", ""18"", ""19"", ""31"", ""35""]"	"[""19"", ""9"", ""1"", ""31"", ""18"", ""4"", ""3"", ""35"", ""10""]"	audio	audio.mastermix.wav	data/chorale-bricks/Crueger_AufAufMeinHerzMitFreuden/audio.mastermix.wav	15	"[""15"", ""none of the other options is correct"", ""19"", ""9"", ""1""]"	0.2	0	"[""A"", ""B"", ""C"", ""D"", ""E""]"	"{""A"": ""none of the other options is correct"", ""B"": ""9"", ""C"": ""19"", ""D"": ""1"", ""E"": ""15""}"	"[""(A) none of the other options is correct"", ""(B) 9"", ""(C) 19"", ""(D) 1"", ""(E) 15""]"	(E) 15	E
764c9a57-efbb-5757-a4dd-2c1a90511d33	6	perception	rhythm	absolute	rhythm-absolute	rhythmic-recognition		note length statistics	What is the total count of {rhythm}-note units in the {voice} line?	"[""rhythm"", ""voice""]"	get_rhythm_count		rhythm	"{""rhythm"": ""half"", ""voice"": ""tenor""}"	What is the total count of half-note units in the tenor line?	Crueger_AufAufMeinHerzMitFreuden	chorale-bricks	Crueger_AufAufMeinHerzMitFreuden	data/chorale-bricks/Crueger_AufAufMeinHerzMitFreuden	15	"[""1"", ""3"", ""4"", ""9"", ""10"", ""18"", ""19"", ""31"", ""35""]"	"[""19"", ""9"", ""1"", ""31"", ""18"", ""4"", ""3"", ""35"", ""10""]"	symbolic	symbolic.abc.txt	data/chorale-bricks/Crueger_AufAufMeinHerzMitFreuden/symbolic.abc.txt	15	"[""15"", ""none of the other options is correct"", ""19"", ""9"", ""1""]"	0.2	0	"[""A"", ""B"", ""C"", ""D"", ""E""]"	"{""A"": ""9"", ""B"": ""19"", ""C"": ""1"", ""D"": ""15"", ""E"": ""none of the other options is correct""}"	"[""(A) 9"", ""(B) 19"", ""(C) 1"", ""(D) 15"", ""(E) none of the other options is correct""]"	(D) 15	D
913c24c1-f97e-5a4e-9602-c5274a427c22	6	perception	rhythm	absolute	rhythm-absolute	rhythmic-recognition		note length statistics	What is the total count of {rhythm}-note units in the {voice} line?	"[""rhythm"", ""voice""]"	get_rhythm_count		rhythm	"{""rhythm"": ""half"", ""voice"": ""tenor""}"	What is the total count of half-note units in the tenor line?	Crueger_AufAufMeinHerzMitFreuden	chorale-bricks	Crueger_AufAufMeinHerzMitFreuden	data/chorale-bricks/Crueger_AufAufMeinHerzMitFreuden	15	"[""1"", ""3"", ""4"", ""9"", ""10"", ""18"", ""19"", ""31"", ""35""]"	"[""19"", ""9"", ""1"", ""31"", ""18"", ""4"", ""3"", ""35"", ""10""]"	visual	visual.short.png	data/chorale-bricks/Crueger_AufAufMeinHerzMitFreuden/visual.short.png	15	"[""15"", ""none of the other options is correct"", ""19"", ""9"", ""1""]"	0.2	0	"[""A"", ""B"", ""C"", ""D"", ""E""]"	"{""A"": ""9"", ""B"": ""15"", ""C"": ""19"", ""D"": ""none of the other options is correct"", ""E"": ""1""}"	"[""(A) 9"", ""(B) 15"", ""(C) 19"", ""(D) none of the other options is correct"", ""(E) 1""]"	(B) 15	B
8304a06e-5b42-5f2c-9adc-4eb648e2a1e2	6	perception	rhythm	absolute	rhythm-absolute	rhythmic-recognition		note length statistics	What is the total count of {rhythm}-note units in the {voice} line?	"[""rhythm"", ""voice""]"	get_rhythm_count		rhythm	"{""rhythm"": ""eighth"", ""voice"": ""alto""}"	What is the total count of eighth-note units in the alto line?	Jan_DuGrosserSchmerzensmann	chorale-bricks	Jan_DuGrosserSchmerzensmann	data/chorale-bricks/Jan_DuGrosserSchmerzensmann	0	"[""1"", ""2"", ""14"", ""15"", ""40"", ""42"", ""44""]"	"[""42"", ""14"", ""15"", ""2"", ""44"", ""1"", ""40""]"	audio	audio.mastermix.wav	data/chorale-bricks/Jan_DuGrosserSchmerzensmann/audio.mastermix.wav	0	"[""0"", ""none of the other options is correct"", ""42"", ""14"", ""15""]"	0.2	0	"[""A"", ""B"", ""C"", ""D"", ""E""]"	"{""A"": ""none of the other options is correct"", ""B"": ""14"", ""C"": ""42"", ""D"": ""0"", ""E"": ""15""}"	"[""(A) none of the other options is correct"", ""(B) 14"", ""(C) 42"", ""(D) 0"", ""(E) 15""]"	(D) 0	D
1b07d617-d29a-5c1a-9f5a-12e554f4640a	6	perception	rhythm	absolute	rhythm-absolute	rhythmic-recognition		note length statistics	What is the total count of {rhythm}-note units in the {voice} line?	"[""rhythm"", ""voice""]"	get_rhythm_count		rhythm	"{""rhythm"": ""eighth"", ""voice"": ""alto""}"	What is the total count of eighth-note units in the alto line?	Jan_DuGrosserSchmerzensmann	chorale-bricks	Jan_DuGrosserSchmerzensmann	data/chorale-bricks/Jan_DuGrosserSchmerzensmann	0	"[""1"", ""2"", ""14"", ""15"", ""40"", ""42"", ""44""]"	"[""42"", ""14"", ""15"", ""2"", ""44"", ""1"", ""40""]"	symbolic	symbolic.abc.txt	data/chorale-bricks/Jan_DuGrosserSchmerzensmann/symbolic.abc.txt	0	"[""0"", ""none of the other options is correct"", ""42"", ""14"", ""15""]"	0.2	0	"[""A"", ""B"", ""C"", ""D"", ""E""]"	"{""A"": ""14"", ""B"": ""42"", ""C"": ""15"", ""D"": ""0"", ""E"": ""none of the other options is correct""}"	"[""(A) 14"", ""(B) 42"", ""(C) 15"", ""(D) 0"", ""(E) none of the other options is correct""]"	(D) 0	D
394e4f2d-d5b1-5805-8889-7b300660b366	6	perception	rhythm	absolute	rhythm-absolute	rhythmic-recognition		note length statistics	What is the total count of {rhythm}-note units in the {voice} line?	"[""rhythm"", ""voice""]"	get_rhythm_count		rhythm	"{""rhythm"": ""eighth"", ""voice"": ""alto""}"	What is the total count of eighth-note units in the alto line?	Jan_DuGrosserSchmerzensmann	chorale-bricks	Jan_DuGrosserSchmerzensmann	data/chorale-bricks/Jan_DuGrosserSchmerzensmann	0	"[""1"", ""2"", ""14"", ""15"", ""40"", ""42"", ""44""]"	"[""42"", ""14"", ""15"", ""2"", ""44"", ""1"", ""40""]"	visual	visual.short.png	data/chorale-bricks/Jan_DuGrosserSchmerzensmann/visual.short.png	0	"[""0"", ""none of the other options is correct"", ""42"", ""14"", ""15""]"	0.2	0	"[""A"", ""B"", ""C"", ""D"", ""E""]"	"{""A"": ""none of the other options is correct"", ""B"": ""15"", ""C"": ""0"", ""D"": ""14"", ""E"": ""42""}"	"[""(A) none of the other options is correct"", ""(B) 15"", ""(C) 0"", ""(D) 14"", ""(E) 42""]"	(C) 0	C
e956c7a5-07c1-50a5-a3d5-6205bfda02b2	6	perception	rhythm	absolute	rhythm-absolute	rhythmic-recognition		note length statistics	What is the total count of {rhythm}-note units in the {voice} line?	"[""rhythm"", ""voice""]"	get_rhythm_count		rhythm	"{""rhythm"": ""dotted-whole"", ""voice"": ""bass""}"	What is the total count of dotted-whole-note units in the bass line?	Crueger_AufAufMeinHerzMitFreuden	chorale-bricks	Crueger_AufAufMeinHerzMitFreuden	data/chorale-bricks/Crueger_AufAufMeinHerzMitFreuden	0	"[""1"", ""3"", ""4"", ""9"", ""10"", ""15"", ""18"", ""19"", ""31"", ""35""]"	"[""15"", ""1"", ""4"", ""18"", ""9"", ""19"", ""35"", ""3"", ""10"", ""31""]"	audio	audio.mastermix.wav	data/chorale-bricks/Crueger_AufAufMeinHerzMitFreuden/audio.mastermix.wav	none of the other options is correct	"[""none of the other options is correct"", ""15"", ""1"", ""4"", ""18""]"	0.2	1	"[""A"", ""B"", ""C"", ""D"", ""E""]"	"{""A"": ""1"", ""B"": ""18"", ""C"": ""4"", ""D"": ""none of the other options is correct"", ""E"": ""15""}"	"[""(A) 1"", ""(B) 18"", ""(C) 4"", ""(D) none of the other options is correct"", ""(E) 15""]"	(D) none of the other options is correct	D
95c54c2c-2a05-596d-a6aa-76f8bbd05cd9	6	perception	rhythm	absolute	rhythm-absolute	rhythmic-recognition		note length statistics	What is the total count of {rhythm}-note units in the {voice} line?	"[""rhythm"", ""voice""]"	get_rhythm_count		rhythm	"{""rhythm"": ""dotted-whole"", ""voice"": ""bass""}"	What is the total count of dotted-whole-note units in the bass line?	Crueger_AufAufMeinHerzMitFreuden	chorale-bricks	Crueger_AufAufMeinHerzMitFreuden	data/chorale-bricks/Crueger_AufAufMeinHerzMitFreuden	0	"[""1"", ""3"", ""4"", ""9"", ""10"", ""15"", ""18"", ""19"", ""31"", ""35""]"	"[""15"", ""1"", ""4"", ""18"", ""9"", ""19"", ""35"", ""3"", ""10"", ""31""]"	symbolic	symbolic.abc.txt	data/chorale-bricks/Crueger_AufAufMeinHerzMitFreuden/symbolic.abc.txt	none of the other options is correct	"[""none of the other options is correct"", ""15"", ""1"", ""4"", ""18""]"	0.2	1	"[""A"", ""B"", ""C"", ""D"", ""E""]"	"{""A"": ""none of the other options is correct"", ""B"": ""1"", ""C"": ""18"", ""D"": ""4"", ""E"": ""15""}"	"[""(A) none of the other options is correct"", ""(B) 1"", ""(C) 18"", ""(D) 4"", ""(E) 15""]"	(A) none of the other options is correct	A
5a9127a8-ca57-5b09-ad35-5b0ea7d5be42	6	perception	rhythm	absolute	rhythm-absolute	rhythmic-recognition		note length statistics	What is the total count of {rhythm}-note units in the {voice} line?	"[""rhythm"", ""voice""]"	get_rhythm_count		rhythm	"{""rhythm"": ""dotted-whole"", ""voice"": ""bass""}"	What is the total count of dotted-whole-note units in the bass line?	Crueger_AufAufMeinHerzMitFreuden	chorale-bricks	Crueger_AufAufMeinHerzMitFreuden	data/chorale-bricks/Crueger_AufAufMeinHerzMitFreuden	0	"[""1"", ""3"", ""4"", ""9"", ""10"", ""15"", ""18"", ""19"", ""31"", ""35""]"	"[""15"", ""1"", ""4"", ""18"", ""9"", ""19"", ""35"", ""3"", ""10"", ""31""]"	visual	visual.short.png	data/chorale-bricks/Crueger_AufAufMeinHerzMitFreuden/visual.short.png	0	"[""0"", ""none of the other options is correct"", ""15"", ""1"", ""4""]"	0.2	0	"[""A"", ""B"", ""C"", ""D"", ""E""]"	"{""A"": ""0"", ""B"": ""1"", ""C"": ""15"", ""D"": ""none of the other options is correct"", ""E"": ""4""}"	"[""(A) 0"", ""(B) 1"", ""(C) 15"", ""(D) none of the other options is correct"", ""(E) 4""]"	(A) 0	A
fc99aeeb-10c0-5534-b42b-8e1ed0b9ee98	6	perception	rhythm	absolute	rhythm-absolute	rhythmic-recognition		note length statistics	What is the total count of {rhythm}-note units in the {voice} line?	"[""rhythm"", ""voice""]"	get_rhythm_count		rhythm	"{""rhythm"": ""longa"", ""voice"": ""alto""}"	What is the total count of longa-note units in the alto line?	Crueger_AufAufMeinHerzMitFreuden	chorale-bricks	Crueger_AufAufMeinHerzMitFreuden	data/chorale-bricks/Crueger_AufAufMeinHerzMitFreuden	0	"[""1"", ""3"", ""4"", ""9"", ""10"", ""15"", ""18"", ""19"", ""31"", ""35""]"	"[""4"", ""31"", ""18"", ""3"", ""1"", ""9"", ""10"", ""35"", ""15"", ""19""]"	audio	audio.mastermix.wav	data/chorale-bricks/Crueger_AufAufMeinHerzMitFreuden/audio.mastermix.wav	0	"[""0"", ""none of the other options is correct"", ""4"", ""31"", ""18""]"	0.2	0	"[""A"", ""B"", ""C"", ""D"", ""E""]"	"{""A"": ""none of the other options is correct"", ""B"": ""0"", ""C"": ""4"", ""D"": ""18"", ""E"": ""31""}"	"[""(A) none of the other options is correct"", ""(B) 0"", ""(C) 4"", ""(D) 18"", ""(E) 31""]"	(B) 0	B
18b8b024-3f06-5ce9-a71d-330e6c97f0a5	6	perception	rhythm	absolute	rhythm-absolute	rhythmic-recognition		note length statistics	What is the total count of {rhythm}-note units in the {voice} line?	"[""rhythm"", ""voice""]"	get_rhythm_count		rhythm	"{""rhythm"": ""longa"", ""voice"": ""alto""}"	What is the total count of longa-note units in the alto line?	Crueger_AufAufMeinHerzMitFreuden	chorale-bricks	Crueger_AufAufMeinHerzMitFreuden	data/chorale-bricks/Crueger_AufAufMeinHerzMitFreuden	0	"[""1"", ""3"", ""4"", ""9"", ""10"", ""15"", ""18"", ""19"", ""31"", ""35""]"	"[""4"", ""31"", ""18"", ""3"", ""1"", ""9"", ""10"", ""35"", ""15"", ""19""]"	symbolic	symbolic.abc.txt	data/chorale-bricks/Crueger_AufAufMeinHerzMitFreuden/symbolic.abc.txt	0	"[""0"", ""none of the other options is correct"", ""4"", ""31"", ""18""]"	0.2	0	"[""A"", ""B"", ""C"", ""D"", ""E""]"	"{""A"": ""18"", ""B"": ""none of the other options is correct"", ""C"": ""31"", ""D"": ""4"", ""E"": ""0""}"	"[""(A) 18"", ""(B) none of the other options is correct"", ""(C) 31"", ""(D) 4"", ""(E) 0""]"	(E) 0	E
912db5c6-8ef4-56b1-9caa-5179f09b1d12	6	perception	rhythm	absolute	rhythm-absolute	rhythmic-recognition		note length statistics	What is the total count of {rhythm}-note units in the {voice} line?	"[""rhythm"", ""voice""]"	get_rhythm_count		rhythm	"{""rhythm"": ""longa"", ""voice"": ""alto""}"	What is the total count of longa-note units in the alto line?	Crueger_AufAufMeinHerzMitFreuden	chorale-bricks	Crueger_AufAufMeinHerzMitFreuden	data/chorale-bricks/Crueger_AufAufMeinHerzMitFreuden	0	"[""1"", ""3"", ""4"", ""9"", ""10"", ""15"", ""18"", ""19"", ""31"", ""35""]"	"[""4"", ""31"", ""18"", ""3"", ""1"", ""9"", ""10"", ""35"", ""15"", ""19""]"	visual	visual.short.png	data/chorale-bricks/Crueger_AufAufMeinHerzMitFreuden/visual.short.png	none of the other options is correct	"[""none of the other options is correct"", ""4"", ""31"", ""18"", ""3""]"	0.2	1	"[""A"", ""B"", ""C"", ""D"", ""E""]"	"{""A"": ""3"", ""B"": ""4"", ""C"": ""31"", ""D"": ""18"", ""E"": ""none of the other options is correct""}"	"[""(A) 3"", ""(B) 4"", ""(C) 31"", ""(D) 18"", ""(E) none of the other options is correct""]"	(E) none of the other options is correct	E
ce1378e1-763a-583d-a4e0-3be97740eef3	6	perception	rhythm	absolute	rhythm-absolute	rhythmic-recognition		note length statistics	What is the total count of {rhythm}-note units in the {voice} line?	"[""rhythm"", ""voice""]"	get_rhythm_count		rhythm	"{""rhythm"": ""512th"", ""voice"": ""bass""}"	What is the total count of 512th-note units in the bass line?	Anonymous_AusMeinesHerzensGrunde	chorale-bricks	Anonymous_AusMeinesHerzensGrunde	data/chorale-bricks/Anonymous_AusMeinesHerzensGrunde	0	"[""1"", ""3"", ""4"", ""5"", ""20"", ""23"", ""33"", ""34"", ""36""]"	"[""36"", ""3"", ""23"", ""20"", ""1"", ""34"", ""4"", ""5"", ""33""]"	audio	audio.mastermix.wav	data/chorale-bricks/Anonymous_AusMeinesHerzensGrunde/audio.mastermix.wav	0	"[""0"", ""none of the other options is correct"", ""36"", ""3"", ""23""]"	0.2	0	"[""A"", ""B"", ""C"", ""D"", ""E""]"	"{""A"": ""36"", ""B"": ""23"", ""C"": ""0"", ""D"": ""3"", ""E"": ""none of the other options is correct""}"	"[""(A) 36"", ""(B) 23"", ""(C) 0"", ""(D) 3"", ""(E) none of the other options is correct""]"	(C) 0	C
c56d93cc-4126-5f39-9509-df23276edac1	6	perception	rhythm	absolute	rhythm-absolute	rhythmic-recognition		note length statistics	What is the total count of {rhythm}-note units in the {voice} line?	"[""rhythm"", ""voice""]"	get_rhythm_count		rhythm	"{""rhythm"": ""512th"", ""voice"": ""bass""}"	What is the total count of 512th-note units in the bass line?	Anonymous_AusMeinesHerzensGrunde	chorale-bricks	Anonymous_AusMeinesHerzensGrunde	data/chorale-bricks/Anonymous_AusMeinesHerzensGrunde	0	"[""1"", ""3"", ""4"", ""5"", ""20"", ""23"", ""33"", ""34"", ""36""]"	"[""36"", ""3"", ""23"", ""20"", ""1"", ""34"", ""4"", ""5"", ""33""]"	symbolic	symbolic.abc.txt	data/chorale-bricks/Anonymous_AusMeinesHerzensGrunde/symbolic.abc.txt	0	"[""0"", ""none of the other options is correct"", ""36"", ""3"", ""23""]"	0.2	0	"[""A"", ""B"", ""C"", ""D"", ""E""]"	"{""A"": ""23"", ""B"": ""36"", ""C"": ""0"", ""D"": ""none of the other options is correct"", ""E"": ""3""}"	"[""(A) 23"", ""(B) 36"", ""(C) 0"", ""(D) none of the other options is correct"", ""(E) 3""]"	(C) 0	C
fafa27d1-cc0e-591c-b266-bd56dd6fe234	6	perception	rhythm	absolute	rhythm-absolute	rhythmic-recognition		note length statistics	What is the total count of {rhythm}-note units in the {voice} line?	"[""rhythm"", ""voice""]"	get_rhythm_count		rhythm	"{""rhythm"": ""512th"", ""voice"": ""bass""}"	What is the total count of 512th-note units in the bass line?	Anonymous_AusMeinesHerzensGrunde	chorale-bricks	Anonymous_AusMeinesHerzensGrunde	data/chorale-bricks/Anonymous_AusMeinesHerzensGrunde	0	"[""1"", ""3"", ""4"", ""5"", ""20"", ""23"", ""33"", ""34"", ""36""]"	"[""36"", ""3"", ""23"", ""20"", ""1"", ""34"", ""4"", ""5"", ""33""]"	visual	visual.short.png	data/chorale-bricks/Anonymous_AusMeinesHerzensGrunde/visual.short.png	none of the other options is correct	"[""none of the other options is correct"", ""36"", ""3"", ""23"", ""20""]"	0.2	1	"[""A"", ""B"", ""C"", ""D"", ""E""]"	"{""A"": ""36"", ""B"": ""none of the other options is correct"", ""C"": ""3"", ""D"": ""20"", ""E"": ""23""}"	"[""(A) 36"", ""(B) none of the other options is correct"", ""(C) 3"", ""(D) 20"", ""(E) 23""]"	(B) none of the other options is correct	B
6bf0daf2-45d5-5b9b-8011-5dca15988581	6	perception	rhythm	absolute	rhythm-absolute	rhythmic-recognition		note length statistics	What is the total count of {rhythm}-note units in the {voice} line?	"[""rhythm"", ""voice""]"	get_rhythm_count		rhythm	"{""rhythm"": ""half"", ""voice"": ""tenor""}"	What is the total count of half-note units in the tenor line?	Vulpius_ChristusDerIstMeinLeben	chorale-bricks	Vulpius_ChristusDerIstMeinLeben	data/chorale-bricks/Vulpius_ChristusDerIstMeinLeben	3	"[""1"", ""2"", ""4"", ""5"", ""21"", ""22"", ""23""]"	"[""22"", ""1"", ""23"", ""21"", ""4"", ""5"", ""2""]"	audio	audio.mastermix.wav	data/chorale-bricks/Vulpius_ChristusDerIstMeinLeben/audio.mastermix.wav	3	"[""3"", ""none of the other options is correct"", ""22"", ""1"", ""23""]"	0.2	0	"[""A"", ""B"", ""C"", ""D"", ""E""]"	"{""A"": ""none of the other options is correct"", ""B"": ""3"", ""C"": ""23"", ""D"": ""1"", ""E"": ""22""}"	"[""(A) none of the other options is correct"", ""(B) 3"", ""(C) 23"", ""(D) 1"", ""(E) 22""]"	(B) 3	B
7856306e-6b9f-528d-af03-8aa4f407275b	6	perception	rhythm	absolute	rhythm-absolute	rhythmic-recognition		note length statistics	What is the total count of {rhythm}-note units in the {voice} line?	"[""rhythm"", ""voice""]"	get_rhythm_count		rhythm	"{""rhythm"": ""half"", ""voice"": ""tenor""}"	What is the total count of half-note units in the tenor line?	Vulpius_ChristusDerIstMeinLeben	chorale-bricks	Vulpius_ChristusDerIstMeinLeben	data/chorale-bricks/Vulpius_ChristusDerIstMeinLeben	3	"[""1"", ""2"", ""4"", ""5"", ""21"", ""22"", ""23""]"	"[""22"", ""1"", ""23"", ""21"", ""4"", ""5"", ""2""]"	symbolic	symbolic.abc.txt	data/chorale-bricks/Vulpius_ChristusDerIstMeinLeben/symbolic.abc.txt	3	"[""3"", ""none of the other options is correct"", ""22"", ""1"", ""23""]"	0.2	0	"[""A"", ""B"", ""C"", ""D"", ""E""]"	"{""A"": ""none of the other options is correct"", ""B"": ""3"", ""C"": ""1"", ""D"": ""23"", ""E"": ""22""}"	"[""(A) none of the other options is correct"", ""(B) 3"", ""(C) 1"", ""(D) 23"", ""(E) 22""]"	(B) 3	B
f0c1bee7-b9b6-52a6-88e0-eb92e701ce11	6	perception	rhythm	absolute	rhythm-absolute	rhythmic-recognition		note length statistics	What is the total count of {rhythm}-note units in the {voice} line?	"[""rhythm"", ""voice""]"	get_rhythm_count		rhythm	"{""rhythm"": ""half"", ""voice"": ""tenor""}"	What is the total count of half-note units in the tenor line?	Vulpius_ChristusDerIstMeinLeben	chorale-bricks	Vulpius_ChristusDerIstMeinLeben	data/chorale-bricks/Vulpius_ChristusDerIstMeinLeben	3	"[""1"", ""2"", ""4"", ""5"", ""21"", ""22"", ""23""]"	"[""22"", ""1"", ""23"", ""21"", ""4"", ""5"", ""2""]"	visual	visual.short.png	data/chorale-bricks/Vulpius_ChristusDerIstMeinLeben/visual.short.png	3	"[""3"", ""none of the other options is correct"", ""22"", ""1"", ""23""]"	0.2	0	"[""A"", ""B"", ""C"", ""D"", ""E""]"	"{""A"": ""3"", ""B"": ""22"", ""C"": ""23"", ""D"": ""1"", ""E"": ""none of the other options is correct""}"	"[""(A) 3"", ""(B) 22"", ""(C) 23"", ""(D) 1"", ""(E) none of the other options is correct""]"	(A) 3	A
ac94b430-d1be-543c-92a6-e1e62701e9ac	6	perception	rhythm	absolute	rhythm-absolute	rhythmic-recognition		note length statistics	What is the total count of {rhythm}-note units in the {voice} line?	"[""rhythm"", ""voice""]"	get_rhythm_count		rhythm	"{""rhythm"": ""half"", ""voice"": ""tenor""}"	What is the total count of half-note units in the tenor line?	Telemann_DerLiebenSonneLichtUndPracht	chorale-bricks	Telemann_DerLiebenSonneLichtUndPracht	data/chorale-bricks/Telemann_DerLiebenSonneLichtUndPracht	2	"[""1"", ""3"", ""4"", ""57"", ""58"", ""60""]"	"[""60"", ""3"", ""57"", ""58"", ""4"", ""1""]"	audio	audio.mastermix.wav	data/chorale-bricks/Telemann_DerLiebenSonneLichtUndPracht/audio.mastermix.wav	none of the other options is correct	"[""none of the other options is correct"", ""60"", ""3"", ""57"", ""58""]"	0.2	1	"[""A"", ""B"", ""C"", ""D"", ""E""]"	"{""A"": ""60"", ""B"": ""57"", ""C"": ""none of the other options is correct"", ""D"": ""3"", ""E"": ""58""}"	"[""(A) 60"", ""(B) 57"", ""(C) none of the other options is correct"", ""(D) 3"", ""(E) 58""]"	(C) none of the other options is correct	C
6b24ebca-d223-58f2-b5e6-1bdcf240789a	6	perception	rhythm	absolute	rhythm-absolute	rhythmic-recognition		note length statistics	What is the total count of {rhythm}-note units in the {voice} line?	"[""rhythm"", ""voice""]"	get_rhythm_count		rhythm	"{""rhythm"": ""half"", ""voice"": ""tenor""}"	What is the total count of half-note units in the tenor line?	Telemann_DerLiebenSonneLichtUndPracht	chorale-bricks	Telemann_DerLiebenSonneLichtUndPracht	data/chorale-bricks/Telemann_DerLiebenSonneLichtUndPracht	2	"[""1"", ""3"", ""4"", ""57"", ""58"", ""60""]"	"[""60"", ""3"", ""57"", ""58"", ""4"", ""1""]"	symbolic	symbolic.abc.txt	data/chorale-bricks/Telemann_DerLiebenSonneLichtUndPracht/symbolic.abc.txt	2	"[""2"", ""none of the other options is correct"", ""60"", ""3"", ""57""]"	0.2	0	"[""A"", ""B"", ""C"", ""D"", ""E""]"	"{""A"": ""none of the other options is correct"", ""B"": ""2"", ""C"": ""3"", ""D"": ""57"", ""E"": ""60""}"	"[""(A) none of the other options is correct"", ""(B) 2"", ""(C) 3"", ""(D) 57"", ""(E) 60""]"	(B) 2	B
390f5cb9-2760-5e11-96cf-f0720b2e66c3	6	perception	rhythm	absolute	rhythm-absolute	rhythmic-recognition		note length statistics	What is the total count of {rhythm}-note units in the {voice} line?	"[""rhythm"", ""voice""]"	get_rhythm_count		rhythm	"{""rhythm"": ""half"", ""voice"": ""tenor""}"	What is the total count of half-note units in the tenor line?	Telemann_DerLiebenSonneLichtUndPracht	chorale-bricks	Telemann_DerLiebenSonneLichtUndPracht	data/chorale-bricks/Telemann_DerLiebenSonneLichtUndPracht	2	"[""1"", ""3"", ""4"", ""57"", ""58"", ""60""]"	"[""60"", ""3"", ""57"", ""58"", ""4"", ""1""]"	visual	visual.short.png	data/chorale-bricks/Telemann_DerLiebenSonneLichtUndPracht/visual.short.png	2	"[""2"", ""none of the other options is correct"", ""60"", ""3"", ""57""]"	0.2	0	"[""A"", ""B"", ""C"", ""D"", ""E""]"	"{""A"": ""none of the other options is correct"", ""B"": ""60"", ""C"": ""3"", ""D"": ""57"", ""E"": ""2""}"	"[""(A) none of the other options is correct"", ""(B) 60"", ""(C) 3"", ""(D) 57"", ""(E) 2""]"	(E) 2	E
faf1e946-7780-5bbf-95be-c952d18d7e63	6	perception	rhythm	absolute	rhythm-absolute	rhythmic-recognition		note length statistics	What is the total count of {rhythm}-note units in the {voice} line?	"[""rhythm"", ""voice""]"	get_rhythm_count		rhythm	"{""rhythm"": ""1024th"", ""voice"": ""soprano""}"	What is the total count of 1024th-note units in the soprano line?	Gesius_BefiehlDuDeineWege	chorale-bricks	Gesius_BefiehlDuDeineWege	data/chorale-bricks/Gesius_BefiehlDuDeineWege	0	"[""1"", ""5"", ""6"", ""7"", ""48"", ""50"", ""52""]"	"[""1"", ""52"", ""50"", ""5"", ""48"", ""7"", ""6""]"	audio	audio.mastermix.wav	data/chorale-bricks/Gesius_BefiehlDuDeineWege/audio.mastermix.wav	0	"[""0"", ""none of the other options is correct"", ""1"", ""52"", ""50""]"	0.2	0	"[""A"", ""B"", ""C"", ""D"", ""E""]"	"{""A"": ""1"", ""B"": ""none of the other options is correct"", ""C"": ""50"", ""D"": ""0"", ""E"": ""52""}"	"[""(A) 1"", ""(B) none of the other options is correct"", ""(C) 50"", ""(D) 0"", ""(E) 52""]"	(D) 0	D
583ecd1f-c287-5480-9b69-52c73a1e19be	6	perception	rhythm	absolute	rhythm-absolute	rhythmic-recognition		note length statistics	What is the total count of {rhythm}-note units in the {voice} line?	"[""rhythm"", ""voice""]"	get_rhythm_count		rhythm	"{""rhythm"": ""1024th"", ""voice"": ""soprano""}"	What is the total count of 1024th-note units in the soprano line?	Gesius_BefiehlDuDeineWege	chorale-bricks	Gesius_BefiehlDuDeineWege	data/chorale-bricks/Gesius_BefiehlDuDeineWege	0	"[""1"", ""5"", ""6"", ""7"", ""48"", ""50"", ""52""]"	"[""1"", ""52"", ""50"", ""5"", ""48"", ""7"", ""6""]"	symbolic	symbolic.abc.txt	data/chorale-bricks/Gesius_BefiehlDuDeineWege/symbolic.abc.txt	0	"[""0"", ""none of the other options is correct"", ""1"", ""52"", ""50""]"	0.2	0	"[""A"", ""B"", ""C"", ""D"", ""E""]"	"{""A"": ""none of the other options is correct"", ""B"": ""52"", ""C"": ""0"", ""D"": ""50"", ""E"": ""1""}"	"[""(A) none of the other options is correct"", ""(B) 52"", ""(C) 0"", ""(D) 50"", ""(E) 1""]"	(C) 0	C
3490ec86-8bf7-546c-87b9-55fa23277862	6	perception	rhythm	absolute	rhythm-absolute	rhythmic-recognition		note length statistics	What is the total count of {rhythm}-note units in the {voice} line?	"[""rhythm"", ""voice""]"	get_rhythm_count		rhythm	"{""rhythm"": ""1024th"", ""voice"": ""soprano""}"	What is the total count of 1024th-note units in the soprano line?	Gesius_BefiehlDuDeineWege	chorale-bricks	Gesius_BefiehlDuDeineWege	data/chorale-bricks/Gesius_BefiehlDuDeineWege	0	"[""1"", ""5"", ""6"", ""7"", ""48"", ""50"", ""52""]"	"[""1"", ""52"", ""50"", ""5"", ""48"", ""7"", ""6""]"	visual	visual.short.png	data/chorale-bricks/Gesius_BefiehlDuDeineWege/visual.short.png	0	"[""0"", ""none of the other options is correct"", ""1"", ""52"", ""50""]"	0.2	0	"[""A"", ""B"", ""C"", ""D"", ""E""]"	"{""A"": ""none of the other options is correct"", ""B"": ""0"", ""C"": ""1"", ""D"": ""52"", ""E"": ""50""}"	"[""(A) none of the other options is correct"", ""(B) 0"", ""(C) 1"", ""(D) 52"", ""(E) 50""]"	(B) 0	B
bcb28409-3c6f-536e-b053-a517092653dc	6	perception	rhythm	absolute	rhythm-absolute	rhythmic-recognition		note length statistics	What is the total count of {rhythm}-note units in the {voice} line?	"[""rhythm"", ""voice""]"	get_rhythm_count		rhythm	"{""rhythm"": ""whole"", ""voice"": ""tenor""}"	What is the total count of whole-note units in the tenor line?	Bach_IchStehAnDeinerKrippe	chorale-bricks	Bach_IchStehAnDeinerKrippe	data/chorale-bricks/Bach_IchStehAnDeinerKrippe	0	"[""3"", ""4"", ""6"", ""10"", ""37"", ""43""]"	"[""43"", ""4"", ""6"", ""3"", ""10"", ""37""]"	audio	audio.mastermix.wav	data/chorale-bricks/Bach_IchStehAnDeinerKrippe/audio.mastermix.wav	0	"[""0"", ""none of the other options is correct"", ""43"", ""4"", ""6""]"	0.2	0	"[""A"", ""B"", ""C"", ""D"", ""E""]"	"{""A"": ""4"", ""B"": ""0"", ""C"": ""none of the other options is correct"", ""D"": ""6"", ""E"": ""43""}"	"[""(A) 4"", ""(B) 0"", ""(C) none of the other options is correct"", ""(D) 6"", ""(E) 43""]"	(B) 0	B
d219105c-5e28-50eb-9de0-e5cf38f1927b	6	perception	rhythm	absolute	rhythm-absolute	rhythmic-recognition		note length statistics	What is the total count of {rhythm}-note units in the {voice} line?	"[""rhythm"", ""voice""]"	get_rhythm_count		rhythm	"{""rhythm"": ""whole"", ""voice"": ""tenor""}"	What is the total count of whole-note units in the tenor line?	Bach_IchStehAnDeinerKrippe	chorale-bricks	Bach_IchStehAnDeinerKrippe	data/chorale-bricks/Bach_IchStehAnDeinerKrippe	0	"[""3"", ""4"", ""6"", ""10"", ""37"", ""43""]"	"[""43"", ""4"", ""6"", ""3"", ""10"", ""37""]"	symbolic	symbolic.abc.txt	data/chorale-bricks/Bach_IchStehAnDeinerKrippe/symbolic.abc.txt	0	"[""0"", ""none of the other options is correct"", ""43"", ""4"", ""6""]"	0.2	0	"[""A"", ""B"", ""C"", ""D"", ""E""]"	"{""A"": ""43"", ""B"": ""4"", ""C"": ""0"", ""D"": ""none of the other options is correct"", ""E"": ""6""}"	"[""(A) 43"", ""(B) 4"", ""(C) 0"", ""(D) none of the other options is correct"", ""(E) 6""]"	(C) 0	C
f882ae0d-5f3b-5163-96fe-019f88232151	6	perception	rhythm	absolute	rhythm-absolute	rhythmic-recognition		note length statistics	What is the total count of {rhythm}-note units in the {voice} line?	"[""rhythm"", ""voice""]"	get_rhythm_count		rhythm	"{""rhythm"": ""whole"", ""voice"": ""tenor""}"	What is the total count of whole-note units in the tenor line?	Bach_IchStehAnDeinerKrippe	chorale-bricks	Bach_IchStehAnDeinerKrippe	data/chorale-bricks/Bach_IchStehAnDeinerKrippe	0	"[""3"", ""4"", ""6"", ""10"", ""37"", ""43""]"	"[""43"", ""4"", ""6"", ""3"", ""10"", ""37""]"	visual	visual.short.png	data/chorale-bricks/Bach_IchStehAnDeinerKrippe/visual.short.png	0	"[""0"", ""none of the other options is correct"", ""43"", ""4"", ""6""]"	0.2	0	"[""A"", ""B"", ""C"", ""D"", ""E""]"	"{""A"": ""none of the other options is correct"", ""B"": ""43"", ""C"": ""6"", ""D"": ""0"", ""E"": ""4""}"	"[""(A) none of the other options is correct"", ""(B) 43"", ""(C) 6"", ""(D) 0"", ""(E) 4""]"	(D) 0	D
d8d899b3-e656-51a2-b3ea-98de76b753ba	6	perception	rhythm	absolute	rhythm-absolute	rhythmic-recognition		note length statistics	What is the total count of {rhythm}-note units in the {voice} line?	"[""rhythm"", ""voice""]"	get_rhythm_count		rhythm	"{""rhythm"": ""whole"", ""voice"": ""soprano""}"	What is the total count of whole-note units in the soprano line?	Anonymous_AusMeinesHerzensGrunde	chorale-bricks	Anonymous_AusMeinesHerzensGrunde	data/chorale-bricks/Anonymous_AusMeinesHerzensGrunde	0	"[""1"", ""3"", ""4"", ""5"", ""20"", ""23"", ""33"", ""34"", ""36""]"	"[""23"", ""34"", ""5"", ""4"", ""1"", ""20"", ""3"", ""33"", ""36""]"	audio	audio.mastermix.wav	data/chorale-bricks/Anonymous_AusMeinesHerzensGrunde/audio.mastermix.wav	0	"[""0"", ""none of the other options is correct"", ""23"", ""34"", ""5""]"	0.2	0	"[""A"", ""B"", ""C"", ""D"", ""E""]"	"{""A"": ""0"", ""B"": ""5"", ""C"": ""23"", ""D"": ""none of the other options is correct"", ""E"": ""34""}"	"[""(A) 0"", ""(B) 5"", ""(C) 23"", ""(D) none of the other options is correct"", ""(E) 34""]"	(A) 0	A
e6ceb703-0282-5002-bba6-02b393c3d36c	6	perception	rhythm	absolute	rhythm-absolute	rhythmic-recognition		note length statistics	What is the total count of {rhythm}-note units in the {voice} line?	"[""rhythm"", ""voice""]"	get_rhythm_count		rhythm	"{""rhythm"": ""whole"", ""voice"": ""soprano""}"	What is the total count of whole-note units in the soprano line?	Anonymous_AusMeinesHerzensGrunde	chorale-bricks	Anonymous_AusMeinesHerzensGrunde	data/chorale-bricks/Anonymous_AusMeinesHerzensGrunde	0	"[""1"", ""3"", ""4"", ""5"", ""20"", ""23"", ""33"", ""34"", ""36""]"	"[""23"", ""34"", ""5"", ""4"", ""1"", ""20"", ""3"", ""33"", ""36""]"	symbolic	symbolic.abc.txt	data/chorale-bricks/Anonymous_AusMeinesHerzensGrunde/symbolic.abc.txt	0	"[""0"", ""none of the other options is correct"", ""23"", ""34"", ""5""]"	0.2	0	"[""A"", ""B"", ""C"", ""D"", ""E""]"	"{""A"": ""0"", ""B"": ""none of the other options is correct"", ""C"": ""34"", ""D"": ""23"", ""E"": ""5""}"	"[""(A) 0"", ""(B) none of the other options is correct"", ""(C) 34"", ""(D) 23"", ""(E) 5""]"	(A) 0	A
867e8a28-454f-5595-82eb-4898063556ee	6	perception	rhythm	absolute	rhythm-absolute	rhythmic-recognition		note length statistics	What is the total count of {rhythm}-note units in the {voice} line?	"[""rhythm"", ""voice""]"	get_rhythm_count		rhythm	"{""rhythm"": ""whole"", ""voice"": ""soprano""}"	What is the total count of whole-note units in the soprano line?	Anonymous_AusMeinesHerzensGrunde	chorale-bricks	Anonymous_AusMeinesHerzensGrunde	data/chorale-bricks/Anonymous_AusMeinesHerzensGrunde	0	"[""1"", ""3"", ""4"", ""5"", ""20"", ""23"", ""33"", ""34"", ""36""]"	"[""23"", ""34"", ""5"", ""4"", ""1"", ""20"", ""3"", ""33"", ""36""]"	visual	visual.short.png	data/chorale-bricks/Anonymous_AusMeinesHerzensGrunde/visual.short.png	none of the other options is correct	"[""none of the other options is correct"", ""23"", ""34"", ""5"", ""4""]"	0.2	1	"[""A"", ""B"", ""C"", ""D"", ""E""]"	"{""A"": ""23"", ""B"": ""34"", ""C"": ""4"", ""D"": ""5"", ""E"": ""none of the other options is correct""}"	"[""(A) 23"", ""(B) 34"", ""(C) 4"", ""(D) 5"", ""(E) none of the other options is correct""]"	(E) none of the other options is correct	E
4c742545-303d-5129-9d69-f6e40baefb00	7	perception	rhythm	relative	rhythm-relative	proportion-recognition		rhythm pattern	What is the temporal relationship (e.g., 2:1, 3:1) between the  {target_index} note (or rest) and the next one in the {voice} line?	"[""target_index"", ""voice""]"	get_rhythm_pattern		rhythm	"{""target_index"": ""12th"", ""voice"": ""bass""}"	What is the temporal relationship (e.g., 2:1, 3:1) between the  12th note (or rest) and the next one in the bass line?	Anonymous_AusMeinesHerzensGrunde	chorale-bricks	Anonymous_AusMeinesHerzensGrunde	data/chorale-bricks/Anonymous_AusMeinesHerzensGrunde	2:1	"[""1:1"", ""1:2"", ""1:3"", ""2:3"", ""3:1"", ""3:2"", ""4:1""]"	"[""3:2"", ""1:1"", ""1:3"", ""4:1"", ""1:2"", ""3:1"", ""2:3""]"	audio	audio.mastermix.wav	data/chorale-bricks/Anonymous_AusMeinesHerzensGrunde/audio.mastermix.wav	2:1	"[""2:1"", ""none of the other options is correct"", ""3:2"", ""1:1"", ""1:3""]"	0.2	0	"[""A"", ""B"", ""C"", ""D"", ""E""]"	"{""A"": ""none of the other options is correct"", ""B"": ""1:3"", ""C"": ""2:1"", ""D"": ""3:2"", ""E"": ""1:1""}"	"[""(A) none of the other options is correct"", ""(B) 1:3"", ""(C) 2:1"", ""(D) 3:2"", ""(E) 1:1""]"	(C) 2:1	C
ca29ffc0-1e82-5e50-b6f8-97d310f5341f	7	perception	rhythm	relative	rhythm-relative	proportion-recognition		rhythm pattern	What is the temporal relationship (e.g., 2:1, 3:1) between the  {target_index} note (or rest) and the next one in the {voice} line?	"[""target_index"", ""voice""]"	get_rhythm_pattern		rhythm	"{""target_index"": ""12th"", ""voice"": ""bass""}"	What is the temporal relationship (e.g., 2:1, 3:1) between the  12th note (or rest) and the next one in the bass line?	Anonymous_AusMeinesHerzensGrunde	chorale-bricks	Anonymous_AusMeinesHerzensGrunde	data/chorale-bricks/Anonymous_AusMeinesHerzensGrunde	2:1	"[""1:1"", ""1:2"", ""1:3"", ""2:3"", ""3:1"", ""3:2"", ""4:1""]"	"[""3:2"", ""1:1"", ""1:3"", ""4:1"", ""1:2"", ""3:1"", ""2:3""]"	symbolic	symbolic.abc.txt	data/chorale-bricks/Anonymous_AusMeinesHerzensGrunde/symbolic.abc.txt	2:1	"[""2:1"", ""none of the other options is correct"", ""3:2"", ""1:1"", ""1:3""]"	0.2	0	"[""A"", ""B"", ""C"", ""D"", ""E""]"	"{""A"": ""2:1"", ""B"": ""1:3"", ""C"": ""none of the other options is correct"", ""D"": ""1:1"", ""E"": ""3:2""}"	"[""(A) 2:1"", ""(B) 1:3"", ""(C) none of the other options is correct"", ""(D) 1:1"", ""(E) 3:2""]"	(A) 2:1	A
5135ed15-c17b-58a6-a9d4-95f36096ef1c	7	perception	rhythm	relative	rhythm-relative	proportion-recognition		rhythm pattern	What is the temporal relationship (e.g., 2:1, 3:1) between the  {target_index} note (or rest) and the next one in the {voice} line?	"[""target_index"", ""voice""]"	get_rhythm_pattern		rhythm	"{""target_index"": ""12th"", ""voice"": ""bass""}"	What is the temporal relationship (e.g., 2:1, 3:1) between the  12th note (or rest) and the next one in the bass line?	Anonymous_AusMeinesHerzensGrunde	chorale-bricks	Anonymous_AusMeinesHerzensGrunde	data/chorale-bricks/Anonymous_AusMeinesHerzensGrunde	2:1	"[""1:1"", ""1:2"", ""1:3"", ""2:3"", ""3:1"", ""3:2"", ""4:1""]"	"[""3:2"", ""1:1"", ""1:3"", ""4:1"", ""1:2"", ""3:1"", ""2:3""]"	visual	visual.short.png	data/chorale-bricks/Anonymous_AusMeinesHerzensGrunde/visual.short.png	2:1	"[""2:1"", ""none of the other options is correct"", ""3:2"", ""1:1"", ""1:3""]"	0.2	0	"[""A"", ""B"", ""C"", ""D"", ""E""]"	"{""A"": ""2:1"", ""B"": ""none of the other options is correct"", ""C"": ""1:3"", ""D"": ""3:2"", ""E"": ""1:1""}"	"[""(A) 2:1"", ""(B) none of the other options is correct"", ""(C) 1:3"", ""(D) 3:2"", ""(E) 1:1""]"	(A) 2:1	A
2f08fea3-1839-51ec-8763-403060f69e4c	7	perception	rhythm	relative	rhythm-relative	proportion-recognition		rhythm pattern	What is the temporal relationship (e.g., 2:1, 3:1) between the  {target_index} note (or rest) and the next one in the {voice} line?	"[""target_index"", ""voice""]"	get_rhythm_pattern		rhythm	"{""target_index"": ""9th"", ""voice"": ""tenor""}"	What is the temporal relationship (e.g., 2:1, 3:1) between the  9th note (or rest) and the next one in the tenor line?	Crueger_AufAufMeinHerzMitFreuden	chorale-bricks	Crueger_AufAufMeinHerzMitFreuden	data/chorale-bricks/Crueger_AufAufMeinHerzMitFreuden	2:1	"[""1:1"", ""1:2"", ""1:3"", ""2:3"", ""3:1"", ""3:2""]"	"[""3:1"", ""1:2"", ""1:3"", ""1:1"", ""2:3"", ""3:2""]"	audio	audio.mastermix.wav	data/chorale-bricks/Crueger_AufAufMeinHerzMitFreuden/audio.mastermix.wav	2:1	"[""2:1"", ""none of the other options is correct"", ""3:1"", ""1:2"", ""1:3""]"	0.2	0	"[""A"", ""B"", ""C"", ""D"", ""E""]"	"{""A"": ""1:3"", ""B"": ""1:2"", ""C"": ""3:1"", ""D"": ""2:1"", ""E"": ""none of the other options is correct""}"	"[""(A) 1:3"", ""(B) 1:2"", ""(C) 3:1"", ""(D) 2:1"", ""(E) none of the other options is correct""]"	(D) 2:1	D
07c3fab6-45c1-5c02-a9ec-6e130d7a08b9	7	perception	rhythm	relative	rhythm-relative	proportion-recognition		rhythm pattern	What is the temporal relationship (e.g., 2:1, 3:1) between the  {target_index} note (or rest) and the next one in the {voice} line?	"[""target_index"", ""voice""]"	get_rhythm_pattern		rhythm	"{""target_index"": ""9th"", ""voice"": ""tenor""}"	What is the temporal relationship (e.g., 2:1, 3:1) between the  9th note (or rest) and the next one in the tenor line?	Crueger_AufAufMeinHerzMitFreuden	chorale-bricks	Crueger_AufAufMeinHerzMitFreuden	data/chorale-bricks/Crueger_AufAufMeinHerzMitFreuden	2:1	"[""1:1"", ""1:2"", ""1:3"", ""2:3"", ""3:1"", ""3:2""]"	"[""3:1"", ""1:2"", ""1:3"", ""1:1"", ""2:3"", ""3:2""]"	symbolic	symbolic.abc.txt	data/chorale-bricks/Crueger_AufAufMeinHerzMitFreuden/symbolic.abc.txt	2:1	"[""2:1"", ""none of the other options is correct"", ""3:1"", ""1:2"", ""1:3""]"	0.2	0	"[""A"", ""B"", ""C"", ""D"", ""E""]"	"{""A"": ""1:3"", ""B"": ""2:1"", ""C"": ""3:1"", ""D"": ""none of the other options is correct"", ""E"": ""1:2""}"	"[""(A) 1:3"", ""(B) 2:1"", ""(C) 3:1"", ""(D) none of the other options is correct"", ""(E) 1:2""]"	(B) 2:1	B
ef060774-10b4-5b97-bdd9-557d26a36e25	7	perception	rhythm	relative	rhythm-relative	proportion-recognition		rhythm pattern	What is the temporal relationship (e.g., 2:1, 3:1) between the  {target_index} note (or rest) and the next one in the {voice} line?	"[""target_index"", ""voice""]"	get_rhythm_pattern		rhythm	"{""target_index"": ""9th"", ""voice"": ""tenor""}"	What is the temporal relationship (e.g., 2:1, 3:1) between the  9th note (or rest) and the next one in the tenor line?	Crueger_AufAufMeinHerzMitFreuden	chorale-bricks	Crueger_AufAufMeinHerzMitFreuden	data/chorale-bricks/Crueger_AufAufMeinHerzMitFreuden	2:1	"[""1:1"", ""1:2"", ""1:3"", ""2:3"", ""3:1"", ""3:2""]"	"[""3:1"", ""1:2"", ""1:3"", ""1:1"", ""2:3"", ""3:2""]"	visual	visual.short.png	data/chorale-bricks/Crueger_AufAufMeinHerzMitFreuden/visual.short.png	2:1	"[""2:1"", ""none of the other options is correct"", ""3:1"", ""1:2"", ""1:3""]"	0.2	0	"[""A"", ""B"", ""C"", ""D"", ""E""]"	"{""A"": ""3:1"", ""B"": ""none of the other options is correct"", ""C"": ""2:1"", ""D"": ""1:2"", ""E"": ""1:3""}"	"[""(A) 3:1"", ""(B) none of the other options is correct"", ""(C) 2:1"", ""(D) 1:2"", ""(E) 1:3""]"	(C) 2:1	C
44a887ce-190f-5436-b195-9d25095e403d	7	perception	rhythm	relative	rhythm-relative	proportion-recognition		rhythm pattern	What is the temporal relationship (e.g., 2:1, 3:1) between the  {target_index} note (or rest) and the next one in the {voice} line?	"[""target_index"", ""voice""]"	get_rhythm_pattern		rhythm	"{""target_index"": ""13th"", ""voice"": ""bass""}"	What is the temporal relationship (e.g., 2:1, 3:1) between the  13th note (or rest) and the next one in the bass line?	Gesius_DuFriedensfuerstHerrJesuChrist	chorale-bricks	Gesius_DuFriedensfuerstHerrJesuChrist	data/chorale-bricks/Gesius_DuFriedensfuerstHerrJesuChrist	1:1	"[""1:2"", ""1:3"", ""2:1"", ""3:1""]"	"[""1:3"", ""1:2"", ""3:1"", ""2:1""]"	audio	audio.mastermix.wav	data/chorale-bricks/Gesius_DuFriedensfuerstHerrJesuChrist/audio.mastermix.wav	none of the other options is correct	"[""none of the other options is correct"", ""1:3"", ""1:2"", ""3:1"", ""2:1""]"	0.2	1	"[""A"", ""B"", ""C"", ""D"", ""E""]"	"{""A"": ""none of the other options is correct"", ""B"": ""2:1"", ""C"": ""1:3"", ""D"": ""3:1"", ""E"": ""1:2""}"	"[""(A) none of the other options is correct"", ""(B) 2:1"", ""(C) 1:3"", ""(D) 3:1"", ""(E) 1:2""]"	(A) none of the other options is correct	A
8d60d303-181f-55a2-9be0-ceb840964851	7	perception	rhythm	relative	rhythm-relative	proportion-recognition		rhythm pattern	What is the temporal relationship (e.g., 2:1, 3:1) between the  {target_index} note (or rest) and the next one in the {voice} line?	"[""target_index"", ""voice""]"	get_rhythm_pattern		rhythm	"{""target_index"": ""13th"", ""voice"": ""bass""}"	What is the temporal relationship (e.g., 2:1, 3:1) between the  13th note (or rest) and the next one in the bass line?	Gesius_DuFriedensfuerstHerrJesuChrist	chorale-bricks	Gesius_DuFriedensfuerstHerrJesuChrist	data/chorale-bricks/Gesius_DuFriedensfuerstHerrJesuChrist	1:1	"[""1:2"", ""1:3"", ""2:1"", ""3:1""]"	"[""1:3"", ""1:2"", ""3:1"", ""2:1""]"	symbolic	symbolic.abc.txt	data/chorale-bricks/Gesius_DuFriedensfuerstHerrJesuChrist/symbolic.abc.txt	1:1	"[""1:1"", ""none of the other options is correct"", ""1:3"", ""1:2"", ""3:1""]"	0.2	0	"[""A"", ""B"", ""C"", ""D"", ""E""]"	"{""A"": ""3:1"", ""B"": ""1:1"", ""C"": ""1:3"", ""D"": ""1:2"", ""E"": ""none of the other options is correct""}"	"[""(A) 3:1"", ""(B) 1:1"", ""(C) 1:3"", ""(D) 1:2"", ""(E) none of the other options is correct""]"	(B) 1:1	B
cb9b6438-47bb-5dce-b393-061f9e052b50	7	perception	rhythm	relative	rhythm-relative	proportion-recognition		rhythm pattern	What is the temporal relationship (e.g., 2:1, 3:1) between the  {target_index} note (or rest) and the next one in the {voice} line?	"[""target_index"", ""voice""]"	get_rhythm_pattern		rhythm	"{""target_index"": ""13th"", ""voice"": ""bass""}"	What is the temporal relationship (e.g., 2:1, 3:1) between the  13th note (or rest) and the next one in the bass line?	Gesius_DuFriedensfuerstHerrJesuChrist	chorale-bricks	Gesius_DuFriedensfuerstHerrJesuChrist	data/chorale-bricks/Gesius_DuFriedensfuerstHerrJesuChrist	1:1	"[""1:2"", ""1:3"", ""2:1"", ""3:1""]"	"[""1:3"", ""1:2"", ""3:1"", ""2:1""]"	visual	visual.short.png	data/chorale-bricks/Gesius_DuFriedensfuerstHerrJesuChrist/visual.short.png	1:1	"[""1:1"", ""none of the other options is correct"", ""1:3"", ""1:2"", ""3:1""]"	0.2	0	"[""A"", ""B"", ""C"", ""D"", ""E""]"	"{""A"": ""1:3"", ""B"": ""1:1"", ""C"": ""3:1"", ""D"": ""none of the other options is correct"", ""E"": ""1:2""}"	"[""(A) 1:3"", ""(B) 1:1"", ""(C) 3:1"", ""(D) none of the other options is correct"", ""(E) 1:2""]"	(B) 1:1	B
a558cbbd-15f3-50cb-a2c1-91e124c44939	7	perception	rhythm	relative	rhythm-relative	proportion-recognition		rhythm pattern	What is the temporal relationship (e.g., 2:1, 3:1) between the  {target_index} note (or rest) and the next one in the {voice} line?	"[""target_index"", ""voice""]"	get_rhythm_pattern		rhythm	"{""target_index"": ""21st"", ""voice"": ""soprano""}"	What is the temporal relationship (e.g., 2:1, 3:1) between the  21st note (or rest) and the next one in the soprano line?	Bach_IchStehAnDeinerKrippe	chorale-bricks	Bach_IchStehAnDeinerKrippe	data/chorale-bricks/Bach_IchStehAnDeinerKrippe	3:1	"[""1:1"", ""1:2"", ""1:4"", ""2:1"", ""3:2""]"	"[""2:1"", ""3:2"", ""1:2"", ""1:4"", ""1:1""]"	audio	audio.mastermix.wav	data/chorale-bricks/Bach_IchStehAnDeinerKrippe/audio.mastermix.wav	3:1	"[""3:1"", ""none of the other options is correct"", ""2:1"", ""3:2"", ""1:2""]"	0.2	0	"[""A"", ""B"", ""C"", ""D"", ""E""]"	"{""A"": ""none of the other options is correct"", ""B"": ""2:1"", ""C"": ""3:2"", ""D"": ""3:1"", ""E"": ""1:2""}"	"[""(A) none of the other options is correct"", ""(B) 2:1"", ""(C) 3:2"", ""(D) 3:1"", ""(E) 1:2""]"	(D) 3:1	D
d6d749a3-88dd-5abd-b0f1-482e17c71faa	7	perception	rhythm	relative	rhythm-relative	proportion-recognition		rhythm pattern	What is the temporal relationship (e.g., 2:1, 3:1) between the  {target_index} note (or rest) and the next one in the {voice} line?	"[""target_index"", ""voice""]"	get_rhythm_pattern		rhythm	"{""target_index"": ""21st"", ""voice"": ""soprano""}"	What is the temporal relationship (e.g., 2:1, 3:1) between the  21st note (or rest) and the next one in the soprano line?	Bach_IchStehAnDeinerKrippe	chorale-bricks	Bach_IchStehAnDeinerKrippe	data/chorale-bricks/Bach_IchStehAnDeinerKrippe	3:1	"[""1:1"", ""1:2"", ""1:4"", ""2:1"", ""3:2""]"	"[""2:1"", ""3:2"", ""1:2"", ""1:4"", ""1:1""]"	symbolic	symbolic.abc.txt	data/chorale-bricks/Bach_IchStehAnDeinerKrippe/symbolic.abc.txt	3:1	"[""3:1"", ""none of the other options is correct"", ""2:1"", ""3:2"", ""1:2""]"	0.2	0	"[""A"", ""B"", ""C"", ""D"", ""E""]"	"{""A"": ""1:2"", ""B"": ""none of the other options is correct"", ""C"": ""3:1"", ""D"": ""3:2"", ""E"": ""2:1""}"	"[""(A) 1:2"", ""(B) none of the other options is correct"", ""(C) 3:1"", ""(D) 3:2"", ""(E) 2:1""]"	(C) 3:1	C
7340a0fb-c831-5928-b0f0-29f0c8a3aa4b	7	perception	rhythm	relative	rhythm-relative	proportion-recognition		rhythm pattern	What is the temporal relationship (e.g., 2:1, 3:1) between the  {target_index} note (or rest) and the next one in the {voice} line?	"[""target_index"", ""voice""]"	get_rhythm_pattern		rhythm	"{""target_index"": ""21st"", ""voice"": ""soprano""}"	What is the temporal relationship (e.g., 2:1, 3:1) between the  21st note (or rest) and the next one in the soprano line?	Bach_IchStehAnDeinerKrippe	chorale-bricks	Bach_IchStehAnDeinerKrippe	data/chorale-bricks/Bach_IchStehAnDeinerKrippe	3:1	"[""1:1"", ""1:2"", ""1:4"", ""2:1"", ""3:2""]"	"[""2:1"", ""3:2"", ""1:2"", ""1:4"", ""1:1""]"	visual	visual.short.png	data/chorale-bricks/Bach_IchStehAnDeinerKrippe/visual.short.png	none of the other options is correct	"[""none of the other options is correct"", ""2:1"", ""3:2"", ""1:2"", ""1:4""]"	0.2	1	"[""A"", ""B"", ""C"", ""D"", ""E""]"	"{""A"": ""none of the other options is correct"", ""B"": ""3:2"", ""C"": ""1:4"", ""D"": ""2:1"", ""E"": ""1:2""}"	"[""(A) none of the other options is correct"", ""(B) 3:2"", ""(C) 1:4"", ""(D) 2:1"", ""(E) 1:2""]"	(A) none of the other options is correct	A
413742e6-4645-5035-a675-1d4f874819b3	7	perception	rhythm	relative	rhythm-relative	proportion-recognition		rhythm pattern	What is the temporal relationship (e.g., 2:1, 3:1) between the  {target_index} note (or rest) and the next one in the {voice} line?	"[""target_index"", ""voice""]"	get_rhythm_pattern		rhythm	"{""target_index"": ""15th"", ""voice"": ""tenor""}"	What is the temporal relationship (e.g., 2:1, 3:1) between the  15th note (or rest) and the next one in the tenor line?	Vulpius_ChristusDerIstMeinLeben	chorale-bricks	Vulpius_ChristusDerIstMeinLeben	data/chorale-bricks/Vulpius_ChristusDerIstMeinLeben	1:1	"[""1:2"", ""1:3"", ""2:1"", ""3:1"", ""3:2""]"	"[""1:3"", ""3:2"", ""1:2"", ""3:1"", ""2:1""]"	audio	audio.mastermix.wav	data/chorale-bricks/Vulpius_ChristusDerIstMeinLeben/audio.mastermix.wav	1:1	"[""1:1"", ""none of the other options is correct"", ""1:3"", ""3:2"", ""1:2""]"	0.2	0	"[""A"", ""B"", ""C"", ""D"", ""E""]"	"{""A"": ""3:2"", ""B"": ""1:1"", ""C"": ""1:2"", ""D"": ""none of the other options is correct"", ""E"": ""1:3""}"	"[""(A) 3:2"", ""(B) 1:1"", ""(C) 1:2"", ""(D) none of the other options is correct"", ""(E) 1:3""]"	(B) 1:1	B
9f0334c1-ae67-5900-9c13-6b5124108691	7	perception	rhythm	relative	rhythm-relative	proportion-recognition		rhythm pattern	What is the temporal relationship (e.g., 2:1, 3:1) between the  {target_index} note (or rest) and the next one in the {voice} line?	"[""target_index"", ""voice""]"	get_rhythm_pattern		rhythm	"{""target_index"": ""15th"", ""voice"": ""tenor""}"	What is the temporal relationship (e.g., 2:1, 3:1) between the  15th note (or rest) and the next one in the tenor line?	Vulpius_ChristusDerIstMeinLeben	chorale-bricks	Vulpius_ChristusDerIstMeinLeben	data/chorale-bricks/Vulpius_ChristusDerIstMeinLeben	1:1	"[""1:2"", ""1:3"", ""2:1"", ""3:1"", ""3:2""]"	"[""1:3"", ""3:2"", ""1:2"", ""3:1"", ""2:1""]"	symbolic	symbolic.abc.txt	data/chorale-bricks/Vulpius_ChristusDerIstMeinLeben/symbolic.abc.txt	none of the other options is correct	"[""none of the other options is correct"", ""1:3"", ""3:2"", ""1:2"", ""3:1""]"	0.2	1	"[""A"", ""B"", ""C"", ""D"", ""E""]"	"{""A"": ""none of the other options is correct"", ""B"": ""3:1"", ""C"": ""1:3"", ""D"": ""3:2"", ""E"": ""1:2""}"	"[""(A) none of the other options is correct"", ""(B) 3:1"", ""(C) 1:3"", ""(D) 3:2"", ""(E) 1:2""]"	(A) none of the other options is correct	A
46adf859-fc2b-584e-869a-2763e0b10ed0	7	perception	rhythm	relative	rhythm-relative	proportion-recognition		rhythm pattern	What is the temporal relationship (e.g., 2:1, 3:1) between the  {target_index} note (or rest) and the next one in the {voice} line?	"[""target_index"", ""voice""]"	get_rhythm_pattern		rhythm	"{""target_index"": ""15th"", ""voice"": ""tenor""}"	What is the temporal relationship (e.g., 2:1, 3:1) between the  15th note (or rest) and the next one in the tenor line?	Vulpius_ChristusDerIstMeinLeben	chorale-bricks	Vulpius_ChristusDerIstMeinLeben	data/chorale-bricks/Vulpius_ChristusDerIstMeinLeben	1:1	"[""1:2"", ""1:3"", ""2:1"", ""3:1"", ""3:2""]"	"[""1:3"", ""3:2"", ""1:2"", ""3:1"", ""2:1""]"	visual	visual.short.png	data/chorale-bricks/Vulpius_ChristusDerIstMeinLeben/visual.short.png	none of the other options is correct	"[""none of the other options is correct"", ""1:3"", ""3:2"", ""1:2"", ""3:1""]"	0.2	1	"[""A"", ""B"", ""C"", ""D"", ""E""]"	"{""A"": ""3:1"", ""B"": ""1:3"", ""C"": ""none of the other options is correct"", ""D"": ""3:2"", ""E"": ""1:2""}"	"[""(A) 3:1"", ""(B) 1:3"", ""(C) none of the other options is correct"", ""(D) 3:2"", ""(E) 1:2""]"	(C) none of the other options is correct	C
30807e59-9dad-5aca-ac46-1032bc2fa3a1	7	perception	rhythm	relative	rhythm-relative	proportion-recognition		rhythm pattern	What is the temporal relationship (e.g., 2:1, 3:1) between the  {target_index} note (or rest) and the next one in the {voice} line?	"[""target_index"", ""voice""]"	get_rhythm_pattern		rhythm	"{""target_index"": ""3rd"", ""voice"": ""tenor""}"	What is the temporal relationship (e.g., 2:1, 3:1) between the  3rd note (or rest) and the next one in the tenor line?	Jan_DuGrosserSchmerzensmann	chorale-bricks	Jan_DuGrosserSchmerzensmann	data/chorale-bricks/Jan_DuGrosserSchmerzensmann	1:2	"[""1:1"", ""1:3"", ""2:1"", ""3:1"", ""3:2""]"	"[""1:1"", ""3:2"", ""1:3"", ""2:1"", ""3:1""]"	audio	audio.mastermix.wav	data/chorale-bricks/Jan_DuGrosserSchmerzensmann/audio.mastermix.wav	1:2	"[""1:2"", ""none of the other options is correct"", ""1:1"", ""3:2"", ""1:3""]"	0.2	0	"[""A"", ""B"", ""C"", ""D"", ""E""]"	"{""A"": ""1:3"", ""B"": ""1:1"", ""C"": ""none of the other options is correct"", ""D"": ""3:2"", ""E"": ""1:2""}"	"[""(A) 1:3"", ""(B) 1:1"", ""(C) none of the other options is correct"", ""(D) 3:2"", ""(E) 1:2""]"	(E) 1:2	E
a3b2bd5b-3665-5792-9d74-475fce206fe7	7	perception	rhythm	relative	rhythm-relative	proportion-recognition		rhythm pattern	What is the temporal relationship (e.g., 2:1, 3:1) between the  {target_index} note (or rest) and the next one in the {voice} line?	"[""target_index"", ""voice""]"	get_rhythm_pattern		rhythm	"{""target_index"": ""3rd"", ""voice"": ""tenor""}"	What is the temporal relationship (e.g., 2:1, 3:1) between the  3rd note (or rest) and the next one in the tenor line?	Jan_DuGrosserSchmerzensmann	chorale-bricks	Jan_DuGrosserSchmerzensmann	data/chorale-bricks/Jan_DuGrosserSchmerzensmann	1:2	"[""1:1"", ""1:3"", ""2:1"", ""3:1"", ""3:2""]"	"[""1:1"", ""3:2"", ""1:3"", ""2:1"", ""3:1""]"	symbolic	symbolic.abc.txt	data/chorale-bricks/Jan_DuGrosserSchmerzensmann/symbolic.abc.txt	1:2	"[""1:2"", ""none of the other options is correct"", ""1:1"", ""3:2"", ""1:3""]"	0.2	0	"[""A"", ""B"", ""C"", ""D"", ""E""]"	"{""A"": ""1:1"", ""B"": ""3:2"", ""C"": ""1:3"", ""D"": ""none of the other options is correct"", ""E"": ""1:2""}"	"[""(A) 1:1"", ""(B) 3:2"", ""(C) 1:3"", ""(D) none of the other options is correct"", ""(E) 1:2""]"	(E) 1:2	E
e95b3982-189e-59f1-ae07-d32aa1dd3b47	7	perception	rhythm	relative	rhythm-relative	proportion-recognition		rhythm pattern	What is the temporal relationship (e.g., 2:1, 3:1) between the  {target_index} note (or rest) and the next one in the {voice} line?	"[""target_index"", ""voice""]"	get_rhythm_pattern		rhythm	"{""target_index"": ""3rd"", ""voice"": ""tenor""}"	What is the temporal relationship (e.g., 2:1, 3:1) between the  3rd note (or rest) and the next one in the tenor line?	Jan_DuGrosserSchmerzensmann	chorale-bricks	Jan_DuGrosserSchmerzensmann	data/chorale-bricks/Jan_DuGrosserSchmerzensmann	1:2	"[""1:1"", ""1:3"", ""2:1"", ""3:1"", ""3:2""]"	"[""1:1"", ""3:2"", ""1:3"", ""2:1"", ""3:1""]"	visual	visual.short.png	data/chorale-bricks/Jan_DuGrosserSchmerzensmann/visual.short.png	1:2	"[""1:2"", ""none of the other options is correct"", ""1:1"", ""3:2"", ""1:3""]"	0.2	0	"[""A"", ""B"", ""C"", ""D"", ""E""]"	"{""A"": ""1:1"", ""B"": ""none of the other options is correct"", ""C"": ""3:2"", ""D"": ""1:2"", ""E"": ""1:3""}"	"[""(A) 1:1"", ""(B) none of the other options is correct"", ""(C) 3:2"", ""(D) 1:2"", ""(E) 1:3""]"	(D) 1:2	D
e29042d5-b73a-5025-8fdc-190a178dfed9	7	perception	rhythm	relative	rhythm-relative	proportion-recognition		rhythm pattern	What is the temporal relationship (e.g., 2:1, 3:1) between the  {target_index} note (or rest) and the next one in the {voice} line?	"[""target_index"", ""voice""]"	get_rhythm_pattern		rhythm	"{""target_index"": ""24th"", ""voice"": ""soprano""}"	What is the temporal relationship (e.g., 2:1, 3:1) between the  24th note (or rest) and the next one in the soprano line?	Bach_IchStehAnDeinerKrippe	chorale-bricks	Bach_IchStehAnDeinerKrippe	data/chorale-bricks/Bach_IchStehAnDeinerKrippe	3:2	"[""1:1"", ""1:2"", ""1:4"", ""2:1"", ""3:1""]"	"[""1:2"", ""2:1"", ""1:1"", ""1:4"", ""3:1""]"	audio	audio.mastermix.wav	data/chorale-bricks/Bach_IchStehAnDeinerKrippe/audio.mastermix.wav	none of the other options is correct	"[""none of the other options is correct"", ""1:2"", ""2:1"", ""1:1"", ""1:4""]"	0.2	1	"[""A"", ""B"", ""C"", ""D"", ""E""]"	"{""A"": ""1:2"", ""B"": ""2:1"", ""C"": ""none of the other options is correct"", ""D"": ""1:1"", ""E"": ""1:4""}"	"[""(A) 1:2"", ""(B) 2:1"", ""(C) none of the other options is correct"", ""(D) 1:1"", ""(E) 1:4""]"	(C) none of the other options is correct	C
d4ea9729-9210-55bc-abe2-1015b74e35bd	7	perception	rhythm	relative	rhythm-relative	proportion-recognition		rhythm pattern	What is the temporal relationship (e.g., 2:1, 3:1) between the  {target_index} note (or rest) and the next one in the {voice} line?	"[""target_index"", ""voice""]"	get_rhythm_pattern		rhythm	"{""target_index"": ""24th"", ""voice"": ""soprano""}"	What is the temporal relationship (e.g., 2:1, 3:1) between the  24th note (or rest) and the next one in the soprano line?	Bach_IchStehAnDeinerKrippe	chorale-bricks	Bach_IchStehAnDeinerKrippe	data/chorale-bricks/Bach_IchStehAnDeinerKrippe	3:2	"[""1:1"", ""1:2"", ""1:4"", ""2:1"", ""3:1""]"	"[""1:2"", ""2:1"", ""1:1"", ""1:4"", ""3:1""]"	symbolic	symbolic.abc.txt	data/chorale-bricks/Bach_IchStehAnDeinerKrippe/symbolic.abc.txt	3:2	"[""3:2"", ""none of the other options is correct"", ""1:2"", ""2:1"", ""1:1""]"	0.2	0	"[""A"", ""B"", ""C"", ""D"", ""E""]"	"{""A"": ""3:2"", ""B"": ""none of the other options is correct"", ""C"": ""2:1"", ""D"": ""1:2"", ""E"": ""1:1""}"	"[""(A) 3:2"", ""(B) none of the other options is correct"", ""(C) 2:1"", ""(D) 1:2"", ""(E) 1:1""]"	(A) 3:2	A
ed440f58-6327-5bfe-8cb0-ef65437964f0	7	perception	rhythm	relative	rhythm-relative	proportion-recognition		rhythm pattern	What is the temporal relationship (e.g., 2:1, 3:1) between the  {target_index} note (or rest) and the next one in the {voice} line?	"[""target_index"", ""voice""]"	get_rhythm_pattern		rhythm	"{""target_index"": ""24th"", ""voice"": ""soprano""}"	What is the temporal relationship (e.g., 2:1, 3:1) between the  24th note (or rest) and the next one in the soprano line?	Bach_IchStehAnDeinerKrippe	chorale-bricks	Bach_IchStehAnDeinerKrippe	data/chorale-bricks/Bach_IchStehAnDeinerKrippe	3:2	"[""1:1"", ""1:2"", ""1:4"", ""2:1"", ""3:1""]"	"[""1:2"", ""2:1"", ""1:1"", ""1:4"", ""3:1""]"	visual	visual.short.png	data/chorale-bricks/Bach_IchStehAnDeinerKrippe/visual.short.png	3:2	"[""3:2"", ""none of the other options is correct"", ""1:2"", ""2:1"", ""1:1""]"	0.2	0	"[""A"", ""B"", ""C"", ""D"", ""E""]"	"{""A"": ""2:1"", ""B"": ""3:2"", ""C"": ""none of the other options is correct"", ""D"": ""1:1"", ""E"": ""1:2""}"	"[""(A) 2:1"", ""(B) 3:2"", ""(C) none of the other options is correct"", ""(D) 1:1"", ""(E) 1:2""]"	(B) 3:2	B
19eab681-9247-5aa5-88b2-1a9389222e2b	7	perception	rhythm	relative	rhythm-relative	proportion-recognition		rhythm pattern	What is the temporal relationship (e.g., 2:1, 3:1) between the  {target_index} note (or rest) and the next one in the {voice} line?	"[""target_index"", ""voice""]"	get_rhythm_pattern		rhythm	"{""target_index"": ""9th"", ""voice"": ""alto""}"	What is the temporal relationship (e.g., 2:1, 3:1) between the  9th note (or rest) and the next one in the alto line?	Vulpius_ChristusDerIstMeinLeben	chorale-bricks	Vulpius_ChristusDerIstMeinLeben	data/chorale-bricks/Vulpius_ChristusDerIstMeinLeben	1:1	"[""1:2"", ""1:3"", ""2:1"", ""3:1"", ""3:2""]"	"[""3:1"", ""2:1"", ""1:2"", ""1:3"", ""3:2""]"	audio	audio.mastermix.wav	data/chorale-bricks/Vulpius_ChristusDerIstMeinLeben/audio.mastermix.wav	1:1	"[""1:1"", ""none of the other options is correct"", ""3:1"", ""2:1"", ""1:2""]"	0.2	0	"[""A"", ""B"", ""C"", ""D"", ""E""]"	"{""A"": ""3:1"", ""B"": ""none of the other options is correct"", ""C"": ""2:1"", ""D"": ""1:2"", ""E"": ""1:1""}"	"[""(A) 3:1"", ""(B) none of the other options is correct"", ""(C) 2:1"", ""(D) 1:2"", ""(E) 1:1""]"	(E) 1:1	E
e5a1d2f7-3990-5298-abb9-3152a361db10	7	perception	rhythm	relative	rhythm-relative	proportion-recognition		rhythm pattern	What is the temporal relationship (e.g., 2:1, 3:1) between the  {target_index} note (or rest) and the next one in the {voice} line?	"[""target_index"", ""voice""]"	get_rhythm_pattern		rhythm	"{""target_index"": ""9th"", ""voice"": ""alto""}"	What is the temporal relationship (e.g., 2:1, 3:1) between the  9th note (or rest) and the next one in the alto line?	Vulpius_ChristusDerIstMeinLeben	chorale-bricks	Vulpius_ChristusDerIstMeinLeben	data/chorale-bricks/Vulpius_ChristusDerIstMeinLeben	1:1	"[""1:2"", ""1:3"", ""2:1"", ""3:1"", ""3:2""]"	"[""3:1"", ""2:1"", ""1:2"", ""1:3"", ""3:2""]"	symbolic	symbolic.abc.txt	data/chorale-bricks/Vulpius_ChristusDerIstMeinLeben/symbolic.abc.txt	1:1	"[""1:1"", ""none of the other options is correct"", ""3:1"", ""2:1"", ""1:2""]"	0.2	0	"[""A"", ""B"", ""C"", ""D"", ""E""]"	"{""A"": ""1:2"", ""B"": ""none of the other options is correct"", ""C"": ""2:1"", ""D"": ""1:1"", ""E"": ""3:1""}"	"[""(A) 1:2"", ""(B) none of the other options is correct"", ""(C) 2:1"", ""(D) 1:1"", ""(E) 3:1""]"	(D) 1:1	D
18125c8d-ba60-53f1-9d04-d296b3a5be54	7	perception	rhythm	relative	rhythm-relative	proportion-recognition		rhythm pattern	What is the temporal relationship (e.g., 2:1, 3:1) between the  {target_index} note (or rest) and the next one in the {voice} line?	"[""target_index"", ""voice""]"	get_rhythm_pattern		rhythm	"{""target_index"": ""9th"", ""voice"": ""alto""}"	What is the temporal relationship (e.g., 2:1, 3:1) between the  9th note (or rest) and the next one in the alto line?	Vulpius_ChristusDerIstMeinLeben	chorale-bricks	Vulpius_ChristusDerIstMeinLeben	data/chorale-bricks/Vulpius_ChristusDerIstMeinLeben	1:1	"[""1:2"", ""1:3"", ""2:1"", ""3:1"", ""3:2""]"	"[""3:1"", ""2:1"", ""1:2"", ""1:3"", ""3:2""]"	visual	visual.short.png	data/chorale-bricks/Vulpius_ChristusDerIstMeinLeben/visual.short.png	1:1	"[""1:1"", ""none of the other options is correct"", ""3:1"", ""2:1"", ""1:2""]"	0.2	0	"[""A"", ""B"", ""C"", ""D"", ""E""]"	"{""A"": ""none of the other options is correct"", ""B"": ""1:1"", ""C"": ""3:1"", ""D"": ""2:1"", ""E"": ""1:2""}"	"[""(A) none of the other options is correct"", ""(B) 1:1"", ""(C) 3:1"", ""(D) 2:1"", ""(E) 1:2""]"	(B) 1:1	B
365bbe4b-c69b-57b1-b109-71aaaed79c36	7	perception	rhythm	relative	rhythm-relative	proportion-recognition		rhythm pattern	What is the temporal relationship (e.g., 2:1, 3:1) between the  {target_index} note (or rest) and the next one in the {voice} line?	"[""target_index"", ""voice""]"	get_rhythm_pattern		rhythm	"{""target_index"": ""14th"", ""voice"": ""bass""}"	What is the temporal relationship (e.g., 2:1, 3:1) between the  14th note (or rest) and the next one in the bass line?	Vulpius_DieHelleSonnLeuchtJetztHerfuer	chorale-bricks	Vulpius_DieHelleSonnLeuchtJetztHerfuer	data/chorale-bricks/Vulpius_DieHelleSonnLeuchtJetztHerfuer	1:2	"[""1:1"", ""1:3"", ""2:1"", ""3:1""]"	"[""3:1"", ""1:3"", ""1:1"", ""2:1""]"	audio	audio.mastermix.wav	data/chorale-bricks/Vulpius_DieHelleSonnLeuchtJetztHerfuer/audio.mastermix.wav	1:2	"[""1:2"", ""none of the other options is correct"", ""3:1"", ""1:3"", ""1:1""]"	0.2	0	"[""A"", ""B"", ""C"", ""D"", ""E""]"	"{""A"": ""1:3"", ""B"": ""1:2"", ""C"": ""3:1"", ""D"": ""1:1"", ""E"": ""none of the other options is correct""}"	"[""(A) 1:3"", ""(B) 1:2"", ""(C) 3:1"", ""(D) 1:1"", ""(E) none of the other options is correct""]"	(B) 1:2	B
e294d067-8adf-556a-a696-cd5db52ff11f	7	perception	rhythm	relative	rhythm-relative	proportion-recognition		rhythm pattern	What is the temporal relationship (e.g., 2:1, 3:1) between the  {target_index} note (or rest) and the next one in the {voice} line?	"[""target_index"", ""voice""]"	get_rhythm_pattern		rhythm	"{""target_index"": ""14th"", ""voice"": ""bass""}"	What is the temporal relationship (e.g., 2:1, 3:1) between the  14th note (or rest) and the next one in the bass line?	Vulpius_DieHelleSonnLeuchtJetztHerfuer	chorale-bricks	Vulpius_DieHelleSonnLeuchtJetztHerfuer	data/chorale-bricks/Vulpius_DieHelleSonnLeuchtJetztHerfuer	1:2	"[""1:1"", ""1:3"", ""2:1"", ""3:1""]"	"[""3:1"", ""1:3"", ""1:1"", ""2:1""]"	symbolic	symbolic.abc.txt	data/chorale-bricks/Vulpius_DieHelleSonnLeuchtJetztHerfuer/symbolic.abc.txt	none of the other options is correct	"[""none of the other options is correct"", ""3:1"", ""1:3"", ""1:1"", ""2:1""]"	0.2	1	"[""A"", ""B"", ""C"", ""D"", ""E""]"	"{""A"": ""3:1"", ""B"": ""2:1"", ""C"": ""none of the other options is correct"", ""D"": ""1:1"", ""E"": ""1:3""}"	"[""(A) 3:1"", ""(B) 2:1"", ""(C) none of the other options is correct"", ""(D) 1:1"", ""(E) 1:3""]"	(C) none of the other options is correct	C
51f72a0f-6525-5938-b6e4-e82b9bbcbcd8	7	perception	rhythm	relative	rhythm-relative	proportion-recognition		rhythm pattern	What is the temporal relationship (e.g., 2:1, 3:1) between the  {target_index} note (or rest) and the next one in the {voice} line?	"[""target_index"", ""voice""]"	get_rhythm_pattern		rhythm	"{""target_index"": ""14th"", ""voice"": ""bass""}"	What is the temporal relationship (e.g., 2:1, 3:1) between the  14th note (or rest) and the next one in the bass line?	Vulpius_DieHelleSonnLeuchtJetztHerfuer	chorale-bricks	Vulpius_DieHelleSonnLeuchtJetztHerfuer	data/chorale-bricks/Vulpius_DieHelleSonnLeuchtJetztHerfuer	1:2	"[""1:1"", ""1:3"", ""2:1"", ""3:1""]"	"[""3:1"", ""1:3"", ""1:1"", ""2:1""]"	visual	visual.short.png	data/chorale-bricks/Vulpius_DieHelleSonnLeuchtJetztHerfuer/visual.short.png	1:2	"[""1:2"", ""none of the other options is correct"", ""3:1"", ""1:3"", ""1:1""]"	0.2	0	"[""A"", ""B"", ""C"", ""D"", ""E""]"	"{""A"": ""1:1"", ""B"": ""none of the other options is correct"", ""C"": ""1:3"", ""D"": ""3:1"", ""E"": ""1:2""}"	"[""(A) 1:1"", ""(B) none of the other options is correct"", ""(C) 1:3"", ""(D) 3:1"", ""(E) 1:2""]"	(E) 1:2	E
a9927fc2-c7d3-51d7-81d5-be5a307f1a17	7	perception	rhythm	relative	rhythm-relative	proportion-recognition		rhythm pattern	What is the temporal relationship (e.g., 2:1, 3:1) between the  {target_index} note (or rest) and the next one in the {voice} line?	"[""target_index"", ""voice""]"	get_rhythm_pattern		rhythm	"{""target_index"": ""25th"", ""voice"": ""bass""}"	What is the temporal relationship (e.g., 2:1, 3:1) between the  25th note (or rest) and the next one in the bass line?	Jan_DuGrosserSchmerzensmann	chorale-bricks	Jan_DuGrosserSchmerzensmann	data/chorale-bricks/Jan_DuGrosserSchmerzensmann	1:1	"[""1:2"", ""1:3"", ""2:1"", ""3:1"", ""3:2""]"	"[""1:3"", ""3:2"", ""2:1"", ""1:2"", ""3:1""]"	audio	audio.mastermix.wav	data/chorale-bricks/Jan_DuGrosserSchmerzensmann/audio.mastermix.wav	1:1	"[""1:1"", ""none of the other options is correct"", ""1:3"", ""3:2"", ""2:1""]"	0.2	0	"[""A"", ""B"", ""C"", ""D"", ""E""]"	"{""A"": ""1:3"", ""B"": ""none of the other options is correct"", ""C"": ""3:2"", ""D"": ""1:1"", ""E"": ""2:1""}"	"[""(A) 1:3"", ""(B) none of the other options is correct"", ""(C) 3:2"", ""(D) 1:1"", ""(E) 2:1""]"	(D) 1:1	D
db73dfbc-8ffb-5b77-a5ae-68af12b4ce73	7	perception	rhythm	relative	rhythm-relative	proportion-recognition		rhythm pattern	What is the temporal relationship (e.g., 2:1, 3:1) between the  {target_index} note (or rest) and the next one in the {voice} line?	"[""target_index"", ""voice""]"	get_rhythm_pattern		rhythm	"{""target_index"": ""25th"", ""voice"": ""bass""}"	What is the temporal relationship (e.g., 2:1, 3:1) between the  25th note (or rest) and the next one in the bass line?	Jan_DuGrosserSchmerzensmann	chorale-bricks	Jan_DuGrosserSchmerzensmann	data/chorale-bricks/Jan_DuGrosserSchmerzensmann	1:1	"[""1:2"", ""1:3"", ""2:1"", ""3:1"", ""3:2""]"	"[""1:3"", ""3:2"", ""2:1"", ""1:2"", ""3:1""]"	symbolic	symbolic.abc.txt	data/chorale-bricks/Jan_DuGrosserSchmerzensmann/symbolic.abc.txt	1:1	"[""1:1"", ""none of the other options is correct"", ""1:3"", ""3:2"", ""2:1""]"	0.2	0	"[""A"", ""B"", ""C"", ""D"", ""E""]"	"{""A"": ""none of the other options is correct"", ""B"": ""2:1"", ""C"": ""1:3"", ""D"": ""3:2"", ""E"": ""1:1""}"	"[""(A) none of the other options is correct"", ""(B) 2:1"", ""(C) 1:3"", ""(D) 3:2"", ""(E) 1:1""]"	(E) 1:1	E
0777fe42-edaa-5fb2-b71c-6d93361ecfe3	7	perception	rhythm	relative	rhythm-relative	proportion-recognition		rhythm pattern	What is the temporal relationship (e.g., 2:1, 3:1) between the  {target_index} note (or rest) and the next one in the {voice} line?	"[""target_index"", ""voice""]"	get_rhythm_pattern		rhythm	"{""target_index"": ""25th"", ""voice"": ""bass""}"	What is the temporal relationship (e.g., 2:1, 3:1) between the  25th note (or rest) and the next one in the bass line?	Jan_DuGrosserSchmerzensmann	chorale-bricks	Jan_DuGrosserSchmerzensmann	data/chorale-bricks/Jan_DuGrosserSchmerzensmann	1:1	"[""1:2"", ""1:3"", ""2:1"", ""3:1"", ""3:2""]"	"[""1:3"", ""3:2"", ""2:1"", ""1:2"", ""3:1""]"	visual	visual.short.png	data/chorale-bricks/Jan_DuGrosserSchmerzensmann/visual.short.png	1:1	"[""1:1"", ""none of the other options is correct"", ""1:3"", ""3:2"", ""2:1""]"	0.2	0	"[""A"", ""B"", ""C"", ""D"", ""E""]"	"{""A"": ""1:1"", ""B"": ""2:1"", ""C"": ""1:3"", ""D"": ""3:2"", ""E"": ""none of the other options is correct""}"	"[""(A) 1:1"", ""(B) 2:1"", ""(C) 1:3"", ""(D) 3:2"", ""(E) none of the other options is correct""]"	(A) 1:1	A
438fcc20-e9d1-53b3-8e06-db99ab581aba	8	perception	rhythm	relative	rhythm-relative	proportion-recognition		rhythm pattern statistics	How many rhythmic figures with a strict {rhythm_proportion} proportionality are there in the {voice} line?	"[""rhythm_proportion"", ""voice""]"	get_rhythm_pattern_count		rhythm	"{""rhythm_proportion"": ""3:2"", ""voice"": ""alto""}"	How many rhythmic figures with a strict 3:2 proportionality are there in the alto line?	Anonymous_AusMeinesHerzensGrunde	chorale-bricks	Anonymous_AusMeinesHerzensGrunde	data/chorale-bricks/Anonymous_AusMeinesHerzensGrunde	0	"[""1"", ""2"", ""3"", ""4""]"	"[""1"", ""3"", ""4"", ""2""]"	audio	audio.mastermix.wav	data/chorale-bricks/Anonymous_AusMeinesHerzensGrunde/audio.mastermix.wav	none of the other options is correct	"[""none of the other options is correct"", ""1"", ""3"", ""4"", ""2""]"	0.2	1	"[""A"", ""B"", ""C"", ""D"", ""E""]"	"{""A"": ""4"", ""B"": ""2"", ""C"": ""1"", ""D"": ""none of the other options is correct"", ""E"": ""3""}"	"[""(A) 4"", ""(B) 2"", ""(C) 1"", ""(D) none of the other options is correct"", ""(E) 3""]"	(D) none of the other options is correct	D
304ac7bc-18cd-58ec-b0c2-90a55c8ee607	8	perception	rhythm	relative	rhythm-relative	proportion-recognition		rhythm pattern statistics	How many rhythmic figures with a strict {rhythm_proportion} proportionality are there in the {voice} line?	"[""rhythm_proportion"", ""voice""]"	get_rhythm_pattern_count		rhythm	"{""rhythm_proportion"": ""3:2"", ""voice"": ""alto""}"	How many rhythmic figures with a strict 3:2 proportionality are there in the alto line?	Anonymous_AusMeinesHerzensGrunde	chorale-bricks	Anonymous_AusMeinesHerzensGrunde	data/chorale-bricks/Anonymous_AusMeinesHerzensGrunde	0	"[""1"", ""2"", ""3"", ""4""]"	"[""1"", ""3"", ""4"", ""2""]"	symbolic	symbolic.abc.txt	data/chorale-bricks/Anonymous_AusMeinesHerzensGrunde/symbolic.abc.txt	0	"[""0"", ""none of the other options is correct"", ""1"", ""3"", ""4""]"	0.2	0	"[""A"", ""B"", ""C"", ""D"", ""E""]"	"{""A"": ""4"", ""B"": ""0"", ""C"": ""none of the other options is correct"", ""D"": ""3"", ""E"": ""1""}"	"[""(A) 4"", ""(B) 0"", ""(C) none of the other options is correct"", ""(D) 3"", ""(E) 1""]"	(B) 0	B
37b9732c-4b41-5ef9-a3e7-cf29965bd426	8	perception	rhythm	relative	rhythm-relative	proportion-recognition		rhythm pattern statistics	How many rhythmic figures with a strict {rhythm_proportion} proportionality are there in the {voice} line?	"[""rhythm_proportion"", ""voice""]"	get_rhythm_pattern_count		rhythm	"{""rhythm_proportion"": ""3:2"", ""voice"": ""alto""}"	How many rhythmic figures with a strict 3:2 proportionality are there in the alto line?	Anonymous_AusMeinesHerzensGrunde	chorale-bricks	Anonymous_AusMeinesHerzensGrunde	data/chorale-bricks/Anonymous_AusMeinesHerzensGrunde	0	"[""1"", ""2"", ""3"", ""4""]"	"[""1"", ""3"", ""4"", ""2""]"	visual	visual.short.png	data/chorale-bricks/Anonymous_AusMeinesHerzensGrunde/visual.short.png	0	"[""0"", ""none of the other options is correct"", ""1"", ""3"", ""4""]"	0.2	0	"[""A"", ""B"", ""C"", ""D"", ""E""]"	"{""A"": ""4"", ""B"": ""none of the other options is correct"", ""C"": ""1"", ""D"": ""0"", ""E"": ""3""}"	"[""(A) 4"", ""(B) none of the other options is correct"", ""(C) 1"", ""(D) 0"", ""(E) 3""]"	(D) 0	D
6e1495a3-9b82-576a-aeff-2e6479afdd8e	8	perception	rhythm	relative	rhythm-relative	proportion-recognition		rhythm pattern statistics	How many rhythmic figures with a strict {rhythm_proportion} proportionality are there in the {voice} line?	"[""rhythm_proportion"", ""voice""]"	get_rhythm_pattern_count		rhythm	"{""rhythm_proportion"": ""1:4"", ""voice"": ""soprano""}"	How many rhythmic figures with a strict 1:4 proportionality are there in the soprano line?	Bach_IchStehAnDeinerKrippe	chorale-bricks	Bach_IchStehAnDeinerKrippe	data/chorale-bricks/Bach_IchStehAnDeinerKrippe	1	"[""0"", ""2"", ""3"", ""4""]"	"[""4"", ""2"", ""0"", ""3""]"	audio	audio.mastermix.wav	data/chorale-bricks/Bach_IchStehAnDeinerKrippe/audio.mastermix.wav	1	"[""1"", ""none of the other options is correct"", ""4"", ""2"", ""0""]"	0.2	0	"[""A"", ""B"", ""C"", ""D"", ""E""]"	"{""A"": ""1"", ""B"": ""4"", ""C"": ""none of the other options is correct"", ""D"": ""2"", ""E"": ""0""}"	"[""(A) 1"", ""(B) 4"", ""(C) none of the other options is correct"", ""(D) 2"", ""(E) 0""]"	(A) 1	A
3ec8acf2-075e-5fbb-9b5f-f339790f4fe6	8	perception	rhythm	relative	rhythm-relative	proportion-recognition		rhythm pattern statistics	How many rhythmic figures with a strict {rhythm_proportion} proportionality are there in the {voice} line?	"[""rhythm_proportion"", ""voice""]"	get_rhythm_pattern_count		rhythm	"{""rhythm_proportion"": ""1:4"", ""voice"": ""soprano""}"	How many rhythmic figures with a strict 1:4 proportionality are there in the soprano line?	Bach_IchStehAnDeinerKrippe	chorale-bricks	Bach_IchStehAnDeinerKrippe	data/chorale-bricks/Bach_IchStehAnDeinerKrippe	1	"[""0"", ""2"", ""3"", ""4""]"	"[""4"", ""2"", ""0"", ""3""]"	symbolic	symbolic.abc.txt	data/chorale-bricks/Bach_IchStehAnDeinerKrippe/symbolic.abc.txt	1	"[""1"", ""none of the other options is correct"", ""4"", ""2"", ""0""]"	0.2	0	"[""A"", ""B"", ""C"", ""D"", ""E""]"	"{""A"": ""1"", ""B"": ""0"", ""C"": ""none of the other options is correct"", ""D"": ""2"", ""E"": ""4""}"	"[""(A) 1"", ""(B) 0"", ""(C) none of the other options is correct"", ""(D) 2"", ""(E) 4""]"	(A) 1	A
beee5465-0f09-5143-9e93-8425684e9b31	8	perception	rhythm	relative	rhythm-relative	proportion-recognition		rhythm pattern statistics	How many rhythmic figures with a strict {rhythm_proportion} proportionality are there in the {voice} line?	"[""rhythm_proportion"", ""voice""]"	get_rhythm_pattern_count		rhythm	"{""rhythm_proportion"": ""1:4"", ""voice"": ""soprano""}"	How many rhythmic figures with a strict 1:4 proportionality are there in the soprano line?	Bach_IchStehAnDeinerKrippe	chorale-bricks	Bach_IchStehAnDeinerKrippe	data/chorale-bricks/Bach_IchStehAnDeinerKrippe	1	"[""0"", ""2"", ""3"", ""4""]"	"[""4"", ""2"", ""0"", ""3""]"	visual	visual.short.png	data/chorale-bricks/Bach_IchStehAnDeinerKrippe/visual.short.png	1	"[""1"", ""none of the other options is correct"", ""4"", ""2"", ""0""]"	0.2	0	"[""A"", ""B"", ""C"", ""D"", ""E""]"	"{""A"": ""4"", ""B"": ""2"", ""C"": ""0"", ""D"": ""1"", ""E"": ""none of the other options is correct""}"	"[""(A) 4"", ""(B) 2"", ""(C) 0"", ""(D) 1"", ""(E) none of the other options is correct""]"	(D) 1	D
2db68e0d-57d4-5311-898e-a117b1b2621a	8	perception	rhythm	relative	rhythm-relative	proportion-recognition		rhythm pattern statistics	How many rhythmic figures with a strict {rhythm_proportion} proportionality are there in the {voice} line?	"[""rhythm_proportion"", ""voice""]"	get_rhythm_pattern_count		rhythm	"{""rhythm_proportion"": ""1:3"", ""voice"": ""soprano""}"	How many rhythmic figures with a strict 1:3 proportionality are there in the soprano line?	Gesius_BefiehlDuDeineWege	chorale-bricks	Gesius_BefiehlDuDeineWege	data/chorale-bricks/Gesius_BefiehlDuDeineWege	1	"[""0"", ""2"", ""3"", ""4""]"	"[""3"", ""4"", ""2"", ""0""]"	audio	audio.mastermix.wav	data/chorale-bricks/Gesius_BefiehlDuDeineWege/audio.mastermix.wav	1	"[""1"", ""none of the other options is correct"", ""3"", ""4"", ""2""]"	0.2	0	"[""A"", ""B"", ""C"", ""D"", ""E""]"	"{""A"": ""3"", ""B"": ""1"", ""C"": ""none of the other options is correct"", ""D"": ""4"", ""E"": ""2""}"	"[""(A) 3"", ""(B) 1"", ""(C) none of the other options is correct"", ""(D) 4"", ""(E) 2""]"	(B) 1	B
74dd57fc-d3bf-56a3-91fb-787cd655fc11	8	perception	rhythm	relative	rhythm-relative	proportion-recognition		rhythm pattern statistics	How many rhythmic figures with a strict {rhythm_proportion} proportionality are there in the {voice} line?	"[""rhythm_proportion"", ""voice""]"	get_rhythm_pattern_count		rhythm	"{""rhythm_proportion"": ""1:3"", ""voice"": ""soprano""}"	How many rhythmic figures with a strict 1:3 proportionality are there in the soprano line?	Gesius_BefiehlDuDeineWege	chorale-bricks	Gesius_BefiehlDuDeineWege	data/chorale-bricks/Gesius_BefiehlDuDeineWege	1	"[""0"", ""2"", ""3"", ""4""]"	"[""3"", ""4"", ""2"", ""0""]"	symbolic	symbolic.abc.txt	data/chorale-bricks/Gesius_BefiehlDuDeineWege/symbolic.abc.txt	1	"[""1"", ""none of the other options is correct"", ""3"", ""4"", ""2""]"	0.2	0	"[""A"", ""B"", ""C"", ""D"", ""E""]"	"{""A"": ""3"", ""B"": ""4"", ""C"": ""2"", ""D"": ""none of the other options is correct"", ""E"": ""1""}"	"[""(A) 3"", ""(B) 4"", ""(C) 2"", ""(D) none of the other options is correct"", ""(E) 1""]"	(E) 1	E
9a62aeee-6086-543e-b728-50934344c08d	8	perception	rhythm	relative	rhythm-relative	proportion-recognition		rhythm pattern statistics	How many rhythmic figures with a strict {rhythm_proportion} proportionality are there in the {voice} line?	"[""rhythm_proportion"", ""voice""]"	get_rhythm_pattern_count		rhythm	"{""rhythm_proportion"": ""1:3"", ""voice"": ""soprano""}"	How many rhythmic figures with a strict 1:3 proportionality are there in the soprano line?	Gesius_BefiehlDuDeineWege	chorale-bricks	Gesius_BefiehlDuDeineWege	data/chorale-bricks/Gesius_BefiehlDuDeineWege	1	"[""0"", ""2"", ""3"", ""4""]"	"[""3"", ""4"", ""2"", ""0""]"	visual	visual.short.png	data/chorale-bricks/Gesius_BefiehlDuDeineWege/visual.short.png	1	"[""1"", ""none of the other options is correct"", ""3"", ""4"", ""2""]"	0.2	0	"[""A"", ""B"", ""C"", ""D"", ""E""]"	"{""A"": ""none of the other options is correct"", ""B"": ""1"", ""C"": ""2"", ""D"": ""3"", ""E"": ""4""}"	"[""(A) none of the other options is correct"", ""(B) 1"", ""(C) 2"", ""(D) 3"", ""(E) 4""]"	(B) 1	B
5c01a34a-3ee2-5efd-a627-dc2ddfe04bf1	8	perception	rhythm	relative	rhythm-relative	proportion-recognition		rhythm pattern statistics	How many rhythmic figures with a strict {rhythm_proportion} proportionality are there in the {voice} line?	"[""rhythm_proportion"", ""voice""]"	get_rhythm_pattern_count		rhythm	"{""rhythm_proportion"": ""2:1"", ""voice"": ""alto""}"	How many rhythmic figures with a strict 2:1 proportionality are there in the alto line?	Vulpius_DieHelleSonnLeuchtJetztHerfuer	chorale-bricks	Vulpius_DieHelleSonnLeuchtJetztHerfuer	data/chorale-bricks/Vulpius_DieHelleSonnLeuchtJetztHerfuer	12	"[""0"", ""1"", ""2"", ""4""]"	"[""2"", ""1"", ""0"", ""4""]"	audio	audio.mastermix.wav	data/chorale-bricks/Vulpius_DieHelleSonnLeuchtJetztHerfuer/audio.mastermix.wav	12	"[""12"", ""none of the other options is correct"", ""2"", ""1"", ""0""]"	0.2	0	"[""A"", ""B"", ""C"", ""D"", ""E""]"	"{""A"": ""1"", ""B"": ""0"", ""C"": ""2"", ""D"": ""12"", ""E"": ""none of the other options is correct""}"	"[""(A) 1"", ""(B) 0"", ""(C) 2"", ""(D) 12"", ""(E) none of the other options is correct""]"	(D) 12	D
3c81362d-e2da-5548-8fe3-004e42760cb5	8	perception	rhythm	relative	rhythm-relative	proportion-recognition		rhythm pattern statistics	How many rhythmic figures with a strict {rhythm_proportion} proportionality are there in the {voice} line?	"[""rhythm_proportion"", ""voice""]"	get_rhythm_pattern_count		rhythm	"{""rhythm_proportion"": ""2:1"", ""voice"": ""alto""}"	How many rhythmic figures with a strict 2:1 proportionality are there in the alto line?	Vulpius_DieHelleSonnLeuchtJetztHerfuer	chorale-bricks	Vulpius_DieHelleSonnLeuchtJetztHerfuer	data/chorale-bricks/Vulpius_DieHelleSonnLeuchtJetztHerfuer	12	"[""0"", ""1"", ""2"", ""4""]"	"[""2"", ""1"", ""0"", ""4""]"	symbolic	symbolic.abc.txt	data/chorale-bricks/Vulpius_DieHelleSonnLeuchtJetztHerfuer/symbolic.abc.txt	none of the other options is correct	"[""none of the other options is correct"", ""2"", ""1"", ""0"", ""4""]"	0.2	1	"[""A"", ""B"", ""C"", ""D"", ""E""]"	"{""A"": ""none of the other options is correct"", ""B"": ""2"", ""C"": ""1"", ""D"": ""4"", ""E"": ""0""}"	"[""(A) none of the other options is correct"", ""(B) 2"", ""(C) 1"", ""(D) 4"", ""(E) 0""]"	(A) none of the other options is correct	A
ada5be14-ed7d-5b6a-be22-8605870f5786	8	perception	rhythm	relative	rhythm-relative	proportion-recognition		rhythm pattern statistics	How many rhythmic figures with a strict {rhythm_proportion} proportionality are there in the {voice} line?	"[""rhythm_proportion"", ""voice""]"	get_rhythm_pattern_count		rhythm	"{""rhythm_proportion"": ""2:1"", ""voice"": ""alto""}"	How many rhythmic figures with a strict 2:1 proportionality are there in the alto line?	Vulpius_DieHelleSonnLeuchtJetztHerfuer	chorale-bricks	Vulpius_DieHelleSonnLeuchtJetztHerfuer	data/chorale-bricks/Vulpius_DieHelleSonnLeuchtJetztHerfuer	12	"[""0"", ""1"", ""2"", ""4""]"	"[""2"", ""1"", ""0"", ""4""]"	visual	visual.short.png	data/chorale-bricks/Vulpius_DieHelleSonnLeuchtJetztHerfuer/visual.short.png	12	"[""12"", ""none of the other options is correct"", ""2"", ""1"", ""0""]"	0.2	0	"[""A"", ""B"", ""C"", ""D"", ""E""]"	"{""A"": ""12"", ""B"": ""2"", ""C"": ""0"", ""D"": ""1"", ""E"": ""none of the other options is correct""}"	"[""(A) 12"", ""(B) 2"", ""(C) 0"", ""(D) 1"", ""(E) none of the other options is correct""]"	(A) 12	A
9b4682fc-f28c-52d8-a760-d23014370da6	8	perception	rhythm	relative	rhythm-relative	proportion-recognition		rhythm pattern statistics	How many rhythmic figures with a strict {rhythm_proportion} proportionality are there in the {voice} line?	"[""rhythm_proportion"", ""voice""]"	get_rhythm_pattern_count		rhythm	"{""rhythm_proportion"": ""1:1"", ""voice"": ""alto""}"	How many rhythmic figures with a strict 1:1 proportionality are there in the alto line?	Anonymous_AusMeinesHerzensGrunde	chorale-bricks	Anonymous_AusMeinesHerzensGrunde	data/chorale-bricks/Anonymous_AusMeinesHerzensGrunde	7	"[""0"", ""1"", ""2"", ""3""]"	"[""2"", ""3"", ""0"", ""1""]"	audio	audio.mastermix.wav	data/chorale-bricks/Anonymous_AusMeinesHerzensGrunde/audio.mastermix.wav	none of the other options is correct	"[""none of the other options is correct"", ""2"", ""3"", ""0"", ""1""]"	0.2	1	"[""A"", ""B"", ""C"", ""D"", ""E""]"	"{""A"": ""none of the other options is correct"", ""B"": ""1"", ""C"": ""3"", ""D"": ""0"", ""E"": ""2""}"	"[""(A) none of the other options is correct"", ""(B) 1"", ""(C) 3"", ""(D) 0"", ""(E) 2""]"	(A) none of the other options is correct	A
fd822f66-5b45-54af-98e0-6b7676e0ef3f	8	perception	rhythm	relative	rhythm-relative	proportion-recognition		rhythm pattern statistics	How many rhythmic figures with a strict {rhythm_proportion} proportionality are there in the {voice} line?	"[""rhythm_proportion"", ""voice""]"	get_rhythm_pattern_count		rhythm	"{""rhythm_proportion"": ""1:1"", ""voice"": ""alto""}"	How many rhythmic figures with a strict 1:1 proportionality are there in the alto line?	Anonymous_AusMeinesHerzensGrunde	chorale-bricks	Anonymous_AusMeinesHerzensGrunde	data/chorale-bricks/Anonymous_AusMeinesHerzensGrunde	7	"[""0"", ""1"", ""2"", ""3""]"	"[""2"", ""3"", ""0"", ""1""]"	symbolic	symbolic.abc.txt	data/chorale-bricks/Anonymous_AusMeinesHerzensGrunde/symbolic.abc.txt	7	"[""7"", ""none of the other options is correct"", ""2"", ""3"", ""0""]"	0.2	0	"[""A"", ""B"", ""C"", ""D"", ""E""]"	"{""A"": ""none of the other options is correct"", ""B"": ""3"", ""C"": ""0"", ""D"": ""7"", ""E"": ""2""}"	"[""(A) none of the other options is correct"", ""(B) 3"", ""(C) 0"", ""(D) 7"", ""(E) 2""]"	(D) 7	D
6dc99ceb-d1ef-5d56-bf50-bb235acc3ba4	8	perception	rhythm	relative	rhythm-relative	proportion-recognition		rhythm pattern statistics	How many rhythmic figures with a strict {rhythm_proportion} proportionality are there in the {voice} line?	"[""rhythm_proportion"", ""voice""]"	get_rhythm_pattern_count		rhythm	"{""rhythm_proportion"": ""1:1"", ""voice"": ""alto""}"	How many rhythmic figures with a strict 1:1 proportionality are there in the alto line?	Anonymous_AusMeinesHerzensGrunde	chorale-bricks	Anonymous_AusMeinesHerzensGrunde	data/chorale-bricks/Anonymous_AusMeinesHerzensGrunde	7	"[""0"", ""1"", ""2"", ""3""]"	"[""2"", ""3"", ""0"", ""1""]"	visual	visual.short.png	data/chorale-bricks/Anonymous_AusMeinesHerzensGrunde/visual.short.png	7	"[""7"", ""none of the other options is correct"", ""2"", ""3"", ""0""]"	0.2	0	"[""A"", ""B"", ""C"", ""D"", ""E""]"	"{""A"": ""none of the other options is correct"", ""B"": ""0"", ""C"": ""7"", ""D"": ""2"", ""E"": ""3""}"	"[""(A) none of the other options is correct"", ""(B) 0"", ""(C) 7"", ""(D) 2"", ""(E) 3""]"	(C) 7	C
a9008ff6-fe91-58f4-a0d8-b0e0f5966fb6	8	perception	rhythm	relative	rhythm-relative	proportion-recognition		rhythm pattern statistics	How many rhythmic figures with a strict {rhythm_proportion} proportionality are there in the {voice} line?	"[""rhythm_proportion"", ""voice""]"	get_rhythm_pattern_count		rhythm	"{""rhythm_proportion"": ""3:1"", ""voice"": ""soprano""}"	How many rhythmic figures with a strict 3:1 proportionality are there in the soprano line?	Jan_DuGrosserSchmerzensmann	chorale-bricks	Jan_DuGrosserSchmerzensmann	data/chorale-bricks/Jan_DuGrosserSchmerzensmann	2	"[""0"", ""1"", ""3"", ""4""]"	"[""4"", ""0"", ""3"", ""1""]"	audio	audio.mastermix.wav	data/chorale-bricks/Jan_DuGrosserSchmerzensmann/audio.mastermix.wav	2	"[""2"", ""none of the other options is correct"", ""4"", ""0"", ""3""]"	0.2	0	"[""A"", ""B"", ""C"", ""D"", ""E""]"	"{""A"": ""3"", ""B"": ""0"", ""C"": ""4"", ""D"": ""none of the other options is correct"", ""E"": ""2""}"	"[""(A) 3"", ""(B) 0"", ""(C) 4"", ""(D) none of the other options is correct"", ""(E) 2""]"	(E) 2	E
0817c937-e467-5896-93e3-58edfa61823c	8	perception	rhythm	relative	rhythm-relative	proportion-recognition		rhythm pattern statistics	How many rhythmic figures with a strict {rhythm_proportion} proportionality are there in the {voice} line?	"[""rhythm_proportion"", ""voice""]"	get_rhythm_pattern_count		rhythm	"{""rhythm_proportion"": ""3:1"", ""voice"": ""soprano""}"	How many rhythmic figures with a strict 3:1 proportionality are there in the soprano line?	Jan_DuGrosserSchmerzensmann	chorale-bricks	Jan_DuGrosserSchmerzensmann	data/chorale-bricks/Jan_DuGrosserSchmerzensmann	2	"[""0"", ""1"", ""3"", ""4""]"	"[""4"", ""0"", ""3"", ""1""]"	symbolic	symbolic.abc.txt	data/chorale-bricks/Jan_DuGrosserSchmerzensmann/symbolic.abc.txt	2	"[""2"", ""none of the other options is correct"", ""4"", ""0"", ""3""]"	0.2	0	"[""A"", ""B"", ""C"", ""D"", ""E""]"	"{""A"": ""4"", ""B"": ""3"", ""C"": ""0"", ""D"": ""none of the other options is correct"", ""E"": ""2""}"	"[""(A) 4"", ""(B) 3"", ""(C) 0"", ""(D) none of the other options is correct"", ""(E) 2""]"	(E) 2	E
dc86ba9b-adf5-5660-8e32-8fda89abdca9	8	perception	rhythm	relative	rhythm-relative	proportion-recognition		rhythm pattern statistics	How many rhythmic figures with a strict {rhythm_proportion} proportionality are there in the {voice} line?	"[""rhythm_proportion"", ""voice""]"	get_rhythm_pattern_count		rhythm	"{""rhythm_proportion"": ""3:1"", ""voice"": ""soprano""}"	How many rhythmic figures with a strict 3:1 proportionality are there in the soprano line?	Jan_DuGrosserSchmerzensmann	chorale-bricks	Jan_DuGrosserSchmerzensmann	data/chorale-bricks/Jan_DuGrosserSchmerzensmann	2	"[""0"", ""1"", ""3"", ""4""]"	"[""4"", ""0"", ""3"", ""1""]"	visual	visual.short.png	data/chorale-bricks/Jan_DuGrosserSchmerzensmann/visual.short.png	2	"[""2"", ""none of the other options is correct"", ""4"", ""0"", ""3""]"	0.2	0	"[""A"", ""B"", ""C"", ""D"", ""E""]"	"{""A"": ""0"", ""B"": ""2"", ""C"": ""3"", ""D"": ""4"", ""E"": ""none of the other options is correct""}"	"[""(A) 0"", ""(B) 2"", ""(C) 3"", ""(D) 4"", ""(E) none of the other options is correct""]"	(B) 2	B
99516e35-66df-579f-b7f4-97d8cfabf445	8	perception	rhythm	relative	rhythm-relative	proportion-recognition		rhythm pattern statistics	How many rhythmic figures with a strict {rhythm_proportion} proportionality are there in the {voice} line?	"[""rhythm_proportion"", ""voice""]"	get_rhythm_pattern_count		rhythm	"{""rhythm_proportion"": ""1:2"", ""voice"": ""soprano""}"	How many rhythmic figures with a strict 1:2 proportionality are there in the soprano line?	Jan_DuGrosserSchmerzensmann	chorale-bricks	Jan_DuGrosserSchmerzensmann	data/chorale-bricks/Jan_DuGrosserSchmerzensmann	14	"[""1"", ""2"", ""3"", ""4""]"	"[""4"", ""2"", ""1"", ""3""]"	audio	audio.mastermix.wav	data/chorale-bricks/Jan_DuGrosserSchmerzensmann/audio.mastermix.wav	14	"[""14"", ""none of the other options is correct"", ""4"", ""2"", ""1""]"	0.2	0	"[""A"", ""B"", ""C"", ""D"", ""E""]"	"{""A"": ""4"", ""B"": ""1"", ""C"": ""14"", ""D"": ""none of the other options is correct"", ""E"": ""2""}"	"[""(A) 4"", ""(B) 1"", ""(C) 14"", ""(D) none of the other options is correct"", ""(E) 2""]"	(C) 14	C
4eea6f62-bda7-5d1e-90fd-3882f1385f49	8	perception	rhythm	relative	rhythm-relative	proportion-recognition		rhythm pattern statistics	How many rhythmic figures with a strict {rhythm_proportion} proportionality are there in the {voice} line?	"[""rhythm_proportion"", ""voice""]"	get_rhythm_pattern_count		rhythm	"{""rhythm_proportion"": ""1:2"", ""voice"": ""soprano""}"	How many rhythmic figures with a strict 1:2 proportionality are there in the soprano line?	Jan_DuGrosserSchmerzensmann	chorale-bricks	Jan_DuGrosserSchmerzensmann	data/chorale-bricks/Jan_DuGrosserSchmerzensmann	14	"[""1"", ""2"", ""3"", ""4""]"	"[""4"", ""2"", ""1"", ""3""]"	symbolic	symbolic.abc.txt	data/chorale-bricks/Jan_DuGrosserSchmerzensmann/symbolic.abc.txt	14	"[""14"", ""none of the other options is correct"", ""4"", ""2"", ""1""]"	0.2	0	"[""A"", ""B"", ""C"", ""D"", ""E""]"	"{""A"": ""4"", ""B"": ""1"", ""C"": ""none of the other options is correct"", ""D"": ""14"", ""E"": ""2""}"	"[""(A) 4"", ""(B) 1"", ""(C) none of the other options is correct"", ""(D) 14"", ""(E) 2""]"	(D) 14	D
a1b463ce-ba71-52fd-97d2-04855b0f3421	8	perception	rhythm	relative	rhythm-relative	proportion-recognition		rhythm pattern statistics	How many rhythmic figures with a strict {rhythm_proportion} proportionality are there in the {voice} line?	"[""rhythm_proportion"", ""voice""]"	get_rhythm_pattern_count		rhythm	"{""rhythm_proportion"": ""1:2"", ""voice"": ""soprano""}"	How many rhythmic figures with a strict 1:2 proportionality are there in the soprano line?	Jan_DuGrosserSchmerzensmann	chorale-bricks	Jan_DuGrosserSchmerzensmann	data/chorale-bricks/Jan_DuGrosserSchmerzensmann	14	"[""1"", ""2"", ""3"", ""4""]"	"[""4"", ""2"", ""1"", ""3""]"	visual	visual.short.png	data/chorale-bricks/Jan_DuGrosserSchmerzensmann/visual.short.png	14	"[""14"", ""none of the other options is correct"", ""4"", ""2"", ""1""]"	0.2	0	"[""A"", ""B"", ""C"", ""D"", ""E""]"	"{""A"": ""none of the other options is correct"", ""B"": ""4"", ""C"": ""1"", ""D"": ""14"", ""E"": ""2""}"	"[""(A) none of the other options is correct"", ""(B) 4"", ""(C) 1"", ""(D) 14"", ""(E) 2""]"	(D) 14	D
996f4e1f-c70a-5063-9abc-0ff76bb438ed	8	perception	rhythm	relative	rhythm-relative	proportion-recognition		rhythm pattern statistics	How many rhythmic figures with a strict {rhythm_proportion} proportionality are there in the {voice} line?	"[""rhythm_proportion"", ""voice""]"	get_rhythm_pattern_count		rhythm	"{""rhythm_proportion"": ""2:1"", ""voice"": ""alto""}"	How many rhythmic figures with a strict 2:1 proportionality are there in the alto line?	Jan_DuGrosserSchmerzensmann	chorale-bricks	Jan_DuGrosserSchmerzensmann	data/chorale-bricks/Jan_DuGrosserSchmerzensmann	13	"[""1"", ""2"", ""3"", ""4""]"	"[""4"", ""3"", ""1"", ""2""]"	audio	audio.mastermix.wav	data/chorale-bricks/Jan_DuGrosserSchmerzensmann/audio.mastermix.wav	13	"[""13"", ""none of the other options is correct"", ""4"", ""3"", ""1""]"	0.2	0	"[""A"", ""B"", ""C"", ""D"", ""E""]"	"{""A"": ""3"", ""B"": ""1"", ""C"": ""4"", ""D"": ""13"", ""E"": ""none of the other options is correct""}"	"[""(A) 3"", ""(B) 1"", ""(C) 4"", ""(D) 13"", ""(E) none of the other options is correct""]"	(D) 13	D
86d6fe7f-a041-556b-abd5-0333d8fb8500	8	perception	rhythm	relative	rhythm-relative	proportion-recognition		rhythm pattern statistics	How many rhythmic figures with a strict {rhythm_proportion} proportionality are there in the {voice} line?	"[""rhythm_proportion"", ""voice""]"	get_rhythm_pattern_count		rhythm	"{""rhythm_proportion"": ""2:1"", ""voice"": ""alto""}"	How many rhythmic figures with a strict 2:1 proportionality are there in the alto line?	Jan_DuGrosserSchmerzensmann	chorale-bricks	Jan_DuGrosserSchmerzensmann	data/chorale-bricks/Jan_DuGrosserSchmerzensmann	13	"[""1"", ""2"", ""3"", ""4""]"	"[""4"", ""3"", ""1"", ""2""]"	symbolic	symbolic.abc.txt	data/chorale-bricks/Jan_DuGrosserSchmerzensmann/symbolic.abc.txt	13	"[""13"", ""none of the other options is correct"", ""4"", ""3"", ""1""]"	0.2	0	"[""A"", ""B"", ""C"", ""D"", ""E""]"	"{""A"": ""1"", ""B"": ""13"", ""C"": ""4"", ""D"": ""3"", ""E"": ""none of the other options is correct""}"	"[""(A) 1"", ""(B) 13"", ""(C) 4"", ""(D) 3"", ""(E) none of the other options is correct""]"	(B) 13	B
7c8cf364-29fc-5095-abf3-9b20a21bab88	8	perception	rhythm	relative	rhythm-relative	proportion-recognition		rhythm pattern statistics	How many rhythmic figures with a strict {rhythm_proportion} proportionality are there in the {voice} line?	"[""rhythm_proportion"", ""voice""]"	get_rhythm_pattern_count		rhythm	"{""rhythm_proportion"": ""2:1"", ""voice"": ""alto""}"	How many rhythmic figures with a strict 2:1 proportionality are there in the alto line?	Jan_DuGrosserSchmerzensmann	chorale-bricks	Jan_DuGrosserSchmerzensmann	data/chorale-bricks/Jan_DuGrosserSchmerzensmann	13	"[""1"", ""2"", ""3"", ""4""]"	"[""4"", ""3"", ""1"", ""2""]"	visual	visual.short.png	data/chorale-bricks/Jan_DuGrosserSchmerzensmann/visual.short.png	13	"[""13"", ""none of the other options is correct"", ""4"", ""3"", ""1""]"	0.2	0	"[""A"", ""B"", ""C"", ""D"", ""E""]"	"{""A"": ""3"", ""B"": ""1"", ""C"": ""13"", ""D"": ""none of the other options is correct"", ""E"": ""4""}"	"[""(A) 3"", ""(B) 1"", ""(C) 13"", ""(D) none of the other options is correct"", ""(E) 4""]"	(C) 13	C
dcb7626a-23b1-5fe3-89af-e196be42573e	8	perception	rhythm	relative	rhythm-relative	proportion-recognition		rhythm pattern statistics	How many rhythmic figures with a strict {rhythm_proportion} proportionality are there in the {voice} line?	"[""rhythm_proportion"", ""voice""]"	get_rhythm_pattern_count		rhythm	"{""rhythm_proportion"": ""1:2"", ""voice"": ""tenor""}"	How many rhythmic figures with a strict 1:2 proportionality are there in the tenor line?	Drese_JesuGehVoran	chorale-bricks	Drese_JesuGehVoran	data/chorale-bricks/Drese_JesuGehVoran	11	"[""0"", ""1"", ""3"", ""4""]"	"[""1"", ""3"", ""0"", ""4""]"	audio	audio.mastermix.wav	data/chorale-bricks/Drese_JesuGehVoran/audio.mastermix.wav	11	"[""11"", ""none of the other options is correct"", ""1"", ""3"", ""0""]"	0.2	0	"[""A"", ""B"", ""C"", ""D"", ""E""]"	"{""A"": ""0"", ""B"": ""none of the other options is correct"", ""C"": ""3"", ""D"": ""1"", ""E"": ""11""}"	"[""(A) 0"", ""(B) none of the other options is correct"", ""(C) 3"", ""(D) 1"", ""(E) 11""]"	(E) 11	E
5d4aae97-d52d-54bb-bc8d-034dd8d87244	8	perception	rhythm	relative	rhythm-relative	proportion-recognition		rhythm pattern statistics	How many rhythmic figures with a strict {rhythm_proportion} proportionality are there in the {voice} line?	"[""rhythm_proportion"", ""voice""]"	get_rhythm_pattern_count		rhythm	"{""rhythm_proportion"": ""1:2"", ""voice"": ""tenor""}"	How many rhythmic figures with a strict 1:2 proportionality are there in the tenor line?	Drese_JesuGehVoran	chorale-bricks	Drese_JesuGehVoran	data/chorale-bricks/Drese_JesuGehVoran	11	"[""0"", ""1"", ""3"", ""4""]"	"[""1"", ""3"", ""0"", ""4""]"	symbolic	symbolic.abc.txt	data/chorale-bricks/Drese_JesuGehVoran/symbolic.abc.txt	none of the other options is correct	"[""none of the other options is correct"", ""1"", ""3"", ""0"", ""4""]"	0.2	1	"[""A"", ""B"", ""C"", ""D"", ""E""]"	"{""A"": ""4"", ""B"": ""0"", ""C"": ""3"", ""D"": ""none of the other options is correct"", ""E"": ""1""}"	"[""(A) 4"", ""(B) 0"", ""(C) 3"", ""(D) none of the other options is correct"", ""(E) 1""]"	(D) none of the other options is correct	D
c5212878-3735-5ffa-a4e4-468aba0d0405	8	perception	rhythm	relative	rhythm-relative	proportion-recognition		rhythm pattern statistics	How many rhythmic figures with a strict {rhythm_proportion} proportionality are there in the {voice} line?	"[""rhythm_proportion"", ""voice""]"	get_rhythm_pattern_count		rhythm	"{""rhythm_proportion"": ""1:2"", ""voice"": ""tenor""}"	How many rhythmic figures with a strict 1:2 proportionality are there in the tenor line?	Drese_JesuGehVoran	chorale-bricks	Drese_JesuGehVoran	data/chorale-bricks/Drese_JesuGehVoran	11	"[""0"", ""1"", ""3"", ""4""]"	"[""1"", ""3"", ""0"", ""4""]"	visual	visual.short.png	data/chorale-bricks/Drese_JesuGehVoran/visual.short.png	11	"[""11"", ""none of the other options is correct"", ""1"", ""3"", ""0""]"	0.2	0	"[""A"", ""B"", ""C"", ""D"", ""E""]"	"{""A"": ""3"", ""B"": ""11"", ""C"": ""1"", ""D"": ""0"", ""E"": ""none of the other options is correct""}"	"[""(A) 3"", ""(B) 11"", ""(C) 1"", ""(D) 0"", ""(E) none of the other options is correct""]"	(B) 11	B
eb26f27b-4533-5174-b563-fc0417a682c2	8	perception	rhythm	relative	rhythm-relative	proportion-recognition		rhythm pattern statistics	How many rhythmic figures with a strict {rhythm_proportion} proportionality are there in the {voice} line?	"[""rhythm_proportion"", ""voice""]"	get_rhythm_pattern_count		rhythm	"{""rhythm_proportion"": ""3:1"", ""voice"": ""alto""}"	How many rhythmic figures with a strict 3:1 proportionality are there in the alto line?	Jan_DuGrosserSchmerzensmann	chorale-bricks	Jan_DuGrosserSchmerzensmann	data/chorale-bricks/Jan_DuGrosserSchmerzensmann	1	"[""0"", ""2"", ""3"", ""4""]"	"[""4"", ""0"", ""2"", ""3""]"	audio	audio.mastermix.wav	data/chorale-bricks/Jan_DuGrosserSchmerzensmann/audio.mastermix.wav	1	"[""1"", ""none of the other options is correct"", ""4"", ""0"", ""2""]"	0.2	0	"[""A"", ""B"", ""C"", ""D"", ""E""]"	"{""A"": ""1"", ""B"": ""0"", ""C"": ""4"", ""D"": ""none of the other options is correct"", ""E"": ""2""}"	"[""(A) 1"", ""(B) 0"", ""(C) 4"", ""(D) none of the other options is correct"", ""(E) 2""]"	(A) 1	A
31c7ab1a-d163-5da3-9026-6a0d050e0555	8	perception	rhythm	relative	rhythm-relative	proportion-recognition		rhythm pattern statistics	How many rhythmic figures with a strict {rhythm_proportion} proportionality are there in the {voice} line?	"[""rhythm_proportion"", ""voice""]"	get_rhythm_pattern_count		rhythm	"{""rhythm_proportion"": ""3:1"", ""voice"": ""alto""}"	How many rhythmic figures with a strict 3:1 proportionality are there in the alto line?	Jan_DuGrosserSchmerzensmann	chorale-bricks	Jan_DuGrosserSchmerzensmann	data/chorale-bricks/Jan_DuGrosserSchmerzensmann	1	"[""0"", ""2"", ""3"", ""4""]"	"[""4"", ""0"", ""2"", ""3""]"	symbolic	symbolic.abc.txt	data/chorale-bricks/Jan_DuGrosserSchmerzensmann/symbolic.abc.txt	none of the other options is correct	"[""none of the other options is correct"", ""4"", ""0"", ""2"", ""3""]"	0.2	1	"[""A"", ""B"", ""C"", ""D"", ""E""]"	"{""A"": ""0"", ""B"": ""3"", ""C"": ""none of the other options is correct"", ""D"": ""4"", ""E"": ""2""}"	"[""(A) 0"", ""(B) 3"", ""(C) none of the other options is correct"", ""(D) 4"", ""(E) 2""]"	(C) none of the other options is correct	C
04018505-bb8c-5fd3-8ea9-85769cccc67a	8	perception	rhythm	relative	rhythm-relative	proportion-recognition		rhythm pattern statistics	How many rhythmic figures with a strict {rhythm_proportion} proportionality are there in the {voice} line?	"[""rhythm_proportion"", ""voice""]"	get_rhythm_pattern_count		rhythm	"{""rhythm_proportion"": ""3:1"", ""voice"": ""alto""}"	How many rhythmic figures with a strict 3:1 proportionality are there in the alto line?	Jan_DuGrosserSchmerzensmann	chorale-bricks	Jan_DuGrosserSchmerzensmann	data/chorale-bricks/Jan_DuGrosserSchmerzensmann	1	"[""0"", ""2"", ""3"", ""4""]"	"[""4"", ""0"", ""2"", ""3""]"	visual	visual.short.png	data/chorale-bricks/Jan_DuGrosserSchmerzensmann/visual.short.png	1	"[""1"", ""none of the other options is correct"", ""4"", ""0"", ""2""]"	0.2	0	"[""A"", ""B"", ""C"", ""D"", ""E""]"	"{""A"": ""4"", ""B"": ""0"", ""C"": ""1"", ""D"": ""none of the other options is correct"", ""E"": ""2""}"	"[""(A) 4"", ""(B) 0"", ""(C) 1"", ""(D) none of the other options is correct"", ""(E) 2""]"	(C) 1	C
f4c63e1b-178b-55d3-8e01-65452bbc5e2c	9	perception	harmony	relative	harmony-relative	harmonic-recognition		tonality recognition	What is the {function} harmony of the primary key of this piece?	"[""function""]"	get_harmonic_tonality			"{""function"": ""relative minor/major""}"	What is the relative minor/major harmony of the primary key of this piece?	Vulpius_DieHelleSonnLeuchtJetztHerfuer	chorale-bricks	Vulpius_DieHelleSonnLeuchtJetztHerfuer	data/chorale-bricks/Vulpius_DieHelleSonnLeuchtJetztHerfuer	B minor	"[""A"", ""D major"", ""D minor"", ""E""]"	"[""E"", ""D minor"", ""D major"", ""A""]"	audio	audio.mastermix.wav	data/chorale-bricks/Vulpius_DieHelleSonnLeuchtJetztHerfuer/audio.mastermix.wav	B minor	"[""B minor"", ""none of the other options is correct"", ""E"", ""D minor"", ""D major""]"	0.2	0	"[""A"", ""B"", ""C"", ""D"", ""E""]"	"{""A"": ""D major"", ""B"": ""E"", ""C"": ""B minor"", ""D"": ""none of the other options is correct"", ""E"": ""D minor""}"	"[""(A) D major"", ""(B) E"", ""(C) B minor"", ""(D) none of the other options is correct"", ""(E) D minor""]"	(C) B minor	C
105198bb-2b5b-5ac5-b343-d3cae14a175f	9	perception	harmony	relative	harmony-relative	harmonic-recognition		tonality recognition	What is the {function} harmony of the primary key of this piece?	"[""function""]"	get_harmonic_tonality			"{""function"": ""relative minor/major""}"	What is the relative minor/major harmony of the primary key of this piece?	Vulpius_DieHelleSonnLeuchtJetztHerfuer	chorale-bricks	Vulpius_DieHelleSonnLeuchtJetztHerfuer	data/chorale-bricks/Vulpius_DieHelleSonnLeuchtJetztHerfuer	B minor	"[""A"", ""D major"", ""D minor"", ""E""]"	"[""E"", ""D minor"", ""D major"", ""A""]"	symbolic	symbolic.abc.txt	data/chorale-bricks/Vulpius_DieHelleSonnLeuchtJetztHerfuer/symbolic.abc.txt	none of the other options is correct	"[""none of the other options is correct"", ""E"", ""D minor"", ""D major"", ""A""]"	0.2	1	"[""A"", ""B"", ""C"", ""D"", ""E""]"	"{""A"": ""none of the other options is correct"", ""B"": ""D minor"", ""C"": ""E"", ""D"": ""D major"", ""E"": ""A""}"	"[""(A) none of the other options is correct"", ""(B) D minor"", ""(C) E"", ""(D) D major"", ""(E) A""]"	(A) none of the other options is correct	A
a891b5d5-c9c9-5842-8bb3-c3710e1c41b5	9	perception	harmony	relative	harmony-relative	harmonic-recognition		tonality recognition	What is the {function} harmony of the primary key of this piece?	"[""function""]"	get_harmonic_tonality			"{""function"": ""relative minor/major""}"	What is the relative minor/major harmony of the primary key of this piece?	Vulpius_DieHelleSonnLeuchtJetztHerfuer	chorale-bricks	Vulpius_DieHelleSonnLeuchtJetztHerfuer	data/chorale-bricks/Vulpius_DieHelleSonnLeuchtJetztHerfuer	B minor	"[""A"", ""D major"", ""D minor"", ""E""]"	"[""E"", ""D minor"", ""D major"", ""A""]"	visual	visual.short.png	data/chorale-bricks/Vulpius_DieHelleSonnLeuchtJetztHerfuer/visual.short.png	none of the other options is correct	"[""none of the other options is correct"", ""E"", ""D minor"", ""D major"", ""A""]"	0.2	1	"[""A"", ""B"", ""C"", ""D"", ""E""]"	"{""A"": ""D major"", ""B"": ""E"", ""C"": ""none of the other options is correct"", ""D"": ""A"", ""E"": ""D minor""}"	"[""(A) D major"", ""(B) E"", ""(C) none of the other options is correct"", ""(D) A"", ""(E) D minor""]"	(C) none of the other options is correct	C
3f202f77-fd12-5d24-bbeb-b634b5b79bca	9	perception	harmony	relative	harmony-relative	harmonic-recognition		tonality recognition	What is the {function} harmony of the primary key of this piece?	"[""function""]"	get_harmonic_tonality			"{""function"": ""tonic""}"	What is the tonic harmony of the primary key of this piece?	Anonymous_AusMeinesHerzensGrunde	chorale-bricks	Anonymous_AusMeinesHerzensGrunde	data/chorale-bricks/Anonymous_AusMeinesHerzensGrunde	G major	"[""B-"", ""D"", ""E minor"", ""G minor""]"	"[""D"", ""E minor"", ""G minor"", ""B-""]"	audio	audio.mastermix.wav	data/chorale-bricks/Anonymous_AusMeinesHerzensGrunde/audio.mastermix.wav	none of the other options is correct	"[""none of the other options is correct"", ""D"", ""E minor"", ""G minor"", ""B-""]"	0.2	1	"[""A"", ""B"", ""C"", ""D"", ""E""]"	"{""A"": ""B-"", ""B"": ""E minor"", ""C"": ""D"", ""D"": ""G minor"", ""E"": ""none of the other options is correct""}"	"[""(A) B-"", ""(B) E minor"", ""(C) D"", ""(D) G minor"", ""(E) none of the other options is correct""]"	(E) none of the other options is correct	E
dd265b0b-2c63-5e85-8c10-85c9b0f03367	9	perception	harmony	relative	harmony-relative	harmonic-recognition		tonality recognition	What is the {function} harmony of the primary key of this piece?	"[""function""]"	get_harmonic_tonality			"{""function"": ""tonic""}"	What is the tonic harmony of the primary key of this piece?	Anonymous_AusMeinesHerzensGrunde	chorale-bricks	Anonymous_AusMeinesHerzensGrunde	data/chorale-bricks/Anonymous_AusMeinesHerzensGrunde	G major	"[""B-"", ""D"", ""E minor"", ""G minor""]"	"[""D"", ""E minor"", ""G minor"", ""B-""]"	symbolic	symbolic.abc.txt	data/chorale-bricks/Anonymous_AusMeinesHerzensGrunde/symbolic.abc.txt	G major	"[""G major"", ""none of the other options is correct"", ""D"", ""E minor"", ""G minor""]"	0.2	0	"[""A"", ""B"", ""C"", ""D"", ""E""]"	"{""A"": ""G minor"", ""B"": ""none of the other options is correct"", ""C"": ""G major"", ""D"": ""E minor"", ""E"": ""D""}"	"[""(A) G minor"", ""(B) none of the other options is correct"", ""(C) G major"", ""(D) E minor"", ""(E) D""]"	(C) G major	C
a6dd40b6-e253-5d34-ad79-dc84933a5251	9	perception	harmony	relative	harmony-relative	harmonic-recognition		tonality recognition	What is the {function} harmony of the primary key of this piece?	"[""function""]"	get_harmonic_tonality			"{""function"": ""tonic""}"	What is the tonic harmony of the primary key of this piece?	Anonymous_AusMeinesHerzensGrunde	chorale-bricks	Anonymous_AusMeinesHerzensGrunde	data/chorale-bricks/Anonymous_AusMeinesHerzensGrunde	G major	"[""B-"", ""D"", ""E minor"", ""G minor""]"	"[""D"", ""E minor"", ""G minor"", ""B-""]"	visual	visual.short.png	data/chorale-bricks/Anonymous_AusMeinesHerzensGrunde/visual.short.png	G major	"[""G major"", ""none of the other options is correct"", ""D"", ""E minor"", ""G minor""]"	0.2	0	"[""A"", ""B"", ""C"", ""D"", ""E""]"	"{""A"": ""E minor"", ""B"": ""D"", ""C"": ""G minor"", ""D"": ""G major"", ""E"": ""none of the other options is correct""}"	"[""(A) E minor"", ""(B) D"", ""(C) G minor"", ""(D) G major"", ""(E) none of the other options is correct""]"	(D) G major	D
e55ec604-b0ce-50ce-8f33-6277398ec219	9	perception	harmony	relative	harmony-relative	harmonic-recognition		tonality recognition	What is the {function} harmony of the primary key of this piece?	"[""function""]"	get_harmonic_tonality			"{""function"": ""tonic""}"	What is the tonic harmony of the primary key of this piece?	Gesius_DuFriedensfuerstHerrJesuChrist	chorale-bricks	Gesius_DuFriedensfuerstHerrJesuChrist	data/chorale-bricks/Gesius_DuFriedensfuerstHerrJesuChrist	F major	"[""B major"", ""C"", ""D minor"", ""G#""]"	"[""B major"", ""G#"", ""C"", ""D minor""]"	audio	audio.mastermix.wav	data/chorale-bricks/Gesius_DuFriedensfuerstHerrJesuChrist/audio.mastermix.wav	F major	"[""F major"", ""none of the other options is correct"", ""B major"", ""G#"", ""C""]"	0.2	0	"[""A"", ""B"", ""C"", ""D"", ""E""]"	"{""A"": ""C"", ""B"": ""F major"", ""C"": ""none of the other options is correct"", ""D"": ""B major"", ""E"": ""G#""}"	"[""(A) C"", ""(B) F major"", ""(C) none of the other options is correct"", ""(D) B major"", ""(E) G#""]"	(B) F major	B
79e427ab-3782-55a8-a558-a85c35e76628	9	perception	harmony	relative	harmony-relative	harmonic-recognition		tonality recognition	What is the {function} harmony of the primary key of this piece?	"[""function""]"	get_harmonic_tonality			"{""function"": ""tonic""}"	What is the tonic harmony of the primary key of this piece?	Gesius_DuFriedensfuerstHerrJesuChrist	chorale-bricks	Gesius_DuFriedensfuerstHerrJesuChrist	data/chorale-bricks/Gesius_DuFriedensfuerstHerrJesuChrist	F major	"[""B major"", ""C"", ""D minor"", ""G#""]"	"[""B major"", ""G#"", ""C"", ""D minor""]"	symbolic	symbolic.abc.txt	data/chorale-bricks/Gesius_DuFriedensfuerstHerrJesuChrist/symbolic.abc.txt	none of the other options is correct	"[""none of the other options is correct"", ""B major"", ""G#"", ""C"", ""D minor""]"	0.2	1	"[""A"", ""B"", ""C"", ""D"", ""E""]"	"{""A"": ""G#"", ""B"": ""D minor"", ""C"": ""B major"", ""D"": ""none of the other options is correct"", ""E"": ""C""}"	"[""(A) G#"", ""(B) D minor"", ""(C) B major"", ""(D) none of the other options is correct"", ""(E) C""]"	(D) none of the other options is correct	D
6aa16c8b-9a31-571e-bc4f-5ab7970a4515	9	perception	harmony	relative	harmony-relative	harmonic-recognition		tonality recognition	What is the {function} harmony of the primary key of this piece?	"[""function""]"	get_harmonic_tonality			"{""function"": ""tonic""}"	What is the tonic harmony of the primary key of this piece?	Gesius_DuFriedensfuerstHerrJesuChrist	chorale-bricks	Gesius_DuFriedensfuerstHerrJesuChrist	data/chorale-bricks/Gesius_DuFriedensfuerstHerrJesuChrist	F major	"[""B major"", ""C"", ""D minor"", ""G#""]"	"[""B major"", ""G#"", ""C"", ""D minor""]"	visual	visual.short.png	data/chorale-bricks/Gesius_DuFriedensfuerstHerrJesuChrist/visual.short.png	F major	"[""F major"", ""none of the other options is correct"", ""B major"", ""G#"", ""C""]"	0.2	0	"[""A"", ""B"", ""C"", ""D"", ""E""]"	"{""A"": ""none of the other options is correct"", ""B"": ""B major"", ""C"": ""F major"", ""D"": ""G#"", ""E"": ""C""}"	"[""(A) none of the other options is correct"", ""(B) B major"", ""(C) F major"", ""(D) G#"", ""(E) C""]"	(C) F major	C
b3a7f86f-48e8-53cd-a744-7d28836bd1f8	9	perception	harmony	relative	harmony-relative	harmonic-recognition		tonality recognition	What is the {function} harmony of the primary key of this piece?	"[""function""]"	get_harmonic_tonality			"{""function"": ""tonic""}"	What is the tonic harmony of the primary key of this piece?	Drese_JesuGehVoran	chorale-bricks	Drese_JesuGehVoran	data/chorale-bricks/Drese_JesuGehVoran	G major	"[""B minor"", ""D"", ""E minor"", ""F# minor""]"	"[""E minor"", ""D"", ""B minor"", ""F# minor""]"	audio	audio.mastermix.wav	data/chorale-bricks/Drese_JesuGehVoran/audio.mastermix.wav	G major	"[""G major"", ""none of the other options is correct"", ""E minor"", ""D"", ""B minor""]"	0.2	0	"[""A"", ""B"", ""C"", ""D"", ""E""]"	"{""A"": ""none of the other options is correct"", ""B"": ""G major"", ""C"": ""D"", ""D"": ""B minor"", ""E"": ""E minor""}"	"[""(A) none of the other options is correct"", ""(B) G major"", ""(C) D"", ""(D) B minor"", ""(E) E minor""]"	(B) G major	B
f14d1e8c-65d1-5280-a488-c32119e719b2	9	perception	harmony	relative	harmony-relative	harmonic-recognition		tonality recognition	What is the {function} harmony of the primary key of this piece?	"[""function""]"	get_harmonic_tonality			"{""function"": ""tonic""}"	What is the tonic harmony of the primary key of this piece?	Drese_JesuGehVoran	chorale-bricks	Drese_JesuGehVoran	data/chorale-bricks/Drese_JesuGehVoran	G major	"[""B minor"", ""D"", ""E minor"", ""F# minor""]"	"[""E minor"", ""D"", ""B minor"", ""F# minor""]"	symbolic	symbolic.abc.txt	data/chorale-bricks/Drese_JesuGehVoran/symbolic.abc.txt	G major	"[""G major"", ""none of the other options is correct"", ""E minor"", ""D"", ""B minor""]"	0.2	0	"[""A"", ""B"", ""C"", ""D"", ""E""]"	"{""A"": ""E minor"", ""B"": ""B minor"", ""C"": ""D"", ""D"": ""G major"", ""E"": ""none of the other options is correct""}"	"[""(A) E minor"", ""(B) B minor"", ""(C) D"", ""(D) G major"", ""(E) none of the other options is correct""]"	(D) G major	D
991887a5-fdc3-5ebf-a892-d0c5add829fc	9	perception	harmony	relative	harmony-relative	harmonic-recognition		tonality recognition	What is the {function} harmony of the primary key of this piece?	"[""function""]"	get_harmonic_tonality			"{""function"": ""tonic""}"	What is the tonic harmony of the primary key of this piece?	Drese_JesuGehVoran	chorale-bricks	Drese_JesuGehVoran	data/chorale-bricks/Drese_JesuGehVoran	G major	"[""B minor"", ""D"", ""E minor"", ""F# minor""]"	"[""E minor"", ""D"", ""B minor"", ""F# minor""]"	visual	visual.short.png	data/chorale-bricks/Drese_JesuGehVoran/visual.short.png	G major	"[""G major"", ""none of the other options is correct"", ""E minor"", ""D"", ""B minor""]"	0.2	0	"[""A"", ""B"", ""C"", ""D"", ""E""]"	"{""A"": ""E minor"", ""B"": ""none of the other options is correct"", ""C"": ""D"", ""D"": ""B minor"", ""E"": ""G major""}"	"[""(A) E minor"", ""(B) none of the other options is correct"", ""(C) D"", ""(D) B minor"", ""(E) G major""]"	(E) G major	E
634d6436-9f84-5d24-8e6b-c8fe541623f9	9	perception	harmony	relative	harmony-relative	harmonic-recognition		tonality recognition	What is the {function} harmony of the primary key of this piece?	"[""function""]"	get_harmonic_tonality			"{""function"": ""tonic""}"	What is the tonic harmony of the primary key of this piece?	Gesius_BefiehlDuDeineWege	chorale-bricks	Gesius_BefiehlDuDeineWege	data/chorale-bricks/Gesius_BefiehlDuDeineWege	D minor	"[""A"", ""B-"", ""F major"", ""G major""]"	"[""A"", ""F major"", ""G major"", ""B-""]"	audio	audio.mastermix.wav	data/chorale-bricks/Gesius_BefiehlDuDeineWege/audio.mastermix.wav	D minor	"[""D minor"", ""none of the other options is correct"", ""A"", ""F major"", ""G major""]"	0.2	0	"[""A"", ""B"", ""C"", ""D"", ""E""]"	"{""A"": ""F major"", ""B"": ""D minor"", ""C"": ""A"", ""D"": ""G major"", ""E"": ""none of the other options is correct""}"	"[""(A) F major"", ""(B) D minor"", ""(C) A"", ""(D) G major"", ""(E) none of the other options is correct""]"	(B) D minor	B
eefa4ebe-d025-57bf-8b1b-4cf5d20525a8	9	perception	harmony	relative	harmony-relative	harmonic-recognition		tonality recognition	What is the {function} harmony of the primary key of this piece?	"[""function""]"	get_harmonic_tonality			"{""function"": ""tonic""}"	What is the tonic harmony of the primary key of this piece?	Gesius_BefiehlDuDeineWege	chorale-bricks	Gesius_BefiehlDuDeineWege	data/chorale-bricks/Gesius_BefiehlDuDeineWege	D minor	"[""A"", ""B-"", ""F major"", ""G major""]"	"[""A"", ""F major"", ""G major"", ""B-""]"	symbolic	symbolic.abc.txt	data/chorale-bricks/Gesius_BefiehlDuDeineWege/symbolic.abc.txt	D minor	"[""D minor"", ""none of the other options is correct"", ""A"", ""F major"", ""G major""]"	0.2	0	"[""A"", ""B"", ""C"", ""D"", ""E""]"	"{""A"": ""G major"", ""B"": ""A"", ""C"": ""F major"", ""D"": ""D minor"", ""E"": ""none of the other options is correct""}"	"[""(A) G major"", ""(B) A"", ""(C) F major"", ""(D) D minor"", ""(E) none of the other options is correct""]"	(D) D minor	D
44c18693-bffe-5094-84c4-b64180cee1a1	9	perception	harmony	relative	harmony-relative	harmonic-recognition		tonality recognition	What is the {function} harmony of the primary key of this piece?	"[""function""]"	get_harmonic_tonality			"{""function"": ""tonic""}"	What is the tonic harmony of the primary key of this piece?	Gesius_BefiehlDuDeineWege	chorale-bricks	Gesius_BefiehlDuDeineWege	data/chorale-bricks/Gesius_BefiehlDuDeineWege	D minor	"[""A"", ""B-"", ""F major"", ""G major""]"	"[""A"", ""F major"", ""G major"", ""B-""]"	visual	visual.short.png	data/chorale-bricks/Gesius_BefiehlDuDeineWege/visual.short.png	D minor	"[""D minor"", ""none of the other options is correct"", ""A"", ""F major"", ""G major""]"	0.2	0	"[""A"", ""B"", ""C"", ""D"", ""E""]"	"{""A"": ""D minor"", ""B"": ""F major"", ""C"": ""A"", ""D"": ""none of the other options is correct"", ""E"": ""G major""}"	"[""(A) D minor"", ""(B) F major"", ""(C) A"", ""(D) none of the other options is correct"", ""(E) G major""]"	(A) D minor	A
8a1c5ec1-e063-5840-85e9-e5bdf0bd8947	9	perception	harmony	relative	harmony-relative	harmonic-recognition		tonality recognition	What is the {function} harmony of the primary key of this piece?	"[""function""]"	get_harmonic_tonality			"{""function"": ""relative minor/major""}"	What is the relative minor/major harmony of the primary key of this piece?	Jan_DuGrosserSchmerzensmann	chorale-bricks	Jan_DuGrosserSchmerzensmann	data/chorale-bricks/Jan_DuGrosserSchmerzensmann	G major	"[""B"", ""C major"", ""E minor"", ""G# minor""]"	"[""C major"", ""B"", ""G# minor"", ""E minor""]"	audio	audio.mastermix.wav	data/chorale-bricks/Jan_DuGrosserSchmerzensmann/audio.mastermix.wav	G major	"[""G major"", ""none of the other options is correct"", ""C major"", ""B"", ""G# minor""]"	0.2	0	"[""A"", ""B"", ""C"", ""D"", ""E""]"	"{""A"": ""G# minor"", ""B"": ""none of the other options is correct"", ""C"": ""G major"", ""D"": ""B"", ""E"": ""C major""}"	"[""(A) G# minor"", ""(B) none of the other options is correct"", ""(C) G major"", ""(D) B"", ""(E) C major""]"	(C) G major	C
26d197b2-0847-5c9a-82cf-e0a768ad7a1a	9	perception	harmony	relative	harmony-relative	harmonic-recognition		tonality recognition	What is the {function} harmony of the primary key of this piece?	"[""function""]"	get_harmonic_tonality			"{""function"": ""relative minor/major""}"	What is the relative minor/major harmony of the primary key of this piece?	Jan_DuGrosserSchmerzensmann	chorale-bricks	Jan_DuGrosserSchmerzensmann	data/chorale-bricks/Jan_DuGrosserSchmerzensmann	G major	"[""B"", ""C major"", ""E minor"", ""G# minor""]"	"[""C major"", ""B"", ""G# minor"", ""E minor""]"	symbolic	symbolic.abc.txt	data/chorale-bricks/Jan_DuGrosserSchmerzensmann/symbolic.abc.txt	none of the other options is correct	"[""none of the other options is correct"", ""C major"", ""B"", ""G# minor"", ""E minor""]"	0.2	1	"[""A"", ""B"", ""C"", ""D"", ""E""]"	"{""A"": ""none of the other options is correct"", ""B"": ""C major"", ""C"": ""G# minor"", ""D"": ""B"", ""E"": ""E minor""}"	"[""(A) none of the other options is correct"", ""(B) C major"", ""(C) G# minor"", ""(D) B"", ""(E) E minor""]"	(A) none of the other options is correct	A
4d38a66a-90c4-5c54-b281-63efc5433119	9	perception	harmony	relative	harmony-relative	harmonic-recognition		tonality recognition	What is the {function} harmony of the primary key of this piece?	"[""function""]"	get_harmonic_tonality			"{""function"": ""relative minor/major""}"	What is the relative minor/major harmony of the primary key of this piece?	Jan_DuGrosserSchmerzensmann	chorale-bricks	Jan_DuGrosserSchmerzensmann	data/chorale-bricks/Jan_DuGrosserSchmerzensmann	G major	"[""B"", ""C major"", ""E minor"", ""G# minor""]"	"[""C major"", ""B"", ""G# minor"", ""E minor""]"	visual	visual.short.png	data/chorale-bricks/Jan_DuGrosserSchmerzensmann/visual.short.png	G major	"[""G major"", ""none of the other options is correct"", ""C major"", ""B"", ""G# minor""]"	0.2	0	"[""A"", ""B"", ""C"", ""D"", ""E""]"	"{""A"": ""B"", ""B"": ""G# minor"", ""C"": ""none of the other options is correct"", ""D"": ""C major"", ""E"": ""G major""}"	"[""(A) B"", ""(B) G# minor"", ""(C) none of the other options is correct"", ""(D) C major"", ""(E) G major""]"	(E) G major	E
f44f2928-4ecb-5e6f-ba18-271cfcb21918	9	perception	harmony	relative	harmony-relative	harmonic-recognition		tonality recognition	What is the {function} harmony of the primary key of this piece?	"[""function""]"	get_harmonic_tonality			"{""function"": ""relative minor/major""}"	What is the relative minor/major harmony of the primary key of this piece?	Bach_IchStehAnDeinerKrippe	chorale-bricks	Bach_IchStehAnDeinerKrippe	data/chorale-bricks/Bach_IchStehAnDeinerKrippe	D major	"[""B minor"", ""F major"", ""F#"", ""G#""]"	"[""G#"", ""F major"", ""B minor"", ""F#""]"	audio	audio.mastermix.wav	data/chorale-bricks/Bach_IchStehAnDeinerKrippe/audio.mastermix.wav	D major	"[""D major"", ""none of the other options is correct"", ""G#"", ""F major"", ""B minor""]"	0.2	0	"[""A"", ""B"", ""C"", ""D"", ""E""]"	"{""A"": ""D major"", ""B"": ""G#"", ""C"": ""none of the other options is correct"", ""D"": ""B minor"", ""E"": ""F major""}"	"[""(A) D major"", ""(B) G#"", ""(C) none of the other options is correct"", ""(D) B minor"", ""(E) F major""]"	(A) D major	A
4f830bc7-8b06-5fb8-94e2-7df9c358df66	9	perception	harmony	relative	harmony-relative	harmonic-recognition		tonality recognition	What is the {function} harmony of the primary key of this piece?	"[""function""]"	get_harmonic_tonality			"{""function"": ""relative minor/major""}"	What is the relative minor/major harmony of the primary key of this piece?	Bach_IchStehAnDeinerKrippe	chorale-bricks	Bach_IchStehAnDeinerKrippe	data/chorale-bricks/Bach_IchStehAnDeinerKrippe	D major	"[""B minor"", ""F major"", ""F#"", ""G#""]"	"[""G#"", ""F major"", ""B minor"", ""F#""]"	symbolic	symbolic.abc.txt	data/chorale-bricks/Bach_IchStehAnDeinerKrippe/symbolic.abc.txt	D major	"[""D major"", ""none of the other options is correct"", ""G#"", ""F major"", ""B minor""]"	0.2	0	"[""A"", ""B"", ""C"", ""D"", ""E""]"	"{""A"": ""D major"", ""B"": ""G#"", ""C"": ""none of the other options is correct"", ""D"": ""F major"", ""E"": ""B minor""}"	"[""(A) D major"", ""(B) G#"", ""(C) none of the other options is correct"", ""(D) F major"", ""(E) B minor""]"	(A) D major	A
90d46f5e-bace-5b77-a221-64e271914ccb	9	perception	harmony	relative	harmony-relative	harmonic-recognition		tonality recognition	What is the {function} harmony of the primary key of this piece?	"[""function""]"	get_harmonic_tonality			"{""function"": ""relative minor/major""}"	What is the relative minor/major harmony of the primary key of this piece?	Bach_IchStehAnDeinerKrippe	chorale-bricks	Bach_IchStehAnDeinerKrippe	data/chorale-bricks/Bach_IchStehAnDeinerKrippe	D major	"[""B minor"", ""F major"", ""F#"", ""G#""]"	"[""G#"", ""F major"", ""B minor"", ""F#""]"	visual	visual.short.png	data/chorale-bricks/Bach_IchStehAnDeinerKrippe/visual.short.png	D major	"[""D major"", ""none of the other options is correct"", ""G#"", ""F major"", ""B minor""]"	0.2	0	"[""A"", ""B"", ""C"", ""D"", ""E""]"	"{""A"": ""none of the other options is correct"", ""B"": ""B minor"", ""C"": ""F major"", ""D"": ""G#"", ""E"": ""D major""}"	"[""(A) none of the other options is correct"", ""(B) B minor"", ""(C) F major"", ""(D) G#"", ""(E) D major""]"	(E) D major	E
5b7852b8-9998-57c0-a45a-9478fa9ef0e6	10	perception	harmony	absolute	harmony-absolute	harmonic-recognition		chord recognition	What is the chord at the {target_index} position considering all the voices?	"[""target_index""]"	get_harmonic_chord			"{""target_index"": ""36th""}"	What is the chord at the 36th position considering all the voices?	Bach_IchStehAnDeinerKrippe	chorale-bricks	Bach_IchStehAnDeinerKrippe	data/chorale-bricks/Bach_IchStehAnDeinerKrippe	major triad	"[""Major Third"", ""diminished triad"", ""incomplete dominant-seventh chord"", ""minor triad"", ""quartal trichord""]"	"[""incomplete dominant-seventh chord"", ""quartal trichord"", ""minor triad"", ""Major Third"", ""diminished triad""]"	audio	audio.mastermix.wav	data/chorale-bricks/Bach_IchStehAnDeinerKrippe/audio.mastermix.wav	major triad	"[""major triad"", ""none of the other options is correct"", ""incomplete dominant-seventh chord"", ""quartal trichord"", ""minor triad""]"	0.2	0	"[""A"", ""B"", ""C"", ""D"", ""E""]"	"{""A"": ""minor triad"", ""B"": ""incomplete dominant-seventh chord"", ""C"": ""major triad"", ""D"": ""none of the other options is correct"", ""E"": ""quartal trichord""}"	"[""(A) minor triad"", ""(B) incomplete dominant-seventh chord"", ""(C) major triad"", ""(D) none of the other options is correct"", ""(E) quartal trichord""]"	(C) major triad	C
afffd0a8-cdf5-5fc9-a5ba-8c1c7ae8538c	10	perception	harmony	absolute	harmony-absolute	harmonic-recognition		chord recognition	What is the chord at the {target_index} position considering all the voices?	"[""target_index""]"	get_harmonic_chord			"{""target_index"": ""36th""}"	What is the chord at the 36th position considering all the voices?	Bach_IchStehAnDeinerKrippe	chorale-bricks	Bach_IchStehAnDeinerKrippe	data/chorale-bricks/Bach_IchStehAnDeinerKrippe	major triad	"[""Major Third"", ""diminished triad"", ""incomplete dominant-seventh chord"", ""minor triad"", ""quartal trichord""]"	"[""incomplete dominant-seventh chord"", ""quartal trichord"", ""minor triad"", ""Major Third"", ""diminished triad""]"	symbolic	symbolic.abc.txt	data/chorale-bricks/Bach_IchStehAnDeinerKrippe/symbolic.abc.txt	major triad	"[""major triad"", ""none of the other options is correct"", ""incomplete dominant-seventh chord"", ""quartal trichord"", ""minor triad""]"	0.2	0	"[""A"", ""B"", ""C"", ""D"", ""E""]"	"{""A"": ""quartal trichord"", ""B"": ""none of the other options is correct"", ""C"": ""major triad"", ""D"": ""incomplete dominant-seventh chord"", ""E"": ""minor triad""}"	"[""(A) quartal trichord"", ""(B) none of the other options is correct"", ""(C) major triad"", ""(D) incomplete dominant-seventh chord"", ""(E) minor triad""]"	(C) major triad	C
29eb521f-7b83-5772-b3ef-da9be8672f62	10	perception	harmony	absolute	harmony-absolute	harmonic-recognition		chord recognition	What is the chord at the {target_index} position considering all the voices?	"[""target_index""]"	get_harmonic_chord			"{""target_index"": ""36th""}"	What is the chord at the 36th position considering all the voices?	Bach_IchStehAnDeinerKrippe	chorale-bricks	Bach_IchStehAnDeinerKrippe	data/chorale-bricks/Bach_IchStehAnDeinerKrippe	major triad	"[""Major Third"", ""diminished triad"", ""incomplete dominant-seventh chord"", ""minor triad"", ""quartal trichord""]"	"[""incomplete dominant-seventh chord"", ""quartal trichord"", ""minor triad"", ""Major Third"", ""diminished triad""]"	visual	visual.short.png	data/chorale-bricks/Bach_IchStehAnDeinerKrippe/visual.short.png	major triad	"[""major triad"", ""none of the other options is correct"", ""incomplete dominant-seventh chord"", ""quartal trichord"", ""minor triad""]"	0.2	0	"[""A"", ""B"", ""C"", ""D"", ""E""]"	"{""A"": ""major triad"", ""B"": ""quartal trichord"", ""C"": ""minor triad"", ""D"": ""none of the other options is correct"", ""E"": ""incomplete dominant-seventh chord""}"	"[""(A) major triad"", ""(B) quartal trichord"", ""(C) minor triad"", ""(D) none of the other options is correct"", ""(E) incomplete dominant-seventh chord""]"	(A) major triad	A
52197c4f-8dc6-5d4a-a6b9-f6178703836a	10	perception	harmony	absolute	harmony-absolute	harmonic-recognition		chord recognition	What is the chord at the {target_index} position considering all the voices?	"[""target_index""]"	get_harmonic_chord			"{""target_index"": ""5th""}"	What is the chord at the 5th position considering all the voices?	Anonymous_AusMeinesHerzensGrunde	chorale-bricks	Anonymous_AusMeinesHerzensGrunde	data/chorale-bricks/Anonymous_AusMeinesHerzensGrunde	quartal trichord	"[""Major Third"", ""diminished triad"", ""incomplete minor-seventh chord"", ""major triad"", ""major-second major tetrachord"", ""minor triad""]"	"[""major-second major tetrachord"", ""diminished triad"", ""Major Third"", ""major triad"", ""minor triad"", ""incomplete minor-seventh chord""]"	audio	audio.mastermix.wav	data/chorale-bricks/Anonymous_AusMeinesHerzensGrunde/audio.mastermix.wav	quartal trichord	"[""quartal trichord"", ""none of the other options is correct"", ""major-second major tetrachord"", ""diminished triad"", ""Major Third""]"	0.2	0	"[""A"", ""B"", ""C"", ""D"", ""E""]"	"{""A"": ""Major Third"", ""B"": ""none of the other options is correct"", ""C"": ""diminished triad"", ""D"": ""major-second major tetrachord"", ""E"": ""quartal trichord""}"	"[""(A) Major Third"", ""(B) none of the other options is correct"", ""(C) diminished triad"", ""(D) major-second major tetrachord"", ""(E) quartal trichord""]"	(E) quartal trichord	E
24afbaa2-7093-54ed-8675-614565200190	10	perception	harmony	absolute	harmony-absolute	harmonic-recognition		chord recognition	What is the chord at the {target_index} position considering all the voices?	"[""target_index""]"	get_harmonic_chord			"{""target_index"": ""5th""}"	What is the chord at the 5th position considering all the voices?	Anonymous_AusMeinesHerzensGrunde	chorale-bricks	Anonymous_AusMeinesHerzensGrunde	data/chorale-bricks/Anonymous_AusMeinesHerzensGrunde	quartal trichord	"[""Major Third"", ""diminished triad"", ""incomplete minor-seventh chord"", ""major triad"", ""major-second major tetrachord"", ""minor triad""]"	"[""major-second major tetrachord"", ""diminished triad"", ""Major Third"", ""major triad"", ""minor triad"", ""incomplete minor-seventh chord""]"	symbolic	symbolic.abc.txt	data/chorale-bricks/Anonymous_AusMeinesHerzensGrunde/symbolic.abc.txt	quartal trichord	"[""quartal trichord"", ""none of the other options is correct"", ""major-second major tetrachord"", ""diminished triad"", ""Major Third""]"	0.2	0	"[""A"", ""B"", ""C"", ""D"", ""E""]"	"{""A"": ""Major Third"", ""B"": ""none of the other options is correct"", ""C"": ""diminished triad"", ""D"": ""major-second major tetrachord"", ""E"": ""quartal trichord""}"	"[""(A) Major Third"", ""(B) none of the other options is correct"", ""(C) diminished triad"", ""(D) major-second major tetrachord"", ""(E) quartal trichord""]"	(E) quartal trichord	E
f41467f3-21d0-5d0b-b7da-a2be63d46dd9	10	perception	harmony	absolute	harmony-absolute	harmonic-recognition		chord recognition	What is the chord at the {target_index} position considering all the voices?	"[""target_index""]"	get_harmonic_chord			"{""target_index"": ""5th""}"	What is the chord at the 5th position considering all the voices?	Anonymous_AusMeinesHerzensGrunde	chorale-bricks	Anonymous_AusMeinesHerzensGrunde	data/chorale-bricks/Anonymous_AusMeinesHerzensGrunde	quartal trichord	"[""Major Third"", ""diminished triad"", ""incomplete minor-seventh chord"", ""major triad"", ""major-second major tetrachord"", ""minor triad""]"	"[""major-second major tetrachord"", ""diminished triad"", ""Major Third"", ""major triad"", ""minor triad"", ""incomplete minor-seventh chord""]"	visual	visual.short.png	data/chorale-bricks/Anonymous_AusMeinesHerzensGrunde/visual.short.png	none of the other options is correct	"[""none of the other options is correct"", ""major-second major tetrachord"", ""diminished triad"", ""Major Third"", ""major triad""]"	0.2	1	"[""A"", ""B"", ""C"", ""D"", ""E""]"	"{""A"": ""major triad"", ""B"": ""Major Third"", ""C"": ""none of the other options is correct"", ""D"": ""diminished triad"", ""E"": ""major-second major tetrachord""}"	"[""(A) major triad"", ""(B) Major Third"", ""(C) none of the other options is correct"", ""(D) diminished triad"", ""(E) major-second major tetrachord""]"	(C) none of the other options is correct	C
a2250f08-9438-59cf-89ea-af5e0feded00	10	perception	harmony	absolute	harmony-absolute	harmonic-recognition		chord recognition	What is the chord at the {target_index} position considering all the voices?	"[""target_index""]"	get_harmonic_chord			"{""target_index"": ""5th""}"	What is the chord at the 5th position considering all the voices?	Gesius_BefiehlDuDeineWege	chorale-bricks	Gesius_BefiehlDuDeineWege	data/chorale-bricks/Gesius_BefiehlDuDeineWege	major triad	"[""Minor Third"", ""major-second minor tetrachord"", ""minor triad"", ""quartal trichord""]"	"[""major-second minor tetrachord"", ""quartal trichord"", ""minor triad"", ""Minor Third""]"	audio	audio.mastermix.wav	data/chorale-bricks/Gesius_BefiehlDuDeineWege/audio.mastermix.wav	none of the other options is correct	"[""none of the other options is correct"", ""major-second minor tetrachord"", ""quartal trichord"", ""minor triad"", ""Minor Third""]"	0.2	1	"[""A"", ""B"", ""C"", ""D"", ""E""]"	"{""A"": ""Minor Third"", ""B"": ""minor triad"", ""C"": ""quartal trichord"", ""D"": ""major-second minor tetrachord"", ""E"": ""none of the other options is correct""}"	"[""(A) Minor Third"", ""(B) minor triad"", ""(C) quartal trichord"", ""(D) major-second minor tetrachord"", ""(E) none of the other options is correct""]"	(E) none of the other options is correct	E
30d1e15c-7a04-5e2a-adda-9c694e931c9e	10	perception	harmony	absolute	harmony-absolute	harmonic-recognition		chord recognition	What is the chord at the {target_index} position considering all the voices?	"[""target_index""]"	get_harmonic_chord			"{""target_index"": ""5th""}"	What is the chord at the 5th position considering all the voices?	Gesius_BefiehlDuDeineWege	chorale-bricks	Gesius_BefiehlDuDeineWege	data/chorale-bricks/Gesius_BefiehlDuDeineWege	major triad	"[""Minor Third"", ""major-second minor tetrachord"", ""minor triad"", ""quartal trichord""]"	"[""major-second minor tetrachord"", ""quartal trichord"", ""minor triad"", ""Minor Third""]"	symbolic	symbolic.abc.txt	data/chorale-bricks/Gesius_BefiehlDuDeineWege/symbolic.abc.txt	major triad	"[""major triad"", ""none of the other options is correct"", ""major-second minor tetrachord"", ""quartal trichord"", ""minor triad""]"	0.2	0	"[""A"", ""B"", ""C"", ""D"", ""E""]"	"{""A"": ""major-second minor tetrachord"", ""B"": ""quartal trichord"", ""C"": ""none of the other options is correct"", ""D"": ""minor triad"", ""E"": ""major triad""}"	"[""(A) major-second minor tetrachord"", ""(B) quartal trichord"", ""(C) none of the other options is correct"", ""(D) minor triad"", ""(E) major triad""]"	(E) major triad	E
26c6e75d-1c37-5025-a857-cb5e78ea5ae3	10	perception	harmony	absolute	harmony-absolute	harmonic-recognition		chord recognition	What is the chord at the {target_index} position considering all the voices?	"[""target_index""]"	get_harmonic_chord			"{""target_index"": ""5th""}"	What is the chord at the 5th position considering all the voices?	Gesius_BefiehlDuDeineWege	chorale-bricks	Gesius_BefiehlDuDeineWege	data/chorale-bricks/Gesius_BefiehlDuDeineWege	major triad	"[""Minor Third"", ""major-second minor tetrachord"", ""minor triad"", ""quartal trichord""]"	"[""major-second minor tetrachord"", ""quartal trichord"", ""minor triad"", ""Minor Third""]"	visual	visual.short.png	data/chorale-bricks/Gesius_BefiehlDuDeineWege/visual.short.png	none of the other options is correct	"[""none of the other options is correct"", ""major-second minor tetrachord"", ""quartal trichord"", ""minor triad"", ""Minor Third""]"	0.2	1	"[""A"", ""B"", ""C"", ""D"", ""E""]"	"{""A"": ""minor triad"", ""B"": ""none of the other options is correct"", ""C"": ""major-second minor tetrachord"", ""D"": ""Minor Third"", ""E"": ""quartal trichord""}"	"[""(A) minor triad"", ""(B) none of the other options is correct"", ""(C) major-second minor tetrachord"", ""(D) Minor Third"", ""(E) quartal trichord""]"	(B) none of the other options is correct	B
dd22d740-59f6-54fd-9f61-ba3611cc575d	10	perception	harmony	absolute	harmony-absolute	harmonic-recognition		chord recognition	What is the chord at the {target_index} position considering all the voices?	"[""target_index""]"	get_harmonic_chord			"{""target_index"": ""24th""}"	What is the chord at the 24th position considering all the voices?	Gesius_DuFriedensfuerstHerrJesuChrist	chorale-bricks	Gesius_DuFriedensfuerstHerrJesuChrist	data/chorale-bricks/Gesius_DuFriedensfuerstHerrJesuChrist	major triad	"[""Major Third"", ""diminished triad"", ""minor triad"", ""quartal trichord""]"	"[""quartal trichord"", ""diminished triad"", ""Major Third"", ""minor triad""]"	audio	audio.mastermix.wav	data/chorale-bricks/Gesius_DuFriedensfuerstHerrJesuChrist/audio.mastermix.wav	major triad	"[""major triad"", ""none of the other options is correct"", ""quartal trichord"", ""diminished triad"", ""Major Third""]"	0.2	0	"[""A"", ""B"", ""C"", ""D"", ""E""]"	"{""A"": ""quartal trichord"", ""B"": ""diminished triad"", ""C"": ""Major Third"", ""D"": ""major triad"", ""E"": ""none of the other options is correct""}"	"[""(A) quartal trichord"", ""(B) diminished triad"", ""(C) Major Third"", ""(D) major triad"", ""(E) none of the other options is correct""]"	(D) major triad	D
7b04a6bd-8b9d-51c6-8602-505bea77c26d	10	perception	harmony	absolute	harmony-absolute	harmonic-recognition		chord recognition	What is the chord at the {target_index} position considering all the voices?	"[""target_index""]"	get_harmonic_chord			"{""target_index"": ""24th""}"	What is the chord at the 24th position considering all the voices?	Gesius_DuFriedensfuerstHerrJesuChrist	chorale-bricks	Gesius_DuFriedensfuerstHerrJesuChrist	data/chorale-bricks/Gesius_DuFriedensfuerstHerrJesuChrist	major triad	"[""Major Third"", ""diminished triad"", ""minor triad"", ""quartal trichord""]"	"[""quartal trichord"", ""diminished triad"", ""Major Third"", ""minor triad""]"	symbolic	symbolic.abc.txt	data/chorale-bricks/Gesius_DuFriedensfuerstHerrJesuChrist/symbolic.abc.txt	none of the other options is correct	"[""none of the other options is correct"", ""quartal trichord"", ""diminished triad"", ""Major Third"", ""minor triad""]"	0.2	1	"[""A"", ""B"", ""C"", ""D"", ""E""]"	"{""A"": ""Major Third"", ""B"": ""minor triad"", ""C"": ""diminished triad"", ""D"": ""quartal trichord"", ""E"": ""none of the other options is correct""}"	"[""(A) Major Third"", ""(B) minor triad"", ""(C) diminished triad"", ""(D) quartal trichord"", ""(E) none of the other options is correct""]"	(E) none of the other options is correct	E
c4d8979f-739d-57e9-91c4-fb4e47573ab2	10	perception	harmony	absolute	harmony-absolute	harmonic-recognition		chord recognition	What is the chord at the {target_index} position considering all the voices?	"[""target_index""]"	get_harmonic_chord			"{""target_index"": ""24th""}"	What is the chord at the 24th position considering all the voices?	Gesius_DuFriedensfuerstHerrJesuChrist	chorale-bricks	Gesius_DuFriedensfuerstHerrJesuChrist	data/chorale-bricks/Gesius_DuFriedensfuerstHerrJesuChrist	major triad	"[""Major Third"", ""diminished triad"", ""minor triad"", ""quartal trichord""]"	"[""quartal trichord"", ""diminished triad"", ""Major Third"", ""minor triad""]"	visual	visual.short.png	data/chorale-bricks/Gesius_DuFriedensfuerstHerrJesuChrist/visual.short.png	none of the other options is correct	"[""none of the other options is correct"", ""quartal trichord"", ""diminished triad"", ""Major Third"", ""minor triad""]"	0.2	1	"[""A"", ""B"", ""C"", ""D"", ""E""]"	"{""A"": ""quartal trichord"", ""B"": ""none of the other options is correct"", ""C"": ""Major Third"", ""D"": ""minor triad"", ""E"": ""diminished triad""}"	"[""(A) quartal trichord"", ""(B) none of the other options is correct"", ""(C) Major Third"", ""(D) minor triad"", ""(E) diminished triad""]"	(B) none of the other options is correct	B
36b85b58-bbd4-5626-88df-0f10b31bc398	10	perception	harmony	absolute	harmony-absolute	harmonic-recognition		chord recognition	What is the chord at the {target_index} position considering all the voices?	"[""target_index""]"	get_harmonic_chord			"{""target_index"": ""16th""}"	What is the chord at the 16th position considering all the voices?	Bach_IchStehAnDeinerKrippe	chorale-bricks	Bach_IchStehAnDeinerKrippe	data/chorale-bricks/Bach_IchStehAnDeinerKrippe	major triad	"[""Major Third"", ""diminished triad"", ""incomplete dominant-seventh chord"", ""minor triad"", ""quartal trichord""]"	"[""quartal trichord"", ""Major Third"", ""diminished triad"", ""minor triad"", ""incomplete dominant-seventh chord""]"	audio	audio.mastermix.wav	data/chorale-bricks/Bach_IchStehAnDeinerKrippe/audio.mastermix.wav	none of the other options is correct	"[""none of the other options is correct"", ""quartal trichord"", ""Major Third"", ""diminished triad"", ""minor triad""]"	0.2	1	"[""A"", ""B"", ""C"", ""D"", ""E""]"	"{""A"": ""quartal trichord"", ""B"": ""Major Third"", ""C"": ""minor triad"", ""D"": ""none of the other options is correct"", ""E"": ""diminished triad""}"	"[""(A) quartal trichord"", ""(B) Major Third"", ""(C) minor triad"", ""(D) none of the other options is correct"", ""(E) diminished triad""]"	(D) none of the other options is correct	D
0431a3de-3654-5884-a419-664be9270bc2	10	perception	harmony	absolute	harmony-absolute	harmonic-recognition		chord recognition	What is the chord at the {target_index} position considering all the voices?	"[""target_index""]"	get_harmonic_chord			"{""target_index"": ""16th""}"	What is the chord at the 16th position considering all the voices?	Bach_IchStehAnDeinerKrippe	chorale-bricks	Bach_IchStehAnDeinerKrippe	data/chorale-bricks/Bach_IchStehAnDeinerKrippe	major triad	"[""Major Third"", ""diminished triad"", ""incomplete dominant-seventh chord"", ""minor triad"", ""quartal trichord""]"	"[""quartal trichord"", ""Major Third"", ""diminished triad"", ""minor triad"", ""incomplete dominant-seventh chord""]"	symbolic	symbolic.abc.txt	data/chorale-bricks/Bach_IchStehAnDeinerKrippe/symbolic.abc.txt	none of the other options is correct	"[""none of the other options is correct"", ""quartal trichord"", ""Major Third"", ""diminished triad"", ""minor triad""]"	0.2	1	"[""A"", ""B"", ""C"", ""D"", ""E""]"	"{""A"": ""none of the other options is correct"", ""B"": ""Major Third"", ""C"": ""minor triad"", ""D"": ""diminished triad"", ""E"": ""quartal trichord""}"	"[""(A) none of the other options is correct"", ""(B) Major Third"", ""(C) minor triad"", ""(D) diminished triad"", ""(E) quartal trichord""]"	(A) none of the other options is correct	A
53305cea-fd15-5f8a-b802-0f2279e32eb1	10	perception	harmony	absolute	harmony-absolute	harmonic-recognition		chord recognition	What is the chord at the {target_index} position considering all the voices?	"[""target_index""]"	get_harmonic_chord			"{""target_index"": ""16th""}"	What is the chord at the 16th position considering all the voices?	Bach_IchStehAnDeinerKrippe	chorale-bricks	Bach_IchStehAnDeinerKrippe	data/chorale-bricks/Bach_IchStehAnDeinerKrippe	major triad	"[""Major Third"", ""diminished triad"", ""incomplete dominant-seventh chord"", ""minor triad"", ""quartal trichord""]"	"[""quartal trichord"", ""Major Third"", ""diminished triad"", ""minor triad"", ""incomplete dominant-seventh chord""]"	visual	visual.short.png	data/chorale-bricks/Bach_IchStehAnDeinerKrippe/visual.short.png	major triad	"[""major triad"", ""none of the other options is correct"", ""quartal trichord"", ""Major Third"", ""diminished triad""]"	0.2	0	"[""A"", ""B"", ""C"", ""D"", ""E""]"	"{""A"": ""diminished triad"", ""B"": ""major triad"", ""C"": ""none of the other options is correct"", ""D"": ""Major Third"", ""E"": ""quartal trichord""}"	"[""(A) diminished triad"", ""(B) major triad"", ""(C) none of the other options is correct"", ""(D) Major Third"", ""(E) quartal trichord""]"	(B) major triad	B
65ed42bb-942f-55b6-b9c4-8c865fc5cca9	10	perception	harmony	absolute	harmony-absolute	harmonic-recognition		chord recognition	What is the chord at the {target_index} position considering all the voices?	"[""target_index""]"	get_harmonic_chord			"{""target_index"": ""9th""}"	What is the chord at the 9th position considering all the voices?	Bach_IchStehAnDeinerKrippe	chorale-bricks	Bach_IchStehAnDeinerKrippe	data/chorale-bricks/Bach_IchStehAnDeinerKrippe	major triad	"[""Major Third"", ""diminished triad"", ""incomplete dominant-seventh chord"", ""minor triad"", ""quartal trichord""]"	"[""Major Third"", ""diminished triad"", ""minor triad"", ""incomplete dominant-seventh chord"", ""quartal trichord""]"	audio	audio.mastermix.wav	data/chorale-bricks/Bach_IchStehAnDeinerKrippe/audio.mastermix.wav	major triad	"[""major triad"", ""none of the other options is correct"", ""Major Third"", ""diminished triad"", ""minor triad""]"	0.2	0	"[""A"", ""B"", ""C"", ""D"", ""E""]"	"{""A"": ""minor triad"", ""B"": ""none of the other options is correct"", ""C"": ""Major Third"", ""D"": ""major triad"", ""E"": ""diminished triad""}"	"[""(A) minor triad"", ""(B) none of the other options is correct"", ""(C) Major Third"", ""(D) major triad"", ""(E) diminished triad""]"	(D) major triad	D
c492ee19-b499-500e-82f6-883d913e6e2f	10	perception	harmony	absolute	harmony-absolute	harmonic-recognition		chord recognition	What is the chord at the {target_index} position considering all the voices?	"[""target_index""]"	get_harmonic_chord			"{""target_index"": ""9th""}"	What is the chord at the 9th position considering all the voices?	Bach_IchStehAnDeinerKrippe	chorale-bricks	Bach_IchStehAnDeinerKrippe	data/chorale-bricks/Bach_IchStehAnDeinerKrippe	major triad	"[""Major Third"", ""diminished triad"", ""incomplete dominant-seventh chord"", ""minor triad"", ""quartal trichord""]"	"[""Major Third"", ""diminished triad"", ""minor triad"", ""incomplete dominant-seventh chord"", ""quartal trichord""]"	symbolic	symbolic.abc.txt	data/chorale-bricks/Bach_IchStehAnDeinerKrippe/symbolic.abc.txt	major triad	"[""major triad"", ""none of the other options is correct"", ""Major Third"", ""diminished triad"", ""minor triad""]"	0.2	0	"[""A"", ""B"", ""C"", ""D"", ""E""]"	"{""A"": ""major triad"", ""B"": ""minor triad"", ""C"": ""diminished triad"", ""D"": ""none of the other options is correct"", ""E"": ""Major Third""}"	"[""(A) major triad"", ""(B) minor triad"", ""(C) diminished triad"", ""(D) none of the other options is correct"", ""(E) Major Third""]"	(A) major triad	A
887b8e72-60c2-5059-9246-2cf51bfd2501	10	perception	harmony	absolute	harmony-absolute	harmonic-recognition		chord recognition	What is the chord at the {target_index} position considering all the voices?	"[""target_index""]"	get_harmonic_chord			"{""target_index"": ""9th""}"	What is the chord at the 9th position considering all the voices?	Bach_IchStehAnDeinerKrippe	chorale-bricks	Bach_IchStehAnDeinerKrippe	data/chorale-bricks/Bach_IchStehAnDeinerKrippe	major triad	"[""Major Third"", ""diminished triad"", ""incomplete dominant-seventh chord"", ""minor triad"", ""quartal trichord""]"	"[""Major Third"", ""diminished triad"", ""minor triad"", ""incomplete dominant-seventh chord"", ""quartal trichord""]"	visual	visual.short.png	data/chorale-bricks/Bach_IchStehAnDeinerKrippe/visual.short.png	none of the other options is correct	"[""none of the other options is correct"", ""Major Third"", ""diminished triad"", ""minor triad"", ""incomplete dominant-seventh chord""]"	0.2	1	"[""A"", ""B"", ""C"", ""D"", ""E""]"	"{""A"": ""Major Third"", ""B"": ""minor triad"", ""C"": ""none of the other options is correct"", ""D"": ""incomplete dominant-seventh chord"", ""E"": ""diminished triad""}"	"[""(A) Major Third"", ""(B) minor triad"", ""(C) none of the other options is correct"", ""(D) incomplete dominant-seventh chord"", ""(E) diminished triad""]"	(C) none of the other options is correct	C
6e512ba4-f413-5f0e-b20f-923cfbf75c9a	10	perception	harmony	absolute	harmony-absolute	harmonic-recognition		chord recognition	What is the chord at the {target_index} position considering all the voices?	"[""target_index""]"	get_harmonic_chord			"{""target_index"": ""61st""}"	What is the chord at the 61st position considering all the voices?	Crueger_AufAufMeinHerzMitFreuden	chorale-bricks	Crueger_AufAufMeinHerzMitFreuden	data/chorale-bricks/Crueger_AufAufMeinHerzMitFreuden	diminished triad	"[""Major Third"", ""Minor Third"", ""incomplete minor-seventh chord"", ""major triad"", ""major-second minor tetrachord"", ""minor triad"", ""perfect-fourth major tetrachord"", ""quartal trichord""]"	"[""incomplete minor-seventh chord"", ""Major Third"", ""quartal trichord"", ""major-second minor tetrachord"", ""major triad"", ""perfect-fourth major tetrachord"", ""minor triad"", ""Minor Third""]"	audio	audio.mastermix.wav	data/chorale-bricks/Crueger_AufAufMeinHerzMitFreuden/audio.mastermix.wav	diminished triad	"[""diminished triad"", ""none of the other options is correct"", ""incomplete minor-seventh chord"", ""Major Third"", ""quartal trichord""]"	0.2	0	"[""A"", ""B"", ""C"", ""D"", ""E""]"	"{""A"": ""diminished triad"", ""B"": ""none of the other options is correct"", ""C"": ""incomplete minor-seventh chord"", ""D"": ""Major Third"", ""E"": ""quartal trichord""}"	"[""(A) diminished triad"", ""(B) none of the other options is correct"", ""(C) incomplete minor-seventh chord"", ""(D) Major Third"", ""(E) quartal trichord""]"	(A) diminished triad	A
05d8d0d0-c1c2-54ad-93bf-e8035a947e9c	10	perception	harmony	absolute	harmony-absolute	harmonic-recognition		chord recognition	What is the chord at the {target_index} position considering all the voices?	"[""target_index""]"	get_harmonic_chord			"{""target_index"": ""61st""}"	What is the chord at the 61st position considering all the voices?	Crueger_AufAufMeinHerzMitFreuden	chorale-bricks	Crueger_AufAufMeinHerzMitFreuden	data/chorale-bricks/Crueger_AufAufMeinHerzMitFreuden	diminished triad	"[""Major Third"", ""Minor Third"", ""incomplete minor-seventh chord"", ""major triad"", ""major-second minor tetrachord"", ""minor triad"", ""perfect-fourth major tetrachord"", ""quartal trichord""]"	"[""incomplete minor-seventh chord"", ""Major Third"", ""quartal trichord"", ""major-second minor tetrachord"", ""major triad"", ""perfect-fourth major tetrachord"", ""minor triad"", ""Minor Third""]"	symbolic	symbolic.abc.txt	data/chorale-bricks/Crueger_AufAufMeinHerzMitFreuden/symbolic.abc.txt	diminished triad	"[""diminished triad"", ""none of the other options is correct"", ""incomplete minor-seventh chord"", ""Major Third"", ""quartal trichord""]"	0.2	0	"[""A"", ""B"", ""C"", ""D"", ""E""]"	"{""A"": ""incomplete minor-seventh chord"", ""B"": ""quartal trichord"", ""C"": ""Major Third"", ""D"": ""diminished triad"", ""E"": ""none of the other options is correct""}"	"[""(A) incomplete minor-seventh chord"", ""(B) quartal trichord"", ""(C) Major Third"", ""(D) diminished triad"", ""(E) none of the other options is correct""]"	(D) diminished triad	D
2b49a834-0f3f-5c24-99e1-01a72b0101ec	10	perception	harmony	absolute	harmony-absolute	harmonic-recognition		chord recognition	What is the chord at the {target_index} position considering all the voices?	"[""target_index""]"	get_harmonic_chord			"{""target_index"": ""61st""}"	What is the chord at the 61st position considering all the voices?	Crueger_AufAufMeinHerzMitFreuden	chorale-bricks	Crueger_AufAufMeinHerzMitFreuden	data/chorale-bricks/Crueger_AufAufMeinHerzMitFreuden	diminished triad	"[""Major Third"", ""Minor Third"", ""incomplete minor-seventh chord"", ""major triad"", ""major-second minor tetrachord"", ""minor triad"", ""perfect-fourth major tetrachord"", ""quartal trichord""]"	"[""incomplete minor-seventh chord"", ""Major Third"", ""quartal trichord"", ""major-second minor tetrachord"", ""major triad"", ""perfect-fourth major tetrachord"", ""minor triad"", ""Minor Third""]"	visual	visual.short.png	data/chorale-bricks/Crueger_AufAufMeinHerzMitFreuden/visual.short.png	diminished triad	"[""diminished triad"", ""none of the other options is correct"", ""incomplete minor-seventh chord"", ""Major Third"", ""quartal trichord""]"	0.2	0	"[""A"", ""B"", ""C"", ""D"", ""E""]"	"{""A"": ""none of the other options is correct"", ""B"": ""incomplete minor-seventh chord"", ""C"": ""quartal trichord"", ""D"": ""diminished triad"", ""E"": ""Major Third""}"	"[""(A) none of the other options is correct"", ""(B) incomplete minor-seventh chord"", ""(C) quartal trichord"", ""(D) diminished triad"", ""(E) Major Third""]"	(D) diminished triad	D
e32275c7-d62b-5205-80cf-0d41c8b67922	11	perception	harmony	relative	harmony-relative	harmonic-recognition		cadence recognition	What is the chord progression between the {target_index} chord and the next one?	"[""target_index""]"	get_harmonic_cadence			"{""target_index"": ""6th""}"	What is the chord progression between the 6th chord and the next one?	Drese_JesuGehVoran	chorale-bricks	Drese_JesuGehVoran	data/chorale-bricks/Drese_JesuGehVoran	vi - V	"[""I - I"", ""I - IV"", ""I - V"", ""I - fI"", ""I - i"", ""I - v"", ""I - vi"", ""II - v"", ""III - III"", ""III - IV"", ""III - VI"", ""III - VII"", ""III - fIII"", ""III - iv"", ""IV - I"", ""IV - V"", ""IV - VII"", ""IV - fIV"", ""IV - i"", ""IV - ii"", ""V - I"", ""V - IV"", ""V - V"", ""V - VI"", ""V - fV"", ""V - i"", ""V - iv"", ""V - v"", ""V - vi"", ""V7 - I"", ""V7 - VI"", ""V7 - fV7"", ""V7 - i"", ""V7 - vi"", ""VI - III"", ""VI - V"", ""VI - VII"", ""VI - fVI"", ""VI - ii"", ""VI - iv"", ""VII - III"", ""VII - IV"", ""VII - VII"", ""VII - i"", ""VII - ii"", ""VII - iv"", ""VII - v"", ""i - I"", ""i - III"", ""i - IV"", ""i - V"", ""i - VI"", ""i - VII"", ""i - fi"", ""i - i"", ""i - iv"", ""ii - III"", ""ii - IV"", ""ii - V"", ""ii - V7"", ""ii - fii"", ""ii - iv"", ""ii - v"", ""ii - vi"", ""ii7 - V"", ""ii7 - fii7"", ""iii - IV"", ""iii - fiii"", ""iii - vi"", ""iv - I"", ""iv - III"", ""iv - V"", ""iv - VII"", ""iv - fiv"", ""iv - i"", ""iv - ii"", ""v - II"", ""v - III"", ""v - IV"", ""v - V"", ""v - VI"", ""v - fv"", ""v - i"", ""v - v"", ""vi - I"", ""vi - fvi"", ""vi - ii"", ""vi - iv"", ""vi - vi"", ""vii - I"", ""vii - fvii"", ""vii - i"", ""vii7 - I"", ""vii7 - fvii7"", ""vii7 - i""]"	"[""V - VI"", ""V - V"", ""ii - iv"", ""VI - iv"", ""vi - I"", ""V - iv"", ""IV - I"", ""V - fV"", ""VII - III"", ""i - I"", ""vii - i"", ""VII - iv"", ""ii - fii"", ""iv - I"", ""VI - VII"", ""V - I"", ""V - v"", ""V7 - i"", ""iv - fiv"", ""vi - fvi"", ""VII - ii"", ""vii7 - fvii7"", ""vi - iv"", ""VII - i"", ""v - IV"", ""i - V"", ""I - IV"", ""IV - ii"", ""ii7 - V"", ""i - VI"", ""VI - V"", ""IV - fIV"", ""I - fI"", ""i - III"", ""VI - ii"", ""i - IV"", ""i - iv"", ""ii - IV"", ""VI - fVI"", ""v - fv"", ""VII - IV"", ""III - IV"", ""I - I"", ""VI - III"", ""I - i"", ""i - VII"", ""V7 - vi"", ""vii7 - i"", ""VII - v"", ""v - v"", ""vi - vi"", ""iv - ii"", ""III - VII"", ""II - v"", ""ii - V7"", ""VII - VII"", ""vii - fvii"", ""ii - v"", ""III - III"", ""v - II"", ""V7 - I"", ""v - VI"", ""IV - VII"", ""v - V"", ""ii - V"", ""IV - i"", ""V - IV"", ""v - i"", ""III - VI"", ""i - fi"", ""vi - ii"", ""iv - V"", ""V7 - fV7"", ""III - iv"", ""V - vi"", ""iii - IV"", ""I - vi"", ""ii7 - fii7"", ""IV - V"", ""iii - fiii"", ""vii - I"", ""iii - vi"", ""ii - vi"", ""III - fIII"", ""iv - VII"", ""i - i"", ""V - i"", ""iv - i"", ""I - v"", ""V7 - VI"", ""vii7 - I"", ""ii - III"", ""I - V"", ""v - III"", ""iv - III""]"	audio	audio.mastermix.wav	data/chorale-bricks/Drese_JesuGehVoran/audio.mastermix.wav	vi - V	"[""vi - V"", ""none of the other options is correct"", ""V - VI"", ""V - V"", ""ii - iv""]"	0.2	0	"[""A"", ""B"", ""C"", ""D"", ""E""]"	"{""A"": ""vi - V"", ""B"": ""none of the other options is correct"", ""C"": ""V - V"", ""D"": ""ii - iv"", ""E"": ""V - VI""}"	"[""(A) vi - V"", ""(B) none of the other options is correct"", ""(C) V - V"", ""(D) ii - iv"", ""(E) V - VI""]"	(A) vi - V	A
0eac2a3c-3eda-5efd-97c9-cf903f4ce84c	11	perception	harmony	relative	harmony-relative	harmonic-recognition		cadence recognition	What is the chord progression between the {target_index} chord and the next one?	"[""target_index""]"	get_harmonic_cadence			"{""target_index"": ""6th""}"	What is the chord progression between the 6th chord and the next one?	Drese_JesuGehVoran	chorale-bricks	Drese_JesuGehVoran	data/chorale-bricks/Drese_JesuGehVoran	vi - V	"[""I - I"", ""I - IV"", ""I - V"", ""I - fI"", ""I - i"", ""I - v"", ""I - vi"", ""II - v"", ""III - III"", ""III - IV"", ""III - VI"", ""III - VII"", ""III - fIII"", ""III - iv"", ""IV - I"", ""IV - V"", ""IV - VII"", ""IV - fIV"", ""IV - i"", ""IV - ii"", ""V - I"", ""V - IV"", ""V - V"", ""V - VI"", ""V - fV"", ""V - i"", ""V - iv"", ""V - v"", ""V - vi"", ""V7 - I"", ""V7 - VI"", ""V7 - fV7"", ""V7 - i"", ""V7 - vi"", ""VI - III"", ""VI - V"", ""VI - VII"", ""VI - fVI"", ""VI - ii"", ""VI - iv"", ""VII - III"", ""VII - IV"", ""VII - VII"", ""VII - i"", ""VII - ii"", ""VII - iv"", ""VII - v"", ""i - I"", ""i - III"", ""i - IV"", ""i - V"", ""i - VI"", ""i - VII"", ""i - fi"", ""i - i"", ""i - iv"", ""ii - III"", ""ii - IV"", ""ii - V"", ""ii - V7"", ""ii - fii"", ""ii - iv"", ""ii - v"", ""ii - vi"", ""ii7 - V"", ""ii7 - fii7"", ""iii - IV"", ""iii - fiii"", ""iii - vi"", ""iv - I"", ""iv - III"", ""iv - V"", ""iv - VII"", ""iv - fiv"", ""iv - i"", ""iv - ii"", ""v - II"", ""v - III"", ""v - IV"", ""v - V"", ""v - VI"", ""v - fv"", ""v - i"", ""v - v"", ""vi - I"", ""vi - fvi"", ""vi - ii"", ""vi - iv"", ""vi - vi"", ""vii - I"", ""vii - fvii"", ""vii - i"", ""vii7 - I"", ""vii7 - fvii7"", ""vii7 - i""]"	"[""V - VI"", ""V - V"", ""ii - iv"", ""VI - iv"", ""vi - I"", ""V - iv"", ""IV - I"", ""V - fV"", ""VII - III"", ""i - I"", ""vii - i"", ""VII - iv"", ""ii - fii"", ""iv - I"", ""VI - VII"", ""V - I"", ""V - v"", ""V7 - i"", ""iv - fiv"", ""vi - fvi"", ""VII - ii"", ""vii7 - fvii7"", ""vi - iv"", ""VII - i"", ""v - IV"", ""i - V"", ""I - IV"", ""IV - ii"", ""ii7 - V"", ""i - VI"", ""VI - V"", ""IV - fIV"", ""I - fI"", ""i - III"", ""VI - ii"", ""i - IV"", ""i - iv"", ""ii - IV"", ""VI - fVI"", ""v - fv"", ""VII - IV"", ""III - IV"", ""I - I"", ""VI - III"", ""I - i"", ""i - VII"", ""V7 - vi"", ""vii7 - i"", ""VII - v"", ""v - v"", ""vi - vi"", ""iv - ii"", ""III - VII"", ""II - v"", ""ii - V7"", ""VII - VII"", ""vii - fvii"", ""ii - v"", ""III - III"", ""v - II"", ""V7 - I"", ""v - VI"", ""IV - VII"", ""v - V"", ""ii - V"", ""IV - i"", ""V - IV"", ""v - i"", ""III - VI"", ""i - fi"", ""vi - ii"", ""iv - V"", ""V7 - fV7"", ""III - iv"", ""V - vi"", ""iii - IV"", ""I - vi"", ""ii7 - fii7"", ""IV - V"", ""iii - fiii"", ""vii - I"", ""iii - vi"", ""ii - vi"", ""III - fIII"", ""iv - VII"", ""i - i"", ""V - i"", ""iv - i"", ""I - v"", ""V7 - VI"", ""vii7 - I"", ""ii - III"", ""I - V"", ""v - III"", ""iv - III""]"	symbolic	symbolic.abc.txt	data/chorale-bricks/Drese_JesuGehVoran/symbolic.abc.txt	none of the other options is correct	"[""none of the other options is correct"", ""V - VI"", ""V - V"", ""ii - iv"", ""VI - iv""]"	0.2	1	"[""A"", ""B"", ""C"", ""D"", ""E""]"	"{""A"": ""V - V"", ""B"": ""ii - iv"", ""C"": ""VI - iv"", ""D"": ""V - VI"", ""E"": ""none of the other options is correct""}"	"[""(A) V - V"", ""(B) ii - iv"", ""(C) VI - iv"", ""(D) V - VI"", ""(E) none of the other options is correct""]"	(E) none of the other options is correct	E
c613ff59-a605-5742-a4ec-f0a2b115d3bf	11	perception	harmony	relative	harmony-relative	harmonic-recognition		cadence recognition	What is the chord progression between the {target_index} chord and the next one?	"[""target_index""]"	get_harmonic_cadence			"{""target_index"": ""6th""}"	What is the chord progression between the 6th chord and the next one?	Drese_JesuGehVoran	chorale-bricks	Drese_JesuGehVoran	data/chorale-bricks/Drese_JesuGehVoran	vi - V	"[""I - I"", ""I - IV"", ""I - V"", ""I - fI"", ""I - i"", ""I - v"", ""I - vi"", ""II - v"", ""III - III"", ""III - IV"", ""III - VI"", ""III - VII"", ""III - fIII"", ""III - iv"", ""IV - I"", ""IV - V"", ""IV - VII"", ""IV - fIV"", ""IV - i"", ""IV - ii"", ""V - I"", ""V - IV"", ""V - V"", ""V - VI"", ""V - fV"", ""V - i"", ""V - iv"", ""V - v"", ""V - vi"", ""V7 - I"", ""V7 - VI"", ""V7 - fV7"", ""V7 - i"", ""V7 - vi"", ""VI - III"", ""VI - V"", ""VI - VII"", ""VI - fVI"", ""VI - ii"", ""VI - iv"", ""VII - III"", ""VII - IV"", ""VII - VII"", ""VII - i"", ""VII - ii"", ""VII - iv"", ""VII - v"", ""i - I"", ""i - III"", ""i - IV"", ""i - V"", ""i - VI"", ""i - VII"", ""i - fi"", ""i - i"", ""i - iv"", ""ii - III"", ""ii - IV"", ""ii - V"", ""ii - V7"", ""ii - fii"", ""ii - iv"", ""ii - v"", ""ii - vi"", ""ii7 - V"", ""ii7 - fii7"", ""iii - IV"", ""iii - fiii"", ""iii - vi"", ""iv - I"", ""iv - III"", ""iv - V"", ""iv - VII"", ""iv - fiv"", ""iv - i"", ""iv - ii"", ""v - II"", ""v - III"", ""v - IV"", ""v - V"", ""v - VI"", ""v - fv"", ""v - i"", ""v - v"", ""vi - I"", ""vi - fvi"", ""vi - ii"", ""vi - iv"", ""vi - vi"", ""vii - I"", ""vii - fvii"", ""vii - i"", ""vii7 - I"", ""vii7 - fvii7"", ""vii7 - i""]"	"[""V - VI"", ""V - V"", ""ii - iv"", ""VI - iv"", ""vi - I"", ""V - iv"", ""IV - I"", ""V - fV"", ""VII - III"", ""i - I"", ""vii - i"", ""VII - iv"", ""ii - fii"", ""iv - I"", ""VI - VII"", ""V - I"", ""V - v"", ""V7 - i"", ""iv - fiv"", ""vi - fvi"", ""VII - ii"", ""vii7 - fvii7"", ""vi - iv"", ""VII - i"", ""v - IV"", ""i - V"", ""I - IV"", ""IV - ii"", ""ii7 - V"", ""i - VI"", ""VI - V"", ""IV - fIV"", ""I - fI"", ""i - III"", ""VI - ii"", ""i - IV"", ""i - iv"", ""ii - IV"", ""VI - fVI"", ""v - fv"", ""VII - IV"", ""III - IV"", ""I - I"", ""VI - III"", ""I - i"", ""i - VII"", ""V7 - vi"", ""vii7 - i"", ""VII - v"", ""v - v"", ""vi - vi"", ""iv - ii"", ""III - VII"", ""II - v"", ""ii - V7"", ""VII - VII"", ""vii - fvii"", ""ii - v"", ""III - III"", ""v - II"", ""V7 - I"", ""v - VI"", ""IV - VII"", ""v - V"", ""ii - V"", ""IV - i"", ""V - IV"", ""v - i"", ""III - VI"", ""i - fi"", ""vi - ii"", ""iv - V"", ""V7 - fV7"", ""III - iv"", ""V - vi"", ""iii - IV"", ""I - vi"", ""ii7 - fii7"", ""IV - V"", ""iii - fiii"", ""vii - I"", ""iii - vi"", ""ii - vi"", ""III - fIII"", ""iv - VII"", ""i - i"", ""V - i"", ""iv - i"", ""I - v"", ""V7 - VI"", ""vii7 - I"", ""ii - III"", ""I - V"", ""v - III"", ""iv - III""]"	visual	visual.short.png	data/chorale-bricks/Drese_JesuGehVoran/visual.short.png	vi - V	"[""vi - V"", ""none of the other options is correct"", ""V - VI"", ""V - V"", ""ii - iv""]"	0.2	0	"[""A"", ""B"", ""C"", ""D"", ""E""]"	"{""A"": ""none of the other options is correct"", ""B"": ""vi - V"", ""C"": ""V - V"", ""D"": ""ii - iv"", ""E"": ""V - VI""}"	"[""(A) none of the other options is correct"", ""(B) vi - V"", ""(C) V - V"", ""(D) ii - iv"", ""(E) V - VI""]"	(B) vi - V	B
600e4ce3-b7a2-590e-a482-2b8a8a8a53a4	11	perception	harmony	relative	harmony-relative	harmonic-recognition		cadence recognition	What is the chord progression between the {target_index} chord and the next one?	"[""target_index""]"	get_harmonic_cadence			"{""target_index"": ""24th""}"	What is the chord progression between the 24th chord and the next one?	Gesius_DuFriedensfuerstHerrJesuChrist	chorale-bricks	Gesius_DuFriedensfuerstHerrJesuChrist	data/chorale-bricks/Gesius_DuFriedensfuerstHerrJesuChrist	I - v	"[""I - I"", ""I - IV"", ""I - V"", ""I - fI"", ""I - i"", ""I - vi"", ""II - v"", ""III - III"", ""III - IV"", ""III - VI"", ""III - VII"", ""III - fIII"", ""III - iv"", ""IV - I"", ""IV - V"", ""IV - VII"", ""IV - fIV"", ""IV - i"", ""IV - ii"", ""V - I"", ""V - IV"", ""V - V"", ""V - VI"", ""V - fV"", ""V - i"", ""V - iv"", ""V - v"", ""V - vi"", ""V7 - I"", ""V7 - VI"", ""V7 - fV7"", ""V7 - i"", ""V7 - vi"", ""VI - III"", ""VI - V"", ""VI - VII"", ""VI - fVI"", ""VI - ii"", ""VI - iv"", ""VII - III"", ""VII - IV"", ""VII - VII"", ""VII - i"", ""VII - ii"", ""VII - iv"", ""VII - v"", ""i - I"", ""i - III"", ""i - IV"", ""i - V"", ""i - VI"", ""i - VII"", ""i - fi"", ""i - i"", ""i - iv"", ""ii - III"", ""ii - IV"", ""ii - V"", ""ii - V7"", ""ii - fii"", ""ii - iv"", ""ii - v"", ""ii - vi"", ""ii7 - V"", ""ii7 - fii7"", ""iii - IV"", ""iii - fiii"", ""iii - vi"", ""iv - I"", ""iv - III"", ""iv - V"", ""iv - VII"", ""iv - fiv"", ""iv - i"", ""iv - ii"", ""v - II"", ""v - III"", ""v - IV"", ""v - V"", ""v - VI"", ""v - fv"", ""v - i"", ""v - v"", ""vi - I"", ""vi - V"", ""vi - fvi"", ""vi - ii"", ""vi - iv"", ""vi - vi"", ""vii - I"", ""vii - fvii"", ""vii - i"", ""vii7 - I"", ""vii7 - fvii7"", ""vii7 - i""]"	"[""V7 - i"", ""i - V"", ""i - VI"", ""vii7 - I"", ""III - fIII"", ""V - IV"", ""iv - fiv"", ""V7 - I"", ""ii - V"", ""VII - v"", ""ii - III"", ""VII - ii"", ""III - VII"", ""VII - IV"", ""i - fi"", ""ii - vi"", ""I - I"", ""vii - i"", ""v - fv"", ""ii - v"", ""VII - i"", ""VI - III"", ""i - i"", ""i - VII"", ""VI - iv"", ""VII - III"", ""iv - ii"", ""vi - iv"", ""I - vi"", ""VI - VII"", ""IV - V"", ""iv - I"", ""V7 - vi"", ""iv - i"", ""v - i"", ""III - VI"", ""vi - vi"", ""iii - vi"", ""V - I"", ""II - v"", ""V7 - VI"", ""vi - V"", ""VII - iv"", ""V - v"", ""V - iv"", ""vi - fvi"", ""ii - IV"", ""vii7 - fvii7"", ""IV - I"", ""ii7 - fii7"", ""I - IV"", ""V7 - fV7"", ""V - V"", ""v - V"", ""III - iv"", ""VI - fVI"", ""v - III"", ""vii - fvii"", ""i - iv"", ""ii - fii"", ""VII - VII"", ""IV - fIV"", ""V - vi"", ""ii7 - V"", ""vii7 - i"", ""IV - VII"", ""iii - IV"", ""iv - III"", ""vii - I"", ""IV - ii"", ""v - II"", ""V - i"", ""III - III"", ""III - IV"", ""v - v"", ""v - VI"", ""V - fV"", ""iv - VII"", ""iii - fiii"", ""VI - V"", ""IV - i"", ""ii - V7"", ""V - VI"", ""i - IV"", ""I - i"", ""VI - ii"", ""vi - ii"", ""iv - V"", ""vi - I"", ""v - IV"", ""i - III"", ""I - fI"", ""I - V"", ""ii - iv"", ""i - I""]"	audio	audio.mastermix.wav	data/chorale-bricks/Gesius_DuFriedensfuerstHerrJesuChrist/audio.mastermix.wav	I - v	"[""I - v"", ""none of the other options is correct"", ""V7 - i"", ""i - V"", ""i - VI""]"	0.2	0	"[""A"", ""B"", ""C"", ""D"", ""E""]"	"{""A"": ""V7 - i"", ""B"": ""none of the other options is correct"", ""C"": ""i - VI"", ""D"": ""I - v"", ""E"": ""i - V""}"	"[""(A) V7 - i"", ""(B) none of the other options is correct"", ""(C) i - VI"", ""(D) I - v"", ""(E) i - V""]"	(D) I - v	D
32c1961c-f035-5782-a74b-3db4044c7afc	11	perception	harmony	relative	harmony-relative	harmonic-recognition		cadence recognition	What is the chord progression between the {target_index} chord and the next one?	"[""target_index""]"	get_harmonic_cadence			"{""target_index"": ""24th""}"	What is the chord progression between the 24th chord and the next one?	Gesius_DuFriedensfuerstHerrJesuChrist	chorale-bricks	Gesius_DuFriedensfuerstHerrJesuChrist	data/chorale-bricks/Gesius_DuFriedensfuerstHerrJesuChrist	I - v	"[""I - I"", ""I - IV"", ""I - V"", ""I - fI"", ""I - i"", ""I - vi"", ""II - v"", ""III - III"", ""III - IV"", ""III - VI"", ""III - VII"", ""III - fIII"", ""III - iv"", ""IV - I"", ""IV - V"", ""IV - VII"", ""IV - fIV"", ""IV - i"", ""IV - ii"", ""V - I"", ""V - IV"", ""V - V"", ""V - VI"", ""V - fV"", ""V - i"", ""V - iv"", ""V - v"", ""V - vi"", ""V7 - I"", ""V7 - VI"", ""V7 - fV7"", ""V7 - i"", ""V7 - vi"", ""VI - III"", ""VI - V"", ""VI - VII"", ""VI - fVI"", ""VI - ii"", ""VI - iv"", ""VII - III"", ""VII - IV"", ""VII - VII"", ""VII - i"", ""VII - ii"", ""VII - iv"", ""VII - v"", ""i - I"", ""i - III"", ""i - IV"", ""i - V"", ""i - VI"", ""i - VII"", ""i - fi"", ""i - i"", ""i - iv"", ""ii - III"", ""ii - IV"", ""ii - V"", ""ii - V7"", ""ii - fii"", ""ii - iv"", ""ii - v"", ""ii - vi"", ""ii7 - V"", ""ii7 - fii7"", ""iii - IV"", ""iii - fiii"", ""iii - vi"", ""iv - I"", ""iv - III"", ""iv - V"", ""iv - VII"", ""iv - fiv"", ""iv - i"", ""iv - ii"", ""v - II"", ""v - III"", ""v - IV"", ""v - V"", ""v - VI"", ""v - fv"", ""v - i"", ""v - v"", ""vi - I"", ""vi - V"", ""vi - fvi"", ""vi - ii"", ""vi - iv"", ""vi - vi"", ""vii - I"", ""vii - fvii"", ""vii - i"", ""vii7 - I"", ""vii7 - fvii7"", ""vii7 - i""]"	"[""V7 - i"", ""i - V"", ""i - VI"", ""vii7 - I"", ""III - fIII"", ""V - IV"", ""iv - fiv"", ""V7 - I"", ""ii - V"", ""VII - v"", ""ii - III"", ""VII - ii"", ""III - VII"", ""VII - IV"", ""i - fi"", ""ii - vi"", ""I - I"", ""vii - i"", ""v - fv"", ""ii - v"", ""VII - i"", ""VI - III"", ""i - i"", ""i - VII"", ""VI - iv"", ""VII - III"", ""iv - ii"", ""vi - iv"", ""I - vi"", ""VI - VII"", ""IV - V"", ""iv - I"", ""V7 - vi"", ""iv - i"", ""v - i"", ""III - VI"", ""vi - vi"", ""iii - vi"", ""V - I"", ""II - v"", ""V7 - VI"", ""vi - V"", ""VII - iv"", ""V - v"", ""V - iv"", ""vi - fvi"", ""ii - IV"", ""vii7 - fvii7"", ""IV - I"", ""ii7 - fii7"", ""I - IV"", ""V7 - fV7"", ""V - V"", ""v - V"", ""III - iv"", ""VI - fVI"", ""v - III"", ""vii - fvii"", ""i - iv"", ""ii - fii"", ""VII - VII"", ""IV - fIV"", ""V - vi"", ""ii7 - V"", ""vii7 - i"", ""IV - VII"", ""iii - IV"", ""iv - III"", ""vii - I"", ""IV - ii"", ""v - II"", ""V - i"", ""III - III"", ""III - IV"", ""v - v"", ""v - VI"", ""V - fV"", ""iv - VII"", ""iii - fiii"", ""VI - V"", ""IV - i"", ""ii - V7"", ""V - VI"", ""i - IV"", ""I - i"", ""VI - ii"", ""vi - ii"", ""iv - V"", ""vi - I"", ""v - IV"", ""i - III"", ""I - fI"", ""I - V"", ""ii - iv"", ""i - I""]"	symbolic	symbolic.abc.txt	data/chorale-bricks/Gesius_DuFriedensfuerstHerrJesuChrist/symbolic.abc.txt	I - v	"[""I - v"", ""none of the other options is correct"", ""V7 - i"", ""i - V"", ""i - VI""]"	0.2	0	"[""A"", ""B"", ""C"", ""D"", ""E""]"	"{""A"": ""i - V"", ""B"": ""V7 - i"", ""C"": ""I - v"", ""D"": ""none of the other options is correct"", ""E"": ""i - VI""}"	"[""(A) i - V"", ""(B) V7 - i"", ""(C) I - v"", ""(D) none of the other options is correct"", ""(E) i - VI""]"	(C) I - v	C
203ddab9-afa5-566b-8209-8dcedeaf0a0c	11	perception	harmony	relative	harmony-relative	harmonic-recognition		cadence recognition	What is the chord progression between the {target_index} chord and the next one?	"[""target_index""]"	get_harmonic_cadence			"{""target_index"": ""24th""}"	What is the chord progression between the 24th chord and the next one?	Gesius_DuFriedensfuerstHerrJesuChrist	chorale-bricks	Gesius_DuFriedensfuerstHerrJesuChrist	data/chorale-bricks/Gesius_DuFriedensfuerstHerrJesuChrist	I - v	"[""I - I"", ""I - IV"", ""I - V"", ""I - fI"", ""I - i"", ""I - vi"", ""II - v"", ""III - III"", ""III - IV"", ""III - VI"", ""III - VII"", ""III - fIII"", ""III - iv"", ""IV - I"", ""IV - V"", ""IV - VII"", ""IV - fIV"", ""IV - i"", ""IV - ii"", ""V - I"", ""V - IV"", ""V - V"", ""V - VI"", ""V - fV"", ""V - i"", ""V - iv"", ""V - v"", ""V - vi"", ""V7 - I"", ""V7 - VI"", ""V7 - fV7"", ""V7 - i"", ""V7 - vi"", ""VI - III"", ""VI - V"", ""VI - VII"", ""VI - fVI"", ""VI - ii"", ""VI - iv"", ""VII - III"", ""VII - IV"", ""VII - VII"", ""VII - i"", ""VII - ii"", ""VII - iv"", ""VII - v"", ""i - I"", ""i - III"", ""i - IV"", ""i - V"", ""i - VI"", ""i - VII"", ""i - fi"", ""i - i"", ""i - iv"", ""ii - III"", ""ii - IV"", ""ii - V"", ""ii - V7"", ""ii - fii"", ""ii - iv"", ""ii - v"", ""ii - vi"", ""ii7 - V"", ""ii7 - fii7"", ""iii - IV"", ""iii - fiii"", ""iii - vi"", ""iv - I"", ""iv - III"", ""iv - V"", ""iv - VII"", ""iv - fiv"", ""iv - i"", ""iv - ii"", ""v - II"", ""v - III"", ""v - IV"", ""v - V"", ""v - VI"", ""v - fv"", ""v - i"", ""v - v"", ""vi - I"", ""vi - V"", ""vi - fvi"", ""vi - ii"", ""vi - iv"", ""vi - vi"", ""vii - I"", ""vii - fvii"", ""vii - i"", ""vii7 - I"", ""vii7 - fvii7"", ""vii7 - i""]"	"[""V7 - i"", ""i - V"", ""i - VI"", ""vii7 - I"", ""III - fIII"", ""V - IV"", ""iv - fiv"", ""V7 - I"", ""ii - V"", ""VII - v"", ""ii - III"", ""VII - ii"", ""III - VII"", ""VII - IV"", ""i - fi"", ""ii - vi"", ""I - I"", ""vii - i"", ""v - fv"", ""ii - v"", ""VII - i"", ""VI - III"", ""i - i"", ""i - VII"", ""VI - iv"", ""VII - III"", ""iv - ii"", ""vi - iv"", ""I - vi"", ""VI - VII"", ""IV - V"", ""iv - I"", ""V7 - vi"", ""iv - i"", ""v - i"", ""III - VI"", ""vi - vi"", ""iii - vi"", ""V - I"", ""II - v"", ""V7 - VI"", ""vi - V"", ""VII - iv"", ""V - v"", ""V - iv"", ""vi - fvi"", ""ii - IV"", ""vii7 - fvii7"", ""IV - I"", ""ii7 - fii7"", ""I - IV"", ""V7 - fV7"", ""V - V"", ""v - V"", ""III - iv"", ""VI - fVI"", ""v - III"", ""vii - fvii"", ""i - iv"", ""ii - fii"", ""VII - VII"", ""IV - fIV"", ""V - vi"", ""ii7 - V"", ""vii7 - i"", ""IV - VII"", ""iii - IV"", ""iv - III"", ""vii - I"", ""IV - ii"", ""v - II"", ""V - i"", ""III - III"", ""III - IV"", ""v - v"", ""v - VI"", ""V - fV"", ""iv - VII"", ""iii - fiii"", ""VI - V"", ""IV - i"", ""ii - V7"", ""V - VI"", ""i - IV"", ""I - i"", ""VI - ii"", ""vi - ii"", ""iv - V"", ""vi - I"", ""v - IV"", ""i - III"", ""I - fI"", ""I - V"", ""ii - iv"", ""i - I""]"	visual	visual.short.png	data/chorale-bricks/Gesius_DuFriedensfuerstHerrJesuChrist/visual.short.png	I - v	"[""I - v"", ""none of the other options is correct"", ""V7 - i"", ""i - V"", ""i - VI""]"	0.2	0	"[""A"", ""B"", ""C"", ""D"", ""E""]"	"{""A"": ""none of the other options is correct"", ""B"": ""I - v"", ""C"": ""i - V"", ""D"": ""i - VI"", ""E"": ""V7 - i""}"	"[""(A) none of the other options is correct"", ""(B) I - v"", ""(C) i - V"", ""(D) i - VI"", ""(E) V7 - i""]"	(B) I - v	B
c6b22887-8a17-531b-9547-9c842983bad2	11	perception	harmony	relative	harmony-relative	harmonic-recognition		cadence recognition	What is the chord progression between the {target_index} chord and the next one?	"[""target_index""]"	get_harmonic_cadence			"{""target_index"": ""48th""}"	What is the chord progression between the 48th chord and the next one?	Anonymous_AusMeinesHerzensGrunde	chorale-bricks	Anonymous_AusMeinesHerzensGrunde	data/chorale-bricks/Anonymous_AusMeinesHerzensGrunde	I - I	"[""I - IV"", ""I - V"", ""I - fI"", ""I - i"", ""I - v"", ""I - vi"", ""II - v"", ""III - III"", ""III - IV"", ""III - VI"", ""III - VII"", ""III - fIII"", ""III - iv"", ""IV - I"", ""IV - V"", ""IV - VII"", ""IV - fIV"", ""IV - i"", ""IV - ii"", ""V - I"", ""V - IV"", ""V - V"", ""V - VI"", ""V - fV"", ""V - i"", ""V - iv"", ""V - v"", ""V - vi"", ""V7 - I"", ""V7 - VI"", ""V7 - fV7"", ""V7 - i"", ""V7 - vi"", ""VI - III"", ""VI - V"", ""VI - VII"", ""VI - fVI"", ""VI - ii"", ""VI - iv"", ""VII - III"", ""VII - IV"", ""VII - VII"", ""VII - i"", ""VII - ii"", ""VII - iv"", ""VII - v"", ""i - I"", ""i - III"", ""i - IV"", ""i - V"", ""i - VI"", ""i - VII"", ""i - fi"", ""i - i"", ""i - iv"", ""ii - III"", ""ii - IV"", ""ii - V"", ""ii - V7"", ""ii - fii"", ""ii - iv"", ""ii - v"", ""ii - vi"", ""ii7 - V"", ""ii7 - fii7"", ""iii - IV"", ""iii - fiii"", ""iii - vi"", ""iv - I"", ""iv - III"", ""iv - V"", ""iv - VII"", ""iv - fiv"", ""iv - i"", ""iv - ii"", ""v - II"", ""v - III"", ""v - IV"", ""v - V"", ""v - VI"", ""v - fv"", ""v - i"", ""v - v"", ""vi - I"", ""vi - V"", ""vi - fvi"", ""vi - ii"", ""vi - iv"", ""vi - vi"", ""vii - I"", ""vii - fvii"", ""vii - i"", ""vii7 - I"", ""vii7 - fvii7"", ""vii7 - i""]"	"[""i - I"", ""ii - iv"", ""VI - iv"", ""V7 - fV7"", ""I - fI"", ""V - V"", ""iv - ii"", ""III - VI"", ""ii - vi"", ""vii7 - i"", ""III - fIII"", ""VI - III"", ""ii - fii"", ""I - IV"", ""vii - I"", ""I - i"", ""VII - III"", ""V - vi"", ""VII - v"", ""III - VII"", ""V - VI"", ""ii - v"", ""VII - IV"", ""vi - fvi"", ""i - VII"", ""IV - I"", ""IV - VII"", ""I - v"", ""VII - i"", ""I - V"", ""iv - fiv"", ""vi - V"", ""ii - III"", ""vi - iv"", ""III - III"", ""ii7 - fii7"", ""VII - VII"", ""V - v"", ""iii - vi"", ""ii - V"", ""ii - IV"", ""ii7 - V"", ""v - V"", ""iii - IV"", ""iv - VII"", ""I - vi"", ""v - v"", ""V7 - i"", ""IV - fIV"", ""V - iv"", ""VI - fVI"", ""vi - vi"", ""v - fv"", ""iv - i"", ""V7 - VI"", ""IV - i"", ""i - VI"", ""i - V"", ""IV - ii"", ""i - i"", ""v - II"", ""III - IV"", ""i - iv"", ""i - fi"", ""iii - fiii"", ""v - i"", ""v - III"", ""v - VI"", ""VI - V"", ""i - IV"", ""VII - ii"", ""iv - III"", ""i - III"", ""V - i"", ""vi - ii"", ""vii7 - I"", ""ii - V7"", ""vi - I"", ""VII - iv"", ""IV - V"", ""V7 - vi"", ""II - v"", ""V - fV"", ""V7 - I"", ""V - I"", ""III - iv"", ""VI - VII"", ""v - IV"", ""vii7 - fvii7"", ""V - IV"", ""iv - I"", ""iv - V"", ""vii - fvii"", ""vii - i"", ""VI - ii""]"	audio	audio.mastermix.wav	data/chorale-bricks/Anonymous_AusMeinesHerzensGrunde/audio.mastermix.wav	I - I	"[""I - I"", ""none of the other options is correct"", ""i - I"", ""ii - iv"", ""VI - iv""]"	0.2	0	"[""A"", ""B"", ""C"", ""D"", ""E""]"	"{""A"": ""none of the other options is correct"", ""B"": ""I - I"", ""C"": ""VI - iv"", ""D"": ""i - I"", ""E"": ""ii - iv""}"	"[""(A) none of the other options is correct"", ""(B) I - I"", ""(C) VI - iv"", ""(D) i - I"", ""(E) ii - iv""]"	(B) I - I	B
a5a602e3-aa68-5f15-b941-2a6e82b8e5a1	11	perception	harmony	relative	harmony-relative	harmonic-recognition		cadence recognition	What is the chord progression between the {target_index} chord and the next one?	"[""target_index""]"	get_harmonic_cadence			"{""target_index"": ""48th""}"	What is the chord progression between the 48th chord and the next one?	Anonymous_AusMeinesHerzensGrunde	chorale-bricks	Anonymous_AusMeinesHerzensGrunde	data/chorale-bricks/Anonymous_AusMeinesHerzensGrunde	I - I	"[""I - IV"", ""I - V"", ""I - fI"", ""I - i"", ""I - v"", ""I - vi"", ""II - v"", ""III - III"", ""III - IV"", ""III - VI"", ""III - VII"", ""III - fIII"", ""III - iv"", ""IV - I"", ""IV - V"", ""IV - VII"", ""IV - fIV"", ""IV - i"", ""IV - ii"", ""V - I"", ""V - IV"", ""V - V"", ""V - VI"", ""V - fV"", ""V - i"", ""V - iv"", ""V - v"", ""V - vi"", ""V7 - I"", ""V7 - VI"", ""V7 - fV7"", ""V7 - i"", ""V7 - vi"", ""VI - III"", ""VI - V"", ""VI - VII"", ""VI - fVI"", ""VI - ii"", ""VI - iv"", ""VII - III"", ""VII - IV"", ""VII - VII"", ""VII - i"", ""VII - ii"", ""VII - iv"", ""VII - v"", ""i - I"", ""i - III"", ""i - IV"", ""i - V"", ""i - VI"", ""i - VII"", ""i - fi"", ""i - i"", ""i - iv"", ""ii - III"", ""ii - IV"", ""ii - V"", ""ii - V7"", ""ii - fii"", ""ii - iv"", ""ii - v"", ""ii - vi"", ""ii7 - V"", ""ii7 - fii7"", ""iii - IV"", ""iii - fiii"", ""iii - vi"", ""iv - I"", ""iv - III"", ""iv - V"", ""iv - VII"", ""iv - fiv"", ""iv - i"", ""iv - ii"", ""v - II"", ""v - III"", ""v - IV"", ""v - V"", ""v - VI"", ""v - fv"", ""v - i"", ""v - v"", ""vi - I"", ""vi - V"", ""vi - fvi"", ""vi - ii"", ""vi - iv"", ""vi - vi"", ""vii - I"", ""vii - fvii"", ""vii - i"", ""vii7 - I"", ""vii7 - fvii7"", ""vii7 - i""]"	"[""i - I"", ""ii - iv"", ""VI - iv"", ""V7 - fV7"", ""I - fI"", ""V - V"", ""iv - ii"", ""III - VI"", ""ii - vi"", ""vii7 - i"", ""III - fIII"", ""VI - III"", ""ii - fii"", ""I - IV"", ""vii - I"", ""I - i"", ""VII - III"", ""V - vi"", ""VII - v"", ""III - VII"", ""V - VI"", ""ii - v"", ""VII - IV"", ""vi - fvi"", ""i - VII"", ""IV - I"", ""IV - VII"", ""I - v"", ""VII - i"", ""I - V"", ""iv - fiv"", ""vi - V"", ""ii - III"", ""vi - iv"", ""III - III"", ""ii7 - fii7"", ""VII - VII"", ""V - v"", ""iii - vi"", ""ii - V"", ""ii - IV"", ""ii7 - V"", ""v - V"", ""iii - IV"", ""iv - VII"", ""I - vi"", ""v - v"", ""V7 - i"", ""IV - fIV"", ""V - iv"", ""VI - fVI"", ""vi - vi"", ""v - fv"", ""iv - i"", ""V7 - VI"", ""IV - i"", ""i - VI"", ""i - V"", ""IV - ii"", ""i - i"", ""v - II"", ""III - IV"", ""i - iv"", ""i - fi"", ""iii - fiii"", ""v - i"", ""v - III"", ""v - VI"", ""VI - V"", ""i - IV"", ""VII - ii"", ""iv - III"", ""i - III"", ""V - i"", ""vi - ii"", ""vii7 - I"", ""ii - V7"", ""vi - I"", ""VII - iv"", ""IV - V"", ""V7 - vi"", ""II - v"", ""V - fV"", ""V7 - I"", ""V - I"", ""III - iv"", ""VI - VII"", ""v - IV"", ""vii7 - fvii7"", ""V - IV"", ""iv - I"", ""iv - V"", ""vii - fvii"", ""vii - i"", ""VI - ii""]"	symbolic	symbolic.abc.txt	data/chorale-bricks/Anonymous_AusMeinesHerzensGrunde/symbolic.abc.txt	none of the other options is correct	"[""none of the other options is correct"", ""i - I"", ""ii - iv"", ""VI - iv"", ""V7 - fV7""]"	0.2	1	"[""A"", ""B"", ""C"", ""D"", ""E""]"	"{""A"": ""ii - iv"", ""B"": ""VI - iv"", ""C"": ""none of the other options is correct"", ""D"": ""i - I"", ""E"": ""V7 - fV7""}"	"[""(A) ii - iv"", ""(B) VI - iv"", ""(C) none of the other options is correct"", ""(D) i - I"", ""(E) V7 - fV7""]"	(C) none of the other options is correct	C
342ed779-21b5-5998-a616-289e31778d01	11	perception	harmony	relative	harmony-relative	harmonic-recognition		cadence recognition	What is the chord progression between the {target_index} chord and the next one?	"[""target_index""]"	get_harmonic_cadence			"{""target_index"": ""48th""}"	What is the chord progression between the 48th chord and the next one?	Anonymous_AusMeinesHerzensGrunde	chorale-bricks	Anonymous_AusMeinesHerzensGrunde	data/chorale-bricks/Anonymous_AusMeinesHerzensGrunde	I - I	"[""I - IV"", ""I - V"", ""I - fI"", ""I - i"", ""I - v"", ""I - vi"", ""II - v"", ""III - III"", ""III - IV"", ""III - VI"", ""III - VII"", ""III - fIII"", ""III - iv"", ""IV - I"", ""IV - V"", ""IV - VII"", ""IV - fIV"", ""IV - i"", ""IV - ii"", ""V - I"", ""V - IV"", ""V - V"", ""V - VI"", ""V - fV"", ""V - i"", ""V - iv"", ""V - v"", ""V - vi"", ""V7 - I"", ""V7 - VI"", ""V7 - fV7"", ""V7 - i"", ""V7 - vi"", ""VI - III"", ""VI - V"", ""VI - VII"", ""VI - fVI"", ""VI - ii"", ""VI - iv"", ""VII - III"", ""VII - IV"", ""VII - VII"", ""VII - i"", ""VII - ii"", ""VII - iv"", ""VII - v"", ""i - I"", ""i - III"", ""i - IV"", ""i - V"", ""i - VI"", ""i - VII"", ""i - fi"", ""i - i"", ""i - iv"", ""ii - III"", ""ii - IV"", ""ii - V"", ""ii - V7"", ""ii - fii"", ""ii - iv"", ""ii - v"", ""ii - vi"", ""ii7 - V"", ""ii7 - fii7"", ""iii - IV"", ""iii - fiii"", ""iii - vi"", ""iv - I"", ""iv - III"", ""iv - V"", ""iv - VII"", ""iv - fiv"", ""iv - i"", ""iv - ii"", ""v - II"", ""v - III"", ""v - IV"", ""v - V"", ""v - VI"", ""v - fv"", ""v - i"", ""v - v"", ""vi - I"", ""vi - V"", ""vi - fvi"", ""vi - ii"", ""vi - iv"", ""vi - vi"", ""vii - I"", ""vii - fvii"", ""vii - i"", ""vii7 - I"", ""vii7 - fvii7"", ""vii7 - i""]"	"[""i - I"", ""ii - iv"", ""VI - iv"", ""V7 - fV7"", ""I - fI"", ""V - V"", ""iv - ii"", ""III - VI"", ""ii - vi"", ""vii7 - i"", ""III - fIII"", ""VI - III"", ""ii - fii"", ""I - IV"", ""vii - I"", ""I - i"", ""VII - III"", ""V - vi"", ""VII - v"", ""III - VII"", ""V - VI"", ""ii - v"", ""VII - IV"", ""vi - fvi"", ""i - VII"", ""IV - I"", ""IV - VII"", ""I - v"", ""VII - i"", ""I - V"", ""iv - fiv"", ""vi - V"", ""ii - III"", ""vi - iv"", ""III - III"", ""ii7 - fii7"", ""VII - VII"", ""V - v"", ""iii - vi"", ""ii - V"", ""ii - IV"", ""ii7 - V"", ""v - V"", ""iii - IV"", ""iv - VII"", ""I - vi"", ""v - v"", ""V7 - i"", ""IV - fIV"", ""V - iv"", ""VI - fVI"", ""vi - vi"", ""v - fv"", ""iv - i"", ""V7 - VI"", ""IV - i"", ""i - VI"", ""i - V"", ""IV - ii"", ""i - i"", ""v - II"", ""III - IV"", ""i - iv"", ""i - fi"", ""iii - fiii"", ""v - i"", ""v - III"", ""v - VI"", ""VI - V"", ""i - IV"", ""VII - ii"", ""iv - III"", ""i - III"", ""V - i"", ""vi - ii"", ""vii7 - I"", ""ii - V7"", ""vi - I"", ""VII - iv"", ""IV - V"", ""V7 - vi"", ""II - v"", ""V - fV"", ""V7 - I"", ""V - I"", ""III - iv"", ""VI - VII"", ""v - IV"", ""vii7 - fvii7"", ""V - IV"", ""iv - I"", ""iv - V"", ""vii - fvii"", ""vii - i"", ""VI - ii""]"	visual	visual.short.png	data/chorale-bricks/Anonymous_AusMeinesHerzensGrunde/visual.short.png	none of the other options is correct	"[""none of the other options is correct"", ""i - I"", ""ii - iv"", ""VI - iv"", ""V7 - fV7""]"	0.2	1	"[""A"", ""B"", ""C"", ""D"", ""E""]"	"{""A"": ""V7 - fV7"", ""B"": ""none of the other options is correct"", ""C"": ""ii - iv"", ""D"": ""i - I"", ""E"": ""VI - iv""}"	"[""(A) V7 - fV7"", ""(B) none of the other options is correct"", ""(C) ii - iv"", ""(D) i - I"", ""(E) VI - iv""]"	(B) none of the other options is correct	B
b4b71bb1-4bbf-58ec-b14e-c9ab277e69f8	11	perception	harmony	relative	harmony-relative	harmonic-recognition		cadence recognition	What is the chord progression between the {target_index} chord and the next one?	"[""target_index""]"	get_harmonic_cadence			"{""target_index"": ""7th""}"	What is the chord progression between the 7th chord and the next one?	Anonymous_AusMeinesHerzensGrunde	chorale-bricks	Anonymous_AusMeinesHerzensGrunde	data/chorale-bricks/Anonymous_AusMeinesHerzensGrunde	V - vi	"[""I - I"", ""I - IV"", ""I - V"", ""I - fI"", ""I - i"", ""I - v"", ""I - vi"", ""II - v"", ""III - III"", ""III - IV"", ""III - VI"", ""III - VII"", ""III - fIII"", ""III - iv"", ""IV - I"", ""IV - V"", ""IV - VII"", ""IV - fIV"", ""IV - i"", ""IV - ii"", ""V - I"", ""V - IV"", ""V - V"", ""V - VI"", ""V - fV"", ""V - i"", ""V - iv"", ""V - v"", ""V7 - I"", ""V7 - VI"", ""V7 - fV7"", ""V7 - i"", ""V7 - vi"", ""VI - III"", ""VI - V"", ""VI - VII"", ""VI - fVI"", ""VI - ii"", ""VI - iv"", ""VII - III"", ""VII - IV"", ""VII - VII"", ""VII - i"", ""VII - ii"", ""VII - iv"", ""VII - v"", ""i - I"", ""i - III"", ""i - IV"", ""i - V"", ""i - VI"", ""i - VII"", ""i - fi"", ""i - i"", ""i - iv"", ""ii - III"", ""ii - IV"", ""ii - V"", ""ii - V7"", ""ii - fii"", ""ii - iv"", ""ii - v"", ""ii - vi"", ""ii7 - V"", ""ii7 - fii7"", ""iii - IV"", ""iii - fiii"", ""iii - vi"", ""iv - I"", ""iv - III"", ""iv - V"", ""iv - VII"", ""iv - fiv"", ""iv - i"", ""iv - ii"", ""v - II"", ""v - III"", ""v - IV"", ""v - V"", ""v - VI"", ""v - fv"", ""v - i"", ""v - v"", ""vi - I"", ""vi - V"", ""vi - fvi"", ""vi - ii"", ""vi - iv"", ""vi - vi"", ""vii - I"", ""vii - fvii"", ""vii - i"", ""vii7 - I"", ""vii7 - fvii7"", ""vii7 - i""]"	"[""I - I"", ""VI - fVI"", ""vii - I"", ""I - v"", ""v - III"", ""v - II"", ""v - V"", ""VI - VII"", ""vi - iv"", ""IV - fIV"", ""V7 - vi"", ""ii - fii"", ""iv - VII"", ""V - IV"", ""I - i"", ""VII - ii"", ""iv - III"", ""V7 - i"", ""V - I"", ""vi - fvi"", ""III - IV"", ""i - VII"", ""VII - v"", ""iv - fiv"", ""I - IV"", ""iv - I"", ""vii7 - i"", ""vii7 - I"", ""vi - I"", ""ii - v"", ""i - I"", ""III - VI"", ""iv - V"", ""V - iv"", ""i - VI"", ""V - v"", ""i - IV"", ""i - iv"", ""III - VII"", ""ii - III"", ""i - III"", ""iv - ii"", ""vii7 - fvii7"", ""vi - ii"", ""I - V"", ""II - v"", ""VII - iv"", ""I - vi"", ""III - iv"", ""I - fI"", ""VII - i"", ""i - V"", ""iii - vi"", ""vi - vi"", ""vii - fvii"", ""iii - fiii"", ""i - i"", ""III - fIII"", ""vii - i"", ""IV - i"", ""V - V"", ""VI - III"", ""v - i"", ""v - v"", ""VI - V"", ""IV - ii"", ""ii - V"", ""III - III"", ""V7 - VI"", ""vi - V"", ""VII - III"", ""V - i"", ""v - fv"", ""IV - I"", ""ii - IV"", ""ii7 - fii7"", ""V - VI"", ""ii - vi"", ""v - VI"", ""V7 - I"", ""IV - VII"", ""iv - i"", ""VI - iv"", ""VI - ii"", ""ii - iv"", ""V - fV"", ""v - IV"", ""ii - V7"", ""VII - IV"", ""V7 - fV7"", ""IV - V"", ""i - fi"", ""VII - VII"", ""iii - IV"", ""ii7 - V""]"	audio	audio.mastermix.wav	data/chorale-bricks/Anonymous_AusMeinesHerzensGrunde/audio.mastermix.wav	none of the other options is correct	"[""none of the other options is correct"", ""I - I"", ""VI - fVI"", ""vii - I"", ""I - v""]"	0.2	1	"[""A"", ""B"", ""C"", ""D"", ""E""]"	"{""A"": ""none of the other options is correct"", ""B"": ""vii - I"", ""C"": ""I - v"", ""D"": ""VI - fVI"", ""E"": ""I - I""}"	"[""(A) none of the other options is correct"", ""(B) vii - I"", ""(C) I - v"", ""(D) VI - fVI"", ""(E) I - I""]"	(A) none of the other options is correct	A
f10b9132-46b2-50cf-8969-a44845693eeb	11	perception	harmony	relative	harmony-relative	harmonic-recognition		cadence recognition	What is the chord progression between the {target_index} chord and the next one?	"[""target_index""]"	get_harmonic_cadence			"{""target_index"": ""7th""}"	What is the chord progression between the 7th chord and the next one?	Anonymous_AusMeinesHerzensGrunde	chorale-bricks	Anonymous_AusMeinesHerzensGrunde	data/chorale-bricks/Anonymous_AusMeinesHerzensGrunde	V - vi	"[""I - I"", ""I - IV"", ""I - V"", ""I - fI"", ""I - i"", ""I - v"", ""I - vi"", ""II - v"", ""III - III"", ""III - IV"", ""III - VI"", ""III - VII"", ""III - fIII"", ""III - iv"", ""IV - I"", ""IV - V"", ""IV - VII"", ""IV - fIV"", ""IV - i"", ""IV - ii"", ""V - I"", ""V - IV"", ""V - V"", ""V - VI"", ""V - fV"", ""V - i"", ""V - iv"", ""V - v"", ""V7 - I"", ""V7 - VI"", ""V7 - fV7"", ""V7 - i"", ""V7 - vi"", ""VI - III"", ""VI - V"", ""VI - VII"", ""VI - fVI"", ""VI - ii"", ""VI - iv"", ""VII - III"", ""VII - IV"", ""VII - VII"", ""VII - i"", ""VII - ii"", ""VII - iv"", ""VII - v"", ""i - I"", ""i - III"", ""i - IV"", ""i - V"", ""i - VI"", ""i - VII"", ""i - fi"", ""i - i"", ""i - iv"", ""ii - III"", ""ii - IV"", ""ii - V"", ""ii - V7"", ""ii - fii"", ""ii - iv"", ""ii - v"", ""ii - vi"", ""ii7 - V"", ""ii7 - fii7"", ""iii - IV"", ""iii - fiii"", ""iii - vi"", ""iv - I"", ""iv - III"", ""iv - V"", ""iv - VII"", ""iv - fiv"", ""iv - i"", ""iv - ii"", ""v - II"", ""v - III"", ""v - IV"", ""v - V"", ""v - VI"", ""v - fv"", ""v - i"", ""v - v"", ""vi - I"", ""vi - V"", ""vi - fvi"", ""vi - ii"", ""vi - iv"", ""vi - vi"", ""vii - I"", ""vii - fvii"", ""vii - i"", ""vii7 - I"", ""vii7 - fvii7"", ""vii7 - i""]"	"[""I - I"", ""VI - fVI"", ""vii - I"", ""I - v"", ""v - III"", ""v - II"", ""v - V"", ""VI - VII"", ""vi - iv"", ""IV - fIV"", ""V7 - vi"", ""ii - fii"", ""iv - VII"", ""V - IV"", ""I - i"", ""VII - ii"", ""iv - III"", ""V7 - i"", ""V - I"", ""vi - fvi"", ""III - IV"", ""i - VII"", ""VII - v"", ""iv - fiv"", ""I - IV"", ""iv - I"", ""vii7 - i"", ""vii7 - I"", ""vi - I"", ""ii - v"", ""i - I"", ""III - VI"", ""iv - V"", ""V - iv"", ""i - VI"", ""V - v"", ""i - IV"", ""i - iv"", ""III - VII"", ""ii - III"", ""i - III"", ""iv - ii"", ""vii7 - fvii7"", ""vi - ii"", ""I - V"", ""II - v"", ""VII - iv"", ""I - vi"", ""III - iv"", ""I - fI"", ""VII - i"", ""i - V"", ""iii - vi"", ""vi - vi"", ""vii - fvii"", ""iii - fiii"", ""i - i"", ""III - fIII"", ""vii - i"", ""IV - i"", ""V - V"", ""VI - III"", ""v - i"", ""v - v"", ""VI - V"", ""IV - ii"", ""ii - V"", ""III - III"", ""V7 - VI"", ""vi - V"", ""VII - III"", ""V - i"", ""v - fv"", ""IV - I"", ""ii - IV"", ""ii7 - fii7"", ""V - VI"", ""ii - vi"", ""v - VI"", ""V7 - I"", ""IV - VII"", ""iv - i"", ""VI - iv"", ""VI - ii"", ""ii - iv"", ""V - fV"", ""v - IV"", ""ii - V7"", ""VII - IV"", ""V7 - fV7"", ""IV - V"", ""i - fi"", ""VII - VII"", ""iii - IV"", ""ii7 - V""]"	symbolic	symbolic.abc.txt	data/chorale-bricks/Anonymous_AusMeinesHerzensGrunde/symbolic.abc.txt	V - vi	"[""V - vi"", ""none of the other options is correct"", ""I - I"", ""VI - fVI"", ""vii - I""]"	0.2	0	"[""A"", ""B"", ""C"", ""D"", ""E""]"	"{""A"": ""VI - fVI"", ""B"": ""I - I"", ""C"": ""vii - I"", ""D"": ""none of the other options is correct"", ""E"": ""V - vi""}"	"[""(A) VI - fVI"", ""(B) I - I"", ""(C) vii - I"", ""(D) none of the other options is correct"", ""(E) V - vi""]"	(E) V - vi	E
5eb7e1e5-783e-55cd-8222-901f32fb2f77	11	perception	harmony	relative	harmony-relative	harmonic-recognition		cadence recognition	What is the chord progression between the {target_index} chord and the next one?	"[""target_index""]"	get_harmonic_cadence			"{""target_index"": ""7th""}"	What is the chord progression between the 7th chord and the next one?	Anonymous_AusMeinesHerzensGrunde	chorale-bricks	Anonymous_AusMeinesHerzensGrunde	data/chorale-bricks/Anonymous_AusMeinesHerzensGrunde	V - vi	"[""I - I"", ""I - IV"", ""I - V"", ""I - fI"", ""I - i"", ""I - v"", ""I - vi"", ""II - v"", ""III - III"", ""III - IV"", ""III - VI"", ""III - VII"", ""III - fIII"", ""III - iv"", ""IV - I"", ""IV - V"", ""IV - VII"", ""IV - fIV"", ""IV - i"", ""IV - ii"", ""V - I"", ""V - IV"", ""V - V"", ""V - VI"", ""V - fV"", ""V - i"", ""V - iv"", ""V - v"", ""V7 - I"", ""V7 - VI"", ""V7 - fV7"", ""V7 - i"", ""V7 - vi"", ""VI - III"", ""VI - V"", ""VI - VII"", ""VI - fVI"", ""VI - ii"", ""VI - iv"", ""VII - III"", ""VII - IV"", ""VII - VII"", ""VII - i"", ""VII - ii"", ""VII - iv"", ""VII - v"", ""i - I"", ""i - III"", ""i - IV"", ""i - V"", ""i - VI"", ""i - VII"", ""i - fi"", ""i - i"", ""i - iv"", ""ii - III"", ""ii - IV"", ""ii - V"", ""ii - V7"", ""ii - fii"", ""ii - iv"", ""ii - v"", ""ii - vi"", ""ii7 - V"", ""ii7 - fii7"", ""iii - IV"", ""iii - fiii"", ""iii - vi"", ""iv - I"", ""iv - III"", ""iv - V"", ""iv - VII"", ""iv - fiv"", ""iv - i"", ""iv - ii"", ""v - II"", ""v - III"", ""v - IV"", ""v - V"", ""v - VI"", ""v - fv"", ""v - i"", ""v - v"", ""vi - I"", ""vi - V"", ""vi - fvi"", ""vi - ii"", ""vi - iv"", ""vi - vi"", ""vii - I"", ""vii - fvii"", ""vii - i"", ""vii7 - I"", ""vii7 - fvii7"", ""vii7 - i""]"	"[""I - I"", ""VI - fVI"", ""vii - I"", ""I - v"", ""v - III"", ""v - II"", ""v - V"", ""VI - VII"", ""vi - iv"", ""IV - fIV"", ""V7 - vi"", ""ii - fii"", ""iv - VII"", ""V - IV"", ""I - i"", ""VII - ii"", ""iv - III"", ""V7 - i"", ""V - I"", ""vi - fvi"", ""III - IV"", ""i - VII"", ""VII - v"", ""iv - fiv"", ""I - IV"", ""iv - I"", ""vii7 - i"", ""vii7 - I"", ""vi - I"", ""ii - v"", ""i - I"", ""III - VI"", ""iv - V"", ""V - iv"", ""i - VI"", ""V - v"", ""i - IV"", ""i - iv"", ""III - VII"", ""ii - III"", ""i - III"", ""iv - ii"", ""vii7 - fvii7"", ""vi - ii"", ""I - V"", ""II - v"", ""VII - iv"", ""I - vi"", ""III - iv"", ""I - fI"", ""VII - i"", ""i - V"", ""iii - vi"", ""vi - vi"", ""vii - fvii"", ""iii - fiii"", ""i - i"", ""III - fIII"", ""vii - i"", ""IV - i"", ""V - V"", ""VI - III"", ""v - i"", ""v - v"", ""VI - V"", ""IV - ii"", ""ii - V"", ""III - III"", ""V7 - VI"", ""vi - V"", ""VII - III"", ""V - i"", ""v - fv"", ""IV - I"", ""ii - IV"", ""ii7 - fii7"", ""V - VI"", ""ii - vi"", ""v - VI"", ""V7 - I"", ""IV - VII"", ""iv - i"", ""VI - iv"", ""VI - ii"", ""ii - iv"", ""V - fV"", ""v - IV"", ""ii - V7"", ""VII - IV"", ""V7 - fV7"", ""IV - V"", ""i - fi"", ""VII - VII"", ""iii - IV"", ""ii7 - V""]"	visual	visual.short.png	data/chorale-bricks/Anonymous_AusMeinesHerzensGrunde/visual.short.png	V - vi	"[""V - vi"", ""none of the other options is correct"", ""I - I"", ""VI - fVI"", ""vii - I""]"	0.2	0	"[""A"", ""B"", ""C"", ""D"", ""E""]"	"{""A"": ""none of the other options is correct"", ""B"": ""vii - I"", ""C"": ""I - I"", ""D"": ""V - vi"", ""E"": ""VI - fVI""}"	"[""(A) none of the other options is correct"", ""(B) vii - I"", ""(C) I - I"", ""(D) V - vi"", ""(E) VI - fVI""]"	(D) V - vi	D
a7174ed9-75fb-5b64-9048-2a6fcdffa7b6	11	perception	harmony	relative	harmony-relative	harmonic-recognition		cadence recognition	What is the chord progression between the {target_index} chord and the next one?	"[""target_index""]"	get_harmonic_cadence			"{""target_index"": ""54th""}"	What is the chord progression between the 54th chord and the next one?	Gesius_BefiehlDuDeineWege	chorale-bricks	Gesius_BefiehlDuDeineWege	data/chorale-bricks/Gesius_BefiehlDuDeineWege	V - i	"[""I - I"", ""I - IV"", ""I - V"", ""I - fI"", ""I - i"", ""I - v"", ""I - vi"", ""II - v"", ""III - III"", ""III - IV"", ""III - VI"", ""III - VII"", ""III - fIII"", ""III - iv"", ""IV - I"", ""IV - V"", ""IV - VII"", ""IV - fIV"", ""IV - i"", ""IV - ii"", ""V - I"", ""V - IV"", ""V - V"", ""V - VI"", ""V - fV"", ""V - iv"", ""V - v"", ""V - vi"", ""V7 - I"", ""V7 - VI"", ""V7 - fV7"", ""V7 - i"", ""V7 - vi"", ""VI - III"", ""VI - V"", ""VI - VII"", ""VI - fVI"", ""VI - ii"", ""VI - iv"", ""VII - III"", ""VII - IV"", ""VII - VII"", ""VII - i"", ""VII - ii"", ""VII - iv"", ""VII - v"", ""i - I"", ""i - III"", ""i - IV"", ""i - V"", ""i - VI"", ""i - VII"", ""i - fi"", ""i - i"", ""i - iv"", ""ii - III"", ""ii - IV"", ""ii - V"", ""ii - V7"", ""ii - fii"", ""ii - iv"", ""ii - v"", ""ii - vi"", ""ii7 - V"", ""ii7 - fii7"", ""iii - IV"", ""iii - fiii"", ""iii - vi"", ""iv - I"", ""iv - III"", ""iv - V"", ""iv - VII"", ""iv - fiv"", ""iv - i"", ""iv - ii"", ""v - II"", ""v - III"", ""v - IV"", ""v - V"", ""v - VI"", ""v - fv"", ""v - i"", ""v - v"", ""vi - I"", ""vi - V"", ""vi - fvi"", ""vi - ii"", ""vi - iv"", ""vi - vi"", ""vii - I"", ""vii - fvii"", ""vii - i"", ""vii7 - I"", ""vii7 - fvii7"", ""vii7 - i""]"	"[""i - fi"", ""VI - V"", ""i - V"", ""VI - III"", ""v - II"", ""I - i"", ""vi - iv"", ""iv - III"", ""vii - i"", ""V7 - vi"", ""i - IV"", ""ii - vi"", ""V - iv"", ""ii - V"", ""vi - I"", ""v - IV"", ""III - fIII"", ""iv - ii"", ""IV - VII"", ""iii - vi"", ""I - vi"", ""V7 - I"", ""iv - i"", ""v - III"", ""V - vi"", ""vii - I"", ""iii - fiii"", ""IV - V"", ""I - V"", ""VI - VII"", ""v - V"", ""III - VI"", ""VII - IV"", ""III - VII"", ""ii - V7"", ""ii - fii"", ""V - V"", ""v - VI"", ""vii7 - I"", ""VII - III"", ""ii7 - fii7"", ""II - v"", ""VII - iv"", ""I - IV"", ""VII - ii"", ""vi - fvi"", ""V - IV"", ""vi - vi"", ""V7 - VI"", ""V7 - fV7"", ""ii - iv"", ""vi - V"", ""VII - VII"", ""VI - fVI"", ""IV - fIV"", ""I - fI"", ""VII - i"", ""V7 - i"", ""iii - IV"", ""ii - v"", ""V - I"", ""V - v"", ""IV - I"", ""i - I"", ""i - III"", ""V - fV"", ""VI - ii"", ""vi - ii"", ""v - fv"", ""v - i"", ""vii7 - i"", ""ii - IV"", ""V - VI"", ""III - III"", ""iv - fiv"", ""vii - fvii"", ""vii7 - fvii7"", ""IV - i"", ""i - VII"", ""IV - ii"", ""iv - V"", ""iv - VII"", ""ii7 - V"", ""ii - III"", ""v - v"", ""III - IV"", ""I - v"", ""i - i"", ""i - VI"", ""I - I"", ""VI - iv"", ""III - iv"", ""VII - v"", ""i - iv"", ""iv - I""]"	audio	audio.mastermix.wav	data/chorale-bricks/Gesius_BefiehlDuDeineWege/audio.mastermix.wav	V - i	"[""V - i"", ""none of the other options is correct"", ""i - fi"", ""VI - V"", ""i - V""]"	0.2	0	"[""A"", ""B"", ""C"", ""D"", ""E""]"	"{""A"": ""VI - V"", ""B"": ""i - V"", ""C"": ""i - fi"", ""D"": ""V - i"", ""E"": ""none of the other options is correct""}"	"[""(A) VI - V"", ""(B) i - V"", ""(C) i - fi"", ""(D) V - i"", ""(E) none of the other options is correct""]"	(D) V - i	D
73312895-1f4d-561b-b376-71616eb6af04	11	perception	harmony	relative	harmony-relative	harmonic-recognition		cadence recognition	What is the chord progression between the {target_index} chord and the next one?	"[""target_index""]"	get_harmonic_cadence			"{""target_index"": ""54th""}"	What is the chord progression between the 54th chord and the next one?	Gesius_BefiehlDuDeineWege	chorale-bricks	Gesius_BefiehlDuDeineWege	data/chorale-bricks/Gesius_BefiehlDuDeineWege	V - i	"[""I - I"", ""I - IV"", ""I - V"", ""I - fI"", ""I - i"", ""I - v"", ""I - vi"", ""II - v"", ""III - III"", ""III - IV"", ""III - VI"", ""III - VII"", ""III - fIII"", ""III - iv"", ""IV - I"", ""IV - V"", ""IV - VII"", ""IV - fIV"", ""IV - i"", ""IV - ii"", ""V - I"", ""V - IV"", ""V - V"", ""V - VI"", ""V - fV"", ""V - iv"", ""V - v"", ""V - vi"", ""V7 - I"", ""V7 - VI"", ""V7 - fV7"", ""V7 - i"", ""V7 - vi"", ""VI - III"", ""VI - V"", ""VI - VII"", ""VI - fVI"", ""VI - ii"", ""VI - iv"", ""VII - III"", ""VII - IV"", ""VII - VII"", ""VII - i"", ""VII - ii"", ""VII - iv"", ""VII - v"", ""i - I"", ""i - III"", ""i - IV"", ""i - V"", ""i - VI"", ""i - VII"", ""i - fi"", ""i - i"", ""i - iv"", ""ii - III"", ""ii - IV"", ""ii - V"", ""ii - V7"", ""ii - fii"", ""ii - iv"", ""ii - v"", ""ii - vi"", ""ii7 - V"", ""ii7 - fii7"", ""iii - IV"", ""iii - fiii"", ""iii - vi"", ""iv - I"", ""iv - III"", ""iv - V"", ""iv - VII"", ""iv - fiv"", ""iv - i"", ""iv - ii"", ""v - II"", ""v - III"", ""v - IV"", ""v - V"", ""v - VI"", ""v - fv"", ""v - i"", ""v - v"", ""vi - I"", ""vi - V"", ""vi - fvi"", ""vi - ii"", ""vi - iv"", ""vi - vi"", ""vii - I"", ""vii - fvii"", ""vii - i"", ""vii7 - I"", ""vii7 - fvii7"", ""vii7 - i""]"	"[""i - fi"", ""VI - V"", ""i - V"", ""VI - III"", ""v - II"", ""I - i"", ""vi - iv"", ""iv - III"", ""vii - i"", ""V7 - vi"", ""i - IV"", ""ii - vi"", ""V - iv"", ""ii - V"", ""vi - I"", ""v - IV"", ""III - fIII"", ""iv - ii"", ""IV - VII"", ""iii - vi"", ""I - vi"", ""V7 - I"", ""iv - i"", ""v - III"", ""V - vi"", ""vii - I"", ""iii - fiii"", ""IV - V"", ""I - V"", ""VI - VII"", ""v - V"", ""III - VI"", ""VII - IV"", ""III - VII"", ""ii - V7"", ""ii - fii"", ""V - V"", ""v - VI"", ""vii7 - I"", ""VII - III"", ""ii7 - fii7"", ""II - v"", ""VII - iv"", ""I - IV"", ""VII - ii"", ""vi - fvi"", ""V - IV"", ""vi - vi"", ""V7 - VI"", ""V7 - fV7"", ""ii - iv"", ""vi - V"", ""VII - VII"", ""VI - fVI"", ""IV - fIV"", ""I - fI"", ""VII - i"", ""V7 - i"", ""iii - IV"", ""ii - v"", ""V - I"", ""V - v"", ""IV - I"", ""i - I"", ""i - III"", ""V - fV"", ""VI - ii"", ""vi - ii"", ""v - fv"", ""v - i"", ""vii7 - i"", ""ii - IV"", ""V - VI"", ""III - III"", ""iv - fiv"", ""vii - fvii"", ""vii7 - fvii7"", ""IV - i"", ""i - VII"", ""IV - ii"", ""iv - V"", ""iv - VII"", ""ii7 - V"", ""ii - III"", ""v - v"", ""III - IV"", ""I - v"", ""i - i"", ""i - VI"", ""I - I"", ""VI - iv"", ""III - iv"", ""VII - v"", ""i - iv"", ""iv - I""]"	symbolic	symbolic.abc.txt	data/chorale-bricks/Gesius_BefiehlDuDeineWege/symbolic.abc.txt	V - i	"[""V - i"", ""none of the other options is correct"", ""i - fi"", ""VI - V"", ""i - V""]"	0.2	0	"[""A"", ""B"", ""C"", ""D"", ""E""]"	"{""A"": ""none of the other options is correct"", ""B"": ""VI - V"", ""C"": ""V - i"", ""D"": ""i - fi"", ""E"": ""i - V""}"	"[""(A) none of the other options is correct"", ""(B) VI - V"", ""(C) V - i"", ""(D) i - fi"", ""(E) i - V""]"	(C) V - i	C
e1141473-52df-5f30-ab15-298816c521ff	11	perception	harmony	relative	harmony-relative	harmonic-recognition		cadence recognition	What is the chord progression between the {target_index} chord and the next one?	"[""target_index""]"	get_harmonic_cadence			"{""target_index"": ""54th""}"	What is the chord progression between the 54th chord and the next one?	Gesius_BefiehlDuDeineWege	chorale-bricks	Gesius_BefiehlDuDeineWege	data/chorale-bricks/Gesius_BefiehlDuDeineWege	V - i	"[""I - I"", ""I - IV"", ""I - V"", ""I - fI"", ""I - i"", ""I - v"", ""I - vi"", ""II - v"", ""III - III"", ""III - IV"", ""III - VI"", ""III - VII"", ""III - fIII"", ""III - iv"", ""IV - I"", ""IV - V"", ""IV - VII"", ""IV - fIV"", ""IV - i"", ""IV - ii"", ""V - I"", ""V - IV"", ""V - V"", ""V - VI"", ""V - fV"", ""V - iv"", ""V - v"", ""V - vi"", ""V7 - I"", ""V7 - VI"", ""V7 - fV7"", ""V7 - i"", ""V7 - vi"", ""VI - III"", ""VI - V"", ""VI - VII"", ""VI - fVI"", ""VI - ii"", ""VI - iv"", ""VII - III"", ""VII - IV"", ""VII - VII"", ""VII - i"", ""VII - ii"", ""VII - iv"", ""VII - v"", ""i - I"", ""i - III"", ""i - IV"", ""i - V"", ""i - VI"", ""i - VII"", ""i - fi"", ""i - i"", ""i - iv"", ""ii - III"", ""ii - IV"", ""ii - V"", ""ii - V7"", ""ii - fii"", ""ii - iv"", ""ii - v"", ""ii - vi"", ""ii7 - V"", ""ii7 - fii7"", ""iii - IV"", ""iii - fiii"", ""iii - vi"", ""iv - I"", ""iv - III"", ""iv - V"", ""iv - VII"", ""iv - fiv"", ""iv - i"", ""iv - ii"", ""v - II"", ""v - III"", ""v - IV"", ""v - V"", ""v - VI"", ""v - fv"", ""v - i"", ""v - v"", ""vi - I"", ""vi - V"", ""vi - fvi"", ""vi - ii"", ""vi - iv"", ""vi - vi"", ""vii - I"", ""vii - fvii"", ""vii - i"", ""vii7 - I"", ""vii7 - fvii7"", ""vii7 - i""]"	"[""i - fi"", ""VI - V"", ""i - V"", ""VI - III"", ""v - II"", ""I - i"", ""vi - iv"", ""iv - III"", ""vii - i"", ""V7 - vi"", ""i - IV"", ""ii - vi"", ""V - iv"", ""ii - V"", ""vi - I"", ""v - IV"", ""III - fIII"", ""iv - ii"", ""IV - VII"", ""iii - vi"", ""I - vi"", ""V7 - I"", ""iv - i"", ""v - III"", ""V - vi"", ""vii - I"", ""iii - fiii"", ""IV - V"", ""I - V"", ""VI - VII"", ""v - V"", ""III - VI"", ""VII - IV"", ""III - VII"", ""ii - V7"", ""ii - fii"", ""V - V"", ""v - VI"", ""vii7 - I"", ""VII - III"", ""ii7 - fii7"", ""II - v"", ""VII - iv"", ""I - IV"", ""VII - ii"", ""vi - fvi"", ""V - IV"", ""vi - vi"", ""V7 - VI"", ""V7 - fV7"", ""ii - iv"", ""vi - V"", ""VII - VII"", ""VI - fVI"", ""IV - fIV"", ""I - fI"", ""VII - i"", ""V7 - i"", ""iii - IV"", ""ii - v"", ""V - I"", ""V - v"", ""IV - I"", ""i - I"", ""i - III"", ""V - fV"", ""VI - ii"", ""vi - ii"", ""v - fv"", ""v - i"", ""vii7 - i"", ""ii - IV"", ""V - VI"", ""III - III"", ""iv - fiv"", ""vii - fvii"", ""vii7 - fvii7"", ""IV - i"", ""i - VII"", ""IV - ii"", ""iv - V"", ""iv - VII"", ""ii7 - V"", ""ii - III"", ""v - v"", ""III - IV"", ""I - v"", ""i - i"", ""i - VI"", ""I - I"", ""VI - iv"", ""III - iv"", ""VII - v"", ""i - iv"", ""iv - I""]"	visual	visual.short.png	data/chorale-bricks/Gesius_BefiehlDuDeineWege/visual.short.png	V - i	"[""V - i"", ""none of the other options is correct"", ""i - fi"", ""VI - V"", ""i - V""]"	0.2	0	"[""A"", ""B"", ""C"", ""D"", ""E""]"	"{""A"": ""V - i"", ""B"": ""VI - V"", ""C"": ""i - fi"", ""D"": ""i - V"", ""E"": ""none of the other options is correct""}"	"[""(A) V - i"", ""(B) VI - V"", ""(C) i - fi"", ""(D) i - V"", ""(E) none of the other options is correct""]"	(A) V - i	A
61c066c7-2c4b-5e9d-87e1-df2f018c6ffc	11	perception	harmony	relative	harmony-relative	harmonic-recognition		cadence recognition	What is the chord progression between the {target_index} chord and the next one?	"[""target_index""]"	get_harmonic_cadence			"{""target_index"": ""5th""}"	What is the chord progression between the 5th chord and the next one?	Telemann_DerLiebenSonneLichtUndPracht	chorale-bricks	Telemann_DerLiebenSonneLichtUndPracht	data/chorale-bricks/Telemann_DerLiebenSonneLichtUndPracht	vi - ii	"[""I - I"", ""I - IV"", ""I - V"", ""I - fI"", ""I - i"", ""I - v"", ""I - vi"", ""II - v"", ""III - III"", ""III - IV"", ""III - VI"", ""III - VII"", ""III - fIII"", ""III - iv"", ""IV - I"", ""IV - V"", ""IV - VII"", ""IV - fIV"", ""IV - i"", ""IV - ii"", ""V - I"", ""V - IV"", ""V - V"", ""V - VI"", ""V - fV"", ""V - i"", ""V - iv"", ""V - v"", ""V - vi"", ""V7 - I"", ""V7 - VI"", ""V7 - fV7"", ""V7 - i"", ""V7 - vi"", ""VI - III"", ""VI - V"", ""VI - VII"", ""VI - fVI"", ""VI - ii"", ""VI - iv"", ""VII - III"", ""VII - IV"", ""VII - VII"", ""VII - i"", ""VII - ii"", ""VII - iv"", ""VII - v"", ""i - I"", ""i - III"", ""i - IV"", ""i - V"", ""i - VI"", ""i - VII"", ""i - fi"", ""i - i"", ""i - iv"", ""ii - III"", ""ii - IV"", ""ii - V"", ""ii - V7"", ""ii - fii"", ""ii - iv"", ""ii - v"", ""ii - vi"", ""ii7 - V"", ""ii7 - fii7"", ""iii - IV"", ""iii - fiii"", ""iii - vi"", ""iv - I"", ""iv - III"", ""iv - V"", ""iv - VII"", ""iv - fiv"", ""iv - i"", ""iv - ii"", ""v - II"", ""v - III"", ""v - IV"", ""v - V"", ""v - VI"", ""v - fv"", ""v - i"", ""v - v"", ""vi - I"", ""vi - V"", ""vi - fvi"", ""vi - iv"", ""vi - vi"", ""vii - I"", ""vii - fvii"", ""vii - i"", ""vii7 - I"", ""vii7 - fvii7"", ""vii7 - i""]"	"[""VI - iv"", ""III - fIII"", ""ii - vi"", ""III - III"", ""V - fV"", ""I - I"", ""v - III"", ""VII - III"", ""i - iv"", ""iv - III"", ""IV - fIV"", ""V - i"", ""vi - vi"", ""I - V"", ""V - iv"", ""I - i"", ""ii - III"", ""IV - i"", ""ii - IV"", ""VII - IV"", ""v - V"", ""i - VII"", ""VII - v"", ""i - i"", ""VI - III"", ""i - III"", ""I - v"", ""II - v"", ""vii - fvii"", ""V - IV"", ""vi - iv"", ""iii - IV"", ""V - I"", ""iv - i"", ""VII - ii"", ""I - fI"", ""VII - iv"", ""v - IV"", ""iii - fiii"", ""IV - V"", ""vi - fvi"", ""iv - fiv"", ""I - vi"", ""V7 - VI"", ""iii - vi"", ""V7 - vi"", ""V - v"", ""v - fv"", ""ii - fii"", ""III - IV"", ""i - I"", ""iv - V"", ""vii7 - I"", ""VI - ii"", ""vii7 - i"", ""v - VI"", ""vii - I"", ""vi - I"", ""ii7 - fii7"", ""ii - v"", ""ii - V"", ""ii - V7"", ""IV - ii"", ""iv - ii"", ""V - vi"", ""III - iv"", ""I - IV"", ""i - V"", ""v - II"", ""IV - I"", ""VI - fVI"", ""IV - VII"", ""VI - V"", ""V - V"", ""vi - V"", ""ii7 - V"", ""V7 - I"", ""i - VI"", ""III - VII"", ""VI - VII"", ""v - v"", ""V - VI"", ""iv - I"", ""vii - i"", ""i - fi"", ""III - VI"", ""vii7 - fvii7"", ""VII - i"", ""VII - VII"", ""v - i"", ""i - IV"", ""V7 - fV7"", ""ii - iv"", ""V7 - i"", ""iv - VII""]"	audio	audio.mastermix.wav	data/chorale-bricks/Telemann_DerLiebenSonneLichtUndPracht/audio.mastermix.wav	vi - ii	"[""vi - ii"", ""none of the other options is correct"", ""VI - iv"", ""III - fIII"", ""ii - vi""]"	0.2	0	"[""A"", ""B"", ""C"", ""D"", ""E""]"	"{""A"": ""III - fIII"", ""B"": ""vi - ii"", ""C"": ""VI - iv"", ""D"": ""ii - vi"", ""E"": ""none of the other options is correct""}"	"[""(A) III - fIII"", ""(B) vi - ii"", ""(C) VI - iv"", ""(D) ii - vi"", ""(E) none of the other options is correct""]"	(B) vi - ii	B
f4b8d073-bd18-5365-91ea-e368437638c6	11	perception	harmony	relative	harmony-relative	harmonic-recognition		cadence recognition	What is the chord progression between the {target_index} chord and the next one?	"[""target_index""]"	get_harmonic_cadence			"{""target_index"": ""5th""}"	What is the chord progression between the 5th chord and the next one?	Telemann_DerLiebenSonneLichtUndPracht	chorale-bricks	Telemann_DerLiebenSonneLichtUndPracht	data/chorale-bricks/Telemann_DerLiebenSonneLichtUndPracht	vi - ii	"[""I - I"", ""I - IV"", ""I - V"", ""I - fI"", ""I - i"", ""I - v"", ""I - vi"", ""II - v"", ""III - III"", ""III - IV"", ""III - VI"", ""III - VII"", ""III - fIII"", ""III - iv"", ""IV - I"", ""IV - V"", ""IV - VII"", ""IV - fIV"", ""IV - i"", ""IV - ii"", ""V - I"", ""V - IV"", ""V - V"", ""V - VI"", ""V - fV"", ""V - i"", ""V - iv"", ""V - v"", ""V - vi"", ""V7 - I"", ""V7 - VI"", ""V7 - fV7"", ""V7 - i"", ""V7 - vi"", ""VI - III"", ""VI - V"", ""VI - VII"", ""VI - fVI"", ""VI - ii"", ""VI - iv"", ""VII - III"", ""VII - IV"", ""VII - VII"", ""VII - i"", ""VII - ii"", ""VII - iv"", ""VII - v"", ""i - I"", ""i - III"", ""i - IV"", ""i - V"", ""i - VI"", ""i - VII"", ""i - fi"", ""i - i"", ""i - iv"", ""ii - III"", ""ii - IV"", ""ii - V"", ""ii - V7"", ""ii - fii"", ""ii - iv"", ""ii - v"", ""ii - vi"", ""ii7 - V"", ""ii7 - fii7"", ""iii - IV"", ""iii - fiii"", ""iii - vi"", ""iv - I"", ""iv - III"", ""iv - V"", ""iv - VII"", ""iv - fiv"", ""iv - i"", ""iv - ii"", ""v - II"", ""v - III"", ""v - IV"", ""v - V"", ""v - VI"", ""v - fv"", ""v - i"", ""v - v"", ""vi - I"", ""vi - V"", ""vi - fvi"", ""vi - iv"", ""vi - vi"", ""vii - I"", ""vii - fvii"", ""vii - i"", ""vii7 - I"", ""vii7 - fvii7"", ""vii7 - i""]"	"[""VI - iv"", ""III - fIII"", ""ii - vi"", ""III - III"", ""V - fV"", ""I - I"", ""v - III"", ""VII - III"", ""i - iv"", ""iv - III"", ""IV - fIV"", ""V - i"", ""vi - vi"", ""I - V"", ""V - iv"", ""I - i"", ""ii - III"", ""IV - i"", ""ii - IV"", ""VII - IV"", ""v - V"", ""i - VII"", ""VII - v"", ""i - i"", ""VI - III"", ""i - III"", ""I - v"", ""II - v"", ""vii - fvii"", ""V - IV"", ""vi - iv"", ""iii - IV"", ""V - I"", ""iv - i"", ""VII - ii"", ""I - fI"", ""VII - iv"", ""v - IV"", ""iii - fiii"", ""IV - V"", ""vi - fvi"", ""iv - fiv"", ""I - vi"", ""V7 - VI"", ""iii - vi"", ""V7 - vi"", ""V - v"", ""v - fv"", ""ii - fii"", ""III - IV"", ""i - I"", ""iv - V"", ""vii7 - I"", ""VI - ii"", ""vii7 - i"", ""v - VI"", ""vii - I"", ""vi - I"", ""ii7 - fii7"", ""ii - v"", ""ii - V"", ""ii - V7"", ""IV - ii"", ""iv - ii"", ""V - vi"", ""III - iv"", ""I - IV"", ""i - V"", ""v - II"", ""IV - I"", ""VI - fVI"", ""IV - VII"", ""VI - V"", ""V - V"", ""vi - V"", ""ii7 - V"", ""V7 - I"", ""i - VI"", ""III - VII"", ""VI - VII"", ""v - v"", ""V - VI"", ""iv - I"", ""vii - i"", ""i - fi"", ""III - VI"", ""vii7 - fvii7"", ""VII - i"", ""VII - VII"", ""v - i"", ""i - IV"", ""V7 - fV7"", ""ii - iv"", ""V7 - i"", ""iv - VII""]"	symbolic	symbolic.abc.txt	data/chorale-bricks/Telemann_DerLiebenSonneLichtUndPracht/symbolic.abc.txt	vi - ii	"[""vi - ii"", ""none of the other options is correct"", ""VI - iv"", ""III - fIII"", ""ii - vi""]"	0.2	0	"[""A"", ""B"", ""C"", ""D"", ""E""]"	"{""A"": ""III - fIII"", ""B"": ""none of the other options is correct"", ""C"": ""ii - vi"", ""D"": ""vi - ii"", ""E"": ""VI - iv""}"	"[""(A) III - fIII"", ""(B) none of the other options is correct"", ""(C) ii - vi"", ""(D) vi - ii"", ""(E) VI - iv""]"	(D) vi - ii	D
31888a5f-a5c3-5686-ab62-061c941d7a4e	11	perception	harmony	relative	harmony-relative	harmonic-recognition		cadence recognition	What is the chord progression between the {target_index} chord and the next one?	"[""target_index""]"	get_harmonic_cadence			"{""target_index"": ""5th""}"	What is the chord progression between the 5th chord and the next one?	Telemann_DerLiebenSonneLichtUndPracht	chorale-bricks	Telemann_DerLiebenSonneLichtUndPracht	data/chorale-bricks/Telemann_DerLiebenSonneLichtUndPracht	vi - ii	"[""I - I"", ""I - IV"", ""I - V"", ""I - fI"", ""I - i"", ""I - v"", ""I - vi"", ""II - v"", ""III - III"", ""III - IV"", ""III - VI"", ""III - VII"", ""III - fIII"", ""III - iv"", ""IV - I"", ""IV - V"", ""IV - VII"", ""IV - fIV"", ""IV - i"", ""IV - ii"", ""V - I"", ""V - IV"", ""V - V"", ""V - VI"", ""V - fV"", ""V - i"", ""V - iv"", ""V - v"", ""V - vi"", ""V7 - I"", ""V7 - VI"", ""V7 - fV7"", ""V7 - i"", ""V7 - vi"", ""VI - III"", ""VI - V"", ""VI - VII"", ""VI - fVI"", ""VI - ii"", ""VI - iv"", ""VII - III"", ""VII - IV"", ""VII - VII"", ""VII - i"", ""VII - ii"", ""VII - iv"", ""VII - v"", ""i - I"", ""i - III"", ""i - IV"", ""i - V"", ""i - VI"", ""i - VII"", ""i - fi"", ""i - i"", ""i - iv"", ""ii - III"", ""ii - IV"", ""ii - V"", ""ii - V7"", ""ii - fii"", ""ii - iv"", ""ii - v"", ""ii - vi"", ""ii7 - V"", ""ii7 - fii7"", ""iii - IV"", ""iii - fiii"", ""iii - vi"", ""iv - I"", ""iv - III"", ""iv - V"", ""iv - VII"", ""iv - fiv"", ""iv - i"", ""iv - ii"", ""v - II"", ""v - III"", ""v - IV"", ""v - V"", ""v - VI"", ""v - fv"", ""v - i"", ""v - v"", ""vi - I"", ""vi - V"", ""vi - fvi"", ""vi - iv"", ""vi - vi"", ""vii - I"", ""vii - fvii"", ""vii - i"", ""vii7 - I"", ""vii7 - fvii7"", ""vii7 - i""]"	"[""VI - iv"", ""III - fIII"", ""ii - vi"", ""III - III"", ""V - fV"", ""I - I"", ""v - III"", ""VII - III"", ""i - iv"", ""iv - III"", ""IV - fIV"", ""V - i"", ""vi - vi"", ""I - V"", ""V - iv"", ""I - i"", ""ii - III"", ""IV - i"", ""ii - IV"", ""VII - IV"", ""v - V"", ""i - VII"", ""VII - v"", ""i - i"", ""VI - III"", ""i - III"", ""I - v"", ""II - v"", ""vii - fvii"", ""V - IV"", ""vi - iv"", ""iii - IV"", ""V - I"", ""iv - i"", ""VII - ii"", ""I - fI"", ""VII - iv"", ""v - IV"", ""iii - fiii"", ""IV - V"", ""vi - fvi"", ""iv - fiv"", ""I - vi"", ""V7 - VI"", ""iii - vi"", ""V7 - vi"", ""V - v"", ""v - fv"", ""ii - fii"", ""III - IV"", ""i - I"", ""iv - V"", ""vii7 - I"", ""VI - ii"", ""vii7 - i"", ""v - VI"", ""vii - I"", ""vi - I"", ""ii7 - fii7"", ""ii - v"", ""ii - V"", ""ii - V7"", ""IV - ii"", ""iv - ii"", ""V - vi"", ""III - iv"", ""I - IV"", ""i - V"", ""v - II"", ""IV - I"", ""VI - fVI"", ""IV - VII"", ""VI - V"", ""V - V"", ""vi - V"", ""ii7 - V"", ""V7 - I"", ""i - VI"", ""III - VII"", ""VI - VII"", ""v - v"", ""V - VI"", ""iv - I"", ""vii - i"", ""i - fi"", ""III - VI"", ""vii7 - fvii7"", ""VII - i"", ""VII - VII"", ""v - i"", ""i - IV"", ""V7 - fV7"", ""ii - iv"", ""V7 - i"", ""iv - VII""]"	visual	visual.short.png	data/chorale-bricks/Telemann_DerLiebenSonneLichtUndPracht/visual.short.png	vi - ii	"[""vi - ii"", ""none of the other options is correct"", ""VI - iv"", ""III - fIII"", ""ii - vi""]"	0.2	0	"[""A"", ""B"", ""C"", ""D"", ""E""]"	"{""A"": ""none of the other options is correct"", ""B"": ""vi - ii"", ""C"": ""ii - vi"", ""D"": ""VI - iv"", ""E"": ""III - fIII""}"	"[""(A) none of the other options is correct"", ""(B) vi - ii"", ""(C) ii - vi"", ""(D) VI - iv"", ""(E) III - fIII""]"	(B) vi - ii	B
