item_id	meta-question_id	perception	category	rel/abs	specification	subcategory	simul/seq	skill	text_with_wildcards	question_keys	method_for_ground_truth_extraction	requires	ontology_key	values	question	piece_id	dataset	name	path	ground_truth	distractor_pool	sorted_distractors	modality	submodality	path_to_question_context_file	final_correct_option	final_options	random_guess_performance_accuracy	is_nota_correct	all_choices	index2ans	labeled_final_options	labeled_final_correct_option	label_of_final_correct_option
699de896-cf81-5318-93c5-a927fe2f22af	1	perception	pitch	absolute	pitch-absolute	pitch-recognition		pitch recognition	What is the pitch name of the {target_index} {voice} note in the provided excerpt?	"[""target_index"", ""voice""]"	get_nth_note	symbolic.musicxml	pitch	"{""target_index"": ""39th"", ""voice"": ""alto""}"	What is the pitch name of the 39th alto note in the provided excerpt?	Gesius_BefiehlDuDeineWege	chorale-bricks	Gesius_BefiehlDuDeineWege	data/chorale-bricks/Gesius_BefiehlDuDeineWege	C	"[""A"", ""B"", ""C sharp"", ""D"", ""E"", ""F"", ""G"", ""G sharp""]"	"[""D"", ""B"", ""E"", ""G"", ""G sharp"", ""C sharp"", ""A"", ""F""]"	audio	audio.mastermix.wav	data/chorale-bricks/Gesius_BefiehlDuDeineWege/audio.mastermix.wav	C	"[""C"", ""none of the other options is correct"", ""D"", ""B"", ""E""]"	0.2	0	"[""A"", ""B"", ""C"", ""D"", ""E""]"	"{""A"": ""B"", ""B"": ""none of the other options is correct"", ""C"": ""C"", ""D"": ""E"", ""E"": ""D""}"	"[""(A) B"", ""(B) none of the other options is correct"", ""(C) C"", ""(D) E"", ""(E) D""]"	(C) C	C
3ad18e38-c884-5111-84e0-b3f22656f6e2	1	perception	pitch	absolute	pitch-absolute	pitch-recognition		pitch recognition	What is the pitch name of the {target_index} {voice} note in the provided excerpt?	"[""target_index"", ""voice""]"	get_nth_note	symbolic.musicxml	pitch	"{""target_index"": ""39th"", ""voice"": ""alto""}"	What is the pitch name of the 39th alto note in the provided excerpt?	Gesius_BefiehlDuDeineWege	chorale-bricks	Gesius_BefiehlDuDeineWege	data/chorale-bricks/Gesius_BefiehlDuDeineWege	C	"[""A"", ""B"", ""C sharp"", ""D"", ""E"", ""F"", ""G"", ""G sharp""]"	"[""D"", ""B"", ""E"", ""G"", ""G sharp"", ""C sharp"", ""A"", ""F""]"	symbolic	symbolic.abc.txt	data/chorale-bricks/Gesius_BefiehlDuDeineWege/symbolic.abc.txt	C	"[""C"", ""none of the other options is correct"", ""D"", ""B"", ""E""]"	0.2	0	"[""A"", ""B"", ""C"", ""D"", ""E""]"	"{""A"": ""E"", ""B"": ""D"", ""C"": ""C"", ""D"": ""none of the other options is correct"", ""E"": ""B""}"	"[""(A) E"", ""(B) D"", ""(C) C"", ""(D) none of the other options is correct"", ""(E) B""]"	(C) C	C
3ec04336-239b-545f-a770-be941e0cf041	1	perception	pitch	absolute	pitch-absolute	pitch-recognition		pitch recognition	What is the pitch name of the {target_index} {voice} note in the provided excerpt?	"[""target_index"", ""voice""]"	get_nth_note	symbolic.musicxml	pitch	"{""target_index"": ""39th"", ""voice"": ""alto""}"	What is the pitch name of the 39th alto note in the provided excerpt?	Gesius_BefiehlDuDeineWege	chorale-bricks	Gesius_BefiehlDuDeineWege	data/chorale-bricks/Gesius_BefiehlDuDeineWege	C	"[""A"", ""B"", ""C sharp"", ""D"", ""E"", ""F"", ""G"", ""G sharp""]"	"[""D"", ""B"", ""E"", ""G"", ""G sharp"", ""C sharp"", ""A"", ""F""]"	visual	visual.short.png	data/chorale-bricks/Gesius_BefiehlDuDeineWege/visual.short.png	C	"[""C"", ""none of the other options is correct"", ""D"", ""B"", ""E""]"	0.2	0	"[""A"", ""B"", ""C"", ""D"", ""E""]"	"{""A"": ""E"", ""B"": ""none of the other options is correct"", ""C"": ""D"", ""D"": ""C"", ""E"": ""B""}"	"[""(A) E"", ""(B) none of the other options is correct"", ""(C) D"", ""(D) C"", ""(E) B""]"	(D) C	D
4799245c-41d7-5548-9028-e43f1ad82d0e	1	perception	pitch	absolute	pitch-absolute	pitch-recognition		pitch recognition	What is the pitch name of the {target_index} {voice} note in the provided excerpt?	"[""target_index"", ""voice""]"	get_nth_note	symbolic.musicxml	pitch	"{""target_index"": ""59th"", ""voice"": ""bass""}"	What is the pitch name of the 59th bass note in the provided excerpt?	Anonymous_AusMeinesHerzensGrunde	chorale-bricks	Anonymous_AusMeinesHerzensGrunde	data/chorale-bricks/Anonymous_AusMeinesHerzensGrunde	G	"[""A"", ""B"", ""C"", ""D"", ""D sharp"", ""E"", ""F sharp""]"	"[""E"", ""D sharp"", ""D"", ""F sharp"", ""A"", ""C"", ""B""]"	audio	audio.mastermix.wav	data/chorale-bricks/Anonymous_AusMeinesHerzensGrunde/audio.mastermix.wav	G	"[""G"", ""none of the other options is correct"", ""E"", ""D sharp"", ""D""]"	0.2	0	"[""A"", ""B"", ""C"", ""D"", ""E""]"	"{""A"": ""none of the other options is correct"", ""B"": ""G"", ""C"": ""D sharp"", ""D"": ""E"", ""E"": ""D""}"	"[""(A) none of the other options is correct"", ""(B) G"", ""(C) D sharp"", ""(D) E"", ""(E) D""]"	(B) G	B
b885183c-b90f-508f-b936-caf3958c0610	1	perception	pitch	absolute	pitch-absolute	pitch-recognition		pitch recognition	What is the pitch name of the {target_index} {voice} note in the provided excerpt?	"[""target_index"", ""voice""]"	get_nth_note	symbolic.musicxml	pitch	"{""target_index"": ""59th"", ""voice"": ""bass""}"	What is the pitch name of the 59th bass note in the provided excerpt?	Anonymous_AusMeinesHerzensGrunde	chorale-bricks	Anonymous_AusMeinesHerzensGrunde	data/chorale-bricks/Anonymous_AusMeinesHerzensGrunde	G	"[""A"", ""B"", ""C"", ""D"", ""D sharp"", ""E"", ""F sharp""]"	"[""E"", ""D sharp"", ""D"", ""F sharp"", ""A"", ""C"", ""B""]"	symbolic	symbolic.abc.txt	data/chorale-bricks/Anonymous_AusMeinesHerzensGrunde/symbolic.abc.txt	none of the other options is correct	"[""none of the other options is correct"", ""E"", ""D sharp"", ""D"", ""F sharp""]"	0.2	1	"[""A"", ""B"", ""C"", ""D"", ""E""]"	"{""A"": ""E"", ""B"": ""none of the other options is correct"", ""C"": ""D sharp"", ""D"": ""F sharp"", ""E"": ""D""}"	"[""(A) E"", ""(B) none of the other options is correct"", ""(C) D sharp"", ""(D) F sharp"", ""(E) D""]"	(B) none of the other options is correct	B
c98004fd-21c9-5825-8e85-7ace7573e335	1	perception	pitch	absolute	pitch-absolute	pitch-recognition		pitch recognition	What is the pitch name of the {target_index} {voice} note in the provided excerpt?	"[""target_index"", ""voice""]"	get_nth_note	symbolic.musicxml	pitch	"{""target_index"": ""59th"", ""voice"": ""bass""}"	What is the pitch name of the 59th bass note in the provided excerpt?	Anonymous_AusMeinesHerzensGrunde	chorale-bricks	Anonymous_AusMeinesHerzensGrunde	data/chorale-bricks/Anonymous_AusMeinesHerzensGrunde	G	"[""A"", ""B"", ""C"", ""D"", ""D sharp"", ""E"", ""F sharp""]"	"[""E"", ""D sharp"", ""D"", ""F sharp"", ""A"", ""C"", ""B""]"	visual	visual.short.png	data/chorale-bricks/Anonymous_AusMeinesHerzensGrunde/visual.short.png	G	"[""G"", ""none of the other options is correct"", ""E"", ""D sharp"", ""D""]"	0.2	0	"[""A"", ""B"", ""C"", ""D"", ""E""]"	"{""A"": ""G"", ""B"": ""none of the other options is correct"", ""C"": ""E"", ""D"": ""D"", ""E"": ""D sharp""}"	"[""(A) G"", ""(B) none of the other options is correct"", ""(C) E"", ""(D) D"", ""(E) D sharp""]"	(A) G	A
b2d7cca4-aa44-5af1-8163-47b1d2eba661	1	perception	pitch	absolute	pitch-absolute	pitch-recognition		pitch recognition	What is the pitch name of the {target_index} {voice} note in the provided excerpt?	"[""target_index"", ""voice""]"	get_nth_note	symbolic.musicxml	pitch	"{""target_index"": ""35th"", ""voice"": ""bass""}"	What is the pitch name of the 35th bass note in the provided excerpt?	Jan_DuGrosserSchmerzensmann	chorale-bricks	Jan_DuGrosserSchmerzensmann	data/chorale-bricks/Jan_DuGrosserSchmerzensmann	D	"[""A"", ""B"", ""C"", ""C sharp"", ""D sharp"", ""E"", ""F sharp"", ""G""]"	"[""C"", ""B"", ""G"", ""E"", ""D sharp"", ""C sharp"", ""F sharp"", ""A""]"	audio	audio.mastermix.wav	data/chorale-bricks/Jan_DuGrosserSchmerzensmann/audio.mastermix.wav	none of the other options is correct	"[""none of the other options is correct"", ""C"", ""B"", ""G"", ""E""]"	0.2	1	"[""A"", ""B"", ""C"", ""D"", ""E""]"	"{""A"": ""B"", ""B"": ""none of the other options is correct"", ""C"": ""E"", ""D"": ""C"", ""E"": ""G""}"	"[""(A) B"", ""(B) none of the other options is correct"", ""(C) E"", ""(D) C"", ""(E) G""]"	(B) none of the other options is correct	B
21a61cd1-b2b9-5b6c-851c-5583da3cd0ca	1	perception	pitch	absolute	pitch-absolute	pitch-recognition		pitch recognition	What is the pitch name of the {target_index} {voice} note in the provided excerpt?	"[""target_index"", ""voice""]"	get_nth_note	symbolic.musicxml	pitch	"{""target_index"": ""35th"", ""voice"": ""bass""}"	What is the pitch name of the 35th bass note in the provided excerpt?	Jan_DuGrosserSchmerzensmann	chorale-bricks	Jan_DuGrosserSchmerzensmann	data/chorale-bricks/Jan_DuGrosserSchmerzensmann	D	"[""A"", ""B"", ""C"", ""C sharp"", ""D sharp"", ""E"", ""F sharp"", ""G""]"	"[""C"", ""B"", ""G"", ""E"", ""D sharp"", ""C sharp"", ""F sharp"", ""A""]"	symbolic	symbolic.abc.txt	data/chorale-bricks/Jan_DuGrosserSchmerzensmann/symbolic.abc.txt	D	"[""D"", ""none of the other options is correct"", ""C"", ""B"", ""G""]"	0.2	0	"[""A"", ""B"", ""C"", ""D"", ""E""]"	"{""A"": ""D"", ""B"": ""none of the other options is correct"", ""C"": ""B"", ""D"": ""C"", ""E"": ""G""}"	"[""(A) D"", ""(B) none of the other options is correct"", ""(C) B"", ""(D) C"", ""(E) G""]"	(A) D	A
10f4da83-d41b-5f11-9e92-018fa8ee8a2b	1	perception	pitch	absolute	pitch-absolute	pitch-recognition		pitch recognition	What is the pitch name of the {target_index} {voice} note in the provided excerpt?	"[""target_index"", ""voice""]"	get_nth_note	symbolic.musicxml	pitch	"{""target_index"": ""35th"", ""voice"": ""bass""}"	What is the pitch name of the 35th bass note in the provided excerpt?	Jan_DuGrosserSchmerzensmann	chorale-bricks	Jan_DuGrosserSchmerzensmann	data/chorale-bricks/Jan_DuGrosserSchmerzensmann	D	"[""A"", ""B"", ""C"", ""C sharp"", ""D sharp"", ""E"", ""F sharp"", ""G""]"	"[""C"", ""B"", ""G"", ""E"", ""D sharp"", ""C sharp"", ""F sharp"", ""A""]"	visual	visual.short.png	data/chorale-bricks/Jan_DuGrosserSchmerzensmann/visual.short.png	D	"[""D"", ""none of the other options is correct"", ""C"", ""B"", ""G""]"	0.2	0	"[""A"", ""B"", ""C"", ""D"", ""E""]"	"{""A"": ""D"", ""B"": ""B"", ""C"": ""none of the other options is correct"", ""D"": ""C"", ""E"": ""G""}"	"[""(A) D"", ""(B) B"", ""(C) none of the other options is correct"", ""(D) C"", ""(E) G""]"	(A) D	A
6bb6dcd3-b0fc-5e67-8d37-9df1a53015fb	1	perception	pitch	absolute	pitch-absolute	pitch-recognition		pitch recognition	What is the pitch name of the {target_index} {voice} note in the provided excerpt?	"[""target_index"", ""voice""]"	get_nth_note	symbolic.musicxml	pitch	"{""target_index"": ""16th"", ""voice"": ""alto""}"	What is the pitch name of the 16th alto note in the provided excerpt?	Vulpius_DieHelleSonnLeuchtJetztHerfuer	chorale-bricks	Vulpius_DieHelleSonnLeuchtJetztHerfuer	data/chorale-bricks/Vulpius_DieHelleSonnLeuchtJetztHerfuer	A	"[""A sharp"", ""B"", ""C sharp"", ""D"", ""E"", ""F sharp"", ""G"", ""G sharp""]"	"[""B"", ""E"", ""A sharp"", ""G sharp"", ""F sharp"", ""C sharp"", ""D"", ""G""]"	audio	audio.mastermix.wav	data/chorale-bricks/Vulpius_DieHelleSonnLeuchtJetztHerfuer/audio.mastermix.wav	A	"[""A"", ""none of the other options is correct"", ""B"", ""E"", ""A sharp""]"	0.2	0	"[""A"", ""B"", ""C"", ""D"", ""E""]"	"{""A"": ""none of the other options is correct"", ""B"": ""E"", ""C"": ""B"", ""D"": ""A"", ""E"": ""A sharp""}"	"[""(A) none of the other options is correct"", ""(B) E"", ""(C) B"", ""(D) A"", ""(E) A sharp""]"	(D) A	D
b312364b-7a51-5bf5-93de-02adaae83958	1	perception	pitch	absolute	pitch-absolute	pitch-recognition		pitch recognition	What is the pitch name of the {target_index} {voice} note in the provided excerpt?	"[""target_index"", ""voice""]"	get_nth_note	symbolic.musicxml	pitch	"{""target_index"": ""16th"", ""voice"": ""alto""}"	What is the pitch name of the 16th alto note in the provided excerpt?	Vulpius_DieHelleSonnLeuchtJetztHerfuer	chorale-bricks	Vulpius_DieHelleSonnLeuchtJetztHerfuer	data/chorale-bricks/Vulpius_DieHelleSonnLeuchtJetztHerfuer	A	"[""A sharp"", ""B"", ""C sharp"", ""D"", ""E"", ""F sharp"", ""G"", ""G sharp""]"	"[""B"", ""E"", ""A sharp"", ""G sharp"", ""F sharp"", ""C sharp"", ""D"", ""G""]"	symbolic	symbolic.abc.txt	data/chorale-bricks/Vulpius_DieHelleSonnLeuchtJetztHerfuer/symbolic.abc.txt	A	"[""A"", ""none of the other options is correct"", ""B"", ""E"", ""A sharp""]"	0.2	0	"[""A"", ""B"", ""C"", ""D"", ""E""]"	"{""A"": ""E"", ""B"": ""A"", ""C"": ""none of the other options is correct"", ""D"": ""B"", ""E"": ""A sharp""}"	"[""(A) E"", ""(B) A"", ""(C) none of the other options is correct"", ""(D) B"", ""(E) A sharp""]"	(B) A	B
c6c824c6-c75b-54b8-ac38-3463a055c5a3	1	perception	pitch	absolute	pitch-absolute	pitch-recognition		pitch recognition	What is the pitch name of the {target_index} {voice} note in the provided excerpt?	"[""target_index"", ""voice""]"	get_nth_note	symbolic.musicxml	pitch	"{""target_index"": ""16th"", ""voice"": ""alto""}"	What is the pitch name of the 16th alto note in the provided excerpt?	Vulpius_DieHelleSonnLeuchtJetztHerfuer	chorale-bricks	Vulpius_DieHelleSonnLeuchtJetztHerfuer	data/chorale-bricks/Vulpius_DieHelleSonnLeuchtJetztHerfuer	A	"[""A sharp"", ""B"", ""C sharp"", ""D"", ""E"", ""F sharp"", ""G"", ""G sharp""]"	"[""B"", ""E"", ""A sharp"", ""G sharp"", ""F sharp"", ""C sharp"", ""D"", ""G""]"	visual	visual.short.png	data/chorale-bricks/Vulpius_DieHelleSonnLeuchtJetztHerfuer/visual.short.png	A	"[""A"", ""none of the other options is correct"", ""B"", ""E"", ""A sharp""]"	0.2	0	"[""A"", ""B"", ""C"", ""D"", ""E""]"	"{""A"": ""A sharp"", ""B"": ""A"", ""C"": ""B"", ""D"": ""E"", ""E"": ""none of the other options is correct""}"	"[""(A) A sharp"", ""(B) A"", ""(C) B"", ""(D) E"", ""(E) none of the other options is correct""]"	(B) A	B
0d6e730c-9239-56de-9fe8-eaba9b4ff289	1	perception	pitch	absolute	pitch-absolute	pitch-recognition		pitch recognition	What is the pitch name of the {target_index} {voice} note in the provided excerpt?	"[""target_index"", ""voice""]"	get_nth_note	symbolic.musicxml	pitch	"{""target_index"": ""14th"", ""voice"": ""soprano""}"	What is the pitch name of the 14th soprano note in the provided excerpt?	Gesius_DuFriedensfuerstHerrJesuChrist	chorale-bricks	Gesius_DuFriedensfuerstHerrJesuChrist	data/chorale-bricks/Gesius_DuFriedensfuerstHerrJesuChrist	A	"[""B"", ""B flat"", ""C"", ""D"", ""E"", ""F"", ""G""]"	"[""B flat"", ""G"", ""D"", ""C"", ""E"", ""F"", ""B""]"	audio	audio.mastermix.wav	data/chorale-bricks/Gesius_DuFriedensfuerstHerrJesuChrist/audio.mastermix.wav	A	"[""A"", ""none of the other options is correct"", ""B flat"", ""G"", ""D""]"	0.2	0	"[""A"", ""B"", ""C"", ""D"", ""E""]"	"{""A"": ""none of the other options is correct"", ""B"": ""D"", ""C"": ""A"", ""D"": ""G"", ""E"": ""B flat""}"	"[""(A) none of the other options is correct"", ""(B) D"", ""(C) A"", ""(D) G"", ""(E) B flat""]"	(C) A	C
1607faee-2f2e-5705-bb88-0ec4ed68f028	1	perception	pitch	absolute	pitch-absolute	pitch-recognition		pitch recognition	What is the pitch name of the {target_index} {voice} note in the provided excerpt?	"[""target_index"", ""voice""]"	get_nth_note	symbolic.musicxml	pitch	"{""target_index"": ""14th"", ""voice"": ""soprano""}"	What is the pitch name of the 14th soprano note in the provided excerpt?	Gesius_DuFriedensfuerstHerrJesuChrist	chorale-bricks	Gesius_DuFriedensfuerstHerrJesuChrist	data/chorale-bricks/Gesius_DuFriedensfuerstHerrJesuChrist	A	"[""B"", ""B flat"", ""C"", ""D"", ""E"", ""F"", ""G""]"	"[""B flat"", ""G"", ""D"", ""C"", ""E"", ""F"", ""B""]"	symbolic	symbolic.abc.txt	data/chorale-bricks/Gesius_DuFriedensfuerstHerrJesuChrist/symbolic.abc.txt	A	"[""A"", ""none of the other options is correct"", ""B flat"", ""G"", ""D""]"	0.2	0	"[""A"", ""B"", ""C"", ""D"", ""E""]"	"{""A"": ""none of the other options is correct"", ""B"": ""G"", ""C"": ""B flat"", ""D"": ""D"", ""E"": ""A""}"	"[""(A) none of the other options is correct"", ""(B) G"", ""(C) B flat"", ""(D) D"", ""(E) A""]"	(E) A	E
5c58490f-b8a3-52b6-9ce4-2ffcda639a9f	1	perception	pitch	absolute	pitch-absolute	pitch-recognition		pitch recognition	What is the pitch name of the {target_index} {voice} note in the provided excerpt?	"[""target_index"", ""voice""]"	get_nth_note	symbolic.musicxml	pitch	"{""target_index"": ""14th"", ""voice"": ""soprano""}"	What is the pitch name of the 14th soprano note in the provided excerpt?	Gesius_DuFriedensfuerstHerrJesuChrist	chorale-bricks	Gesius_DuFriedensfuerstHerrJesuChrist	data/chorale-bricks/Gesius_DuFriedensfuerstHerrJesuChrist	A	"[""B"", ""B flat"", ""C"", ""D"", ""E"", ""F"", ""G""]"	"[""B flat"", ""G"", ""D"", ""C"", ""E"", ""F"", ""B""]"	visual	visual.short.png	data/chorale-bricks/Gesius_DuFriedensfuerstHerrJesuChrist/visual.short.png	A	"[""A"", ""none of the other options is correct"", ""B flat"", ""G"", ""D""]"	0.2	0	"[""A"", ""B"", ""C"", ""D"", ""E""]"	"{""A"": ""B flat"", ""B"": ""D"", ""C"": ""G"", ""D"": ""A"", ""E"": ""none of the other options is correct""}"	"[""(A) B flat"", ""(B) D"", ""(C) G"", ""(D) A"", ""(E) none of the other options is correct""]"	(D) A	D
5f244240-f3a2-54bf-87d3-a6750f850db5	1	perception	pitch	absolute	pitch-absolute	pitch-recognition		pitch recognition	What is the pitch name of the {target_index} {voice} note in the provided excerpt?	"[""target_index"", ""voice""]"	get_nth_note	symbolic.musicxml	pitch	"{""target_index"": ""14th"", ""voice"": ""soprano""}"	What is the pitch name of the 14th soprano note in the provided excerpt?	Crueger_AufAufMeinHerzMitFreuden	chorale-bricks	Crueger_AufAufMeinHerzMitFreuden	data/chorale-bricks/Crueger_AufAufMeinHerzMitFreuden	B	"[""A"", ""B flat"", ""C"", ""C sharp"", ""D"", ""E"", ""F"", ""F sharp"", ""G"", ""G sharp""]"	"[""G sharp"", ""A"", ""E"", ""F"", ""C sharp"", ""C"", ""B flat"", ""D"", ""G"", ""F sharp""]"	audio	audio.mastermix.wav	data/chorale-bricks/Crueger_AufAufMeinHerzMitFreuden/audio.mastermix.wav	none of the other options is correct	"[""none of the other options is correct"", ""G sharp"", ""A"", ""E"", ""F""]"	0.2	1	"[""A"", ""B"", ""C"", ""D"", ""E""]"	"{""A"": ""F"", ""B"": ""E"", ""C"": ""A"", ""D"": ""none of the other options is correct"", ""E"": ""G sharp""}"	"[""(A) F"", ""(B) E"", ""(C) A"", ""(D) none of the other options is correct"", ""(E) G sharp""]"	(D) none of the other options is correct	D
32a38860-4e1e-5ba6-baab-866be5bd068a	1	perception	pitch	absolute	pitch-absolute	pitch-recognition		pitch recognition	What is the pitch name of the {target_index} {voice} note in the provided excerpt?	"[""target_index"", ""voice""]"	get_nth_note	symbolic.musicxml	pitch	"{""target_index"": ""14th"", ""voice"": ""soprano""}"	What is the pitch name of the 14th soprano note in the provided excerpt?	Crueger_AufAufMeinHerzMitFreuden	chorale-bricks	Crueger_AufAufMeinHerzMitFreuden	data/chorale-bricks/Crueger_AufAufMeinHerzMitFreuden	B	"[""A"", ""B flat"", ""C"", ""C sharp"", ""D"", ""E"", ""F"", ""F sharp"", ""G"", ""G sharp""]"	"[""G sharp"", ""A"", ""E"", ""F"", ""C sharp"", ""C"", ""B flat"", ""D"", ""G"", ""F sharp""]"	symbolic	symbolic.abc.txt	data/chorale-bricks/Crueger_AufAufMeinHerzMitFreuden/symbolic.abc.txt	B	"[""B"", ""none of the other options is correct"", ""G sharp"", ""A"", ""E""]"	0.2	0	"[""A"", ""B"", ""C"", ""D"", ""E""]"	"{""A"": ""none of the other options is correct"", ""B"": ""B"", ""C"": ""G sharp"", ""D"": ""A"", ""E"": ""E""}"	"[""(A) none of the other options is correct"", ""(B) B"", ""(C) G sharp"", ""(D) A"", ""(E) E""]"	(B) B	B
75b0406b-7b0e-5360-9634-e4e00c242a83	1	perception	pitch	absolute	pitch-absolute	pitch-recognition		pitch recognition	What is the pitch name of the {target_index} {voice} note in the provided excerpt?	"[""target_index"", ""voice""]"	get_nth_note	symbolic.musicxml	pitch	"{""target_index"": ""14th"", ""voice"": ""soprano""}"	What is the pitch name of the 14th soprano note in the provided excerpt?	Crueger_AufAufMeinHerzMitFreuden	chorale-bricks	Crueger_AufAufMeinHerzMitFreuden	data/chorale-bricks/Crueger_AufAufMeinHerzMitFreuden	B	"[""A"", ""B flat"", ""C"", ""C sharp"", ""D"", ""E"", ""F"", ""F sharp"", ""G"", ""G sharp""]"	"[""G sharp"", ""A"", ""E"", ""F"", ""C sharp"", ""C"", ""B flat"", ""D"", ""G"", ""F sharp""]"	visual	visual.short.png	data/chorale-bricks/Crueger_AufAufMeinHerzMitFreuden/visual.short.png	B	"[""B"", ""none of the other options is correct"", ""G sharp"", ""A"", ""E""]"	0.2	0	"[""A"", ""B"", ""C"", ""D"", ""E""]"	"{""A"": ""E"", ""B"": ""none of the other options is correct"", ""C"": ""G sharp"", ""D"": ""A"", ""E"": ""B""}"	"[""(A) E"", ""(B) none of the other options is correct"", ""(C) G sharp"", ""(D) A"", ""(E) B""]"	(E) B	E
e5c5d0ef-c599-5bdb-a887-1eb9edb81c9b	1	perception	pitch	absolute	pitch-absolute	pitch-recognition		pitch recognition	What is the pitch name of the {target_index} {voice} note in the provided excerpt?	"[""target_index"", ""voice""]"	get_nth_note	symbolic.musicxml	pitch	"{""target_index"": ""35th"", ""voice"": ""tenor""}"	What is the pitch name of the 35th tenor note in the provided excerpt?	Telemann_DerLiebenSonneLichtUndPracht	chorale-bricks	Telemann_DerLiebenSonneLichtUndPracht	data/chorale-bricks/Telemann_DerLiebenSonneLichtUndPracht	E	"[""A"", ""B"", ""C"", ""C sharp"", ""D"", ""D sharp"", ""F sharp"", ""G""]"	"[""D"", ""C sharp"", ""D sharp"", ""A"", ""G"", ""B"", ""C"", ""F sharp""]"	audio	audio.mastermix.wav	data/chorale-bricks/Telemann_DerLiebenSonneLichtUndPracht/audio.mastermix.wav	E	"[""E"", ""none of the other options is correct"", ""D"", ""C sharp"", ""D sharp""]"	0.2	0	"[""A"", ""B"", ""C"", ""D"", ""E""]"	"{""A"": ""D"", ""B"": ""E"", ""C"": ""C sharp"", ""D"": ""D sharp"", ""E"": ""none of the other options is correct""}"	"[""(A) D"", ""(B) E"", ""(C) C sharp"", ""(D) D sharp"", ""(E) none of the other options is correct""]"	(B) E	B
2429c59d-ff5f-5d49-8269-927108a53c87	1	perception	pitch	absolute	pitch-absolute	pitch-recognition		pitch recognition	What is the pitch name of the {target_index} {voice} note in the provided excerpt?	"[""target_index"", ""voice""]"	get_nth_note	symbolic.musicxml	pitch	"{""target_index"": ""35th"", ""voice"": ""tenor""}"	What is the pitch name of the 35th tenor note in the provided excerpt?	Telemann_DerLiebenSonneLichtUndPracht	chorale-bricks	Telemann_DerLiebenSonneLichtUndPracht	data/chorale-bricks/Telemann_DerLiebenSonneLichtUndPracht	E	"[""A"", ""B"", ""C"", ""C sharp"", ""D"", ""D sharp"", ""F sharp"", ""G""]"	"[""D"", ""C sharp"", ""D sharp"", ""A"", ""G"", ""B"", ""C"", ""F sharp""]"	symbolic	symbolic.abc.txt	data/chorale-bricks/Telemann_DerLiebenSonneLichtUndPracht/symbolic.abc.txt	E	"[""E"", ""none of the other options is correct"", ""D"", ""C sharp"", ""D sharp""]"	0.2	0	"[""A"", ""B"", ""C"", ""D"", ""E""]"	"{""A"": ""none of the other options is correct"", ""B"": ""D sharp"", ""C"": ""D"", ""D"": ""C sharp"", ""E"": ""E""}"	"[""(A) none of the other options is correct"", ""(B) D sharp"", ""(C) D"", ""(D) C sharp"", ""(E) E""]"	(E) E	E
a2cd74ae-8209-5c69-8841-3d7fa5b6d746	1	perception	pitch	absolute	pitch-absolute	pitch-recognition		pitch recognition	What is the pitch name of the {target_index} {voice} note in the provided excerpt?	"[""target_index"", ""voice""]"	get_nth_note	symbolic.musicxml	pitch	"{""target_index"": ""35th"", ""voice"": ""tenor""}"	What is the pitch name of the 35th tenor note in the provided excerpt?	Telemann_DerLiebenSonneLichtUndPracht	chorale-bricks	Telemann_DerLiebenSonneLichtUndPracht	data/chorale-bricks/Telemann_DerLiebenSonneLichtUndPracht	E	"[""A"", ""B"", ""C"", ""C sharp"", ""D"", ""D sharp"", ""F sharp"", ""G""]"	"[""D"", ""C sharp"", ""D sharp"", ""A"", ""G"", ""B"", ""C"", ""F sharp""]"	visual	visual.short.png	data/chorale-bricks/Telemann_DerLiebenSonneLichtUndPracht/visual.short.png	E	"[""E"", ""none of the other options is correct"", ""D"", ""C sharp"", ""D sharp""]"	0.2	0	"[""A"", ""B"", ""C"", ""D"", ""E""]"	"{""A"": ""C sharp"", ""B"": ""D"", ""C"": ""D sharp"", ""D"": ""E"", ""E"": ""none of the other options is correct""}"	"[""(A) C sharp"", ""(B) D"", ""(C) D sharp"", ""(D) E"", ""(E) none of the other options is correct""]"	(D) E	D
63a3c2ca-e9ff-5330-967d-f632d9277da6	1	perception	pitch	absolute	pitch-absolute	pitch-recognition		pitch recognition	What is the pitch name of the {target_index} {voice} note in the provided excerpt?	"[""target_index"", ""voice""]"	get_nth_note	symbolic.musicxml	pitch	"{""target_index"": ""3rd"", ""voice"": ""soprano""}"	What is the pitch name of the 3rd soprano note in the provided excerpt?	Telemann_DerLiebenSonneLichtUndPracht	chorale-bricks	Telemann_DerLiebenSonneLichtUndPracht	data/chorale-bricks/Telemann_DerLiebenSonneLichtUndPracht	G	"[""A"", ""B"", ""C"", ""C sharp"", ""D"", ""D sharp"", ""E"", ""F sharp""]"	"[""B"", ""F sharp"", ""A"", ""E"", ""D sharp"", ""C sharp"", ""C"", ""D""]"	audio	audio.mastermix.wav	data/chorale-bricks/Telemann_DerLiebenSonneLichtUndPracht/audio.mastermix.wav	G	"[""G"", ""none of the other options is correct"", ""B"", ""F sharp"", ""A""]"	0.2	0	"[""A"", ""B"", ""C"", ""D"", ""E""]"	"{""A"": ""B"", ""B"": ""G"", ""C"": ""F sharp"", ""D"": ""none of the other options is correct"", ""E"": ""A""}"	"[""(A) B"", ""(B) G"", ""(C) F sharp"", ""(D) none of the other options is correct"", ""(E) A""]"	(B) G	B
f09ed117-61dd-5d88-aaca-67b28ef2bff8	1	perception	pitch	absolute	pitch-absolute	pitch-recognition		pitch recognition	What is the pitch name of the {target_index} {voice} note in the provided excerpt?	"[""target_index"", ""voice""]"	get_nth_note	symbolic.musicxml	pitch	"{""target_index"": ""3rd"", ""voice"": ""soprano""}"	What is the pitch name of the 3rd soprano note in the provided excerpt?	Telemann_DerLiebenSonneLichtUndPracht	chorale-bricks	Telemann_DerLiebenSonneLichtUndPracht	data/chorale-bricks/Telemann_DerLiebenSonneLichtUndPracht	G	"[""A"", ""B"", ""C"", ""C sharp"", ""D"", ""D sharp"", ""E"", ""F sharp""]"	"[""B"", ""F sharp"", ""A"", ""E"", ""D sharp"", ""C sharp"", ""C"", ""D""]"	symbolic	symbolic.abc.txt	data/chorale-bricks/Telemann_DerLiebenSonneLichtUndPracht/symbolic.abc.txt	G	"[""G"", ""none of the other options is correct"", ""B"", ""F sharp"", ""A""]"	0.2	0	"[""A"", ""B"", ""C"", ""D"", ""E""]"	"{""A"": ""B"", ""B"": ""G"", ""C"": ""none of the other options is correct"", ""D"": ""F sharp"", ""E"": ""A""}"	"[""(A) B"", ""(B) G"", ""(C) none of the other options is correct"", ""(D) F sharp"", ""(E) A""]"	(B) G	B
79ebd7ae-8a73-56b3-9fec-0c7ee218b995	1	perception	pitch	absolute	pitch-absolute	pitch-recognition		pitch recognition	What is the pitch name of the {target_index} {voice} note in the provided excerpt?	"[""target_index"", ""voice""]"	get_nth_note	symbolic.musicxml	pitch	"{""target_index"": ""3rd"", ""voice"": ""soprano""}"	What is the pitch name of the 3rd soprano note in the provided excerpt?	Telemann_DerLiebenSonneLichtUndPracht	chorale-bricks	Telemann_DerLiebenSonneLichtUndPracht	data/chorale-bricks/Telemann_DerLiebenSonneLichtUndPracht	G	"[""A"", ""B"", ""C"", ""C sharp"", ""D"", ""D sharp"", ""E"", ""F sharp""]"	"[""B"", ""F sharp"", ""A"", ""E"", ""D sharp"", ""C sharp"", ""C"", ""D""]"	visual	visual.short.png	data/chorale-bricks/Telemann_DerLiebenSonneLichtUndPracht/visual.short.png	G	"[""G"", ""none of the other options is correct"", ""B"", ""F sharp"", ""A""]"	0.2	0	"[""A"", ""B"", ""C"", ""D"", ""E""]"	"{""A"": ""B"", ""B"": ""G"", ""C"": ""none of the other options is correct"", ""D"": ""A"", ""E"": ""F sharp""}"	"[""(A) B"", ""(B) G"", ""(C) none of the other options is correct"", ""(D) A"", ""(E) F sharp""]"	(B) G	B
1e88532d-7add-55bc-a0dd-6448d5bb7a9e	1	perception	pitch	absolute	pitch-absolute	pitch-recognition		pitch recognition	What is the pitch name of the {target_index} {voice} note in the provided excerpt?	"[""target_index"", ""voice""]"	get_nth_note	symbolic.musicxml	pitch	"{""target_index"": ""25th"", ""voice"": ""soprano""}"	What is the pitch name of the 25th soprano note in the provided excerpt?	Vulpius_DieHelleSonnLeuchtJetztHerfuer	chorale-bricks	Vulpius_DieHelleSonnLeuchtJetztHerfuer	data/chorale-bricks/Vulpius_DieHelleSonnLeuchtJetztHerfuer	A	"[""A sharp"", ""B"", ""C sharp"", ""D"", ""E"", ""F sharp"", ""G"", ""G sharp""]"	"[""F sharp"", ""C sharp"", ""D"", ""B"", ""G"", ""G sharp"", ""A sharp"", ""E""]"	audio	audio.mastermix.wav	data/chorale-bricks/Vulpius_DieHelleSonnLeuchtJetztHerfuer/audio.mastermix.wav	none of the other options is correct	"[""none of the other options is correct"", ""F sharp"", ""C sharp"", ""D"", ""B""]"	0.2	1	"[""A"", ""B"", ""C"", ""D"", ""E""]"	"{""A"": ""C sharp"", ""B"": ""F sharp"", ""C"": ""none of the other options is correct"", ""D"": ""D"", ""E"": ""B""}"	"[""(A) C sharp"", ""(B) F sharp"", ""(C) none of the other options is correct"", ""(D) D"", ""(E) B""]"	(C) none of the other options is correct	C
feaeebe5-88ce-5101-9766-1360bb90a14b	1	perception	pitch	absolute	pitch-absolute	pitch-recognition		pitch recognition	What is the pitch name of the {target_index} {voice} note in the provided excerpt?	"[""target_index"", ""voice""]"	get_nth_note	symbolic.musicxml	pitch	"{""target_index"": ""25th"", ""voice"": ""soprano""}"	What is the pitch name of the 25th soprano note in the provided excerpt?	Vulpius_DieHelleSonnLeuchtJetztHerfuer	chorale-bricks	Vulpius_DieHelleSonnLeuchtJetztHerfuer	data/chorale-bricks/Vulpius_DieHelleSonnLeuchtJetztHerfuer	A	"[""A sharp"", ""B"", ""C sharp"", ""D"", ""E"", ""F sharp"", ""G"", ""G sharp""]"	"[""F sharp"", ""C sharp"", ""D"", ""B"", ""G"", ""G sharp"", ""A sharp"", ""E""]"	symbolic	symbolic.abc.txt	data/chorale-bricks/Vulpius_DieHelleSonnLeuchtJetztHerfuer/symbolic.abc.txt	none of the other options is correct	"[""none of the other options is correct"", ""F sharp"", ""C sharp"", ""D"", ""B""]"	0.2	1	"[""A"", ""B"", ""C"", ""D"", ""E""]"	"{""A"": ""F sharp"", ""B"": ""D"", ""C"": ""none of the other options is correct"", ""D"": ""C sharp"", ""E"": ""B""}"	"[""(A) F sharp"", ""(B) D"", ""(C) none of the other options is correct"", ""(D) C sharp"", ""(E) B""]"	(C) none of the other options is correct	C
6cf2acf5-f64c-5528-8016-d8248fb25a29	1	perception	pitch	absolute	pitch-absolute	pitch-recognition		pitch recognition	What is the pitch name of the {target_index} {voice} note in the provided excerpt?	"[""target_index"", ""voice""]"	get_nth_note	symbolic.musicxml	pitch	"{""target_index"": ""25th"", ""voice"": ""soprano""}"	What is the pitch name of the 25th soprano note in the provided excerpt?	Vulpius_DieHelleSonnLeuchtJetztHerfuer	chorale-bricks	Vulpius_DieHelleSonnLeuchtJetztHerfuer	data/chorale-bricks/Vulpius_DieHelleSonnLeuchtJetztHerfuer	A	"[""A sharp"", ""B"", ""C sharp"", ""D"", ""E"", ""F sharp"", ""G"", ""G sharp""]"	"[""F sharp"", ""C sharp"", ""D"", ""B"", ""G"", ""G sharp"", ""A sharp"", ""E""]"	visual	visual.short.png	data/chorale-bricks/Vulpius_DieHelleSonnLeuchtJetztHerfuer/visual.short.png	A	"[""A"", ""none of the other options is correct"", ""F sharp"", ""C sharp"", ""D""]"	0.2	0	"[""A"", ""B"", ""C"", ""D"", ""E""]"	"{""A"": ""D"", ""B"": ""F sharp"", ""C"": ""A"", ""D"": ""C sharp"", ""E"": ""none of the other options is correct""}"	"[""(A) D"", ""(B) F sharp"", ""(C) A"", ""(D) C sharp"", ""(E) none of the other options is correct""]"	(C) A	C
ff43d904-f5fc-54df-984e-005d2d6b8475	1	perception	pitch	absolute	pitch-absolute	pitch-recognition		pitch recognition	What is the pitch name of the {target_index} {voice} note in the provided excerpt?	"[""target_index"", ""voice""]"	get_nth_note	symbolic.musicxml	pitch	"{""target_index"": ""28th"", ""voice"": ""alto""}"	What is the pitch name of the 28th alto note in the provided excerpt?	Drese_JesuGehVoran	chorale-bricks	Drese_JesuGehVoran	data/chorale-bricks/Drese_JesuGehVoran	E	"[""A"", ""B"", ""C"", ""D"", ""D sharp"", ""F sharp"", ""G""]"	"[""G"", ""A"", ""D"", ""D sharp"", ""C"", ""B"", ""F sharp""]"	audio	audio.mastermix.wav	data/chorale-bricks/Drese_JesuGehVoran/audio.mastermix.wav	E	"[""E"", ""none of the other options is correct"", ""G"", ""A"", ""D""]"	0.2	0	"[""A"", ""B"", ""C"", ""D"", ""E""]"	"{""A"": ""none of the other options is correct"", ""B"": ""D"", ""C"": ""G"", ""D"": ""E"", ""E"": ""A""}"	"[""(A) none of the other options is correct"", ""(B) D"", ""(C) G"", ""(D) E"", ""(E) A""]"	(D) E	D
e70a17f0-55bb-5fa6-8670-b810fe62e5ec	1	perception	pitch	absolute	pitch-absolute	pitch-recognition		pitch recognition	What is the pitch name of the {target_index} {voice} note in the provided excerpt?	"[""target_index"", ""voice""]"	get_nth_note	symbolic.musicxml	pitch	"{""target_index"": ""28th"", ""voice"": ""alto""}"	What is the pitch name of the 28th alto note in the provided excerpt?	Drese_JesuGehVoran	chorale-bricks	Drese_JesuGehVoran	data/chorale-bricks/Drese_JesuGehVoran	E	"[""A"", ""B"", ""C"", ""D"", ""D sharp"", ""F sharp"", ""G""]"	"[""G"", ""A"", ""D"", ""D sharp"", ""C"", ""B"", ""F sharp""]"	symbolic	symbolic.abc.txt	data/chorale-bricks/Drese_JesuGehVoran/symbolic.abc.txt	none of the other options is correct	"[""none of the other options is correct"", ""G"", ""A"", ""D"", ""D sharp""]"	0.2	1	"[""A"", ""B"", ""C"", ""D"", ""E""]"	"{""A"": ""G"", ""B"": ""D sharp"", ""C"": ""none of the other options is correct"", ""D"": ""A"", ""E"": ""D""}"	"[""(A) G"", ""(B) D sharp"", ""(C) none of the other options is correct"", ""(D) A"", ""(E) D""]"	(C) none of the other options is correct	C
a648b083-a4df-5011-90dc-f8bd62bf0272	1	perception	pitch	absolute	pitch-absolute	pitch-recognition		pitch recognition	What is the pitch name of the {target_index} {voice} note in the provided excerpt?	"[""target_index"", ""voice""]"	get_nth_note	symbolic.musicxml	pitch	"{""target_index"": ""28th"", ""voice"": ""alto""}"	What is the pitch name of the 28th alto note in the provided excerpt?	Drese_JesuGehVoran	chorale-bricks	Drese_JesuGehVoran	data/chorale-bricks/Drese_JesuGehVoran	E	"[""A"", ""B"", ""C"", ""D"", ""D sharp"", ""F sharp"", ""G""]"	"[""G"", ""A"", ""D"", ""D sharp"", ""C"", ""B"", ""F sharp""]"	visual	visual.short.png	data/chorale-bricks/Drese_JesuGehVoran/visual.short.png	E	"[""E"", ""none of the other options is correct"", ""G"", ""A"", ""D""]"	0.2	0	"[""A"", ""B"", ""C"", ""D"", ""E""]"	"{""A"": ""A"", ""B"": ""none of the other options is correct"", ""C"": ""G"", ""D"": ""E"", ""E"": ""D""}"	"[""(A) A"", ""(B) none of the other options is correct"", ""(C) G"", ""(D) E"", ""(E) D""]"	(D) E	D
8b8eadfa-a6c9-5b43-baa5-7ebbeb3270e7	2	perception	pitch	absolute	pitch-absolute	pitch-recognition		pitch statistics	How many times is the note {pitch} present in the {voice} line?	"[""voice"", ""pitch""]"	get_note_quantity		pitch	"{""voice"": ""tenor"", ""pitch"": ""C""}"	How many times is the note C present in the tenor line?	Jan_DuGrosserSchmerzensmann	chorale-bricks	Jan_DuGrosserSchmerzensmann	data/chorale-bricks/Jan_DuGrosserSchmerzensmann	7	"[""1"", ""2"", ""3"", ""5"", ""6"", ""8"", ""9"", ""12"", ""13"", ""14"", ""19""]"	"[""5"", ""8"", ""9"", ""13"", ""12"", ""3"", ""2"", ""19"", ""6"", ""14"", ""1""]"	audio	audio.mastermix.wav	data/chorale-bricks/Jan_DuGrosserSchmerzensmann/audio.mastermix.wav	none of the other options is correct	"[""none of the other options is correct"", ""5"", ""8"", ""9"", ""13""]"	0.2	1	"[""A"", ""B"", ""C"", ""D"", ""E""]"	"{""A"": ""13"", ""B"": ""9"", ""C"": ""5"", ""D"": ""none of the other options is correct"", ""E"": ""8""}"	"[""(A) 13"", ""(B) 9"", ""(C) 5"", ""(D) none of the other options is correct"", ""(E) 8""]"	(D) none of the other options is correct	D
729a54de-402f-5fad-babd-25e2a2d2337a	2	perception	pitch	absolute	pitch-absolute	pitch-recognition		pitch statistics	How many times is the note {pitch} present in the {voice} line?	"[""voice"", ""pitch""]"	get_note_quantity		pitch	"{""voice"": ""tenor"", ""pitch"": ""C""}"	How many times is the note C present in the tenor line?	Jan_DuGrosserSchmerzensmann	chorale-bricks	Jan_DuGrosserSchmerzensmann	data/chorale-bricks/Jan_DuGrosserSchmerzensmann	7	"[""1"", ""2"", ""3"", ""5"", ""6"", ""8"", ""9"", ""12"", ""13"", ""14"", ""19""]"	"[""5"", ""8"", ""9"", ""13"", ""12"", ""3"", ""2"", ""19"", ""6"", ""14"", ""1""]"	symbolic	symbolic.abc.txt	data/chorale-bricks/Jan_DuGrosserSchmerzensmann/symbolic.abc.txt	7	"[""7"", ""none of the other options is correct"", ""5"", ""8"", ""9""]"	0.2	0	"[""A"", ""B"", ""C"", ""D"", ""E""]"	"{""A"": ""7"", ""B"": ""9"", ""C"": ""5"", ""D"": ""8"", ""E"": ""none of the other options is correct""}"	"[""(A) 7"", ""(B) 9"", ""(C) 5"", ""(D) 8"", ""(E) none of the other options is correct""]"	(A) 7	A
c89c828a-c160-5255-9664-9798c4679fa0	2	perception	pitch	absolute	pitch-absolute	pitch-recognition		pitch statistics	How many times is the note {pitch} present in the {voice} line?	"[""voice"", ""pitch""]"	get_note_quantity		pitch	"{""voice"": ""tenor"", ""pitch"": ""C""}"	How many times is the note C present in the tenor line?	Jan_DuGrosserSchmerzensmann	chorale-bricks	Jan_DuGrosserSchmerzensmann	data/chorale-bricks/Jan_DuGrosserSchmerzensmann	7	"[""1"", ""2"", ""3"", ""5"", ""6"", ""8"", ""9"", ""12"", ""13"", ""14"", ""19""]"	"[""5"", ""8"", ""9"", ""13"", ""12"", ""3"", ""2"", ""19"", ""6"", ""14"", ""1""]"	visual	visual.short.png	data/chorale-bricks/Jan_DuGrosserSchmerzensmann/visual.short.png	none of the other options is correct	"[""none of the other options is correct"", ""5"", ""8"", ""9"", ""13""]"	0.2	1	"[""A"", ""B"", ""C"", ""D"", ""E""]"	"{""A"": ""5"", ""B"": ""8"", ""C"": ""13"", ""D"": ""none of the other options is correct"", ""E"": ""9""}"	"[""(A) 5"", ""(B) 8"", ""(C) 13"", ""(D) none of the other options is correct"", ""(E) 9""]"	(D) none of the other options is correct	D
8ac8288c-c2a6-5f38-b53e-dc5d1f5aa809	2	perception	pitch	absolute	pitch-absolute	pitch-recognition		pitch statistics	How many times is the note {pitch} present in the {voice} line?	"[""voice"", ""pitch""]"	get_note_quantity		pitch	"{""voice"": ""soprano"", ""pitch"": ""E flat""}"	How many times is the note E flat present in the soprano line?	Vulpius_ChristusDerIstMeinLeben	chorale-bricks	Vulpius_ChristusDerIstMeinLeben	data/chorale-bricks/Vulpius_ChristusDerIstMeinLeben	0	"[""1"", ""2"", ""3"", ""4"", ""5"", ""6"", ""7"", ""8"", ""10"", ""11"", ""14""]"	"[""3"", ""7"", ""14"", ""5"", ""1"", ""8"", ""10"", ""11"", ""4"", ""2"", ""6""]"	audio	audio.mastermix.wav	data/chorale-bricks/Vulpius_ChristusDerIstMeinLeben/audio.mastermix.wav	0	"[""0"", ""none of the other options is correct"", ""3"", ""7"", ""14""]"	0.2	0	"[""A"", ""B"", ""C"", ""D"", ""E""]"	"{""A"": ""3"", ""B"": ""0"", ""C"": ""7"", ""D"": ""none of the other options is correct"", ""E"": ""14""}"	"[""(A) 3"", ""(B) 0"", ""(C) 7"", ""(D) none of the other options is correct"", ""(E) 14""]"	(B) 0	B
36c1e7e5-99e6-5279-8f36-c7fca301b003	2	perception	pitch	absolute	pitch-absolute	pitch-recognition		pitch statistics	How many times is the note {pitch} present in the {voice} line?	"[""voice"", ""pitch""]"	get_note_quantity		pitch	"{""voice"": ""soprano"", ""pitch"": ""E flat""}"	How many times is the note E flat present in the soprano line?	Vulpius_ChristusDerIstMeinLeben	chorale-bricks	Vulpius_ChristusDerIstMeinLeben	data/chorale-bricks/Vulpius_ChristusDerIstMeinLeben	0	"[""1"", ""2"", ""3"", ""4"", ""5"", ""6"", ""7"", ""8"", ""10"", ""11"", ""14""]"	"[""3"", ""7"", ""14"", ""5"", ""1"", ""8"", ""10"", ""11"", ""4"", ""2"", ""6""]"	symbolic	symbolic.abc.txt	data/chorale-bricks/Vulpius_ChristusDerIstMeinLeben/symbolic.abc.txt	0	"[""0"", ""none of the other options is correct"", ""3"", ""7"", ""14""]"	0.2	0	"[""A"", ""B"", ""C"", ""D"", ""E""]"	"{""A"": ""3"", ""B"": ""none of the other options is correct"", ""C"": ""7"", ""D"": ""14"", ""E"": ""0""}"	"[""(A) 3"", ""(B) none of the other options is correct"", ""(C) 7"", ""(D) 14"", ""(E) 0""]"	(E) 0	E
aaf14f22-064a-5b21-a909-94799a8b038e	2	perception	pitch	absolute	pitch-absolute	pitch-recognition		pitch statistics	How many times is the note {pitch} present in the {voice} line?	"[""voice"", ""pitch""]"	get_note_quantity		pitch	"{""voice"": ""soprano"", ""pitch"": ""E flat""}"	How many times is the note E flat present in the soprano line?	Vulpius_ChristusDerIstMeinLeben	chorale-bricks	Vulpius_ChristusDerIstMeinLeben	data/chorale-bricks/Vulpius_ChristusDerIstMeinLeben	0	"[""1"", ""2"", ""3"", ""4"", ""5"", ""6"", ""7"", ""8"", ""10"", ""11"", ""14""]"	"[""3"", ""7"", ""14"", ""5"", ""1"", ""8"", ""10"", ""11"", ""4"", ""2"", ""6""]"	visual	visual.short.png	data/chorale-bricks/Vulpius_ChristusDerIstMeinLeben/visual.short.png	none of the other options is correct	"[""none of the other options is correct"", ""3"", ""7"", ""14"", ""5""]"	0.2	1	"[""A"", ""B"", ""C"", ""D"", ""E""]"	"{""A"": ""7"", ""B"": ""14"", ""C"": ""none of the other options is correct"", ""D"": ""5"", ""E"": ""3""}"	"[""(A) 7"", ""(B) 14"", ""(C) none of the other options is correct"", ""(D) 5"", ""(E) 3""]"	(C) none of the other options is correct	C
9ea5ff6c-1c38-561c-a2c3-5362a8a3586a	2	perception	pitch	absolute	pitch-absolute	pitch-recognition		pitch statistics	How many times is the note {pitch} present in the {voice} line?	"[""voice"", ""pitch""]"	get_note_quantity		pitch	"{""voice"": ""soprano"", ""pitch"": ""F sharp""}"	How many times is the note F sharp present in the soprano line?	Telemann_DerLiebenSonneLichtUndPracht	chorale-bricks	Telemann_DerLiebenSonneLichtUndPracht	data/chorale-bricks/Telemann_DerLiebenSonneLichtUndPracht	6	"[""2"", ""3"", ""4"", ""5"", ""7"", ""8"", ""9"", ""10"", ""11"", ""12"", ""13"", ""14"", ""19"", ""21""]"	"[""19"", ""13"", ""12"", ""9"", ""11"", ""7"", ""3"", ""8"", ""2"", ""10"", ""14"", ""4"", ""5"", ""21""]"	audio	audio.mastermix.wav	data/chorale-bricks/Telemann_DerLiebenSonneLichtUndPracht/audio.mastermix.wav	none of the other options is correct	"[""none of the other options is correct"", ""19"", ""13"", ""12"", ""9""]"	0.2	1	"[""A"", ""B"", ""C"", ""D"", ""E""]"	"{""A"": ""12"", ""B"": ""9"", ""C"": ""19"", ""D"": ""13"", ""E"": ""none of the other options is correct""}"	"[""(A) 12"", ""(B) 9"", ""(C) 19"", ""(D) 13"", ""(E) none of the other options is correct""]"	(E) none of the other options is correct	E
81f2b463-69ef-5ee3-aaeb-7d976c471603	2	perception	pitch	absolute	pitch-absolute	pitch-recognition		pitch statistics	How many times is the note {pitch} present in the {voice} line?	"[""voice"", ""pitch""]"	get_note_quantity		pitch	"{""voice"": ""soprano"", ""pitch"": ""F sharp""}"	How many times is the note F sharp present in the soprano line?	Telemann_DerLiebenSonneLichtUndPracht	chorale-bricks	Telemann_DerLiebenSonneLichtUndPracht	data/chorale-bricks/Telemann_DerLiebenSonneLichtUndPracht	6	"[""2"", ""3"", ""4"", ""5"", ""7"", ""8"", ""9"", ""10"", ""11"", ""12"", ""13"", ""14"", ""19"", ""21""]"	"[""19"", ""13"", ""12"", ""9"", ""11"", ""7"", ""3"", ""8"", ""2"", ""10"", ""14"", ""4"", ""5"", ""21""]"	symbolic	symbolic.abc.txt	data/chorale-bricks/Telemann_DerLiebenSonneLichtUndPracht/symbolic.abc.txt	6	"[""6"", ""none of the other options is correct"", ""19"", ""13"", ""12""]"	0.2	0	"[""A"", ""B"", ""C"", ""D"", ""E""]"	"{""A"": ""none of the other options is correct"", ""B"": ""6"", ""C"": ""12"", ""D"": ""19"", ""E"": ""13""}"	"[""(A) none of the other options is correct"", ""(B) 6"", ""(C) 12"", ""(D) 19"", ""(E) 13""]"	(B) 6	B
7b3e0e6f-2c8b-5e14-a4db-f9d026c6c69e	2	perception	pitch	absolute	pitch-absolute	pitch-recognition		pitch statistics	How many times is the note {pitch} present in the {voice} line?	"[""voice"", ""pitch""]"	get_note_quantity		pitch	"{""voice"": ""soprano"", ""pitch"": ""F sharp""}"	How many times is the note F sharp present in the soprano line?	Telemann_DerLiebenSonneLichtUndPracht	chorale-bricks	Telemann_DerLiebenSonneLichtUndPracht	data/chorale-bricks/Telemann_DerLiebenSonneLichtUndPracht	6	"[""2"", ""3"", ""4"", ""5"", ""7"", ""8"", ""9"", ""10"", ""11"", ""12"", ""13"", ""14"", ""19"", ""21""]"	"[""19"", ""13"", ""12"", ""9"", ""11"", ""7"", ""3"", ""8"", ""2"", ""10"", ""14"", ""4"", ""5"", ""21""]"	visual	visual.short.png	data/chorale-bricks/Telemann_DerLiebenSonneLichtUndPracht/visual.short.png	6	"[""6"", ""none of the other options is correct"", ""19"", ""13"", ""12""]"	0.2	0	"[""A"", ""B"", ""C"", ""D"", ""E""]"	"{""A"": ""19"", ""B"": ""12"", ""C"": ""6"", ""D"": ""none of the other options is correct"", ""E"": ""13""}"	"[""(A) 19"", ""(B) 12"", ""(C) 6"", ""(D) none of the other options is correct"", ""(E) 13""]"	(C) 6	C
24dda03a-2c1d-5bac-91cc-e5df92e22b08	2	perception	pitch	absolute	pitch-absolute	pitch-recognition		pitch statistics	How many times is the note {pitch} present in the {voice} line?	"[""voice"", ""pitch""]"	get_note_quantity		pitch	"{""voice"": ""bass"", ""pitch"": ""F sharp""}"	How many times is the note F sharp present in the bass line?	Anonymous_AusMeinesHerzensGrunde	chorale-bricks	Anonymous_AusMeinesHerzensGrunde	data/chorale-bricks/Anonymous_AusMeinesHerzensGrunde	7	"[""1"", ""2"", ""3"", ""5"", ""6"", ""8"", ""9"", ""13"", ""15"", ""16"", ""18"", ""23"", ""25""]"	"[""18"", ""9"", ""8"", ""5"", ""15"", ""25"", ""23"", ""13"", ""2"", ""16"", ""1"", ""3"", ""6""]"	audio	audio.mastermix.wav	data/chorale-bricks/Anonymous_AusMeinesHerzensGrunde/audio.mastermix.wav	7	"[""7"", ""none of the other options is correct"", ""18"", ""9"", ""8""]"	0.2	0	"[""A"", ""B"", ""C"", ""D"", ""E""]"	"{""A"": ""7"", ""B"": ""9"", ""C"": ""8"", ""D"": ""none of the other options is correct"", ""E"": ""18""}"	"[""(A) 7"", ""(B) 9"", ""(C) 8"", ""(D) none of the other options is correct"", ""(E) 18""]"	(A) 7	A
bffdd87c-7a84-5d08-a736-2b72258d8c21	2	perception	pitch	absolute	pitch-absolute	pitch-recognition		pitch statistics	How many times is the note {pitch} present in the {voice} line?	"[""voice"", ""pitch""]"	get_note_quantity		pitch	"{""voice"": ""bass"", ""pitch"": ""F sharp""}"	How many times is the note F sharp present in the bass line?	Anonymous_AusMeinesHerzensGrunde	chorale-bricks	Anonymous_AusMeinesHerzensGrunde	data/chorale-bricks/Anonymous_AusMeinesHerzensGrunde	7	"[""1"", ""2"", ""3"", ""5"", ""6"", ""8"", ""9"", ""13"", ""15"", ""16"", ""18"", ""23"", ""25""]"	"[""18"", ""9"", ""8"", ""5"", ""15"", ""25"", ""23"", ""13"", ""2"", ""16"", ""1"", ""3"", ""6""]"	symbolic	symbolic.abc.txt	data/chorale-bricks/Anonymous_AusMeinesHerzensGrunde/symbolic.abc.txt	7	"[""7"", ""none of the other options is correct"", ""18"", ""9"", ""8""]"	0.2	0	"[""A"", ""B"", ""C"", ""D"", ""E""]"	"{""A"": ""none of the other options is correct"", ""B"": ""7"", ""C"": ""8"", ""D"": ""18"", ""E"": ""9""}"	"[""(A) none of the other options is correct"", ""(B) 7"", ""(C) 8"", ""(D) 18"", ""(E) 9""]"	(B) 7	B
52f856ef-bbb7-514a-8caa-9a03661c1dfa	2	perception	pitch	absolute	pitch-absolute	pitch-recognition		pitch statistics	How many times is the note {pitch} present in the {voice} line?	"[""voice"", ""pitch""]"	get_note_quantity		pitch	"{""voice"": ""bass"", ""pitch"": ""F sharp""}"	How many times is the note F sharp present in the bass line?	Anonymous_AusMeinesHerzensGrunde	chorale-bricks	Anonymous_AusMeinesHerzensGrunde	data/chorale-bricks/Anonymous_AusMeinesHerzensGrunde	7	"[""1"", ""2"", ""3"", ""5"", ""6"", ""8"", ""9"", ""13"", ""15"", ""16"", ""18"", ""23"", ""25""]"	"[""18"", ""9"", ""8"", ""5"", ""15"", ""25"", ""23"", ""13"", ""2"", ""16"", ""1"", ""3"", ""6""]"	visual	visual.short.png	data/chorale-bricks/Anonymous_AusMeinesHerzensGrunde/visual.short.png	7	"[""7"", ""none of the other options is correct"", ""18"", ""9"", ""8""]"	0.2	0	"[""A"", ""B"", ""C"", ""D"", ""E""]"	"{""A"": ""18"", ""B"": ""9"", ""C"": ""8"", ""D"": ""none of the other options is correct"", ""E"": ""7""}"	"[""(A) 18"", ""(B) 9"", ""(C) 8"", ""(D) none of the other options is correct"", ""(E) 7""]"	(E) 7	E
e4312062-a75c-57c7-845b-458533b8b7d6	2	perception	pitch	absolute	pitch-absolute	pitch-recognition		pitch statistics	How many times is the note {pitch} present in the {voice} line?	"[""voice"", ""pitch""]"	get_note_quantity		pitch	"{""voice"": ""soprano"", ""pitch"": ""A""}"	How many times is the note A present in the soprano line?	Gesius_DuFriedensfuerstHerrJesuChrist	chorale-bricks	Gesius_DuFriedensfuerstHerrJesuChrist	data/chorale-bricks/Gesius_DuFriedensfuerstHerrJesuChrist	13	"[""1"", ""2"", ""3"", ""4"", ""5"", ""6"", ""7"", ""8"", ""9"", ""12"", ""14"", ""15""]"	"[""6"", ""4"", ""9"", ""14"", ""1"", ""12"", ""5"", ""3"", ""2"", ""7"", ""8"", ""15""]"	audio	audio.mastermix.wav	data/chorale-bricks/Gesius_DuFriedensfuerstHerrJesuChrist/audio.mastermix.wav	13	"[""13"", ""none of the other options is correct"", ""6"", ""4"", ""9""]"	0.2	0	"[""A"", ""B"", ""C"", ""D"", ""E""]"	"{""A"": ""9"", ""B"": ""13"", ""C"": ""none of the other options is correct"", ""D"": ""4"", ""E"": ""6""}"	"[""(A) 9"", ""(B) 13"", ""(C) none of the other options is correct"", ""(D) 4"", ""(E) 6""]"	(B) 13	B
ca7982be-60ff-5417-aaed-7b3d5a142c0a	2	perception	pitch	absolute	pitch-absolute	pitch-recognition		pitch statistics	How many times is the note {pitch} present in the {voice} line?	"[""voice"", ""pitch""]"	get_note_quantity		pitch	"{""voice"": ""soprano"", ""pitch"": ""A""}"	How many times is the note A present in the soprano line?	Gesius_DuFriedensfuerstHerrJesuChrist	chorale-bricks	Gesius_DuFriedensfuerstHerrJesuChrist	data/chorale-bricks/Gesius_DuFriedensfuerstHerrJesuChrist	13	"[""1"", ""2"", ""3"", ""4"", ""5"", ""6"", ""7"", ""8"", ""9"", ""12"", ""14"", ""15""]"	"[""6"", ""4"", ""9"", ""14"", ""1"", ""12"", ""5"", ""3"", ""2"", ""7"", ""8"", ""15""]"	symbolic	symbolic.abc.txt	data/chorale-bricks/Gesius_DuFriedensfuerstHerrJesuChrist/symbolic.abc.txt	13	"[""13"", ""none of the other options is correct"", ""6"", ""4"", ""9""]"	0.2	0	"[""A"", ""B"", ""C"", ""D"", ""E""]"	"{""A"": ""6"", ""B"": ""none of the other options is correct"", ""C"": ""9"", ""D"": ""13"", ""E"": ""4""}"	"[""(A) 6"", ""(B) none of the other options is correct"", ""(C) 9"", ""(D) 13"", ""(E) 4""]"	(D) 13	D
81e5628f-5430-5c97-b8f8-f945ce29c9a2	2	perception	pitch	absolute	pitch-absolute	pitch-recognition		pitch statistics	How many times is the note {pitch} present in the {voice} line?	"[""voice"", ""pitch""]"	get_note_quantity		pitch	"{""voice"": ""soprano"", ""pitch"": ""A""}"	How many times is the note A present in the soprano line?	Gesius_DuFriedensfuerstHerrJesuChrist	chorale-bricks	Gesius_DuFriedensfuerstHerrJesuChrist	data/chorale-bricks/Gesius_DuFriedensfuerstHerrJesuChrist	13	"[""1"", ""2"", ""3"", ""4"", ""5"", ""6"", ""7"", ""8"", ""9"", ""12"", ""14"", ""15""]"	"[""6"", ""4"", ""9"", ""14"", ""1"", ""12"", ""5"", ""3"", ""2"", ""7"", ""8"", ""15""]"	visual	visual.short.png	data/chorale-bricks/Gesius_DuFriedensfuerstHerrJesuChrist/visual.short.png	none of the other options is correct	"[""none of the other options is correct"", ""6"", ""4"", ""9"", ""14""]"	0.2	1	"[""A"", ""B"", ""C"", ""D"", ""E""]"	"{""A"": ""9"", ""B"": ""14"", ""C"": ""none of the other options is correct"", ""D"": ""4"", ""E"": ""6""}"	"[""(A) 9"", ""(B) 14"", ""(C) none of the other options is correct"", ""(D) 4"", ""(E) 6""]"	(C) none of the other options is correct	C
57d6a205-4c0e-50cb-b68a-b319d2cdcce1	2	perception	pitch	absolute	pitch-absolute	pitch-recognition		pitch statistics	How many times is the note {pitch} present in the {voice} line?	"[""voice"", ""pitch""]"	get_note_quantity		pitch	"{""voice"": ""bass"", ""pitch"": ""A""}"	How many times is the note A present in the bass line?	Gesius_DuFriedensfuerstHerrJesuChrist	chorale-bricks	Gesius_DuFriedensfuerstHerrJesuChrist	data/chorale-bricks/Gesius_DuFriedensfuerstHerrJesuChrist	2	"[""1"", ""3"", ""4"", ""5"", ""6"", ""7"", ""8"", ""9"", ""12"", ""13"", ""14"", ""15""]"	"[""14"", ""6"", ""13"", ""7"", ""15"", ""1"", ""3"", ""8"", ""12"", ""5"", ""4"", ""9""]"	audio	audio.mastermix.wav	data/chorale-bricks/Gesius_DuFriedensfuerstHerrJesuChrist/audio.mastermix.wav	2	"[""2"", ""none of the other options is correct"", ""14"", ""6"", ""13""]"	0.2	0	"[""A"", ""B"", ""C"", ""D"", ""E""]"	"{""A"": ""2"", ""B"": ""14"", ""C"": ""13"", ""D"": ""none of the other options is correct"", ""E"": ""6""}"	"[""(A) 2"", ""(B) 14"", ""(C) 13"", ""(D) none of the other options is correct"", ""(E) 6""]"	(A) 2	A
afadb253-e217-5c42-8c51-48217870ba28	2	perception	pitch	absolute	pitch-absolute	pitch-recognition		pitch statistics	How many times is the note {pitch} present in the {voice} line?	"[""voice"", ""pitch""]"	get_note_quantity		pitch	"{""voice"": ""bass"", ""pitch"": ""A""}"	How many times is the note A present in the bass line?	Gesius_DuFriedensfuerstHerrJesuChrist	chorale-bricks	Gesius_DuFriedensfuerstHerrJesuChrist	data/chorale-bricks/Gesius_DuFriedensfuerstHerrJesuChrist	2	"[""1"", ""3"", ""4"", ""5"", ""6"", ""7"", ""8"", ""9"", ""12"", ""13"", ""14"", ""15""]"	"[""14"", ""6"", ""13"", ""7"", ""15"", ""1"", ""3"", ""8"", ""12"", ""5"", ""4"", ""9""]"	symbolic	symbolic.abc.txt	data/chorale-bricks/Gesius_DuFriedensfuerstHerrJesuChrist/symbolic.abc.txt	2	"[""2"", ""none of the other options is correct"", ""14"", ""6"", ""13""]"	0.2	0	"[""A"", ""B"", ""C"", ""D"", ""E""]"	"{""A"": ""13"", ""B"": ""none of the other options is correct"", ""C"": ""6"", ""D"": ""2"", ""E"": ""14""}"	"[""(A) 13"", ""(B) none of the other options is correct"", ""(C) 6"", ""(D) 2"", ""(E) 14""]"	(D) 2	D
5247ef51-5456-5f49-b132-eeb06da6d792	2	perception	pitch	absolute	pitch-absolute	pitch-recognition		pitch statistics	How many times is the note {pitch} present in the {voice} line?	"[""voice"", ""pitch""]"	get_note_quantity		pitch	"{""voice"": ""bass"", ""pitch"": ""A""}"	How many times is the note A present in the bass line?	Gesius_DuFriedensfuerstHerrJesuChrist	chorale-bricks	Gesius_DuFriedensfuerstHerrJesuChrist	data/chorale-bricks/Gesius_DuFriedensfuerstHerrJesuChrist	2	"[""1"", ""3"", ""4"", ""5"", ""6"", ""7"", ""8"", ""9"", ""12"", ""13"", ""14"", ""15""]"	"[""14"", ""6"", ""13"", ""7"", ""15"", ""1"", ""3"", ""8"", ""12"", ""5"", ""4"", ""9""]"	visual	visual.short.png	data/chorale-bricks/Gesius_DuFriedensfuerstHerrJesuChrist/visual.short.png	none of the other options is correct	"[""none of the other options is correct"", ""14"", ""6"", ""13"", ""7""]"	0.2	1	"[""A"", ""B"", ""C"", ""D"", ""E""]"	"{""A"": ""none of the other options is correct"", ""B"": ""6"", ""C"": ""13"", ""D"": ""14"", ""E"": ""7""}"	"[""(A) none of the other options is correct"", ""(B) 6"", ""(C) 13"", ""(D) 14"", ""(E) 7""]"	(A) none of the other options is correct	A
5e847e2e-54cf-5d2f-9483-7735ab3e146f	2	perception	pitch	absolute	pitch-absolute	pitch-recognition		pitch statistics	How many times is the note {pitch} present in the {voice} line?	"[""voice"", ""pitch""]"	get_note_quantity		pitch	"{""voice"": ""tenor"", ""pitch"": ""G""}"	How many times is the note G present in the tenor line?	Gesius_DuFriedensfuerstHerrJesuChrist	chorale-bricks	Gesius_DuFriedensfuerstHerrJesuChrist	data/chorale-bricks/Gesius_DuFriedensfuerstHerrJesuChrist	1	"[""2"", ""3"", ""4"", ""5"", ""6"", ""7"", ""8"", ""9"", ""12"", ""13"", ""14"", ""15""]"	"[""12"", ""15"", ""5"", ""9"", ""2"", ""6"", ""8"", ""4"", ""13"", ""7"", ""14"", ""3""]"	audio	audio.mastermix.wav	data/chorale-bricks/Gesius_DuFriedensfuerstHerrJesuChrist/audio.mastermix.wav	1	"[""1"", ""none of the other options is correct"", ""12"", ""15"", ""5""]"	0.2	0	"[""A"", ""B"", ""C"", ""D"", ""E""]"	"{""A"": ""12"", ""B"": ""5"", ""C"": ""none of the other options is correct"", ""D"": ""15"", ""E"": ""1""}"	"[""(A) 12"", ""(B) 5"", ""(C) none of the other options is correct"", ""(D) 15"", ""(E) 1""]"	(E) 1	E
11575ba7-75cb-5f6c-832e-e0254cd3a0a1	2	perception	pitch	absolute	pitch-absolute	pitch-recognition		pitch statistics	How many times is the note {pitch} present in the {voice} line?	"[""voice"", ""pitch""]"	get_note_quantity		pitch	"{""voice"": ""tenor"", ""pitch"": ""G""}"	How many times is the note G present in the tenor line?	Gesius_DuFriedensfuerstHerrJesuChrist	chorale-bricks	Gesius_DuFriedensfuerstHerrJesuChrist	data/chorale-bricks/Gesius_DuFriedensfuerstHerrJesuChrist	1	"[""2"", ""3"", ""4"", ""5"", ""6"", ""7"", ""8"", ""9"", ""12"", ""13"", ""14"", ""15""]"	"[""12"", ""15"", ""5"", ""9"", ""2"", ""6"", ""8"", ""4"", ""13"", ""7"", ""14"", ""3""]"	symbolic	symbolic.abc.txt	data/chorale-bricks/Gesius_DuFriedensfuerstHerrJesuChrist/symbolic.abc.txt	1	"[""1"", ""none of the other options is correct"", ""12"", ""15"", ""5""]"	0.2	0	"[""A"", ""B"", ""C"", ""D"", ""E""]"	"{""A"": ""none of the other options is correct"", ""B"": ""1"", ""C"": ""15"", ""D"": ""5"", ""E"": ""12""}"	"[""(A) none of the other options is correct"", ""(B) 1"", ""(C) 15"", ""(D) 5"", ""(E) 12""]"	(B) 1	B
acdd4be9-a0ea-5343-a118-0c3f61ea9d69	2	perception	pitch	absolute	pitch-absolute	pitch-recognition		pitch statistics	How many times is the note {pitch} present in the {voice} line?	"[""voice"", ""pitch""]"	get_note_quantity		pitch	"{""voice"": ""tenor"", ""pitch"": ""G""}"	How many times is the note G present in the tenor line?	Gesius_DuFriedensfuerstHerrJesuChrist	chorale-bricks	Gesius_DuFriedensfuerstHerrJesuChrist	data/chorale-bricks/Gesius_DuFriedensfuerstHerrJesuChrist	1	"[""2"", ""3"", ""4"", ""5"", ""6"", ""7"", ""8"", ""9"", ""12"", ""13"", ""14"", ""15""]"	"[""12"", ""15"", ""5"", ""9"", ""2"", ""6"", ""8"", ""4"", ""13"", ""7"", ""14"", ""3""]"	visual	visual.short.png	data/chorale-bricks/Gesius_DuFriedensfuerstHerrJesuChrist/visual.short.png	1	"[""1"", ""none of the other options is correct"", ""12"", ""15"", ""5""]"	0.2	0	"[""A"", ""B"", ""C"", ""D"", ""E""]"	"{""A"": ""none of the other options is correct"", ""B"": ""12"", ""C"": ""5"", ""D"": ""1"", ""E"": ""15""}"	"[""(A) none of the other options is correct"", ""(B) 12"", ""(C) 5"", ""(D) 1"", ""(E) 15""]"	(D) 1	D
5f1bfcc4-159b-5d76-9eb0-601433fc41a5	2	perception	pitch	absolute	pitch-absolute	pitch-recognition		pitch statistics	How many times is the note {pitch} present in the {voice} line?	"[""voice"", ""pitch""]"	get_note_quantity		pitch	"{""voice"": ""alto"", ""pitch"": ""E flat""}"	How many times is the note E flat present in the alto line?	Anonymous_AusMeinesHerzensGrunde	chorale-bricks	Anonymous_AusMeinesHerzensGrunde	data/chorale-bricks/Anonymous_AusMeinesHerzensGrunde	0	"[""1"", ""2"", ""3"", ""5"", ""6"", ""7"", ""8"", ""9"", ""13"", ""15"", ""16"", ""18"", ""23"", ""25""]"	"[""7"", ""18"", ""23"", ""6"", ""5"", ""25"", ""13"", ""16"", ""8"", ""2"", ""1"", ""3"", ""15"", ""9""]"	audio	audio.mastermix.wav	data/chorale-bricks/Anonymous_AusMeinesHerzensGrunde/audio.mastermix.wav	none of the other options is correct	"[""none of the other options is correct"", ""7"", ""18"", ""23"", ""6""]"	0.2	1	"[""A"", ""B"", ""C"", ""D"", ""E""]"	"{""A"": ""18"", ""B"": ""none of the other options is correct"", ""C"": ""23"", ""D"": ""6"", ""E"": ""7""}"	"[""(A) 18"", ""(B) none of the other options is correct"", ""(C) 23"", ""(D) 6"", ""(E) 7""]"	(B) none of the other options is correct	B
887a4bd6-b324-53c5-b9a8-84e7719482d5	2	perception	pitch	absolute	pitch-absolute	pitch-recognition		pitch statistics	How many times is the note {pitch} present in the {voice} line?	"[""voice"", ""pitch""]"	get_note_quantity		pitch	"{""voice"": ""alto"", ""pitch"": ""E flat""}"	How many times is the note E flat present in the alto line?	Anonymous_AusMeinesHerzensGrunde	chorale-bricks	Anonymous_AusMeinesHerzensGrunde	data/chorale-bricks/Anonymous_AusMeinesHerzensGrunde	0	"[""1"", ""2"", ""3"", ""5"", ""6"", ""7"", ""8"", ""9"", ""13"", ""15"", ""16"", ""18"", ""23"", ""25""]"	"[""7"", ""18"", ""23"", ""6"", ""5"", ""25"", ""13"", ""16"", ""8"", ""2"", ""1"", ""3"", ""15"", ""9""]"	symbolic	symbolic.abc.txt	data/chorale-bricks/Anonymous_AusMeinesHerzensGrunde/symbolic.abc.txt	0	"[""0"", ""none of the other options is correct"", ""7"", ""18"", ""23""]"	0.2	0	"[""A"", ""B"", ""C"", ""D"", ""E""]"	"{""A"": ""none of the other options is correct"", ""B"": ""7"", ""C"": ""18"", ""D"": ""23"", ""E"": ""0""}"	"[""(A) none of the other options is correct"", ""(B) 7"", ""(C) 18"", ""(D) 23"", ""(E) 0""]"	(E) 0	E
7e0021f3-70d0-557a-9648-55d59b80fb0d	2	perception	pitch	absolute	pitch-absolute	pitch-recognition		pitch statistics	How many times is the note {pitch} present in the {voice} line?	"[""voice"", ""pitch""]"	get_note_quantity		pitch	"{""voice"": ""alto"", ""pitch"": ""E flat""}"	How many times is the note E flat present in the alto line?	Anonymous_AusMeinesHerzensGrunde	chorale-bricks	Anonymous_AusMeinesHerzensGrunde	data/chorale-bricks/Anonymous_AusMeinesHerzensGrunde	0	"[""1"", ""2"", ""3"", ""5"", ""6"", ""7"", ""8"", ""9"", ""13"", ""15"", ""16"", ""18"", ""23"", ""25""]"	"[""7"", ""18"", ""23"", ""6"", ""5"", ""25"", ""13"", ""16"", ""8"", ""2"", ""1"", ""3"", ""15"", ""9""]"	visual	visual.short.png	data/chorale-bricks/Anonymous_AusMeinesHerzensGrunde/visual.short.png	none of the other options is correct	"[""none of the other options is correct"", ""7"", ""18"", ""23"", ""6""]"	0.2	1	"[""A"", ""B"", ""C"", ""D"", ""E""]"	"{""A"": ""6"", ""B"": ""23"", ""C"": ""none of the other options is correct"", ""D"": ""18"", ""E"": ""7""}"	"[""(A) 6"", ""(B) 23"", ""(C) none of the other options is correct"", ""(D) 18"", ""(E) 7""]"	(C) none of the other options is correct	C
4779e215-b55b-5b91-b78d-bec661dd48d2	2	perception	pitch	absolute	pitch-absolute	pitch-recognition		pitch statistics	How many times is the note {pitch} present in the {voice} line?	"[""voice"", ""pitch""]"	get_note_quantity		pitch	"{""voice"": ""alto"", ""pitch"": ""D""}"	How many times is the note D present in the alto line?	Jan_DuGrosserSchmerzensmann	chorale-bricks	Jan_DuGrosserSchmerzensmann	data/chorale-bricks/Jan_DuGrosserSchmerzensmann	14	"[""1"", ""2"", ""3"", ""5"", ""6"", ""7"", ""8"", ""9"", ""12"", ""13"", ""19""]"	"[""6"", ""3"", ""5"", ""12"", ""1"", ""2"", ""19"", ""9"", ""7"", ""13"", ""8""]"	audio	audio.mastermix.wav	data/chorale-bricks/Jan_DuGrosserSchmerzensmann/audio.mastermix.wav	14	"[""14"", ""none of the other options is correct"", ""6"", ""3"", ""5""]"	0.2	0	"[""A"", ""B"", ""C"", ""D"", ""E""]"	"{""A"": ""none of the other options is correct"", ""B"": ""6"", ""C"": ""5"", ""D"": ""14"", ""E"": ""3""}"	"[""(A) none of the other options is correct"", ""(B) 6"", ""(C) 5"", ""(D) 14"", ""(E) 3""]"	(D) 14	D
79b857bc-36ba-508d-a8af-96e86e12fd97	2	perception	pitch	absolute	pitch-absolute	pitch-recognition		pitch statistics	How many times is the note {pitch} present in the {voice} line?	"[""voice"", ""pitch""]"	get_note_quantity		pitch	"{""voice"": ""alto"", ""pitch"": ""D""}"	How many times is the note D present in the alto line?	Jan_DuGrosserSchmerzensmann	chorale-bricks	Jan_DuGrosserSchmerzensmann	data/chorale-bricks/Jan_DuGrosserSchmerzensmann	14	"[""1"", ""2"", ""3"", ""5"", ""6"", ""7"", ""8"", ""9"", ""12"", ""13"", ""19""]"	"[""6"", ""3"", ""5"", ""12"", ""1"", ""2"", ""19"", ""9"", ""7"", ""13"", ""8""]"	symbolic	symbolic.abc.txt	data/chorale-bricks/Jan_DuGrosserSchmerzensmann/symbolic.abc.txt	14	"[""14"", ""none of the other options is correct"", ""6"", ""3"", ""5""]"	0.2	0	"[""A"", ""B"", ""C"", ""D"", ""E""]"	"{""A"": ""6"", ""B"": ""14"", ""C"": ""5"", ""D"": ""3"", ""E"": ""none of the other options is correct""}"	"[""(A) 6"", ""(B) 14"", ""(C) 5"", ""(D) 3"", ""(E) none of the other options is correct""]"	(B) 14	B
b041ff5a-cb24-5a44-b390-1800495d69bc	2	perception	pitch	absolute	pitch-absolute	pitch-recognition		pitch statistics	How many times is the note {pitch} present in the {voice} line?	"[""voice"", ""pitch""]"	get_note_quantity		pitch	"{""voice"": ""alto"", ""pitch"": ""D""}"	How many times is the note D present in the alto line?	Jan_DuGrosserSchmerzensmann	chorale-bricks	Jan_DuGrosserSchmerzensmann	data/chorale-bricks/Jan_DuGrosserSchmerzensmann	14	"[""1"", ""2"", ""3"", ""5"", ""6"", ""7"", ""8"", ""9"", ""12"", ""13"", ""19""]"	"[""6"", ""3"", ""5"", ""12"", ""1"", ""2"", ""19"", ""9"", ""7"", ""13"", ""8""]"	visual	visual.short.png	data/chorale-bricks/Jan_DuGrosserSchmerzensmann/visual.short.png	14	"[""14"", ""none of the other options is correct"", ""6"", ""3"", ""5""]"	0.2	0	"[""A"", ""B"", ""C"", ""D"", ""E""]"	"{""A"": ""3"", ""B"": ""none of the other options is correct"", ""C"": ""6"", ""D"": ""14"", ""E"": ""5""}"	"[""(A) 3"", ""(B) none of the other options is correct"", ""(C) 6"", ""(D) 14"", ""(E) 5""]"	(D) 14	D
46046119-4972-5c1b-ad33-0567c6c32df8	2	perception	pitch	absolute	pitch-absolute	pitch-recognition		pitch statistics	How many times is the note {pitch} present in the {voice} line?	"[""voice"", ""pitch""]"	get_note_quantity		pitch	"{""voice"": ""bass"", ""pitch"": ""F""}"	How many times is the note F present in the bass line?	Crueger_AufAufMeinHerzMitFreuden	chorale-bricks	Crueger_AufAufMeinHerzMitFreuden	data/chorale-bricks/Crueger_AufAufMeinHerzMitFreuden	5	"[""1"", ""2"", ""4"", ""7"", ""8"", ""9"", ""10"", ""11"", ""13"", ""16"", ""18""]"	"[""11"", ""2"", ""13"", ""4"", ""9"", ""7"", ""10"", ""18"", ""16"", ""1"", ""8""]"	audio	audio.mastermix.wav	data/chorale-bricks/Crueger_AufAufMeinHerzMitFreuden/audio.mastermix.wav	5	"[""5"", ""none of the other options is correct"", ""11"", ""2"", ""13""]"	0.2	0	"[""A"", ""B"", ""C"", ""D"", ""E""]"	"{""A"": ""5"", ""B"": ""11"", ""C"": ""2"", ""D"": ""13"", ""E"": ""none of the other options is correct""}"	"[""(A) 5"", ""(B) 11"", ""(C) 2"", ""(D) 13"", ""(E) none of the other options is correct""]"	(A) 5	A
5041146e-bdbb-56eb-9b0d-0895fd822369	2	perception	pitch	absolute	pitch-absolute	pitch-recognition		pitch statistics	How many times is the note {pitch} present in the {voice} line?	"[""voice"", ""pitch""]"	get_note_quantity		pitch	"{""voice"": ""bass"", ""pitch"": ""F""}"	How many times is the note F present in the bass line?	Crueger_AufAufMeinHerzMitFreuden	chorale-bricks	Crueger_AufAufMeinHerzMitFreuden	data/chorale-bricks/Crueger_AufAufMeinHerzMitFreuden	5	"[""1"", ""2"", ""4"", ""7"", ""8"", ""9"", ""10"", ""11"", ""13"", ""16"", ""18""]"	"[""11"", ""2"", ""13"", ""4"", ""9"", ""7"", ""10"", ""18"", ""16"", ""1"", ""8""]"	symbolic	symbolic.abc.txt	data/chorale-bricks/Crueger_AufAufMeinHerzMitFreuden/symbolic.abc.txt	5	"[""5"", ""none of the other options is correct"", ""11"", ""2"", ""13""]"	0.2	0	"[""A"", ""B"", ""C"", ""D"", ""E""]"	"{""A"": ""11"", ""B"": ""13"", ""C"": ""5"", ""D"": ""none of the other options is correct"", ""E"": ""2""}"	"[""(A) 11"", ""(B) 13"", ""(C) 5"", ""(D) none of the other options is correct"", ""(E) 2""]"	(C) 5	C
5bb172b9-29cf-53da-bbcb-c487dbc0e641	2	perception	pitch	absolute	pitch-absolute	pitch-recognition		pitch statistics	How many times is the note {pitch} present in the {voice} line?	"[""voice"", ""pitch""]"	get_note_quantity		pitch	"{""voice"": ""bass"", ""pitch"": ""F""}"	How many times is the note F present in the bass line?	Crueger_AufAufMeinHerzMitFreuden	chorale-bricks	Crueger_AufAufMeinHerzMitFreuden	data/chorale-bricks/Crueger_AufAufMeinHerzMitFreuden	5	"[""1"", ""2"", ""4"", ""7"", ""8"", ""9"", ""10"", ""11"", ""13"", ""16"", ""18""]"	"[""11"", ""2"", ""13"", ""4"", ""9"", ""7"", ""10"", ""18"", ""16"", ""1"", ""8""]"	visual	visual.short.png	data/chorale-bricks/Crueger_AufAufMeinHerzMitFreuden/visual.short.png	5	"[""5"", ""none of the other options is correct"", ""11"", ""2"", ""13""]"	0.2	0	"[""A"", ""B"", ""C"", ""D"", ""E""]"	"{""A"": ""5"", ""B"": ""11"", ""C"": ""none of the other options is correct"", ""D"": ""13"", ""E"": ""2""}"	"[""(A) 5"", ""(B) 11"", ""(C) none of the other options is correct"", ""(D) 13"", ""(E) 2""]"	(A) 5	A
b96ec789-6c73-59a4-b3c2-05a55bd0473e	3	perception	pitch	relative	pitch-relative	interval-recognition		interval recognition	What is the {target_index} interval in the {voice} line?	"[""target_index"", ""voice""]"	get_nth_interval		interval	"{""target_index"": ""8th"", ""voice"": ""tenor""}"	What is the 8th interval in the tenor line?	Vulpius_ChristusDerIstMeinLeben	chorale-bricks	Vulpius_ChristusDerIstMeinLeben	data/chorale-bricks/Vulpius_ChristusDerIstMeinLeben	Major Second	"[""Major Third"", ""Minor Second"", ""Minor Third"", ""Perfect Fifth"", ""Perfect Fourth"", ""Perfect Unison""]"	"[""Minor Third"", ""Perfect Unison"", ""Major Third"", ""Minor Second"", ""Perfect Fourth"", ""Perfect Fifth""]"	audio	audio.mastermix.wav	data/chorale-bricks/Vulpius_ChristusDerIstMeinLeben/audio.mastermix.wav	Major Second	"[""Major Second"", ""none of the other options is correct"", ""Minor Third"", ""Perfect Unison"", ""Major Third""]"	0.2	0	"[""A"", ""B"", ""C"", ""D"", ""E""]"	"{""A"": ""Perfect Unison"", ""B"": ""none of the other options is correct"", ""C"": ""Major Second"", ""D"": ""Major Third"", ""E"": ""Minor Third""}"	"[""(A) Perfect Unison"", ""(B) none of the other options is correct"", ""(C) Major Second"", ""(D) Major Third"", ""(E) Minor Third""]"	(C) Major Second	C
d9cdca7a-db92-5e39-8f8d-dd550a19c093	3	perception	pitch	relative	pitch-relative	interval-recognition		interval recognition	What is the {target_index} interval in the {voice} line?	"[""target_index"", ""voice""]"	get_nth_interval		interval	"{""target_index"": ""8th"", ""voice"": ""tenor""}"	What is the 8th interval in the tenor line?	Vulpius_ChristusDerIstMeinLeben	chorale-bricks	Vulpius_ChristusDerIstMeinLeben	data/chorale-bricks/Vulpius_ChristusDerIstMeinLeben	Major Second	"[""Major Third"", ""Minor Second"", ""Minor Third"", ""Perfect Fifth"", ""Perfect Fourth"", ""Perfect Unison""]"	"[""Minor Third"", ""Perfect Unison"", ""Major Third"", ""Minor Second"", ""Perfect Fourth"", ""Perfect Fifth""]"	symbolic	symbolic.abc.txt	data/chorale-bricks/Vulpius_ChristusDerIstMeinLeben/symbolic.abc.txt	Major Second	"[""Major Second"", ""none of the other options is correct"", ""Minor Third"", ""Perfect Unison"", ""Major Third""]"	0.2	0	"[""A"", ""B"", ""C"", ""D"", ""E""]"	"{""A"": ""Major Third"", ""B"": ""Perfect Unison"", ""C"": ""Major Second"", ""D"": ""Minor Third"", ""E"": ""none of the other options is correct""}"	"[""(A) Major Third"", ""(B) Perfect Unison"", ""(C) Major Second"", ""(D) Minor Third"", ""(E) none of the other options is correct""]"	(C) Major Second	C
e99300b3-769a-59f4-98ae-8bd7e04bef9c	3	perception	pitch	relative	pitch-relative	interval-recognition		interval recognition	What is the {target_index} interval in the {voice} line?	"[""target_index"", ""voice""]"	get_nth_interval		interval	"{""target_index"": ""8th"", ""voice"": ""tenor""}"	What is the 8th interval in the tenor line?	Vulpius_ChristusDerIstMeinLeben	chorale-bricks	Vulpius_ChristusDerIstMeinLeben	data/chorale-bricks/Vulpius_ChristusDerIstMeinLeben	Major Second	"[""Major Third"", ""Minor Second"", ""Minor Third"", ""Perfect Fifth"", ""Perfect Fourth"", ""Perfect Unison""]"	"[""Minor Third"", ""Perfect Unison"", ""Major Third"", ""Minor Second"", ""Perfect Fourth"", ""Perfect Fifth""]"	visual	visual.short.png	data/chorale-bricks/Vulpius_ChristusDerIstMeinLeben/visual.short.png	none of the other options is correct	"[""none of the other options is correct"", ""Minor Third"", ""Perfect Unison"", ""Major Third"", ""Minor Second""]"	0.2	1	"[""A"", ""B"", ""C"", ""D"", ""E""]"	"{""A"": ""Major Third"", ""B"": ""Minor Second"", ""C"": ""none of the other options is correct"", ""D"": ""Perfect Unison"", ""E"": ""Minor Third""}"	"[""(A) Major Third"", ""(B) Minor Second"", ""(C) none of the other options is correct"", ""(D) Perfect Unison"", ""(E) Minor Third""]"	(C) none of the other options is correct	C
b3b58619-3e4c-5171-8632-e0382bbb74dd	3	perception	pitch	relative	pitch-relative	interval-recognition		interval recognition	What is the {target_index} interval in the {voice} line?	"[""target_index"", ""voice""]"	get_nth_interval		interval	"{""target_index"": ""30th"", ""voice"": ""tenor""}"	What is the 30th interval in the tenor line?	Vulpius_DieHelleSonnLeuchtJetztHerfuer	chorale-bricks	Vulpius_DieHelleSonnLeuchtJetztHerfuer	data/chorale-bricks/Vulpius_DieHelleSonnLeuchtJetztHerfuer	Minor Second	"[""Diminished Unison"", ""Major Second"", ""Major Third"", ""Minor Third"", ""Perfect Fifth"", ""Perfect Fourth"", ""Perfect Unison""]"	"[""Major Third"", ""Major Second"", ""Perfect Fifth"", ""Perfect Fourth"", ""Perfect Unison"", ""Diminished Unison"", ""Minor Third""]"	audio	audio.mastermix.wav	data/chorale-bricks/Vulpius_DieHelleSonnLeuchtJetztHerfuer/audio.mastermix.wav	Minor Second	"[""Minor Second"", ""none of the other options is correct"", ""Major Third"", ""Major Second"", ""Perfect Fifth""]"	0.2	0	"[""A"", ""B"", ""C"", ""D"", ""E""]"	"{""A"": ""Minor Second"", ""B"": ""Major Second"", ""C"": ""Major Third"", ""D"": ""none of the other options is correct"", ""E"": ""Perfect Fifth""}"	"[""(A) Minor Second"", ""(B) Major Second"", ""(C) Major Third"", ""(D) none of the other options is correct"", ""(E) Perfect Fifth""]"	(A) Minor Second	A
ca4041da-626e-51d5-9987-c702c4bd58aa	3	perception	pitch	relative	pitch-relative	interval-recognition		interval recognition	What is the {target_index} interval in the {voice} line?	"[""target_index"", ""voice""]"	get_nth_interval		interval	"{""target_index"": ""30th"", ""voice"": ""tenor""}"	What is the 30th interval in the tenor line?	Vulpius_DieHelleSonnLeuchtJetztHerfuer	chorale-bricks	Vulpius_DieHelleSonnLeuchtJetztHerfuer	data/chorale-bricks/Vulpius_DieHelleSonnLeuchtJetztHerfuer	Minor Second	"[""Diminished Unison"", ""Major Second"", ""Major Third"", ""Minor Third"", ""Perfect Fifth"", ""Perfect Fourth"", ""Perfect Unison""]"	"[""Major Third"", ""Major Second"", ""Perfect Fifth"", ""Perfect Fourth"", ""Perfect Unison"", ""Diminished Unison"", ""Minor Third""]"	symbolic	symbolic.abc.txt	data/chorale-bricks/Vulpius_DieHelleSonnLeuchtJetztHerfuer/symbolic.abc.txt	none of the other options is correct	"[""none of the other options is correct"", ""Major Third"", ""Major Second"", ""Perfect Fifth"", ""Perfect Fourth""]"	0.2	1	"[""A"", ""B"", ""C"", ""D"", ""E""]"	"{""A"": ""Perfect Fourth"", ""B"": ""Major Second"", ""C"": ""none of the other options is correct"", ""D"": ""Perfect Fifth"", ""E"": ""Major Third""}"	"[""(A) Perfect Fourth"", ""(B) Major Second"", ""(C) none of the other options is correct"", ""(D) Perfect Fifth"", ""(E) Major Third""]"	(C) none of the other options is correct	C
8d870b8b-605c-5175-ae53-173dc0b18f32	3	perception	pitch	relative	pitch-relative	interval-recognition		interval recognition	What is the {target_index} interval in the {voice} line?	"[""target_index"", ""voice""]"	get_nth_interval		interval	"{""target_index"": ""30th"", ""voice"": ""tenor""}"	What is the 30th interval in the tenor line?	Vulpius_DieHelleSonnLeuchtJetztHerfuer	chorale-bricks	Vulpius_DieHelleSonnLeuchtJetztHerfuer	data/chorale-bricks/Vulpius_DieHelleSonnLeuchtJetztHerfuer	Minor Second	"[""Diminished Unison"", ""Major Second"", ""Major Third"", ""Minor Third"", ""Perfect Fifth"", ""Perfect Fourth"", ""Perfect Unison""]"	"[""Major Third"", ""Major Second"", ""Perfect Fifth"", ""Perfect Fourth"", ""Perfect Unison"", ""Diminished Unison"", ""Minor Third""]"	visual	visual.short.png	data/chorale-bricks/Vulpius_DieHelleSonnLeuchtJetztHerfuer/visual.short.png	none of the other options is correct	"[""none of the other options is correct"", ""Major Third"", ""Major Second"", ""Perfect Fifth"", ""Perfect Fourth""]"	0.2	1	"[""A"", ""B"", ""C"", ""D"", ""E""]"	"{""A"": ""Major Third"", ""B"": ""Major Second"", ""C"": ""Perfect Fifth"", ""D"": ""Perfect Fourth"", ""E"": ""none of the other options is correct""}"	"[""(A) Major Third"", ""(B) Major Second"", ""(C) Perfect Fifth"", ""(D) Perfect Fourth"", ""(E) none of the other options is correct""]"	(E) none of the other options is correct	E
06d18721-d005-5ac7-b159-56b47805d1c9	3	perception	pitch	relative	pitch-relative	interval-recognition		interval recognition	What is the {target_index} interval in the {voice} line?	"[""target_index"", ""voice""]"	get_nth_interval		interval	"{""target_index"": ""26th"", ""voice"": ""tenor""}"	What is the 26th interval in the tenor line?	Gesius_DuFriedensfuerstHerrJesuChrist	chorale-bricks	Gesius_DuFriedensfuerstHerrJesuChrist	data/chorale-bricks/Gesius_DuFriedensfuerstHerrJesuChrist	Major Second	"[""Major Third"", ""Minor Second"", ""Minor Third"", ""Perfect Fifth"", ""Perfect Fourth"", ""Perfect Unison""]"	"[""Major Third"", ""Perfect Fifth"", ""Minor Second"", ""Perfect Fourth"", ""Perfect Unison"", ""Minor Third""]"	audio	audio.mastermix.wav	data/chorale-bricks/Gesius_DuFriedensfuerstHerrJesuChrist/audio.mastermix.wav	Major Second	"[""Major Second"", ""none of the other options is correct"", ""Major Third"", ""Perfect Fifth"", ""Minor Second""]"	0.2	0	"[""A"", ""B"", ""C"", ""D"", ""E""]"	"{""A"": ""Perfect Fifth"", ""B"": ""Major Third"", ""C"": ""none of the other options is correct"", ""D"": ""Major Second"", ""E"": ""Minor Second""}"	"[""(A) Perfect Fifth"", ""(B) Major Third"", ""(C) none of the other options is correct"", ""(D) Major Second"", ""(E) Minor Second""]"	(D) Major Second	D
dcb288d9-f074-59ad-85d8-2a88d8ad5076	3	perception	pitch	relative	pitch-relative	interval-recognition		interval recognition	What is the {target_index} interval in the {voice} line?	"[""target_index"", ""voice""]"	get_nth_interval		interval	"{""target_index"": ""26th"", ""voice"": ""tenor""}"	What is the 26th interval in the tenor line?	Gesius_DuFriedensfuerstHerrJesuChrist	chorale-bricks	Gesius_DuFriedensfuerstHerrJesuChrist	data/chorale-bricks/Gesius_DuFriedensfuerstHerrJesuChrist	Major Second	"[""Major Third"", ""Minor Second"", ""Minor Third"", ""Perfect Fifth"", ""Perfect Fourth"", ""Perfect Unison""]"	"[""Major Third"", ""Perfect Fifth"", ""Minor Second"", ""Perfect Fourth"", ""Perfect Unison"", ""Minor Third""]"	symbolic	symbolic.abc.txt	data/chorale-bricks/Gesius_DuFriedensfuerstHerrJesuChrist/symbolic.abc.txt	Major Second	"[""Major Second"", ""none of the other options is correct"", ""Major Third"", ""Perfect Fifth"", ""Minor Second""]"	0.2	0	"[""A"", ""B"", ""C"", ""D"", ""E""]"	"{""A"": ""none of the other options is correct"", ""B"": ""Major Third"", ""C"": ""Minor Second"", ""D"": ""Perfect Fifth"", ""E"": ""Major Second""}"	"[""(A) none of the other options is correct"", ""(B) Major Third"", ""(C) Minor Second"", ""(D) Perfect Fifth"", ""(E) Major Second""]"	(E) Major Second	E
1f264cd3-0ab8-554a-8855-84dc679b344d	3	perception	pitch	relative	pitch-relative	interval-recognition		interval recognition	What is the {target_index} interval in the {voice} line?	"[""target_index"", ""voice""]"	get_nth_interval		interval	"{""target_index"": ""26th"", ""voice"": ""tenor""}"	What is the 26th interval in the tenor line?	Gesius_DuFriedensfuerstHerrJesuChrist	chorale-bricks	Gesius_DuFriedensfuerstHerrJesuChrist	data/chorale-bricks/Gesius_DuFriedensfuerstHerrJesuChrist	Major Second	"[""Major Third"", ""Minor Second"", ""Minor Third"", ""Perfect Fifth"", ""Perfect Fourth"", ""Perfect Unison""]"	"[""Major Third"", ""Perfect Fifth"", ""Minor Second"", ""Perfect Fourth"", ""Perfect Unison"", ""Minor Third""]"	visual	visual.short.png	data/chorale-bricks/Gesius_DuFriedensfuerstHerrJesuChrist/visual.short.png	Major Second	"[""Major Second"", ""none of the other options is correct"", ""Major Third"", ""Perfect Fifth"", ""Minor Second""]"	0.2	0	"[""A"", ""B"", ""C"", ""D"", ""E""]"	"{""A"": ""Major Second"", ""B"": ""none of the other options is correct"", ""C"": ""Major Third"", ""D"": ""Minor Second"", ""E"": ""Perfect Fifth""}"	"[""(A) Major Second"", ""(B) none of the other options is correct"", ""(C) Major Third"", ""(D) Minor Second"", ""(E) Perfect Fifth""]"	(A) Major Second	A
ce834aea-dead-5a46-a958-eab9ef2a9971	3	perception	pitch	relative	pitch-relative	interval-recognition		interval recognition	What is the {target_index} interval in the {voice} line?	"[""target_index"", ""voice""]"	get_nth_interval		interval	"{""target_index"": ""59th"", ""voice"": ""alto""}"	What is the 59th interval in the alto line?	Anonymous_AusMeinesHerzensGrunde	chorale-bricks	Anonymous_AusMeinesHerzensGrunde	data/chorale-bricks/Anonymous_AusMeinesHerzensGrunde	Major Third	"[""Major Second"", ""Minor Second"", ""Minor Sixth"", ""Minor Third"", ""Perfect Fifth"", ""Perfect Fourth"", ""Perfect Unison""]"	"[""Major Second"", ""Minor Second"", ""Perfect Fifth"", ""Minor Sixth"", ""Perfect Unison"", ""Minor Third"", ""Perfect Fourth""]"	audio	audio.mastermix.wav	data/chorale-bricks/Anonymous_AusMeinesHerzensGrunde/audio.mastermix.wav	Major Third	"[""Major Third"", ""none of the other options is correct"", ""Major Second"", ""Minor Second"", ""Perfect Fifth""]"	0.2	0	"[""A"", ""B"", ""C"", ""D"", ""E""]"	"{""A"": ""Major Second"", ""B"": ""none of the other options is correct"", ""C"": ""Minor Second"", ""D"": ""Perfect Fifth"", ""E"": ""Major Third""}"	"[""(A) Major Second"", ""(B) none of the other options is correct"", ""(C) Minor Second"", ""(D) Perfect Fifth"", ""(E) Major Third""]"	(E) Major Third	E
d834756b-58a5-5ffe-9de7-5652d7c47104	3	perception	pitch	relative	pitch-relative	interval-recognition		interval recognition	What is the {target_index} interval in the {voice} line?	"[""target_index"", ""voice""]"	get_nth_interval		interval	"{""target_index"": ""59th"", ""voice"": ""alto""}"	What is the 59th interval in the alto line?	Anonymous_AusMeinesHerzensGrunde	chorale-bricks	Anonymous_AusMeinesHerzensGrunde	data/chorale-bricks/Anonymous_AusMeinesHerzensGrunde	Major Third	"[""Major Second"", ""Minor Second"", ""Minor Sixth"", ""Minor Third"", ""Perfect Fifth"", ""Perfect Fourth"", ""Perfect Unison""]"	"[""Major Second"", ""Minor Second"", ""Perfect Fifth"", ""Minor Sixth"", ""Perfect Unison"", ""Minor Third"", ""Perfect Fourth""]"	symbolic	symbolic.abc.txt	data/chorale-bricks/Anonymous_AusMeinesHerzensGrunde/symbolic.abc.txt	Major Third	"[""Major Third"", ""none of the other options is correct"", ""Major Second"", ""Minor Second"", ""Perfect Fifth""]"	0.2	0	"[""A"", ""B"", ""C"", ""D"", ""E""]"	"{""A"": ""Major Third"", ""B"": ""none of the other options is correct"", ""C"": ""Major Second"", ""D"": ""Minor Second"", ""E"": ""Perfect Fifth""}"	"[""(A) Major Third"", ""(B) none of the other options is correct"", ""(C) Major Second"", ""(D) Minor Second"", ""(E) Perfect Fifth""]"	(A) Major Third	A
5a5f18ae-54ad-5621-8fad-71bceed91a6b	3	perception	pitch	relative	pitch-relative	interval-recognition		interval recognition	What is the {target_index} interval in the {voice} line?	"[""target_index"", ""voice""]"	get_nth_interval		interval	"{""target_index"": ""59th"", ""voice"": ""alto""}"	What is the 59th interval in the alto line?	Anonymous_AusMeinesHerzensGrunde	chorale-bricks	Anonymous_AusMeinesHerzensGrunde	data/chorale-bricks/Anonymous_AusMeinesHerzensGrunde	Major Third	"[""Major Second"", ""Minor Second"", ""Minor Sixth"", ""Minor Third"", ""Perfect Fifth"", ""Perfect Fourth"", ""Perfect Unison""]"	"[""Major Second"", ""Minor Second"", ""Perfect Fifth"", ""Minor Sixth"", ""Perfect Unison"", ""Minor Third"", ""Perfect Fourth""]"	visual	visual.short.png	data/chorale-bricks/Anonymous_AusMeinesHerzensGrunde/visual.short.png	Major Third	"[""Major Third"", ""none of the other options is correct"", ""Major Second"", ""Minor Second"", ""Perfect Fifth""]"	0.2	0	"[""A"", ""B"", ""C"", ""D"", ""E""]"	"{""A"": ""Minor Second"", ""B"": ""Major Third"", ""C"": ""Perfect Fifth"", ""D"": ""none of the other options is correct"", ""E"": ""Major Second""}"	"[""(A) Minor Second"", ""(B) Major Third"", ""(C) Perfect Fifth"", ""(D) none of the other options is correct"", ""(E) Major Second""]"	(B) Major Third	B
45361af0-4010-51a3-87c4-b827f1c94654	3	perception	pitch	relative	pitch-relative	interval-recognition		interval recognition	What is the {target_index} interval in the {voice} line?	"[""target_index"", ""voice""]"	get_nth_interval		interval	"{""target_index"": ""23rd"", ""voice"": ""bass""}"	What is the 23rd interval in the bass line?	Drese_JesuGehVoran	chorale-bricks	Drese_JesuGehVoran	data/chorale-bricks/Drese_JesuGehVoran	Major Second	"[""Major Sixth"", ""Major Third"", ""Minor Second"", ""Minor Third"", ""Perfect Fifth"", ""Perfect Fourth"", ""Perfect Unison""]"	"[""Major Sixth"", ""Minor Second"", ""Minor Third"", ""Major Third"", ""Perfect Unison"", ""Perfect Fourth"", ""Perfect Fifth""]"	audio	audio.mastermix.wav	data/chorale-bricks/Drese_JesuGehVoran/audio.mastermix.wav	none of the other options is correct	"[""none of the other options is correct"", ""Major Sixth"", ""Minor Second"", ""Minor Third"", ""Major Third""]"	0.2	1	"[""A"", ""B"", ""C"", ""D"", ""E""]"	"{""A"": ""Major Third"", ""B"": ""Minor Third"", ""C"": ""none of the other options is correct"", ""D"": ""Minor Second"", ""E"": ""Major Sixth""}"	"[""(A) Major Third"", ""(B) Minor Third"", ""(C) none of the other options is correct"", ""(D) Minor Second"", ""(E) Major Sixth""]"	(C) none of the other options is correct	C
be857511-777a-5093-964b-5f9647fcf5cd	3	perception	pitch	relative	pitch-relative	interval-recognition		interval recognition	What is the {target_index} interval in the {voice} line?	"[""target_index"", ""voice""]"	get_nth_interval		interval	"{""target_index"": ""23rd"", ""voice"": ""bass""}"	What is the 23rd interval in the bass line?	Drese_JesuGehVoran	chorale-bricks	Drese_JesuGehVoran	data/chorale-bricks/Drese_JesuGehVoran	Major Second	"[""Major Sixth"", ""Major Third"", ""Minor Second"", ""Minor Third"", ""Perfect Fifth"", ""Perfect Fourth"", ""Perfect Unison""]"	"[""Major Sixth"", ""Minor Second"", ""Minor Third"", ""Major Third"", ""Perfect Unison"", ""Perfect Fourth"", ""Perfect Fifth""]"	symbolic	symbolic.abc.txt	data/chorale-bricks/Drese_JesuGehVoran/symbolic.abc.txt	Major Second	"[""Major Second"", ""none of the other options is correct"", ""Major Sixth"", ""Minor Second"", ""Minor Third""]"	0.2	0	"[""A"", ""B"", ""C"", ""D"", ""E""]"	"{""A"": ""Major Sixth"", ""B"": ""Minor Second"", ""C"": ""Major Second"", ""D"": ""Minor Third"", ""E"": ""none of the other options is correct""}"	"[""(A) Major Sixth"", ""(B) Minor Second"", ""(C) Major Second"", ""(D) Minor Third"", ""(E) none of the other options is correct""]"	(C) Major Second	C
f11a8fc7-d71d-5270-a90c-001bdb28cd43	3	perception	pitch	relative	pitch-relative	interval-recognition		interval recognition	What is the {target_index} interval in the {voice} line?	"[""target_index"", ""voice""]"	get_nth_interval		interval	"{""target_index"": ""23rd"", ""voice"": ""bass""}"	What is the 23rd interval in the bass line?	Drese_JesuGehVoran	chorale-bricks	Drese_JesuGehVoran	data/chorale-bricks/Drese_JesuGehVoran	Major Second	"[""Major Sixth"", ""Major Third"", ""Minor Second"", ""Minor Third"", ""Perfect Fifth"", ""Perfect Fourth"", ""Perfect Unison""]"	"[""Major Sixth"", ""Minor Second"", ""Minor Third"", ""Major Third"", ""Perfect Unison"", ""Perfect Fourth"", ""Perfect Fifth""]"	visual	visual.short.png	data/chorale-bricks/Drese_JesuGehVoran/visual.short.png	Major Second	"[""Major Second"", ""none of the other options is correct"", ""Major Sixth"", ""Minor Second"", ""Minor Third""]"	0.2	0	"[""A"", ""B"", ""C"", ""D"", ""E""]"	"{""A"": ""Minor Second"", ""B"": ""Major Second"", ""C"": ""Minor Third"", ""D"": ""Major Sixth"", ""E"": ""none of the other options is correct""}"	"[""(A) Minor Second"", ""(B) Major Second"", ""(C) Minor Third"", ""(D) Major Sixth"", ""(E) none of the other options is correct""]"	(B) Major Second	B
19865205-56af-5993-af7f-29272f740dbe	3	perception	pitch	relative	pitch-relative	interval-recognition		interval recognition	What is the {target_index} interval in the {voice} line?	"[""target_index"", ""voice""]"	get_nth_interval		interval	"{""target_index"": ""13th"", ""voice"": ""bass""}"	What is the 13th interval in the bass line?	Gesius_DuFriedensfuerstHerrJesuChrist	chorale-bricks	Gesius_DuFriedensfuerstHerrJesuChrist	data/chorale-bricks/Gesius_DuFriedensfuerstHerrJesuChrist	Perfect Fourth	"[""Major Second"", ""Major Third"", ""Minor Second"", ""Minor Third"", ""Perfect Fifth"", ""Perfect Unison""]"	"[""Perfect Unison"", ""Major Third"", ""Perfect Fifth"", ""Minor Third"", ""Minor Second"", ""Major Second""]"	audio	audio.mastermix.wav	data/chorale-bricks/Gesius_DuFriedensfuerstHerrJesuChrist/audio.mastermix.wav	Perfect Fourth	"[""Perfect Fourth"", ""none of the other options is correct"", ""Perfect Unison"", ""Major Third"", ""Perfect Fifth""]"	0.2	0	"[""A"", ""B"", ""C"", ""D"", ""E""]"	"{""A"": ""Major Third"", ""B"": ""Perfect Unison"", ""C"": ""Perfect Fifth"", ""D"": ""Perfect Fourth"", ""E"": ""none of the other options is correct""}"	"[""(A) Major Third"", ""(B) Perfect Unison"", ""(C) Perfect Fifth"", ""(D) Perfect Fourth"", ""(E) none of the other options is correct""]"	(D) Perfect Fourth	D
745e3710-9923-58d1-9e6d-f024ab5a97b1	3	perception	pitch	relative	pitch-relative	interval-recognition		interval recognition	What is the {target_index} interval in the {voice} line?	"[""target_index"", ""voice""]"	get_nth_interval		interval	"{""target_index"": ""13th"", ""voice"": ""bass""}"	What is the 13th interval in the bass line?	Gesius_DuFriedensfuerstHerrJesuChrist	chorale-bricks	Gesius_DuFriedensfuerstHerrJesuChrist	data/chorale-bricks/Gesius_DuFriedensfuerstHerrJesuChrist	Perfect Fourth	"[""Major Second"", ""Major Third"", ""Minor Second"", ""Minor Third"", ""Perfect Fifth"", ""Perfect Unison""]"	"[""Perfect Unison"", ""Major Third"", ""Perfect Fifth"", ""Minor Third"", ""Minor Second"", ""Major Second""]"	symbolic	symbolic.abc.txt	data/chorale-bricks/Gesius_DuFriedensfuerstHerrJesuChrist/symbolic.abc.txt	Perfect Fourth	"[""Perfect Fourth"", ""none of the other options is correct"", ""Perfect Unison"", ""Major Third"", ""Perfect Fifth""]"	0.2	0	"[""A"", ""B"", ""C"", ""D"", ""E""]"	"{""A"": ""none of the other options is correct"", ""B"": ""Perfect Fourth"", ""C"": ""Major Third"", ""D"": ""Perfect Fifth"", ""E"": ""Perfect Unison""}"	"[""(A) none of the other options is correct"", ""(B) Perfect Fourth"", ""(C) Major Third"", ""(D) Perfect Fifth"", ""(E) Perfect Unison""]"	(B) Perfect Fourth	B
320c25df-4467-5d95-b026-adbd95da0b69	3	perception	pitch	relative	pitch-relative	interval-recognition		interval recognition	What is the {target_index} interval in the {voice} line?	"[""target_index"", ""voice""]"	get_nth_interval		interval	"{""target_index"": ""13th"", ""voice"": ""bass""}"	What is the 13th interval in the bass line?	Gesius_DuFriedensfuerstHerrJesuChrist	chorale-bricks	Gesius_DuFriedensfuerstHerrJesuChrist	data/chorale-bricks/Gesius_DuFriedensfuerstHerrJesuChrist	Perfect Fourth	"[""Major Second"", ""Major Third"", ""Minor Second"", ""Minor Third"", ""Perfect Fifth"", ""Perfect Unison""]"	"[""Perfect Unison"", ""Major Third"", ""Perfect Fifth"", ""Minor Third"", ""Minor Second"", ""Major Second""]"	visual	visual.short.png	data/chorale-bricks/Gesius_DuFriedensfuerstHerrJesuChrist/visual.short.png	Perfect Fourth	"[""Perfect Fourth"", ""none of the other options is correct"", ""Perfect Unison"", ""Major Third"", ""Perfect Fifth""]"	0.2	0	"[""A"", ""B"", ""C"", ""D"", ""E""]"	"{""A"": ""Perfect Fifth"", ""B"": ""Perfect Unison"", ""C"": ""none of the other options is correct"", ""D"": ""Major Third"", ""E"": ""Perfect Fourth""}"	"[""(A) Perfect Fifth"", ""(B) Perfect Unison"", ""(C) none of the other options is correct"", ""(D) Major Third"", ""(E) Perfect Fourth""]"	(E) Perfect Fourth	E
7778f42b-c80d-5488-8a01-544e82380b91	3	perception	pitch	relative	pitch-relative	interval-recognition		interval recognition	What is the {target_index} interval in the {voice} line?	"[""target_index"", ""voice""]"	get_nth_interval		interval	"{""target_index"": ""5th"", ""voice"": ""alto""}"	What is the 5th interval in the alto line?	Crueger_AufAufMeinHerzMitFreuden	chorale-bricks	Crueger_AufAufMeinHerzMitFreuden	data/chorale-bricks/Crueger_AufAufMeinHerzMitFreuden	Perfect Unison	"[""Diminished Fifth"", ""Major Second"", ""Major Sixth"", ""Major Third"", ""Minor Second"", ""Minor Sixth"", ""Minor Third"", ""Perfect Fifth"", ""Perfect Fourth""]"	"[""Minor Third"", ""Perfect Fifth"", ""Perfect Fourth"", ""Diminished Fifth"", ""Major Sixth"", ""Major Third"", ""Minor Sixth"", ""Minor Second"", ""Major Second""]"	audio	audio.mastermix.wav	data/chorale-bricks/Crueger_AufAufMeinHerzMitFreuden/audio.mastermix.wav	Perfect Unison	"[""Perfect Unison"", ""none of the other options is correct"", ""Minor Third"", ""Perfect Fifth"", ""Perfect Fourth""]"	0.2	0	"[""A"", ""B"", ""C"", ""D"", ""E""]"	"{""A"": ""Perfect Fifth"", ""B"": ""Perfect Unison"", ""C"": ""Perfect Fourth"", ""D"": ""none of the other options is correct"", ""E"": ""Minor Third""}"	"[""(A) Perfect Fifth"", ""(B) Perfect Unison"", ""(C) Perfect Fourth"", ""(D) none of the other options is correct"", ""(E) Minor Third""]"	(B) Perfect Unison	B
76c22774-228d-543e-bdfe-fd03672476ed	3	perception	pitch	relative	pitch-relative	interval-recognition		interval recognition	What is the {target_index} interval in the {voice} line?	"[""target_index"", ""voice""]"	get_nth_interval		interval	"{""target_index"": ""5th"", ""voice"": ""alto""}"	What is the 5th interval in the alto line?	Crueger_AufAufMeinHerzMitFreuden	chorale-bricks	Crueger_AufAufMeinHerzMitFreuden	data/chorale-bricks/Crueger_AufAufMeinHerzMitFreuden	Perfect Unison	"[""Diminished Fifth"", ""Major Second"", ""Major Sixth"", ""Major Third"", ""Minor Second"", ""Minor Sixth"", ""Minor Third"", ""Perfect Fifth"", ""Perfect Fourth""]"	"[""Minor Third"", ""Perfect Fifth"", ""Perfect Fourth"", ""Diminished Fifth"", ""Major Sixth"", ""Major Third"", ""Minor Sixth"", ""Minor Second"", ""Major Second""]"	symbolic	symbolic.abc.txt	data/chorale-bricks/Crueger_AufAufMeinHerzMitFreuden/symbolic.abc.txt	Perfect Unison	"[""Perfect Unison"", ""none of the other options is correct"", ""Minor Third"", ""Perfect Fifth"", ""Perfect Fourth""]"	0.2	0	"[""A"", ""B"", ""C"", ""D"", ""E""]"	"{""A"": ""Perfect Unison"", ""B"": ""Minor Third"", ""C"": ""Perfect Fourth"", ""D"": ""none of the other options is correct"", ""E"": ""Perfect Fifth""}"	"[""(A) Perfect Unison"", ""(B) Minor Third"", ""(C) Perfect Fourth"", ""(D) none of the other options is correct"", ""(E) Perfect Fifth""]"	(A) Perfect Unison	A
7a5d3683-883f-52b0-8128-ace1fe2ece31	3	perception	pitch	relative	pitch-relative	interval-recognition		interval recognition	What is the {target_index} interval in the {voice} line?	"[""target_index"", ""voice""]"	get_nth_interval		interval	"{""target_index"": ""5th"", ""voice"": ""alto""}"	What is the 5th interval in the alto line?	Crueger_AufAufMeinHerzMitFreuden	chorale-bricks	Crueger_AufAufMeinHerzMitFreuden	data/chorale-bricks/Crueger_AufAufMeinHerzMitFreuden	Perfect Unison	"[""Diminished Fifth"", ""Major Second"", ""Major Sixth"", ""Major Third"", ""Minor Second"", ""Minor Sixth"", ""Minor Third"", ""Perfect Fifth"", ""Perfect Fourth""]"	"[""Minor Third"", ""Perfect Fifth"", ""Perfect Fourth"", ""Diminished Fifth"", ""Major Sixth"", ""Major Third"", ""Minor Sixth"", ""Minor Second"", ""Major Second""]"	visual	visual.short.png	data/chorale-bricks/Crueger_AufAufMeinHerzMitFreuden/visual.short.png	none of the other options is correct	"[""none of the other options is correct"", ""Minor Third"", ""Perfect Fifth"", ""Perfect Fourth"", ""Diminished Fifth""]"	0.2	1	"[""A"", ""B"", ""C"", ""D"", ""E""]"	"{""A"": ""Diminished Fifth"", ""B"": ""none of the other options is correct"", ""C"": ""Perfect Fifth"", ""D"": ""Perfect Fourth"", ""E"": ""Minor Third""}"	"[""(A) Diminished Fifth"", ""(B) none of the other options is correct"", ""(C) Perfect Fifth"", ""(D) Perfect Fourth"", ""(E) Minor Third""]"	(B) none of the other options is correct	B
1f6ea6a1-1f10-5705-8afe-a5ee74d2aa17	3	perception	pitch	relative	pitch-relative	interval-recognition		interval recognition	What is the {target_index} interval in the {voice} line?	"[""target_index"", ""voice""]"	get_nth_interval		interval	"{""target_index"": ""2nd"", ""voice"": ""tenor""}"	What is the 2nd interval in the tenor line?	Gesius_DuFriedensfuerstHerrJesuChrist	chorale-bricks	Gesius_DuFriedensfuerstHerrJesuChrist	data/chorale-bricks/Gesius_DuFriedensfuerstHerrJesuChrist	Minor Second	"[""Major Second"", ""Major Third"", ""Minor Third"", ""Perfect Fifth"", ""Perfect Fourth"", ""Perfect Unison""]"	"[""Perfect Fifth"", ""Perfect Fourth"", ""Major Second"", ""Perfect Unison"", ""Minor Third"", ""Major Third""]"	audio	audio.mastermix.wav	data/chorale-bricks/Gesius_DuFriedensfuerstHerrJesuChrist/audio.mastermix.wav	Minor Second	"[""Minor Second"", ""none of the other options is correct"", ""Perfect Fifth"", ""Perfect Fourth"", ""Major Second""]"	0.2	0	"[""A"", ""B"", ""C"", ""D"", ""E""]"	"{""A"": ""Major Second"", ""B"": ""Perfect Fourth"", ""C"": ""none of the other options is correct"", ""D"": ""Minor Second"", ""E"": ""Perfect Fifth""}"	"[""(A) Major Second"", ""(B) Perfect Fourth"", ""(C) none of the other options is correct"", ""(D) Minor Second"", ""(E) Perfect Fifth""]"	(D) Minor Second	D
dc6663a6-3631-5cc8-a07f-a029c6b64660	3	perception	pitch	relative	pitch-relative	interval-recognition		interval recognition	What is the {target_index} interval in the {voice} line?	"[""target_index"", ""voice""]"	get_nth_interval		interval	"{""target_index"": ""2nd"", ""voice"": ""tenor""}"	What is the 2nd interval in the tenor line?	Gesius_DuFriedensfuerstHerrJesuChrist	chorale-bricks	Gesius_DuFriedensfuerstHerrJesuChrist	data/chorale-bricks/Gesius_DuFriedensfuerstHerrJesuChrist	Minor Second	"[""Major Second"", ""Major Third"", ""Minor Third"", ""Perfect Fifth"", ""Perfect Fourth"", ""Perfect Unison""]"	"[""Perfect Fifth"", ""Perfect Fourth"", ""Major Second"", ""Perfect Unison"", ""Minor Third"", ""Major Third""]"	symbolic	symbolic.abc.txt	data/chorale-bricks/Gesius_DuFriedensfuerstHerrJesuChrist/symbolic.abc.txt	Minor Second	"[""Minor Second"", ""none of the other options is correct"", ""Perfect Fifth"", ""Perfect Fourth"", ""Major Second""]"	0.2	0	"[""A"", ""B"", ""C"", ""D"", ""E""]"	"{""A"": ""Perfect Fourth"", ""B"": ""Minor Second"", ""C"": ""none of the other options is correct"", ""D"": ""Major Second"", ""E"": ""Perfect Fifth""}"	"[""(A) Perfect Fourth"", ""(B) Minor Second"", ""(C) none of the other options is correct"", ""(D) Major Second"", ""(E) Perfect Fifth""]"	(B) Minor Second	B
d2dd3509-882e-51b6-aca8-8dd15537f0d6	3	perception	pitch	relative	pitch-relative	interval-recognition		interval recognition	What is the {target_index} interval in the {voice} line?	"[""target_index"", ""voice""]"	get_nth_interval		interval	"{""target_index"": ""2nd"", ""voice"": ""tenor""}"	What is the 2nd interval in the tenor line?	Gesius_DuFriedensfuerstHerrJesuChrist	chorale-bricks	Gesius_DuFriedensfuerstHerrJesuChrist	data/chorale-bricks/Gesius_DuFriedensfuerstHerrJesuChrist	Minor Second	"[""Major Second"", ""Major Third"", ""Minor Third"", ""Perfect Fifth"", ""Perfect Fourth"", ""Perfect Unison""]"	"[""Perfect Fifth"", ""Perfect Fourth"", ""Major Second"", ""Perfect Unison"", ""Minor Third"", ""Major Third""]"	visual	visual.short.png	data/chorale-bricks/Gesius_DuFriedensfuerstHerrJesuChrist/visual.short.png	Minor Second	"[""Minor Second"", ""none of the other options is correct"", ""Perfect Fifth"", ""Perfect Fourth"", ""Major Second""]"	0.2	0	"[""A"", ""B"", ""C"", ""D"", ""E""]"	"{""A"": ""Perfect Fifth"", ""B"": ""none of the other options is correct"", ""C"": ""Perfect Fourth"", ""D"": ""Minor Second"", ""E"": ""Major Second""}"	"[""(A) Perfect Fifth"", ""(B) none of the other options is correct"", ""(C) Perfect Fourth"", ""(D) Minor Second"", ""(E) Major Second""]"	(D) Minor Second	D
8568ddb8-e099-5c6a-b9ae-8e4fd84e10a9	3	perception	pitch	relative	pitch-relative	interval-recognition		interval recognition	What is the {target_index} interval in the {voice} line?	"[""target_index"", ""voice""]"	get_nth_interval		interval	"{""target_index"": ""31st"", ""voice"": ""bass""}"	What is the 31st interval in the bass line?	Crueger_AufAufMeinHerzMitFreuden	chorale-bricks	Crueger_AufAufMeinHerzMitFreuden	data/chorale-bricks/Crueger_AufAufMeinHerzMitFreuden	Perfect Fourth	"[""Diminished Fifth"", ""Major Second"", ""Major Sixth"", ""Major Third"", ""Minor Second"", ""Minor Sixth"", ""Minor Third"", ""Perfect Fifth"", ""Perfect Unison""]"	"[""Perfect Fifth"", ""Major Third"", ""Major Second"", ""Minor Sixth"", ""Minor Third"", ""Minor Second"", ""Perfect Unison"", ""Major Sixth"", ""Diminished Fifth""]"	audio	audio.mastermix.wav	data/chorale-bricks/Crueger_AufAufMeinHerzMitFreuden/audio.mastermix.wav	Perfect Fourth	"[""Perfect Fourth"", ""none of the other options is correct"", ""Perfect Fifth"", ""Major Third"", ""Major Second""]"	0.2	0	"[""A"", ""B"", ""C"", ""D"", ""E""]"	"{""A"": ""none of the other options is correct"", ""B"": ""Perfect Fourth"", ""C"": ""Perfect Fifth"", ""D"": ""Major Second"", ""E"": ""Major Third""}"	"[""(A) none of the other options is correct"", ""(B) Perfect Fourth"", ""(C) Perfect Fifth"", ""(D) Major Second"", ""(E) Major Third""]"	(B) Perfect Fourth	B
5e3c4b90-7fb0-5c84-a46f-4c9cea67d384	3	perception	pitch	relative	pitch-relative	interval-recognition		interval recognition	What is the {target_index} interval in the {voice} line?	"[""target_index"", ""voice""]"	get_nth_interval		interval	"{""target_index"": ""31st"", ""voice"": ""bass""}"	What is the 31st interval in the bass line?	Crueger_AufAufMeinHerzMitFreuden	chorale-bricks	Crueger_AufAufMeinHerzMitFreuden	data/chorale-bricks/Crueger_AufAufMeinHerzMitFreuden	Perfect Fourth	"[""Diminished Fifth"", ""Major Second"", ""Major Sixth"", ""Major Third"", ""Minor Second"", ""Minor Sixth"", ""Minor Third"", ""Perfect Fifth"", ""Perfect Unison""]"	"[""Perfect Fifth"", ""Major Third"", ""Major Second"", ""Minor Sixth"", ""Minor Third"", ""Minor Second"", ""Perfect Unison"", ""Major Sixth"", ""Diminished Fifth""]"	symbolic	symbolic.abc.txt	data/chorale-bricks/Crueger_AufAufMeinHerzMitFreuden/symbolic.abc.txt	Perfect Fourth	"[""Perfect Fourth"", ""none of the other options is correct"", ""Perfect Fifth"", ""Major Third"", ""Major Second""]"	0.2	0	"[""A"", ""B"", ""C"", ""D"", ""E""]"	"{""A"": ""Major Second"", ""B"": ""Major Third"", ""C"": ""Perfect Fourth"", ""D"": ""Perfect Fifth"", ""E"": ""none of the other options is correct""}"	"[""(A) Major Second"", ""(B) Major Third"", ""(C) Perfect Fourth"", ""(D) Perfect Fifth"", ""(E) none of the other options is correct""]"	(C) Perfect Fourth	C
1db8f12d-77ec-570a-af88-7b1ae3791f26	3	perception	pitch	relative	pitch-relative	interval-recognition		interval recognition	What is the {target_index} interval in the {voice} line?	"[""target_index"", ""voice""]"	get_nth_interval		interval	"{""target_index"": ""31st"", ""voice"": ""bass""}"	What is the 31st interval in the bass line?	Crueger_AufAufMeinHerzMitFreuden	chorale-bricks	Crueger_AufAufMeinHerzMitFreuden	data/chorale-bricks/Crueger_AufAufMeinHerzMitFreuden	Perfect Fourth	"[""Diminished Fifth"", ""Major Second"", ""Major Sixth"", ""Major Third"", ""Minor Second"", ""Minor Sixth"", ""Minor Third"", ""Perfect Fifth"", ""Perfect Unison""]"	"[""Perfect Fifth"", ""Major Third"", ""Major Second"", ""Minor Sixth"", ""Minor Third"", ""Minor Second"", ""Perfect Unison"", ""Major Sixth"", ""Diminished Fifth""]"	visual	visual.short.png	data/chorale-bricks/Crueger_AufAufMeinHerzMitFreuden/visual.short.png	Perfect Fourth	"[""Perfect Fourth"", ""none of the other options is correct"", ""Perfect Fifth"", ""Major Third"", ""Major Second""]"	0.2	0	"[""A"", ""B"", ""C"", ""D"", ""E""]"	"{""A"": ""Major Third"", ""B"": ""Perfect Fourth"", ""C"": ""none of the other options is correct"", ""D"": ""Perfect Fifth"", ""E"": ""Major Second""}"	"[""(A) Major Third"", ""(B) Perfect Fourth"", ""(C) none of the other options is correct"", ""(D) Perfect Fifth"", ""(E) Major Second""]"	(B) Perfect Fourth	B
7a0d6442-74e0-5e82-b510-33728a032a88	3	perception	pitch	relative	pitch-relative	interval-recognition		interval recognition	What is the {target_index} interval in the {voice} line?	"[""target_index"", ""voice""]"	get_nth_interval		interval	"{""target_index"": ""5th"", ""voice"": ""bass""}"	What is the 5th interval in the bass line?	Gesius_DuFriedensfuerstHerrJesuChrist	chorale-bricks	Gesius_DuFriedensfuerstHerrJesuChrist	data/chorale-bricks/Gesius_DuFriedensfuerstHerrJesuChrist	Perfect Fifth	"[""Major Second"", ""Major Third"", ""Minor Second"", ""Minor Third"", ""Perfect Fourth"", ""Perfect Unison""]"	"[""Major Third"", ""Minor Third"", ""Minor Second"", ""Perfect Unison"", ""Major Second"", ""Perfect Fourth""]"	audio	audio.mastermix.wav	data/chorale-bricks/Gesius_DuFriedensfuerstHerrJesuChrist/audio.mastermix.wav	Perfect Fifth	"[""Perfect Fifth"", ""none of the other options is correct"", ""Major Third"", ""Minor Third"", ""Minor Second""]"	0.2	0	"[""A"", ""B"", ""C"", ""D"", ""E""]"	"{""A"": ""Major Third"", ""B"": ""none of the other options is correct"", ""C"": ""Minor Second"", ""D"": ""Perfect Fifth"", ""E"": ""Minor Third""}"	"[""(A) Major Third"", ""(B) none of the other options is correct"", ""(C) Minor Second"", ""(D) Perfect Fifth"", ""(E) Minor Third""]"	(D) Perfect Fifth	D
c3c76805-8d0a-5641-9eb9-31fcbdec148b	3	perception	pitch	relative	pitch-relative	interval-recognition		interval recognition	What is the {target_index} interval in the {voice} line?	"[""target_index"", ""voice""]"	get_nth_interval		interval	"{""target_index"": ""5th"", ""voice"": ""bass""}"	What is the 5th interval in the bass line?	Gesius_DuFriedensfuerstHerrJesuChrist	chorale-bricks	Gesius_DuFriedensfuerstHerrJesuChrist	data/chorale-bricks/Gesius_DuFriedensfuerstHerrJesuChrist	Perfect Fifth	"[""Major Second"", ""Major Third"", ""Minor Second"", ""Minor Third"", ""Perfect Fourth"", ""Perfect Unison""]"	"[""Major Third"", ""Minor Third"", ""Minor Second"", ""Perfect Unison"", ""Major Second"", ""Perfect Fourth""]"	symbolic	symbolic.abc.txt	data/chorale-bricks/Gesius_DuFriedensfuerstHerrJesuChrist/symbolic.abc.txt	Perfect Fifth	"[""Perfect Fifth"", ""none of the other options is correct"", ""Major Third"", ""Minor Third"", ""Minor Second""]"	0.2	0	"[""A"", ""B"", ""C"", ""D"", ""E""]"	"{""A"": ""Perfect Fifth"", ""B"": ""Minor Second"", ""C"": ""none of the other options is correct"", ""D"": ""Minor Third"", ""E"": ""Major Third""}"	"[""(A) Perfect Fifth"", ""(B) Minor Second"", ""(C) none of the other options is correct"", ""(D) Minor Third"", ""(E) Major Third""]"	(A) Perfect Fifth	A
eb9c72b7-159e-5074-bfc3-cf94ff29ac0c	3	perception	pitch	relative	pitch-relative	interval-recognition		interval recognition	What is the {target_index} interval in the {voice} line?	"[""target_index"", ""voice""]"	get_nth_interval		interval	"{""target_index"": ""5th"", ""voice"": ""bass""}"	What is the 5th interval in the bass line?	Gesius_DuFriedensfuerstHerrJesuChrist	chorale-bricks	Gesius_DuFriedensfuerstHerrJesuChrist	data/chorale-bricks/Gesius_DuFriedensfuerstHerrJesuChrist	Perfect Fifth	"[""Major Second"", ""Major Third"", ""Minor Second"", ""Minor Third"", ""Perfect Fourth"", ""Perfect Unison""]"	"[""Major Third"", ""Minor Third"", ""Minor Second"", ""Perfect Unison"", ""Major Second"", ""Perfect Fourth""]"	visual	visual.short.png	data/chorale-bricks/Gesius_DuFriedensfuerstHerrJesuChrist/visual.short.png	Perfect Fifth	"[""Perfect Fifth"", ""none of the other options is correct"", ""Major Third"", ""Minor Third"", ""Minor Second""]"	0.2	0	"[""A"", ""B"", ""C"", ""D"", ""E""]"	"{""A"": ""Minor Second"", ""B"": ""Minor Third"", ""C"": ""none of the other options is correct"", ""D"": ""Major Third"", ""E"": ""Perfect Fifth""}"	"[""(A) Minor Second"", ""(B) Minor Third"", ""(C) none of the other options is correct"", ""(D) Major Third"", ""(E) Perfect Fifth""]"	(E) Perfect Fifth	E
79d672a0-8e8d-5604-8355-2ba4197034c8	4	perception	pitch	relative	pitch-relative	interval-recognition		interval statistics	How many times is the interval {interval} present in the {voice} line?	"[""voice"", ""interval""]"	get_interval_quantity		interval	"{""voice"": ""tenor"", ""interval"": ""Minor Second""}"	How many times is the interval Minor Second present in the tenor line?	Drese_JesuGehVoran	chorale-bricks	Drese_JesuGehVoran	data/chorale-bricks/Drese_JesuGehVoran	14	"[""1"", ""3"", ""5"", ""9"", ""21"", ""34"", ""49"", ""58""]"	"[""9"", ""5"", ""49"", ""58"", ""21"", ""34"", ""1"", ""3""]"	audio	audio.mastermix.wav	data/chorale-bricks/Drese_JesuGehVoran/audio.mastermix.wav	14	"[""14"", ""none of the other options is correct"", ""9"", ""5"", ""49""]"	0.2	0	"[""A"", ""B"", ""C"", ""D"", ""E""]"	"{""A"": ""49"", ""B"": ""14"", ""C"": ""9"", ""D"": ""none of the other options is correct"", ""E"": ""5""}"	"[""(A) 49"", ""(B) 14"", ""(C) 9"", ""(D) none of the other options is correct"", ""(E) 5""]"	(B) 14	B
a400810a-7aed-588e-8876-af9559eec7ac	4	perception	pitch	relative	pitch-relative	interval-recognition		interval statistics	How many times is the interval {interval} present in the {voice} line?	"[""voice"", ""interval""]"	get_interval_quantity		interval	"{""voice"": ""tenor"", ""interval"": ""Minor Second""}"	How many times is the interval Minor Second present in the tenor line?	Drese_JesuGehVoran	chorale-bricks	Drese_JesuGehVoran	data/chorale-bricks/Drese_JesuGehVoran	14	"[""1"", ""3"", ""5"", ""9"", ""21"", ""34"", ""49"", ""58""]"	"[""9"", ""5"", ""49"", ""58"", ""21"", ""34"", ""1"", ""3""]"	symbolic	symbolic.abc.txt	data/chorale-bricks/Drese_JesuGehVoran/symbolic.abc.txt	14	"[""14"", ""none of the other options is correct"", ""9"", ""5"", ""49""]"	0.2	0	"[""A"", ""B"", ""C"", ""D"", ""E""]"	"{""A"": ""14"", ""B"": ""5"", ""C"": ""49"", ""D"": ""9"", ""E"": ""none of the other options is correct""}"	"[""(A) 14"", ""(B) 5"", ""(C) 49"", ""(D) 9"", ""(E) none of the other options is correct""]"	(A) 14	A
37c5d72f-0e52-51cc-a1bc-648ca3b739b8	4	perception	pitch	relative	pitch-relative	interval-recognition		interval statistics	How many times is the interval {interval} present in the {voice} line?	"[""voice"", ""interval""]"	get_interval_quantity		interval	"{""voice"": ""tenor"", ""interval"": ""Minor Second""}"	How many times is the interval Minor Second present in the tenor line?	Drese_JesuGehVoran	chorale-bricks	Drese_JesuGehVoran	data/chorale-bricks/Drese_JesuGehVoran	14	"[""1"", ""3"", ""5"", ""9"", ""21"", ""34"", ""49"", ""58""]"	"[""9"", ""5"", ""49"", ""58"", ""21"", ""34"", ""1"", ""3""]"	visual	visual.short.png	data/chorale-bricks/Drese_JesuGehVoran/visual.short.png	14	"[""14"", ""none of the other options is correct"", ""9"", ""5"", ""49""]"	0.2	0	"[""A"", ""B"", ""C"", ""D"", ""E""]"	"{""A"": ""14"", ""B"": ""5"", ""C"": ""49"", ""D"": ""none of the other options is correct"", ""E"": ""9""}"	"[""(A) 14"", ""(B) 5"", ""(C) 49"", ""(D) none of the other options is correct"", ""(E) 9""]"	(A) 14	A
44fb45cf-e34b-5655-9b39-e640af9d50bf	4	perception	pitch	relative	pitch-relative	interval-recognition		interval statistics	How many times is the interval {interval} present in the {voice} line?	"[""voice"", ""interval""]"	get_interval_quantity		interval	"{""voice"": ""bass"", ""interval"": ""Perfect Fourth""}"	How many times is the interval Perfect Fourth present in the bass line?	Vulpius_ChristusDerIstMeinLeben	chorale-bricks	Vulpius_ChristusDerIstMeinLeben	data/chorale-bricks/Vulpius_ChristusDerIstMeinLeben	10	"[""3"", ""9"", ""15"", ""19"", ""23"", ""24"", ""36""]"	"[""36"", ""3"", ""23"", ""19"", ""15"", ""24"", ""9""]"	audio	audio.mastermix.wav	data/chorale-bricks/Vulpius_ChristusDerIstMeinLeben/audio.mastermix.wav	none of the other options is correct	"[""none of the other options is correct"", ""36"", ""3"", ""23"", ""19""]"	0.2	1	"[""A"", ""B"", ""C"", ""D"", ""E""]"	"{""A"": ""3"", ""B"": ""none of the other options is correct"", ""C"": ""36"", ""D"": ""23"", ""E"": ""19""}"	"[""(A) 3"", ""(B) none of the other options is correct"", ""(C) 36"", ""(D) 23"", ""(E) 19""]"	(B) none of the other options is correct	B
112f1ab4-ea22-5e83-87ad-12d443ef77cb	4	perception	pitch	relative	pitch-relative	interval-recognition		interval statistics	How many times is the interval {interval} present in the {voice} line?	"[""voice"", ""interval""]"	get_interval_quantity		interval	"{""voice"": ""bass"", ""interval"": ""Perfect Fourth""}"	How many times is the interval Perfect Fourth present in the bass line?	Vulpius_ChristusDerIstMeinLeben	chorale-bricks	Vulpius_ChristusDerIstMeinLeben	data/chorale-bricks/Vulpius_ChristusDerIstMeinLeben	10	"[""3"", ""9"", ""15"", ""19"", ""23"", ""24"", ""36""]"	"[""36"", ""3"", ""23"", ""19"", ""15"", ""24"", ""9""]"	symbolic	symbolic.abc.txt	data/chorale-bricks/Vulpius_ChristusDerIstMeinLeben/symbolic.abc.txt	10	"[""10"", ""none of the other options is correct"", ""36"", ""3"", ""23""]"	0.2	0	"[""A"", ""B"", ""C"", ""D"", ""E""]"	"{""A"": ""36"", ""B"": ""23"", ""C"": ""10"", ""D"": ""none of the other options is correct"", ""E"": ""3""}"	"[""(A) 36"", ""(B) 23"", ""(C) 10"", ""(D) none of the other options is correct"", ""(E) 3""]"	(C) 10	C
97f6a84f-af83-5c3d-b7e5-d8ed423a407c	4	perception	pitch	relative	pitch-relative	interval-recognition		interval statistics	How many times is the interval {interval} present in the {voice} line?	"[""voice"", ""interval""]"	get_interval_quantity		interval	"{""voice"": ""bass"", ""interval"": ""Perfect Fourth""}"	How many times is the interval Perfect Fourth present in the bass line?	Vulpius_ChristusDerIstMeinLeben	chorale-bricks	Vulpius_ChristusDerIstMeinLeben	data/chorale-bricks/Vulpius_ChristusDerIstMeinLeben	10	"[""3"", ""9"", ""15"", ""19"", ""23"", ""24"", ""36""]"	"[""36"", ""3"", ""23"", ""19"", ""15"", ""24"", ""9""]"	visual	visual.short.png	data/chorale-bricks/Vulpius_ChristusDerIstMeinLeben/visual.short.png	10	"[""10"", ""none of the other options is correct"", ""36"", ""3"", ""23""]"	0.2	0	"[""A"", ""B"", ""C"", ""D"", ""E""]"	"{""A"": ""3"", ""B"": ""none of the other options is correct"", ""C"": ""36"", ""D"": ""10"", ""E"": ""23""}"	"[""(A) 3"", ""(B) none of the other options is correct"", ""(C) 36"", ""(D) 10"", ""(E) 23""]"	(D) 10	D
eb95558c-47b7-51a1-9f84-11f0b5f62055	4	perception	pitch	relative	pitch-relative	interval-recognition		interval statistics	How many times is the interval {interval} present in the {voice} line?	"[""voice"", ""interval""]"	get_interval_quantity		interval	"{""voice"": ""bass"", ""interval"": ""Perfect Fifth""}"	How many times is the interval Perfect Fifth present in the bass line?	Jan_DuGrosserSchmerzensmann	chorale-bricks	Jan_DuGrosserSchmerzensmann	data/chorale-bricks/Jan_DuGrosserSchmerzensmann	8	"[""1"", ""2"", ""18"", ""19"", ""24"", ""25"", ""42"", ""58"", ""69""]"	"[""69"", ""42"", ""18"", ""58"", ""25"", ""19"", ""24"", ""1"", ""2""]"	audio	audio.mastermix.wav	data/chorale-bricks/Jan_DuGrosserSchmerzensmann/audio.mastermix.wav	8	"[""8"", ""none of the other options is correct"", ""69"", ""42"", ""18""]"	0.2	0	"[""A"", ""B"", ""C"", ""D"", ""E""]"	"{""A"": ""18"", ""B"": ""none of the other options is correct"", ""C"": ""8"", ""D"": ""69"", ""E"": ""42""}"	"[""(A) 18"", ""(B) none of the other options is correct"", ""(C) 8"", ""(D) 69"", ""(E) 42""]"	(C) 8	C
465505af-23fd-53a4-9853-1c92fd675822	4	perception	pitch	relative	pitch-relative	interval-recognition		interval statistics	How many times is the interval {interval} present in the {voice} line?	"[""voice"", ""interval""]"	get_interval_quantity		interval	"{""voice"": ""bass"", ""interval"": ""Perfect Fifth""}"	How many times is the interval Perfect Fifth present in the bass line?	Jan_DuGrosserSchmerzensmann	chorale-bricks	Jan_DuGrosserSchmerzensmann	data/chorale-bricks/Jan_DuGrosserSchmerzensmann	8	"[""1"", ""2"", ""18"", ""19"", ""24"", ""25"", ""42"", ""58"", ""69""]"	"[""69"", ""42"", ""18"", ""58"", ""25"", ""19"", ""24"", ""1"", ""2""]"	symbolic	symbolic.abc.txt	data/chorale-bricks/Jan_DuGrosserSchmerzensmann/symbolic.abc.txt	none of the other options is correct	"[""none of the other options is correct"", ""69"", ""42"", ""18"", ""58""]"	0.2	1	"[""A"", ""B"", ""C"", ""D"", ""E""]"	"{""A"": ""42"", ""B"": ""none of the other options is correct"", ""C"": ""69"", ""D"": ""18"", ""E"": ""58""}"	"[""(A) 42"", ""(B) none of the other options is correct"", ""(C) 69"", ""(D) 18"", ""(E) 58""]"	(B) none of the other options is correct	B
486f6e9a-d6a6-59e4-abf5-4a5a7c71113c	4	perception	pitch	relative	pitch-relative	interval-recognition		interval statistics	How many times is the interval {interval} present in the {voice} line?	"[""voice"", ""interval""]"	get_interval_quantity		interval	"{""voice"": ""bass"", ""interval"": ""Perfect Fifth""}"	How many times is the interval Perfect Fifth present in the bass line?	Jan_DuGrosserSchmerzensmann	chorale-bricks	Jan_DuGrosserSchmerzensmann	data/chorale-bricks/Jan_DuGrosserSchmerzensmann	8	"[""1"", ""2"", ""18"", ""19"", ""24"", ""25"", ""42"", ""58"", ""69""]"	"[""69"", ""42"", ""18"", ""58"", ""25"", ""19"", ""24"", ""1"", ""2""]"	visual	visual.short.png	data/chorale-bricks/Jan_DuGrosserSchmerzensmann/visual.short.png	8	"[""8"", ""none of the other options is correct"", ""69"", ""42"", ""18""]"	0.2	0	"[""A"", ""B"", ""C"", ""D"", ""E""]"	"{""A"": ""18"", ""B"": ""42"", ""C"": ""69"", ""D"": ""none of the other options is correct"", ""E"": ""8""}"	"[""(A) 18"", ""(B) 42"", ""(C) 69"", ""(D) none of the other options is correct"", ""(E) 8""]"	(E) 8	E
6258a3ef-63be-537e-b748-e68aed78d6c5	4	perception	pitch	relative	pitch-relative	interval-recognition		interval statistics	How many times is the interval {interval} present in the {voice} line?	"[""voice"", ""interval""]"	get_interval_quantity		interval	"{""voice"": ""soprano"", ""interval"": ""Perfect Fourth""}"	How many times is the interval Perfect Fourth present in the soprano line?	Crueger_AufAufMeinHerzMitFreuden	chorale-bricks	Crueger_AufAufMeinHerzMitFreuden	data/chorale-bricks/Crueger_AufAufMeinHerzMitFreuden	2	"[""1"", ""14"", ""19"", ""23"", ""28"", ""42"", ""51"", ""96""]"	"[""28"", ""42"", ""1"", ""96"", ""19"", ""51"", ""14"", ""23""]"	audio	audio.mastermix.wav	data/chorale-bricks/Crueger_AufAufMeinHerzMitFreuden/audio.mastermix.wav	2	"[""2"", ""none of the other options is correct"", ""28"", ""42"", ""1""]"	0.2	0	"[""A"", ""B"", ""C"", ""D"", ""E""]"	"{""A"": ""42"", ""B"": ""none of the other options is correct"", ""C"": ""2"", ""D"": ""1"", ""E"": ""28""}"	"[""(A) 42"", ""(B) none of the other options is correct"", ""(C) 2"", ""(D) 1"", ""(E) 28""]"	(C) 2	C
154d119e-d726-5d73-a407-21803a3c79c0	4	perception	pitch	relative	pitch-relative	interval-recognition		interval statistics	How many times is the interval {interval} present in the {voice} line?	"[""voice"", ""interval""]"	get_interval_quantity		interval	"{""voice"": ""soprano"", ""interval"": ""Perfect Fourth""}"	How many times is the interval Perfect Fourth present in the soprano line?	Crueger_AufAufMeinHerzMitFreuden	chorale-bricks	Crueger_AufAufMeinHerzMitFreuden	data/chorale-bricks/Crueger_AufAufMeinHerzMitFreuden	2	"[""1"", ""14"", ""19"", ""23"", ""28"", ""42"", ""51"", ""96""]"	"[""28"", ""42"", ""1"", ""96"", ""19"", ""51"", ""14"", ""23""]"	symbolic	symbolic.abc.txt	data/chorale-bricks/Crueger_AufAufMeinHerzMitFreuden/symbolic.abc.txt	2	"[""2"", ""none of the other options is correct"", ""28"", ""42"", ""1""]"	0.2	0	"[""A"", ""B"", ""C"", ""D"", ""E""]"	"{""A"": ""42"", ""B"": ""1"", ""C"": ""28"", ""D"": ""none of the other options is correct"", ""E"": ""2""}"	"[""(A) 42"", ""(B) 1"", ""(C) 28"", ""(D) none of the other options is correct"", ""(E) 2""]"	(E) 2	E
52db6ed9-9d5b-5252-905b-27a3737d7dca	4	perception	pitch	relative	pitch-relative	interval-recognition		interval statistics	How many times is the interval {interval} present in the {voice} line?	"[""voice"", ""interval""]"	get_interval_quantity		interval	"{""voice"": ""soprano"", ""interval"": ""Perfect Fourth""}"	How many times is the interval Perfect Fourth present in the soprano line?	Crueger_AufAufMeinHerzMitFreuden	chorale-bricks	Crueger_AufAufMeinHerzMitFreuden	data/chorale-bricks/Crueger_AufAufMeinHerzMitFreuden	2	"[""1"", ""14"", ""19"", ""23"", ""28"", ""42"", ""51"", ""96""]"	"[""28"", ""42"", ""1"", ""96"", ""19"", ""51"", ""14"", ""23""]"	visual	visual.short.png	data/chorale-bricks/Crueger_AufAufMeinHerzMitFreuden/visual.short.png	2	"[""2"", ""none of the other options is correct"", ""28"", ""42"", ""1""]"	0.2	0	"[""A"", ""B"", ""C"", ""D"", ""E""]"	"{""A"": ""1"", ""B"": ""42"", ""C"": ""28"", ""D"": ""2"", ""E"": ""none of the other options is correct""}"	"[""(A) 1"", ""(B) 42"", ""(C) 28"", ""(D) 2"", ""(E) none of the other options is correct""]"	(D) 2	D
3932ed3b-dc25-5232-8249-e6429fe704e1	4	perception	pitch	relative	pitch-relative	interval-recognition		interval statistics	How many times is the interval {interval} present in the {voice} line?	"[""voice"", ""interval""]"	get_interval_quantity		interval	"{""voice"": ""bass"", ""interval"": ""Augmented Unison""}"	How many times is the interval Augmented Unison present in the bass line?	Drese_JesuGehVoran	chorale-bricks	Drese_JesuGehVoran	data/chorale-bricks/Drese_JesuGehVoran	0	"[""2"", ""5"", ""6"", ""17"", ""24"", ""39"", ""64""]"	"[""2"", ""39"", ""64"", ""17"", ""6"", ""5"", ""24""]"	audio	audio.mastermix.wav	data/chorale-bricks/Drese_JesuGehVoran/audio.mastermix.wav	0	"[""0"", ""none of the other options is correct"", ""2"", ""39"", ""64""]"	0.2	0	"[""A"", ""B"", ""C"", ""D"", ""E""]"	"{""A"": ""2"", ""B"": ""39"", ""C"": ""0"", ""D"": ""none of the other options is correct"", ""E"": ""64""}"	"[""(A) 2"", ""(B) 39"", ""(C) 0"", ""(D) none of the other options is correct"", ""(E) 64""]"	(C) 0	C
066b0e25-98d5-5819-8baf-550587a80b3a	4	perception	pitch	relative	pitch-relative	interval-recognition		interval statistics	How many times is the interval {interval} present in the {voice} line?	"[""voice"", ""interval""]"	get_interval_quantity		interval	"{""voice"": ""bass"", ""interval"": ""Augmented Unison""}"	How many times is the interval Augmented Unison present in the bass line?	Drese_JesuGehVoran	chorale-bricks	Drese_JesuGehVoran	data/chorale-bricks/Drese_JesuGehVoran	0	"[""2"", ""5"", ""6"", ""17"", ""24"", ""39"", ""64""]"	"[""2"", ""39"", ""64"", ""17"", ""6"", ""5"", ""24""]"	symbolic	symbolic.abc.txt	data/chorale-bricks/Drese_JesuGehVoran/symbolic.abc.txt	0	"[""0"", ""none of the other options is correct"", ""2"", ""39"", ""64""]"	0.2	0	"[""A"", ""B"", ""C"", ""D"", ""E""]"	"{""A"": ""64"", ""B"": ""39"", ""C"": ""none of the other options is correct"", ""D"": ""2"", ""E"": ""0""}"	"[""(A) 64"", ""(B) 39"", ""(C) none of the other options is correct"", ""(D) 2"", ""(E) 0""]"	(E) 0	E
e3bbf9c9-6624-562c-b660-48321c3c379e	4	perception	pitch	relative	pitch-relative	interval-recognition		interval statistics	How many times is the interval {interval} present in the {voice} line?	"[""voice"", ""interval""]"	get_interval_quantity		interval	"{""voice"": ""bass"", ""interval"": ""Augmented Unison""}"	How many times is the interval Augmented Unison present in the bass line?	Drese_JesuGehVoran	chorale-bricks	Drese_JesuGehVoran	data/chorale-bricks/Drese_JesuGehVoran	0	"[""2"", ""5"", ""6"", ""17"", ""24"", ""39"", ""64""]"	"[""2"", ""39"", ""64"", ""17"", ""6"", ""5"", ""24""]"	visual	visual.short.png	data/chorale-bricks/Drese_JesuGehVoran/visual.short.png	none of the other options is correct	"[""none of the other options is correct"", ""2"", ""39"", ""64"", ""17""]"	0.2	1	"[""A"", ""B"", ""C"", ""D"", ""E""]"	"{""A"": ""17"", ""B"": ""none of the other options is correct"", ""C"": ""64"", ""D"": ""39"", ""E"": ""2""}"	"[""(A) 17"", ""(B) none of the other options is correct"", ""(C) 64"", ""(D) 39"", ""(E) 2""]"	(B) none of the other options is correct	B
db12d16a-e52c-5948-bcbd-44b45fc24633	4	perception	pitch	relative	pitch-relative	interval-recognition		interval statistics	How many times is the interval {interval} present in the {voice} line?	"[""voice"", ""interval""]"	get_interval_quantity		interval	"{""voice"": ""bass"", ""interval"": ""Major Second""}"	How many times is the interval Major Second present in the bass line?	Jan_DuGrosserSchmerzensmann	chorale-bricks	Jan_DuGrosserSchmerzensmann	data/chorale-bricks/Jan_DuGrosserSchmerzensmann	7	"[""1"", ""2"", ""18"", ""19"", ""24"", ""25"", ""42"", ""58"", ""69""]"	"[""58"", ""1"", ""42"", ""2"", ""69"", ""24"", ""25"", ""18"", ""19""]"	audio	audio.mastermix.wav	data/chorale-bricks/Jan_DuGrosserSchmerzensmann/audio.mastermix.wav	7	"[""7"", ""none of the other options is correct"", ""58"", ""1"", ""42""]"	0.2	0	"[""A"", ""B"", ""C"", ""D"", ""E""]"	"{""A"": ""7"", ""B"": ""58"", ""C"": ""none of the other options is correct"", ""D"": ""1"", ""E"": ""42""}"	"[""(A) 7"", ""(B) 58"", ""(C) none of the other options is correct"", ""(D) 1"", ""(E) 42""]"	(A) 7	A
57742853-38c5-5e6a-a2e4-0b9f6efbc391	4	perception	pitch	relative	pitch-relative	interval-recognition		interval statistics	How many times is the interval {interval} present in the {voice} line?	"[""voice"", ""interval""]"	get_interval_quantity		interval	"{""voice"": ""bass"", ""interval"": ""Major Second""}"	How many times is the interval Major Second present in the bass line?	Jan_DuGrosserSchmerzensmann	chorale-bricks	Jan_DuGrosserSchmerzensmann	data/chorale-bricks/Jan_DuGrosserSchmerzensmann	7	"[""1"", ""2"", ""18"", ""19"", ""24"", ""25"", ""42"", ""58"", ""69""]"	"[""58"", ""1"", ""42"", ""2"", ""69"", ""24"", ""25"", ""18"", ""19""]"	symbolic	symbolic.abc.txt	data/chorale-bricks/Jan_DuGrosserSchmerzensmann/symbolic.abc.txt	none of the other options is correct	"[""none of the other options is correct"", ""58"", ""1"", ""42"", ""2""]"	0.2	1	"[""A"", ""B"", ""C"", ""D"", ""E""]"	"{""A"": ""42"", ""B"": ""1"", ""C"": ""none of the other options is correct"", ""D"": ""2"", ""E"": ""58""}"	"[""(A) 42"", ""(B) 1"", ""(C) none of the other options is correct"", ""(D) 2"", ""(E) 58""]"	(C) none of the other options is correct	C
22087b6b-f639-55ae-b1cf-9eb90050f29b	4	perception	pitch	relative	pitch-relative	interval-recognition		interval statistics	How many times is the interval {interval} present in the {voice} line?	"[""voice"", ""interval""]"	get_interval_quantity		interval	"{""voice"": ""bass"", ""interval"": ""Major Second""}"	How many times is the interval Major Second present in the bass line?	Jan_DuGrosserSchmerzensmann	chorale-bricks	Jan_DuGrosserSchmerzensmann	data/chorale-bricks/Jan_DuGrosserSchmerzensmann	7	"[""1"", ""2"", ""18"", ""19"", ""24"", ""25"", ""42"", ""58"", ""69""]"	"[""58"", ""1"", ""42"", ""2"", ""69"", ""24"", ""25"", ""18"", ""19""]"	visual	visual.short.png	data/chorale-bricks/Jan_DuGrosserSchmerzensmann/visual.short.png	7	"[""7"", ""none of the other options is correct"", ""58"", ""1"", ""42""]"	0.2	0	"[""A"", ""B"", ""C"", ""D"", ""E""]"	"{""A"": ""42"", ""B"": ""none of the other options is correct"", ""C"": ""58"", ""D"": ""7"", ""E"": ""1""}"	"[""(A) 42"", ""(B) none of the other options is correct"", ""(C) 58"", ""(D) 7"", ""(E) 1""]"	(D) 7	D
780d8013-9ce1-5c34-a6bd-c0e2f63eedfd	4	perception	pitch	relative	pitch-relative	interval-recognition		interval statistics	How many times is the interval {interval} present in the {voice} line?	"[""voice"", ""interval""]"	get_interval_quantity		interval	"{""voice"": ""alto"", ""interval"": ""Augmented Sixth""}"	How many times is the interval Augmented Sixth present in the alto line?	Crueger_AufAufMeinHerzMitFreuden	chorale-bricks	Crueger_AufAufMeinHerzMitFreuden	data/chorale-bricks/Crueger_AufAufMeinHerzMitFreuden	0	"[""1"", ""11"", ""19"", ""26"", ""30"", ""44"", ""59"", ""80""]"	"[""59"", ""1"", ""19"", ""30"", ""11"", ""44"", ""80"", ""26""]"	audio	audio.mastermix.wav	data/chorale-bricks/Crueger_AufAufMeinHerzMitFreuden/audio.mastermix.wav	none of the other options is correct	"[""none of the other options is correct"", ""59"", ""1"", ""19"", ""30""]"	0.2	1	"[""A"", ""B"", ""C"", ""D"", ""E""]"	"{""A"": ""none of the other options is correct"", ""B"": ""59"", ""C"": ""30"", ""D"": ""19"", ""E"": ""1""}"	"[""(A) none of the other options is correct"", ""(B) 59"", ""(C) 30"", ""(D) 19"", ""(E) 1""]"	(A) none of the other options is correct	A
c3678bf2-69bf-5c25-83d1-dc4f7321e472	4	perception	pitch	relative	pitch-relative	interval-recognition		interval statistics	How many times is the interval {interval} present in the {voice} line?	"[""voice"", ""interval""]"	get_interval_quantity		interval	"{""voice"": ""alto"", ""interval"": ""Augmented Sixth""}"	How many times is the interval Augmented Sixth present in the alto line?	Crueger_AufAufMeinHerzMitFreuden	chorale-bricks	Crueger_AufAufMeinHerzMitFreuden	data/chorale-bricks/Crueger_AufAufMeinHerzMitFreuden	0	"[""1"", ""11"", ""19"", ""26"", ""30"", ""44"", ""59"", ""80""]"	"[""59"", ""1"", ""19"", ""30"", ""11"", ""44"", ""80"", ""26""]"	symbolic	symbolic.abc.txt	data/chorale-bricks/Crueger_AufAufMeinHerzMitFreuden/symbolic.abc.txt	0	"[""0"", ""none of the other options is correct"", ""59"", ""1"", ""19""]"	0.2	0	"[""A"", ""B"", ""C"", ""D"", ""E""]"	"{""A"": ""1"", ""B"": ""19"", ""C"": ""none of the other options is correct"", ""D"": ""0"", ""E"": ""59""}"	"[""(A) 1"", ""(B) 19"", ""(C) none of the other options is correct"", ""(D) 0"", ""(E) 59""]"	(D) 0	D
c05051b0-31a0-555a-9ea2-8bc8d2dcae6f	4	perception	pitch	relative	pitch-relative	interval-recognition		interval statistics	How many times is the interval {interval} present in the {voice} line?	"[""voice"", ""interval""]"	get_interval_quantity		interval	"{""voice"": ""alto"", ""interval"": ""Augmented Sixth""}"	How many times is the interval Augmented Sixth present in the alto line?	Crueger_AufAufMeinHerzMitFreuden	chorale-bricks	Crueger_AufAufMeinHerzMitFreuden	data/chorale-bricks/Crueger_AufAufMeinHerzMitFreuden	0	"[""1"", ""11"", ""19"", ""26"", ""30"", ""44"", ""59"", ""80""]"	"[""59"", ""1"", ""19"", ""30"", ""11"", ""44"", ""80"", ""26""]"	visual	visual.short.png	data/chorale-bricks/Crueger_AufAufMeinHerzMitFreuden/visual.short.png	0	"[""0"", ""none of the other options is correct"", ""59"", ""1"", ""19""]"	0.2	0	"[""A"", ""B"", ""C"", ""D"", ""E""]"	"{""A"": ""59"", ""B"": ""19"", ""C"": ""none of the other options is correct"", ""D"": ""1"", ""E"": ""0""}"	"[""(A) 59"", ""(B) 19"", ""(C) none of the other options is correct"", ""(D) 1"", ""(E) 0""]"	(E) 0	E
29a62d0b-0fc4-528d-ba74-be13ba145c46	4	perception	pitch	relative	pitch-relative	interval-recognition		interval statistics	How many times is the interval {interval} present in the {voice} line?	"[""voice"", ""interval""]"	get_interval_quantity		interval	"{""voice"": ""tenor"", ""interval"": ""Minor Third""}"	How many times is the interval Minor Third present in the tenor line?	Vulpius_ChristusDerIstMeinLeben	chorale-bricks	Vulpius_ChristusDerIstMeinLeben	data/chorale-bricks/Vulpius_ChristusDerIstMeinLeben	6	"[""2"", ""14"", ""19"", ""23"", ""32"", ""35""]"	"[""2"", ""23"", ""14"", ""19"", ""35"", ""32""]"	audio	audio.mastermix.wav	data/chorale-bricks/Vulpius_ChristusDerIstMeinLeben/audio.mastermix.wav	6	"[""6"", ""none of the other options is correct"", ""2"", ""23"", ""14""]"	0.2	0	"[""A"", ""B"", ""C"", ""D"", ""E""]"	"{""A"": ""23"", ""B"": ""none of the other options is correct"", ""C"": ""2"", ""D"": ""14"", ""E"": ""6""}"	"[""(A) 23"", ""(B) none of the other options is correct"", ""(C) 2"", ""(D) 14"", ""(E) 6""]"	(E) 6	E
fc060849-b9c6-505c-8ec4-337c647efdca	4	perception	pitch	relative	pitch-relative	interval-recognition		interval statistics	How many times is the interval {interval} present in the {voice} line?	"[""voice"", ""interval""]"	get_interval_quantity		interval	"{""voice"": ""tenor"", ""interval"": ""Minor Third""}"	How many times is the interval Minor Third present in the tenor line?	Vulpius_ChristusDerIstMeinLeben	chorale-bricks	Vulpius_ChristusDerIstMeinLeben	data/chorale-bricks/Vulpius_ChristusDerIstMeinLeben	6	"[""2"", ""14"", ""19"", ""23"", ""32"", ""35""]"	"[""2"", ""23"", ""14"", ""19"", ""35"", ""32""]"	symbolic	symbolic.abc.txt	data/chorale-bricks/Vulpius_ChristusDerIstMeinLeben/symbolic.abc.txt	none of the other options is correct	"[""none of the other options is correct"", ""2"", ""23"", ""14"", ""19""]"	0.2	1	"[""A"", ""B"", ""C"", ""D"", ""E""]"	"{""A"": ""none of the other options is correct"", ""B"": ""14"", ""C"": ""19"", ""D"": ""23"", ""E"": ""2""}"	"[""(A) none of the other options is correct"", ""(B) 14"", ""(C) 19"", ""(D) 23"", ""(E) 2""]"	(A) none of the other options is correct	A
e0fc70e9-0f2e-5ea6-85a9-7e3aaec5a52c	4	perception	pitch	relative	pitch-relative	interval-recognition		interval statistics	How many times is the interval {interval} present in the {voice} line?	"[""voice"", ""interval""]"	get_interval_quantity		interval	"{""voice"": ""tenor"", ""interval"": ""Minor Third""}"	How many times is the interval Minor Third present in the tenor line?	Vulpius_ChristusDerIstMeinLeben	chorale-bricks	Vulpius_ChristusDerIstMeinLeben	data/chorale-bricks/Vulpius_ChristusDerIstMeinLeben	6	"[""2"", ""14"", ""19"", ""23"", ""32"", ""35""]"	"[""2"", ""23"", ""14"", ""19"", ""35"", ""32""]"	visual	visual.short.png	data/chorale-bricks/Vulpius_ChristusDerIstMeinLeben/visual.short.png	6	"[""6"", ""none of the other options is correct"", ""2"", ""23"", ""14""]"	0.2	0	"[""A"", ""B"", ""C"", ""D"", ""E""]"	"{""A"": ""6"", ""B"": ""14"", ""C"": ""none of the other options is correct"", ""D"": ""23"", ""E"": ""2""}"	"[""(A) 6"", ""(B) 14"", ""(C) none of the other options is correct"", ""(D) 23"", ""(E) 2""]"	(A) 6	A
a7dc82ce-eb88-5347-9037-125eb02b33ed	4	perception	pitch	relative	pitch-relative	interval-recognition		interval statistics	How many times is the interval {interval} present in the {voice} line?	"[""voice"", ""interval""]"	get_interval_quantity		interval	"{""voice"": ""tenor"", ""interval"": ""Major Third""}"	How many times is the interval Major Third present in the tenor line?	Bach_IchStehAnDeinerKrippe	chorale-bricks	Bach_IchStehAnDeinerKrippe	data/chorale-bricks/Bach_IchStehAnDeinerKrippe	2	"[""7"", ""12"", ""32"", ""36"", ""49"", ""52"", ""70""]"	"[""49"", ""32"", ""52"", ""12"", ""70"", ""36"", ""7""]"	audio	audio.mastermix.wav	data/chorale-bricks/Bach_IchStehAnDeinerKrippe/audio.mastermix.wav	none of the other options is correct	"[""none of the other options is correct"", ""49"", ""32"", ""52"", ""12""]"	0.2	1	"[""A"", ""B"", ""C"", ""D"", ""E""]"	"{""A"": ""52"", ""B"": ""32"", ""C"": ""none of the other options is correct"", ""D"": ""49"", ""E"": ""12""}"	"[""(A) 52"", ""(B) 32"", ""(C) none of the other options is correct"", ""(D) 49"", ""(E) 12""]"	(C) none of the other options is correct	C
50b6d17f-6daf-5a82-848a-1453514b4224	4	perception	pitch	relative	pitch-relative	interval-recognition		interval statistics	How many times is the interval {interval} present in the {voice} line?	"[""voice"", ""interval""]"	get_interval_quantity		interval	"{""voice"": ""tenor"", ""interval"": ""Major Third""}"	How many times is the interval Major Third present in the tenor line?	Bach_IchStehAnDeinerKrippe	chorale-bricks	Bach_IchStehAnDeinerKrippe	data/chorale-bricks/Bach_IchStehAnDeinerKrippe	2	"[""7"", ""12"", ""32"", ""36"", ""49"", ""52"", ""70""]"	"[""49"", ""32"", ""52"", ""12"", ""70"", ""36"", ""7""]"	symbolic	symbolic.abc.txt	data/chorale-bricks/Bach_IchStehAnDeinerKrippe/symbolic.abc.txt	2	"[""2"", ""none of the other options is correct"", ""49"", ""32"", ""52""]"	0.2	0	"[""A"", ""B"", ""C"", ""D"", ""E""]"	"{""A"": ""49"", ""B"": ""52"", ""C"": ""2"", ""D"": ""none of the other options is correct"", ""E"": ""32""}"	"[""(A) 49"", ""(B) 52"", ""(C) 2"", ""(D) none of the other options is correct"", ""(E) 32""]"	(C) 2	C
e13049ec-8752-539c-9032-342f555c2879	4	perception	pitch	relative	pitch-relative	interval-recognition		interval statistics	How many times is the interval {interval} present in the {voice} line?	"[""voice"", ""interval""]"	get_interval_quantity		interval	"{""voice"": ""tenor"", ""interval"": ""Major Third""}"	How many times is the interval Major Third present in the tenor line?	Bach_IchStehAnDeinerKrippe	chorale-bricks	Bach_IchStehAnDeinerKrippe	data/chorale-bricks/Bach_IchStehAnDeinerKrippe	2	"[""7"", ""12"", ""32"", ""36"", ""49"", ""52"", ""70""]"	"[""49"", ""32"", ""52"", ""12"", ""70"", ""36"", ""7""]"	visual	visual.short.png	data/chorale-bricks/Bach_IchStehAnDeinerKrippe/visual.short.png	2	"[""2"", ""none of the other options is correct"", ""49"", ""32"", ""52""]"	0.2	0	"[""A"", ""B"", ""C"", ""D"", ""E""]"	"{""A"": ""none of the other options is correct"", ""B"": ""2"", ""C"": ""32"", ""D"": ""52"", ""E"": ""49""}"	"[""(A) none of the other options is correct"", ""(B) 2"", ""(C) 32"", ""(D) 52"", ""(E) 49""]"	(B) 2	B
32f91b05-e247-55a9-9250-32dd5634d1d5	4	perception	pitch	relative	pitch-relative	interval-recognition		interval statistics	How many times is the interval {interval} present in the {voice} line?	"[""voice"", ""interval""]"	get_interval_quantity		interval	"{""voice"": ""bass"", ""interval"": ""Diminished Third""}"	How many times is the interval Diminished Third present in the bass line?	Vulpius_ChristusDerIstMeinLeben	chorale-bricks	Vulpius_ChristusDerIstMeinLeben	data/chorale-bricks/Vulpius_ChristusDerIstMeinLeben	0	"[""3"", ""9"", ""15"", ""19"", ""23"", ""24"", ""36""]"	"[""23"", ""19"", ""36"", ""3"", ""9"", ""24"", ""15""]"	audio	audio.mastermix.wav	data/chorale-bricks/Vulpius_ChristusDerIstMeinLeben/audio.mastermix.wav	0	"[""0"", ""none of the other options is correct"", ""23"", ""19"", ""36""]"	0.2	0	"[""A"", ""B"", ""C"", ""D"", ""E""]"	"{""A"": ""23"", ""B"": ""0"", ""C"": ""36"", ""D"": ""19"", ""E"": ""none of the other options is correct""}"	"[""(A) 23"", ""(B) 0"", ""(C) 36"", ""(D) 19"", ""(E) none of the other options is correct""]"	(B) 0	B
bb872073-3f21-5c7c-8fa2-23087d23b488	4	perception	pitch	relative	pitch-relative	interval-recognition		interval statistics	How many times is the interval {interval} present in the {voice} line?	"[""voice"", ""interval""]"	get_interval_quantity		interval	"{""voice"": ""bass"", ""interval"": ""Diminished Third""}"	How many times is the interval Diminished Third present in the bass line?	Vulpius_ChristusDerIstMeinLeben	chorale-bricks	Vulpius_ChristusDerIstMeinLeben	data/chorale-bricks/Vulpius_ChristusDerIstMeinLeben	0	"[""3"", ""9"", ""15"", ""19"", ""23"", ""24"", ""36""]"	"[""23"", ""19"", ""36"", ""3"", ""9"", ""24"", ""15""]"	symbolic	symbolic.abc.txt	data/chorale-bricks/Vulpius_ChristusDerIstMeinLeben/symbolic.abc.txt	none of the other options is correct	"[""none of the other options is correct"", ""23"", ""19"", ""36"", ""3""]"	0.2	1	"[""A"", ""B"", ""C"", ""D"", ""E""]"	"{""A"": ""36"", ""B"": ""none of the other options is correct"", ""C"": ""19"", ""D"": ""23"", ""E"": ""3""}"	"[""(A) 36"", ""(B) none of the other options is correct"", ""(C) 19"", ""(D) 23"", ""(E) 3""]"	(B) none of the other options is correct	B
325d4117-47bc-58a4-9c2a-9a8325d5af58	4	perception	pitch	relative	pitch-relative	interval-recognition		interval statistics	How many times is the interval {interval} present in the {voice} line?	"[""voice"", ""interval""]"	get_interval_quantity		interval	"{""voice"": ""bass"", ""interval"": ""Diminished Third""}"	How many times is the interval Diminished Third present in the bass line?	Vulpius_ChristusDerIstMeinLeben	chorale-bricks	Vulpius_ChristusDerIstMeinLeben	data/chorale-bricks/Vulpius_ChristusDerIstMeinLeben	0	"[""3"", ""9"", ""15"", ""19"", ""23"", ""24"", ""36""]"	"[""23"", ""19"", ""36"", ""3"", ""9"", ""24"", ""15""]"	visual	visual.short.png	data/chorale-bricks/Vulpius_ChristusDerIstMeinLeben/visual.short.png	0	"[""0"", ""none of the other options is correct"", ""23"", ""19"", ""36""]"	0.2	0	"[""A"", ""B"", ""C"", ""D"", ""E""]"	"{""A"": ""36"", ""B"": ""19"", ""C"": ""23"", ""D"": ""0"", ""E"": ""none of the other options is correct""}"	"[""(A) 36"", ""(B) 19"", ""(C) 23"", ""(D) 0"", ""(E) none of the other options is correct""]"	(D) 0	D
7a09b7b7-21eb-5f55-8e8e-0cd19f8a641d	5	perception	rhythm	absolute	rhythm-absolute	rhythmic-recognition		note length	What is the rhythmic notation of the {target_index} {voice} note (or rest)?	"[""target_index"", ""voice""]"	get_nth_rhythm		rhythm	"{""target_index"": ""43rd"", ""voice"": ""soprano""}"	What is the rhythmic notation of the 43rd soprano note (or rest)?	Crueger_AufAufMeinHerzMitFreuden	chorale-bricks	Crueger_AufAufMeinHerzMitFreuden	data/chorale-bricks/Crueger_AufAufMeinHerzMitFreuden	quarter	"[""dotted-half"", ""dotted-quarter"", ""eighth"", ""half""]"	"[""eighth"", ""dotted-half"", ""half"", ""dotted-quarter""]"	audio	audio.mastermix.wav	data/chorale-bricks/Crueger_AufAufMeinHerzMitFreuden/audio.mastermix.wav	quarter	"[""quarter"", ""none of the other options is correct"", ""eighth"", ""dotted-half"", ""half""]"	0.2	0	"[""A"", ""B"", ""C"", ""D"", ""E""]"	"{""A"": ""none of the other options is correct"", ""B"": ""quarter"", ""C"": ""half"", ""D"": ""eighth"", ""E"": ""dotted-half""}"	"[""(A) none of the other options is correct"", ""(B) quarter"", ""(C) half"", ""(D) eighth"", ""(E) dotted-half""]"	(B) quarter	B
d35e4976-08ff-54fb-9e01-f6e74070ece0	5	perception	rhythm	absolute	rhythm-absolute	rhythmic-recognition		note length	What is the rhythmic notation of the {target_index} {voice} note (or rest)?	"[""target_index"", ""voice""]"	get_nth_rhythm		rhythm	"{""target_index"": ""43rd"", ""voice"": ""soprano""}"	What is the rhythmic notation of the 43rd soprano note (or rest)?	Crueger_AufAufMeinHerzMitFreuden	chorale-bricks	Crueger_AufAufMeinHerzMitFreuden	data/chorale-bricks/Crueger_AufAufMeinHerzMitFreuden	quarter	"[""dotted-half"", ""dotted-quarter"", ""eighth"", ""half""]"	"[""eighth"", ""dotted-half"", ""half"", ""dotted-quarter""]"	symbolic	symbolic.abc.txt	data/chorale-bricks/Crueger_AufAufMeinHerzMitFreuden/symbolic.abc.txt	quarter	"[""quarter"", ""none of the other options is correct"", ""eighth"", ""dotted-half"", ""half""]"	0.2	0	"[""A"", ""B"", ""C"", ""D"", ""E""]"	"{""A"": ""half"", ""B"": ""eighth"", ""C"": ""none of the other options is correct"", ""D"": ""dotted-half"", ""E"": ""quarter""}"	"[""(A) half"", ""(B) eighth"", ""(C) none of the other options is correct"", ""(D) dotted-half"", ""(E) quarter""]"	(E) quarter	E
0cf44eb7-5ac2-542a-83f6-05da95fd0b4a	5	perception	rhythm	absolute	rhythm-absolute	rhythmic-recognition		note length	What is the rhythmic notation of the {target_index} {voice} note (or rest)?	"[""target_index"", ""voice""]"	get_nth_rhythm		rhythm	"{""target_index"": ""43rd"", ""voice"": ""soprano""}"	What is the rhythmic notation of the 43rd soprano note (or rest)?	Crueger_AufAufMeinHerzMitFreuden	chorale-bricks	Crueger_AufAufMeinHerzMitFreuden	data/chorale-bricks/Crueger_AufAufMeinHerzMitFreuden	quarter	"[""dotted-half"", ""dotted-quarter"", ""eighth"", ""half""]"	"[""eighth"", ""dotted-half"", ""half"", ""dotted-quarter""]"	visual	visual.short.png	data/chorale-bricks/Crueger_AufAufMeinHerzMitFreuden/visual.short.png	quarter	"[""quarter"", ""none of the other options is correct"", ""eighth"", ""dotted-half"", ""half""]"	0.2	0	"[""A"", ""B"", ""C"", ""D"", ""E""]"	"{""A"": ""quarter"", ""B"": ""dotted-half"", ""C"": ""none of the other options is correct"", ""D"": ""eighth"", ""E"": ""half""}"	"[""(A) quarter"", ""(B) dotted-half"", ""(C) none of the other options is correct"", ""(D) eighth"", ""(E) half""]"	(A) quarter	A
fd023796-eafc-5a77-b883-d918f3f3047b	5	perception	rhythm	absolute	rhythm-absolute	rhythmic-recognition		note length	What is the rhythmic notation of the {target_index} {voice} note (or rest)?	"[""target_index"", ""voice""]"	get_nth_rhythm		rhythm	"{""target_index"": ""46th"", ""voice"": ""soprano""}"	What is the rhythmic notation of the 46th soprano note (or rest)?	Crueger_AufAufMeinHerzMitFreuden	chorale-bricks	Crueger_AufAufMeinHerzMitFreuden	data/chorale-bricks/Crueger_AufAufMeinHerzMitFreuden	quarter	"[""dotted-half"", ""dotted-quarter"", ""eighth"", ""half""]"	"[""eighth"", ""dotted-quarter"", ""dotted-half"", ""half""]"	audio	audio.mastermix.wav	data/chorale-bricks/Crueger_AufAufMeinHerzMitFreuden/audio.mastermix.wav	none of the other options is correct	"[""none of the other options is correct"", ""eighth"", ""dotted-quarter"", ""dotted-half"", ""half""]"	0.2	1	"[""A"", ""B"", ""C"", ""D"", ""E""]"	"{""A"": ""dotted-half"", ""B"": ""none of the other options is correct"", ""C"": ""eighth"", ""D"": ""dotted-quarter"", ""E"": ""half""}"	"[""(A) dotted-half"", ""(B) none of the other options is correct"", ""(C) eighth"", ""(D) dotted-quarter"", ""(E) half""]"	(B) none of the other options is correct	B
8ed0cac5-4c24-5514-afcf-13e9b2103f2f	5	perception	rhythm	absolute	rhythm-absolute	rhythmic-recognition		note length	What is the rhythmic notation of the {target_index} {voice} note (or rest)?	"[""target_index"", ""voice""]"	get_nth_rhythm		rhythm	"{""target_index"": ""46th"", ""voice"": ""soprano""}"	What is the rhythmic notation of the 46th soprano note (or rest)?	Crueger_AufAufMeinHerzMitFreuden	chorale-bricks	Crueger_AufAufMeinHerzMitFreuden	data/chorale-bricks/Crueger_AufAufMeinHerzMitFreuden	quarter	"[""dotted-half"", ""dotted-quarter"", ""eighth"", ""half""]"	"[""eighth"", ""dotted-quarter"", ""dotted-half"", ""half""]"	symbolic	symbolic.abc.txt	data/chorale-bricks/Crueger_AufAufMeinHerzMitFreuden/symbolic.abc.txt	quarter	"[""quarter"", ""none of the other options is correct"", ""eighth"", ""dotted-quarter"", ""dotted-half""]"	0.2	0	"[""A"", ""B"", ""C"", ""D"", ""E""]"	"{""A"": ""dotted-quarter"", ""B"": ""none of the other options is correct"", ""C"": ""dotted-half"", ""D"": ""quarter"", ""E"": ""eighth""}"	"[""(A) dotted-quarter"", ""(B) none of the other options is correct"", ""(C) dotted-half"", ""(D) quarter"", ""(E) eighth""]"	(D) quarter	D
1b64fe5f-7c84-5acd-9b3d-0640708df15a	5	perception	rhythm	absolute	rhythm-absolute	rhythmic-recognition		note length	What is the rhythmic notation of the {target_index} {voice} note (or rest)?	"[""target_index"", ""voice""]"	get_nth_rhythm		rhythm	"{""target_index"": ""46th"", ""voice"": ""soprano""}"	What is the rhythmic notation of the 46th soprano note (or rest)?	Crueger_AufAufMeinHerzMitFreuden	chorale-bricks	Crueger_AufAufMeinHerzMitFreuden	data/chorale-bricks/Crueger_AufAufMeinHerzMitFreuden	quarter	"[""dotted-half"", ""dotted-quarter"", ""eighth"", ""half""]"	"[""eighth"", ""dotted-quarter"", ""dotted-half"", ""half""]"	visual	visual.short.png	data/chorale-bricks/Crueger_AufAufMeinHerzMitFreuden/visual.short.png	quarter	"[""quarter"", ""none of the other options is correct"", ""eighth"", ""dotted-quarter"", ""dotted-half""]"	0.2	0	"[""A"", ""B"", ""C"", ""D"", ""E""]"	"{""A"": ""dotted-quarter"", ""B"": ""dotted-half"", ""C"": ""none of the other options is correct"", ""D"": ""eighth"", ""E"": ""quarter""}"	"[""(A) dotted-quarter"", ""(B) dotted-half"", ""(C) none of the other options is correct"", ""(D) eighth"", ""(E) quarter""]"	(E) quarter	E
dc3d1e03-6285-5095-85e9-787999ce1563	5	perception	rhythm	absolute	rhythm-absolute	rhythmic-recognition		note length	What is the rhythmic notation of the {target_index} {voice} note (or rest)?	"[""target_index"", ""voice""]"	get_nth_rhythm		rhythm	"{""target_index"": ""18th"", ""voice"": ""soprano""}"	What is the rhythmic notation of the 18th soprano note (or rest)?	Drese_JesuGehVoran	chorale-bricks	Drese_JesuGehVoran	data/chorale-bricks/Drese_JesuGehVoran	eighth	"[""dotted-2048th"", ""dotted-half"", ""half"", ""quarter""]"	"[""quarter"", ""half"", ""dotted-half"", ""dotted-2048th""]"	audio	audio.mastermix.wav	data/chorale-bricks/Drese_JesuGehVoran/audio.mastermix.wav	eighth	"[""eighth"", ""none of the other options is correct"", ""quarter"", ""half"", ""dotted-half""]"	0.2	0	"[""A"", ""B"", ""C"", ""D"", ""E""]"	"{""A"": ""half"", ""B"": ""none of the other options is correct"", ""C"": ""dotted-half"", ""D"": ""quarter"", ""E"": ""eighth""}"	"[""(A) half"", ""(B) none of the other options is correct"", ""(C) dotted-half"", ""(D) quarter"", ""(E) eighth""]"	(E) eighth	E
2359b293-a522-5b31-b341-04710fe11f6c	5	perception	rhythm	absolute	rhythm-absolute	rhythmic-recognition		note length	What is the rhythmic notation of the {target_index} {voice} note (or rest)?	"[""target_index"", ""voice""]"	get_nth_rhythm		rhythm	"{""target_index"": ""18th"", ""voice"": ""soprano""}"	What is the rhythmic notation of the 18th soprano note (or rest)?	Drese_JesuGehVoran	chorale-bricks	Drese_JesuGehVoran	data/chorale-bricks/Drese_JesuGehVoran	eighth	"[""dotted-2048th"", ""dotted-half"", ""half"", ""quarter""]"	"[""quarter"", ""half"", ""dotted-half"", ""dotted-2048th""]"	symbolic	symbolic.abc.txt	data/chorale-bricks/Drese_JesuGehVoran/symbolic.abc.txt	eighth	"[""eighth"", ""none of the other options is correct"", ""quarter"", ""half"", ""dotted-half""]"	0.2	0	"[""A"", ""B"", ""C"", ""D"", ""E""]"	"{""A"": ""eighth"", ""B"": ""none of the other options is correct"", ""C"": ""dotted-half"", ""D"": ""half"", ""E"": ""quarter""}"	"[""(A) eighth"", ""(B) none of the other options is correct"", ""(C) dotted-half"", ""(D) half"", ""(E) quarter""]"	(A) eighth	A
0dab77e8-ed92-50ee-8619-0bfcee63a6e3	5	perception	rhythm	absolute	rhythm-absolute	rhythmic-recognition		note length	What is the rhythmic notation of the {target_index} {voice} note (or rest)?	"[""target_index"", ""voice""]"	get_nth_rhythm		rhythm	"{""target_index"": ""18th"", ""voice"": ""soprano""}"	What is the rhythmic notation of the 18th soprano note (or rest)?	Drese_JesuGehVoran	chorale-bricks	Drese_JesuGehVoran	data/chorale-bricks/Drese_JesuGehVoran	eighth	"[""dotted-2048th"", ""dotted-half"", ""half"", ""quarter""]"	"[""quarter"", ""half"", ""dotted-half"", ""dotted-2048th""]"	visual	visual.short.png	data/chorale-bricks/Drese_JesuGehVoran/visual.short.png	eighth	"[""eighth"", ""none of the other options is correct"", ""quarter"", ""half"", ""dotted-half""]"	0.2	0	"[""A"", ""B"", ""C"", ""D"", ""E""]"	"{""A"": ""none of the other options is correct"", ""B"": ""dotted-half"", ""C"": ""quarter"", ""D"": ""half"", ""E"": ""eighth""}"	"[""(A) none of the other options is correct"", ""(B) dotted-half"", ""(C) quarter"", ""(D) half"", ""(E) eighth""]"	(E) eighth	E
6c88d06d-b3a7-52c7-9e96-4ad8dc83543f	5	perception	rhythm	absolute	rhythm-absolute	rhythmic-recognition		note length	What is the rhythmic notation of the {target_index} {voice} note (or rest)?	"[""target_index"", ""voice""]"	get_nth_rhythm		rhythm	"{""target_index"": ""41st"", ""voice"": ""alto""}"	What is the rhythmic notation of the 41st alto note (or rest)?	Anonymous_AusMeinesHerzensGrunde	chorale-bricks	Anonymous_AusMeinesHerzensGrunde	data/chorale-bricks/Anonymous_AusMeinesHerzensGrunde	quarter	"[""dotted-half"", ""dotted-quarter"", ""eighth"", ""half""]"	"[""dotted-half"", ""dotted-quarter"", ""eighth"", ""half""]"	audio	audio.mastermix.wav	data/chorale-bricks/Anonymous_AusMeinesHerzensGrunde/audio.mastermix.wav	quarter	"[""quarter"", ""none of the other options is correct"", ""dotted-half"", ""dotted-quarter"", ""eighth""]"	0.2	0	"[""A"", ""B"", ""C"", ""D"", ""E""]"	"{""A"": ""quarter"", ""B"": ""dotted-half"", ""C"": ""none of the other options is correct"", ""D"": ""dotted-quarter"", ""E"": ""eighth""}"	"[""(A) quarter"", ""(B) dotted-half"", ""(C) none of the other options is correct"", ""(D) dotted-quarter"", ""(E) eighth""]"	(A) quarter	A
2f66e9ac-1714-5e38-b1aa-3dd91ade0473	5	perception	rhythm	absolute	rhythm-absolute	rhythmic-recognition		note length	What is the rhythmic notation of the {target_index} {voice} note (or rest)?	"[""target_index"", ""voice""]"	get_nth_rhythm		rhythm	"{""target_index"": ""41st"", ""voice"": ""alto""}"	What is the rhythmic notation of the 41st alto note (or rest)?	Anonymous_AusMeinesHerzensGrunde	chorale-bricks	Anonymous_AusMeinesHerzensGrunde	data/chorale-bricks/Anonymous_AusMeinesHerzensGrunde	quarter	"[""dotted-half"", ""dotted-quarter"", ""eighth"", ""half""]"	"[""dotted-half"", ""dotted-quarter"", ""eighth"", ""half""]"	symbolic	symbolic.abc.txt	data/chorale-bricks/Anonymous_AusMeinesHerzensGrunde/symbolic.abc.txt	quarter	"[""quarter"", ""none of the other options is correct"", ""dotted-half"", ""dotted-quarter"", ""eighth""]"	0.2	0	"[""A"", ""B"", ""C"", ""D"", ""E""]"	"{""A"": ""quarter"", ""B"": ""eighth"", ""C"": ""dotted-half"", ""D"": ""none of the other options is correct"", ""E"": ""dotted-quarter""}"	"[""(A) quarter"", ""(B) eighth"", ""(C) dotted-half"", ""(D) none of the other options is correct"", ""(E) dotted-quarter""]"	(A) quarter	A
66007aad-b50e-5937-ba50-8bc90516bac2	5	perception	rhythm	absolute	rhythm-absolute	rhythmic-recognition		note length	What is the rhythmic notation of the {target_index} {voice} note (or rest)?	"[""target_index"", ""voice""]"	get_nth_rhythm		rhythm	"{""target_index"": ""41st"", ""voice"": ""alto""}"	What is the rhythmic notation of the 41st alto note (or rest)?	Anonymous_AusMeinesHerzensGrunde	chorale-bricks	Anonymous_AusMeinesHerzensGrunde	data/chorale-bricks/Anonymous_AusMeinesHerzensGrunde	quarter	"[""dotted-half"", ""dotted-quarter"", ""eighth"", ""half""]"	"[""dotted-half"", ""dotted-quarter"", ""eighth"", ""half""]"	visual	visual.short.png	data/chorale-bricks/Anonymous_AusMeinesHerzensGrunde/visual.short.png	quarter	"[""quarter"", ""none of the other options is correct"", ""dotted-half"", ""dotted-quarter"", ""eighth""]"	0.2	0	"[""A"", ""B"", ""C"", ""D"", ""E""]"	"{""A"": ""dotted-quarter"", ""B"": ""none of the other options is correct"", ""C"": ""quarter"", ""D"": ""dotted-half"", ""E"": ""eighth""}"	"[""(A) dotted-quarter"", ""(B) none of the other options is correct"", ""(C) quarter"", ""(D) dotted-half"", ""(E) eighth""]"	(C) quarter	C
5310e85d-9e39-5aaa-b4ad-69641462c60f	5	perception	rhythm	absolute	rhythm-absolute	rhythmic-recognition		note length	What is the rhythmic notation of the {target_index} {voice} note (or rest)?	"[""target_index"", ""voice""]"	get_nth_rhythm		rhythm	"{""target_index"": ""35th"", ""voice"": ""soprano""}"	What is the rhythmic notation of the 35th soprano note (or rest)?	Anonymous_AusMeinesHerzensGrunde	chorale-bricks	Anonymous_AusMeinesHerzensGrunde	data/chorale-bricks/Anonymous_AusMeinesHerzensGrunde	quarter	"[""dotted-half"", ""dotted-quarter"", ""eighth"", ""half""]"	"[""dotted-quarter"", ""half"", ""dotted-half"", ""eighth""]"	audio	audio.mastermix.wav	data/chorale-bricks/Anonymous_AusMeinesHerzensGrunde/audio.mastermix.wav	quarter	"[""quarter"", ""none of the other options is correct"", ""dotted-quarter"", ""half"", ""dotted-half""]"	0.2	0	"[""A"", ""B"", ""C"", ""D"", ""E""]"	"{""A"": ""dotted-quarter"", ""B"": ""none of the other options is correct"", ""C"": ""half"", ""D"": ""dotted-half"", ""E"": ""quarter""}"	"[""(A) dotted-quarter"", ""(B) none of the other options is correct"", ""(C) half"", ""(D) dotted-half"", ""(E) quarter""]"	(E) quarter	E
7c852fa0-2feb-508e-a668-0833a9bffbe6	5	perception	rhythm	absolute	rhythm-absolute	rhythmic-recognition		note length	What is the rhythmic notation of the {target_index} {voice} note (or rest)?	"[""target_index"", ""voice""]"	get_nth_rhythm		rhythm	"{""target_index"": ""35th"", ""voice"": ""soprano""}"	What is the rhythmic notation of the 35th soprano note (or rest)?	Anonymous_AusMeinesHerzensGrunde	chorale-bricks	Anonymous_AusMeinesHerzensGrunde	data/chorale-bricks/Anonymous_AusMeinesHerzensGrunde	quarter	"[""dotted-half"", ""dotted-quarter"", ""eighth"", ""half""]"	"[""dotted-quarter"", ""half"", ""dotted-half"", ""eighth""]"	symbolic	symbolic.abc.txt	data/chorale-bricks/Anonymous_AusMeinesHerzensGrunde/symbolic.abc.txt	none of the other options is correct	"[""none of the other options is correct"", ""dotted-quarter"", ""half"", ""dotted-half"", ""eighth""]"	0.2	1	"[""A"", ""B"", ""C"", ""D"", ""E""]"	"{""A"": ""dotted-half"", ""B"": ""none of the other options is correct"", ""C"": ""eighth"", ""D"": ""half"", ""E"": ""dotted-quarter""}"	"[""(A) dotted-half"", ""(B) none of the other options is correct"", ""(C) eighth"", ""(D) half"", ""(E) dotted-quarter""]"	(B) none of the other options is correct	B
4306455a-8f8c-5fdf-a27f-2873189dc65d	5	perception	rhythm	absolute	rhythm-absolute	rhythmic-recognition		note length	What is the rhythmic notation of the {target_index} {voice} note (or rest)?	"[""target_index"", ""voice""]"	get_nth_rhythm		rhythm	"{""target_index"": ""35th"", ""voice"": ""soprano""}"	What is the rhythmic notation of the 35th soprano note (or rest)?	Anonymous_AusMeinesHerzensGrunde	chorale-bricks	Anonymous_AusMeinesHerzensGrunde	data/chorale-bricks/Anonymous_AusMeinesHerzensGrunde	quarter	"[""dotted-half"", ""dotted-quarter"", ""eighth"", ""half""]"	"[""dotted-quarter"", ""half"", ""dotted-half"", ""eighth""]"	visual	visual.short.png	data/chorale-bricks/Anonymous_AusMeinesHerzensGrunde/visual.short.png	quarter	"[""quarter"", ""none of the other options is correct"", ""dotted-quarter"", ""half"", ""dotted-half""]"	0.2	0	"[""A"", ""B"", ""C"", ""D"", ""E""]"	"{""A"": ""quarter"", ""B"": ""none of the other options is correct"", ""C"": ""dotted-quarter"", ""D"": ""half"", ""E"": ""dotted-half""}"	"[""(A) quarter"", ""(B) none of the other options is correct"", ""(C) dotted-quarter"", ""(D) half"", ""(E) dotted-half""]"	(A) quarter	A
09d4eab1-9dc8-54b7-8cba-a4c4d147f44f	5	perception	rhythm	absolute	rhythm-absolute	rhythmic-recognition		note length	What is the rhythmic notation of the {target_index} {voice} note (or rest)?	"[""target_index"", ""voice""]"	get_nth_rhythm		rhythm	"{""target_index"": ""4th"", ""voice"": ""alto""}"	What is the rhythmic notation of the 4th alto note (or rest)?	Bach_IchStehAnDeinerKrippe	chorale-bricks	Bach_IchStehAnDeinerKrippe	data/chorale-bricks/Bach_IchStehAnDeinerKrippe	quarter	"[""dotted-quarter"", ""eighth"", ""half"", ""maxima""]"	"[""eighth"", ""half"", ""dotted-quarter"", ""maxima""]"	audio	audio.mastermix.wav	data/chorale-bricks/Bach_IchStehAnDeinerKrippe/audio.mastermix.wav	quarter	"[""quarter"", ""none of the other options is correct"", ""eighth"", ""half"", ""dotted-quarter""]"	0.2	0	"[""A"", ""B"", ""C"", ""D"", ""E""]"	"{""A"": ""dotted-quarter"", ""B"": ""quarter"", ""C"": ""eighth"", ""D"": ""none of the other options is correct"", ""E"": ""half""}"	"[""(A) dotted-quarter"", ""(B) quarter"", ""(C) eighth"", ""(D) none of the other options is correct"", ""(E) half""]"	(B) quarter	B
ad4389da-520b-52c0-bd2e-cd355173b0d3	5	perception	rhythm	absolute	rhythm-absolute	rhythmic-recognition		note length	What is the rhythmic notation of the {target_index} {voice} note (or rest)?	"[""target_index"", ""voice""]"	get_nth_rhythm		rhythm	"{""target_index"": ""4th"", ""voice"": ""alto""}"	What is the rhythmic notation of the 4th alto note (or rest)?	Bach_IchStehAnDeinerKrippe	chorale-bricks	Bach_IchStehAnDeinerKrippe	data/chorale-bricks/Bach_IchStehAnDeinerKrippe	quarter	"[""dotted-quarter"", ""eighth"", ""half"", ""maxima""]"	"[""eighth"", ""half"", ""dotted-quarter"", ""maxima""]"	symbolic	symbolic.abc.txt	data/chorale-bricks/Bach_IchStehAnDeinerKrippe/symbolic.abc.txt	none of the other options is correct	"[""none of the other options is correct"", ""eighth"", ""half"", ""dotted-quarter"", ""maxima""]"	0.2	1	"[""A"", ""B"", ""C"", ""D"", ""E""]"	"{""A"": ""dotted-quarter"", ""B"": ""none of the other options is correct"", ""C"": ""half"", ""D"": ""eighth"", ""E"": ""maxima""}"	"[""(A) dotted-quarter"", ""(B) none of the other options is correct"", ""(C) half"", ""(D) eighth"", ""(E) maxima""]"	(B) none of the other options is correct	B
f3eff0b2-d033-5778-842f-9e261c6f95aa	5	perception	rhythm	absolute	rhythm-absolute	rhythmic-recognition		note length	What is the rhythmic notation of the {target_index} {voice} note (or rest)?	"[""target_index"", ""voice""]"	get_nth_rhythm		rhythm	"{""target_index"": ""4th"", ""voice"": ""alto""}"	What is the rhythmic notation of the 4th alto note (or rest)?	Bach_IchStehAnDeinerKrippe	chorale-bricks	Bach_IchStehAnDeinerKrippe	data/chorale-bricks/Bach_IchStehAnDeinerKrippe	quarter	"[""dotted-quarter"", ""eighth"", ""half"", ""maxima""]"	"[""eighth"", ""half"", ""dotted-quarter"", ""maxima""]"	visual	visual.short.png	data/chorale-bricks/Bach_IchStehAnDeinerKrippe/visual.short.png	quarter	"[""quarter"", ""none of the other options is correct"", ""eighth"", ""half"", ""dotted-quarter""]"	0.2	0	"[""A"", ""B"", ""C"", ""D"", ""E""]"	"{""A"": ""none of the other options is correct"", ""B"": ""half"", ""C"": ""eighth"", ""D"": ""dotted-quarter"", ""E"": ""quarter""}"	"[""(A) none of the other options is correct"", ""(B) half"", ""(C) eighth"", ""(D) dotted-quarter"", ""(E) quarter""]"	(E) quarter	E
a6b70ef6-f6c5-53c2-af1d-325cacb596f8	5	perception	rhythm	absolute	rhythm-absolute	rhythmic-recognition		note length	What is the rhythmic notation of the {target_index} {voice} note (or rest)?	"[""target_index"", ""voice""]"	get_nth_rhythm		rhythm	"{""target_index"": ""15th"", ""voice"": ""tenor""}"	What is the rhythmic notation of the 15th tenor note (or rest)?	Bach_IchStehAnDeinerKrippe	chorale-bricks	Bach_IchStehAnDeinerKrippe	data/chorale-bricks/Bach_IchStehAnDeinerKrippe	quarter	"[""2048th"", ""dotted-quarter"", ""eighth"", ""half""]"	"[""eighth"", ""half"", ""2048th"", ""dotted-quarter""]"	audio	audio.mastermix.wav	data/chorale-bricks/Bach_IchStehAnDeinerKrippe/audio.mastermix.wav	quarter	"[""quarter"", ""none of the other options is correct"", ""eighth"", ""half"", ""2048th""]"	0.2	0	"[""A"", ""B"", ""C"", ""D"", ""E""]"	"{""A"": ""eighth"", ""B"": ""quarter"", ""C"": ""2048th"", ""D"": ""half"", ""E"": ""none of the other options is correct""}"	"[""(A) eighth"", ""(B) quarter"", ""(C) 2048th"", ""(D) half"", ""(E) none of the other options is correct""]"	(B) quarter	B
5797fb2f-9ad9-58a2-9353-76abc064c404	5	perception	rhythm	absolute	rhythm-absolute	rhythmic-recognition		note length	What is the rhythmic notation of the {target_index} {voice} note (or rest)?	"[""target_index"", ""voice""]"	get_nth_rhythm		rhythm	"{""target_index"": ""15th"", ""voice"": ""tenor""}"	What is the rhythmic notation of the 15th tenor note (or rest)?	Bach_IchStehAnDeinerKrippe	chorale-bricks	Bach_IchStehAnDeinerKrippe	data/chorale-bricks/Bach_IchStehAnDeinerKrippe	quarter	"[""2048th"", ""dotted-quarter"", ""eighth"", ""half""]"	"[""eighth"", ""half"", ""2048th"", ""dotted-quarter""]"	symbolic	symbolic.abc.txt	data/chorale-bricks/Bach_IchStehAnDeinerKrippe/symbolic.abc.txt	quarter	"[""quarter"", ""none of the other options is correct"", ""eighth"", ""half"", ""2048th""]"	0.2	0	"[""A"", ""B"", ""C"", ""D"", ""E""]"	"{""A"": ""eighth"", ""B"": ""half"", ""C"": ""2048th"", ""D"": ""none of the other options is correct"", ""E"": ""quarter""}"	"[""(A) eighth"", ""(B) half"", ""(C) 2048th"", ""(D) none of the other options is correct"", ""(E) quarter""]"	(E) quarter	E
c99dff5f-30bf-5f62-9b1a-bcf597e5e8fc	5	perception	rhythm	absolute	rhythm-absolute	rhythmic-recognition		note length	What is the rhythmic notation of the {target_index} {voice} note (or rest)?	"[""target_index"", ""voice""]"	get_nth_rhythm		rhythm	"{""target_index"": ""15th"", ""voice"": ""tenor""}"	What is the rhythmic notation of the 15th tenor note (or rest)?	Bach_IchStehAnDeinerKrippe	chorale-bricks	Bach_IchStehAnDeinerKrippe	data/chorale-bricks/Bach_IchStehAnDeinerKrippe	quarter	"[""2048th"", ""dotted-quarter"", ""eighth"", ""half""]"	"[""eighth"", ""half"", ""2048th"", ""dotted-quarter""]"	visual	visual.short.png	data/chorale-bricks/Bach_IchStehAnDeinerKrippe/visual.short.png	quarter	"[""quarter"", ""none of the other options is correct"", ""eighth"", ""half"", ""2048th""]"	0.2	0	"[""A"", ""B"", ""C"", ""D"", ""E""]"	"{""A"": ""eighth"", ""B"": ""none of the other options is correct"", ""C"": ""quarter"", ""D"": ""half"", ""E"": ""2048th""}"	"[""(A) eighth"", ""(B) none of the other options is correct"", ""(C) quarter"", ""(D) half"", ""(E) 2048th""]"	(C) quarter	C
3f832eb7-1c8a-57b9-ad50-04ca64545d0e	5	perception	rhythm	absolute	rhythm-absolute	rhythmic-recognition		note length	What is the rhythmic notation of the {target_index} {voice} note (or rest)?	"[""target_index"", ""voice""]"	get_nth_rhythm		rhythm	"{""target_index"": ""24th"", ""voice"": ""soprano""}"	What is the rhythmic notation of the 24th soprano note (or rest)?	Crueger_AufAufMeinHerzMitFreuden	chorale-bricks	Crueger_AufAufMeinHerzMitFreuden	data/chorale-bricks/Crueger_AufAufMeinHerzMitFreuden	quarter	"[""dotted-half"", ""dotted-quarter"", ""eighth"", ""half""]"	"[""half"", ""dotted-half"", ""dotted-quarter"", ""eighth""]"	audio	audio.mastermix.wav	data/chorale-bricks/Crueger_AufAufMeinHerzMitFreuden/audio.mastermix.wav	quarter	"[""quarter"", ""none of the other options is correct"", ""half"", ""dotted-half"", ""dotted-quarter""]"	0.2	0	"[""A"", ""B"", ""C"", ""D"", ""E""]"	"{""A"": ""half"", ""B"": ""dotted-half"", ""C"": ""dotted-quarter"", ""D"": ""none of the other options is correct"", ""E"": ""quarter""}"	"[""(A) half"", ""(B) dotted-half"", ""(C) dotted-quarter"", ""(D) none of the other options is correct"", ""(E) quarter""]"	(E) quarter	E
f7663553-0b3e-5082-bb0d-1b5c912ffc56	5	perception	rhythm	absolute	rhythm-absolute	rhythmic-recognition		note length	What is the rhythmic notation of the {target_index} {voice} note (or rest)?	"[""target_index"", ""voice""]"	get_nth_rhythm		rhythm	"{""target_index"": ""24th"", ""voice"": ""soprano""}"	What is the rhythmic notation of the 24th soprano note (or rest)?	Crueger_AufAufMeinHerzMitFreuden	chorale-bricks	Crueger_AufAufMeinHerzMitFreuden	data/chorale-bricks/Crueger_AufAufMeinHerzMitFreuden	quarter	"[""dotted-half"", ""dotted-quarter"", ""eighth"", ""half""]"	"[""half"", ""dotted-half"", ""dotted-quarter"", ""eighth""]"	symbolic	symbolic.abc.txt	data/chorale-bricks/Crueger_AufAufMeinHerzMitFreuden/symbolic.abc.txt	quarter	"[""quarter"", ""none of the other options is correct"", ""half"", ""dotted-half"", ""dotted-quarter""]"	0.2	0	"[""A"", ""B"", ""C"", ""D"", ""E""]"	"{""A"": ""dotted-half"", ""B"": ""quarter"", ""C"": ""dotted-quarter"", ""D"": ""none of the other options is correct"", ""E"": ""half""}"	"[""(A) dotted-half"", ""(B) quarter"", ""(C) dotted-quarter"", ""(D) none of the other options is correct"", ""(E) half""]"	(B) quarter	B
c9786bab-85e7-5cd2-8200-a61fcd8d594d	5	perception	rhythm	absolute	rhythm-absolute	rhythmic-recognition		note length	What is the rhythmic notation of the {target_index} {voice} note (or rest)?	"[""target_index"", ""voice""]"	get_nth_rhythm		rhythm	"{""target_index"": ""24th"", ""voice"": ""soprano""}"	What is the rhythmic notation of the 24th soprano note (or rest)?	Crueger_AufAufMeinHerzMitFreuden	chorale-bricks	Crueger_AufAufMeinHerzMitFreuden	data/chorale-bricks/Crueger_AufAufMeinHerzMitFreuden	quarter	"[""dotted-half"", ""dotted-quarter"", ""eighth"", ""half""]"	"[""half"", ""dotted-half"", ""dotted-quarter"", ""eighth""]"	visual	visual.short.png	data/chorale-bricks/Crueger_AufAufMeinHerzMitFreuden/visual.short.png	quarter	"[""quarter"", ""none of the other options is correct"", ""half"", ""dotted-half"", ""dotted-quarter""]"	0.2	0	"[""A"", ""B"", ""C"", ""D"", ""E""]"	"{""A"": ""dotted-half"", ""B"": ""quarter"", ""C"": ""dotted-quarter"", ""D"": ""none of the other options is correct"", ""E"": ""half""}"	"[""(A) dotted-half"", ""(B) quarter"", ""(C) dotted-quarter"", ""(D) none of the other options is correct"", ""(E) half""]"	(B) quarter	B
4220128c-b5ad-540c-8327-48225267ed58	5	perception	rhythm	absolute	rhythm-absolute	rhythmic-recognition		note length	What is the rhythmic notation of the {target_index} {voice} note (or rest)?	"[""target_index"", ""voice""]"	get_nth_rhythm		rhythm	"{""target_index"": ""13th"", ""voice"": ""tenor""}"	What is the rhythmic notation of the 13th tenor note (or rest)?	Vulpius_DieHelleSonnLeuchtJetztHerfuer	chorale-bricks	Vulpius_DieHelleSonnLeuchtJetztHerfuer	data/chorale-bricks/Vulpius_DieHelleSonnLeuchtJetztHerfuer	half	"[""breve"", ""dotted-half"", ""quarter"", ""whole""]"	"[""whole"", ""dotted-half"", ""breve"", ""quarter""]"	audio	audio.mastermix.wav	data/chorale-bricks/Vulpius_DieHelleSonnLeuchtJetztHerfuer/audio.mastermix.wav	half	"[""half"", ""none of the other options is correct"", ""whole"", ""dotted-half"", ""breve""]"	0.2	0	"[""A"", ""B"", ""C"", ""D"", ""E""]"	"{""A"": ""half"", ""B"": ""none of the other options is correct"", ""C"": ""breve"", ""D"": ""whole"", ""E"": ""dotted-half""}"	"[""(A) half"", ""(B) none of the other options is correct"", ""(C) breve"", ""(D) whole"", ""(E) dotted-half""]"	(A) half	A
bd5119aa-d605-5e16-8948-f2497a52bc4d	5	perception	rhythm	absolute	rhythm-absolute	rhythmic-recognition		note length	What is the rhythmic notation of the {target_index} {voice} note (or rest)?	"[""target_index"", ""voice""]"	get_nth_rhythm		rhythm	"{""target_index"": ""13th"", ""voice"": ""tenor""}"	What is the rhythmic notation of the 13th tenor note (or rest)?	Vulpius_DieHelleSonnLeuchtJetztHerfuer	chorale-bricks	Vulpius_DieHelleSonnLeuchtJetztHerfuer	data/chorale-bricks/Vulpius_DieHelleSonnLeuchtJetztHerfuer	half	"[""breve"", ""dotted-half"", ""quarter"", ""whole""]"	"[""whole"", ""dotted-half"", ""breve"", ""quarter""]"	symbolic	symbolic.abc.txt	data/chorale-bricks/Vulpius_DieHelleSonnLeuchtJetztHerfuer/symbolic.abc.txt	half	"[""half"", ""none of the other options is correct"", ""whole"", ""dotted-half"", ""breve""]"	0.2	0	"[""A"", ""B"", ""C"", ""D"", ""E""]"	"{""A"": ""breve"", ""B"": ""whole"", ""C"": ""half"", ""D"": ""none of the other options is correct"", ""E"": ""dotted-half""}"	"[""(A) breve"", ""(B) whole"", ""(C) half"", ""(D) none of the other options is correct"", ""(E) dotted-half""]"	(C) half	C
12c4760f-3057-5ad9-9520-556312fcaee5	5	perception	rhythm	absolute	rhythm-absolute	rhythmic-recognition		note length	What is the rhythmic notation of the {target_index} {voice} note (or rest)?	"[""target_index"", ""voice""]"	get_nth_rhythm		rhythm	"{""target_index"": ""13th"", ""voice"": ""tenor""}"	What is the rhythmic notation of the 13th tenor note (or rest)?	Vulpius_DieHelleSonnLeuchtJetztHerfuer	chorale-bricks	Vulpius_DieHelleSonnLeuchtJetztHerfuer	data/chorale-bricks/Vulpius_DieHelleSonnLeuchtJetztHerfuer	half	"[""breve"", ""dotted-half"", ""quarter"", ""whole""]"	"[""whole"", ""dotted-half"", ""breve"", ""quarter""]"	visual	visual.short.png	data/chorale-bricks/Vulpius_DieHelleSonnLeuchtJetztHerfuer/visual.short.png	half	"[""half"", ""none of the other options is correct"", ""whole"", ""dotted-half"", ""breve""]"	0.2	0	"[""A"", ""B"", ""C"", ""D"", ""E""]"	"{""A"": ""breve"", ""B"": ""dotted-half"", ""C"": ""none of the other options is correct"", ""D"": ""whole"", ""E"": ""half""}"	"[""(A) breve"", ""(B) dotted-half"", ""(C) none of the other options is correct"", ""(D) whole"", ""(E) half""]"	(E) half	E
7e01dc45-1253-59a7-83bc-cb3acc0f9455	5	perception	rhythm	absolute	rhythm-absolute	rhythmic-recognition		note length	What is the rhythmic notation of the {target_index} {voice} note (or rest)?	"[""target_index"", ""voice""]"	get_nth_rhythm		rhythm	"{""target_index"": ""20th"", ""voice"": ""tenor""}"	What is the rhythmic notation of the 20th tenor note (or rest)?	Telemann_DerLiebenSonneLichtUndPracht	chorale-bricks	Telemann_DerLiebenSonneLichtUndPracht	data/chorale-bricks/Telemann_DerLiebenSonneLichtUndPracht	quarter	"[""dotted-half"", ""dotted-quarter"", ""eighth"", ""half""]"	"[""dotted-half"", ""eighth"", ""dotted-quarter"", ""half""]"	audio	audio.mastermix.wav	data/chorale-bricks/Telemann_DerLiebenSonneLichtUndPracht/audio.mastermix.wav	quarter	"[""quarter"", ""none of the other options is correct"", ""dotted-half"", ""eighth"", ""dotted-quarter""]"	0.2	0	"[""A"", ""B"", ""C"", ""D"", ""E""]"	"{""A"": ""quarter"", ""B"": ""dotted-half"", ""C"": ""none of the other options is correct"", ""D"": ""eighth"", ""E"": ""dotted-quarter""}"	"[""(A) quarter"", ""(B) dotted-half"", ""(C) none of the other options is correct"", ""(D) eighth"", ""(E) dotted-quarter""]"	(A) quarter	A
f6d24e86-643e-5260-855d-5ac1b4f63162	5	perception	rhythm	absolute	rhythm-absolute	rhythmic-recognition		note length	What is the rhythmic notation of the {target_index} {voice} note (or rest)?	"[""target_index"", ""voice""]"	get_nth_rhythm		rhythm	"{""target_index"": ""20th"", ""voice"": ""tenor""}"	What is the rhythmic notation of the 20th tenor note (or rest)?	Telemann_DerLiebenSonneLichtUndPracht	chorale-bricks	Telemann_DerLiebenSonneLichtUndPracht	data/chorale-bricks/Telemann_DerLiebenSonneLichtUndPracht	quarter	"[""dotted-half"", ""dotted-quarter"", ""eighth"", ""half""]"	"[""dotted-half"", ""eighth"", ""dotted-quarter"", ""half""]"	symbolic	symbolic.abc.txt	data/chorale-bricks/Telemann_DerLiebenSonneLichtUndPracht/symbolic.abc.txt	quarter	"[""quarter"", ""none of the other options is correct"", ""dotted-half"", ""eighth"", ""dotted-quarter""]"	0.2	0	"[""A"", ""B"", ""C"", ""D"", ""E""]"	"{""A"": ""eighth"", ""B"": ""dotted-half"", ""C"": ""none of the other options is correct"", ""D"": ""quarter"", ""E"": ""dotted-quarter""}"	"[""(A) eighth"", ""(B) dotted-half"", ""(C) none of the other options is correct"", ""(D) quarter"", ""(E) dotted-quarter""]"	(D) quarter	D
42323a9a-3880-569c-8a68-1f75b769e18d	5	perception	rhythm	absolute	rhythm-absolute	rhythmic-recognition		note length	What is the rhythmic notation of the {target_index} {voice} note (or rest)?	"[""target_index"", ""voice""]"	get_nth_rhythm		rhythm	"{""target_index"": ""20th"", ""voice"": ""tenor""}"	What is the rhythmic notation of the 20th tenor note (or rest)?	Telemann_DerLiebenSonneLichtUndPracht	chorale-bricks	Telemann_DerLiebenSonneLichtUndPracht	data/chorale-bricks/Telemann_DerLiebenSonneLichtUndPracht	quarter	"[""dotted-half"", ""dotted-quarter"", ""eighth"", ""half""]"	"[""dotted-half"", ""eighth"", ""dotted-quarter"", ""half""]"	visual	visual.short.png	data/chorale-bricks/Telemann_DerLiebenSonneLichtUndPracht/visual.short.png	none of the other options is correct	"[""none of the other options is correct"", ""dotted-half"", ""eighth"", ""dotted-quarter"", ""half""]"	0.2	1	"[""A"", ""B"", ""C"", ""D"", ""E""]"	"{""A"": ""eighth"", ""B"": ""none of the other options is correct"", ""C"": ""half"", ""D"": ""dotted-quarter"", ""E"": ""dotted-half""}"	"[""(A) eighth"", ""(B) none of the other options is correct"", ""(C) half"", ""(D) dotted-quarter"", ""(E) dotted-half""]"	(B) none of the other options is correct	B
bc31d5c6-672e-5469-8a16-9fa285a14913	6	perception	rhythm	absolute	rhythm-absolute	rhythmic-recognition		note length statistics	What is the total count of {rhythm}-note units in the {voice} line?	"[""rhythm"", ""voice""]"	get_rhythm_count		rhythm	"{""rhythm"": ""whole"", ""voice"": ""soprano""}"	What is the total count of whole-note units in the soprano line?	Jan_DuGrosserSchmerzensmann	chorale-bricks	Jan_DuGrosserSchmerzensmann	data/chorale-bricks/Jan_DuGrosserSchmerzensmann	0	"[""1"", ""2"", ""14"", ""15"", ""40"", ""42"", ""44""]"	"[""1"", ""42"", ""14"", ""40"", ""44"", ""2"", ""15""]"	audio	audio.mastermix.wav	data/chorale-bricks/Jan_DuGrosserSchmerzensmann/audio.mastermix.wav	none of the other options is correct	"[""none of the other options is correct"", ""1"", ""42"", ""14"", ""40""]"	0.2	1	"[""A"", ""B"", ""C"", ""D"", ""E""]"	"{""A"": ""40"", ""B"": ""42"", ""C"": ""14"", ""D"": ""1"", ""E"": ""none of the other options is correct""}"	"[""(A) 40"", ""(B) 42"", ""(C) 14"", ""(D) 1"", ""(E) none of the other options is correct""]"	(E) none of the other options is correct	E
647b5325-d104-5b4a-83e5-0024977e972f	6	perception	rhythm	absolute	rhythm-absolute	rhythmic-recognition		note length statistics	What is the total count of {rhythm}-note units in the {voice} line?	"[""rhythm"", ""voice""]"	get_rhythm_count		rhythm	"{""rhythm"": ""whole"", ""voice"": ""soprano""}"	What is the total count of whole-note units in the soprano line?	Jan_DuGrosserSchmerzensmann	chorale-bricks	Jan_DuGrosserSchmerzensmann	data/chorale-bricks/Jan_DuGrosserSchmerzensmann	0	"[""1"", ""2"", ""14"", ""15"", ""40"", ""42"", ""44""]"	"[""1"", ""42"", ""14"", ""40"", ""44"", ""2"", ""15""]"	symbolic	symbolic.abc.txt	data/chorale-bricks/Jan_DuGrosserSchmerzensmann/symbolic.abc.txt	0	"[""0"", ""none of the other options is correct"", ""1"", ""42"", ""14""]"	0.2	0	"[""A"", ""B"", ""C"", ""D"", ""E""]"	"{""A"": ""none of the other options is correct"", ""B"": ""42"", ""C"": ""14"", ""D"": ""1"", ""E"": ""0""}"	"[""(A) none of the other options is correct"", ""(B) 42"", ""(C) 14"", ""(D) 1"", ""(E) 0""]"	(E) 0	E
bfcda4c4-b485-5083-82cd-bae184f9d847	6	perception	rhythm	absolute	rhythm-absolute	rhythmic-recognition		note length statistics	What is the total count of {rhythm}-note units in the {voice} line?	"[""rhythm"", ""voice""]"	get_rhythm_count		rhythm	"{""rhythm"": ""whole"", ""voice"": ""soprano""}"	What is the total count of whole-note units in the soprano line?	Jan_DuGrosserSchmerzensmann	chorale-bricks	Jan_DuGrosserSchmerzensmann	data/chorale-bricks/Jan_DuGrosserSchmerzensmann	0	"[""1"", ""2"", ""14"", ""15"", ""40"", ""42"", ""44""]"	"[""1"", ""42"", ""14"", ""40"", ""44"", ""2"", ""15""]"	visual	visual.short.png	data/chorale-bricks/Jan_DuGrosserSchmerzensmann/visual.short.png	0	"[""0"", ""none of the other options is correct"", ""1"", ""42"", ""14""]"	0.2	0	"[""A"", ""B"", ""C"", ""D"", ""E""]"	"{""A"": ""14"", ""B"": ""none of the other options is correct"", ""C"": ""42"", ""D"": ""0"", ""E"": ""1""}"	"[""(A) 14"", ""(B) none of the other options is correct"", ""(C) 42"", ""(D) 0"", ""(E) 1""]"	(D) 0	D
805bdec7-3447-5a32-a2a3-ef3744273cba	6	perception	rhythm	absolute	rhythm-absolute	rhythmic-recognition		note length statistics	What is the total count of {rhythm}-note units in the {voice} line?	"[""rhythm"", ""voice""]"	get_rhythm_count		rhythm	"{""rhythm"": ""half"", ""voice"": ""alto""}"	What is the total count of half-note units in the alto line?	Jan_DuGrosserSchmerzensmann	chorale-bricks	Jan_DuGrosserSchmerzensmann	data/chorale-bricks/Jan_DuGrosserSchmerzensmann	14	"[""1"", ""2"", ""15"", ""40"", ""42"", ""44""]"	"[""15"", ""1"", ""44"", ""40"", ""42"", ""2""]"	audio	audio.mastermix.wav	data/chorale-bricks/Jan_DuGrosserSchmerzensmann/audio.mastermix.wav	14	"[""14"", ""none of the other options is correct"", ""15"", ""1"", ""44""]"	0.2	0	"[""A"", ""B"", ""C"", ""D"", ""E""]"	"{""A"": ""15"", ""B"": ""none of the other options is correct"", ""C"": ""44"", ""D"": ""14"", ""E"": ""1""}"	"[""(A) 15"", ""(B) none of the other options is correct"", ""(C) 44"", ""(D) 14"", ""(E) 1""]"	(D) 14	D
3ef934ab-499b-56f6-8c20-a65575e8583e	6	perception	rhythm	absolute	rhythm-absolute	rhythmic-recognition		note length statistics	What is the total count of {rhythm}-note units in the {voice} line?	"[""rhythm"", ""voice""]"	get_rhythm_count		rhythm	"{""rhythm"": ""half"", ""voice"": ""alto""}"	What is the total count of half-note units in the alto line?	Jan_DuGrosserSchmerzensmann	chorale-bricks	Jan_DuGrosserSchmerzensmann	data/chorale-bricks/Jan_DuGrosserSchmerzensmann	14	"[""1"", ""2"", ""15"", ""40"", ""42"", ""44""]"	"[""15"", ""1"", ""44"", ""40"", ""42"", ""2""]"	symbolic	symbolic.abc.txt	data/chorale-bricks/Jan_DuGrosserSchmerzensmann/symbolic.abc.txt	14	"[""14"", ""none of the other options is correct"", ""15"", ""1"", ""44""]"	0.2	0	"[""A"", ""B"", ""C"", ""D"", ""E""]"	"{""A"": ""44"", ""B"": ""14"", ""C"": ""1"", ""D"": ""none of the other options is correct"", ""E"": ""15""}"	"[""(A) 44"", ""(B) 14"", ""(C) 1"", ""(D) none of the other options is correct"", ""(E) 15""]"	(B) 14	B
2d9c0a8e-af4c-583c-afa2-d6f4d0029882	6	perception	rhythm	absolute	rhythm-absolute	rhythmic-recognition		note length statistics	What is the total count of {rhythm}-note units in the {voice} line?	"[""rhythm"", ""voice""]"	get_rhythm_count		rhythm	"{""rhythm"": ""half"", ""voice"": ""alto""}"	What is the total count of half-note units in the alto line?	Jan_DuGrosserSchmerzensmann	chorale-bricks	Jan_DuGrosserSchmerzensmann	data/chorale-bricks/Jan_DuGrosserSchmerzensmann	14	"[""1"", ""2"", ""15"", ""40"", ""42"", ""44""]"	"[""15"", ""1"", ""44"", ""40"", ""42"", ""2""]"	visual	visual.short.png	data/chorale-bricks/Jan_DuGrosserSchmerzensmann/visual.short.png	14	"[""14"", ""none of the other options is correct"", ""15"", ""1"", ""44""]"	0.2	0	"[""A"", ""B"", ""C"", ""D"", ""E""]"	"{""A"": ""15"", ""B"": ""14"", ""C"": ""44"", ""D"": ""none of the other options is correct"", ""E"": ""1""}"	"[""(A) 15"", ""(B) 14"", ""(C) 44"", ""(D) none of the other options is correct"", ""(E) 1""]"	(B) 14	B
78470d6b-5805-5c6c-83b9-46a11a26c7d9	6	perception	rhythm	absolute	rhythm-absolute	rhythmic-recognition		note length statistics	What is the total count of {rhythm}-note units in the {voice} line?	"[""rhythm"", ""voice""]"	get_rhythm_count		rhythm	"{""rhythm"": ""dotted-quarter"", ""voice"": ""soprano""}"	What is the total count of dotted-quarter-note units in the soprano line?	Jan_DuGrosserSchmerzensmann	chorale-bricks	Jan_DuGrosserSchmerzensmann	data/chorale-bricks/Jan_DuGrosserSchmerzensmann	1	"[""2"", ""14"", ""15"", ""40"", ""42"", ""44""]"	"[""42"", ""15"", ""2"", ""14"", ""40"", ""44""]"	audio	audio.mastermix.wav	data/chorale-bricks/Jan_DuGrosserSchmerzensmann/audio.mastermix.wav	1	"[""1"", ""none of the other options is correct"", ""42"", ""15"", ""2""]"	0.2	0	"[""A"", ""B"", ""C"", ""D"", ""E""]"	"{""A"": ""2"", ""B"": ""1"", ""C"": ""15"", ""D"": ""none of the other options is correct"", ""E"": ""42""}"	"[""(A) 2"", ""(B) 1"", ""(C) 15"", ""(D) none of the other options is correct"", ""(E) 42""]"	(B) 1	B
47b83ebf-90f2-5be0-bf38-479e2bf95571	6	perception	rhythm	absolute	rhythm-absolute	rhythmic-recognition		note length statistics	What is the total count of {rhythm}-note units in the {voice} line?	"[""rhythm"", ""voice""]"	get_rhythm_count		rhythm	"{""rhythm"": ""dotted-quarter"", ""voice"": ""soprano""}"	What is the total count of dotted-quarter-note units in the soprano line?	Jan_DuGrosserSchmerzensmann	chorale-bricks	Jan_DuGrosserSchmerzensmann	data/chorale-bricks/Jan_DuGrosserSchmerzensmann	1	"[""2"", ""14"", ""15"", ""40"", ""42"", ""44""]"	"[""42"", ""15"", ""2"", ""14"", ""40"", ""44""]"	symbolic	symbolic.abc.txt	data/chorale-bricks/Jan_DuGrosserSchmerzensmann/symbolic.abc.txt	1	"[""1"", ""none of the other options is correct"", ""42"", ""15"", ""2""]"	0.2	0	"[""A"", ""B"", ""C"", ""D"", ""E""]"	"{""A"": ""42"", ""B"": ""2"", ""C"": ""1"", ""D"": ""15"", ""E"": ""none of the other options is correct""}"	"[""(A) 42"", ""(B) 2"", ""(C) 1"", ""(D) 15"", ""(E) none of the other options is correct""]"	(C) 1	C
02aadaa4-4a8e-5670-b03b-a42d96d972a9	6	perception	rhythm	absolute	rhythm-absolute	rhythmic-recognition		note length statistics	What is the total count of {rhythm}-note units in the {voice} line?	"[""rhythm"", ""voice""]"	get_rhythm_count		rhythm	"{""rhythm"": ""dotted-quarter"", ""voice"": ""soprano""}"	What is the total count of dotted-quarter-note units in the soprano line?	Jan_DuGrosserSchmerzensmann	chorale-bricks	Jan_DuGrosserSchmerzensmann	data/chorale-bricks/Jan_DuGrosserSchmerzensmann	1	"[""2"", ""14"", ""15"", ""40"", ""42"", ""44""]"	"[""42"", ""15"", ""2"", ""14"", ""40"", ""44""]"	visual	visual.short.png	data/chorale-bricks/Jan_DuGrosserSchmerzensmann/visual.short.png	1	"[""1"", ""none of the other options is correct"", ""42"", ""15"", ""2""]"	0.2	0	"[""A"", ""B"", ""C"", ""D"", ""E""]"	"{""A"": ""42"", ""B"": ""1"", ""C"": ""2"", ""D"": ""15"", ""E"": ""none of the other options is correct""}"	"[""(A) 42"", ""(B) 1"", ""(C) 2"", ""(D) 15"", ""(E) none of the other options is correct""]"	(B) 1	B
599e9e36-3813-597e-b862-6e8d4259c9a7	6	perception	rhythm	absolute	rhythm-absolute	rhythmic-recognition		note length statistics	What is the total count of {rhythm}-note units in the {voice} line?	"[""rhythm"", ""voice""]"	get_rhythm_count		rhythm	"{""rhythm"": ""dotted-maxima"", ""voice"": ""tenor""}"	What is the total count of dotted-maxima-note units in the tenor line?	Gesius_BefiehlDuDeineWege	chorale-bricks	Gesius_BefiehlDuDeineWege	data/chorale-bricks/Gesius_BefiehlDuDeineWege	0	"[""1"", ""5"", ""6"", ""7"", ""48"", ""50"", ""52""]"	"[""7"", ""52"", ""6"", ""1"", ""48"", ""50"", ""5""]"	audio	audio.mastermix.wav	data/chorale-bricks/Gesius_BefiehlDuDeineWege/audio.mastermix.wav	0	"[""0"", ""none of the other options is correct"", ""7"", ""52"", ""6""]"	0.2	0	"[""A"", ""B"", ""C"", ""D"", ""E""]"	"{""A"": ""none of the other options is correct"", ""B"": ""6"", ""C"": ""7"", ""D"": ""0"", ""E"": ""52""}"	"[""(A) none of the other options is correct"", ""(B) 6"", ""(C) 7"", ""(D) 0"", ""(E) 52""]"	(D) 0	D
4fa402f0-ac4f-56f1-905c-6a6ec4be9a29	6	perception	rhythm	absolute	rhythm-absolute	rhythmic-recognition		note length statistics	What is the total count of {rhythm}-note units in the {voice} line?	"[""rhythm"", ""voice""]"	get_rhythm_count		rhythm	"{""rhythm"": ""dotted-maxima"", ""voice"": ""tenor""}"	What is the total count of dotted-maxima-note units in the tenor line?	Gesius_BefiehlDuDeineWege	chorale-bricks	Gesius_BefiehlDuDeineWege	data/chorale-bricks/Gesius_BefiehlDuDeineWege	0	"[""1"", ""5"", ""6"", ""7"", ""48"", ""50"", ""52""]"	"[""7"", ""52"", ""6"", ""1"", ""48"", ""50"", ""5""]"	symbolic	symbolic.abc.txt	data/chorale-bricks/Gesius_BefiehlDuDeineWege/symbolic.abc.txt	0	"[""0"", ""none of the other options is correct"", ""7"", ""52"", ""6""]"	0.2	0	"[""A"", ""B"", ""C"", ""D"", ""E""]"	"{""A"": ""6"", ""B"": ""none of the other options is correct"", ""C"": ""0"", ""D"": ""52"", ""E"": ""7""}"	"[""(A) 6"", ""(B) none of the other options is correct"", ""(C) 0"", ""(D) 52"", ""(E) 7""]"	(C) 0	C
93d9577f-d751-5240-9107-fe0275a1ebf2	6	perception	rhythm	absolute	rhythm-absolute	rhythmic-recognition		note length statistics	What is the total count of {rhythm}-note units in the {voice} line?	"[""rhythm"", ""voice""]"	get_rhythm_count		rhythm	"{""rhythm"": ""dotted-maxima"", ""voice"": ""tenor""}"	What is the total count of dotted-maxima-note units in the tenor line?	Gesius_BefiehlDuDeineWege	chorale-bricks	Gesius_BefiehlDuDeineWege	data/chorale-bricks/Gesius_BefiehlDuDeineWege	0	"[""1"", ""5"", ""6"", ""7"", ""48"", ""50"", ""52""]"	"[""7"", ""52"", ""6"", ""1"", ""48"", ""50"", ""5""]"	visual	visual.short.png	data/chorale-bricks/Gesius_BefiehlDuDeineWege/visual.short.png	0	"[""0"", ""none of the other options is correct"", ""7"", ""52"", ""6""]"	0.2	0	"[""A"", ""B"", ""C"", ""D"", ""E""]"	"{""A"": ""0"", ""B"": ""none of the other options is correct"", ""C"": ""6"", ""D"": ""52"", ""E"": ""7""}"	"[""(A) 0"", ""(B) none of the other options is correct"", ""(C) 6"", ""(D) 52"", ""(E) 7""]"	(A) 0	A
b2b9a6c1-59ca-5b14-b0a6-5e1fe8329b35	6	perception	rhythm	absolute	rhythm-absolute	rhythmic-recognition		note length statistics	What is the total count of {rhythm}-note units in the {voice} line?	"[""rhythm"", ""voice""]"	get_rhythm_count		rhythm	"{""rhythm"": ""dotted-duplex-maxima"", ""voice"": ""bass""}"	What is the total count of dotted-duplex-maxima-note units in the bass line?	Bach_IchStehAnDeinerKrippe	chorale-bricks	Bach_IchStehAnDeinerKrippe	data/chorale-bricks/Bach_IchStehAnDeinerKrippe	0	"[""3"", ""4"", ""6"", ""10"", ""37"", ""43""]"	"[""4"", ""37"", ""6"", ""10"", ""43"", ""3""]"	audio	audio.mastermix.wav	data/chorale-bricks/Bach_IchStehAnDeinerKrippe/audio.mastermix.wav	0	"[""0"", ""none of the other options is correct"", ""4"", ""37"", ""6""]"	0.2	0	"[""A"", ""B"", ""C"", ""D"", ""E""]"	"{""A"": ""37"", ""B"": ""6"", ""C"": ""0"", ""D"": ""4"", ""E"": ""none of the other options is correct""}"	"[""(A) 37"", ""(B) 6"", ""(C) 0"", ""(D) 4"", ""(E) none of the other options is correct""]"	(C) 0	C
862b6dda-f441-5381-aab9-ba661962f09d	6	perception	rhythm	absolute	rhythm-absolute	rhythmic-recognition		note length statistics	What is the total count of {rhythm}-note units in the {voice} line?	"[""rhythm"", ""voice""]"	get_rhythm_count		rhythm	"{""rhythm"": ""dotted-duplex-maxima"", ""voice"": ""bass""}"	What is the total count of dotted-duplex-maxima-note units in the bass line?	Bach_IchStehAnDeinerKrippe	chorale-bricks	Bach_IchStehAnDeinerKrippe	data/chorale-bricks/Bach_IchStehAnDeinerKrippe	0	"[""3"", ""4"", ""6"", ""10"", ""37"", ""43""]"	"[""4"", ""37"", ""6"", ""10"", ""43"", ""3""]"	symbolic	symbolic.abc.txt	data/chorale-bricks/Bach_IchStehAnDeinerKrippe/symbolic.abc.txt	0	"[""0"", ""none of the other options is correct"", ""4"", ""37"", ""6""]"	0.2	0	"[""A"", ""B"", ""C"", ""D"", ""E""]"	"{""A"": ""6"", ""B"": ""4"", ""C"": ""37"", ""D"": ""0"", ""E"": ""none of the other options is correct""}"	"[""(A) 6"", ""(B) 4"", ""(C) 37"", ""(D) 0"", ""(E) none of the other options is correct""]"	(D) 0	D
e279d1ea-9e67-51cd-8afd-ac57f0ca332b	6	perception	rhythm	absolute	rhythm-absolute	rhythmic-recognition		note length statistics	What is the total count of {rhythm}-note units in the {voice} line?	"[""rhythm"", ""voice""]"	get_rhythm_count		rhythm	"{""rhythm"": ""dotted-duplex-maxima"", ""voice"": ""bass""}"	What is the total count of dotted-duplex-maxima-note units in the bass line?	Bach_IchStehAnDeinerKrippe	chorale-bricks	Bach_IchStehAnDeinerKrippe	data/chorale-bricks/Bach_IchStehAnDeinerKrippe	0	"[""3"", ""4"", ""6"", ""10"", ""37"", ""43""]"	"[""4"", ""37"", ""6"", ""10"", ""43"", ""3""]"	visual	visual.short.png	data/chorale-bricks/Bach_IchStehAnDeinerKrippe/visual.short.png	0	"[""0"", ""none of the other options is correct"", ""4"", ""37"", ""6""]"	0.2	0	"[""A"", ""B"", ""C"", ""D"", ""E""]"	"{""A"": ""37"", ""B"": ""4"", ""C"": ""6"", ""D"": ""0"", ""E"": ""none of the other options is correct""}"	"[""(A) 37"", ""(B) 4"", ""(C) 6"", ""(D) 0"", ""(E) none of the other options is correct""]"	(D) 0	D
adbdbd2a-ca77-5646-abc3-33429f9f9896	6	perception	rhythm	absolute	rhythm-absolute	rhythmic-recognition		note length statistics	What is the total count of {rhythm}-note units in the {voice} line?	"[""rhythm"", ""voice""]"	get_rhythm_count		rhythm	"{""rhythm"": ""dotted-half"", ""voice"": ""tenor""}"	What is the total count of dotted-half-note units in the tenor line?	Crueger_AufAufMeinHerzMitFreuden	chorale-bricks	Crueger_AufAufMeinHerzMitFreuden	data/chorale-bricks/Crueger_AufAufMeinHerzMitFreuden	3	"[""1"", ""4"", ""9"", ""10"", ""15"", ""18"", ""19"", ""31"", ""35""]"	"[""35"", ""18"", ""31"", ""1"", ""10"", ""15"", ""9"", ""4"", ""19""]"	audio	audio.mastermix.wav	data/chorale-bricks/Crueger_AufAufMeinHerzMitFreuden/audio.mastermix.wav	3	"[""3"", ""none of the other options is correct"", ""35"", ""18"", ""31""]"	0.2	0	"[""A"", ""B"", ""C"", ""D"", ""E""]"	"{""A"": ""31"", ""B"": ""35"", ""C"": ""3"", ""D"": ""none of the other options is correct"", ""E"": ""18""}"	"[""(A) 31"", ""(B) 35"", ""(C) 3"", ""(D) none of the other options is correct"", ""(E) 18""]"	(C) 3	C
e29b2484-c41f-5681-a604-cfc77aed1512	6	perception	rhythm	absolute	rhythm-absolute	rhythmic-recognition		note length statistics	What is the total count of {rhythm}-note units in the {voice} line?	"[""rhythm"", ""voice""]"	get_rhythm_count		rhythm	"{""rhythm"": ""dotted-half"", ""voice"": ""tenor""}"	What is the total count of dotted-half-note units in the tenor line?	Crueger_AufAufMeinHerzMitFreuden	chorale-bricks	Crueger_AufAufMeinHerzMitFreuden	data/chorale-bricks/Crueger_AufAufMeinHerzMitFreuden	3	"[""1"", ""4"", ""9"", ""10"", ""15"", ""18"", ""19"", ""31"", ""35""]"	"[""35"", ""18"", ""31"", ""1"", ""10"", ""15"", ""9"", ""4"", ""19""]"	symbolic	symbolic.abc.txt	data/chorale-bricks/Crueger_AufAufMeinHerzMitFreuden/symbolic.abc.txt	none of the other options is correct	"[""none of the other options is correct"", ""35"", ""18"", ""31"", ""1""]"	0.2	1	"[""A"", ""B"", ""C"", ""D"", ""E""]"	"{""A"": ""35"", ""B"": ""1"", ""C"": ""18"", ""D"": ""none of the other options is correct"", ""E"": ""31""}"	"[""(A) 35"", ""(B) 1"", ""(C) 18"", ""(D) none of the other options is correct"", ""(E) 31""]"	(D) none of the other options is correct	D
cb3d5aa7-0597-5282-8c9f-f5c072a5f3b6	6	perception	rhythm	absolute	rhythm-absolute	rhythmic-recognition		note length statistics	What is the total count of {rhythm}-note units in the {voice} line?	"[""rhythm"", ""voice""]"	get_rhythm_count		rhythm	"{""rhythm"": ""dotted-half"", ""voice"": ""tenor""}"	What is the total count of dotted-half-note units in the tenor line?	Crueger_AufAufMeinHerzMitFreuden	chorale-bricks	Crueger_AufAufMeinHerzMitFreuden	data/chorale-bricks/Crueger_AufAufMeinHerzMitFreuden	3	"[""1"", ""4"", ""9"", ""10"", ""15"", ""18"", ""19"", ""31"", ""35""]"	"[""35"", ""18"", ""31"", ""1"", ""10"", ""15"", ""9"", ""4"", ""19""]"	visual	visual.short.png	data/chorale-bricks/Crueger_AufAufMeinHerzMitFreuden/visual.short.png	3	"[""3"", ""none of the other options is correct"", ""35"", ""18"", ""31""]"	0.2	0	"[""A"", ""B"", ""C"", ""D"", ""E""]"	"{""A"": ""35"", ""B"": ""18"", ""C"": ""31"", ""D"": ""3"", ""E"": ""none of the other options is correct""}"	"[""(A) 35"", ""(B) 18"", ""(C) 31"", ""(D) 3"", ""(E) none of the other options is correct""]"	(D) 3	D
14273f41-2f35-533b-953b-c4edc7c96d14	6	perception	rhythm	absolute	rhythm-absolute	rhythmic-recognition		note length statistics	What is the total count of {rhythm}-note units in the {voice} line?	"[""rhythm"", ""voice""]"	get_rhythm_count		rhythm	"{""rhythm"": ""quarter"", ""voice"": ""bass""}"	What is the total count of quarter-note units in the bass line?	Anonymous_AusMeinesHerzensGrunde	chorale-bricks	Anonymous_AusMeinesHerzensGrunde	data/chorale-bricks/Anonymous_AusMeinesHerzensGrunde	34	"[""1"", ""3"", ""4"", ""5"", ""20"", ""23"", ""33"", ""36""]"	"[""3"", ""4"", ""36"", ""20"", ""5"", ""33"", ""23"", ""1""]"	audio	audio.mastermix.wav	data/chorale-bricks/Anonymous_AusMeinesHerzensGrunde/audio.mastermix.wav	34	"[""34"", ""none of the other options is correct"", ""3"", ""4"", ""36""]"	0.2	0	"[""A"", ""B"", ""C"", ""D"", ""E""]"	"{""A"": ""3"", ""B"": ""none of the other options is correct"", ""C"": ""34"", ""D"": ""36"", ""E"": ""4""}"	"[""(A) 3"", ""(B) none of the other options is correct"", ""(C) 34"", ""(D) 36"", ""(E) 4""]"	(C) 34	C
d75108e3-edc9-5a5d-aaaa-ee5d248e46c0	6	perception	rhythm	absolute	rhythm-absolute	rhythmic-recognition		note length statistics	What is the total count of {rhythm}-note units in the {voice} line?	"[""rhythm"", ""voice""]"	get_rhythm_count		rhythm	"{""rhythm"": ""quarter"", ""voice"": ""bass""}"	What is the total count of quarter-note units in the bass line?	Anonymous_AusMeinesHerzensGrunde	chorale-bricks	Anonymous_AusMeinesHerzensGrunde	data/chorale-bricks/Anonymous_AusMeinesHerzensGrunde	34	"[""1"", ""3"", ""4"", ""5"", ""20"", ""23"", ""33"", ""36""]"	"[""3"", ""4"", ""36"", ""20"", ""5"", ""33"", ""23"", ""1""]"	symbolic	symbolic.abc.txt	data/chorale-bricks/Anonymous_AusMeinesHerzensGrunde/symbolic.abc.txt	34	"[""34"", ""none of the other options is correct"", ""3"", ""4"", ""36""]"	0.2	0	"[""A"", ""B"", ""C"", ""D"", ""E""]"	"{""A"": ""none of the other options is correct"", ""B"": ""4"", ""C"": ""3"", ""D"": ""34"", ""E"": ""36""}"	"[""(A) none of the other options is correct"", ""(B) 4"", ""(C) 3"", ""(D) 34"", ""(E) 36""]"	(D) 34	D
43217c60-3cd1-5f8a-85ad-407ede0bd236	6	perception	rhythm	absolute	rhythm-absolute	rhythmic-recognition		note length statistics	What is the total count of {rhythm}-note units in the {voice} line?	"[""rhythm"", ""voice""]"	get_rhythm_count		rhythm	"{""rhythm"": ""quarter"", ""voice"": ""bass""}"	What is the total count of quarter-note units in the bass line?	Anonymous_AusMeinesHerzensGrunde	chorale-bricks	Anonymous_AusMeinesHerzensGrunde	data/chorale-bricks/Anonymous_AusMeinesHerzensGrunde	34	"[""1"", ""3"", ""4"", ""5"", ""20"", ""23"", ""33"", ""36""]"	"[""3"", ""4"", ""36"", ""20"", ""5"", ""33"", ""23"", ""1""]"	visual	visual.short.png	data/chorale-bricks/Anonymous_AusMeinesHerzensGrunde/visual.short.png	none of the other options is correct	"[""none of the other options is correct"", ""3"", ""4"", ""36"", ""20""]"	0.2	1	"[""A"", ""B"", ""C"", ""D"", ""E""]"	"{""A"": ""4"", ""B"": ""20"", ""C"": ""3"", ""D"": ""none of the other options is correct"", ""E"": ""36""}"	"[""(A) 4"", ""(B) 20"", ""(C) 3"", ""(D) none of the other options is correct"", ""(E) 36""]"	(D) none of the other options is correct	D
60ef4565-a3a8-5be1-989f-f0cfffc22f4c	6	perception	rhythm	absolute	rhythm-absolute	rhythmic-recognition		note length statistics	What is the total count of {rhythm}-note units in the {voice} line?	"[""rhythm"", ""voice""]"	get_rhythm_count		rhythm	"{""rhythm"": ""dotted-breve"", ""voice"": ""tenor""}"	What is the total count of dotted-breve-note units in the tenor line?	Gesius_DuFriedensfuerstHerrJesuChrist	chorale-bricks	Gesius_DuFriedensfuerstHerrJesuChrist	data/chorale-bricks/Gesius_DuFriedensfuerstHerrJesuChrist	0	"[""1"", ""8"", ""9"", ""37"", ""39""]"	"[""1"", ""8"", ""9"", ""37"", ""39""]"	audio	audio.mastermix.wav	data/chorale-bricks/Gesius_DuFriedensfuerstHerrJesuChrist/audio.mastermix.wav	0	"[""0"", ""none of the other options is correct"", ""1"", ""8"", ""9""]"	0.2	0	"[""A"", ""B"", ""C"", ""D"", ""E""]"	"{""A"": ""1"", ""B"": ""9"", ""C"": ""0"", ""D"": ""none of the other options is correct"", ""E"": ""8""}"	"[""(A) 1"", ""(B) 9"", ""(C) 0"", ""(D) none of the other options is correct"", ""(E) 8""]"	(C) 0	C
187435ed-03a7-55bb-8cf1-3f81b7b5040f	6	perception	rhythm	absolute	rhythm-absolute	rhythmic-recognition		note length statistics	What is the total count of {rhythm}-note units in the {voice} line?	"[""rhythm"", ""voice""]"	get_rhythm_count		rhythm	"{""rhythm"": ""dotted-breve"", ""voice"": ""tenor""}"	What is the total count of dotted-breve-note units in the tenor line?	Gesius_DuFriedensfuerstHerrJesuChrist	chorale-bricks	Gesius_DuFriedensfuerstHerrJesuChrist	data/chorale-bricks/Gesius_DuFriedensfuerstHerrJesuChrist	0	"[""1"", ""8"", ""9"", ""37"", ""39""]"	"[""1"", ""8"", ""9"", ""37"", ""39""]"	symbolic	symbolic.abc.txt	data/chorale-bricks/Gesius_DuFriedensfuerstHerrJesuChrist/symbolic.abc.txt	0	"[""0"", ""none of the other options is correct"", ""1"", ""8"", ""9""]"	0.2	0	"[""A"", ""B"", ""C"", ""D"", ""E""]"	"{""A"": ""1"", ""B"": ""9"", ""C"": ""8"", ""D"": ""none of the other options is correct"", ""E"": ""0""}"	"[""(A) 1"", ""(B) 9"", ""(C) 8"", ""(D) none of the other options is correct"", ""(E) 0""]"	(E) 0	E
181d1eb4-12c5-5ab7-8264-940f566103f2	6	perception	rhythm	absolute	rhythm-absolute	rhythmic-recognition		note length statistics	What is the total count of {rhythm}-note units in the {voice} line?	"[""rhythm"", ""voice""]"	get_rhythm_count		rhythm	"{""rhythm"": ""dotted-breve"", ""voice"": ""tenor""}"	What is the total count of dotted-breve-note units in the tenor line?	Gesius_DuFriedensfuerstHerrJesuChrist	chorale-bricks	Gesius_DuFriedensfuerstHerrJesuChrist	data/chorale-bricks/Gesius_DuFriedensfuerstHerrJesuChrist	0	"[""1"", ""8"", ""9"", ""37"", ""39""]"	"[""1"", ""8"", ""9"", ""37"", ""39""]"	visual	visual.short.png	data/chorale-bricks/Gesius_DuFriedensfuerstHerrJesuChrist/visual.short.png	0	"[""0"", ""none of the other options is correct"", ""1"", ""8"", ""9""]"	0.2	0	"[""A"", ""B"", ""C"", ""D"", ""E""]"	"{""A"": ""9"", ""B"": ""8"", ""C"": ""1"", ""D"": ""none of the other options is correct"", ""E"": ""0""}"	"[""(A) 9"", ""(B) 8"", ""(C) 1"", ""(D) none of the other options is correct"", ""(E) 0""]"	(E) 0	E
114101a6-e779-5653-8d6e-242404fd11c2	6	perception	rhythm	absolute	rhythm-absolute	rhythmic-recognition		note length statistics	What is the total count of {rhythm}-note units in the {voice} line?	"[""rhythm"", ""voice""]"	get_rhythm_count		rhythm	"{""rhythm"": ""dotted-half"", ""voice"": ""bass""}"	What is the total count of dotted-half-note units in the bass line?	Gesius_DuFriedensfuerstHerrJesuChrist	chorale-bricks	Gesius_DuFriedensfuerstHerrJesuChrist	data/chorale-bricks/Gesius_DuFriedensfuerstHerrJesuChrist	1	"[""8"", ""9"", ""37"", ""39""]"	"[""37"", ""39"", ""8"", ""9""]"	audio	audio.mastermix.wav	data/chorale-bricks/Gesius_DuFriedensfuerstHerrJesuChrist/audio.mastermix.wav	1	"[""1"", ""none of the other options is correct"", ""37"", ""39"", ""8""]"	0.2	0	"[""A"", ""B"", ""C"", ""D"", ""E""]"	"{""A"": ""1"", ""B"": ""37"", ""C"": ""39"", ""D"": ""8"", ""E"": ""none of the other options is correct""}"	"[""(A) 1"", ""(B) 37"", ""(C) 39"", ""(D) 8"", ""(E) none of the other options is correct""]"	(A) 1	A
43b3927a-01ed-5317-bdc6-c81bc02e3581	6	perception	rhythm	absolute	rhythm-absolute	rhythmic-recognition		note length statistics	What is the total count of {rhythm}-note units in the {voice} line?	"[""rhythm"", ""voice""]"	get_rhythm_count		rhythm	"{""rhythm"": ""dotted-half"", ""voice"": ""bass""}"	What is the total count of dotted-half-note units in the bass line?	Gesius_DuFriedensfuerstHerrJesuChrist	chorale-bricks	Gesius_DuFriedensfuerstHerrJesuChrist	data/chorale-bricks/Gesius_DuFriedensfuerstHerrJesuChrist	1	"[""8"", ""9"", ""37"", ""39""]"	"[""37"", ""39"", ""8"", ""9""]"	symbolic	symbolic.abc.txt	data/chorale-bricks/Gesius_DuFriedensfuerstHerrJesuChrist/symbolic.abc.txt	1	"[""1"", ""none of the other options is correct"", ""37"", ""39"", ""8""]"	0.2	0	"[""A"", ""B"", ""C"", ""D"", ""E""]"	"{""A"": ""39"", ""B"": ""8"", ""C"": ""37"", ""D"": ""1"", ""E"": ""none of the other options is correct""}"	"[""(A) 39"", ""(B) 8"", ""(C) 37"", ""(D) 1"", ""(E) none of the other options is correct""]"	(D) 1	D
2bc8ef19-1b92-5f29-9021-d23b74eda7b4	6	perception	rhythm	absolute	rhythm-absolute	rhythmic-recognition		note length statistics	What is the total count of {rhythm}-note units in the {voice} line?	"[""rhythm"", ""voice""]"	get_rhythm_count		rhythm	"{""rhythm"": ""dotted-half"", ""voice"": ""bass""}"	What is the total count of dotted-half-note units in the bass line?	Gesius_DuFriedensfuerstHerrJesuChrist	chorale-bricks	Gesius_DuFriedensfuerstHerrJesuChrist	data/chorale-bricks/Gesius_DuFriedensfuerstHerrJesuChrist	1	"[""8"", ""9"", ""37"", ""39""]"	"[""37"", ""39"", ""8"", ""9""]"	visual	visual.short.png	data/chorale-bricks/Gesius_DuFriedensfuerstHerrJesuChrist/visual.short.png	none of the other options is correct	"[""none of the other options is correct"", ""37"", ""39"", ""8"", ""9""]"	0.2	1	"[""A"", ""B"", ""C"", ""D"", ""E""]"	"{""A"": ""8"", ""B"": ""9"", ""C"": ""none of the other options is correct"", ""D"": ""39"", ""E"": ""37""}"	"[""(A) 8"", ""(B) 9"", ""(C) none of the other options is correct"", ""(D) 39"", ""(E) 37""]"	(C) none of the other options is correct	C
0e2c2544-7eb7-5376-a598-fc1063b3e2c5	6	perception	rhythm	absolute	rhythm-absolute	rhythmic-recognition		note length statistics	What is the total count of {rhythm}-note units in the {voice} line?	"[""rhythm"", ""voice""]"	get_rhythm_count		rhythm	"{""rhythm"": ""64th"", ""voice"": ""alto""}"	What is the total count of 64th-note units in the alto line?	Crueger_AufAufMeinHerzMitFreuden	chorale-bricks	Crueger_AufAufMeinHerzMitFreuden	data/chorale-bricks/Crueger_AufAufMeinHerzMitFreuden	0	"[""1"", ""3"", ""4"", ""9"", ""10"", ""15"", ""18"", ""19"", ""31"", ""35""]"	"[""31"", ""9"", ""18"", ""19"", ""3"", ""35"", ""15"", ""10"", ""1"", ""4""]"	audio	audio.mastermix.wav	data/chorale-bricks/Crueger_AufAufMeinHerzMitFreuden/audio.mastermix.wav	0	"[""0"", ""none of the other options is correct"", ""31"", ""9"", ""18""]"	0.2	0	"[""A"", ""B"", ""C"", ""D"", ""E""]"	"{""A"": ""0"", ""B"": ""18"", ""C"": ""none of the other options is correct"", ""D"": ""31"", ""E"": ""9""}"	"[""(A) 0"", ""(B) 18"", ""(C) none of the other options is correct"", ""(D) 31"", ""(E) 9""]"	(A) 0	A
96a934d1-61f9-5772-b201-80af3d45c51a	6	perception	rhythm	absolute	rhythm-absolute	rhythmic-recognition		note length statistics	What is the total count of {rhythm}-note units in the {voice} line?	"[""rhythm"", ""voice""]"	get_rhythm_count		rhythm	"{""rhythm"": ""64th"", ""voice"": ""alto""}"	What is the total count of 64th-note units in the alto line?	Crueger_AufAufMeinHerzMitFreuden	chorale-bricks	Crueger_AufAufMeinHerzMitFreuden	data/chorale-bricks/Crueger_AufAufMeinHerzMitFreuden	0	"[""1"", ""3"", ""4"", ""9"", ""10"", ""15"", ""18"", ""19"", ""31"", ""35""]"	"[""31"", ""9"", ""18"", ""19"", ""3"", ""35"", ""15"", ""10"", ""1"", ""4""]"	symbolic	symbolic.abc.txt	data/chorale-bricks/Crueger_AufAufMeinHerzMitFreuden/symbolic.abc.txt	0	"[""0"", ""none of the other options is correct"", ""31"", ""9"", ""18""]"	0.2	0	"[""A"", ""B"", ""C"", ""D"", ""E""]"	"{""A"": ""0"", ""B"": ""18"", ""C"": ""31"", ""D"": ""9"", ""E"": ""none of the other options is correct""}"	"[""(A) 0"", ""(B) 18"", ""(C) 31"", ""(D) 9"", ""(E) none of the other options is correct""]"	(A) 0	A
f74caa5f-11da-59d0-91e6-f7466b34d990	6	perception	rhythm	absolute	rhythm-absolute	rhythmic-recognition		note length statistics	What is the total count of {rhythm}-note units in the {voice} line?	"[""rhythm"", ""voice""]"	get_rhythm_count		rhythm	"{""rhythm"": ""64th"", ""voice"": ""alto""}"	What is the total count of 64th-note units in the alto line?	Crueger_AufAufMeinHerzMitFreuden	chorale-bricks	Crueger_AufAufMeinHerzMitFreuden	data/chorale-bricks/Crueger_AufAufMeinHerzMitFreuden	0	"[""1"", ""3"", ""4"", ""9"", ""10"", ""15"", ""18"", ""19"", ""31"", ""35""]"	"[""31"", ""9"", ""18"", ""19"", ""3"", ""35"", ""15"", ""10"", ""1"", ""4""]"	visual	visual.short.png	data/chorale-bricks/Crueger_AufAufMeinHerzMitFreuden/visual.short.png	none of the other options is correct	"[""none of the other options is correct"", ""31"", ""9"", ""18"", ""19""]"	0.2	1	"[""A"", ""B"", ""C"", ""D"", ""E""]"	"{""A"": ""19"", ""B"": ""31"", ""C"": ""none of the other options is correct"", ""D"": ""18"", ""E"": ""9""}"	"[""(A) 19"", ""(B) 31"", ""(C) none of the other options is correct"", ""(D) 18"", ""(E) 9""]"	(C) none of the other options is correct	C
8985245a-d42d-5ed4-ad66-5fc638d5e9a6	7	perception	rhythm	relative	rhythm-relative	proportion-recognition		rhythm pattern	What is the temporal relationship (e.g., 2:1, 3:1) between the  {target_index} note (or rest) and the next one in the {voice} line?	"[""target_index"", ""voice""]"	get_rhythm_pattern		rhythm	"{""target_index"": ""9th"", ""voice"": ""bass""}"	What is the temporal relationship (e.g., 2:1, 3:1) between the  9th note (or rest) and the next one in the bass line?	Vulpius_ChristusDerIstMeinLeben	chorale-bricks	Vulpius_ChristusDerIstMeinLeben	data/chorale-bricks/Vulpius_ChristusDerIstMeinLeben	1:1	"[""1:2"", ""1:3"", ""2:1"", ""3:1"", ""3:2""]"	"[""2:1"", ""3:1"", ""3:2"", ""1:3"", ""1:2""]"	audio	audio.mastermix.wav	data/chorale-bricks/Vulpius_ChristusDerIstMeinLeben/audio.mastermix.wav	none of the other options is correct	"[""none of the other options is correct"", ""2:1"", ""3:1"", ""3:2"", ""1:3""]"	0.2	1	"[""A"", ""B"", ""C"", ""D"", ""E""]"	"{""A"": ""3:2"", ""B"": ""3:1"", ""C"": ""1:3"", ""D"": ""2:1"", ""E"": ""none of the other options is correct""}"	"[""(A) 3:2"", ""(B) 3:1"", ""(C) 1:3"", ""(D) 2:1"", ""(E) none of the other options is correct""]"	(E) none of the other options is correct	E
debc9ff2-8c77-5a5b-ac22-1bd86ecfadde	7	perception	rhythm	relative	rhythm-relative	proportion-recognition		rhythm pattern	What is the temporal relationship (e.g., 2:1, 3:1) between the  {target_index} note (or rest) and the next one in the {voice} line?	"[""target_index"", ""voice""]"	get_rhythm_pattern		rhythm	"{""target_index"": ""9th"", ""voice"": ""bass""}"	What is the temporal relationship (e.g., 2:1, 3:1) between the  9th note (or rest) and the next one in the bass line?	Vulpius_ChristusDerIstMeinLeben	chorale-bricks	Vulpius_ChristusDerIstMeinLeben	data/chorale-bricks/Vulpius_ChristusDerIstMeinLeben	1:1	"[""1:2"", ""1:3"", ""2:1"", ""3:1"", ""3:2""]"	"[""2:1"", ""3:1"", ""3:2"", ""1:3"", ""1:2""]"	symbolic	symbolic.abc.txt	data/chorale-bricks/Vulpius_ChristusDerIstMeinLeben/symbolic.abc.txt	1:1	"[""1:1"", ""none of the other options is correct"", ""2:1"", ""3:1"", ""3:2""]"	0.2	0	"[""A"", ""B"", ""C"", ""D"", ""E""]"	"{""A"": ""none of the other options is correct"", ""B"": ""1:1"", ""C"": ""3:1"", ""D"": ""2:1"", ""E"": ""3:2""}"	"[""(A) none of the other options is correct"", ""(B) 1:1"", ""(C) 3:1"", ""(D) 2:1"", ""(E) 3:2""]"	(B) 1:1	B
f7d16375-a081-5bd9-aed6-a69823b4c496	7	perception	rhythm	relative	rhythm-relative	proportion-recognition		rhythm pattern	What is the temporal relationship (e.g., 2:1, 3:1) between the  {target_index} note (or rest) and the next one in the {voice} line?	"[""target_index"", ""voice""]"	get_rhythm_pattern		rhythm	"{""target_index"": ""9th"", ""voice"": ""bass""}"	What is the temporal relationship (e.g., 2:1, 3:1) between the  9th note (or rest) and the next one in the bass line?	Vulpius_ChristusDerIstMeinLeben	chorale-bricks	Vulpius_ChristusDerIstMeinLeben	data/chorale-bricks/Vulpius_ChristusDerIstMeinLeben	1:1	"[""1:2"", ""1:3"", ""2:1"", ""3:1"", ""3:2""]"	"[""2:1"", ""3:1"", ""3:2"", ""1:3"", ""1:2""]"	visual	visual.short.png	data/chorale-bricks/Vulpius_ChristusDerIstMeinLeben/visual.short.png	1:1	"[""1:1"", ""none of the other options is correct"", ""2:1"", ""3:1"", ""3:2""]"	0.2	0	"[""A"", ""B"", ""C"", ""D"", ""E""]"	"{""A"": ""3:1"", ""B"": ""none of the other options is correct"", ""C"": ""2:1"", ""D"": ""3:2"", ""E"": ""1:1""}"	"[""(A) 3:1"", ""(B) none of the other options is correct"", ""(C) 2:1"", ""(D) 3:2"", ""(E) 1:1""]"	(E) 1:1	E
9f22f4c1-b2a3-5636-94c3-450aaebf0711	7	perception	rhythm	relative	rhythm-relative	proportion-recognition		rhythm pattern	What is the temporal relationship (e.g., 2:1, 3:1) between the  {target_index} note (or rest) and the next one in the {voice} line?	"[""target_index"", ""voice""]"	get_rhythm_pattern		rhythm	"{""target_index"": ""3rd"", ""voice"": ""tenor""}"	What is the temporal relationship (e.g., 2:1, 3:1) between the  3rd note (or rest) and the next one in the tenor line?	Crueger_AufAufMeinHerzMitFreuden	chorale-bricks	Crueger_AufAufMeinHerzMitFreuden	data/chorale-bricks/Crueger_AufAufMeinHerzMitFreuden	1:2	"[""1:1"", ""1:3"", ""2:1"", ""2:3"", ""3:1"", ""3:2""]"	"[""3:2"", ""2:3"", ""1:1"", ""2:1"", ""3:1"", ""1:3""]"	audio	audio.mastermix.wav	data/chorale-bricks/Crueger_AufAufMeinHerzMitFreuden/audio.mastermix.wav	1:2	"[""1:2"", ""none of the other options is correct"", ""3:2"", ""2:3"", ""1:1""]"	0.2	0	"[""A"", ""B"", ""C"", ""D"", ""E""]"	"{""A"": ""2:3"", ""B"": ""3:2"", ""C"": ""1:2"", ""D"": ""none of the other options is correct"", ""E"": ""1:1""}"	"[""(A) 2:3"", ""(B) 3:2"", ""(C) 1:2"", ""(D) none of the other options is correct"", ""(E) 1:1""]"	(C) 1:2	C
5356f6ba-38fc-58b4-afce-e2253a38e2e4	7	perception	rhythm	relative	rhythm-relative	proportion-recognition		rhythm pattern	What is the temporal relationship (e.g., 2:1, 3:1) between the  {target_index} note (or rest) and the next one in the {voice} line?	"[""target_index"", ""voice""]"	get_rhythm_pattern		rhythm	"{""target_index"": ""3rd"", ""voice"": ""tenor""}"	What is the temporal relationship (e.g., 2:1, 3:1) between the  3rd note (or rest) and the next one in the tenor line?	Crueger_AufAufMeinHerzMitFreuden	chorale-bricks	Crueger_AufAufMeinHerzMitFreuden	data/chorale-bricks/Crueger_AufAufMeinHerzMitFreuden	1:2	"[""1:1"", ""1:3"", ""2:1"", ""2:3"", ""3:1"", ""3:2""]"	"[""3:2"", ""2:3"", ""1:1"", ""2:1"", ""3:1"", ""1:3""]"	symbolic	symbolic.abc.txt	data/chorale-bricks/Crueger_AufAufMeinHerzMitFreuden/symbolic.abc.txt	none of the other options is correct	"[""none of the other options is correct"", ""3:2"", ""2:3"", ""1:1"", ""2:1""]"	0.2	1	"[""A"", ""B"", ""C"", ""D"", ""E""]"	"{""A"": ""1:1"", ""B"": ""2:3"", ""C"": ""3:2"", ""D"": ""none of the other options is correct"", ""E"": ""2:1""}"	"[""(A) 1:1"", ""(B) 2:3"", ""(C) 3:2"", ""(D) none of the other options is correct"", ""(E) 2:1""]"	(D) none of the other options is correct	D
6762430b-13f0-58fd-bc79-42244852b049	7	perception	rhythm	relative	rhythm-relative	proportion-recognition		rhythm pattern	What is the temporal relationship (e.g., 2:1, 3:1) between the  {target_index} note (or rest) and the next one in the {voice} line?	"[""target_index"", ""voice""]"	get_rhythm_pattern		rhythm	"{""target_index"": ""3rd"", ""voice"": ""tenor""}"	What is the temporal relationship (e.g., 2:1, 3:1) between the  3rd note (or rest) and the next one in the tenor line?	Crueger_AufAufMeinHerzMitFreuden	chorale-bricks	Crueger_AufAufMeinHerzMitFreuden	data/chorale-bricks/Crueger_AufAufMeinHerzMitFreuden	1:2	"[""1:1"", ""1:3"", ""2:1"", ""2:3"", ""3:1"", ""3:2""]"	"[""3:2"", ""2:3"", ""1:1"", ""2:1"", ""3:1"", ""1:3""]"	visual	visual.short.png	data/chorale-bricks/Crueger_AufAufMeinHerzMitFreuden/visual.short.png	1:2	"[""1:2"", ""none of the other options is correct"", ""3:2"", ""2:3"", ""1:1""]"	0.2	0	"[""A"", ""B"", ""C"", ""D"", ""E""]"	"{""A"": ""1:2"", ""B"": ""2:3"", ""C"": ""1:1"", ""D"": ""3:2"", ""E"": ""none of the other options is correct""}"	"[""(A) 1:2"", ""(B) 2:3"", ""(C) 1:1"", ""(D) 3:2"", ""(E) none of the other options is correct""]"	(A) 1:2	A
fb2478d0-51a8-5473-9f16-baf66fff10d2	7	perception	rhythm	relative	rhythm-relative	proportion-recognition		rhythm pattern	What is the temporal relationship (e.g., 2:1, 3:1) between the  {target_index} note (or rest) and the next one in the {voice} line?	"[""target_index"", ""voice""]"	get_rhythm_pattern		rhythm	"{""target_index"": ""13th"", ""voice"": ""bass""}"	What is the temporal relationship (e.g., 2:1, 3:1) between the  13th note (or rest) and the next one in the bass line?	Anonymous_AusMeinesHerzensGrunde	chorale-bricks	Anonymous_AusMeinesHerzensGrunde	data/chorale-bricks/Anonymous_AusMeinesHerzensGrunde	1:3	"[""1:1"", ""1:2"", ""2:1"", ""2:3"", ""3:1"", ""3:2"", ""4:1""]"	"[""3:1"", ""1:1"", ""1:2"", ""3:2"", ""2:1"", ""4:1"", ""2:3""]"	audio	audio.mastermix.wav	data/chorale-bricks/Anonymous_AusMeinesHerzensGrunde/audio.mastermix.wav	none of the other options is correct	"[""none of the other options is correct"", ""3:1"", ""1:1"", ""1:2"", ""3:2""]"	0.2	1	"[""A"", ""B"", ""C"", ""D"", ""E""]"	"{""A"": ""3:2"", ""B"": ""none of the other options is correct"", ""C"": ""1:2"", ""D"": ""1:1"", ""E"": ""3:1""}"	"[""(A) 3:2"", ""(B) none of the other options is correct"", ""(C) 1:2"", ""(D) 1:1"", ""(E) 3:1""]"	(B) none of the other options is correct	B
45177b7f-b27f-58c7-8346-f618bf7a4644	7	perception	rhythm	relative	rhythm-relative	proportion-recognition		rhythm pattern	What is the temporal relationship (e.g., 2:1, 3:1) between the  {target_index} note (or rest) and the next one in the {voice} line?	"[""target_index"", ""voice""]"	get_rhythm_pattern		rhythm	"{""target_index"": ""13th"", ""voice"": ""bass""}"	What is the temporal relationship (e.g., 2:1, 3:1) between the  13th note (or rest) and the next one in the bass line?	Anonymous_AusMeinesHerzensGrunde	chorale-bricks	Anonymous_AusMeinesHerzensGrunde	data/chorale-bricks/Anonymous_AusMeinesHerzensGrunde	1:3	"[""1:1"", ""1:2"", ""2:1"", ""2:3"", ""3:1"", ""3:2"", ""4:1""]"	"[""3:1"", ""1:1"", ""1:2"", ""3:2"", ""2:1"", ""4:1"", ""2:3""]"	symbolic	symbolic.abc.txt	data/chorale-bricks/Anonymous_AusMeinesHerzensGrunde/symbolic.abc.txt	1:3	"[""1:3"", ""none of the other options is correct"", ""3:1"", ""1:1"", ""1:2""]"	0.2	0	"[""A"", ""B"", ""C"", ""D"", ""E""]"	"{""A"": ""1:3"", ""B"": ""3:1"", ""C"": ""1:2"", ""D"": ""1:1"", ""E"": ""none of the other options is correct""}"	"[""(A) 1:3"", ""(B) 3:1"", ""(C) 1:2"", ""(D) 1:1"", ""(E) none of the other options is correct""]"	(A) 1:3	A
53ad237c-ec90-5af3-863c-699dde2f51fe	7	perception	rhythm	relative	rhythm-relative	proportion-recognition		rhythm pattern	What is the temporal relationship (e.g., 2:1, 3:1) between the  {target_index} note (or rest) and the next one in the {voice} line?	"[""target_index"", ""voice""]"	get_rhythm_pattern		rhythm	"{""target_index"": ""13th"", ""voice"": ""bass""}"	What is the temporal relationship (e.g., 2:1, 3:1) between the  13th note (or rest) and the next one in the bass line?	Anonymous_AusMeinesHerzensGrunde	chorale-bricks	Anonymous_AusMeinesHerzensGrunde	data/chorale-bricks/Anonymous_AusMeinesHerzensGrunde	1:3	"[""1:1"", ""1:2"", ""2:1"", ""2:3"", ""3:1"", ""3:2"", ""4:1""]"	"[""3:1"", ""1:1"", ""1:2"", ""3:2"", ""2:1"", ""4:1"", ""2:3""]"	visual	visual.short.png	data/chorale-bricks/Anonymous_AusMeinesHerzensGrunde/visual.short.png	none of the other options is correct	"[""none of the other options is correct"", ""3:1"", ""1:1"", ""1:2"", ""3:2""]"	0.2	1	"[""A"", ""B"", ""C"", ""D"", ""E""]"	"{""A"": ""1:1"", ""B"": ""1:2"", ""C"": ""none of the other options is correct"", ""D"": ""3:1"", ""E"": ""3:2""}"	"[""(A) 1:1"", ""(B) 1:2"", ""(C) none of the other options is correct"", ""(D) 3:1"", ""(E) 3:2""]"	(C) none of the other options is correct	C
52772180-3a13-52f5-8fd8-7c9358858d32	7	perception	rhythm	relative	rhythm-relative	proportion-recognition		rhythm pattern	What is the temporal relationship (e.g., 2:1, 3:1) between the  {target_index} note (or rest) and the next one in the {voice} line?	"[""target_index"", ""voice""]"	get_rhythm_pattern		rhythm	"{""target_index"": ""45th"", ""voice"": ""soprano""}"	What is the temporal relationship (e.g., 2:1, 3:1) between the  45th note (or rest) and the next one in the soprano line?	Crueger_AufAufMeinHerzMitFreuden	chorale-bricks	Crueger_AufAufMeinHerzMitFreuden	data/chorale-bricks/Crueger_AufAufMeinHerzMitFreuden	1:2	"[""1:1"", ""1:3"", ""2:1"", ""2:3"", ""3:1"", ""3:2""]"	"[""3:1"", ""2:1"", ""3:2"", ""1:1"", ""1:3"", ""2:3""]"	audio	audio.mastermix.wav	data/chorale-bricks/Crueger_AufAufMeinHerzMitFreuden/audio.mastermix.wav	1:2	"[""1:2"", ""none of the other options is correct"", ""3:1"", ""2:1"", ""3:2""]"	0.2	0	"[""A"", ""B"", ""C"", ""D"", ""E""]"	"{""A"": ""3:2"", ""B"": ""1:2"", ""C"": ""3:1"", ""D"": ""2:1"", ""E"": ""none of the other options is correct""}"	"[""(A) 3:2"", ""(B) 1:2"", ""(C) 3:1"", ""(D) 2:1"", ""(E) none of the other options is correct""]"	(B) 1:2	B
053cb724-cad7-55ed-846d-f88522fc7f2d	7	perception	rhythm	relative	rhythm-relative	proportion-recognition		rhythm pattern	What is the temporal relationship (e.g., 2:1, 3:1) between the  {target_index} note (or rest) and the next one in the {voice} line?	"[""target_index"", ""voice""]"	get_rhythm_pattern		rhythm	"{""target_index"": ""45th"", ""voice"": ""soprano""}"	What is the temporal relationship (e.g., 2:1, 3:1) between the  45th note (or rest) and the next one in the soprano line?	Crueger_AufAufMeinHerzMitFreuden	chorale-bricks	Crueger_AufAufMeinHerzMitFreuden	data/chorale-bricks/Crueger_AufAufMeinHerzMitFreuden	1:2	"[""1:1"", ""1:3"", ""2:1"", ""2:3"", ""3:1"", ""3:2""]"	"[""3:1"", ""2:1"", ""3:2"", ""1:1"", ""1:3"", ""2:3""]"	symbolic	symbolic.abc.txt	data/chorale-bricks/Crueger_AufAufMeinHerzMitFreuden/symbolic.abc.txt	none of the other options is correct	"[""none of the other options is correct"", ""3:1"", ""2:1"", ""3:2"", ""1:1""]"	0.2	1	"[""A"", ""B"", ""C"", ""D"", ""E""]"	"{""A"": ""1:1"", ""B"": ""3:1"", ""C"": ""3:2"", ""D"": ""none of the other options is correct"", ""E"": ""2:1""}"	"[""(A) 1:1"", ""(B) 3:1"", ""(C) 3:2"", ""(D) none of the other options is correct"", ""(E) 2:1""]"	(D) none of the other options is correct	D
3126db7d-2453-5594-858a-3bbbedded5fa	7	perception	rhythm	relative	rhythm-relative	proportion-recognition		rhythm pattern	What is the temporal relationship (e.g., 2:1, 3:1) between the  {target_index} note (or rest) and the next one in the {voice} line?	"[""target_index"", ""voice""]"	get_rhythm_pattern		rhythm	"{""target_index"": ""45th"", ""voice"": ""soprano""}"	What is the temporal relationship (e.g., 2:1, 3:1) between the  45th note (or rest) and the next one in the soprano line?	Crueger_AufAufMeinHerzMitFreuden	chorale-bricks	Crueger_AufAufMeinHerzMitFreuden	data/chorale-bricks/Crueger_AufAufMeinHerzMitFreuden	1:2	"[""1:1"", ""1:3"", ""2:1"", ""2:3"", ""3:1"", ""3:2""]"	"[""3:1"", ""2:1"", ""3:2"", ""1:1"", ""1:3"", ""2:3""]"	visual	visual.short.png	data/chorale-bricks/Crueger_AufAufMeinHerzMitFreuden/visual.short.png	1:2	"[""1:2"", ""none of the other options is correct"", ""3:1"", ""2:1"", ""3:2""]"	0.2	0	"[""A"", ""B"", ""C"", ""D"", ""E""]"	"{""A"": ""none of the other options is correct"", ""B"": ""3:2"", ""C"": ""2:1"", ""D"": ""3:1"", ""E"": ""1:2""}"	"[""(A) none of the other options is correct"", ""(B) 3:2"", ""(C) 2:1"", ""(D) 3:1"", ""(E) 1:2""]"	(E) 1:2	E
52fd8741-f787-5edc-9272-f87e674b8b67	7	perception	rhythm	relative	rhythm-relative	proportion-recognition		rhythm pattern	What is the temporal relationship (e.g., 2:1, 3:1) between the  {target_index} note (or rest) and the next one in the {voice} line?	"[""target_index"", ""voice""]"	get_rhythm_pattern		rhythm	"{""target_index"": ""38th"", ""voice"": ""alto""}"	What is the temporal relationship (e.g., 2:1, 3:1) between the  38th note (or rest) and the next one in the alto line?	Jan_DuGrosserSchmerzensmann	chorale-bricks	Jan_DuGrosserSchmerzensmann	data/chorale-bricks/Jan_DuGrosserSchmerzensmann	2:1	"[""1:1"", ""1:2"", ""1:3"", ""3:1"", ""3:2""]"	"[""3:1"", ""1:2"", ""1:1"", ""3:2"", ""1:3""]"	audio	audio.mastermix.wav	data/chorale-bricks/Jan_DuGrosserSchmerzensmann/audio.mastermix.wav	2:1	"[""2:1"", ""none of the other options is correct"", ""3:1"", ""1:2"", ""1:1""]"	0.2	0	"[""A"", ""B"", ""C"", ""D"", ""E""]"	"{""A"": ""none of the other options is correct"", ""B"": ""3:1"", ""C"": ""2:1"", ""D"": ""1:1"", ""E"": ""1:2""}"	"[""(A) none of the other options is correct"", ""(B) 3:1"", ""(C) 2:1"", ""(D) 1:1"", ""(E) 1:2""]"	(C) 2:1	C
bb090669-f7ec-5a33-b2c2-2b03dedfbb46	7	perception	rhythm	relative	rhythm-relative	proportion-recognition		rhythm pattern	What is the temporal relationship (e.g., 2:1, 3:1) between the  {target_index} note (or rest) and the next one in the {voice} line?	"[""target_index"", ""voice""]"	get_rhythm_pattern		rhythm	"{""target_index"": ""38th"", ""voice"": ""alto""}"	What is the temporal relationship (e.g., 2:1, 3:1) between the  38th note (or rest) and the next one in the alto line?	Jan_DuGrosserSchmerzensmann	chorale-bricks	Jan_DuGrosserSchmerzensmann	data/chorale-bricks/Jan_DuGrosserSchmerzensmann	2:1	"[""1:1"", ""1:2"", ""1:3"", ""3:1"", ""3:2""]"	"[""3:1"", ""1:2"", ""1:1"", ""3:2"", ""1:3""]"	symbolic	symbolic.abc.txt	data/chorale-bricks/Jan_DuGrosserSchmerzensmann/symbolic.abc.txt	none of the other options is correct	"[""none of the other options is correct"", ""3:1"", ""1:2"", ""1:1"", ""3:2""]"	0.2	1	"[""A"", ""B"", ""C"", ""D"", ""E""]"	"{""A"": ""3:2"", ""B"": ""3:1"", ""C"": ""1:2"", ""D"": ""none of the other options is correct"", ""E"": ""1:1""}"	"[""(A) 3:2"", ""(B) 3:1"", ""(C) 1:2"", ""(D) none of the other options is correct"", ""(E) 1:1""]"	(D) none of the other options is correct	D
cd661748-74be-5386-aa50-2feb9d82d6b9	7	perception	rhythm	relative	rhythm-relative	proportion-recognition		rhythm pattern	What is the temporal relationship (e.g., 2:1, 3:1) between the  {target_index} note (or rest) and the next one in the {voice} line?	"[""target_index"", ""voice""]"	get_rhythm_pattern		rhythm	"{""target_index"": ""38th"", ""voice"": ""alto""}"	What is the temporal relationship (e.g., 2:1, 3:1) between the  38th note (or rest) and the next one in the alto line?	Jan_DuGrosserSchmerzensmann	chorale-bricks	Jan_DuGrosserSchmerzensmann	data/chorale-bricks/Jan_DuGrosserSchmerzensmann	2:1	"[""1:1"", ""1:2"", ""1:3"", ""3:1"", ""3:2""]"	"[""3:1"", ""1:2"", ""1:1"", ""3:2"", ""1:3""]"	visual	visual.short.png	data/chorale-bricks/Jan_DuGrosserSchmerzensmann/visual.short.png	2:1	"[""2:1"", ""none of the other options is correct"", ""3:1"", ""1:2"", ""1:1""]"	0.2	0	"[""A"", ""B"", ""C"", ""D"", ""E""]"	"{""A"": ""1:2"", ""B"": ""2:1"", ""C"": ""3:1"", ""D"": ""none of the other options is correct"", ""E"": ""1:1""}"	"[""(A) 1:2"", ""(B) 2:1"", ""(C) 3:1"", ""(D) none of the other options is correct"", ""(E) 1:1""]"	(B) 2:1	B
2fc0b3bf-b123-52f6-bef3-d277090f9c1d	7	perception	rhythm	relative	rhythm-relative	proportion-recognition		rhythm pattern	What is the temporal relationship (e.g., 2:1, 3:1) between the  {target_index} note (or rest) and the next one in the {voice} line?	"[""target_index"", ""voice""]"	get_rhythm_pattern		rhythm	"{""target_index"": ""8th"", ""voice"": ""tenor""}"	What is the temporal relationship (e.g., 2:1, 3:1) between the  8th note (or rest) and the next one in the tenor line?	Drese_JesuGehVoran	chorale-bricks	Drese_JesuGehVoran	data/chorale-bricks/Drese_JesuGehVoran	1:2	"[""1:1"", ""1:4"", ""1:6"", ""2:1"", ""6:1""]"	"[""1:6"", ""1:4"", ""6:1"", ""1:1"", ""2:1""]"	audio	audio.mastermix.wav	data/chorale-bricks/Drese_JesuGehVoran/audio.mastermix.wav	1:2	"[""1:2"", ""none of the other options is correct"", ""1:6"", ""1:4"", ""6:1""]"	0.2	0	"[""A"", ""B"", ""C"", ""D"", ""E""]"	"{""A"": ""1:4"", ""B"": ""6:1"", ""C"": ""1:2"", ""D"": ""none of the other options is correct"", ""E"": ""1:6""}"	"[""(A) 1:4"", ""(B) 6:1"", ""(C) 1:2"", ""(D) none of the other options is correct"", ""(E) 1:6""]"	(C) 1:2	C
eb9d47db-d315-5400-8667-505b3e3edda0	7	perception	rhythm	relative	rhythm-relative	proportion-recognition		rhythm pattern	What is the temporal relationship (e.g., 2:1, 3:1) between the  {target_index} note (or rest) and the next one in the {voice} line?	"[""target_index"", ""voice""]"	get_rhythm_pattern		rhythm	"{""target_index"": ""8th"", ""voice"": ""tenor""}"	What is the temporal relationship (e.g., 2:1, 3:1) between the  8th note (or rest) and the next one in the tenor line?	Drese_JesuGehVoran	chorale-bricks	Drese_JesuGehVoran	data/chorale-bricks/Drese_JesuGehVoran	1:2	"[""1:1"", ""1:4"", ""1:6"", ""2:1"", ""6:1""]"	"[""1:6"", ""1:4"", ""6:1"", ""1:1"", ""2:1""]"	symbolic	symbolic.abc.txt	data/chorale-bricks/Drese_JesuGehVoran/symbolic.abc.txt	1:2	"[""1:2"", ""none of the other options is correct"", ""1:6"", ""1:4"", ""6:1""]"	0.2	0	"[""A"", ""B"", ""C"", ""D"", ""E""]"	"{""A"": ""none of the other options is correct"", ""B"": ""1:4"", ""C"": ""6:1"", ""D"": ""1:6"", ""E"": ""1:2""}"	"[""(A) none of the other options is correct"", ""(B) 1:4"", ""(C) 6:1"", ""(D) 1:6"", ""(E) 1:2""]"	(E) 1:2	E
172e14da-c71c-52da-a4fe-20ea17cbd625	7	perception	rhythm	relative	rhythm-relative	proportion-recognition		rhythm pattern	What is the temporal relationship (e.g., 2:1, 3:1) between the  {target_index} note (or rest) and the next one in the {voice} line?	"[""target_index"", ""voice""]"	get_rhythm_pattern		rhythm	"{""target_index"": ""8th"", ""voice"": ""tenor""}"	What is the temporal relationship (e.g., 2:1, 3:1) between the  8th note (or rest) and the next one in the tenor line?	Drese_JesuGehVoran	chorale-bricks	Drese_JesuGehVoran	data/chorale-bricks/Drese_JesuGehVoran	1:2	"[""1:1"", ""1:4"", ""1:6"", ""2:1"", ""6:1""]"	"[""1:6"", ""1:4"", ""6:1"", ""1:1"", ""2:1""]"	visual	visual.short.png	data/chorale-bricks/Drese_JesuGehVoran/visual.short.png	1:2	"[""1:2"", ""none of the other options is correct"", ""1:6"", ""1:4"", ""6:1""]"	0.2	0	"[""A"", ""B"", ""C"", ""D"", ""E""]"	"{""A"": ""1:4"", ""B"": ""6:1"", ""C"": ""1:2"", ""D"": ""1:6"", ""E"": ""none of the other options is correct""}"	"[""(A) 1:4"", ""(B) 6:1"", ""(C) 1:2"", ""(D) 1:6"", ""(E) none of the other options is correct""]"	(C) 1:2	C
7886aa7f-00d0-5402-86d5-057a163f7e23	7	perception	rhythm	relative	rhythm-relative	proportion-recognition		rhythm pattern	What is the temporal relationship (e.g., 2:1, 3:1) between the  {target_index} note (or rest) and the next one in the {voice} line?	"[""target_index"", ""voice""]"	get_rhythm_pattern		rhythm	"{""target_index"": ""9th"", ""voice"": ""soprano""}"	What is the temporal relationship (e.g., 2:1, 3:1) between the  9th note (or rest) and the next one in the soprano line?	Telemann_DerLiebenSonneLichtUndPracht	chorale-bricks	Telemann_DerLiebenSonneLichtUndPracht	data/chorale-bricks/Telemann_DerLiebenSonneLichtUndPracht	1:1	"[""1:2"", ""1:3"", ""2:1"", ""3:1""]"	"[""1:3"", ""1:2"", ""3:1"", ""2:1""]"	audio	audio.mastermix.wav	data/chorale-bricks/Telemann_DerLiebenSonneLichtUndPracht/audio.mastermix.wav	1:1	"[""1:1"", ""none of the other options is correct"", ""1:3"", ""1:2"", ""3:1""]"	0.2	0	"[""A"", ""B"", ""C"", ""D"", ""E""]"	"{""A"": ""none of the other options is correct"", ""B"": ""1:3"", ""C"": ""3:1"", ""D"": ""1:2"", ""E"": ""1:1""}"	"[""(A) none of the other options is correct"", ""(B) 1:3"", ""(C) 3:1"", ""(D) 1:2"", ""(E) 1:1""]"	(E) 1:1	E
eebdcf97-b4e4-5a88-b273-64a52831a0a9	7	perception	rhythm	relative	rhythm-relative	proportion-recognition		rhythm pattern	What is the temporal relationship (e.g., 2:1, 3:1) between the  {target_index} note (or rest) and the next one in the {voice} line?	"[""target_index"", ""voice""]"	get_rhythm_pattern		rhythm	"{""target_index"": ""9th"", ""voice"": ""soprano""}"	What is the temporal relationship (e.g., 2:1, 3:1) between the  9th note (or rest) and the next one in the soprano line?	Telemann_DerLiebenSonneLichtUndPracht	chorale-bricks	Telemann_DerLiebenSonneLichtUndPracht	data/chorale-bricks/Telemann_DerLiebenSonneLichtUndPracht	1:1	"[""1:2"", ""1:3"", ""2:1"", ""3:1""]"	"[""1:3"", ""1:2"", ""3:1"", ""2:1""]"	symbolic	symbolic.abc.txt	data/chorale-bricks/Telemann_DerLiebenSonneLichtUndPracht/symbolic.abc.txt	1:1	"[""1:1"", ""none of the other options is correct"", ""1:3"", ""1:2"", ""3:1""]"	0.2	0	"[""A"", ""B"", ""C"", ""D"", ""E""]"	"{""A"": ""none of the other options is correct"", ""B"": ""3:1"", ""C"": ""1:2"", ""D"": ""1:1"", ""E"": ""1:3""}"	"[""(A) none of the other options is correct"", ""(B) 3:1"", ""(C) 1:2"", ""(D) 1:1"", ""(E) 1:3""]"	(D) 1:1	D
3e6018d4-c244-5bbe-9562-d3aa320628d9	7	perception	rhythm	relative	rhythm-relative	proportion-recognition		rhythm pattern	What is the temporal relationship (e.g., 2:1, 3:1) between the  {target_index} note (or rest) and the next one in the {voice} line?	"[""target_index"", ""voice""]"	get_rhythm_pattern		rhythm	"{""target_index"": ""9th"", ""voice"": ""soprano""}"	What is the temporal relationship (e.g., 2:1, 3:1) between the  9th note (or rest) and the next one in the soprano line?	Telemann_DerLiebenSonneLichtUndPracht	chorale-bricks	Telemann_DerLiebenSonneLichtUndPracht	data/chorale-bricks/Telemann_DerLiebenSonneLichtUndPracht	1:1	"[""1:2"", ""1:3"", ""2:1"", ""3:1""]"	"[""1:3"", ""1:2"", ""3:1"", ""2:1""]"	visual	visual.short.png	data/chorale-bricks/Telemann_DerLiebenSonneLichtUndPracht/visual.short.png	1:1	"[""1:1"", ""none of the other options is correct"", ""1:3"", ""1:2"", ""3:1""]"	0.2	0	"[""A"", ""B"", ""C"", ""D"", ""E""]"	"{""A"": ""1:3"", ""B"": ""none of the other options is correct"", ""C"": ""1:2"", ""D"": ""1:1"", ""E"": ""3:1""}"	"[""(A) 1:3"", ""(B) none of the other options is correct"", ""(C) 1:2"", ""(D) 1:1"", ""(E) 3:1""]"	(D) 1:1	D
651ededf-88ca-57d3-88c1-e6c3e90d6721	7	perception	rhythm	relative	rhythm-relative	proportion-recognition		rhythm pattern	What is the temporal relationship (e.g., 2:1, 3:1) between the  {target_index} note (or rest) and the next one in the {voice} line?	"[""target_index"", ""voice""]"	get_rhythm_pattern		rhythm	"{""target_index"": ""35th"", ""voice"": ""tenor""}"	What is the temporal relationship (e.g., 2:1, 3:1) between the  35th note (or rest) and the next one in the tenor line?	Gesius_BefiehlDuDeineWege	chorale-bricks	Gesius_BefiehlDuDeineWege	data/chorale-bricks/Gesius_BefiehlDuDeineWege	1:2	"[""1:1"", ""1:3"", ""2:1"", ""3:1""]"	"[""3:1"", ""2:1"", ""1:1"", ""1:3""]"	audio	audio.mastermix.wav	data/chorale-bricks/Gesius_BefiehlDuDeineWege/audio.mastermix.wav	1:2	"[""1:2"", ""none of the other options is correct"", ""3:1"", ""2:1"", ""1:1""]"	0.2	0	"[""A"", ""B"", ""C"", ""D"", ""E""]"	"{""A"": ""1:2"", ""B"": ""none of the other options is correct"", ""C"": ""3:1"", ""D"": ""2:1"", ""E"": ""1:1""}"	"[""(A) 1:2"", ""(B) none of the other options is correct"", ""(C) 3:1"", ""(D) 2:1"", ""(E) 1:1""]"	(A) 1:2	A
2d88bd11-409e-5d09-8388-8b2e9b8a89db	7	perception	rhythm	relative	rhythm-relative	proportion-recognition		rhythm pattern	What is the temporal relationship (e.g., 2:1, 3:1) between the  {target_index} note (or rest) and the next one in the {voice} line?	"[""target_index"", ""voice""]"	get_rhythm_pattern		rhythm	"{""target_index"": ""35th"", ""voice"": ""tenor""}"	What is the temporal relationship (e.g., 2:1, 3:1) between the  35th note (or rest) and the next one in the tenor line?	Gesius_BefiehlDuDeineWege	chorale-bricks	Gesius_BefiehlDuDeineWege	data/chorale-bricks/Gesius_BefiehlDuDeineWege	1:2	"[""1:1"", ""1:3"", ""2:1"", ""3:1""]"	"[""3:1"", ""2:1"", ""1:1"", ""1:3""]"	symbolic	symbolic.abc.txt	data/chorale-bricks/Gesius_BefiehlDuDeineWege/symbolic.abc.txt	1:2	"[""1:2"", ""none of the other options is correct"", ""3:1"", ""2:1"", ""1:1""]"	0.2	0	"[""A"", ""B"", ""C"", ""D"", ""E""]"	"{""A"": ""3:1"", ""B"": ""1:1"", ""C"": ""none of the other options is correct"", ""D"": ""2:1"", ""E"": ""1:2""}"	"[""(A) 3:1"", ""(B) 1:1"", ""(C) none of the other options is correct"", ""(D) 2:1"", ""(E) 1:2""]"	(E) 1:2	E
9c6992bc-4228-53d5-b305-81360e336355	7	perception	rhythm	relative	rhythm-relative	proportion-recognition		rhythm pattern	What is the temporal relationship (e.g., 2:1, 3:1) between the  {target_index} note (or rest) and the next one in the {voice} line?	"[""target_index"", ""voice""]"	get_rhythm_pattern		rhythm	"{""target_index"": ""35th"", ""voice"": ""tenor""}"	What is the temporal relationship (e.g., 2:1, 3:1) between the  35th note (or rest) and the next one in the tenor line?	Gesius_BefiehlDuDeineWege	chorale-bricks	Gesius_BefiehlDuDeineWege	data/chorale-bricks/Gesius_BefiehlDuDeineWege	1:2	"[""1:1"", ""1:3"", ""2:1"", ""3:1""]"	"[""3:1"", ""2:1"", ""1:1"", ""1:3""]"	visual	visual.short.png	data/chorale-bricks/Gesius_BefiehlDuDeineWege/visual.short.png	1:2	"[""1:2"", ""none of the other options is correct"", ""3:1"", ""2:1"", ""1:1""]"	0.2	0	"[""A"", ""B"", ""C"", ""D"", ""E""]"	"{""A"": ""none of the other options is correct"", ""B"": ""2:1"", ""C"": ""1:2"", ""D"": ""3:1"", ""E"": ""1:1""}"	"[""(A) none of the other options is correct"", ""(B) 2:1"", ""(C) 1:2"", ""(D) 3:1"", ""(E) 1:1""]"	(C) 1:2	C
b5facf93-846f-5aaa-bc57-e5af644bd30d	7	perception	rhythm	relative	rhythm-relative	proportion-recognition		rhythm pattern	What is the temporal relationship (e.g., 2:1, 3:1) between the  {target_index} note (or rest) and the next one in the {voice} line?	"[""target_index"", ""voice""]"	get_rhythm_pattern		rhythm	"{""target_index"": ""28th"", ""voice"": ""soprano""}"	What is the temporal relationship (e.g., 2:1, 3:1) between the  28th note (or rest) and the next one in the soprano line?	Jan_DuGrosserSchmerzensmann	chorale-bricks	Jan_DuGrosserSchmerzensmann	data/chorale-bricks/Jan_DuGrosserSchmerzensmann	3:1	"[""1:1"", ""1:2"", ""1:3"", ""2:1"", ""3:2""]"	"[""1:3"", ""2:1"", ""1:2"", ""1:1"", ""3:2""]"	audio	audio.mastermix.wav	data/chorale-bricks/Jan_DuGrosserSchmerzensmann/audio.mastermix.wav	3:1	"[""3:1"", ""none of the other options is correct"", ""1:3"", ""2:1"", ""1:2""]"	0.2	0	"[""A"", ""B"", ""C"", ""D"", ""E""]"	"{""A"": ""2:1"", ""B"": ""1:3"", ""C"": ""3:1"", ""D"": ""none of the other options is correct"", ""E"": ""1:2""}"	"[""(A) 2:1"", ""(B) 1:3"", ""(C) 3:1"", ""(D) none of the other options is correct"", ""(E) 1:2""]"	(C) 3:1	C
ff29f7e4-b14b-5bb4-aa01-a07febba1bbc	7	perception	rhythm	relative	rhythm-relative	proportion-recognition		rhythm pattern	What is the temporal relationship (e.g., 2:1, 3:1) between the  {target_index} note (or rest) and the next one in the {voice} line?	"[""target_index"", ""voice""]"	get_rhythm_pattern		rhythm	"{""target_index"": ""28th"", ""voice"": ""soprano""}"	What is the temporal relationship (e.g., 2:1, 3:1) between the  28th note (or rest) and the next one in the soprano line?	Jan_DuGrosserSchmerzensmann	chorale-bricks	Jan_DuGrosserSchmerzensmann	data/chorale-bricks/Jan_DuGrosserSchmerzensmann	3:1	"[""1:1"", ""1:2"", ""1:3"", ""2:1"", ""3:2""]"	"[""1:3"", ""2:1"", ""1:2"", ""1:1"", ""3:2""]"	symbolic	symbolic.abc.txt	data/chorale-bricks/Jan_DuGrosserSchmerzensmann/symbolic.abc.txt	3:1	"[""3:1"", ""none of the other options is correct"", ""1:3"", ""2:1"", ""1:2""]"	0.2	0	"[""A"", ""B"", ""C"", ""D"", ""E""]"	"{""A"": ""1:3"", ""B"": ""1:2"", ""C"": ""2:1"", ""D"": ""none of the other options is correct"", ""E"": ""3:1""}"	"[""(A) 1:3"", ""(B) 1:2"", ""(C) 2:1"", ""(D) none of the other options is correct"", ""(E) 3:1""]"	(E) 3:1	E
5595438f-7cd8-5096-b951-34f8f0f321c1	7	perception	rhythm	relative	rhythm-relative	proportion-recognition		rhythm pattern	What is the temporal relationship (e.g., 2:1, 3:1) between the  {target_index} note (or rest) and the next one in the {voice} line?	"[""target_index"", ""voice""]"	get_rhythm_pattern		rhythm	"{""target_index"": ""28th"", ""voice"": ""soprano""}"	What is the temporal relationship (e.g., 2:1, 3:1) between the  28th note (or rest) and the next one in the soprano line?	Jan_DuGrosserSchmerzensmann	chorale-bricks	Jan_DuGrosserSchmerzensmann	data/chorale-bricks/Jan_DuGrosserSchmerzensmann	3:1	"[""1:1"", ""1:2"", ""1:3"", ""2:1"", ""3:2""]"	"[""1:3"", ""2:1"", ""1:2"", ""1:1"", ""3:2""]"	visual	visual.short.png	data/chorale-bricks/Jan_DuGrosserSchmerzensmann/visual.short.png	none of the other options is correct	"[""none of the other options is correct"", ""1:3"", ""2:1"", ""1:2"", ""1:1""]"	0.2	1	"[""A"", ""B"", ""C"", ""D"", ""E""]"	"{""A"": ""1:1"", ""B"": ""1:2"", ""C"": ""2:1"", ""D"": ""1:3"", ""E"": ""none of the other options is correct""}"	"[""(A) 1:1"", ""(B) 1:2"", ""(C) 2:1"", ""(D) 1:3"", ""(E) none of the other options is correct""]"	(E) none of the other options is correct	E
1ff8f9f1-3de0-5edb-8eb2-46a6ebebd921	7	perception	rhythm	relative	rhythm-relative	proportion-recognition		rhythm pattern	What is the temporal relationship (e.g., 2:1, 3:1) between the  {target_index} note (or rest) and the next one in the {voice} line?	"[""target_index"", ""voice""]"	get_rhythm_pattern		rhythm	"{""target_index"": ""38th"", ""voice"": ""tenor""}"	What is the temporal relationship (e.g., 2:1, 3:1) between the  38th note (or rest) and the next one in the tenor line?	Drese_JesuGehVoran	chorale-bricks	Drese_JesuGehVoran	data/chorale-bricks/Drese_JesuGehVoran	1:1	"[""1:2"", ""1:4"", ""1:6"", ""2:1"", ""6:1""]"	"[""1:6"", ""6:1"", ""1:2"", ""1:4"", ""2:1""]"	audio	audio.mastermix.wav	data/chorale-bricks/Drese_JesuGehVoran/audio.mastermix.wav	1:1	"[""1:1"", ""none of the other options is correct"", ""1:6"", ""6:1"", ""1:2""]"	0.2	0	"[""A"", ""B"", ""C"", ""D"", ""E""]"	"{""A"": ""none of the other options is correct"", ""B"": ""1:1"", ""C"": ""1:6"", ""D"": ""6:1"", ""E"": ""1:2""}"	"[""(A) none of the other options is correct"", ""(B) 1:1"", ""(C) 1:6"", ""(D) 6:1"", ""(E) 1:2""]"	(B) 1:1	B
b2b0cc33-4db9-55ff-a580-c67a301088e9	7	perception	rhythm	relative	rhythm-relative	proportion-recognition		rhythm pattern	What is the temporal relationship (e.g., 2:1, 3:1) between the  {target_index} note (or rest) and the next one in the {voice} line?	"[""target_index"", ""voice""]"	get_rhythm_pattern		rhythm	"{""target_index"": ""38th"", ""voice"": ""tenor""}"	What is the temporal relationship (e.g., 2:1, 3:1) between the  38th note (or rest) and the next one in the tenor line?	Drese_JesuGehVoran	chorale-bricks	Drese_JesuGehVoran	data/chorale-bricks/Drese_JesuGehVoran	1:1	"[""1:2"", ""1:4"", ""1:6"", ""2:1"", ""6:1""]"	"[""1:6"", ""6:1"", ""1:2"", ""1:4"", ""2:1""]"	symbolic	symbolic.abc.txt	data/chorale-bricks/Drese_JesuGehVoran/symbolic.abc.txt	none of the other options is correct	"[""none of the other options is correct"", ""1:6"", ""6:1"", ""1:2"", ""1:4""]"	0.2	1	"[""A"", ""B"", ""C"", ""D"", ""E""]"	"{""A"": ""1:6"", ""B"": ""1:2"", ""C"": ""6:1"", ""D"": ""1:4"", ""E"": ""none of the other options is correct""}"	"[""(A) 1:6"", ""(B) 1:2"", ""(C) 6:1"", ""(D) 1:4"", ""(E) none of the other options is correct""]"	(E) none of the other options is correct	E
dda3b863-be9a-5481-a770-00e13f012332	7	perception	rhythm	relative	rhythm-relative	proportion-recognition		rhythm pattern	What is the temporal relationship (e.g., 2:1, 3:1) between the  {target_index} note (or rest) and the next one in the {voice} line?	"[""target_index"", ""voice""]"	get_rhythm_pattern		rhythm	"{""target_index"": ""38th"", ""voice"": ""tenor""}"	What is the temporal relationship (e.g., 2:1, 3:1) between the  38th note (or rest) and the next one in the tenor line?	Drese_JesuGehVoran	chorale-bricks	Drese_JesuGehVoran	data/chorale-bricks/Drese_JesuGehVoran	1:1	"[""1:2"", ""1:4"", ""1:6"", ""2:1"", ""6:1""]"	"[""1:6"", ""6:1"", ""1:2"", ""1:4"", ""2:1""]"	visual	visual.short.png	data/chorale-bricks/Drese_JesuGehVoran/visual.short.png	1:1	"[""1:1"", ""none of the other options is correct"", ""1:6"", ""6:1"", ""1:2""]"	0.2	0	"[""A"", ""B"", ""C"", ""D"", ""E""]"	"{""A"": ""1:6"", ""B"": ""1:1"", ""C"": ""1:2"", ""D"": ""6:1"", ""E"": ""none of the other options is correct""}"	"[""(A) 1:6"", ""(B) 1:1"", ""(C) 1:2"", ""(D) 6:1"", ""(E) none of the other options is correct""]"	(B) 1:1	B
461a60eb-5b9c-58bd-85d2-f07bd6a0ae3d	8	perception	rhythm	relative	rhythm-relative	proportion-recognition		rhythm pattern statistics	How many rhythmic figures with a strict {rhythm_proportion} proportionality are there in the {voice} line?	"[""rhythm_proportion"", ""voice""]"	get_rhythm_pattern_count		rhythm	"{""rhythm_proportion"": ""4:1"", ""voice"": ""tenor""}"	How many rhythmic figures with a strict 4:1 proportionality are there in the tenor line?	Vulpius_DieHelleSonnLeuchtJetztHerfuer	chorale-bricks	Vulpius_DieHelleSonnLeuchtJetztHerfuer	data/chorale-bricks/Vulpius_DieHelleSonnLeuchtJetztHerfuer	0	"[""1"", ""2"", ""3"", ""4""]"	"[""1"", ""3"", ""2"", ""4""]"	audio	audio.mastermix.wav	data/chorale-bricks/Vulpius_DieHelleSonnLeuchtJetztHerfuer/audio.mastermix.wav	0	"[""0"", ""none of the other options is correct"", ""1"", ""3"", ""2""]"	0.2	0	"[""A"", ""B"", ""C"", ""D"", ""E""]"	"{""A"": ""3"", ""B"": ""0"", ""C"": ""2"", ""D"": ""1"", ""E"": ""none of the other options is correct""}"	"[""(A) 3"", ""(B) 0"", ""(C) 2"", ""(D) 1"", ""(E) none of the other options is correct""]"	(B) 0	B
f8469213-124d-58bc-96f6-e92d0d004d95	8	perception	rhythm	relative	rhythm-relative	proportion-recognition		rhythm pattern statistics	How many rhythmic figures with a strict {rhythm_proportion} proportionality are there in the {voice} line?	"[""rhythm_proportion"", ""voice""]"	get_rhythm_pattern_count		rhythm	"{""rhythm_proportion"": ""4:1"", ""voice"": ""tenor""}"	How many rhythmic figures with a strict 4:1 proportionality are there in the tenor line?	Vulpius_DieHelleSonnLeuchtJetztHerfuer	chorale-bricks	Vulpius_DieHelleSonnLeuchtJetztHerfuer	data/chorale-bricks/Vulpius_DieHelleSonnLeuchtJetztHerfuer	0	"[""1"", ""2"", ""3"", ""4""]"	"[""1"", ""3"", ""2"", ""4""]"	symbolic	symbolic.abc.txt	data/chorale-bricks/Vulpius_DieHelleSonnLeuchtJetztHerfuer/symbolic.abc.txt	0	"[""0"", ""none of the other options is correct"", ""1"", ""3"", ""2""]"	0.2	0	"[""A"", ""B"", ""C"", ""D"", ""E""]"	"{""A"": ""none of the other options is correct"", ""B"": ""0"", ""C"": ""1"", ""D"": ""2"", ""E"": ""3""}"	"[""(A) none of the other options is correct"", ""(B) 0"", ""(C) 1"", ""(D) 2"", ""(E) 3""]"	(B) 0	B
89206e1a-901e-5305-bc24-644d4eee748b	8	perception	rhythm	relative	rhythm-relative	proportion-recognition		rhythm pattern statistics	How many rhythmic figures with a strict {rhythm_proportion} proportionality are there in the {voice} line?	"[""rhythm_proportion"", ""voice""]"	get_rhythm_pattern_count		rhythm	"{""rhythm_proportion"": ""4:1"", ""voice"": ""tenor""}"	How many rhythmic figures with a strict 4:1 proportionality are there in the tenor line?	Vulpius_DieHelleSonnLeuchtJetztHerfuer	chorale-bricks	Vulpius_DieHelleSonnLeuchtJetztHerfuer	data/chorale-bricks/Vulpius_DieHelleSonnLeuchtJetztHerfuer	0	"[""1"", ""2"", ""3"", ""4""]"	"[""1"", ""3"", ""2"", ""4""]"	visual	visual.short.png	data/chorale-bricks/Vulpius_DieHelleSonnLeuchtJetztHerfuer/visual.short.png	none of the other options is correct	"[""none of the other options is correct"", ""1"", ""3"", ""2"", ""4""]"	0.2	1	"[""A"", ""B"", ""C"", ""D"", ""E""]"	"{""A"": ""1"", ""B"": ""4"", ""C"": ""none of the other options is correct"", ""D"": ""3"", ""E"": ""2""}"	"[""(A) 1"", ""(B) 4"", ""(C) none of the other options is correct"", ""(D) 3"", ""(E) 2""]"	(C) none of the other options is correct	C
e7350f96-6273-576e-b71c-eabd02735ec3	8	perception	rhythm	relative	rhythm-relative	proportion-recognition		rhythm pattern statistics	How many rhythmic figures with a strict {rhythm_proportion} proportionality are there in the {voice} line?	"[""rhythm_proportion"", ""voice""]"	get_rhythm_pattern_count		rhythm	"{""rhythm_proportion"": ""3:1"", ""voice"": ""soprano""}"	How many rhythmic figures with a strict 3:1 proportionality are there in the soprano line?	Crueger_AufAufMeinHerzMitFreuden	chorale-bricks	Crueger_AufAufMeinHerzMitFreuden	data/chorale-bricks/Crueger_AufAufMeinHerzMitFreuden	10	"[""1"", ""2"", ""3"", ""4""]"	"[""2"", ""1"", ""4"", ""3""]"	audio	audio.mastermix.wav	data/chorale-bricks/Crueger_AufAufMeinHerzMitFreuden/audio.mastermix.wav	none of the other options is correct	"[""none of the other options is correct"", ""2"", ""1"", ""4"", ""3""]"	0.2	1	"[""A"", ""B"", ""C"", ""D"", ""E""]"	"{""A"": ""2"", ""B"": ""3"", ""C"": ""1"", ""D"": ""4"", ""E"": ""none of the other options is correct""}"	"[""(A) 2"", ""(B) 3"", ""(C) 1"", ""(D) 4"", ""(E) none of the other options is correct""]"	(E) none of the other options is correct	E
289f272e-0ae2-585c-a96e-a07ba942aa87	8	perception	rhythm	relative	rhythm-relative	proportion-recognition		rhythm pattern statistics	How many rhythmic figures with a strict {rhythm_proportion} proportionality are there in the {voice} line?	"[""rhythm_proportion"", ""voice""]"	get_rhythm_pattern_count		rhythm	"{""rhythm_proportion"": ""3:1"", ""voice"": ""soprano""}"	How many rhythmic figures with a strict 3:1 proportionality are there in the soprano line?	Crueger_AufAufMeinHerzMitFreuden	chorale-bricks	Crueger_AufAufMeinHerzMitFreuden	data/chorale-bricks/Crueger_AufAufMeinHerzMitFreuden	10	"[""1"", ""2"", ""3"", ""4""]"	"[""2"", ""1"", ""4"", ""3""]"	symbolic	symbolic.abc.txt	data/chorale-bricks/Crueger_AufAufMeinHerzMitFreuden/symbolic.abc.txt	10	"[""10"", ""none of the other options is correct"", ""2"", ""1"", ""4""]"	0.2	0	"[""A"", ""B"", ""C"", ""D"", ""E""]"	"{""A"": ""2"", ""B"": ""4"", ""C"": ""10"", ""D"": ""1"", ""E"": ""none of the other options is correct""}"	"[""(A) 2"", ""(B) 4"", ""(C) 10"", ""(D) 1"", ""(E) none of the other options is correct""]"	(C) 10	C
8cba1b72-cfe6-5b00-b941-e3aba33b00a0	8	perception	rhythm	relative	rhythm-relative	proportion-recognition		rhythm pattern statistics	How many rhythmic figures with a strict {rhythm_proportion} proportionality are there in the {voice} line?	"[""rhythm_proportion"", ""voice""]"	get_rhythm_pattern_count		rhythm	"{""rhythm_proportion"": ""3:1"", ""voice"": ""soprano""}"	How many rhythmic figures with a strict 3:1 proportionality are there in the soprano line?	Crueger_AufAufMeinHerzMitFreuden	chorale-bricks	Crueger_AufAufMeinHerzMitFreuden	data/chorale-bricks/Crueger_AufAufMeinHerzMitFreuden	10	"[""1"", ""2"", ""3"", ""4""]"	"[""2"", ""1"", ""4"", ""3""]"	visual	visual.short.png	data/chorale-bricks/Crueger_AufAufMeinHerzMitFreuden/visual.short.png	10	"[""10"", ""none of the other options is correct"", ""2"", ""1"", ""4""]"	0.2	0	"[""A"", ""B"", ""C"", ""D"", ""E""]"	"{""A"": ""1"", ""B"": ""4"", ""C"": ""none of the other options is correct"", ""D"": ""2"", ""E"": ""10""}"	"[""(A) 1"", ""(B) 4"", ""(C) none of the other options is correct"", ""(D) 2"", ""(E) 10""]"	(E) 10	E
bacfa687-309b-54c8-9b9b-5306c20c0132	8	perception	rhythm	relative	rhythm-relative	proportion-recognition		rhythm pattern statistics	How many rhythmic figures with a strict {rhythm_proportion} proportionality are there in the {voice} line?	"[""rhythm_proportion"", ""voice""]"	get_rhythm_pattern_count		rhythm	"{""rhythm_proportion"": ""1:1"", ""voice"": ""tenor""}"	How many rhythmic figures with a strict 1:1 proportionality are there in the tenor line?	Bach_IchStehAnDeinerKrippe	chorale-bricks	Bach_IchStehAnDeinerKrippe	data/chorale-bricks/Bach_IchStehAnDeinerKrippe	35	"[""0"", ""1"", ""2"", ""3""]"	"[""2"", ""0"", ""3"", ""1""]"	audio	audio.mastermix.wav	data/chorale-bricks/Bach_IchStehAnDeinerKrippe/audio.mastermix.wav	none of the other options is correct	"[""none of the other options is correct"", ""2"", ""0"", ""3"", ""1""]"	0.2	1	"[""A"", ""B"", ""C"", ""D"", ""E""]"	"{""A"": ""2"", ""B"": ""1"", ""C"": ""3"", ""D"": ""none of the other options is correct"", ""E"": ""0""}"	"[""(A) 2"", ""(B) 1"", ""(C) 3"", ""(D) none of the other options is correct"", ""(E) 0""]"	(D) none of the other options is correct	D
808d1a32-f4e9-54f1-be5d-4bb8c452c09d	8	perception	rhythm	relative	rhythm-relative	proportion-recognition		rhythm pattern statistics	How many rhythmic figures with a strict {rhythm_proportion} proportionality are there in the {voice} line?	"[""rhythm_proportion"", ""voice""]"	get_rhythm_pattern_count		rhythm	"{""rhythm_proportion"": ""1:1"", ""voice"": ""tenor""}"	How many rhythmic figures with a strict 1:1 proportionality are there in the tenor line?	Bach_IchStehAnDeinerKrippe	chorale-bricks	Bach_IchStehAnDeinerKrippe	data/chorale-bricks/Bach_IchStehAnDeinerKrippe	35	"[""0"", ""1"", ""2"", ""3""]"	"[""2"", ""0"", ""3"", ""1""]"	symbolic	symbolic.abc.txt	data/chorale-bricks/Bach_IchStehAnDeinerKrippe/symbolic.abc.txt	35	"[""35"", ""none of the other options is correct"", ""2"", ""0"", ""3""]"	0.2	0	"[""A"", ""B"", ""C"", ""D"", ""E""]"	"{""A"": ""35"", ""B"": ""0"", ""C"": ""3"", ""D"": ""2"", ""E"": ""none of the other options is correct""}"	"[""(A) 35"", ""(B) 0"", ""(C) 3"", ""(D) 2"", ""(E) none of the other options is correct""]"	(A) 35	A
4a4b523f-a4bb-53cb-ac82-67cc62497bac	8	perception	rhythm	relative	rhythm-relative	proportion-recognition		rhythm pattern statistics	How many rhythmic figures with a strict {rhythm_proportion} proportionality are there in the {voice} line?	"[""rhythm_proportion"", ""voice""]"	get_rhythm_pattern_count		rhythm	"{""rhythm_proportion"": ""1:1"", ""voice"": ""tenor""}"	How many rhythmic figures with a strict 1:1 proportionality are there in the tenor line?	Bach_IchStehAnDeinerKrippe	chorale-bricks	Bach_IchStehAnDeinerKrippe	data/chorale-bricks/Bach_IchStehAnDeinerKrippe	35	"[""0"", ""1"", ""2"", ""3""]"	"[""2"", ""0"", ""3"", ""1""]"	visual	visual.short.png	data/chorale-bricks/Bach_IchStehAnDeinerKrippe/visual.short.png	35	"[""35"", ""none of the other options is correct"", ""2"", ""0"", ""3""]"	0.2	0	"[""A"", ""B"", ""C"", ""D"", ""E""]"	"{""A"": ""0"", ""B"": ""none of the other options is correct"", ""C"": ""2"", ""D"": ""3"", ""E"": ""35""}"	"[""(A) 0"", ""(B) none of the other options is correct"", ""(C) 2"", ""(D) 3"", ""(E) 35""]"	(E) 35	E
bcffd1cc-0968-557e-9591-18582c94e1f9	8	perception	rhythm	relative	rhythm-relative	proportion-recognition		rhythm pattern statistics	How many rhythmic figures with a strict {rhythm_proportion} proportionality are there in the {voice} line?	"[""rhythm_proportion"", ""voice""]"	get_rhythm_pattern_count		rhythm	"{""rhythm_proportion"": ""3:1"", ""voice"": ""tenor""}"	How many rhythmic figures with a strict 3:1 proportionality are there in the tenor line?	Vulpius_ChristusDerIstMeinLeben	chorale-bricks	Vulpius_ChristusDerIstMeinLeben	data/chorale-bricks/Vulpius_ChristusDerIstMeinLeben	2	"[""0"", ""1"", ""3"", ""4""]"	"[""4"", ""3"", ""1"", ""0""]"	audio	audio.mastermix.wav	data/chorale-bricks/Vulpius_ChristusDerIstMeinLeben/audio.mastermix.wav	2	"[""2"", ""none of the other options is correct"", ""4"", ""3"", ""1""]"	0.2	0	"[""A"", ""B"", ""C"", ""D"", ""E""]"	"{""A"": ""3"", ""B"": ""4"", ""C"": ""2"", ""D"": ""1"", ""E"": ""none of the other options is correct""}"	"[""(A) 3"", ""(B) 4"", ""(C) 2"", ""(D) 1"", ""(E) none of the other options is correct""]"	(C) 2	C
3a8c0c13-bdd0-5afa-92fe-9b07fa77f72e	8	perception	rhythm	relative	rhythm-relative	proportion-recognition		rhythm pattern statistics	How many rhythmic figures with a strict {rhythm_proportion} proportionality are there in the {voice} line?	"[""rhythm_proportion"", ""voice""]"	get_rhythm_pattern_count		rhythm	"{""rhythm_proportion"": ""3:1"", ""voice"": ""tenor""}"	How many rhythmic figures with a strict 3:1 proportionality are there in the tenor line?	Vulpius_ChristusDerIstMeinLeben	chorale-bricks	Vulpius_ChristusDerIstMeinLeben	data/chorale-bricks/Vulpius_ChristusDerIstMeinLeben	2	"[""0"", ""1"", ""3"", ""4""]"	"[""4"", ""3"", ""1"", ""0""]"	symbolic	symbolic.abc.txt	data/chorale-bricks/Vulpius_ChristusDerIstMeinLeben/symbolic.abc.txt	2	"[""2"", ""none of the other options is correct"", ""4"", ""3"", ""1""]"	0.2	0	"[""A"", ""B"", ""C"", ""D"", ""E""]"	"{""A"": ""3"", ""B"": ""1"", ""C"": ""2"", ""D"": ""none of the other options is correct"", ""E"": ""4""}"	"[""(A) 3"", ""(B) 1"", ""(C) 2"", ""(D) none of the other options is correct"", ""(E) 4""]"	(C) 2	C
bce442a0-d1d2-5b80-9247-71bff6c2d8f5	8	perception	rhythm	relative	rhythm-relative	proportion-recognition		rhythm pattern statistics	How many rhythmic figures with a strict {rhythm_proportion} proportionality are there in the {voice} line?	"[""rhythm_proportion"", ""voice""]"	get_rhythm_pattern_count		rhythm	"{""rhythm_proportion"": ""3:1"", ""voice"": ""tenor""}"	How many rhythmic figures with a strict 3:1 proportionality are there in the tenor line?	Vulpius_ChristusDerIstMeinLeben	chorale-bricks	Vulpius_ChristusDerIstMeinLeben	data/chorale-bricks/Vulpius_ChristusDerIstMeinLeben	2	"[""0"", ""1"", ""3"", ""4""]"	"[""4"", ""3"", ""1"", ""0""]"	visual	visual.short.png	data/chorale-bricks/Vulpius_ChristusDerIstMeinLeben/visual.short.png	2	"[""2"", ""none of the other options is correct"", ""4"", ""3"", ""1""]"	0.2	0	"[""A"", ""B"", ""C"", ""D"", ""E""]"	"{""A"": ""3"", ""B"": ""none of the other options is correct"", ""C"": ""1"", ""D"": ""2"", ""E"": ""4""}"	"[""(A) 3"", ""(B) none of the other options is correct"", ""(C) 1"", ""(D) 2"", ""(E) 4""]"	(D) 2	D
09496cb3-3444-50e3-a369-3ac6962e5765	8	perception	rhythm	relative	rhythm-relative	proportion-recognition		rhythm pattern statistics	How many rhythmic figures with a strict {rhythm_proportion} proportionality are there in the {voice} line?	"[""rhythm_proportion"", ""voice""]"	get_rhythm_pattern_count		rhythm	"{""rhythm_proportion"": ""1:1"", ""voice"": ""tenor""}"	How many rhythmic figures with a strict 1:1 proportionality are there in the tenor line?	Gesius_DuFriedensfuerstHerrJesuChrist	chorale-bricks	Gesius_DuFriedensfuerstHerrJesuChrist	data/chorale-bricks/Gesius_DuFriedensfuerstHerrJesuChrist	33	"[""0"", ""1"", ""3"", ""4""]"	"[""3"", ""0"", ""1"", ""4""]"	audio	audio.mastermix.wav	data/chorale-bricks/Gesius_DuFriedensfuerstHerrJesuChrist/audio.mastermix.wav	33	"[""33"", ""none of the other options is correct"", ""3"", ""0"", ""1""]"	0.2	0	"[""A"", ""B"", ""C"", ""D"", ""E""]"	"{""A"": ""33"", ""B"": ""none of the other options is correct"", ""C"": ""3"", ""D"": ""1"", ""E"": ""0""}"	"[""(A) 33"", ""(B) none of the other options is correct"", ""(C) 3"", ""(D) 1"", ""(E) 0""]"	(A) 33	A
e72f03a0-78ae-5075-825d-37d95cdfb3e9	8	perception	rhythm	relative	rhythm-relative	proportion-recognition		rhythm pattern statistics	How many rhythmic figures with a strict {rhythm_proportion} proportionality are there in the {voice} line?	"[""rhythm_proportion"", ""voice""]"	get_rhythm_pattern_count		rhythm	"{""rhythm_proportion"": ""1:1"", ""voice"": ""tenor""}"	How many rhythmic figures with a strict 1:1 proportionality are there in the tenor line?	Gesius_DuFriedensfuerstHerrJesuChrist	chorale-bricks	Gesius_DuFriedensfuerstHerrJesuChrist	data/chorale-bricks/Gesius_DuFriedensfuerstHerrJesuChrist	33	"[""0"", ""1"", ""3"", ""4""]"	"[""3"", ""0"", ""1"", ""4""]"	symbolic	symbolic.abc.txt	data/chorale-bricks/Gesius_DuFriedensfuerstHerrJesuChrist/symbolic.abc.txt	33	"[""33"", ""none of the other options is correct"", ""3"", ""0"", ""1""]"	0.2	0	"[""A"", ""B"", ""C"", ""D"", ""E""]"	"{""A"": ""0"", ""B"": ""none of the other options is correct"", ""C"": ""33"", ""D"": ""3"", ""E"": ""1""}"	"[""(A) 0"", ""(B) none of the other options is correct"", ""(C) 33"", ""(D) 3"", ""(E) 1""]"	(C) 33	C
0960d178-34b0-5923-a87d-85e5e34cbcc8	8	perception	rhythm	relative	rhythm-relative	proportion-recognition		rhythm pattern statistics	How many rhythmic figures with a strict {rhythm_proportion} proportionality are there in the {voice} line?	"[""rhythm_proportion"", ""voice""]"	get_rhythm_pattern_count		rhythm	"{""rhythm_proportion"": ""1:1"", ""voice"": ""tenor""}"	How many rhythmic figures with a strict 1:1 proportionality are there in the tenor line?	Gesius_DuFriedensfuerstHerrJesuChrist	chorale-bricks	Gesius_DuFriedensfuerstHerrJesuChrist	data/chorale-bricks/Gesius_DuFriedensfuerstHerrJesuChrist	33	"[""0"", ""1"", ""3"", ""4""]"	"[""3"", ""0"", ""1"", ""4""]"	visual	visual.short.png	data/chorale-bricks/Gesius_DuFriedensfuerstHerrJesuChrist/visual.short.png	33	"[""33"", ""none of the other options is correct"", ""3"", ""0"", ""1""]"	0.2	0	"[""A"", ""B"", ""C"", ""D"", ""E""]"	"{""A"": ""0"", ""B"": ""33"", ""C"": ""3"", ""D"": ""1"", ""E"": ""none of the other options is correct""}"	"[""(A) 0"", ""(B) 33"", ""(C) 3"", ""(D) 1"", ""(E) none of the other options is correct""]"	(B) 33	B
632b06f3-bccc-5868-9f47-c2093a064ff1	8	perception	rhythm	relative	rhythm-relative	proportion-recognition		rhythm pattern statistics	How many rhythmic figures with a strict {rhythm_proportion} proportionality are there in the {voice} line?	"[""rhythm_proportion"", ""voice""]"	get_rhythm_pattern_count		rhythm	"{""rhythm_proportion"": ""1:2"", ""voice"": ""bass""}"	How many rhythmic figures with a strict 1:2 proportionality are there in the bass line?	Vulpius_ChristusDerIstMeinLeben	chorale-bricks	Vulpius_ChristusDerIstMeinLeben	data/chorale-bricks/Vulpius_ChristusDerIstMeinLeben	3	"[""0"", ""1"", ""2"", ""4""]"	"[""0"", ""4"", ""2"", ""1""]"	audio	audio.mastermix.wav	data/chorale-bricks/Vulpius_ChristusDerIstMeinLeben/audio.mastermix.wav	3	"[""3"", ""none of the other options is correct"", ""0"", ""4"", ""2""]"	0.2	0	"[""A"", ""B"", ""C"", ""D"", ""E""]"	"{""A"": ""3"", ""B"": ""2"", ""C"": ""4"", ""D"": ""none of the other options is correct"", ""E"": ""0""}"	"[""(A) 3"", ""(B) 2"", ""(C) 4"", ""(D) none of the other options is correct"", ""(E) 0""]"	(A) 3	A
61c85e27-d002-5537-848c-cd369ddf93ef	8	perception	rhythm	relative	rhythm-relative	proportion-recognition		rhythm pattern statistics	How many rhythmic figures with a strict {rhythm_proportion} proportionality are there in the {voice} line?	"[""rhythm_proportion"", ""voice""]"	get_rhythm_pattern_count		rhythm	"{""rhythm_proportion"": ""1:2"", ""voice"": ""bass""}"	How many rhythmic figures with a strict 1:2 proportionality are there in the bass line?	Vulpius_ChristusDerIstMeinLeben	chorale-bricks	Vulpius_ChristusDerIstMeinLeben	data/chorale-bricks/Vulpius_ChristusDerIstMeinLeben	3	"[""0"", ""1"", ""2"", ""4""]"	"[""0"", ""4"", ""2"", ""1""]"	symbolic	symbolic.abc.txt	data/chorale-bricks/Vulpius_ChristusDerIstMeinLeben/symbolic.abc.txt	3	"[""3"", ""none of the other options is correct"", ""0"", ""4"", ""2""]"	0.2	0	"[""A"", ""B"", ""C"", ""D"", ""E""]"	"{""A"": ""0"", ""B"": ""4"", ""C"": ""2"", ""D"": ""none of the other options is correct"", ""E"": ""3""}"	"[""(A) 0"", ""(B) 4"", ""(C) 2"", ""(D) none of the other options is correct"", ""(E) 3""]"	(E) 3	E
658fd70f-e17c-5822-b249-ca657c75521a	8	perception	rhythm	relative	rhythm-relative	proportion-recognition		rhythm pattern statistics	How many rhythmic figures with a strict {rhythm_proportion} proportionality are there in the {voice} line?	"[""rhythm_proportion"", ""voice""]"	get_rhythm_pattern_count		rhythm	"{""rhythm_proportion"": ""1:2"", ""voice"": ""bass""}"	How many rhythmic figures with a strict 1:2 proportionality are there in the bass line?	Vulpius_ChristusDerIstMeinLeben	chorale-bricks	Vulpius_ChristusDerIstMeinLeben	data/chorale-bricks/Vulpius_ChristusDerIstMeinLeben	3	"[""0"", ""1"", ""2"", ""4""]"	"[""0"", ""4"", ""2"", ""1""]"	visual	visual.short.png	data/chorale-bricks/Vulpius_ChristusDerIstMeinLeben/visual.short.png	3	"[""3"", ""none of the other options is correct"", ""0"", ""4"", ""2""]"	0.2	0	"[""A"", ""B"", ""C"", ""D"", ""E""]"	"{""A"": ""3"", ""B"": ""none of the other options is correct"", ""C"": ""4"", ""D"": ""0"", ""E"": ""2""}"	"[""(A) 3"", ""(B) none of the other options is correct"", ""(C) 4"", ""(D) 0"", ""(E) 2""]"	(A) 3	A
04ed9189-9554-5899-8962-4da13e86b53b	8	perception	rhythm	relative	rhythm-relative	proportion-recognition		rhythm pattern statistics	How many rhythmic figures with a strict {rhythm_proportion} proportionality are there in the {voice} line?	"[""rhythm_proportion"", ""voice""]"	get_rhythm_pattern_count		rhythm	"{""rhythm_proportion"": ""2:1"", ""voice"": ""alto""}"	How many rhythmic figures with a strict 2:1 proportionality are there in the alto line?	Bach_IchStehAnDeinerKrippe	chorale-bricks	Bach_IchStehAnDeinerKrippe	data/chorale-bricks/Bach_IchStehAnDeinerKrippe	3	"[""0"", ""1"", ""2"", ""4""]"	"[""0"", ""4"", ""2"", ""1""]"	audio	audio.mastermix.wav	data/chorale-bricks/Bach_IchStehAnDeinerKrippe/audio.mastermix.wav	3	"[""3"", ""none of the other options is correct"", ""0"", ""4"", ""2""]"	0.2	0	"[""A"", ""B"", ""C"", ""D"", ""E""]"	"{""A"": ""2"", ""B"": ""none of the other options is correct"", ""C"": ""0"", ""D"": ""4"", ""E"": ""3""}"	"[""(A) 2"", ""(B) none of the other options is correct"", ""(C) 0"", ""(D) 4"", ""(E) 3""]"	(E) 3	E
4e7d4422-96e9-5044-9e47-789e84bfaf6d	8	perception	rhythm	relative	rhythm-relative	proportion-recognition		rhythm pattern statistics	How many rhythmic figures with a strict {rhythm_proportion} proportionality are there in the {voice} line?	"[""rhythm_proportion"", ""voice""]"	get_rhythm_pattern_count		rhythm	"{""rhythm_proportion"": ""2:1"", ""voice"": ""alto""}"	How many rhythmic figures with a strict 2:1 proportionality are there in the alto line?	Bach_IchStehAnDeinerKrippe	chorale-bricks	Bach_IchStehAnDeinerKrippe	data/chorale-bricks/Bach_IchStehAnDeinerKrippe	3	"[""0"", ""1"", ""2"", ""4""]"	"[""0"", ""4"", ""2"", ""1""]"	symbolic	symbolic.abc.txt	data/chorale-bricks/Bach_IchStehAnDeinerKrippe/symbolic.abc.txt	3	"[""3"", ""none of the other options is correct"", ""0"", ""4"", ""2""]"	0.2	0	"[""A"", ""B"", ""C"", ""D"", ""E""]"	"{""A"": ""2"", ""B"": ""4"", ""C"": ""none of the other options is correct"", ""D"": ""3"", ""E"": ""0""}"	"[""(A) 2"", ""(B) 4"", ""(C) none of the other options is correct"", ""(D) 3"", ""(E) 0""]"	(D) 3	D
01c2c8e7-31b3-5dec-9f6a-a32c976c7939	8	perception	rhythm	relative	rhythm-relative	proportion-recognition		rhythm pattern statistics	How many rhythmic figures with a strict {rhythm_proportion} proportionality are there in the {voice} line?	"[""rhythm_proportion"", ""voice""]"	get_rhythm_pattern_count		rhythm	"{""rhythm_proportion"": ""2:1"", ""voice"": ""alto""}"	How many rhythmic figures with a strict 2:1 proportionality are there in the alto line?	Bach_IchStehAnDeinerKrippe	chorale-bricks	Bach_IchStehAnDeinerKrippe	data/chorale-bricks/Bach_IchStehAnDeinerKrippe	3	"[""0"", ""1"", ""2"", ""4""]"	"[""0"", ""4"", ""2"", ""1""]"	visual	visual.short.png	data/chorale-bricks/Bach_IchStehAnDeinerKrippe/visual.short.png	3	"[""3"", ""none of the other options is correct"", ""0"", ""4"", ""2""]"	0.2	0	"[""A"", ""B"", ""C"", ""D"", ""E""]"	"{""A"": ""0"", ""B"": ""4"", ""C"": ""2"", ""D"": ""3"", ""E"": ""none of the other options is correct""}"	"[""(A) 0"", ""(B) 4"", ""(C) 2"", ""(D) 3"", ""(E) none of the other options is correct""]"	(D) 3	D
da3f3ab3-5a95-515c-b9d6-3160897ed609	8	perception	rhythm	relative	rhythm-relative	proportion-recognition		rhythm pattern statistics	How many rhythmic figures with a strict {rhythm_proportion} proportionality are there in the {voice} line?	"[""rhythm_proportion"", ""voice""]"	get_rhythm_pattern_count		rhythm	"{""rhythm_proportion"": ""1:2"", ""voice"": ""alto""}"	How many rhythmic figures with a strict 1:2 proportionality are there in the alto line?	Gesius_DuFriedensfuerstHerrJesuChrist	chorale-bricks	Gesius_DuFriedensfuerstHerrJesuChrist	data/chorale-bricks/Gesius_DuFriedensfuerstHerrJesuChrist	6	"[""0"", ""1"", ""3"", ""4""]"	"[""3"", ""0"", ""4"", ""1""]"	audio	audio.mastermix.wav	data/chorale-bricks/Gesius_DuFriedensfuerstHerrJesuChrist/audio.mastermix.wav	6	"[""6"", ""none of the other options is correct"", ""3"", ""0"", ""4""]"	0.2	0	"[""A"", ""B"", ""C"", ""D"", ""E""]"	"{""A"": ""none of the other options is correct"", ""B"": ""4"", ""C"": ""0"", ""D"": ""3"", ""E"": ""6""}"	"[""(A) none of the other options is correct"", ""(B) 4"", ""(C) 0"", ""(D) 3"", ""(E) 6""]"	(E) 6	E
f11c6fc1-d757-5a6f-a29d-57e570196cfb	8	perception	rhythm	relative	rhythm-relative	proportion-recognition		rhythm pattern statistics	How many rhythmic figures with a strict {rhythm_proportion} proportionality are there in the {voice} line?	"[""rhythm_proportion"", ""voice""]"	get_rhythm_pattern_count		rhythm	"{""rhythm_proportion"": ""1:2"", ""voice"": ""alto""}"	How many rhythmic figures with a strict 1:2 proportionality are there in the alto line?	Gesius_DuFriedensfuerstHerrJesuChrist	chorale-bricks	Gesius_DuFriedensfuerstHerrJesuChrist	data/chorale-bricks/Gesius_DuFriedensfuerstHerrJesuChrist	6	"[""0"", ""1"", ""3"", ""4""]"	"[""3"", ""0"", ""4"", ""1""]"	symbolic	symbolic.abc.txt	data/chorale-bricks/Gesius_DuFriedensfuerstHerrJesuChrist/symbolic.abc.txt	6	"[""6"", ""none of the other options is correct"", ""3"", ""0"", ""4""]"	0.2	0	"[""A"", ""B"", ""C"", ""D"", ""E""]"	"{""A"": ""none of the other options is correct"", ""B"": ""4"", ""C"": ""0"", ""D"": ""6"", ""E"": ""3""}"	"[""(A) none of the other options is correct"", ""(B) 4"", ""(C) 0"", ""(D) 6"", ""(E) 3""]"	(D) 6	D
82feea72-9d10-51cf-92d3-54c7556a518e	8	perception	rhythm	relative	rhythm-relative	proportion-recognition		rhythm pattern statistics	How many rhythmic figures with a strict {rhythm_proportion} proportionality are there in the {voice} line?	"[""rhythm_proportion"", ""voice""]"	get_rhythm_pattern_count		rhythm	"{""rhythm_proportion"": ""1:2"", ""voice"": ""alto""}"	How many rhythmic figures with a strict 1:2 proportionality are there in the alto line?	Gesius_DuFriedensfuerstHerrJesuChrist	chorale-bricks	Gesius_DuFriedensfuerstHerrJesuChrist	data/chorale-bricks/Gesius_DuFriedensfuerstHerrJesuChrist	6	"[""0"", ""1"", ""3"", ""4""]"	"[""3"", ""0"", ""4"", ""1""]"	visual	visual.short.png	data/chorale-bricks/Gesius_DuFriedensfuerstHerrJesuChrist/visual.short.png	none of the other options is correct	"[""none of the other options is correct"", ""3"", ""0"", ""4"", ""1""]"	0.2	1	"[""A"", ""B"", ""C"", ""D"", ""E""]"	"{""A"": ""0"", ""B"": ""none of the other options is correct"", ""C"": ""3"", ""D"": ""4"", ""E"": ""1""}"	"[""(A) 0"", ""(B) none of the other options is correct"", ""(C) 3"", ""(D) 4"", ""(E) 1""]"	(B) none of the other options is correct	B
10758903-670d-5ecf-ab69-998789dedd7f	8	perception	rhythm	relative	rhythm-relative	proportion-recognition		rhythm pattern statistics	How many rhythmic figures with a strict {rhythm_proportion} proportionality are there in the {voice} line?	"[""rhythm_proportion"", ""voice""]"	get_rhythm_pattern_count		rhythm	"{""rhythm_proportion"": ""1:3"", ""voice"": ""soprano""}"	How many rhythmic figures with a strict 1:3 proportionality are there in the soprano line?	Drese_JesuGehVoran	chorale-bricks	Drese_JesuGehVoran	data/chorale-bricks/Drese_JesuGehVoran	0	"[""1"", ""2"", ""3"", ""4""]"	"[""2"", ""1"", ""3"", ""4""]"	audio	audio.mastermix.wav	data/chorale-bricks/Drese_JesuGehVoran/audio.mastermix.wav	0	"[""0"", ""none of the other options is correct"", ""2"", ""1"", ""3""]"	0.2	0	"[""A"", ""B"", ""C"", ""D"", ""E""]"	"{""A"": ""1"", ""B"": ""2"", ""C"": ""0"", ""D"": ""none of the other options is correct"", ""E"": ""3""}"	"[""(A) 1"", ""(B) 2"", ""(C) 0"", ""(D) none of the other options is correct"", ""(E) 3""]"	(C) 0	C
685037bc-5658-5149-b84b-0f15e7e46a1e	8	perception	rhythm	relative	rhythm-relative	proportion-recognition		rhythm pattern statistics	How many rhythmic figures with a strict {rhythm_proportion} proportionality are there in the {voice} line?	"[""rhythm_proportion"", ""voice""]"	get_rhythm_pattern_count		rhythm	"{""rhythm_proportion"": ""1:3"", ""voice"": ""soprano""}"	How many rhythmic figures with a strict 1:3 proportionality are there in the soprano line?	Drese_JesuGehVoran	chorale-bricks	Drese_JesuGehVoran	data/chorale-bricks/Drese_JesuGehVoran	0	"[""1"", ""2"", ""3"", ""4""]"	"[""2"", ""1"", ""3"", ""4""]"	symbolic	symbolic.abc.txt	data/chorale-bricks/Drese_JesuGehVoran/symbolic.abc.txt	0	"[""0"", ""none of the other options is correct"", ""2"", ""1"", ""3""]"	0.2	0	"[""A"", ""B"", ""C"", ""D"", ""E""]"	"{""A"": ""1"", ""B"": ""none of the other options is correct"", ""C"": ""3"", ""D"": ""2"", ""E"": ""0""}"	"[""(A) 1"", ""(B) none of the other options is correct"", ""(C) 3"", ""(D) 2"", ""(E) 0""]"	(E) 0	E
35e37347-8e9c-5c23-bb4d-c4b8bacc6ada	8	perception	rhythm	relative	rhythm-relative	proportion-recognition		rhythm pattern statistics	How many rhythmic figures with a strict {rhythm_proportion} proportionality are there in the {voice} line?	"[""rhythm_proportion"", ""voice""]"	get_rhythm_pattern_count		rhythm	"{""rhythm_proportion"": ""1:3"", ""voice"": ""soprano""}"	How many rhythmic figures with a strict 1:3 proportionality are there in the soprano line?	Drese_JesuGehVoran	chorale-bricks	Drese_JesuGehVoran	data/chorale-bricks/Drese_JesuGehVoran	0	"[""1"", ""2"", ""3"", ""4""]"	"[""2"", ""1"", ""3"", ""4""]"	visual	visual.short.png	data/chorale-bricks/Drese_JesuGehVoran/visual.short.png	0	"[""0"", ""none of the other options is correct"", ""2"", ""1"", ""3""]"	0.2	0	"[""A"", ""B"", ""C"", ""D"", ""E""]"	"{""A"": ""1"", ""B"": ""0"", ""C"": ""2"", ""D"": ""none of the other options is correct"", ""E"": ""3""}"	"[""(A) 1"", ""(B) 0"", ""(C) 2"", ""(D) none of the other options is correct"", ""(E) 3""]"	(B) 0	B
a3582e7c-5c1e-59d2-bd97-43470c54ce8a	8	perception	rhythm	relative	rhythm-relative	proportion-recognition		rhythm pattern statistics	How many rhythmic figures with a strict {rhythm_proportion} proportionality are there in the {voice} line?	"[""rhythm_proportion"", ""voice""]"	get_rhythm_pattern_count		rhythm	"{""rhythm_proportion"": ""2:3"", ""voice"": ""soprano""}"	How many rhythmic figures with a strict 2:3 proportionality are there in the soprano line?	Anonymous_AusMeinesHerzensGrunde	chorale-bricks	Anonymous_AusMeinesHerzensGrunde	data/chorale-bricks/Anonymous_AusMeinesHerzensGrunde	2	"[""0"", ""1"", ""3"", ""4""]"	"[""1"", ""4"", ""0"", ""3""]"	audio	audio.mastermix.wav	data/chorale-bricks/Anonymous_AusMeinesHerzensGrunde/audio.mastermix.wav	none of the other options is correct	"[""none of the other options is correct"", ""1"", ""4"", ""0"", ""3""]"	0.2	1	"[""A"", ""B"", ""C"", ""D"", ""E""]"	"{""A"": ""none of the other options is correct"", ""B"": ""0"", ""C"": ""1"", ""D"": ""3"", ""E"": ""4""}"	"[""(A) none of the other options is correct"", ""(B) 0"", ""(C) 1"", ""(D) 3"", ""(E) 4""]"	(A) none of the other options is correct	A
91678720-9f00-513a-aa1f-e9b54a5ea6a8	8	perception	rhythm	relative	rhythm-relative	proportion-recognition		rhythm pattern statistics	How many rhythmic figures with a strict {rhythm_proportion} proportionality are there in the {voice} line?	"[""rhythm_proportion"", ""voice""]"	get_rhythm_pattern_count		rhythm	"{""rhythm_proportion"": ""2:3"", ""voice"": ""soprano""}"	How many rhythmic figures with a strict 2:3 proportionality are there in the soprano line?	Anonymous_AusMeinesHerzensGrunde	chorale-bricks	Anonymous_AusMeinesHerzensGrunde	data/chorale-bricks/Anonymous_AusMeinesHerzensGrunde	2	"[""0"", ""1"", ""3"", ""4""]"	"[""1"", ""4"", ""0"", ""3""]"	symbolic	symbolic.abc.txt	data/chorale-bricks/Anonymous_AusMeinesHerzensGrunde/symbolic.abc.txt	none of the other options is correct	"[""none of the other options is correct"", ""1"", ""4"", ""0"", ""3""]"	0.2	1	"[""A"", ""B"", ""C"", ""D"", ""E""]"	"{""A"": ""1"", ""B"": ""3"", ""C"": ""none of the other options is correct"", ""D"": ""4"", ""E"": ""0""}"	"[""(A) 1"", ""(B) 3"", ""(C) none of the other options is correct"", ""(D) 4"", ""(E) 0""]"	(C) none of the other options is correct	C
99304d66-d596-5c44-98fe-8bc10b72fb25	8	perception	rhythm	relative	rhythm-relative	proportion-recognition		rhythm pattern statistics	How many rhythmic figures with a strict {rhythm_proportion} proportionality are there in the {voice} line?	"[""rhythm_proportion"", ""voice""]"	get_rhythm_pattern_count		rhythm	"{""rhythm_proportion"": ""2:3"", ""voice"": ""soprano""}"	How many rhythmic figures with a strict 2:3 proportionality are there in the soprano line?	Anonymous_AusMeinesHerzensGrunde	chorale-bricks	Anonymous_AusMeinesHerzensGrunde	data/chorale-bricks/Anonymous_AusMeinesHerzensGrunde	2	"[""0"", ""1"", ""3"", ""4""]"	"[""1"", ""4"", ""0"", ""3""]"	visual	visual.short.png	data/chorale-bricks/Anonymous_AusMeinesHerzensGrunde/visual.short.png	2	"[""2"", ""none of the other options is correct"", ""1"", ""4"", ""0""]"	0.2	0	"[""A"", ""B"", ""C"", ""D"", ""E""]"	"{""A"": ""2"", ""B"": ""1"", ""C"": ""4"", ""D"": ""0"", ""E"": ""none of the other options is correct""}"	"[""(A) 2"", ""(B) 1"", ""(C) 4"", ""(D) 0"", ""(E) none of the other options is correct""]"	(A) 2	A
1e4a591c-f942-572c-9bfd-52593ac0b0be	9	perception	harmony	relative	harmony-relative	harmonic-recognition		tonality recognition	What is the {function} harmony of the primary key of this piece?	"[""function""]"	get_harmonic_tonality			"{""function"": ""relative minor/major""}"	What is the relative minor/major harmony of the primary key of this piece?	Gesius_BefiehlDuDeineWege	chorale-bricks	Gesius_BefiehlDuDeineWege	data/chorale-bricks/Gesius_BefiehlDuDeineWege	F major	"[""A"", ""D minor"", ""E- minor"", ""F""]"	"[""E- minor"", ""F"", ""D minor"", ""A""]"	audio	audio.mastermix.wav	data/chorale-bricks/Gesius_BefiehlDuDeineWege/audio.mastermix.wav	F major	"[""F major"", ""none of the other options is correct"", ""E- minor"", ""F"", ""D minor""]"	0.2	0	"[""A"", ""B"", ""C"", ""D"", ""E""]"	"{""A"": ""D minor"", ""B"": ""F"", ""C"": ""F major"", ""D"": ""none of the other options is correct"", ""E"": ""E- minor""}"	"[""(A) D minor"", ""(B) F"", ""(C) F major"", ""(D) none of the other options is correct"", ""(E) E- minor""]"	(C) F major	C
242511ff-2aef-5539-a257-8fe2780b3bfa	9	perception	harmony	relative	harmony-relative	harmonic-recognition		tonality recognition	What is the {function} harmony of the primary key of this piece?	"[""function""]"	get_harmonic_tonality			"{""function"": ""relative minor/major""}"	What is the relative minor/major harmony of the primary key of this piece?	Gesius_BefiehlDuDeineWege	chorale-bricks	Gesius_BefiehlDuDeineWege	data/chorale-bricks/Gesius_BefiehlDuDeineWege	F major	"[""A"", ""D minor"", ""E- minor"", ""F""]"	"[""E- minor"", ""F"", ""D minor"", ""A""]"	symbolic	symbolic.abc.txt	data/chorale-bricks/Gesius_BefiehlDuDeineWege/symbolic.abc.txt	none of the other options is correct	"[""none of the other options is correct"", ""E- minor"", ""F"", ""D minor"", ""A""]"	0.2	1	"[""A"", ""B"", ""C"", ""D"", ""E""]"	"{""A"": ""F"", ""B"": ""E- minor"", ""C"": ""none of the other options is correct"", ""D"": ""A"", ""E"": ""D minor""}"	"[""(A) F"", ""(B) E- minor"", ""(C) none of the other options is correct"", ""(D) A"", ""(E) D minor""]"	(C) none of the other options is correct	C
bdaf4132-898a-5d3f-8163-003e1fcf971b	9	perception	harmony	relative	harmony-relative	harmonic-recognition		tonality recognition	What is the {function} harmony of the primary key of this piece?	"[""function""]"	get_harmonic_tonality			"{""function"": ""relative minor/major""}"	What is the relative minor/major harmony of the primary key of this piece?	Gesius_BefiehlDuDeineWege	chorale-bricks	Gesius_BefiehlDuDeineWege	data/chorale-bricks/Gesius_BefiehlDuDeineWege	F major	"[""A"", ""D minor"", ""E- minor"", ""F""]"	"[""E- minor"", ""F"", ""D minor"", ""A""]"	visual	visual.short.png	data/chorale-bricks/Gesius_BefiehlDuDeineWege/visual.short.png	F major	"[""F major"", ""none of the other options is correct"", ""E- minor"", ""F"", ""D minor""]"	0.2	0	"[""A"", ""B"", ""C"", ""D"", ""E""]"	"{""A"": ""none of the other options is correct"", ""B"": ""D minor"", ""C"": ""E- minor"", ""D"": ""F major"", ""E"": ""F""}"	"[""(A) none of the other options is correct"", ""(B) D minor"", ""(C) E- minor"", ""(D) F major"", ""(E) F""]"	(D) F major	D
a30f53ec-3bde-599a-8fb6-22818136d169	9	perception	harmony	relative	harmony-relative	harmonic-recognition		tonality recognition	What is the {function} harmony of the primary key of this piece?	"[""function""]"	get_harmonic_tonality			"{""function"": ""tonic""}"	What is the tonic harmony of the primary key of this piece?	Gesius_DuFriedensfuerstHerrJesuChrist	chorale-bricks	Gesius_DuFriedensfuerstHerrJesuChrist	data/chorale-bricks/Gesius_DuFriedensfuerstHerrJesuChrist	F major	"[""B major"", ""C"", ""D minor"", ""G#""]"	"[""C"", ""G#"", ""D minor"", ""B major""]"	audio	audio.mastermix.wav	data/chorale-bricks/Gesius_DuFriedensfuerstHerrJesuChrist/audio.mastermix.wav	none of the other options is correct	"[""none of the other options is correct"", ""C"", ""G#"", ""D minor"", ""B major""]"	0.2	1	"[""A"", ""B"", ""C"", ""D"", ""E""]"	"{""A"": ""B major"", ""B"": ""C"", ""C"": ""G#"", ""D"": ""D minor"", ""E"": ""none of the other options is correct""}"	"[""(A) B major"", ""(B) C"", ""(C) G#"", ""(D) D minor"", ""(E) none of the other options is correct""]"	(E) none of the other options is correct	E
2356ef66-2f3d-50db-befd-602107bb0ab1	9	perception	harmony	relative	harmony-relative	harmonic-recognition		tonality recognition	What is the {function} harmony of the primary key of this piece?	"[""function""]"	get_harmonic_tonality			"{""function"": ""tonic""}"	What is the tonic harmony of the primary key of this piece?	Gesius_DuFriedensfuerstHerrJesuChrist	chorale-bricks	Gesius_DuFriedensfuerstHerrJesuChrist	data/chorale-bricks/Gesius_DuFriedensfuerstHerrJesuChrist	F major	"[""B major"", ""C"", ""D minor"", ""G#""]"	"[""C"", ""G#"", ""D minor"", ""B major""]"	symbolic	symbolic.abc.txt	data/chorale-bricks/Gesius_DuFriedensfuerstHerrJesuChrist/symbolic.abc.txt	F major	"[""F major"", ""none of the other options is correct"", ""C"", ""G#"", ""D minor""]"	0.2	0	"[""A"", ""B"", ""C"", ""D"", ""E""]"	"{""A"": ""none of the other options is correct"", ""B"": ""C"", ""C"": ""G#"", ""D"": ""F major"", ""E"": ""D minor""}"	"[""(A) none of the other options is correct"", ""(B) C"", ""(C) G#"", ""(D) F major"", ""(E) D minor""]"	(D) F major	D
148d65b6-27bf-55e1-8984-8abfc03d6df7	9	perception	harmony	relative	harmony-relative	harmonic-recognition		tonality recognition	What is the {function} harmony of the primary key of this piece?	"[""function""]"	get_harmonic_tonality			"{""function"": ""tonic""}"	What is the tonic harmony of the primary key of this piece?	Gesius_DuFriedensfuerstHerrJesuChrist	chorale-bricks	Gesius_DuFriedensfuerstHerrJesuChrist	data/chorale-bricks/Gesius_DuFriedensfuerstHerrJesuChrist	F major	"[""B major"", ""C"", ""D minor"", ""G#""]"	"[""C"", ""G#"", ""D minor"", ""B major""]"	visual	visual.short.png	data/chorale-bricks/Gesius_DuFriedensfuerstHerrJesuChrist/visual.short.png	F major	"[""F major"", ""none of the other options is correct"", ""C"", ""G#"", ""D minor""]"	0.2	0	"[""A"", ""B"", ""C"", ""D"", ""E""]"	"{""A"": ""none of the other options is correct"", ""B"": ""G#"", ""C"": ""C"", ""D"": ""F major"", ""E"": ""D minor""}"	"[""(A) none of the other options is correct"", ""(B) G#"", ""(C) C"", ""(D) F major"", ""(E) D minor""]"	(D) F major	D
61092606-8dd9-5032-8d45-fd845f7da648	9	perception	harmony	relative	harmony-relative	harmonic-recognition		tonality recognition	What is the {function} harmony of the primary key of this piece?	"[""function""]"	get_harmonic_tonality			"{""function"": ""relative minor/major""}"	What is the relative minor/major harmony of the primary key of this piece?	Bach_IchStehAnDeinerKrippe	chorale-bricks	Bach_IchStehAnDeinerKrippe	data/chorale-bricks/Bach_IchStehAnDeinerKrippe	D major	"[""B minor"", ""F major"", ""F#"", ""G#""]"	"[""B minor"", ""G#"", ""F#"", ""F major""]"	audio	audio.mastermix.wav	data/chorale-bricks/Bach_IchStehAnDeinerKrippe/audio.mastermix.wav	D major	"[""D major"", ""none of the other options is correct"", ""B minor"", ""G#"", ""F#""]"	0.2	0	"[""A"", ""B"", ""C"", ""D"", ""E""]"	"{""A"": ""F#"", ""B"": ""B minor"", ""C"": ""none of the other options is correct"", ""D"": ""D major"", ""E"": ""G#""}"	"[""(A) F#"", ""(B) B minor"", ""(C) none of the other options is correct"", ""(D) D major"", ""(E) G#""]"	(D) D major	D
3b7dc9d6-b8bb-57e0-83b2-f97fe87eb64f	9	perception	harmony	relative	harmony-relative	harmonic-recognition		tonality recognition	What is the {function} harmony of the primary key of this piece?	"[""function""]"	get_harmonic_tonality			"{""function"": ""relative minor/major""}"	What is the relative minor/major harmony of the primary key of this piece?	Bach_IchStehAnDeinerKrippe	chorale-bricks	Bach_IchStehAnDeinerKrippe	data/chorale-bricks/Bach_IchStehAnDeinerKrippe	D major	"[""B minor"", ""F major"", ""F#"", ""G#""]"	"[""B minor"", ""G#"", ""F#"", ""F major""]"	symbolic	symbolic.abc.txt	data/chorale-bricks/Bach_IchStehAnDeinerKrippe/symbolic.abc.txt	D major	"[""D major"", ""none of the other options is correct"", ""B minor"", ""G#"", ""F#""]"	0.2	0	"[""A"", ""B"", ""C"", ""D"", ""E""]"	"{""A"": ""none of the other options is correct"", ""B"": ""G#"", ""C"": ""F#"", ""D"": ""B minor"", ""E"": ""D major""}"	"[""(A) none of the other options is correct"", ""(B) G#"", ""(C) F#"", ""(D) B minor"", ""(E) D major""]"	(E) D major	E
a79508c1-e5c7-581b-aad1-db31fb20e7ed	9	perception	harmony	relative	harmony-relative	harmonic-recognition		tonality recognition	What is the {function} harmony of the primary key of this piece?	"[""function""]"	get_harmonic_tonality			"{""function"": ""relative minor/major""}"	What is the relative minor/major harmony of the primary key of this piece?	Bach_IchStehAnDeinerKrippe	chorale-bricks	Bach_IchStehAnDeinerKrippe	data/chorale-bricks/Bach_IchStehAnDeinerKrippe	D major	"[""B minor"", ""F major"", ""F#"", ""G#""]"	"[""B minor"", ""G#"", ""F#"", ""F major""]"	visual	visual.short.png	data/chorale-bricks/Bach_IchStehAnDeinerKrippe/visual.short.png	D major	"[""D major"", ""none of the other options is correct"", ""B minor"", ""G#"", ""F#""]"	0.2	0	"[""A"", ""B"", ""C"", ""D"", ""E""]"	"{""A"": ""G#"", ""B"": ""F#"", ""C"": ""none of the other options is correct"", ""D"": ""D major"", ""E"": ""B minor""}"	"[""(A) G#"", ""(B) F#"", ""(C) none of the other options is correct"", ""(D) D major"", ""(E) B minor""]"	(D) D major	D
81cb3976-074a-5779-a0e8-ea2ca0adb432	9	perception	harmony	relative	harmony-relative	harmonic-recognition		tonality recognition	What is the {function} harmony of the primary key of this piece?	"[""function""]"	get_harmonic_tonality			"{""function"": ""tonic""}"	What is the tonic harmony of the primary key of this piece?	Telemann_DerLiebenSonneLichtUndPracht	chorale-bricks	Telemann_DerLiebenSonneLichtUndPracht	data/chorale-bricks/Telemann_DerLiebenSonneLichtUndPracht	G major	"[""A minor"", ""C major"", ""D"", ""E minor""]"	"[""C major"", ""D"", ""A minor"", ""E minor""]"	audio	audio.mastermix.wav	data/chorale-bricks/Telemann_DerLiebenSonneLichtUndPracht/audio.mastermix.wav	G major	"[""G major"", ""none of the other options is correct"", ""C major"", ""D"", ""A minor""]"	0.2	0	"[""A"", ""B"", ""C"", ""D"", ""E""]"	"{""A"": ""A minor"", ""B"": ""C major"", ""C"": ""none of the other options is correct"", ""D"": ""G major"", ""E"": ""D""}"	"[""(A) A minor"", ""(B) C major"", ""(C) none of the other options is correct"", ""(D) G major"", ""(E) D""]"	(D) G major	D
d0c06101-88d0-54ad-ace1-25924ab181ad	9	perception	harmony	relative	harmony-relative	harmonic-recognition		tonality recognition	What is the {function} harmony of the primary key of this piece?	"[""function""]"	get_harmonic_tonality			"{""function"": ""tonic""}"	What is the tonic harmony of the primary key of this piece?	Telemann_DerLiebenSonneLichtUndPracht	chorale-bricks	Telemann_DerLiebenSonneLichtUndPracht	data/chorale-bricks/Telemann_DerLiebenSonneLichtUndPracht	G major	"[""A minor"", ""C major"", ""D"", ""E minor""]"	"[""C major"", ""D"", ""A minor"", ""E minor""]"	symbolic	symbolic.abc.txt	data/chorale-bricks/Telemann_DerLiebenSonneLichtUndPracht/symbolic.abc.txt	G major	"[""G major"", ""none of the other options is correct"", ""C major"", ""D"", ""A minor""]"	0.2	0	"[""A"", ""B"", ""C"", ""D"", ""E""]"	"{""A"": ""none of the other options is correct"", ""B"": ""D"", ""C"": ""G major"", ""D"": ""A minor"", ""E"": ""C major""}"	"[""(A) none of the other options is correct"", ""(B) D"", ""(C) G major"", ""(D) A minor"", ""(E) C major""]"	(C) G major	C
1688de4d-a4f6-5a04-b2d8-7023d377238f	9	perception	harmony	relative	harmony-relative	harmonic-recognition		tonality recognition	What is the {function} harmony of the primary key of this piece?	"[""function""]"	get_harmonic_tonality			"{""function"": ""tonic""}"	What is the tonic harmony of the primary key of this piece?	Telemann_DerLiebenSonneLichtUndPracht	chorale-bricks	Telemann_DerLiebenSonneLichtUndPracht	data/chorale-bricks/Telemann_DerLiebenSonneLichtUndPracht	G major	"[""A minor"", ""C major"", ""D"", ""E minor""]"	"[""C major"", ""D"", ""A minor"", ""E minor""]"	visual	visual.short.png	data/chorale-bricks/Telemann_DerLiebenSonneLichtUndPracht/visual.short.png	G major	"[""G major"", ""none of the other options is correct"", ""C major"", ""D"", ""A minor""]"	0.2	0	"[""A"", ""B"", ""C"", ""D"", ""E""]"	"{""A"": ""none of the other options is correct"", ""B"": ""D"", ""C"": ""C major"", ""D"": ""A minor"", ""E"": ""G major""}"	"[""(A) none of the other options is correct"", ""(B) D"", ""(C) C major"", ""(D) A minor"", ""(E) G major""]"	(E) G major	E
3053d553-7697-52a9-a3c3-7c7215a4e693	9	perception	harmony	relative	harmony-relative	harmonic-recognition		tonality recognition	What is the {function} harmony of the primary key of this piece?	"[""function""]"	get_harmonic_tonality			"{""function"": ""tonic""}"	What is the tonic harmony of the primary key of this piece?	Anonymous_AusMeinesHerzensGrunde	chorale-bricks	Anonymous_AusMeinesHerzensGrunde	data/chorale-bricks/Anonymous_AusMeinesHerzensGrunde	G major	"[""B-"", ""D"", ""E minor"", ""G minor""]"	"[""D"", ""G minor"", ""B-"", ""E minor""]"	audio	audio.mastermix.wav	data/chorale-bricks/Anonymous_AusMeinesHerzensGrunde/audio.mastermix.wav	G major	"[""G major"", ""none of the other options is correct"", ""D"", ""G minor"", ""B-""]"	0.2	0	"[""A"", ""B"", ""C"", ""D"", ""E""]"	"{""A"": ""G major"", ""B"": ""D"", ""C"": ""B-"", ""D"": ""none of the other options is correct"", ""E"": ""G minor""}"	"[""(A) G major"", ""(B) D"", ""(C) B-"", ""(D) none of the other options is correct"", ""(E) G minor""]"	(A) G major	A
64a7ab06-afbb-5dfc-a0c7-9cc842fde082	9	perception	harmony	relative	harmony-relative	harmonic-recognition		tonality recognition	What is the {function} harmony of the primary key of this piece?	"[""function""]"	get_harmonic_tonality			"{""function"": ""tonic""}"	What is the tonic harmony of the primary key of this piece?	Anonymous_AusMeinesHerzensGrunde	chorale-bricks	Anonymous_AusMeinesHerzensGrunde	data/chorale-bricks/Anonymous_AusMeinesHerzensGrunde	G major	"[""B-"", ""D"", ""E minor"", ""G minor""]"	"[""D"", ""G minor"", ""B-"", ""E minor""]"	symbolic	symbolic.abc.txt	data/chorale-bricks/Anonymous_AusMeinesHerzensGrunde/symbolic.abc.txt	G major	"[""G major"", ""none of the other options is correct"", ""D"", ""G minor"", ""B-""]"	0.2	0	"[""A"", ""B"", ""C"", ""D"", ""E""]"	"{""A"": ""D"", ""B"": ""B-"", ""C"": ""G major"", ""D"": ""none of the other options is correct"", ""E"": ""G minor""}"	"[""(A) D"", ""(B) B-"", ""(C) G major"", ""(D) none of the other options is correct"", ""(E) G minor""]"	(C) G major	C
aa9168a6-8012-5fb5-b525-6bf6a2c4812c	9	perception	harmony	relative	harmony-relative	harmonic-recognition		tonality recognition	What is the {function} harmony of the primary key of this piece?	"[""function""]"	get_harmonic_tonality			"{""function"": ""tonic""}"	What is the tonic harmony of the primary key of this piece?	Anonymous_AusMeinesHerzensGrunde	chorale-bricks	Anonymous_AusMeinesHerzensGrunde	data/chorale-bricks/Anonymous_AusMeinesHerzensGrunde	G major	"[""B-"", ""D"", ""E minor"", ""G minor""]"	"[""D"", ""G minor"", ""B-"", ""E minor""]"	visual	visual.short.png	data/chorale-bricks/Anonymous_AusMeinesHerzensGrunde/visual.short.png	G major	"[""G major"", ""none of the other options is correct"", ""D"", ""G minor"", ""B-""]"	0.2	0	"[""A"", ""B"", ""C"", ""D"", ""E""]"	"{""A"": ""D"", ""B"": ""B-"", ""C"": ""G major"", ""D"": ""G minor"", ""E"": ""none of the other options is correct""}"	"[""(A) D"", ""(B) B-"", ""(C) G major"", ""(D) G minor"", ""(E) none of the other options is correct""]"	(C) G major	C
1b404930-7c95-5f16-b4aa-0ce4380406f8	9	perception	harmony	relative	harmony-relative	harmonic-recognition		tonality recognition	What is the {function} harmony of the primary key of this piece?	"[""function""]"	get_harmonic_tonality			"{""function"": ""tonic""}"	What is the tonic harmony of the primary key of this piece?	Drese_JesuGehVoran	chorale-bricks	Drese_JesuGehVoran	data/chorale-bricks/Drese_JesuGehVoran	G major	"[""B minor"", ""D"", ""E minor"", ""F# minor""]"	"[""E minor"", ""D"", ""B minor"", ""F# minor""]"	audio	audio.mastermix.wav	data/chorale-bricks/Drese_JesuGehVoran/audio.mastermix.wav	G major	"[""G major"", ""none of the other options is correct"", ""E minor"", ""D"", ""B minor""]"	0.2	0	"[""A"", ""B"", ""C"", ""D"", ""E""]"	"{""A"": ""B minor"", ""B"": ""none of the other options is correct"", ""C"": ""D"", ""D"": ""G major"", ""E"": ""E minor""}"	"[""(A) B minor"", ""(B) none of the other options is correct"", ""(C) D"", ""(D) G major"", ""(E) E minor""]"	(D) G major	D
671282fb-46eb-59c7-a504-d526a2d3e083	9	perception	harmony	relative	harmony-relative	harmonic-recognition		tonality recognition	What is the {function} harmony of the primary key of this piece?	"[""function""]"	get_harmonic_tonality			"{""function"": ""tonic""}"	What is the tonic harmony of the primary key of this piece?	Drese_JesuGehVoran	chorale-bricks	Drese_JesuGehVoran	data/chorale-bricks/Drese_JesuGehVoran	G major	"[""B minor"", ""D"", ""E minor"", ""F# minor""]"	"[""E minor"", ""D"", ""B minor"", ""F# minor""]"	symbolic	symbolic.abc.txt	data/chorale-bricks/Drese_JesuGehVoran/symbolic.abc.txt	G major	"[""G major"", ""none of the other options is correct"", ""E minor"", ""D"", ""B minor""]"	0.2	0	"[""A"", ""B"", ""C"", ""D"", ""E""]"	"{""A"": ""D"", ""B"": ""G major"", ""C"": ""E minor"", ""D"": ""B minor"", ""E"": ""none of the other options is correct""}"	"[""(A) D"", ""(B) G major"", ""(C) E minor"", ""(D) B minor"", ""(E) none of the other options is correct""]"	(B) G major	B
07fb3f3e-59fe-5c21-b59e-6bb65b6e3504	9	perception	harmony	relative	harmony-relative	harmonic-recognition		tonality recognition	What is the {function} harmony of the primary key of this piece?	"[""function""]"	get_harmonic_tonality			"{""function"": ""tonic""}"	What is the tonic harmony of the primary key of this piece?	Drese_JesuGehVoran	chorale-bricks	Drese_JesuGehVoran	data/chorale-bricks/Drese_JesuGehVoran	G major	"[""B minor"", ""D"", ""E minor"", ""F# minor""]"	"[""E minor"", ""D"", ""B minor"", ""F# minor""]"	visual	visual.short.png	data/chorale-bricks/Drese_JesuGehVoran/visual.short.png	G major	"[""G major"", ""none of the other options is correct"", ""E minor"", ""D"", ""B minor""]"	0.2	0	"[""A"", ""B"", ""C"", ""D"", ""E""]"	"{""A"": ""D"", ""B"": ""G major"", ""C"": ""none of the other options is correct"", ""D"": ""B minor"", ""E"": ""E minor""}"	"[""(A) D"", ""(B) G major"", ""(C) none of the other options is correct"", ""(D) B minor"", ""(E) E minor""]"	(B) G major	B
af217b64-8e4c-5cfb-82d7-0376e619770b	9	perception	harmony	relative	harmony-relative	harmonic-recognition		tonality recognition	What is the {function} harmony of the primary key of this piece?	"[""function""]"	get_harmonic_tonality			"{""function"": ""relative minor/major""}"	What is the relative minor/major harmony of the primary key of this piece?	Vulpius_DieHelleSonnLeuchtJetztHerfuer	chorale-bricks	Vulpius_DieHelleSonnLeuchtJetztHerfuer	data/chorale-bricks/Vulpius_DieHelleSonnLeuchtJetztHerfuer	B minor	"[""A"", ""D major"", ""D minor"", ""E""]"	"[""D minor"", ""D major"", ""E"", ""A""]"	audio	audio.mastermix.wav	data/chorale-bricks/Vulpius_DieHelleSonnLeuchtJetztHerfuer/audio.mastermix.wav	B minor	"[""B minor"", ""none of the other options is correct"", ""D minor"", ""D major"", ""E""]"	0.2	0	"[""A"", ""B"", ""C"", ""D"", ""E""]"	"{""A"": ""E"", ""B"": ""D minor"", ""C"": ""D major"", ""D"": ""B minor"", ""E"": ""none of the other options is correct""}"	"[""(A) E"", ""(B) D minor"", ""(C) D major"", ""(D) B minor"", ""(E) none of the other options is correct""]"	(D) B minor	D
22fab681-cc0d-51e5-a91f-1a911e3f8e67	9	perception	harmony	relative	harmony-relative	harmonic-recognition		tonality recognition	What is the {function} harmony of the primary key of this piece?	"[""function""]"	get_harmonic_tonality			"{""function"": ""relative minor/major""}"	What is the relative minor/major harmony of the primary key of this piece?	Vulpius_DieHelleSonnLeuchtJetztHerfuer	chorale-bricks	Vulpius_DieHelleSonnLeuchtJetztHerfuer	data/chorale-bricks/Vulpius_DieHelleSonnLeuchtJetztHerfuer	B minor	"[""A"", ""D major"", ""D minor"", ""E""]"	"[""D minor"", ""D major"", ""E"", ""A""]"	symbolic	symbolic.abc.txt	data/chorale-bricks/Vulpius_DieHelleSonnLeuchtJetztHerfuer/symbolic.abc.txt	B minor	"[""B minor"", ""none of the other options is correct"", ""D minor"", ""D major"", ""E""]"	0.2	0	"[""A"", ""B"", ""C"", ""D"", ""E""]"	"{""A"": ""D major"", ""B"": ""D minor"", ""C"": ""E"", ""D"": ""none of the other options is correct"", ""E"": ""B minor""}"	"[""(A) D major"", ""(B) D minor"", ""(C) E"", ""(D) none of the other options is correct"", ""(E) B minor""]"	(E) B minor	E
7f88fd6d-540b-50b9-a72a-6bf379a38655	9	perception	harmony	relative	harmony-relative	harmonic-recognition		tonality recognition	What is the {function} harmony of the primary key of this piece?	"[""function""]"	get_harmonic_tonality			"{""function"": ""relative minor/major""}"	What is the relative minor/major harmony of the primary key of this piece?	Vulpius_DieHelleSonnLeuchtJetztHerfuer	chorale-bricks	Vulpius_DieHelleSonnLeuchtJetztHerfuer	data/chorale-bricks/Vulpius_DieHelleSonnLeuchtJetztHerfuer	B minor	"[""A"", ""D major"", ""D minor"", ""E""]"	"[""D minor"", ""D major"", ""E"", ""A""]"	visual	visual.short.png	data/chorale-bricks/Vulpius_DieHelleSonnLeuchtJetztHerfuer/visual.short.png	B minor	"[""B minor"", ""none of the other options is correct"", ""D minor"", ""D major"", ""E""]"	0.2	0	"[""A"", ""B"", ""C"", ""D"", ""E""]"	"{""A"": ""E"", ""B"": ""D major"", ""C"": ""none of the other options is correct"", ""D"": ""D minor"", ""E"": ""B minor""}"	"[""(A) E"", ""(B) D major"", ""(C) none of the other options is correct"", ""(D) D minor"", ""(E) B minor""]"	(E) B minor	E
c62d047c-7f85-5a0a-91b2-f2f80df6df1b	10	perception	harmony	absolute	harmony-absolute	harmonic-recognition		chord recognition	What is the chord at the {target_index} position considering all the voices?	"[""target_index""]"	get_harmonic_chord			"{""target_index"": ""10th""}"	What is the chord at the 10th position considering all the voices?	Vulpius_DieHelleSonnLeuchtJetztHerfuer	chorale-bricks	Vulpius_DieHelleSonnLeuchtJetztHerfuer	data/chorale-bricks/Vulpius_DieHelleSonnLeuchtJetztHerfuer	major triad	"[""Major Third"", ""Perfect Fifth"", ""minor triad"", ""whole-tone tetramirror""]"	"[""whole-tone tetramirror"", ""Perfect Fifth"", ""minor triad"", ""Major Third""]"	audio	audio.mastermix.wav	data/chorale-bricks/Vulpius_DieHelleSonnLeuchtJetztHerfuer/audio.mastermix.wav	none of the other options is correct	"[""none of the other options is correct"", ""whole-tone tetramirror"", ""Perfect Fifth"", ""minor triad"", ""Major Third""]"	0.2	1	"[""A"", ""B"", ""C"", ""D"", ""E""]"	"{""A"": ""none of the other options is correct"", ""B"": ""Perfect Fifth"", ""C"": ""minor triad"", ""D"": ""whole-tone tetramirror"", ""E"": ""Major Third""}"	"[""(A) none of the other options is correct"", ""(B) Perfect Fifth"", ""(C) minor triad"", ""(D) whole-tone tetramirror"", ""(E) Major Third""]"	(A) none of the other options is correct	A
fb0844f1-14a3-5042-81b9-aeef6897c738	10	perception	harmony	absolute	harmony-absolute	harmonic-recognition		chord recognition	What is the chord at the {target_index} position considering all the voices?	"[""target_index""]"	get_harmonic_chord			"{""target_index"": ""10th""}"	What is the chord at the 10th position considering all the voices?	Vulpius_DieHelleSonnLeuchtJetztHerfuer	chorale-bricks	Vulpius_DieHelleSonnLeuchtJetztHerfuer	data/chorale-bricks/Vulpius_DieHelleSonnLeuchtJetztHerfuer	major triad	"[""Major Third"", ""Perfect Fifth"", ""minor triad"", ""whole-tone tetramirror""]"	"[""whole-tone tetramirror"", ""Perfect Fifth"", ""minor triad"", ""Major Third""]"	symbolic	symbolic.abc.txt	data/chorale-bricks/Vulpius_DieHelleSonnLeuchtJetztHerfuer/symbolic.abc.txt	none of the other options is correct	"[""none of the other options is correct"", ""whole-tone tetramirror"", ""Perfect Fifth"", ""minor triad"", ""Major Third""]"	0.2	1	"[""A"", ""B"", ""C"", ""D"", ""E""]"	"{""A"": ""Major Third"", ""B"": ""minor triad"", ""C"": ""none of the other options is correct"", ""D"": ""Perfect Fifth"", ""E"": ""whole-tone tetramirror""}"	"[""(A) Major Third"", ""(B) minor triad"", ""(C) none of the other options is correct"", ""(D) Perfect Fifth"", ""(E) whole-tone tetramirror""]"	(C) none of the other options is correct	C
3ccc6c2f-ead0-5bef-b6d8-893dee61edbc	10	perception	harmony	absolute	harmony-absolute	harmonic-recognition		chord recognition	What is the chord at the {target_index} position considering all the voices?	"[""target_index""]"	get_harmonic_chord			"{""target_index"": ""10th""}"	What is the chord at the 10th position considering all the voices?	Vulpius_DieHelleSonnLeuchtJetztHerfuer	chorale-bricks	Vulpius_DieHelleSonnLeuchtJetztHerfuer	data/chorale-bricks/Vulpius_DieHelleSonnLeuchtJetztHerfuer	major triad	"[""Major Third"", ""Perfect Fifth"", ""minor triad"", ""whole-tone tetramirror""]"	"[""whole-tone tetramirror"", ""Perfect Fifth"", ""minor triad"", ""Major Third""]"	visual	visual.short.png	data/chorale-bricks/Vulpius_DieHelleSonnLeuchtJetztHerfuer/visual.short.png	major triad	"[""major triad"", ""none of the other options is correct"", ""whole-tone tetramirror"", ""Perfect Fifth"", ""minor triad""]"	0.2	0	"[""A"", ""B"", ""C"", ""D"", ""E""]"	"{""A"": ""Perfect Fifth"", ""B"": ""none of the other options is correct"", ""C"": ""minor triad"", ""D"": ""major triad"", ""E"": ""whole-tone tetramirror""}"	"[""(A) Perfect Fifth"", ""(B) none of the other options is correct"", ""(C) minor triad"", ""(D) major triad"", ""(E) whole-tone tetramirror""]"	(D) major triad	D
412a7a0d-994d-50f8-b048-3034c5e38c24	10	perception	harmony	absolute	harmony-absolute	harmonic-recognition		chord recognition	What is the chord at the {target_index} position considering all the voices?	"[""target_index""]"	get_harmonic_chord			"{""target_index"": ""46th""}"	What is the chord at the 46th position considering all the voices?	Telemann_DerLiebenSonneLichtUndPracht	chorale-bricks	Telemann_DerLiebenSonneLichtUndPracht	data/chorale-bricks/Telemann_DerLiebenSonneLichtUndPracht	major triad	"[""Major Third"", ""diminished triad"", ""minor seventh chord"", ""minor triad"", ""perfect-fourth major tetrachord"", ""quartal trichord""]"	"[""diminished triad"", ""Major Third"", ""quartal trichord"", ""perfect-fourth major tetrachord"", ""minor seventh chord"", ""minor triad""]"	audio	audio.mastermix.wav	data/chorale-bricks/Telemann_DerLiebenSonneLichtUndPracht/audio.mastermix.wav	major triad	"[""major triad"", ""none of the other options is correct"", ""diminished triad"", ""Major Third"", ""quartal trichord""]"	0.2	0	"[""A"", ""B"", ""C"", ""D"", ""E""]"	"{""A"": ""quartal trichord"", ""B"": ""major triad"", ""C"": ""Major Third"", ""D"": ""diminished triad"", ""E"": ""none of the other options is correct""}"	"[""(A) quartal trichord"", ""(B) major triad"", ""(C) Major Third"", ""(D) diminished triad"", ""(E) none of the other options is correct""]"	(B) major triad	B
dff3ef4d-ba4e-5159-a424-620aa662aed9	10	perception	harmony	absolute	harmony-absolute	harmonic-recognition		chord recognition	What is the chord at the {target_index} position considering all the voices?	"[""target_index""]"	get_harmonic_chord			"{""target_index"": ""46th""}"	What is the chord at the 46th position considering all the voices?	Telemann_DerLiebenSonneLichtUndPracht	chorale-bricks	Telemann_DerLiebenSonneLichtUndPracht	data/chorale-bricks/Telemann_DerLiebenSonneLichtUndPracht	major triad	"[""Major Third"", ""diminished triad"", ""minor seventh chord"", ""minor triad"", ""perfect-fourth major tetrachord"", ""quartal trichord""]"	"[""diminished triad"", ""Major Third"", ""quartal trichord"", ""perfect-fourth major tetrachord"", ""minor seventh chord"", ""minor triad""]"	symbolic	symbolic.abc.txt	data/chorale-bricks/Telemann_DerLiebenSonneLichtUndPracht/symbolic.abc.txt	major triad	"[""major triad"", ""none of the other options is correct"", ""diminished triad"", ""Major Third"", ""quartal trichord""]"	0.2	0	"[""A"", ""B"", ""C"", ""D"", ""E""]"	"{""A"": ""major triad"", ""B"": ""none of the other options is correct"", ""C"": ""Major Third"", ""D"": ""diminished triad"", ""E"": ""quartal trichord""}"	"[""(A) major triad"", ""(B) none of the other options is correct"", ""(C) Major Third"", ""(D) diminished triad"", ""(E) quartal trichord""]"	(A) major triad	A
0541ee75-6cd8-5028-91a9-70f40c9c153c	10	perception	harmony	absolute	harmony-absolute	harmonic-recognition		chord recognition	What is the chord at the {target_index} position considering all the voices?	"[""target_index""]"	get_harmonic_chord			"{""target_index"": ""46th""}"	What is the chord at the 46th position considering all the voices?	Telemann_DerLiebenSonneLichtUndPracht	chorale-bricks	Telemann_DerLiebenSonneLichtUndPracht	data/chorale-bricks/Telemann_DerLiebenSonneLichtUndPracht	major triad	"[""Major Third"", ""diminished triad"", ""minor seventh chord"", ""minor triad"", ""perfect-fourth major tetrachord"", ""quartal trichord""]"	"[""diminished triad"", ""Major Third"", ""quartal trichord"", ""perfect-fourth major tetrachord"", ""minor seventh chord"", ""minor triad""]"	visual	visual.short.png	data/chorale-bricks/Telemann_DerLiebenSonneLichtUndPracht/visual.short.png	major triad	"[""major triad"", ""none of the other options is correct"", ""diminished triad"", ""Major Third"", ""quartal trichord""]"	0.2	0	"[""A"", ""B"", ""C"", ""D"", ""E""]"	"{""A"": ""major triad"", ""B"": ""none of the other options is correct"", ""C"": ""quartal trichord"", ""D"": ""diminished triad"", ""E"": ""Major Third""}"	"[""(A) major triad"", ""(B) none of the other options is correct"", ""(C) quartal trichord"", ""(D) diminished triad"", ""(E) Major Third""]"	(A) major triad	A
714f7741-b48b-504c-af4e-96bd55e5b4d9	10	perception	harmony	absolute	harmony-absolute	harmonic-recognition		chord recognition	What is the chord at the {target_index} position considering all the voices?	"[""target_index""]"	get_harmonic_chord			"{""target_index"": ""5th""}"	What is the chord at the 5th position considering all the voices?	Vulpius_ChristusDerIstMeinLeben	chorale-bricks	Vulpius_ChristusDerIstMeinLeben	data/chorale-bricks/Vulpius_ChristusDerIstMeinLeben	major triad	"[""Major Third"", ""diminished triad"", ""minor triad"", ""quartal trichord""]"	"[""diminished triad"", ""Major Third"", ""quartal trichord"", ""minor triad""]"	audio	audio.mastermix.wav	data/chorale-bricks/Vulpius_ChristusDerIstMeinLeben/audio.mastermix.wav	major triad	"[""major triad"", ""none of the other options is correct"", ""diminished triad"", ""Major Third"", ""quartal trichord""]"	0.2	0	"[""A"", ""B"", ""C"", ""D"", ""E""]"	"{""A"": ""major triad"", ""B"": ""none of the other options is correct"", ""C"": ""Major Third"", ""D"": ""diminished triad"", ""E"": ""quartal trichord""}"	"[""(A) major triad"", ""(B) none of the other options is correct"", ""(C) Major Third"", ""(D) diminished triad"", ""(E) quartal trichord""]"	(A) major triad	A
b975b316-0781-5948-a7e1-bdd815f82cbf	10	perception	harmony	absolute	harmony-absolute	harmonic-recognition		chord recognition	What is the chord at the {target_index} position considering all the voices?	"[""target_index""]"	get_harmonic_chord			"{""target_index"": ""5th""}"	What is the chord at the 5th position considering all the voices?	Vulpius_ChristusDerIstMeinLeben	chorale-bricks	Vulpius_ChristusDerIstMeinLeben	data/chorale-bricks/Vulpius_ChristusDerIstMeinLeben	major triad	"[""Major Third"", ""diminished triad"", ""minor triad"", ""quartal trichord""]"	"[""diminished triad"", ""Major Third"", ""quartal trichord"", ""minor triad""]"	symbolic	symbolic.abc.txt	data/chorale-bricks/Vulpius_ChristusDerIstMeinLeben/symbolic.abc.txt	none of the other options is correct	"[""none of the other options is correct"", ""diminished triad"", ""Major Third"", ""quartal trichord"", ""minor triad""]"	0.2	1	"[""A"", ""B"", ""C"", ""D"", ""E""]"	"{""A"": ""quartal trichord"", ""B"": ""diminished triad"", ""C"": ""none of the other options is correct"", ""D"": ""minor triad"", ""E"": ""Major Third""}"	"[""(A) quartal trichord"", ""(B) diminished triad"", ""(C) none of the other options is correct"", ""(D) minor triad"", ""(E) Major Third""]"	(C) none of the other options is correct	C
5850d992-f4ec-5c8b-a4c5-54c0a35377ec	10	perception	harmony	absolute	harmony-absolute	harmonic-recognition		chord recognition	What is the chord at the {target_index} position considering all the voices?	"[""target_index""]"	get_harmonic_chord			"{""target_index"": ""5th""}"	What is the chord at the 5th position considering all the voices?	Vulpius_ChristusDerIstMeinLeben	chorale-bricks	Vulpius_ChristusDerIstMeinLeben	data/chorale-bricks/Vulpius_ChristusDerIstMeinLeben	major triad	"[""Major Third"", ""diminished triad"", ""minor triad"", ""quartal trichord""]"	"[""diminished triad"", ""Major Third"", ""quartal trichord"", ""minor triad""]"	visual	visual.short.png	data/chorale-bricks/Vulpius_ChristusDerIstMeinLeben/visual.short.png	major triad	"[""major triad"", ""none of the other options is correct"", ""diminished triad"", ""Major Third"", ""quartal trichord""]"	0.2	0	"[""A"", ""B"", ""C"", ""D"", ""E""]"	"{""A"": ""major triad"", ""B"": ""quartal trichord"", ""C"": ""none of the other options is correct"", ""D"": ""Major Third"", ""E"": ""diminished triad""}"	"[""(A) major triad"", ""(B) quartal trichord"", ""(C) none of the other options is correct"", ""(D) Major Third"", ""(E) diminished triad""]"	(A) major triad	A
c5e163a4-15eb-5bbc-903b-ee283ed985b9	10	perception	harmony	absolute	harmony-absolute	harmonic-recognition		chord recognition	What is the chord at the {target_index} position considering all the voices?	"[""target_index""]"	get_harmonic_chord			"{""target_index"": ""15th""}"	What is the chord at the 15th position considering all the voices?	Vulpius_DieHelleSonnLeuchtJetztHerfuer	chorale-bricks	Vulpius_DieHelleSonnLeuchtJetztHerfuer	data/chorale-bricks/Vulpius_DieHelleSonnLeuchtJetztHerfuer	major triad	"[""Major Third"", ""Perfect Fifth"", ""Perfect Fourth"", ""minor triad""]"	"[""Perfect Fifth"", ""Perfect Fourth"", ""minor triad"", ""Major Third""]"	audio	audio.mastermix.wav	data/chorale-bricks/Vulpius_DieHelleSonnLeuchtJetztHerfuer/audio.mastermix.wav	none of the other options is correct	"[""none of the other options is correct"", ""Perfect Fifth"", ""Perfect Fourth"", ""minor triad"", ""Major Third""]"	0.2	1	"[""A"", ""B"", ""C"", ""D"", ""E""]"	"{""A"": ""none of the other options is correct"", ""B"": ""Perfect Fifth"", ""C"": ""Perfect Fourth"", ""D"": ""Major Third"", ""E"": ""minor triad""}"	"[""(A) none of the other options is correct"", ""(B) Perfect Fifth"", ""(C) Perfect Fourth"", ""(D) Major Third"", ""(E) minor triad""]"	(A) none of the other options is correct	A
25c6aef5-ee6b-51c9-9439-18ab71e6aa69	10	perception	harmony	absolute	harmony-absolute	harmonic-recognition		chord recognition	What is the chord at the {target_index} position considering all the voices?	"[""target_index""]"	get_harmonic_chord			"{""target_index"": ""15th""}"	What is the chord at the 15th position considering all the voices?	Vulpius_DieHelleSonnLeuchtJetztHerfuer	chorale-bricks	Vulpius_DieHelleSonnLeuchtJetztHerfuer	data/chorale-bricks/Vulpius_DieHelleSonnLeuchtJetztHerfuer	major triad	"[""Major Third"", ""Perfect Fifth"", ""Perfect Fourth"", ""minor triad""]"	"[""Perfect Fifth"", ""Perfect Fourth"", ""minor triad"", ""Major Third""]"	symbolic	symbolic.abc.txt	data/chorale-bricks/Vulpius_DieHelleSonnLeuchtJetztHerfuer/symbolic.abc.txt	major triad	"[""major triad"", ""none of the other options is correct"", ""Perfect Fifth"", ""Perfect Fourth"", ""minor triad""]"	0.2	0	"[""A"", ""B"", ""C"", ""D"", ""E""]"	"{""A"": ""minor triad"", ""B"": ""Perfect Fourth"", ""C"": ""none of the other options is correct"", ""D"": ""major triad"", ""E"": ""Perfect Fifth""}"	"[""(A) minor triad"", ""(B) Perfect Fourth"", ""(C) none of the other options is correct"", ""(D) major triad"", ""(E) Perfect Fifth""]"	(D) major triad	D
123ca253-743f-58d0-ac1d-d388236a3e09	10	perception	harmony	absolute	harmony-absolute	harmonic-recognition		chord recognition	What is the chord at the {target_index} position considering all the voices?	"[""target_index""]"	get_harmonic_chord			"{""target_index"": ""15th""}"	What is the chord at the 15th position considering all the voices?	Vulpius_DieHelleSonnLeuchtJetztHerfuer	chorale-bricks	Vulpius_DieHelleSonnLeuchtJetztHerfuer	data/chorale-bricks/Vulpius_DieHelleSonnLeuchtJetztHerfuer	major triad	"[""Major Third"", ""Perfect Fifth"", ""Perfect Fourth"", ""minor triad""]"	"[""Perfect Fifth"", ""Perfect Fourth"", ""minor triad"", ""Major Third""]"	visual	visual.short.png	data/chorale-bricks/Vulpius_DieHelleSonnLeuchtJetztHerfuer/visual.short.png	major triad	"[""major triad"", ""none of the other options is correct"", ""Perfect Fifth"", ""Perfect Fourth"", ""minor triad""]"	0.2	0	"[""A"", ""B"", ""C"", ""D"", ""E""]"	"{""A"": ""major triad"", ""B"": ""Perfect Fourth"", ""C"": ""none of the other options is correct"", ""D"": ""Perfect Fifth"", ""E"": ""minor triad""}"	"[""(A) major triad"", ""(B) Perfect Fourth"", ""(C) none of the other options is correct"", ""(D) Perfect Fifth"", ""(E) minor triad""]"	(A) major triad	A
1383d1b2-865f-5768-ae44-c3883780df32	10	perception	harmony	absolute	harmony-absolute	harmonic-recognition		chord recognition	What is the chord at the {target_index} position considering all the voices?	"[""target_index""]"	get_harmonic_chord			"{""target_index"": ""22nd""}"	What is the chord at the 22nd position considering all the voices?	Anonymous_AusMeinesHerzensGrunde	chorale-bricks	Anonymous_AusMeinesHerzensGrunde	data/chorale-bricks/Anonymous_AusMeinesHerzensGrunde	major triad	"[""Major Third"", ""diminished triad"", ""incomplete minor-seventh chord"", ""major-second major tetrachord"", ""minor triad"", ""quartal trichord""]"	"[""quartal trichord"", ""diminished triad"", ""Major Third"", ""incomplete minor-seventh chord"", ""major-second major tetrachord"", ""minor triad""]"	audio	audio.mastermix.wav	data/chorale-bricks/Anonymous_AusMeinesHerzensGrunde/audio.mastermix.wav	none of the other options is correct	"[""none of the other options is correct"", ""quartal trichord"", ""diminished triad"", ""Major Third"", ""incomplete minor-seventh chord""]"	0.2	1	"[""A"", ""B"", ""C"", ""D"", ""E""]"	"{""A"": ""Major Third"", ""B"": ""quartal trichord"", ""C"": ""none of the other options is correct"", ""D"": ""incomplete minor-seventh chord"", ""E"": ""diminished triad""}"	"[""(A) Major Third"", ""(B) quartal trichord"", ""(C) none of the other options is correct"", ""(D) incomplete minor-seventh chord"", ""(E) diminished triad""]"	(C) none of the other options is correct	C
a9e3cdb9-32cb-5e3d-a685-da1f5da471c1	10	perception	harmony	absolute	harmony-absolute	harmonic-recognition		chord recognition	What is the chord at the {target_index} position considering all the voices?	"[""target_index""]"	get_harmonic_chord			"{""target_index"": ""22nd""}"	What is the chord at the 22nd position considering all the voices?	Anonymous_AusMeinesHerzensGrunde	chorale-bricks	Anonymous_AusMeinesHerzensGrunde	data/chorale-bricks/Anonymous_AusMeinesHerzensGrunde	major triad	"[""Major Third"", ""diminished triad"", ""incomplete minor-seventh chord"", ""major-second major tetrachord"", ""minor triad"", ""quartal trichord""]"	"[""quartal trichord"", ""diminished triad"", ""Major Third"", ""incomplete minor-seventh chord"", ""major-second major tetrachord"", ""minor triad""]"	symbolic	symbolic.abc.txt	data/chorale-bricks/Anonymous_AusMeinesHerzensGrunde/symbolic.abc.txt	major triad	"[""major triad"", ""none of the other options is correct"", ""quartal trichord"", ""diminished triad"", ""Major Third""]"	0.2	0	"[""A"", ""B"", ""C"", ""D"", ""E""]"	"{""A"": ""none of the other options is correct"", ""B"": ""diminished triad"", ""C"": ""Major Third"", ""D"": ""major triad"", ""E"": ""quartal trichord""}"	"[""(A) none of the other options is correct"", ""(B) diminished triad"", ""(C) Major Third"", ""(D) major triad"", ""(E) quartal trichord""]"	(D) major triad	D
f1934e77-9d33-5ca6-ab0b-7bd8195c0fbe	10	perception	harmony	absolute	harmony-absolute	harmonic-recognition		chord recognition	What is the chord at the {target_index} position considering all the voices?	"[""target_index""]"	get_harmonic_chord			"{""target_index"": ""22nd""}"	What is the chord at the 22nd position considering all the voices?	Anonymous_AusMeinesHerzensGrunde	chorale-bricks	Anonymous_AusMeinesHerzensGrunde	data/chorale-bricks/Anonymous_AusMeinesHerzensGrunde	major triad	"[""Major Third"", ""diminished triad"", ""incomplete minor-seventh chord"", ""major-second major tetrachord"", ""minor triad"", ""quartal trichord""]"	"[""quartal trichord"", ""diminished triad"", ""Major Third"", ""incomplete minor-seventh chord"", ""major-second major tetrachord"", ""minor triad""]"	visual	visual.short.png	data/chorale-bricks/Anonymous_AusMeinesHerzensGrunde/visual.short.png	major triad	"[""major triad"", ""none of the other options is correct"", ""quartal trichord"", ""diminished triad"", ""Major Third""]"	0.2	0	"[""A"", ""B"", ""C"", ""D"", ""E""]"	"{""A"": ""diminished triad"", ""B"": ""quartal trichord"", ""C"": ""none of the other options is correct"", ""D"": ""Major Third"", ""E"": ""major triad""}"	"[""(A) diminished triad"", ""(B) quartal trichord"", ""(C) none of the other options is correct"", ""(D) Major Third"", ""(E) major triad""]"	(E) major triad	E
ebb3dc30-6818-5e23-a91f-04f7797e7e85	10	perception	harmony	absolute	harmony-absolute	harmonic-recognition		chord recognition	What is the chord at the {target_index} position considering all the voices?	"[""target_index""]"	get_harmonic_chord			"{""target_index"": ""7th""}"	What is the chord at the 7th position considering all the voices?	Crueger_AufAufMeinHerzMitFreuden	chorale-bricks	Crueger_AufAufMeinHerzMitFreuden	data/chorale-bricks/Crueger_AufAufMeinHerzMitFreuden	major triad	"[""Major Third"", ""Minor Third"", ""diminished triad"", ""incomplete minor-seventh chord"", ""major-second minor tetrachord"", ""minor triad"", ""perfect-fourth major tetrachord"", ""quartal trichord""]"	"[""major-second minor tetrachord"", ""diminished triad"", ""incomplete minor-seventh chord"", ""minor triad"", ""Major Third"", ""quartal trichord"", ""Minor Third"", ""perfect-fourth major tetrachord""]"	audio	audio.mastermix.wav	data/chorale-bricks/Crueger_AufAufMeinHerzMitFreuden/audio.mastermix.wav	major triad	"[""major triad"", ""none of the other options is correct"", ""major-second minor tetrachord"", ""diminished triad"", ""incomplete minor-seventh chord""]"	0.2	0	"[""A"", ""B"", ""C"", ""D"", ""E""]"	"{""A"": ""diminished triad"", ""B"": ""major triad"", ""C"": ""none of the other options is correct"", ""D"": ""incomplete minor-seventh chord"", ""E"": ""major-second minor tetrachord""}"	"[""(A) diminished triad"", ""(B) major triad"", ""(C) none of the other options is correct"", ""(D) incomplete minor-seventh chord"", ""(E) major-second minor tetrachord""]"	(B) major triad	B
67589ca2-cab9-51e4-a4d6-689d87307ee8	10	perception	harmony	absolute	harmony-absolute	harmonic-recognition		chord recognition	What is the chord at the {target_index} position considering all the voices?	"[""target_index""]"	get_harmonic_chord			"{""target_index"": ""7th""}"	What is the chord at the 7th position considering all the voices?	Crueger_AufAufMeinHerzMitFreuden	chorale-bricks	Crueger_AufAufMeinHerzMitFreuden	data/chorale-bricks/Crueger_AufAufMeinHerzMitFreuden	major triad	"[""Major Third"", ""Minor Third"", ""diminished triad"", ""incomplete minor-seventh chord"", ""major-second minor tetrachord"", ""minor triad"", ""perfect-fourth major tetrachord"", ""quartal trichord""]"	"[""major-second minor tetrachord"", ""diminished triad"", ""incomplete minor-seventh chord"", ""minor triad"", ""Major Third"", ""quartal trichord"", ""Minor Third"", ""perfect-fourth major tetrachord""]"	symbolic	symbolic.abc.txt	data/chorale-bricks/Crueger_AufAufMeinHerzMitFreuden/symbolic.abc.txt	none of the other options is correct	"[""none of the other options is correct"", ""major-second minor tetrachord"", ""diminished triad"", ""incomplete minor-seventh chord"", ""minor triad""]"	0.2	1	"[""A"", ""B"", ""C"", ""D"", ""E""]"	"{""A"": ""incomplete minor-seventh chord"", ""B"": ""diminished triad"", ""C"": ""minor triad"", ""D"": ""none of the other options is correct"", ""E"": ""major-second minor tetrachord""}"	"[""(A) incomplete minor-seventh chord"", ""(B) diminished triad"", ""(C) minor triad"", ""(D) none of the other options is correct"", ""(E) major-second minor tetrachord""]"	(D) none of the other options is correct	D
17cac947-ec92-5349-953b-f5ea53492b0a	10	perception	harmony	absolute	harmony-absolute	harmonic-recognition		chord recognition	What is the chord at the {target_index} position considering all the voices?	"[""target_index""]"	get_harmonic_chord			"{""target_index"": ""7th""}"	What is the chord at the 7th position considering all the voices?	Crueger_AufAufMeinHerzMitFreuden	chorale-bricks	Crueger_AufAufMeinHerzMitFreuden	data/chorale-bricks/Crueger_AufAufMeinHerzMitFreuden	major triad	"[""Major Third"", ""Minor Third"", ""diminished triad"", ""incomplete minor-seventh chord"", ""major-second minor tetrachord"", ""minor triad"", ""perfect-fourth major tetrachord"", ""quartal trichord""]"	"[""major-second minor tetrachord"", ""diminished triad"", ""incomplete minor-seventh chord"", ""minor triad"", ""Major Third"", ""quartal trichord"", ""Minor Third"", ""perfect-fourth major tetrachord""]"	visual	visual.short.png	data/chorale-bricks/Crueger_AufAufMeinHerzMitFreuden/visual.short.png	major triad	"[""major triad"", ""none of the other options is correct"", ""major-second minor tetrachord"", ""diminished triad"", ""incomplete minor-seventh chord""]"	0.2	0	"[""A"", ""B"", ""C"", ""D"", ""E""]"	"{""A"": ""none of the other options is correct"", ""B"": ""major triad"", ""C"": ""incomplete minor-seventh chord"", ""D"": ""major-second minor tetrachord"", ""E"": ""diminished triad""}"	"[""(A) none of the other options is correct"", ""(B) major triad"", ""(C) incomplete minor-seventh chord"", ""(D) major-second minor tetrachord"", ""(E) diminished triad""]"	(B) major triad	B
a0cbecdc-6d8a-5888-b591-ce2c72c49bbc	10	perception	harmony	absolute	harmony-absolute	harmonic-recognition		chord recognition	What is the chord at the {target_index} position considering all the voices?	"[""target_index""]"	get_harmonic_chord			"{""target_index"": ""18th""}"	What is the chord at the 18th position considering all the voices?	Telemann_DerLiebenSonneLichtUndPracht	chorale-bricks	Telemann_DerLiebenSonneLichtUndPracht	data/chorale-bricks/Telemann_DerLiebenSonneLichtUndPracht	major triad	"[""Major Third"", ""diminished triad"", ""minor seventh chord"", ""minor triad"", ""perfect-fourth major tetrachord"", ""quartal trichord""]"	"[""perfect-fourth major tetrachord"", ""minor triad"", ""quartal trichord"", ""diminished triad"", ""Major Third"", ""minor seventh chord""]"	audio	audio.mastermix.wav	data/chorale-bricks/Telemann_DerLiebenSonneLichtUndPracht/audio.mastermix.wav	major triad	"[""major triad"", ""none of the other options is correct"", ""perfect-fourth major tetrachord"", ""minor triad"", ""quartal trichord""]"	0.2	0	"[""A"", ""B"", ""C"", ""D"", ""E""]"	"{""A"": ""quartal trichord"", ""B"": ""minor triad"", ""C"": ""none of the other options is correct"", ""D"": ""major triad"", ""E"": ""perfect-fourth major tetrachord""}"	"[""(A) quartal trichord"", ""(B) minor triad"", ""(C) none of the other options is correct"", ""(D) major triad"", ""(E) perfect-fourth major tetrachord""]"	(D) major triad	D
4ade7027-7074-568a-ad7d-0827471ef930	10	perception	harmony	absolute	harmony-absolute	harmonic-recognition		chord recognition	What is the chord at the {target_index} position considering all the voices?	"[""target_index""]"	get_harmonic_chord			"{""target_index"": ""18th""}"	What is the chord at the 18th position considering all the voices?	Telemann_DerLiebenSonneLichtUndPracht	chorale-bricks	Telemann_DerLiebenSonneLichtUndPracht	data/chorale-bricks/Telemann_DerLiebenSonneLichtUndPracht	major triad	"[""Major Third"", ""diminished triad"", ""minor seventh chord"", ""minor triad"", ""perfect-fourth major tetrachord"", ""quartal trichord""]"	"[""perfect-fourth major tetrachord"", ""minor triad"", ""quartal trichord"", ""diminished triad"", ""Major Third"", ""minor seventh chord""]"	symbolic	symbolic.abc.txt	data/chorale-bricks/Telemann_DerLiebenSonneLichtUndPracht/symbolic.abc.txt	major triad	"[""major triad"", ""none of the other options is correct"", ""perfect-fourth major tetrachord"", ""minor triad"", ""quartal trichord""]"	0.2	0	"[""A"", ""B"", ""C"", ""D"", ""E""]"	"{""A"": ""minor triad"", ""B"": ""major triad"", ""C"": ""none of the other options is correct"", ""D"": ""quartal trichord"", ""E"": ""perfect-fourth major tetrachord""}"	"[""(A) minor triad"", ""(B) major triad"", ""(C) none of the other options is correct"", ""(D) quartal trichord"", ""(E) perfect-fourth major tetrachord""]"	(B) major triad	B
3d90ce3f-1131-54f2-a426-1e33e8a15ef5	10	perception	harmony	absolute	harmony-absolute	harmonic-recognition		chord recognition	What is the chord at the {target_index} position considering all the voices?	"[""target_index""]"	get_harmonic_chord			"{""target_index"": ""18th""}"	What is the chord at the 18th position considering all the voices?	Telemann_DerLiebenSonneLichtUndPracht	chorale-bricks	Telemann_DerLiebenSonneLichtUndPracht	data/chorale-bricks/Telemann_DerLiebenSonneLichtUndPracht	major triad	"[""Major Third"", ""diminished triad"", ""minor seventh chord"", ""minor triad"", ""perfect-fourth major tetrachord"", ""quartal trichord""]"	"[""perfect-fourth major tetrachord"", ""minor triad"", ""quartal trichord"", ""diminished triad"", ""Major Third"", ""minor seventh chord""]"	visual	visual.short.png	data/chorale-bricks/Telemann_DerLiebenSonneLichtUndPracht/visual.short.png	major triad	"[""major triad"", ""none of the other options is correct"", ""perfect-fourth major tetrachord"", ""minor triad"", ""quartal trichord""]"	0.2	0	"[""A"", ""B"", ""C"", ""D"", ""E""]"	"{""A"": ""minor triad"", ""B"": ""none of the other options is correct"", ""C"": ""perfect-fourth major tetrachord"", ""D"": ""major triad"", ""E"": ""quartal trichord""}"	"[""(A) minor triad"", ""(B) none of the other options is correct"", ""(C) perfect-fourth major tetrachord"", ""(D) major triad"", ""(E) quartal trichord""]"	(D) major triad	D
a8028d01-c031-5818-a57b-2905a2f1b5c9	11	perception	harmony	relative	harmony-relative	harmonic-recognition		cadence recognition	What is the chord progression between the {target_index} chord and the next one?	"[""target_index""]"	get_harmonic_cadence			"{""target_index"": ""9th""}"	What is the chord progression between the 9th chord and the next one?	Telemann_DerLiebenSonneLichtUndPracht	chorale-bricks	Telemann_DerLiebenSonneLichtUndPracht	data/chorale-bricks/Telemann_DerLiebenSonneLichtUndPracht	V - I	"[""I - I"", ""I - IV"", ""I - V"", ""I - fI"", ""I - i"", ""I - v"", ""I - vi"", ""II - v"", ""III - III"", ""III - IV"", ""III - VI"", ""III - VII"", ""III - fIII"", ""III - iv"", ""IV - I"", ""IV - V"", ""IV - VII"", ""IV - fIV"", ""IV - i"", ""IV - ii"", ""V - IV"", ""V - V"", ""V - VI"", ""V - fV"", ""V - i"", ""V - iv"", ""V - v"", ""V - vi"", ""V7 - I"", ""V7 - VI"", ""V7 - fV7"", ""V7 - i"", ""V7 - vi"", ""VI - III"", ""VI - V"", ""VI - VII"", ""VI - fVI"", ""VI - ii"", ""VI - iv"", ""VII - III"", ""VII - IV"", ""VII - VII"", ""VII - i"", ""VII - ii"", ""VII - iv"", ""VII - v"", ""i - I"", ""i - III"", ""i - IV"", ""i - V"", ""i - VI"", ""i - VII"", ""i - fi"", ""i - i"", ""i - iv"", ""ii - III"", ""ii - IV"", ""ii - V"", ""ii - V7"", ""ii - fii"", ""ii - iv"", ""ii - v"", ""ii - vi"", ""ii7 - V"", ""ii7 - fii7"", ""iii - IV"", ""iii - fiii"", ""iii - vi"", ""iv - I"", ""iv - III"", ""iv - V"", ""iv - VII"", ""iv - fiv"", ""iv - i"", ""iv - ii"", ""v - II"", ""v - III"", ""v - IV"", ""v - V"", ""v - VI"", ""v - fv"", ""v - i"", ""v - v"", ""vi - I"", ""vi - V"", ""vi - fvi"", ""vi - ii"", ""vi - iv"", ""vi - vi"", ""vii - I"", ""vii - fvii"", ""vii - i"", ""vii7 - I"", ""vii7 - fvii7"", ""vii7 - i""]"	"[""i - VI"", ""iii - vi"", ""vii - I"", ""ii - vi"", ""III - fIII"", ""III - IV"", ""VII - i"", ""i - VII"", ""v - III"", ""i - IV"", ""i - i"", ""v - fv"", ""iv - ii"", ""I - fI"", ""II - v"", ""ii - III"", ""IV - V"", ""III - iv"", ""iii - IV"", ""v - V"", ""VI - III"", ""VI - fVI"", ""VII - VII"", ""vi - fvi"", ""III - VII"", ""v - v"", ""vi - I"", ""iv - i"", ""V7 - VI"", ""I - i"", ""iv - V"", ""ii - V"", ""vii7 - i"", ""v - IV"", ""III - III"", ""V - v"", ""i - V"", ""III - VI"", ""VII - ii"", ""vii7 - I"", ""v - VI"", ""V7 - vi"", ""VI - iv"", ""IV - ii"", ""I - IV"", ""VII - v"", ""i - iv"", ""iv - fiv"", ""V - i"", ""ii - IV"", ""i - fi"", ""ii7 - fii7"", ""V - VI"", ""VII - iv"", ""vi - vi"", ""vi - ii"", ""V7 - I"", ""iv - VII"", ""VI - V"", ""vi - V"", ""V7 - i"", ""VII - III"", ""VI - ii"", ""i - I"", ""I - v"", ""ii - v"", ""V - vi"", ""ii - iv"", ""VI - VII"", ""vii - fvii"", ""ii - fii"", ""v - i"", ""ii - V7"", ""I - I"", ""iv - III"", ""ii7 - V"", ""I - V"", ""vii - i"", ""V - iv"", ""vii7 - fvii7"", ""IV - I"", ""V7 - fV7"", ""v - II"", ""V - V"", ""iv - I"", ""iii - fiii"", ""IV - i"", ""IV - fIV"", ""V - fV"", ""i - III"", ""V - IV"", ""VII - IV"", ""IV - VII"", ""I - vi"", ""vi - iv""]"	audio	audio.mastermix.wav	data/chorale-bricks/Telemann_DerLiebenSonneLichtUndPracht/audio.mastermix.wav	V - I	"[""V - I"", ""none of the other options is correct"", ""i - VI"", ""iii - vi"", ""vii - I""]"	0.2	0	"[""A"", ""B"", ""C"", ""D"", ""E""]"	"{""A"": ""none of the other options is correct"", ""B"": ""i - VI"", ""C"": ""iii - vi"", ""D"": ""V - I"", ""E"": ""vii - I""}"	"[""(A) none of the other options is correct"", ""(B) i - VI"", ""(C) iii - vi"", ""(D) V - I"", ""(E) vii - I""]"	(D) V - I	D
9819280f-18bd-57a4-8fdb-aa02ad633f47	11	perception	harmony	relative	harmony-relative	harmonic-recognition		cadence recognition	What is the chord progression between the {target_index} chord and the next one?	"[""target_index""]"	get_harmonic_cadence			"{""target_index"": ""9th""}"	What is the chord progression between the 9th chord and the next one?	Telemann_DerLiebenSonneLichtUndPracht	chorale-bricks	Telemann_DerLiebenSonneLichtUndPracht	data/chorale-bricks/Telemann_DerLiebenSonneLichtUndPracht	V - I	"[""I - I"", ""I - IV"", ""I - V"", ""I - fI"", ""I - i"", ""I - v"", ""I - vi"", ""II - v"", ""III - III"", ""III - IV"", ""III - VI"", ""III - VII"", ""III - fIII"", ""III - iv"", ""IV - I"", ""IV - V"", ""IV - VII"", ""IV - fIV"", ""IV - i"", ""IV - ii"", ""V - IV"", ""V - V"", ""V - VI"", ""V - fV"", ""V - i"", ""V - iv"", ""V - v"", ""V - vi"", ""V7 - I"", ""V7 - VI"", ""V7 - fV7"", ""V7 - i"", ""V7 - vi"", ""VI - III"", ""VI - V"", ""VI - VII"", ""VI - fVI"", ""VI - ii"", ""VI - iv"", ""VII - III"", ""VII - IV"", ""VII - VII"", ""VII - i"", ""VII - ii"", ""VII - iv"", ""VII - v"", ""i - I"", ""i - III"", ""i - IV"", ""i - V"", ""i - VI"", ""i - VII"", ""i - fi"", ""i - i"", ""i - iv"", ""ii - III"", ""ii - IV"", ""ii - V"", ""ii - V7"", ""ii - fii"", ""ii - iv"", ""ii - v"", ""ii - vi"", ""ii7 - V"", ""ii7 - fii7"", ""iii - IV"", ""iii - fiii"", ""iii - vi"", ""iv - I"", ""iv - III"", ""iv - V"", ""iv - VII"", ""iv - fiv"", ""iv - i"", ""iv - ii"", ""v - II"", ""v - III"", ""v - IV"", ""v - V"", ""v - VI"", ""v - fv"", ""v - i"", ""v - v"", ""vi - I"", ""vi - V"", ""vi - fvi"", ""vi - ii"", ""vi - iv"", ""vi - vi"", ""vii - I"", ""vii - fvii"", ""vii - i"", ""vii7 - I"", ""vii7 - fvii7"", ""vii7 - i""]"	"[""i - VI"", ""iii - vi"", ""vii - I"", ""ii - vi"", ""III - fIII"", ""III - IV"", ""VII - i"", ""i - VII"", ""v - III"", ""i - IV"", ""i - i"", ""v - fv"", ""iv - ii"", ""I - fI"", ""II - v"", ""ii - III"", ""IV - V"", ""III - iv"", ""iii - IV"", ""v - V"", ""VI - III"", ""VI - fVI"", ""VII - VII"", ""vi - fvi"", ""III - VII"", ""v - v"", ""vi - I"", ""iv - i"", ""V7 - VI"", ""I - i"", ""iv - V"", ""ii - V"", ""vii7 - i"", ""v - IV"", ""III - III"", ""V - v"", ""i - V"", ""III - VI"", ""VII - ii"", ""vii7 - I"", ""v - VI"", ""V7 - vi"", ""VI - iv"", ""IV - ii"", ""I - IV"", ""VII - v"", ""i - iv"", ""iv - fiv"", ""V - i"", ""ii - IV"", ""i - fi"", ""ii7 - fii7"", ""V - VI"", ""VII - iv"", ""vi - vi"", ""vi - ii"", ""V7 - I"", ""iv - VII"", ""VI - V"", ""vi - V"", ""V7 - i"", ""VII - III"", ""VI - ii"", ""i - I"", ""I - v"", ""ii - v"", ""V - vi"", ""ii - iv"", ""VI - VII"", ""vii - fvii"", ""ii - fii"", ""v - i"", ""ii - V7"", ""I - I"", ""iv - III"", ""ii7 - V"", ""I - V"", ""vii - i"", ""V - iv"", ""vii7 - fvii7"", ""IV - I"", ""V7 - fV7"", ""v - II"", ""V - V"", ""iv - I"", ""iii - fiii"", ""IV - i"", ""IV - fIV"", ""V - fV"", ""i - III"", ""V - IV"", ""VII - IV"", ""IV - VII"", ""I - vi"", ""vi - iv""]"	symbolic	symbolic.abc.txt	data/chorale-bricks/Telemann_DerLiebenSonneLichtUndPracht/symbolic.abc.txt	V - I	"[""V - I"", ""none of the other options is correct"", ""i - VI"", ""iii - vi"", ""vii - I""]"	0.2	0	"[""A"", ""B"", ""C"", ""D"", ""E""]"	"{""A"": ""iii - vi"", ""B"": ""vii - I"", ""C"": ""i - VI"", ""D"": ""V - I"", ""E"": ""none of the other options is correct""}"	"[""(A) iii - vi"", ""(B) vii - I"", ""(C) i - VI"", ""(D) V - I"", ""(E) none of the other options is correct""]"	(D) V - I	D
8e1cf0d1-7913-5c8f-9b02-2c49a5b1f8bd	11	perception	harmony	relative	harmony-relative	harmonic-recognition		cadence recognition	What is the chord progression between the {target_index} chord and the next one?	"[""target_index""]"	get_harmonic_cadence			"{""target_index"": ""9th""}"	What is the chord progression between the 9th chord and the next one?	Telemann_DerLiebenSonneLichtUndPracht	chorale-bricks	Telemann_DerLiebenSonneLichtUndPracht	data/chorale-bricks/Telemann_DerLiebenSonneLichtUndPracht	V - I	"[""I - I"", ""I - IV"", ""I - V"", ""I - fI"", ""I - i"", ""I - v"", ""I - vi"", ""II - v"", ""III - III"", ""III - IV"", ""III - VI"", ""III - VII"", ""III - fIII"", ""III - iv"", ""IV - I"", ""IV - V"", ""IV - VII"", ""IV - fIV"", ""IV - i"", ""IV - ii"", ""V - IV"", ""V - V"", ""V - VI"", ""V - fV"", ""V - i"", ""V - iv"", ""V - v"", ""V - vi"", ""V7 - I"", ""V7 - VI"", ""V7 - fV7"", ""V7 - i"", ""V7 - vi"", ""VI - III"", ""VI - V"", ""VI - VII"", ""VI - fVI"", ""VI - ii"", ""VI - iv"", ""VII - III"", ""VII - IV"", ""VII - VII"", ""VII - i"", ""VII - ii"", ""VII - iv"", ""VII - v"", ""i - I"", ""i - III"", ""i - IV"", ""i - V"", ""i - VI"", ""i - VII"", ""i - fi"", ""i - i"", ""i - iv"", ""ii - III"", ""ii - IV"", ""ii - V"", ""ii - V7"", ""ii - fii"", ""ii - iv"", ""ii - v"", ""ii - vi"", ""ii7 - V"", ""ii7 - fii7"", ""iii - IV"", ""iii - fiii"", ""iii - vi"", ""iv - I"", ""iv - III"", ""iv - V"", ""iv - VII"", ""iv - fiv"", ""iv - i"", ""iv - ii"", ""v - II"", ""v - III"", ""v - IV"", ""v - V"", ""v - VI"", ""v - fv"", ""v - i"", ""v - v"", ""vi - I"", ""vi - V"", ""vi - fvi"", ""vi - ii"", ""vi - iv"", ""vi - vi"", ""vii - I"", ""vii - fvii"", ""vii - i"", ""vii7 - I"", ""vii7 - fvii7"", ""vii7 - i""]"	"[""i - VI"", ""iii - vi"", ""vii - I"", ""ii - vi"", ""III - fIII"", ""III - IV"", ""VII - i"", ""i - VII"", ""v - III"", ""i - IV"", ""i - i"", ""v - fv"", ""iv - ii"", ""I - fI"", ""II - v"", ""ii - III"", ""IV - V"", ""III - iv"", ""iii - IV"", ""v - V"", ""VI - III"", ""VI - fVI"", ""VII - VII"", ""vi - fvi"", ""III - VII"", ""v - v"", ""vi - I"", ""iv - i"", ""V7 - VI"", ""I - i"", ""iv - V"", ""ii - V"", ""vii7 - i"", ""v - IV"", ""III - III"", ""V - v"", ""i - V"", ""III - VI"", ""VII - ii"", ""vii7 - I"", ""v - VI"", ""V7 - vi"", ""VI - iv"", ""IV - ii"", ""I - IV"", ""VII - v"", ""i - iv"", ""iv - fiv"", ""V - i"", ""ii - IV"", ""i - fi"", ""ii7 - fii7"", ""V - VI"", ""VII - iv"", ""vi - vi"", ""vi - ii"", ""V7 - I"", ""iv - VII"", ""VI - V"", ""vi - V"", ""V7 - i"", ""VII - III"", ""VI - ii"", ""i - I"", ""I - v"", ""ii - v"", ""V - vi"", ""ii - iv"", ""VI - VII"", ""vii - fvii"", ""ii - fii"", ""v - i"", ""ii - V7"", ""I - I"", ""iv - III"", ""ii7 - V"", ""I - V"", ""vii - i"", ""V - iv"", ""vii7 - fvii7"", ""IV - I"", ""V7 - fV7"", ""v - II"", ""V - V"", ""iv - I"", ""iii - fiii"", ""IV - i"", ""IV - fIV"", ""V - fV"", ""i - III"", ""V - IV"", ""VII - IV"", ""IV - VII"", ""I - vi"", ""vi - iv""]"	visual	visual.short.png	data/chorale-bricks/Telemann_DerLiebenSonneLichtUndPracht/visual.short.png	V - I	"[""V - I"", ""none of the other options is correct"", ""i - VI"", ""iii - vi"", ""vii - I""]"	0.2	0	"[""A"", ""B"", ""C"", ""D"", ""E""]"	"{""A"": ""vii - I"", ""B"": ""i - VI"", ""C"": ""iii - vi"", ""D"": ""none of the other options is correct"", ""E"": ""V - I""}"	"[""(A) vii - I"", ""(B) i - VI"", ""(C) iii - vi"", ""(D) none of the other options is correct"", ""(E) V - I""]"	(E) V - I	E
724082ae-72c1-5132-84c7-64f746acc118	11	perception	harmony	relative	harmony-relative	harmonic-recognition		cadence recognition	What is the chord progression between the {target_index} chord and the next one?	"[""target_index""]"	get_harmonic_cadence			"{""target_index"": ""13th""}"	What is the chord progression between the 13th chord and the next one?	Anonymous_AusMeinesHerzensGrunde	chorale-bricks	Anonymous_AusMeinesHerzensGrunde	data/chorale-bricks/Anonymous_AusMeinesHerzensGrunde	i - V	"[""I - I"", ""I - IV"", ""I - V"", ""I - fI"", ""I - i"", ""I - v"", ""I - vi"", ""II - v"", ""III - III"", ""III - IV"", ""III - VI"", ""III - VII"", ""III - fIII"", ""III - iv"", ""IV - I"", ""IV - V"", ""IV - VII"", ""IV - fIV"", ""IV - i"", ""IV - ii"", ""V - I"", ""V - IV"", ""V - V"", ""V - VI"", ""V - fV"", ""V - i"", ""V - iv"", ""V - v"", ""V - vi"", ""V7 - I"", ""V7 - VI"", ""V7 - fV7"", ""V7 - i"", ""V7 - vi"", ""VI - III"", ""VI - V"", ""VI - VII"", ""VI - fVI"", ""VI - ii"", ""VI - iv"", ""VII - III"", ""VII - IV"", ""VII - VII"", ""VII - i"", ""VII - ii"", ""VII - iv"", ""VII - v"", ""i - I"", ""i - III"", ""i - IV"", ""i - VI"", ""i - VII"", ""i - fi"", ""i - i"", ""i - iv"", ""ii - III"", ""ii - IV"", ""ii - V"", ""ii - V7"", ""ii - fii"", ""ii - iv"", ""ii - v"", ""ii - vi"", ""ii7 - V"", ""ii7 - fii7"", ""iii - IV"", ""iii - fiii"", ""iii - vi"", ""iv - I"", ""iv - III"", ""iv - V"", ""iv - VII"", ""iv - fiv"", ""iv - i"", ""iv - ii"", ""v - II"", ""v - III"", ""v - IV"", ""v - V"", ""v - VI"", ""v - fv"", ""v - i"", ""v - v"", ""vi - I"", ""vi - V"", ""vi - fvi"", ""vi - ii"", ""vi - iv"", ""vi - vi"", ""vii - I"", ""vii - fvii"", ""vii - i"", ""vii7 - I"", ""vii7 - fvii7"", ""vii7 - i""]"	"[""V - IV"", ""iv - i"", ""ii - III"", ""v - fv"", ""I - fI"", ""VI - V"", ""vii7 - fvii7"", ""iii - vi"", ""V7 - fV7"", ""III - VII"", ""vi - iv"", ""IV - ii"", ""i - IV"", ""III - IV"", ""I - IV"", ""V7 - vi"", ""V - V"", ""iii - IV"", ""IV - V"", ""ii - V7"", ""I - i"", ""v - i"", ""vi - fvi"", ""IV - I"", ""vi - I"", ""ii - iv"", ""VII - v"", ""V7 - i"", ""v - II"", ""iv - ii"", ""i - VII"", ""IV - VII"", ""VII - VII"", ""V7 - VI"", ""iii - fiii"", ""i - iv"", ""vii7 - i"", ""iv - III"", ""vii - fvii"", ""ii - V"", ""VI - iv"", ""vi - ii"", ""VII - IV"", ""V - i"", ""v - V"", ""iv - I"", ""ii - IV"", ""VI - fVI"", ""ii - vi"", ""vii - I"", ""II - v"", ""ii - v"", ""ii7 - fii7"", ""VII - III"", ""V - vi"", ""vii - i"", ""v - III"", ""iv - fiv"", ""vi - V"", ""i - III"", ""IV - fIV"", ""vii7 - I"", ""V7 - I"", ""V - VI"", ""VII - i"", ""I - v"", ""III - III"", ""iv - V"", ""iv - VII"", ""v - IV"", ""V - fV"", ""i - I"", ""VI - III"", ""V - I"", ""I - I"", ""III - iv"", ""i - i"", ""VII - ii"", ""v - VI"", ""VI - ii"", ""I - vi"", ""III - fIII"", ""V - v"", ""i - fi"", ""III - VI"", ""VII - iv"", ""IV - i"", ""vi - vi"", ""I - V"", ""v - v"", ""i - VI"", ""VI - VII"", ""ii7 - V"", ""V - iv"", ""ii - fii""]"	audio	audio.mastermix.wav	data/chorale-bricks/Anonymous_AusMeinesHerzensGrunde/audio.mastermix.wav	i - V	"[""i - V"", ""none of the other options is correct"", ""V - IV"", ""iv - i"", ""ii - III""]"	0.2	0	"[""A"", ""B"", ""C"", ""D"", ""E""]"	"{""A"": ""i - V"", ""B"": ""none of the other options is correct"", ""C"": ""iv - i"", ""D"": ""V - IV"", ""E"": ""ii - III""}"	"[""(A) i - V"", ""(B) none of the other options is correct"", ""(C) iv - i"", ""(D) V - IV"", ""(E) ii - III""]"	(A) i - V	A
52fa9301-dcce-5755-866f-9d3fe0dda5e1	11	perception	harmony	relative	harmony-relative	harmonic-recognition		cadence recognition	What is the chord progression between the {target_index} chord and the next one?	"[""target_index""]"	get_harmonic_cadence			"{""target_index"": ""13th""}"	What is the chord progression between the 13th chord and the next one?	Anonymous_AusMeinesHerzensGrunde	chorale-bricks	Anonymous_AusMeinesHerzensGrunde	data/chorale-bricks/Anonymous_AusMeinesHerzensGrunde	i - V	"[""I - I"", ""I - IV"", ""I - V"", ""I - fI"", ""I - i"", ""I - v"", ""I - vi"", ""II - v"", ""III - III"", ""III - IV"", ""III - VI"", ""III - VII"", ""III - fIII"", ""III - iv"", ""IV - I"", ""IV - V"", ""IV - VII"", ""IV - fIV"", ""IV - i"", ""IV - ii"", ""V - I"", ""V - IV"", ""V - V"", ""V - VI"", ""V - fV"", ""V - i"", ""V - iv"", ""V - v"", ""V - vi"", ""V7 - I"", ""V7 - VI"", ""V7 - fV7"", ""V7 - i"", ""V7 - vi"", ""VI - III"", ""VI - V"", ""VI - VII"", ""VI - fVI"", ""VI - ii"", ""VI - iv"", ""VII - III"", ""VII - IV"", ""VII - VII"", ""VII - i"", ""VII - ii"", ""VII - iv"", ""VII - v"", ""i - I"", ""i - III"", ""i - IV"", ""i - VI"", ""i - VII"", ""i - fi"", ""i - i"", ""i - iv"", ""ii - III"", ""ii - IV"", ""ii - V"", ""ii - V7"", ""ii - fii"", ""ii - iv"", ""ii - v"", ""ii - vi"", ""ii7 - V"", ""ii7 - fii7"", ""iii - IV"", ""iii - fiii"", ""iii - vi"", ""iv - I"", ""iv - III"", ""iv - V"", ""iv - VII"", ""iv - fiv"", ""iv - i"", ""iv - ii"", ""v - II"", ""v - III"", ""v - IV"", ""v - V"", ""v - VI"", ""v - fv"", ""v - i"", ""v - v"", ""vi - I"", ""vi - V"", ""vi - fvi"", ""vi - ii"", ""vi - iv"", ""vi - vi"", ""vii - I"", ""vii - fvii"", ""vii - i"", ""vii7 - I"", ""vii7 - fvii7"", ""vii7 - i""]"	"[""V - IV"", ""iv - i"", ""ii - III"", ""v - fv"", ""I - fI"", ""VI - V"", ""vii7 - fvii7"", ""iii - vi"", ""V7 - fV7"", ""III - VII"", ""vi - iv"", ""IV - ii"", ""i - IV"", ""III - IV"", ""I - IV"", ""V7 - vi"", ""V - V"", ""iii - IV"", ""IV - V"", ""ii - V7"", ""I - i"", ""v - i"", ""vi - fvi"", ""IV - I"", ""vi - I"", ""ii - iv"", ""VII - v"", ""V7 - i"", ""v - II"", ""iv - ii"", ""i - VII"", ""IV - VII"", ""VII - VII"", ""V7 - VI"", ""iii - fiii"", ""i - iv"", ""vii7 - i"", ""iv - III"", ""vii - fvii"", ""ii - V"", ""VI - iv"", ""vi - ii"", ""VII - IV"", ""V - i"", ""v - V"", ""iv - I"", ""ii - IV"", ""VI - fVI"", ""ii - vi"", ""vii - I"", ""II - v"", ""ii - v"", ""ii7 - fii7"", ""VII - III"", ""V - vi"", ""vii - i"", ""v - III"", ""iv - fiv"", ""vi - V"", ""i - III"", ""IV - fIV"", ""vii7 - I"", ""V7 - I"", ""V - VI"", ""VII - i"", ""I - v"", ""III - III"", ""iv - V"", ""iv - VII"", ""v - IV"", ""V - fV"", ""i - I"", ""VI - III"", ""V - I"", ""I - I"", ""III - iv"", ""i - i"", ""VII - ii"", ""v - VI"", ""VI - ii"", ""I - vi"", ""III - fIII"", ""V - v"", ""i - fi"", ""III - VI"", ""VII - iv"", ""IV - i"", ""vi - vi"", ""I - V"", ""v - v"", ""i - VI"", ""VI - VII"", ""ii7 - V"", ""V - iv"", ""ii - fii""]"	symbolic	symbolic.abc.txt	data/chorale-bricks/Anonymous_AusMeinesHerzensGrunde/symbolic.abc.txt	i - V	"[""i - V"", ""none of the other options is correct"", ""V - IV"", ""iv - i"", ""ii - III""]"	0.2	0	"[""A"", ""B"", ""C"", ""D"", ""E""]"	"{""A"": ""iv - i"", ""B"": ""i - V"", ""C"": ""ii - III"", ""D"": ""V - IV"", ""E"": ""none of the other options is correct""}"	"[""(A) iv - i"", ""(B) i - V"", ""(C) ii - III"", ""(D) V - IV"", ""(E) none of the other options is correct""]"	(B) i - V	B
a0cb8a06-b4da-583e-844d-146cd8199f27	11	perception	harmony	relative	harmony-relative	harmonic-recognition		cadence recognition	What is the chord progression between the {target_index} chord and the next one?	"[""target_index""]"	get_harmonic_cadence			"{""target_index"": ""13th""}"	What is the chord progression between the 13th chord and the next one?	Anonymous_AusMeinesHerzensGrunde	chorale-bricks	Anonymous_AusMeinesHerzensGrunde	data/chorale-bricks/Anonymous_AusMeinesHerzensGrunde	i - V	"[""I - I"", ""I - IV"", ""I - V"", ""I - fI"", ""I - i"", ""I - v"", ""I - vi"", ""II - v"", ""III - III"", ""III - IV"", ""III - VI"", ""III - VII"", ""III - fIII"", ""III - iv"", ""IV - I"", ""IV - V"", ""IV - VII"", ""IV - fIV"", ""IV - i"", ""IV - ii"", ""V - I"", ""V - IV"", ""V - V"", ""V - VI"", ""V - fV"", ""V - i"", ""V - iv"", ""V - v"", ""V - vi"", ""V7 - I"", ""V7 - VI"", ""V7 - fV7"", ""V7 - i"", ""V7 - vi"", ""VI - III"", ""VI - V"", ""VI - VII"", ""VI - fVI"", ""VI - ii"", ""VI - iv"", ""VII - III"", ""VII - IV"", ""VII - VII"", ""VII - i"", ""VII - ii"", ""VII - iv"", ""VII - v"", ""i - I"", ""i - III"", ""i - IV"", ""i - VI"", ""i - VII"", ""i - fi"", ""i - i"", ""i - iv"", ""ii - III"", ""ii - IV"", ""ii - V"", ""ii - V7"", ""ii - fii"", ""ii - iv"", ""ii - v"", ""ii - vi"", ""ii7 - V"", ""ii7 - fii7"", ""iii - IV"", ""iii - fiii"", ""iii - vi"", ""iv - I"", ""iv - III"", ""iv - V"", ""iv - VII"", ""iv - fiv"", ""iv - i"", ""iv - ii"", ""v - II"", ""v - III"", ""v - IV"", ""v - V"", ""v - VI"", ""v - fv"", ""v - i"", ""v - v"", ""vi - I"", ""vi - V"", ""vi - fvi"", ""vi - ii"", ""vi - iv"", ""vi - vi"", ""vii - I"", ""vii - fvii"", ""vii - i"", ""vii7 - I"", ""vii7 - fvii7"", ""vii7 - i""]"	"[""V - IV"", ""iv - i"", ""ii - III"", ""v - fv"", ""I - fI"", ""VI - V"", ""vii7 - fvii7"", ""iii - vi"", ""V7 - fV7"", ""III - VII"", ""vi - iv"", ""IV - ii"", ""i - IV"", ""III - IV"", ""I - IV"", ""V7 - vi"", ""V - V"", ""iii - IV"", ""IV - V"", ""ii - V7"", ""I - i"", ""v - i"", ""vi - fvi"", ""IV - I"", ""vi - I"", ""ii - iv"", ""VII - v"", ""V7 - i"", ""v - II"", ""iv - ii"", ""i - VII"", ""IV - VII"", ""VII - VII"", ""V7 - VI"", ""iii - fiii"", ""i - iv"", ""vii7 - i"", ""iv - III"", ""vii - fvii"", ""ii - V"", ""VI - iv"", ""vi - ii"", ""VII - IV"", ""V - i"", ""v - V"", ""iv - I"", ""ii - IV"", ""VI - fVI"", ""ii - vi"", ""vii - I"", ""II - v"", ""ii - v"", ""ii7 - fii7"", ""VII - III"", ""V - vi"", ""vii - i"", ""v - III"", ""iv - fiv"", ""vi - V"", ""i - III"", ""IV - fIV"", ""vii7 - I"", ""V7 - I"", ""V - VI"", ""VII - i"", ""I - v"", ""III - III"", ""iv - V"", ""iv - VII"", ""v - IV"", ""V - fV"", ""i - I"", ""VI - III"", ""V - I"", ""I - I"", ""III - iv"", ""i - i"", ""VII - ii"", ""v - VI"", ""VI - ii"", ""I - vi"", ""III - fIII"", ""V - v"", ""i - fi"", ""III - VI"", ""VII - iv"", ""IV - i"", ""vi - vi"", ""I - V"", ""v - v"", ""i - VI"", ""VI - VII"", ""ii7 - V"", ""V - iv"", ""ii - fii""]"	visual	visual.short.png	data/chorale-bricks/Anonymous_AusMeinesHerzensGrunde/visual.short.png	i - V	"[""i - V"", ""none of the other options is correct"", ""V - IV"", ""iv - i"", ""ii - III""]"	0.2	0	"[""A"", ""B"", ""C"", ""D"", ""E""]"	"{""A"": ""ii - III"", ""B"": ""iv - i"", ""C"": ""V - IV"", ""D"": ""i - V"", ""E"": ""none of the other options is correct""}"	"[""(A) ii - III"", ""(B) iv - i"", ""(C) V - IV"", ""(D) i - V"", ""(E) none of the other options is correct""]"	(D) i - V	D
75d49beb-3063-5bef-99c5-4885f0a0c04a	11	perception	harmony	relative	harmony-relative	harmonic-recognition		cadence recognition	What is the chord progression between the {target_index} chord and the next one?	"[""target_index""]"	get_harmonic_cadence			"{""target_index"": ""20th""}"	What is the chord progression between the 20th chord and the next one?	Vulpius_ChristusDerIstMeinLeben	chorale-bricks	Vulpius_ChristusDerIstMeinLeben	data/chorale-bricks/Vulpius_ChristusDerIstMeinLeben	V - I	"[""I - I"", ""I - IV"", ""I - V"", ""I - fI"", ""I - i"", ""I - v"", ""I - vi"", ""II - v"", ""III - III"", ""III - IV"", ""III - VI"", ""III - VII"", ""III - fIII"", ""III - iv"", ""IV - I"", ""IV - V"", ""IV - VII"", ""IV - fIV"", ""IV - i"", ""IV - ii"", ""V - IV"", ""V - V"", ""V - VI"", ""V - fV"", ""V - i"", ""V - iv"", ""V - v"", ""V - vi"", ""V7 - I"", ""V7 - VI"", ""V7 - fV7"", ""V7 - i"", ""V7 - vi"", ""VI - III"", ""VI - V"", ""VI - VII"", ""VI - fVI"", ""VI - ii"", ""VI - iv"", ""VII - III"", ""VII - IV"", ""VII - VII"", ""VII - i"", ""VII - ii"", ""VII - iv"", ""VII - v"", ""i - I"", ""i - III"", ""i - IV"", ""i - V"", ""i - VI"", ""i - VII"", ""i - fi"", ""i - i"", ""i - iv"", ""ii - III"", ""ii - IV"", ""ii - V"", ""ii - V7"", ""ii - fii"", ""ii - iv"", ""ii - v"", ""ii - vi"", ""ii7 - V"", ""ii7 - fii7"", ""iii - IV"", ""iii - fiii"", ""iii - vi"", ""iv - I"", ""iv - III"", ""iv - V"", ""iv - VII"", ""iv - fiv"", ""iv - i"", ""iv - ii"", ""v - II"", ""v - III"", ""v - IV"", ""v - V"", ""v - VI"", ""v - fv"", ""v - i"", ""v - v"", ""vi - I"", ""vi - V"", ""vi - fvi"", ""vi - ii"", ""vi - iv"", ""vi - vi"", ""vii - I"", ""vii - fvii"", ""vii - i"", ""vii7 - I"", ""vii7 - fvii7"", ""vii7 - i""]"	"[""iii - fiii"", ""vii - I"", ""iv - V"", ""III - iv"", ""VII - ii"", ""ii - fii"", ""V7 - I"", ""I - fI"", ""VII - i"", ""i - VI"", ""I - i"", ""ii7 - V"", ""VII - v"", ""v - V"", ""V - IV"", ""V - fV"", ""I - v"", ""V - i"", ""i - VII"", ""i - III"", ""V7 - VI"", ""iv - VII"", ""i - V"", ""I - vi"", ""V - V"", ""i - fi"", ""V7 - i"", ""III - III"", ""iv - fiv"", ""iv - ii"", ""IV - fIV"", ""IV - i"", ""III - VI"", ""vi - iv"", ""II - v"", ""ii - V"", ""VII - IV"", ""i - I"", ""IV - I"", ""v - i"", ""vi - V"", ""VI - V"", ""VII - III"", ""III - VII"", ""vi - I"", ""ii - vi"", ""vii7 - fvii7"", ""iii - IV"", ""V - VI"", ""iii - vi"", ""v - III"", ""vi - vi"", ""iv - I"", ""ii - v"", ""v - VI"", ""iv - i"", ""ii - iv"", ""v - II"", ""i - IV"", ""IV - V"", ""VI - fVI"", ""i - i"", ""v - fv"", ""ii7 - fii7"", ""ii - III"", ""III - fIII"", ""IV - ii"", ""VI - VII"", ""III - IV"", ""VI - ii"", ""vii - i"", ""VI - iv"", ""V7 - fV7"", ""v - IV"", ""vi - fvi"", ""V7 - vi"", ""VII - VII"", ""VII - iv"", ""V - vi"", ""VI - III"", ""iv - III"", ""ii - V7"", ""IV - VII"", ""ii - IV"", ""V - v"", ""v - v"", ""vi - ii"", ""I - IV"", ""vii7 - I"", ""I - V"", ""vii7 - i"", ""I - I"", ""vii - fvii"", ""V - iv"", ""i - iv""]"	audio	audio.mastermix.wav	data/chorale-bricks/Vulpius_ChristusDerIstMeinLeben/audio.mastermix.wav	V - I	"[""V - I"", ""none of the other options is correct"", ""iii - fiii"", ""vii - I"", ""iv - V""]"	0.2	0	"[""A"", ""B"", ""C"", ""D"", ""E""]"	"{""A"": ""V - I"", ""B"": ""iv - V"", ""C"": ""iii - fiii"", ""D"": ""vii - I"", ""E"": ""none of the other options is correct""}"	"[""(A) V - I"", ""(B) iv - V"", ""(C) iii - fiii"", ""(D) vii - I"", ""(E) none of the other options is correct""]"	(A) V - I	A
0cdfb5fa-bd57-5151-bf48-da873022de18	11	perception	harmony	relative	harmony-relative	harmonic-recognition		cadence recognition	What is the chord progression between the {target_index} chord and the next one?	"[""target_index""]"	get_harmonic_cadence			"{""target_index"": ""20th""}"	What is the chord progression between the 20th chord and the next one?	Vulpius_ChristusDerIstMeinLeben	chorale-bricks	Vulpius_ChristusDerIstMeinLeben	data/chorale-bricks/Vulpius_ChristusDerIstMeinLeben	V - I	"[""I - I"", ""I - IV"", ""I - V"", ""I - fI"", ""I - i"", ""I - v"", ""I - vi"", ""II - v"", ""III - III"", ""III - IV"", ""III - VI"", ""III - VII"", ""III - fIII"", ""III - iv"", ""IV - I"", ""IV - V"", ""IV - VII"", ""IV - fIV"", ""IV - i"", ""IV - ii"", ""V - IV"", ""V - V"", ""V - VI"", ""V - fV"", ""V - i"", ""V - iv"", ""V - v"", ""V - vi"", ""V7 - I"", ""V7 - VI"", ""V7 - fV7"", ""V7 - i"", ""V7 - vi"", ""VI - III"", ""VI - V"", ""VI - VII"", ""VI - fVI"", ""VI - ii"", ""VI - iv"", ""VII - III"", ""VII - IV"", ""VII - VII"", ""VII - i"", ""VII - ii"", ""VII - iv"", ""VII - v"", ""i - I"", ""i - III"", ""i - IV"", ""i - V"", ""i - VI"", ""i - VII"", ""i - fi"", ""i - i"", ""i - iv"", ""ii - III"", ""ii - IV"", ""ii - V"", ""ii - V7"", ""ii - fii"", ""ii - iv"", ""ii - v"", ""ii - vi"", ""ii7 - V"", ""ii7 - fii7"", ""iii - IV"", ""iii - fiii"", ""iii - vi"", ""iv - I"", ""iv - III"", ""iv - V"", ""iv - VII"", ""iv - fiv"", ""iv - i"", ""iv - ii"", ""v - II"", ""v - III"", ""v - IV"", ""v - V"", ""v - VI"", ""v - fv"", ""v - i"", ""v - v"", ""vi - I"", ""vi - V"", ""vi - fvi"", ""vi - ii"", ""vi - iv"", ""vi - vi"", ""vii - I"", ""vii - fvii"", ""vii - i"", ""vii7 - I"", ""vii7 - fvii7"", ""vii7 - i""]"	"[""iii - fiii"", ""vii - I"", ""iv - V"", ""III - iv"", ""VII - ii"", ""ii - fii"", ""V7 - I"", ""I - fI"", ""VII - i"", ""i - VI"", ""I - i"", ""ii7 - V"", ""VII - v"", ""v - V"", ""V - IV"", ""V - fV"", ""I - v"", ""V - i"", ""i - VII"", ""i - III"", ""V7 - VI"", ""iv - VII"", ""i - V"", ""I - vi"", ""V - V"", ""i - fi"", ""V7 - i"", ""III - III"", ""iv - fiv"", ""iv - ii"", ""IV - fIV"", ""IV - i"", ""III - VI"", ""vi - iv"", ""II - v"", ""ii - V"", ""VII - IV"", ""i - I"", ""IV - I"", ""v - i"", ""vi - V"", ""VI - V"", ""VII - III"", ""III - VII"", ""vi - I"", ""ii - vi"", ""vii7 - fvii7"", ""iii - IV"", ""V - VI"", ""iii - vi"", ""v - III"", ""vi - vi"", ""iv - I"", ""ii - v"", ""v - VI"", ""iv - i"", ""ii - iv"", ""v - II"", ""i - IV"", ""IV - V"", ""VI - fVI"", ""i - i"", ""v - fv"", ""ii7 - fii7"", ""ii - III"", ""III - fIII"", ""IV - ii"", ""VI - VII"", ""III - IV"", ""VI - ii"", ""vii - i"", ""VI - iv"", ""V7 - fV7"", ""v - IV"", ""vi - fvi"", ""V7 - vi"", ""VII - VII"", ""VII - iv"", ""V - vi"", ""VI - III"", ""iv - III"", ""ii - V7"", ""IV - VII"", ""ii - IV"", ""V - v"", ""v - v"", ""vi - ii"", ""I - IV"", ""vii7 - I"", ""I - V"", ""vii7 - i"", ""I - I"", ""vii - fvii"", ""V - iv"", ""i - iv""]"	symbolic	symbolic.abc.txt	data/chorale-bricks/Vulpius_ChristusDerIstMeinLeben/symbolic.abc.txt	V - I	"[""V - I"", ""none of the other options is correct"", ""iii - fiii"", ""vii - I"", ""iv - V""]"	0.2	0	"[""A"", ""B"", ""C"", ""D"", ""E""]"	"{""A"": ""iii - fiii"", ""B"": ""iv - V"", ""C"": ""vii - I"", ""D"": ""V - I"", ""E"": ""none of the other options is correct""}"	"[""(A) iii - fiii"", ""(B) iv - V"", ""(C) vii - I"", ""(D) V - I"", ""(E) none of the other options is correct""]"	(D) V - I	D
0d5032fd-9260-5a36-8ebf-f56c46977b3f	11	perception	harmony	relative	harmony-relative	harmonic-recognition		cadence recognition	What is the chord progression between the {target_index} chord and the next one?	"[""target_index""]"	get_harmonic_cadence			"{""target_index"": ""20th""}"	What is the chord progression between the 20th chord and the next one?	Vulpius_ChristusDerIstMeinLeben	chorale-bricks	Vulpius_ChristusDerIstMeinLeben	data/chorale-bricks/Vulpius_ChristusDerIstMeinLeben	V - I	"[""I - I"", ""I - IV"", ""I - V"", ""I - fI"", ""I - i"", ""I - v"", ""I - vi"", ""II - v"", ""III - III"", ""III - IV"", ""III - VI"", ""III - VII"", ""III - fIII"", ""III - iv"", ""IV - I"", ""IV - V"", ""IV - VII"", ""IV - fIV"", ""IV - i"", ""IV - ii"", ""V - IV"", ""V - V"", ""V - VI"", ""V - fV"", ""V - i"", ""V - iv"", ""V - v"", ""V - vi"", ""V7 - I"", ""V7 - VI"", ""V7 - fV7"", ""V7 - i"", ""V7 - vi"", ""VI - III"", ""VI - V"", ""VI - VII"", ""VI - fVI"", ""VI - ii"", ""VI - iv"", ""VII - III"", ""VII - IV"", ""VII - VII"", ""VII - i"", ""VII - ii"", ""VII - iv"", ""VII - v"", ""i - I"", ""i - III"", ""i - IV"", ""i - V"", ""i - VI"", ""i - VII"", ""i - fi"", ""i - i"", ""i - iv"", ""ii - III"", ""ii - IV"", ""ii - V"", ""ii - V7"", ""ii - fii"", ""ii - iv"", ""ii - v"", ""ii - vi"", ""ii7 - V"", ""ii7 - fii7"", ""iii - IV"", ""iii - fiii"", ""iii - vi"", ""iv - I"", ""iv - III"", ""iv - V"", ""iv - VII"", ""iv - fiv"", ""iv - i"", ""iv - ii"", ""v - II"", ""v - III"", ""v - IV"", ""v - V"", ""v - VI"", ""v - fv"", ""v - i"", ""v - v"", ""vi - I"", ""vi - V"", ""vi - fvi"", ""vi - ii"", ""vi - iv"", ""vi - vi"", ""vii - I"", ""vii - fvii"", ""vii - i"", ""vii7 - I"", ""vii7 - fvii7"", ""vii7 - i""]"	"[""iii - fiii"", ""vii - I"", ""iv - V"", ""III - iv"", ""VII - ii"", ""ii - fii"", ""V7 - I"", ""I - fI"", ""VII - i"", ""i - VI"", ""I - i"", ""ii7 - V"", ""VII - v"", ""v - V"", ""V - IV"", ""V - fV"", ""I - v"", ""V - i"", ""i - VII"", ""i - III"", ""V7 - VI"", ""iv - VII"", ""i - V"", ""I - vi"", ""V - V"", ""i - fi"", ""V7 - i"", ""III - III"", ""iv - fiv"", ""iv - ii"", ""IV - fIV"", ""IV - i"", ""III - VI"", ""vi - iv"", ""II - v"", ""ii - V"", ""VII - IV"", ""i - I"", ""IV - I"", ""v - i"", ""vi - V"", ""VI - V"", ""VII - III"", ""III - VII"", ""vi - I"", ""ii - vi"", ""vii7 - fvii7"", ""iii - IV"", ""V - VI"", ""iii - vi"", ""v - III"", ""vi - vi"", ""iv - I"", ""ii - v"", ""v - VI"", ""iv - i"", ""ii - iv"", ""v - II"", ""i - IV"", ""IV - V"", ""VI - fVI"", ""i - i"", ""v - fv"", ""ii7 - fii7"", ""ii - III"", ""III - fIII"", ""IV - ii"", ""VI - VII"", ""III - IV"", ""VI - ii"", ""vii - i"", ""VI - iv"", ""V7 - fV7"", ""v - IV"", ""vi - fvi"", ""V7 - vi"", ""VII - VII"", ""VII - iv"", ""V - vi"", ""VI - III"", ""iv - III"", ""ii - V7"", ""IV - VII"", ""ii - IV"", ""V - v"", ""v - v"", ""vi - ii"", ""I - IV"", ""vii7 - I"", ""I - V"", ""vii7 - i"", ""I - I"", ""vii - fvii"", ""V - iv"", ""i - iv""]"	visual	visual.short.png	data/chorale-bricks/Vulpius_ChristusDerIstMeinLeben/visual.short.png	V - I	"[""V - I"", ""none of the other options is correct"", ""iii - fiii"", ""vii - I"", ""iv - V""]"	0.2	0	"[""A"", ""B"", ""C"", ""D"", ""E""]"	"{""A"": ""iii - fiii"", ""B"": ""none of the other options is correct"", ""C"": ""iv - V"", ""D"": ""vii - I"", ""E"": ""V - I""}"	"[""(A) iii - fiii"", ""(B) none of the other options is correct"", ""(C) iv - V"", ""(D) vii - I"", ""(E) V - I""]"	(E) V - I	E
982bbf70-7dff-572a-abd4-909365ba8602	11	perception	harmony	relative	harmony-relative	harmonic-recognition		cadence recognition	What is the chord progression between the {target_index} chord and the next one?	"[""target_index""]"	get_harmonic_cadence			"{""target_index"": ""20th""}"	What is the chord progression between the 20th chord and the next one?	Vulpius_DieHelleSonnLeuchtJetztHerfuer	chorale-bricks	Vulpius_DieHelleSonnLeuchtJetztHerfuer	data/chorale-bricks/Vulpius_DieHelleSonnLeuchtJetztHerfuer	I - v	"[""I - I"", ""I - IV"", ""I - V"", ""I - fI"", ""I - i"", ""I - vi"", ""II - v"", ""III - III"", ""III - IV"", ""III - VI"", ""III - VII"", ""III - fIII"", ""III - iv"", ""IV - I"", ""IV - V"", ""IV - VII"", ""IV - fIV"", ""IV - i"", ""IV - ii"", ""V - I"", ""V - IV"", ""V - V"", ""V - VI"", ""V - fV"", ""V - i"", ""V - iv"", ""V - v"", ""V - vi"", ""V7 - I"", ""V7 - VI"", ""V7 - fV7"", ""V7 - i"", ""V7 - vi"", ""VI - III"", ""VI - V"", ""VI - VII"", ""VI - fVI"", ""VI - ii"", ""VI - iv"", ""VII - III"", ""VII - IV"", ""VII - VII"", ""VII - i"", ""VII - ii"", ""VII - iv"", ""VII - v"", ""i - I"", ""i - III"", ""i - IV"", ""i - V"", ""i - VI"", ""i - VII"", ""i - fi"", ""i - i"", ""i - iv"", ""ii - III"", ""ii - IV"", ""ii - V"", ""ii - V7"", ""ii - fii"", ""ii - iv"", ""ii - v"", ""ii - vi"", ""ii7 - V"", ""ii7 - fii7"", ""iii - IV"", ""iii - fiii"", ""iii - vi"", ""iv - I"", ""iv - III"", ""iv - V"", ""iv - VII"", ""iv - fiv"", ""iv - i"", ""iv - ii"", ""v - II"", ""v - III"", ""v - IV"", ""v - V"", ""v - VI"", ""v - fv"", ""v - i"", ""v - v"", ""vi - I"", ""vi - V"", ""vi - fvi"", ""vi - ii"", ""vi - iv"", ""vi - vi"", ""vii - I"", ""vii - fvii"", ""vii - i"", ""vii7 - I"", ""vii7 - fvii7"", ""vii7 - i""]"	"[""VII - VII"", ""i - V"", ""V7 - vi"", ""vi - iv"", ""V - fV"", ""ii - iv"", ""IV - VII"", ""iv - ii"", ""iii - fiii"", ""iv - III"", ""ii - V7"", ""ii - fii"", ""III - IV"", ""v - V"", ""ii7 - fii7"", ""I - V"", ""I - fI"", ""I - I"", ""V - iv"", ""vi - fvi"", ""v - v"", ""vii - I"", ""v - i"", ""i - III"", ""vii7 - fvii7"", ""ii - III"", ""v - VI"", ""III - VII"", ""I - i"", ""III - fIII"", ""IV - V"", ""VI - ii"", ""V7 - fV7"", ""i - IV"", ""v - III"", ""vi - vi"", ""i - fi"", ""I - vi"", ""VII - iv"", ""V - I"", ""VI - fVI"", ""V - IV"", ""IV - I"", ""V - vi"", ""IV - fIV"", ""V - V"", ""i - i"", ""vii - i"", ""iv - V"", ""IV - i"", ""VI - V"", ""V - v"", ""ii7 - V"", ""V7 - VI"", ""VII - i"", ""vii7 - i"", ""III - VI"", ""vii - fvii"", ""ii - V"", ""iv - fiv"", ""V7 - i"", ""VII - III"", ""i - VII"", ""iv - VII"", ""v - IV"", ""I - IV"", ""VII - IV"", ""III - iv"", ""vi - V"", ""ii - vi"", ""IV - ii"", ""VI - VII"", ""i - VI"", ""III - III"", ""VI - III"", ""vi - I"", ""V7 - I"", ""iii - vi"", ""ii - v"", ""i - iv"", ""i - I"", ""VI - iv"", ""VII - v"", ""v - fv"", ""v - II"", ""V - i"", ""ii - IV"", ""iv - I"", ""II - v"", ""vii7 - I"", ""V - VI"", ""vi - ii"", ""iv - i"", ""iii - IV"", ""VII - ii""]"	audio	audio.mastermix.wav	data/chorale-bricks/Vulpius_DieHelleSonnLeuchtJetztHerfuer/audio.mastermix.wav	I - v	"[""I - v"", ""none of the other options is correct"", ""VII - VII"", ""i - V"", ""V7 - vi""]"	0.2	0	"[""A"", ""B"", ""C"", ""D"", ""E""]"	"{""A"": ""none of the other options is correct"", ""B"": ""V7 - vi"", ""C"": ""I - v"", ""D"": ""VII - VII"", ""E"": ""i - V""}"	"[""(A) none of the other options is correct"", ""(B) V7 - vi"", ""(C) I - v"", ""(D) VII - VII"", ""(E) i - V""]"	(C) I - v	C
3196f3d2-775d-5991-ac0d-c39de8d80677	11	perception	harmony	relative	harmony-relative	harmonic-recognition		cadence recognition	What is the chord progression between the {target_index} chord and the next one?	"[""target_index""]"	get_harmonic_cadence			"{""target_index"": ""20th""}"	What is the chord progression between the 20th chord and the next one?	Vulpius_DieHelleSonnLeuchtJetztHerfuer	chorale-bricks	Vulpius_DieHelleSonnLeuchtJetztHerfuer	data/chorale-bricks/Vulpius_DieHelleSonnLeuchtJetztHerfuer	I - v	"[""I - I"", ""I - IV"", ""I - V"", ""I - fI"", ""I - i"", ""I - vi"", ""II - v"", ""III - III"", ""III - IV"", ""III - VI"", ""III - VII"", ""III - fIII"", ""III - iv"", ""IV - I"", ""IV - V"", ""IV - VII"", ""IV - fIV"", ""IV - i"", ""IV - ii"", ""V - I"", ""V - IV"", ""V - V"", ""V - VI"", ""V - fV"", ""V - i"", ""V - iv"", ""V - v"", ""V - vi"", ""V7 - I"", ""V7 - VI"", ""V7 - fV7"", ""V7 - i"", ""V7 - vi"", ""VI - III"", ""VI - V"", ""VI - VII"", ""VI - fVI"", ""VI - ii"", ""VI - iv"", ""VII - III"", ""VII - IV"", ""VII - VII"", ""VII - i"", ""VII - ii"", ""VII - iv"", ""VII - v"", ""i - I"", ""i - III"", ""i - IV"", ""i - V"", ""i - VI"", ""i - VII"", ""i - fi"", ""i - i"", ""i - iv"", ""ii - III"", ""ii - IV"", ""ii - V"", ""ii - V7"", ""ii - fii"", ""ii - iv"", ""ii - v"", ""ii - vi"", ""ii7 - V"", ""ii7 - fii7"", ""iii - IV"", ""iii - fiii"", ""iii - vi"", ""iv - I"", ""iv - III"", ""iv - V"", ""iv - VII"", ""iv - fiv"", ""iv - i"", ""iv - ii"", ""v - II"", ""v - III"", ""v - IV"", ""v - V"", ""v - VI"", ""v - fv"", ""v - i"", ""v - v"", ""vi - I"", ""vi - V"", ""vi - fvi"", ""vi - ii"", ""vi - iv"", ""vi - vi"", ""vii - I"", ""vii - fvii"", ""vii - i"", ""vii7 - I"", ""vii7 - fvii7"", ""vii7 - i""]"	"[""VII - VII"", ""i - V"", ""V7 - vi"", ""vi - iv"", ""V - fV"", ""ii - iv"", ""IV - VII"", ""iv - ii"", ""iii - fiii"", ""iv - III"", ""ii - V7"", ""ii - fii"", ""III - IV"", ""v - V"", ""ii7 - fii7"", ""I - V"", ""I - fI"", ""I - I"", ""V - iv"", ""vi - fvi"", ""v - v"", ""vii - I"", ""v - i"", ""i - III"", ""vii7 - fvii7"", ""ii - III"", ""v - VI"", ""III - VII"", ""I - i"", ""III - fIII"", ""IV - V"", ""VI - ii"", ""V7 - fV7"", ""i - IV"", ""v - III"", ""vi - vi"", ""i - fi"", ""I - vi"", ""VII - iv"", ""V - I"", ""VI - fVI"", ""V - IV"", ""IV - I"", ""V - vi"", ""IV - fIV"", ""V - V"", ""i - i"", ""vii - i"", ""iv - V"", ""IV - i"", ""VI - V"", ""V - v"", ""ii7 - V"", ""V7 - VI"", ""VII - i"", ""vii7 - i"", ""III - VI"", ""vii - fvii"", ""ii - V"", ""iv - fiv"", ""V7 - i"", ""VII - III"", ""i - VII"", ""iv - VII"", ""v - IV"", ""I - IV"", ""VII - IV"", ""III - iv"", ""vi - V"", ""ii - vi"", ""IV - ii"", ""VI - VII"", ""i - VI"", ""III - III"", ""VI - III"", ""vi - I"", ""V7 - I"", ""iii - vi"", ""ii - v"", ""i - iv"", ""i - I"", ""VI - iv"", ""VII - v"", ""v - fv"", ""v - II"", ""V - i"", ""ii - IV"", ""iv - I"", ""II - v"", ""vii7 - I"", ""V - VI"", ""vi - ii"", ""iv - i"", ""iii - IV"", ""VII - ii""]"	symbolic	symbolic.abc.txt	data/chorale-bricks/Vulpius_DieHelleSonnLeuchtJetztHerfuer/symbolic.abc.txt	none of the other options is correct	"[""none of the other options is correct"", ""VII - VII"", ""i - V"", ""V7 - vi"", ""vi - iv""]"	0.2	1	"[""A"", ""B"", ""C"", ""D"", ""E""]"	"{""A"": ""none of the other options is correct"", ""B"": ""V7 - vi"", ""C"": ""VII - VII"", ""D"": ""vi - iv"", ""E"": ""i - V""}"	"[""(A) none of the other options is correct"", ""(B) V7 - vi"", ""(C) VII - VII"", ""(D) vi - iv"", ""(E) i - V""]"	(A) none of the other options is correct	A
7b64a147-7952-540c-bb28-ce67474c142f	11	perception	harmony	relative	harmony-relative	harmonic-recognition		cadence recognition	What is the chord progression between the {target_index} chord and the next one?	"[""target_index""]"	get_harmonic_cadence			"{""target_index"": ""20th""}"	What is the chord progression between the 20th chord and the next one?	Vulpius_DieHelleSonnLeuchtJetztHerfuer	chorale-bricks	Vulpius_DieHelleSonnLeuchtJetztHerfuer	data/chorale-bricks/Vulpius_DieHelleSonnLeuchtJetztHerfuer	I - v	"[""I - I"", ""I - IV"", ""I - V"", ""I - fI"", ""I - i"", ""I - vi"", ""II - v"", ""III - III"", ""III - IV"", ""III - VI"", ""III - VII"", ""III - fIII"", ""III - iv"", ""IV - I"", ""IV - V"", ""IV - VII"", ""IV - fIV"", ""IV - i"", ""IV - ii"", ""V - I"", ""V - IV"", ""V - V"", ""V - VI"", ""V - fV"", ""V - i"", ""V - iv"", ""V - v"", ""V - vi"", ""V7 - I"", ""V7 - VI"", ""V7 - fV7"", ""V7 - i"", ""V7 - vi"", ""VI - III"", ""VI - V"", ""VI - VII"", ""VI - fVI"", ""VI - ii"", ""VI - iv"", ""VII - III"", ""VII - IV"", ""VII - VII"", ""VII - i"", ""VII - ii"", ""VII - iv"", ""VII - v"", ""i - I"", ""i - III"", ""i - IV"", ""i - V"", ""i - VI"", ""i - VII"", ""i - fi"", ""i - i"", ""i - iv"", ""ii - III"", ""ii - IV"", ""ii - V"", ""ii - V7"", ""ii - fii"", ""ii - iv"", ""ii - v"", ""ii - vi"", ""ii7 - V"", ""ii7 - fii7"", ""iii - IV"", ""iii - fiii"", ""iii - vi"", ""iv - I"", ""iv - III"", ""iv - V"", ""iv - VII"", ""iv - fiv"", ""iv - i"", ""iv - ii"", ""v - II"", ""v - III"", ""v - IV"", ""v - V"", ""v - VI"", ""v - fv"", ""v - i"", ""v - v"", ""vi - I"", ""vi - V"", ""vi - fvi"", ""vi - ii"", ""vi - iv"", ""vi - vi"", ""vii - I"", ""vii - fvii"", ""vii - i"", ""vii7 - I"", ""vii7 - fvii7"", ""vii7 - i""]"	"[""VII - VII"", ""i - V"", ""V7 - vi"", ""vi - iv"", ""V - fV"", ""ii - iv"", ""IV - VII"", ""iv - ii"", ""iii - fiii"", ""iv - III"", ""ii - V7"", ""ii - fii"", ""III - IV"", ""v - V"", ""ii7 - fii7"", ""I - V"", ""I - fI"", ""I - I"", ""V - iv"", ""vi - fvi"", ""v - v"", ""vii - I"", ""v - i"", ""i - III"", ""vii7 - fvii7"", ""ii - III"", ""v - VI"", ""III - VII"", ""I - i"", ""III - fIII"", ""IV - V"", ""VI - ii"", ""V7 - fV7"", ""i - IV"", ""v - III"", ""vi - vi"", ""i - fi"", ""I - vi"", ""VII - iv"", ""V - I"", ""VI - fVI"", ""V - IV"", ""IV - I"", ""V - vi"", ""IV - fIV"", ""V - V"", ""i - i"", ""vii - i"", ""iv - V"", ""IV - i"", ""VI - V"", ""V - v"", ""ii7 - V"", ""V7 - VI"", ""VII - i"", ""vii7 - i"", ""III - VI"", ""vii - fvii"", ""ii - V"", ""iv - fiv"", ""V7 - i"", ""VII - III"", ""i - VII"", ""iv - VII"", ""v - IV"", ""I - IV"", ""VII - IV"", ""III - iv"", ""vi - V"", ""ii - vi"", ""IV - ii"", ""VI - VII"", ""i - VI"", ""III - III"", ""VI - III"", ""vi - I"", ""V7 - I"", ""iii - vi"", ""ii - v"", ""i - iv"", ""i - I"", ""VI - iv"", ""VII - v"", ""v - fv"", ""v - II"", ""V - i"", ""ii - IV"", ""iv - I"", ""II - v"", ""vii7 - I"", ""V - VI"", ""vi - ii"", ""iv - i"", ""iii - IV"", ""VII - ii""]"	visual	visual.short.png	data/chorale-bricks/Vulpius_DieHelleSonnLeuchtJetztHerfuer/visual.short.png	I - v	"[""I - v"", ""none of the other options is correct"", ""VII - VII"", ""i - V"", ""V7 - vi""]"	0.2	0	"[""A"", ""B"", ""C"", ""D"", ""E""]"	"{""A"": ""none of the other options is correct"", ""B"": ""V7 - vi"", ""C"": ""I - v"", ""D"": ""VII - VII"", ""E"": ""i - V""}"	"[""(A) none of the other options is correct"", ""(B) V7 - vi"", ""(C) I - v"", ""(D) VII - VII"", ""(E) i - V""]"	(C) I - v	C
05d89117-70c1-5c47-b988-ce7571099b1e	11	perception	harmony	relative	harmony-relative	harmonic-recognition		cadence recognition	What is the chord progression between the {target_index} chord and the next one?	"[""target_index""]"	get_harmonic_cadence			"{""target_index"": ""35th""}"	What is the chord progression between the 35th chord and the next one?	Drese_JesuGehVoran	chorale-bricks	Drese_JesuGehVoran	data/chorale-bricks/Drese_JesuGehVoran	vi - V	"[""I - I"", ""I - IV"", ""I - V"", ""I - fI"", ""I - i"", ""I - v"", ""I - vi"", ""II - v"", ""III - III"", ""III - IV"", ""III - VI"", ""III - VII"", ""III - fIII"", ""III - iv"", ""IV - I"", ""IV - V"", ""IV - VII"", ""IV - fIV"", ""IV - i"", ""IV - ii"", ""V - I"", ""V - IV"", ""V - V"", ""V - VI"", ""V - fV"", ""V - i"", ""V - iv"", ""V - v"", ""V - vi"", ""V7 - I"", ""V7 - VI"", ""V7 - fV7"", ""V7 - i"", ""V7 - vi"", ""VI - III"", ""VI - V"", ""VI - VII"", ""VI - fVI"", ""VI - ii"", ""VI - iv"", ""VII - III"", ""VII - IV"", ""VII - VII"", ""VII - i"", ""VII - ii"", ""VII - iv"", ""VII - v"", ""i - I"", ""i - III"", ""i - IV"", ""i - V"", ""i - VI"", ""i - VII"", ""i - fi"", ""i - i"", ""i - iv"", ""ii - III"", ""ii - IV"", ""ii - V"", ""ii - V7"", ""ii - fii"", ""ii - iv"", ""ii - v"", ""ii - vi"", ""ii7 - V"", ""ii7 - fii7"", ""iii - IV"", ""iii - fiii"", ""iii - vi"", ""iv - I"", ""iv - III"", ""iv - V"", ""iv - VII"", ""iv - fiv"", ""iv - i"", ""iv - ii"", ""v - II"", ""v - III"", ""v - IV"", ""v - V"", ""v - VI"", ""v - fv"", ""v - i"", ""v - v"", ""vi - I"", ""vi - fvi"", ""vi - ii"", ""vi - iv"", ""vi - vi"", ""vii - I"", ""vii - fvii"", ""vii - i"", ""vii7 - I"", ""vii7 - fvii7"", ""vii7 - i""]"	"[""IV - fIV"", ""IV - I"", ""V - VI"", ""v - v"", ""ii - v"", ""III - IV"", ""III - VI"", ""VII - v"", ""ii - fii"", ""vi - fvi"", ""ii - V7"", ""ii - V"", ""I - IV"", ""VI - VII"", ""ii - IV"", ""VII - iv"", ""ii7 - fii7"", ""VI - iv"", ""III - III"", ""I - i"", ""IV - VII"", ""i - iv"", ""i - III"", ""vi - ii"", ""i - IV"", ""v - V"", ""ii - iv"", ""IV - V"", ""ii - III"", ""vii7 - fvii7"", ""VI - ii"", ""II - v"", ""iv - i"", ""iv - I"", ""iv - fiv"", ""VII - ii"", ""V - I"", ""vi - I"", ""v - IV"", ""V7 - fV7"", ""VII - IV"", ""iv - VII"", ""i - i"", ""VII - i"", ""V - v"", ""v - fv"", ""vii7 - I"", ""VI - III"", ""vi - vi"", ""v - i"", ""i - VII"", ""V - i"", ""IV - i"", ""VI - fVI"", ""V - vi"", ""V - iv"", ""vii - i"", ""III - VII"", ""I - V"", ""iv - ii"", ""iv - V"", ""v - II"", ""V - fV"", ""iv - III"", ""V - IV"", ""IV - ii"", ""vii - I"", ""i - V"", ""VII - III"", ""i - VI"", ""I - fI"", ""I - I"", ""I - vi"", ""VI - V"", ""vii - fvii"", ""V - V"", ""III - iv"", ""v - VI"", ""v - III"", ""vi - iv"", ""ii7 - V"", ""iii - fiii"", ""V7 - i"", ""i - fi"", ""vii7 - i"", ""ii - vi"", ""V7 - vi"", ""V7 - VI"", ""III - fIII"", ""iii - vi"", ""i - I"", ""V7 - I"", ""iii - IV"", ""I - v"", ""VII - VII""]"	audio	audio.mastermix.wav	data/chorale-bricks/Drese_JesuGehVoran/audio.mastermix.wav	vi - V	"[""vi - V"", ""none of the other options is correct"", ""IV - fIV"", ""IV - I"", ""V - VI""]"	0.2	0	"[""A"", ""B"", ""C"", ""D"", ""E""]"	"{""A"": ""vi - V"", ""B"": ""IV - I"", ""C"": ""IV - fIV"", ""D"": ""none of the other options is correct"", ""E"": ""V - VI""}"	"[""(A) vi - V"", ""(B) IV - I"", ""(C) IV - fIV"", ""(D) none of the other options is correct"", ""(E) V - VI""]"	(A) vi - V	A
c365d472-2883-5053-9a31-5a083c5aa1b9	11	perception	harmony	relative	harmony-relative	harmonic-recognition		cadence recognition	What is the chord progression between the {target_index} chord and the next one?	"[""target_index""]"	get_harmonic_cadence			"{""target_index"": ""35th""}"	What is the chord progression between the 35th chord and the next one?	Drese_JesuGehVoran	chorale-bricks	Drese_JesuGehVoran	data/chorale-bricks/Drese_JesuGehVoran	vi - V	"[""I - I"", ""I - IV"", ""I - V"", ""I - fI"", ""I - i"", ""I - v"", ""I - vi"", ""II - v"", ""III - III"", ""III - IV"", ""III - VI"", ""III - VII"", ""III - fIII"", ""III - iv"", ""IV - I"", ""IV - V"", ""IV - VII"", ""IV - fIV"", ""IV - i"", ""IV - ii"", ""V - I"", ""V - IV"", ""V - V"", ""V - VI"", ""V - fV"", ""V - i"", ""V - iv"", ""V - v"", ""V - vi"", ""V7 - I"", ""V7 - VI"", ""V7 - fV7"", ""V7 - i"", ""V7 - vi"", ""VI - III"", ""VI - V"", ""VI - VII"", ""VI - fVI"", ""VI - ii"", ""VI - iv"", ""VII - III"", ""VII - IV"", ""VII - VII"", ""VII - i"", ""VII - ii"", ""VII - iv"", ""VII - v"", ""i - I"", ""i - III"", ""i - IV"", ""i - V"", ""i - VI"", ""i - VII"", ""i - fi"", ""i - i"", ""i - iv"", ""ii - III"", ""ii - IV"", ""ii - V"", ""ii - V7"", ""ii - fii"", ""ii - iv"", ""ii - v"", ""ii - vi"", ""ii7 - V"", ""ii7 - fii7"", ""iii - IV"", ""iii - fiii"", ""iii - vi"", ""iv - I"", ""iv - III"", ""iv - V"", ""iv - VII"", ""iv - fiv"", ""iv - i"", ""iv - ii"", ""v - II"", ""v - III"", ""v - IV"", ""v - V"", ""v - VI"", ""v - fv"", ""v - i"", ""v - v"", ""vi - I"", ""vi - fvi"", ""vi - ii"", ""vi - iv"", ""vi - vi"", ""vii - I"", ""vii - fvii"", ""vii - i"", ""vii7 - I"", ""vii7 - fvii7"", ""vii7 - i""]"	"[""IV - fIV"", ""IV - I"", ""V - VI"", ""v - v"", ""ii - v"", ""III - IV"", ""III - VI"", ""VII - v"", ""ii - fii"", ""vi - fvi"", ""ii - V7"", ""ii - V"", ""I - IV"", ""VI - VII"", ""ii - IV"", ""VII - iv"", ""ii7 - fii7"", ""VI - iv"", ""III - III"", ""I - i"", ""IV - VII"", ""i - iv"", ""i - III"", ""vi - ii"", ""i - IV"", ""v - V"", ""ii - iv"", ""IV - V"", ""ii - III"", ""vii7 - fvii7"", ""VI - ii"", ""II - v"", ""iv - i"", ""iv - I"", ""iv - fiv"", ""VII - ii"", ""V - I"", ""vi - I"", ""v - IV"", ""V7 - fV7"", ""VII - IV"", ""iv - VII"", ""i - i"", ""VII - i"", ""V - v"", ""v - fv"", ""vii7 - I"", ""VI - III"", ""vi - vi"", ""v - i"", ""i - VII"", ""V - i"", ""IV - i"", ""VI - fVI"", ""V - vi"", ""V - iv"", ""vii - i"", ""III - VII"", ""I - V"", ""iv - ii"", ""iv - V"", ""v - II"", ""V - fV"", ""iv - III"", ""V - IV"", ""IV - ii"", ""vii - I"", ""i - V"", ""VII - III"", ""i - VI"", ""I - fI"", ""I - I"", ""I - vi"", ""VI - V"", ""vii - fvii"", ""V - V"", ""III - iv"", ""v - VI"", ""v - III"", ""vi - iv"", ""ii7 - V"", ""iii - fiii"", ""V7 - i"", ""i - fi"", ""vii7 - i"", ""ii - vi"", ""V7 - vi"", ""V7 - VI"", ""III - fIII"", ""iii - vi"", ""i - I"", ""V7 - I"", ""iii - IV"", ""I - v"", ""VII - VII""]"	symbolic	symbolic.abc.txt	data/chorale-bricks/Drese_JesuGehVoran/symbolic.abc.txt	vi - V	"[""vi - V"", ""none of the other options is correct"", ""IV - fIV"", ""IV - I"", ""V - VI""]"	0.2	0	"[""A"", ""B"", ""C"", ""D"", ""E""]"	"{""A"": ""none of the other options is correct"", ""B"": ""V - VI"", ""C"": ""IV - fIV"", ""D"": ""vi - V"", ""E"": ""IV - I""}"	"[""(A) none of the other options is correct"", ""(B) V - VI"", ""(C) IV - fIV"", ""(D) vi - V"", ""(E) IV - I""]"	(D) vi - V	D
d9f51745-29c4-586b-a06e-7552b41df09e	11	perception	harmony	relative	harmony-relative	harmonic-recognition		cadence recognition	What is the chord progression between the {target_index} chord and the next one?	"[""target_index""]"	get_harmonic_cadence			"{""target_index"": ""35th""}"	What is the chord progression between the 35th chord and the next one?	Drese_JesuGehVoran	chorale-bricks	Drese_JesuGehVoran	data/chorale-bricks/Drese_JesuGehVoran	vi - V	"[""I - I"", ""I - IV"", ""I - V"", ""I - fI"", ""I - i"", ""I - v"", ""I - vi"", ""II - v"", ""III - III"", ""III - IV"", ""III - VI"", ""III - VII"", ""III - fIII"", ""III - iv"", ""IV - I"", ""IV - V"", ""IV - VII"", ""IV - fIV"", ""IV - i"", ""IV - ii"", ""V - I"", ""V - IV"", ""V - V"", ""V - VI"", ""V - fV"", ""V - i"", ""V - iv"", ""V - v"", ""V - vi"", ""V7 - I"", ""V7 - VI"", ""V7 - fV7"", ""V7 - i"", ""V7 - vi"", ""VI - III"", ""VI - V"", ""VI - VII"", ""VI - fVI"", ""VI - ii"", ""VI - iv"", ""VII - III"", ""VII - IV"", ""VII - VII"", ""VII - i"", ""VII - ii"", ""VII - iv"", ""VII - v"", ""i - I"", ""i - III"", ""i - IV"", ""i - V"", ""i - VI"", ""i - VII"", ""i - fi"", ""i - i"", ""i - iv"", ""ii - III"", ""ii - IV"", ""ii - V"", ""ii - V7"", ""ii - fii"", ""ii - iv"", ""ii - v"", ""ii - vi"", ""ii7 - V"", ""ii7 - fii7"", ""iii - IV"", ""iii - fiii"", ""iii - vi"", ""iv - I"", ""iv - III"", ""iv - V"", ""iv - VII"", ""iv - fiv"", ""iv - i"", ""iv - ii"", ""v - II"", ""v - III"", ""v - IV"", ""v - V"", ""v - VI"", ""v - fv"", ""v - i"", ""v - v"", ""vi - I"", ""vi - fvi"", ""vi - ii"", ""vi - iv"", ""vi - vi"", ""vii - I"", ""vii - fvii"", ""vii - i"", ""vii7 - I"", ""vii7 - fvii7"", ""vii7 - i""]"	"[""IV - fIV"", ""IV - I"", ""V - VI"", ""v - v"", ""ii - v"", ""III - IV"", ""III - VI"", ""VII - v"", ""ii - fii"", ""vi - fvi"", ""ii - V7"", ""ii - V"", ""I - IV"", ""VI - VII"", ""ii - IV"", ""VII - iv"", ""ii7 - fii7"", ""VI - iv"", ""III - III"", ""I - i"", ""IV - VII"", ""i - iv"", ""i - III"", ""vi - ii"", ""i - IV"", ""v - V"", ""ii - iv"", ""IV - V"", ""ii - III"", ""vii7 - fvii7"", ""VI - ii"", ""II - v"", ""iv - i"", ""iv - I"", ""iv - fiv"", ""VII - ii"", ""V - I"", ""vi - I"", ""v - IV"", ""V7 - fV7"", ""VII - IV"", ""iv - VII"", ""i - i"", ""VII - i"", ""V - v"", ""v - fv"", ""vii7 - I"", ""VI - III"", ""vi - vi"", ""v - i"", ""i - VII"", ""V - i"", ""IV - i"", ""VI - fVI"", ""V - vi"", ""V - iv"", ""vii - i"", ""III - VII"", ""I - V"", ""iv - ii"", ""iv - V"", ""v - II"", ""V - fV"", ""iv - III"", ""V - IV"", ""IV - ii"", ""vii - I"", ""i - V"", ""VII - III"", ""i - VI"", ""I - fI"", ""I - I"", ""I - vi"", ""VI - V"", ""vii - fvii"", ""V - V"", ""III - iv"", ""v - VI"", ""v - III"", ""vi - iv"", ""ii7 - V"", ""iii - fiii"", ""V7 - i"", ""i - fi"", ""vii7 - i"", ""ii - vi"", ""V7 - vi"", ""V7 - VI"", ""III - fIII"", ""iii - vi"", ""i - I"", ""V7 - I"", ""iii - IV"", ""I - v"", ""VII - VII""]"	visual	visual.short.png	data/chorale-bricks/Drese_JesuGehVoran/visual.short.png	none of the other options is correct	"[""none of the other options is correct"", ""IV - fIV"", ""IV - I"", ""V - VI"", ""v - v""]"	0.2	1	"[""A"", ""B"", ""C"", ""D"", ""E""]"	"{""A"": ""V - VI"", ""B"": ""IV - I"", ""C"": ""IV - fIV"", ""D"": ""none of the other options is correct"", ""E"": ""v - v""}"	"[""(A) V - VI"", ""(B) IV - I"", ""(C) IV - fIV"", ""(D) none of the other options is correct"", ""(E) v - v""]"	(D) none of the other options is correct	D
41791a9c-7422-5ccf-9c2f-387217db1ec8	11	perception	harmony	relative	harmony-relative	harmonic-recognition		cadence recognition	What is the chord progression between the {target_index} chord and the next one?	"[""target_index""]"	get_harmonic_cadence			"{""target_index"": ""10th""}"	What is the chord progression between the 10th chord and the next one?	Vulpius_DieHelleSonnLeuchtJetztHerfuer	chorale-bricks	Vulpius_DieHelleSonnLeuchtJetztHerfuer	data/chorale-bricks/Vulpius_DieHelleSonnLeuchtJetztHerfuer	V - I	"[""I - I"", ""I - IV"", ""I - V"", ""I - fI"", ""I - i"", ""I - v"", ""I - vi"", ""II - v"", ""III - III"", ""III - IV"", ""III - VI"", ""III - VII"", ""III - fIII"", ""III - iv"", ""IV - I"", ""IV - V"", ""IV - VII"", ""IV - fIV"", ""IV - i"", ""IV - ii"", ""V - IV"", ""V - V"", ""V - VI"", ""V - fV"", ""V - i"", ""V - iv"", ""V - v"", ""V - vi"", ""V7 - I"", ""V7 - VI"", ""V7 - fV7"", ""V7 - i"", ""V7 - vi"", ""VI - III"", ""VI - V"", ""VI - VII"", ""VI - fVI"", ""VI - ii"", ""VI - iv"", ""VII - III"", ""VII - IV"", ""VII - VII"", ""VII - i"", ""VII - ii"", ""VII - iv"", ""VII - v"", ""i - I"", ""i - III"", ""i - IV"", ""i - V"", ""i - VI"", ""i - VII"", ""i - fi"", ""i - i"", ""i - iv"", ""ii - III"", ""ii - IV"", ""ii - V"", ""ii - V7"", ""ii - fii"", ""ii - iv"", ""ii - v"", ""ii - vi"", ""ii7 - V"", ""ii7 - fii7"", ""iii - IV"", ""iii - fiii"", ""iii - vi"", ""iv - I"", ""iv - III"", ""iv - V"", ""iv - VII"", ""iv - fiv"", ""iv - i"", ""iv - ii"", ""v - II"", ""v - III"", ""v - IV"", ""v - V"", ""v - VI"", ""v - fv"", ""v - i"", ""v - v"", ""vi - I"", ""vi - V"", ""vi - fvi"", ""vi - ii"", ""vi - iv"", ""vi - vi"", ""vii - I"", ""vii - fvii"", ""vii - i"", ""vii7 - I"", ""vii7 - fvii7"", ""vii7 - i""]"	"[""i - V"", ""VII - iv"", ""i - VI"", ""I - I"", ""i - VII"", ""VI - fVI"", ""I - fI"", ""IV - I"", ""i - iv"", ""III - VI"", ""vii7 - i"", ""ii - iv"", ""ii - III"", ""V - i"", ""v - IV"", ""IV - i"", ""v - i"", ""III - III"", ""ii - vi"", ""V7 - fV7"", ""i - III"", ""IV - V"", ""i - fi"", ""v - III"", ""V - v"", ""ii - IV"", ""v - VI"", ""VII - v"", ""i - IV"", ""VII - i"", ""vi - fvi"", ""v - v"", ""V7 - I"", ""I - i"", ""V - V"", ""vii - I"", ""VII - ii"", ""vii7 - fvii7"", ""ii - V7"", ""III - fIII"", ""iv - VII"", ""VI - V"", ""IV - ii"", ""vii - fvii"", ""III - iv"", ""ii - V"", ""V7 - i"", ""III - IV"", ""V - VI"", ""I - IV"", ""ii7 - V"", ""v - V"", ""IV - VII"", ""VI - VII"", ""i - I"", ""I - V"", ""III - VII"", ""ii7 - fii7"", ""V - iv"", ""I - vi"", ""V - fV"", ""v - II"", ""VII - VII"", ""II - v"", ""iv - fiv"", ""VII - III"", ""VI - ii"", ""iv - III"", ""iii - fiii"", ""V7 - vi"", ""iv - I"", ""iii - IV"", ""VI - iv"", ""ii - v"", ""ii - fii"", ""vii7 - I"", ""V - IV"", ""VI - III"", ""VII - IV"", ""i - i"", ""iv - V"", ""vi - I"", ""V7 - VI"", ""iii - vi"", ""vii - i"", ""v - fv"", ""IV - fIV"", ""vi - ii"", ""vi - V"", ""V - vi"", ""iv - ii"", ""I - v"", ""iv - i"", ""vi - iv"", ""vi - vi""]"	audio	audio.mastermix.wav	data/chorale-bricks/Vulpius_DieHelleSonnLeuchtJetztHerfuer/audio.mastermix.wav	V - I	"[""V - I"", ""none of the other options is correct"", ""i - V"", ""VII - iv"", ""i - VI""]"	0.2	0	"[""A"", ""B"", ""C"", ""D"", ""E""]"	"{""A"": ""VII - iv"", ""B"": ""i - VI"", ""C"": ""i - V"", ""D"": ""V - I"", ""E"": ""none of the other options is correct""}"	"[""(A) VII - iv"", ""(B) i - VI"", ""(C) i - V"", ""(D) V - I"", ""(E) none of the other options is correct""]"	(D) V - I	D
36c17443-19e2-5e40-b05e-f7be657b8599	11	perception	harmony	relative	harmony-relative	harmonic-recognition		cadence recognition	What is the chord progression between the {target_index} chord and the next one?	"[""target_index""]"	get_harmonic_cadence			"{""target_index"": ""10th""}"	What is the chord progression between the 10th chord and the next one?	Vulpius_DieHelleSonnLeuchtJetztHerfuer	chorale-bricks	Vulpius_DieHelleSonnLeuchtJetztHerfuer	data/chorale-bricks/Vulpius_DieHelleSonnLeuchtJetztHerfuer	V - I	"[""I - I"", ""I - IV"", ""I - V"", ""I - fI"", ""I - i"", ""I - v"", ""I - vi"", ""II - v"", ""III - III"", ""III - IV"", ""III - VI"", ""III - VII"", ""III - fIII"", ""III - iv"", ""IV - I"", ""IV - V"", ""IV - VII"", ""IV - fIV"", ""IV - i"", ""IV - ii"", ""V - IV"", ""V - V"", ""V - VI"", ""V - fV"", ""V - i"", ""V - iv"", ""V - v"", ""V - vi"", ""V7 - I"", ""V7 - VI"", ""V7 - fV7"", ""V7 - i"", ""V7 - vi"", ""VI - III"", ""VI - V"", ""VI - VII"", ""VI - fVI"", ""VI - ii"", ""VI - iv"", ""VII - III"", ""VII - IV"", ""VII - VII"", ""VII - i"", ""VII - ii"", ""VII - iv"", ""VII - v"", ""i - I"", ""i - III"", ""i - IV"", ""i - V"", ""i - VI"", ""i - VII"", ""i - fi"", ""i - i"", ""i - iv"", ""ii - III"", ""ii - IV"", ""ii - V"", ""ii - V7"", ""ii - fii"", ""ii - iv"", ""ii - v"", ""ii - vi"", ""ii7 - V"", ""ii7 - fii7"", ""iii - IV"", ""iii - fiii"", ""iii - vi"", ""iv - I"", ""iv - III"", ""iv - V"", ""iv - VII"", ""iv - fiv"", ""iv - i"", ""iv - ii"", ""v - II"", ""v - III"", ""v - IV"", ""v - V"", ""v - VI"", ""v - fv"", ""v - i"", ""v - v"", ""vi - I"", ""vi - V"", ""vi - fvi"", ""vi - ii"", ""vi - iv"", ""vi - vi"", ""vii - I"", ""vii - fvii"", ""vii - i"", ""vii7 - I"", ""vii7 - fvii7"", ""vii7 - i""]"	"[""i - V"", ""VII - iv"", ""i - VI"", ""I - I"", ""i - VII"", ""VI - fVI"", ""I - fI"", ""IV - I"", ""i - iv"", ""III - VI"", ""vii7 - i"", ""ii - iv"", ""ii - III"", ""V - i"", ""v - IV"", ""IV - i"", ""v - i"", ""III - III"", ""ii - vi"", ""V7 - fV7"", ""i - III"", ""IV - V"", ""i - fi"", ""v - III"", ""V - v"", ""ii - IV"", ""v - VI"", ""VII - v"", ""i - IV"", ""VII - i"", ""vi - fvi"", ""v - v"", ""V7 - I"", ""I - i"", ""V - V"", ""vii - I"", ""VII - ii"", ""vii7 - fvii7"", ""ii - V7"", ""III - fIII"", ""iv - VII"", ""VI - V"", ""IV - ii"", ""vii - fvii"", ""III - iv"", ""ii - V"", ""V7 - i"", ""III - IV"", ""V - VI"", ""I - IV"", ""ii7 - V"", ""v - V"", ""IV - VII"", ""VI - VII"", ""i - I"", ""I - V"", ""III - VII"", ""ii7 - fii7"", ""V - iv"", ""I - vi"", ""V - fV"", ""v - II"", ""VII - VII"", ""II - v"", ""iv - fiv"", ""VII - III"", ""VI - ii"", ""iv - III"", ""iii - fiii"", ""V7 - vi"", ""iv - I"", ""iii - IV"", ""VI - iv"", ""ii - v"", ""ii - fii"", ""vii7 - I"", ""V - IV"", ""VI - III"", ""VII - IV"", ""i - i"", ""iv - V"", ""vi - I"", ""V7 - VI"", ""iii - vi"", ""vii - i"", ""v - fv"", ""IV - fIV"", ""vi - ii"", ""vi - V"", ""V - vi"", ""iv - ii"", ""I - v"", ""iv - i"", ""vi - iv"", ""vi - vi""]"	symbolic	symbolic.abc.txt	data/chorale-bricks/Vulpius_DieHelleSonnLeuchtJetztHerfuer/symbolic.abc.txt	V - I	"[""V - I"", ""none of the other options is correct"", ""i - V"", ""VII - iv"", ""i - VI""]"	0.2	0	"[""A"", ""B"", ""C"", ""D"", ""E""]"	"{""A"": ""none of the other options is correct"", ""B"": ""V - I"", ""C"": ""VII - iv"", ""D"": ""i - VI"", ""E"": ""i - V""}"	"[""(A) none of the other options is correct"", ""(B) V - I"", ""(C) VII - iv"", ""(D) i - VI"", ""(E) i - V""]"	(B) V - I	B
67b602f0-5e70-5935-b81f-74ef34428ab6	11	perception	harmony	relative	harmony-relative	harmonic-recognition		cadence recognition	What is the chord progression between the {target_index} chord and the next one?	"[""target_index""]"	get_harmonic_cadence			"{""target_index"": ""10th""}"	What is the chord progression between the 10th chord and the next one?	Vulpius_DieHelleSonnLeuchtJetztHerfuer	chorale-bricks	Vulpius_DieHelleSonnLeuchtJetztHerfuer	data/chorale-bricks/Vulpius_DieHelleSonnLeuchtJetztHerfuer	V - I	"[""I - I"", ""I - IV"", ""I - V"", ""I - fI"", ""I - i"", ""I - v"", ""I - vi"", ""II - v"", ""III - III"", ""III - IV"", ""III - VI"", ""III - VII"", ""III - fIII"", ""III - iv"", ""IV - I"", ""IV - V"", ""IV - VII"", ""IV - fIV"", ""IV - i"", ""IV - ii"", ""V - IV"", ""V - V"", ""V - VI"", ""V - fV"", ""V - i"", ""V - iv"", ""V - v"", ""V - vi"", ""V7 - I"", ""V7 - VI"", ""V7 - fV7"", ""V7 - i"", ""V7 - vi"", ""VI - III"", ""VI - V"", ""VI - VII"", ""VI - fVI"", ""VI - ii"", ""VI - iv"", ""VII - III"", ""VII - IV"", ""VII - VII"", ""VII - i"", ""VII - ii"", ""VII - iv"", ""VII - v"", ""i - I"", ""i - III"", ""i - IV"", ""i - V"", ""i - VI"", ""i - VII"", ""i - fi"", ""i - i"", ""i - iv"", ""ii - III"", ""ii - IV"", ""ii - V"", ""ii - V7"", ""ii - fii"", ""ii - iv"", ""ii - v"", ""ii - vi"", ""ii7 - V"", ""ii7 - fii7"", ""iii - IV"", ""iii - fiii"", ""iii - vi"", ""iv - I"", ""iv - III"", ""iv - V"", ""iv - VII"", ""iv - fiv"", ""iv - i"", ""iv - ii"", ""v - II"", ""v - III"", ""v - IV"", ""v - V"", ""v - VI"", ""v - fv"", ""v - i"", ""v - v"", ""vi - I"", ""vi - V"", ""vi - fvi"", ""vi - ii"", ""vi - iv"", ""vi - vi"", ""vii - I"", ""vii - fvii"", ""vii - i"", ""vii7 - I"", ""vii7 - fvii7"", ""vii7 - i""]"	"[""i - V"", ""VII - iv"", ""i - VI"", ""I - I"", ""i - VII"", ""VI - fVI"", ""I - fI"", ""IV - I"", ""i - iv"", ""III - VI"", ""vii7 - i"", ""ii - iv"", ""ii - III"", ""V - i"", ""v - IV"", ""IV - i"", ""v - i"", ""III - III"", ""ii - vi"", ""V7 - fV7"", ""i - III"", ""IV - V"", ""i - fi"", ""v - III"", ""V - v"", ""ii - IV"", ""v - VI"", ""VII - v"", ""i - IV"", ""VII - i"", ""vi - fvi"", ""v - v"", ""V7 - I"", ""I - i"", ""V - V"", ""vii - I"", ""VII - ii"", ""vii7 - fvii7"", ""ii - V7"", ""III - fIII"", ""iv - VII"", ""VI - V"", ""IV - ii"", ""vii - fvii"", ""III - iv"", ""ii - V"", ""V7 - i"", ""III - IV"", ""V - VI"", ""I - IV"", ""ii7 - V"", ""v - V"", ""IV - VII"", ""VI - VII"", ""i - I"", ""I - V"", ""III - VII"", ""ii7 - fii7"", ""V - iv"", ""I - vi"", ""V - fV"", ""v - II"", ""VII - VII"", ""II - v"", ""iv - fiv"", ""VII - III"", ""VI - ii"", ""iv - III"", ""iii - fiii"", ""V7 - vi"", ""iv - I"", ""iii - IV"", ""VI - iv"", ""ii - v"", ""ii - fii"", ""vii7 - I"", ""V - IV"", ""VI - III"", ""VII - IV"", ""i - i"", ""iv - V"", ""vi - I"", ""V7 - VI"", ""iii - vi"", ""vii - i"", ""v - fv"", ""IV - fIV"", ""vi - ii"", ""vi - V"", ""V - vi"", ""iv - ii"", ""I - v"", ""iv - i"", ""vi - iv"", ""vi - vi""]"	visual	visual.short.png	data/chorale-bricks/Vulpius_DieHelleSonnLeuchtJetztHerfuer/visual.short.png	V - I	"[""V - I"", ""none of the other options is correct"", ""i - V"", ""VII - iv"", ""i - VI""]"	0.2	0	"[""A"", ""B"", ""C"", ""D"", ""E""]"	"{""A"": ""none of the other options is correct"", ""B"": ""i - V"", ""C"": ""VII - iv"", ""D"": ""V - I"", ""E"": ""i - VI""}"	"[""(A) none of the other options is correct"", ""(B) i - V"", ""(C) VII - iv"", ""(D) V - I"", ""(E) i - VI""]"	(D) V - I	D
