item_id	meta-question_id	perception	category	rel/abs	specification	subcategory	simul/seq	skill	text_with_wildcards	question_keys	method_for_ground_truth_extraction	requires	ontology_key	values	question	piece_id	dataset	name	path	ground_truth	distractor_pool	sorted_distractors	modality	submodality	path_to_question_context_file	final_correct_option	final_options	random_guess_performance_accuracy	is_nota_correct	all_choices	index2ans	labeled_final_options	labeled_final_correct_option	label_of_final_correct_option
4d132f3a-b6c2-529b-a9e4-19f359f0a2f6	1	perception	pitch	absolute	pitch-absolute	pitch-recognition		pitch recognition	What is the pitch name of the {target_index} {voice} note in the provided excerpt?	"[""target_index"", ""voice""]"	get_nth_note	symbolic.musicxml	pitch	"{""target_index"": ""40th"", ""voice"": ""tenor""}"	What is the pitch name of the 40th tenor note in the provided excerpt?	Gesius_DuFriedensfuerstHerrJesuChrist	chorale-bricks	Gesius_DuFriedensfuerstHerrJesuChrist	data/chorale-bricks/Gesius_DuFriedensfuerstHerrJesuChrist	F	"[""A"", ""B"", ""B flat"", ""C"", ""D"", ""E"", ""G""]"	"[""B"", ""D"", ""C"", ""E"", ""A"", ""G"", ""B flat""]"	audio	audio.mastermix.wav	data/chorale-bricks/Gesius_DuFriedensfuerstHerrJesuChrist/audio.mastermix.wav	F	"[""F"", ""none of the other options is correct"", ""B"", ""D"", ""C""]"	0.2	0	"[""A"", ""B"", ""C"", ""D"", ""E""]"	"{""A"": ""F"", ""B"": ""none of the other options is correct"", ""C"": ""C"", ""D"": ""B"", ""E"": ""D""}"	"[""(A) F"", ""(B) none of the other options is correct"", ""(C) C"", ""(D) B"", ""(E) D""]"	(A) F	A
3b2e657b-c500-5dc7-b31b-d97a7239df60	1	perception	pitch	absolute	pitch-absolute	pitch-recognition		pitch recognition	What is the pitch name of the {target_index} {voice} note in the provided excerpt?	"[""target_index"", ""voice""]"	get_nth_note	symbolic.musicxml	pitch	"{""target_index"": ""40th"", ""voice"": ""tenor""}"	What is the pitch name of the 40th tenor note in the provided excerpt?	Gesius_DuFriedensfuerstHerrJesuChrist	chorale-bricks	Gesius_DuFriedensfuerstHerrJesuChrist	data/chorale-bricks/Gesius_DuFriedensfuerstHerrJesuChrist	F	"[""A"", ""B"", ""B flat"", ""C"", ""D"", ""E"", ""G""]"	"[""B"", ""D"", ""C"", ""E"", ""A"", ""G"", ""B flat""]"	symbolic	symbolic.abc.txt	data/chorale-bricks/Gesius_DuFriedensfuerstHerrJesuChrist/symbolic.abc.txt	F	"[""F"", ""none of the other options is correct"", ""B"", ""D"", ""C""]"	0.2	0	"[""A"", ""B"", ""C"", ""D"", ""E""]"	"{""A"": ""D"", ""B"": ""B"", ""C"": ""C"", ""D"": ""F"", ""E"": ""none of the other options is correct""}"	"[""(A) D"", ""(B) B"", ""(C) C"", ""(D) F"", ""(E) none of the other options is correct""]"	(D) F	D
8a7c59d3-d101-575e-a1da-c5ed178f826a	1	perception	pitch	absolute	pitch-absolute	pitch-recognition		pitch recognition	What is the pitch name of the {target_index} {voice} note in the provided excerpt?	"[""target_index"", ""voice""]"	get_nth_note	symbolic.musicxml	pitch	"{""target_index"": ""40th"", ""voice"": ""tenor""}"	What is the pitch name of the 40th tenor note in the provided excerpt?	Gesius_DuFriedensfuerstHerrJesuChrist	chorale-bricks	Gesius_DuFriedensfuerstHerrJesuChrist	data/chorale-bricks/Gesius_DuFriedensfuerstHerrJesuChrist	F	"[""A"", ""B"", ""B flat"", ""C"", ""D"", ""E"", ""G""]"	"[""B"", ""D"", ""C"", ""E"", ""A"", ""G"", ""B flat""]"	visual	visual.short.png	data/chorale-bricks/Gesius_DuFriedensfuerstHerrJesuChrist/visual.short.png	F	"[""F"", ""none of the other options is correct"", ""B"", ""D"", ""C""]"	0.2	0	"[""A"", ""B"", ""C"", ""D"", ""E""]"	"{""A"": ""D"", ""B"": ""F"", ""C"": ""B"", ""D"": ""none of the other options is correct"", ""E"": ""C""}"	"[""(A) D"", ""(B) F"", ""(C) B"", ""(D) none of the other options is correct"", ""(E) C""]"	(B) F	B
aec3a187-697f-589f-b19b-f30051194869	1	perception	pitch	absolute	pitch-absolute	pitch-recognition		pitch recognition	What is the pitch name of the {target_index} {voice} note in the provided excerpt?	"[""target_index"", ""voice""]"	get_nth_note	symbolic.musicxml	pitch	"{""target_index"": ""36th"", ""voice"": ""alto""}"	What is the pitch name of the 36th alto note in the provided excerpt?	Telemann_DerLiebenSonneLichtUndPracht	chorale-bricks	Telemann_DerLiebenSonneLichtUndPracht	data/chorale-bricks/Telemann_DerLiebenSonneLichtUndPracht	F sharp	"[""A"", ""B"", ""C"", ""C sharp"", ""D"", ""D sharp"", ""E"", ""G""]"	"[""A"", ""C sharp"", ""G"", ""B"", ""E"", ""C"", ""D sharp"", ""D""]"	audio	audio.mastermix.wav	data/chorale-bricks/Telemann_DerLiebenSonneLichtUndPracht/audio.mastermix.wav	F sharp	"[""F sharp"", ""none of the other options is correct"", ""A"", ""C sharp"", ""G""]"	0.2	0	"[""A"", ""B"", ""C"", ""D"", ""E""]"	"{""A"": ""A"", ""B"": ""G"", ""C"": ""none of the other options is correct"", ""D"": ""F sharp"", ""E"": ""C sharp""}"	"[""(A) A"", ""(B) G"", ""(C) none of the other options is correct"", ""(D) F sharp"", ""(E) C sharp""]"	(D) F sharp	D
c8de809d-bd83-5587-a8e4-6868d8729185	1	perception	pitch	absolute	pitch-absolute	pitch-recognition		pitch recognition	What is the pitch name of the {target_index} {voice} note in the provided excerpt?	"[""target_index"", ""voice""]"	get_nth_note	symbolic.musicxml	pitch	"{""target_index"": ""36th"", ""voice"": ""alto""}"	What is the pitch name of the 36th alto note in the provided excerpt?	Telemann_DerLiebenSonneLichtUndPracht	chorale-bricks	Telemann_DerLiebenSonneLichtUndPracht	data/chorale-bricks/Telemann_DerLiebenSonneLichtUndPracht	F sharp	"[""A"", ""B"", ""C"", ""C sharp"", ""D"", ""D sharp"", ""E"", ""G""]"	"[""A"", ""C sharp"", ""G"", ""B"", ""E"", ""C"", ""D sharp"", ""D""]"	symbolic	symbolic.abc.txt	data/chorale-bricks/Telemann_DerLiebenSonneLichtUndPracht/symbolic.abc.txt	F sharp	"[""F sharp"", ""none of the other options is correct"", ""A"", ""C sharp"", ""G""]"	0.2	0	"[""A"", ""B"", ""C"", ""D"", ""E""]"	"{""A"": ""G"", ""B"": ""C sharp"", ""C"": ""A"", ""D"": ""none of the other options is correct"", ""E"": ""F sharp""}"	"[""(A) G"", ""(B) C sharp"", ""(C) A"", ""(D) none of the other options is correct"", ""(E) F sharp""]"	(E) F sharp	E
4f9b8fb1-867d-5dd1-b696-76880ad1e41d	1	perception	pitch	absolute	pitch-absolute	pitch-recognition		pitch recognition	What is the pitch name of the {target_index} {voice} note in the provided excerpt?	"[""target_index"", ""voice""]"	get_nth_note	symbolic.musicxml	pitch	"{""target_index"": ""36th"", ""voice"": ""alto""}"	What is the pitch name of the 36th alto note in the provided excerpt?	Telemann_DerLiebenSonneLichtUndPracht	chorale-bricks	Telemann_DerLiebenSonneLichtUndPracht	data/chorale-bricks/Telemann_DerLiebenSonneLichtUndPracht	F sharp	"[""A"", ""B"", ""C"", ""C sharp"", ""D"", ""D sharp"", ""E"", ""G""]"	"[""A"", ""C sharp"", ""G"", ""B"", ""E"", ""C"", ""D sharp"", ""D""]"	visual	visual.short.png	data/chorale-bricks/Telemann_DerLiebenSonneLichtUndPracht/visual.short.png	none of the other options is correct	"[""none of the other options is correct"", ""A"", ""C sharp"", ""G"", ""B""]"	0.2	1	"[""A"", ""B"", ""C"", ""D"", ""E""]"	"{""A"": ""B"", ""B"": ""C sharp"", ""C"": ""G"", ""D"": ""none of the other options is correct"", ""E"": ""A""}"	"[""(A) B"", ""(B) C sharp"", ""(C) G"", ""(D) none of the other options is correct"", ""(E) A""]"	(D) none of the other options is correct	D
22f03c59-b6ec-5fcc-b2f6-e1b6c63cfa6a	1	perception	pitch	absolute	pitch-absolute	pitch-recognition		pitch recognition	What is the pitch name of the {target_index} {voice} note in the provided excerpt?	"[""target_index"", ""voice""]"	get_nth_note	symbolic.musicxml	pitch	"{""target_index"": ""42nd"", ""voice"": ""alto""}"	What is the pitch name of the 42nd alto note in the provided excerpt?	Bach_IchStehAnDeinerKrippe	chorale-bricks	Bach_IchStehAnDeinerKrippe	data/chorale-bricks/Bach_IchStehAnDeinerKrippe	D	"[""A"", ""A sharp"", ""B"", ""C sharp"", ""D sharp"", ""E"", ""F sharp"", ""G"", ""G sharp""]"	"[""F sharp"", ""B"", ""D sharp"", ""C sharp"", ""A sharp"", ""E"", ""A"", ""G sharp"", ""G""]"	audio	audio.mastermix.wav	data/chorale-bricks/Bach_IchStehAnDeinerKrippe/audio.mastermix.wav	none of the other options is correct	"[""none of the other options is correct"", ""F sharp"", ""B"", ""D sharp"", ""C sharp""]"	0.2	1	"[""A"", ""B"", ""C"", ""D"", ""E""]"	"{""A"": ""F sharp"", ""B"": ""C sharp"", ""C"": ""none of the other options is correct"", ""D"": ""D sharp"", ""E"": ""B""}"	"[""(A) F sharp"", ""(B) C sharp"", ""(C) none of the other options is correct"", ""(D) D sharp"", ""(E) B""]"	(C) none of the other options is correct	C
87e6d891-7103-5d81-a091-9ab556dcd1ee	1	perception	pitch	absolute	pitch-absolute	pitch-recognition		pitch recognition	What is the pitch name of the {target_index} {voice} note in the provided excerpt?	"[""target_index"", ""voice""]"	get_nth_note	symbolic.musicxml	pitch	"{""target_index"": ""42nd"", ""voice"": ""alto""}"	What is the pitch name of the 42nd alto note in the provided excerpt?	Bach_IchStehAnDeinerKrippe	chorale-bricks	Bach_IchStehAnDeinerKrippe	data/chorale-bricks/Bach_IchStehAnDeinerKrippe	D	"[""A"", ""A sharp"", ""B"", ""C sharp"", ""D sharp"", ""E"", ""F sharp"", ""G"", ""G sharp""]"	"[""F sharp"", ""B"", ""D sharp"", ""C sharp"", ""A sharp"", ""E"", ""A"", ""G sharp"", ""G""]"	symbolic	symbolic.abc.txt	data/chorale-bricks/Bach_IchStehAnDeinerKrippe/symbolic.abc.txt	D	"[""D"", ""none of the other options is correct"", ""F sharp"", ""B"", ""D sharp""]"	0.2	0	"[""A"", ""B"", ""C"", ""D"", ""E""]"	"{""A"": ""none of the other options is correct"", ""B"": ""D sharp"", ""C"": ""B"", ""D"": ""D"", ""E"": ""F sharp""}"	"[""(A) none of the other options is correct"", ""(B) D sharp"", ""(C) B"", ""(D) D"", ""(E) F sharp""]"	(D) D	D
df0e7d90-bdca-5309-b55a-fa2d419d1121	1	perception	pitch	absolute	pitch-absolute	pitch-recognition		pitch recognition	What is the pitch name of the {target_index} {voice} note in the provided excerpt?	"[""target_index"", ""voice""]"	get_nth_note	symbolic.musicxml	pitch	"{""target_index"": ""42nd"", ""voice"": ""alto""}"	What is the pitch name of the 42nd alto note in the provided excerpt?	Bach_IchStehAnDeinerKrippe	chorale-bricks	Bach_IchStehAnDeinerKrippe	data/chorale-bricks/Bach_IchStehAnDeinerKrippe	D	"[""A"", ""A sharp"", ""B"", ""C sharp"", ""D sharp"", ""E"", ""F sharp"", ""G"", ""G sharp""]"	"[""F sharp"", ""B"", ""D sharp"", ""C sharp"", ""A sharp"", ""E"", ""A"", ""G sharp"", ""G""]"	visual	visual.short.png	data/chorale-bricks/Bach_IchStehAnDeinerKrippe/visual.short.png	D	"[""D"", ""none of the other options is correct"", ""F sharp"", ""B"", ""D sharp""]"	0.2	0	"[""A"", ""B"", ""C"", ""D"", ""E""]"	"{""A"": ""D sharp"", ""B"": ""D"", ""C"": ""none of the other options is correct"", ""D"": ""B"", ""E"": ""F sharp""}"	"[""(A) D sharp"", ""(B) D"", ""(C) none of the other options is correct"", ""(D) B"", ""(E) F sharp""]"	(B) D	B
00ce497e-a7bd-5550-8eb8-f4864838a116	1	perception	pitch	absolute	pitch-absolute	pitch-recognition		pitch recognition	What is the pitch name of the {target_index} {voice} note in the provided excerpt?	"[""target_index"", ""voice""]"	get_nth_note	symbolic.musicxml	pitch	"{""target_index"": ""37th"", ""voice"": ""soprano""}"	What is the pitch name of the 37th soprano note in the provided excerpt?	Bach_IchStehAnDeinerKrippe	chorale-bricks	Bach_IchStehAnDeinerKrippe	data/chorale-bricks/Bach_IchStehAnDeinerKrippe	A	"[""A sharp"", ""B"", ""C sharp"", ""D"", ""D sharp"", ""E"", ""F sharp"", ""G"", ""G sharp""]"	"[""G"", ""E"", ""D"", ""G sharp"", ""C sharp"", ""A sharp"", ""B"", ""F sharp"", ""D sharp""]"	audio	audio.mastermix.wav	data/chorale-bricks/Bach_IchStehAnDeinerKrippe/audio.mastermix.wav	A	"[""A"", ""none of the other options is correct"", ""G"", ""E"", ""D""]"	0.2	0	"[""A"", ""B"", ""C"", ""D"", ""E""]"	"{""A"": ""D"", ""B"": ""G"", ""C"": ""E"", ""D"": ""none of the other options is correct"", ""E"": ""A""}"	"[""(A) D"", ""(B) G"", ""(C) E"", ""(D) none of the other options is correct"", ""(E) A""]"	(E) A	E
a0e2e751-57a3-5e1a-a4b3-b9696fe5a4f5	1	perception	pitch	absolute	pitch-absolute	pitch-recognition		pitch recognition	What is the pitch name of the {target_index} {voice} note in the provided excerpt?	"[""target_index"", ""voice""]"	get_nth_note	symbolic.musicxml	pitch	"{""target_index"": ""37th"", ""voice"": ""soprano""}"	What is the pitch name of the 37th soprano note in the provided excerpt?	Bach_IchStehAnDeinerKrippe	chorale-bricks	Bach_IchStehAnDeinerKrippe	data/chorale-bricks/Bach_IchStehAnDeinerKrippe	A	"[""A sharp"", ""B"", ""C sharp"", ""D"", ""D sharp"", ""E"", ""F sharp"", ""G"", ""G sharp""]"	"[""G"", ""E"", ""D"", ""G sharp"", ""C sharp"", ""A sharp"", ""B"", ""F sharp"", ""D sharp""]"	symbolic	symbolic.abc.txt	data/chorale-bricks/Bach_IchStehAnDeinerKrippe/symbolic.abc.txt	A	"[""A"", ""none of the other options is correct"", ""G"", ""E"", ""D""]"	0.2	0	"[""A"", ""B"", ""C"", ""D"", ""E""]"	"{""A"": ""D"", ""B"": ""A"", ""C"": ""E"", ""D"": ""G"", ""E"": ""none of the other options is correct""}"	"[""(A) D"", ""(B) A"", ""(C) E"", ""(D) G"", ""(E) none of the other options is correct""]"	(B) A	B
411c183d-699f-5e06-b79d-622c1d86a1b7	1	perception	pitch	absolute	pitch-absolute	pitch-recognition		pitch recognition	What is the pitch name of the {target_index} {voice} note in the provided excerpt?	"[""target_index"", ""voice""]"	get_nth_note	symbolic.musicxml	pitch	"{""target_index"": ""37th"", ""voice"": ""soprano""}"	What is the pitch name of the 37th soprano note in the provided excerpt?	Bach_IchStehAnDeinerKrippe	chorale-bricks	Bach_IchStehAnDeinerKrippe	data/chorale-bricks/Bach_IchStehAnDeinerKrippe	A	"[""A sharp"", ""B"", ""C sharp"", ""D"", ""D sharp"", ""E"", ""F sharp"", ""G"", ""G sharp""]"	"[""G"", ""E"", ""D"", ""G sharp"", ""C sharp"", ""A sharp"", ""B"", ""F sharp"", ""D sharp""]"	visual	visual.short.png	data/chorale-bricks/Bach_IchStehAnDeinerKrippe/visual.short.png	none of the other options is correct	"[""none of the other options is correct"", ""G"", ""E"", ""D"", ""G sharp""]"	0.2	1	"[""A"", ""B"", ""C"", ""D"", ""E""]"	"{""A"": ""G"", ""B"": ""G sharp"", ""C"": ""none of the other options is correct"", ""D"": ""E"", ""E"": ""D""}"	"[""(A) G"", ""(B) G sharp"", ""(C) none of the other options is correct"", ""(D) E"", ""(E) D""]"	(C) none of the other options is correct	C
713d1947-f5a8-5a6b-a4de-b4158ec5696e	1	perception	pitch	absolute	pitch-absolute	pitch-recognition		pitch recognition	What is the pitch name of the {target_index} {voice} note in the provided excerpt?	"[""target_index"", ""voice""]"	get_nth_note	symbolic.musicxml	pitch	"{""target_index"": ""34th"", ""voice"": ""soprano""}"	What is the pitch name of the 34th soprano note in the provided excerpt?	Anonymous_AusMeinesHerzensGrunde	chorale-bricks	Anonymous_AusMeinesHerzensGrunde	data/chorale-bricks/Anonymous_AusMeinesHerzensGrunde	B	"[""A"", ""C"", ""D"", ""D sharp"", ""E"", ""F sharp"", ""G""]"	"[""A"", ""D"", ""E"", ""D sharp"", ""F sharp"", ""C"", ""G""]"	audio	audio.mastermix.wav	data/chorale-bricks/Anonymous_AusMeinesHerzensGrunde/audio.mastermix.wav	B	"[""B"", ""none of the other options is correct"", ""A"", ""D"", ""E""]"	0.2	0	"[""A"", ""B"", ""C"", ""D"", ""E""]"	"{""A"": ""D"", ""B"": ""A"", ""C"": ""B"", ""D"": ""none of the other options is correct"", ""E"": ""E""}"	"[""(A) D"", ""(B) A"", ""(C) B"", ""(D) none of the other options is correct"", ""(E) E""]"	(C) B	C
8fef7462-f3a9-5b5d-8483-c010e00c5d65	1	perception	pitch	absolute	pitch-absolute	pitch-recognition		pitch recognition	What is the pitch name of the {target_index} {voice} note in the provided excerpt?	"[""target_index"", ""voice""]"	get_nth_note	symbolic.musicxml	pitch	"{""target_index"": ""34th"", ""voice"": ""soprano""}"	What is the pitch name of the 34th soprano note in the provided excerpt?	Anonymous_AusMeinesHerzensGrunde	chorale-bricks	Anonymous_AusMeinesHerzensGrunde	data/chorale-bricks/Anonymous_AusMeinesHerzensGrunde	B	"[""A"", ""C"", ""D"", ""D sharp"", ""E"", ""F sharp"", ""G""]"	"[""A"", ""D"", ""E"", ""D sharp"", ""F sharp"", ""C"", ""G""]"	symbolic	symbolic.abc.txt	data/chorale-bricks/Anonymous_AusMeinesHerzensGrunde/symbolic.abc.txt	B	"[""B"", ""none of the other options is correct"", ""A"", ""D"", ""E""]"	0.2	0	"[""A"", ""B"", ""C"", ""D"", ""E""]"	"{""A"": ""D"", ""B"": ""none of the other options is correct"", ""C"": ""E"", ""D"": ""A"", ""E"": ""B""}"	"[""(A) D"", ""(B) none of the other options is correct"", ""(C) E"", ""(D) A"", ""(E) B""]"	(E) B	E
c3fbd933-14f9-5c59-9c91-6e82388b50ac	1	perception	pitch	absolute	pitch-absolute	pitch-recognition		pitch recognition	What is the pitch name of the {target_index} {voice} note in the provided excerpt?	"[""target_index"", ""voice""]"	get_nth_note	symbolic.musicxml	pitch	"{""target_index"": ""34th"", ""voice"": ""soprano""}"	What is the pitch name of the 34th soprano note in the provided excerpt?	Anonymous_AusMeinesHerzensGrunde	chorale-bricks	Anonymous_AusMeinesHerzensGrunde	data/chorale-bricks/Anonymous_AusMeinesHerzensGrunde	B	"[""A"", ""C"", ""D"", ""D sharp"", ""E"", ""F sharp"", ""G""]"	"[""A"", ""D"", ""E"", ""D sharp"", ""F sharp"", ""C"", ""G""]"	visual	visual.short.png	data/chorale-bricks/Anonymous_AusMeinesHerzensGrunde/visual.short.png	B	"[""B"", ""none of the other options is correct"", ""A"", ""D"", ""E""]"	0.2	0	"[""A"", ""B"", ""C"", ""D"", ""E""]"	"{""A"": ""none of the other options is correct"", ""B"": ""E"", ""C"": ""D"", ""D"": ""B"", ""E"": ""A""}"	"[""(A) none of the other options is correct"", ""(B) E"", ""(C) D"", ""(D) B"", ""(E) A""]"	(D) B	D
78cc5f7c-8876-53db-8963-3a5710b8a3f9	1	perception	pitch	absolute	pitch-absolute	pitch-recognition		pitch recognition	What is the pitch name of the {target_index} {voice} note in the provided excerpt?	"[""target_index"", ""voice""]"	get_nth_note	symbolic.musicxml	pitch	"{""target_index"": ""23rd"", ""voice"": ""tenor""}"	What is the pitch name of the 23rd tenor note in the provided excerpt?	Anonymous_AusMeinesHerzensGrunde	chorale-bricks	Anonymous_AusMeinesHerzensGrunde	data/chorale-bricks/Anonymous_AusMeinesHerzensGrunde	A	"[""B"", ""C"", ""D"", ""D sharp"", ""E"", ""F sharp"", ""G""]"	"[""B"", ""D sharp"", ""C"", ""E"", ""F sharp"", ""G"", ""D""]"	audio	audio.mastermix.wav	data/chorale-bricks/Anonymous_AusMeinesHerzensGrunde/audio.mastermix.wav	A	"[""A"", ""none of the other options is correct"", ""B"", ""D sharp"", ""C""]"	0.2	0	"[""A"", ""B"", ""C"", ""D"", ""E""]"	"{""A"": ""C"", ""B"": ""A"", ""C"": ""B"", ""D"": ""D sharp"", ""E"": ""none of the other options is correct""}"	"[""(A) C"", ""(B) A"", ""(C) B"", ""(D) D sharp"", ""(E) none of the other options is correct""]"	(B) A	B
7c40acf7-84d3-5e4c-b1a2-af53d4fc2284	1	perception	pitch	absolute	pitch-absolute	pitch-recognition		pitch recognition	What is the pitch name of the {target_index} {voice} note in the provided excerpt?	"[""target_index"", ""voice""]"	get_nth_note	symbolic.musicxml	pitch	"{""target_index"": ""23rd"", ""voice"": ""tenor""}"	What is the pitch name of the 23rd tenor note in the provided excerpt?	Anonymous_AusMeinesHerzensGrunde	chorale-bricks	Anonymous_AusMeinesHerzensGrunde	data/chorale-bricks/Anonymous_AusMeinesHerzensGrunde	A	"[""B"", ""C"", ""D"", ""D sharp"", ""E"", ""F sharp"", ""G""]"	"[""B"", ""D sharp"", ""C"", ""E"", ""F sharp"", ""G"", ""D""]"	symbolic	symbolic.abc.txt	data/chorale-bricks/Anonymous_AusMeinesHerzensGrunde/symbolic.abc.txt	A	"[""A"", ""none of the other options is correct"", ""B"", ""D sharp"", ""C""]"	0.2	0	"[""A"", ""B"", ""C"", ""D"", ""E""]"	"{""A"": ""none of the other options is correct"", ""B"": ""B"", ""C"": ""D sharp"", ""D"": ""A"", ""E"": ""C""}"	"[""(A) none of the other options is correct"", ""(B) B"", ""(C) D sharp"", ""(D) A"", ""(E) C""]"	(D) A	D
59b1dd71-91d3-55b6-adaf-30527b00232a	1	perception	pitch	absolute	pitch-absolute	pitch-recognition		pitch recognition	What is the pitch name of the {target_index} {voice} note in the provided excerpt?	"[""target_index"", ""voice""]"	get_nth_note	symbolic.musicxml	pitch	"{""target_index"": ""23rd"", ""voice"": ""tenor""}"	What is the pitch name of the 23rd tenor note in the provided excerpt?	Anonymous_AusMeinesHerzensGrunde	chorale-bricks	Anonymous_AusMeinesHerzensGrunde	data/chorale-bricks/Anonymous_AusMeinesHerzensGrunde	A	"[""B"", ""C"", ""D"", ""D sharp"", ""E"", ""F sharp"", ""G""]"	"[""B"", ""D sharp"", ""C"", ""E"", ""F sharp"", ""G"", ""D""]"	visual	visual.short.png	data/chorale-bricks/Anonymous_AusMeinesHerzensGrunde/visual.short.png	A	"[""A"", ""none of the other options is correct"", ""B"", ""D sharp"", ""C""]"	0.2	0	"[""A"", ""B"", ""C"", ""D"", ""E""]"	"{""A"": ""A"", ""B"": ""none of the other options is correct"", ""C"": ""C"", ""D"": ""D sharp"", ""E"": ""B""}"	"[""(A) A"", ""(B) none of the other options is correct"", ""(C) C"", ""(D) D sharp"", ""(E) B""]"	(A) A	A
84cf46f2-ece6-5ac5-8cd1-be5b09280e6e	1	perception	pitch	absolute	pitch-absolute	pitch-recognition		pitch recognition	What is the pitch name of the {target_index} {voice} note in the provided excerpt?	"[""target_index"", ""voice""]"	get_nth_note	symbolic.musicxml	pitch	"{""target_index"": ""36th"", ""voice"": ""bass""}"	What is the pitch name of the 36th bass note in the provided excerpt?	Drese_JesuGehVoran	chorale-bricks	Drese_JesuGehVoran	data/chorale-bricks/Drese_JesuGehVoran	G	"[""A"", ""B"", ""C"", ""D"", ""D sharp"", ""E"", ""F sharp""]"	"[""B"", ""D sharp"", ""A"", ""F sharp"", ""D"", ""C"", ""E""]"	audio	audio.mastermix.wav	data/chorale-bricks/Drese_JesuGehVoran/audio.mastermix.wav	G	"[""G"", ""none of the other options is correct"", ""B"", ""D sharp"", ""A""]"	0.2	0	"[""A"", ""B"", ""C"", ""D"", ""E""]"	"{""A"": ""none of the other options is correct"", ""B"": ""B"", ""C"": ""A"", ""D"": ""D sharp"", ""E"": ""G""}"	"[""(A) none of the other options is correct"", ""(B) B"", ""(C) A"", ""(D) D sharp"", ""(E) G""]"	(E) G	E
619dda02-5c17-5bbf-bd45-e4081c1826fd	1	perception	pitch	absolute	pitch-absolute	pitch-recognition		pitch recognition	What is the pitch name of the {target_index} {voice} note in the provided excerpt?	"[""target_index"", ""voice""]"	get_nth_note	symbolic.musicxml	pitch	"{""target_index"": ""36th"", ""voice"": ""bass""}"	What is the pitch name of the 36th bass note in the provided excerpt?	Drese_JesuGehVoran	chorale-bricks	Drese_JesuGehVoran	data/chorale-bricks/Drese_JesuGehVoran	G	"[""A"", ""B"", ""C"", ""D"", ""D sharp"", ""E"", ""F sharp""]"	"[""B"", ""D sharp"", ""A"", ""F sharp"", ""D"", ""C"", ""E""]"	symbolic	symbolic.abc.txt	data/chorale-bricks/Drese_JesuGehVoran/symbolic.abc.txt	G	"[""G"", ""none of the other options is correct"", ""B"", ""D sharp"", ""A""]"	0.2	0	"[""A"", ""B"", ""C"", ""D"", ""E""]"	"{""A"": ""none of the other options is correct"", ""B"": ""G"", ""C"": ""D sharp"", ""D"": ""B"", ""E"": ""A""}"	"[""(A) none of the other options is correct"", ""(B) G"", ""(C) D sharp"", ""(D) B"", ""(E) A""]"	(B) G	B
16bfa8e2-76d0-5bc4-acd4-02d9410be1ef	1	perception	pitch	absolute	pitch-absolute	pitch-recognition		pitch recognition	What is the pitch name of the {target_index} {voice} note in the provided excerpt?	"[""target_index"", ""voice""]"	get_nth_note	symbolic.musicxml	pitch	"{""target_index"": ""36th"", ""voice"": ""bass""}"	What is the pitch name of the 36th bass note in the provided excerpt?	Drese_JesuGehVoran	chorale-bricks	Drese_JesuGehVoran	data/chorale-bricks/Drese_JesuGehVoran	G	"[""A"", ""B"", ""C"", ""D"", ""D sharp"", ""E"", ""F sharp""]"	"[""B"", ""D sharp"", ""A"", ""F sharp"", ""D"", ""C"", ""E""]"	visual	visual.short.png	data/chorale-bricks/Drese_JesuGehVoran/visual.short.png	G	"[""G"", ""none of the other options is correct"", ""B"", ""D sharp"", ""A""]"	0.2	0	"[""A"", ""B"", ""C"", ""D"", ""E""]"	"{""A"": ""G"", ""B"": ""none of the other options is correct"", ""C"": ""B"", ""D"": ""D sharp"", ""E"": ""A""}"	"[""(A) G"", ""(B) none of the other options is correct"", ""(C) B"", ""(D) D sharp"", ""(E) A""]"	(A) G	A
94dd5689-8566-5213-bdb8-ed8cacf7bb6a	1	perception	pitch	absolute	pitch-absolute	pitch-recognition		pitch recognition	What is the pitch name of the {target_index} {voice} note in the provided excerpt?	"[""target_index"", ""voice""]"	get_nth_note	symbolic.musicxml	pitch	"{""target_index"": ""43rd"", ""voice"": ""soprano""}"	What is the pitch name of the 43rd soprano note in the provided excerpt?	Gesius_BefiehlDuDeineWege	chorale-bricks	Gesius_BefiehlDuDeineWege	data/chorale-bricks/Gesius_BefiehlDuDeineWege	A	"[""B"", ""C"", ""C sharp"", ""D"", ""E"", ""F"", ""G"", ""G sharp""]"	"[""F"", ""C"", ""D"", ""E"", ""G"", ""G sharp"", ""C sharp"", ""B""]"	audio	audio.mastermix.wav	data/chorale-bricks/Gesius_BefiehlDuDeineWege/audio.mastermix.wav	A	"[""A"", ""none of the other options is correct"", ""F"", ""C"", ""D""]"	0.2	0	"[""A"", ""B"", ""C"", ""D"", ""E""]"	"{""A"": ""D"", ""B"": ""A"", ""C"": ""none of the other options is correct"", ""D"": ""C"", ""E"": ""F""}"	"[""(A) D"", ""(B) A"", ""(C) none of the other options is correct"", ""(D) C"", ""(E) F""]"	(B) A	B
09b4ccc7-bb00-572f-9514-704a4952ecdf	1	perception	pitch	absolute	pitch-absolute	pitch-recognition		pitch recognition	What is the pitch name of the {target_index} {voice} note in the provided excerpt?	"[""target_index"", ""voice""]"	get_nth_note	symbolic.musicxml	pitch	"{""target_index"": ""43rd"", ""voice"": ""soprano""}"	What is the pitch name of the 43rd soprano note in the provided excerpt?	Gesius_BefiehlDuDeineWege	chorale-bricks	Gesius_BefiehlDuDeineWege	data/chorale-bricks/Gesius_BefiehlDuDeineWege	A	"[""B"", ""C"", ""C sharp"", ""D"", ""E"", ""F"", ""G"", ""G sharp""]"	"[""F"", ""C"", ""D"", ""E"", ""G"", ""G sharp"", ""C sharp"", ""B""]"	symbolic	symbolic.abc.txt	data/chorale-bricks/Gesius_BefiehlDuDeineWege/symbolic.abc.txt	A	"[""A"", ""none of the other options is correct"", ""F"", ""C"", ""D""]"	0.2	0	"[""A"", ""B"", ""C"", ""D"", ""E""]"	"{""A"": ""C"", ""B"": ""none of the other options is correct"", ""C"": ""D"", ""D"": ""F"", ""E"": ""A""}"	"[""(A) C"", ""(B) none of the other options is correct"", ""(C) D"", ""(D) F"", ""(E) A""]"	(E) A	E
cbbad9ce-e179-5ee3-942d-44edc436d27b	1	perception	pitch	absolute	pitch-absolute	pitch-recognition		pitch recognition	What is the pitch name of the {target_index} {voice} note in the provided excerpt?	"[""target_index"", ""voice""]"	get_nth_note	symbolic.musicxml	pitch	"{""target_index"": ""43rd"", ""voice"": ""soprano""}"	What is the pitch name of the 43rd soprano note in the provided excerpt?	Gesius_BefiehlDuDeineWege	chorale-bricks	Gesius_BefiehlDuDeineWege	data/chorale-bricks/Gesius_BefiehlDuDeineWege	A	"[""B"", ""C"", ""C sharp"", ""D"", ""E"", ""F"", ""G"", ""G sharp""]"	"[""F"", ""C"", ""D"", ""E"", ""G"", ""G sharp"", ""C sharp"", ""B""]"	visual	visual.short.png	data/chorale-bricks/Gesius_BefiehlDuDeineWege/visual.short.png	A	"[""A"", ""none of the other options is correct"", ""F"", ""C"", ""D""]"	0.2	0	"[""A"", ""B"", ""C"", ""D"", ""E""]"	"{""A"": ""C"", ""B"": ""none of the other options is correct"", ""C"": ""F"", ""D"": ""A"", ""E"": ""D""}"	"[""(A) C"", ""(B) none of the other options is correct"", ""(C) F"", ""(D) A"", ""(E) D""]"	(D) A	D
dfef6030-708b-55aa-b1ac-04f50ef095f8	1	perception	pitch	absolute	pitch-absolute	pitch-recognition		pitch recognition	What is the pitch name of the {target_index} {voice} note in the provided excerpt?	"[""target_index"", ""voice""]"	get_nth_note	symbolic.musicxml	pitch	"{""target_index"": ""2nd"", ""voice"": ""tenor""}"	What is the pitch name of the 2nd tenor note in the provided excerpt?	Crueger_AufAufMeinHerzMitFreuden	chorale-bricks	Crueger_AufAufMeinHerzMitFreuden	data/chorale-bricks/Crueger_AufAufMeinHerzMitFreuden	G	"[""A"", ""B"", ""B flat"", ""C"", ""C sharp"", ""D"", ""E"", ""F"", ""F sharp"", ""G sharp""]"	"[""F"", ""G sharp"", ""B"", ""A"", ""F sharp"", ""D"", ""E"", ""C sharp"", ""C"", ""B flat""]"	audio	audio.mastermix.wav	data/chorale-bricks/Crueger_AufAufMeinHerzMitFreuden/audio.mastermix.wav	G	"[""G"", ""none of the other options is correct"", ""F"", ""G sharp"", ""B""]"	0.2	0	"[""A"", ""B"", ""C"", ""D"", ""E""]"	"{""A"": ""G"", ""B"": ""G sharp"", ""C"": ""B"", ""D"": ""F"", ""E"": ""none of the other options is correct""}"	"[""(A) G"", ""(B) G sharp"", ""(C) B"", ""(D) F"", ""(E) none of the other options is correct""]"	(A) G	A
b91352bd-bc40-5b4e-b437-cfc90ada5d6e	1	perception	pitch	absolute	pitch-absolute	pitch-recognition		pitch recognition	What is the pitch name of the {target_index} {voice} note in the provided excerpt?	"[""target_index"", ""voice""]"	get_nth_note	symbolic.musicxml	pitch	"{""target_index"": ""2nd"", ""voice"": ""tenor""}"	What is the pitch name of the 2nd tenor note in the provided excerpt?	Crueger_AufAufMeinHerzMitFreuden	chorale-bricks	Crueger_AufAufMeinHerzMitFreuden	data/chorale-bricks/Crueger_AufAufMeinHerzMitFreuden	G	"[""A"", ""B"", ""B flat"", ""C"", ""C sharp"", ""D"", ""E"", ""F"", ""F sharp"", ""G sharp""]"	"[""F"", ""G sharp"", ""B"", ""A"", ""F sharp"", ""D"", ""E"", ""C sharp"", ""C"", ""B flat""]"	symbolic	symbolic.abc.txt	data/chorale-bricks/Crueger_AufAufMeinHerzMitFreuden/symbolic.abc.txt	none of the other options is correct	"[""none of the other options is correct"", ""F"", ""G sharp"", ""B"", ""A""]"	0.2	1	"[""A"", ""B"", ""C"", ""D"", ""E""]"	"{""A"": ""F"", ""B"": ""B"", ""C"": ""none of the other options is correct"", ""D"": ""G sharp"", ""E"": ""A""}"	"[""(A) F"", ""(B) B"", ""(C) none of the other options is correct"", ""(D) G sharp"", ""(E) A""]"	(C) none of the other options is correct	C
ae03e4cb-44a3-5482-b44a-dc88b2d3859b	1	perception	pitch	absolute	pitch-absolute	pitch-recognition		pitch recognition	What is the pitch name of the {target_index} {voice} note in the provided excerpt?	"[""target_index"", ""voice""]"	get_nth_note	symbolic.musicxml	pitch	"{""target_index"": ""2nd"", ""voice"": ""tenor""}"	What is the pitch name of the 2nd tenor note in the provided excerpt?	Crueger_AufAufMeinHerzMitFreuden	chorale-bricks	Crueger_AufAufMeinHerzMitFreuden	data/chorale-bricks/Crueger_AufAufMeinHerzMitFreuden	G	"[""A"", ""B"", ""B flat"", ""C"", ""C sharp"", ""D"", ""E"", ""F"", ""F sharp"", ""G sharp""]"	"[""F"", ""G sharp"", ""B"", ""A"", ""F sharp"", ""D"", ""E"", ""C sharp"", ""C"", ""B flat""]"	visual	visual.short.png	data/chorale-bricks/Crueger_AufAufMeinHerzMitFreuden/visual.short.png	G	"[""G"", ""none of the other options is correct"", ""F"", ""G sharp"", ""B""]"	0.2	0	"[""A"", ""B"", ""C"", ""D"", ""E""]"	"{""A"": ""B"", ""B"": ""F"", ""C"": ""G sharp"", ""D"": ""G"", ""E"": ""none of the other options is correct""}"	"[""(A) B"", ""(B) F"", ""(C) G sharp"", ""(D) G"", ""(E) none of the other options is correct""]"	(D) G	D
f36d0c8c-7367-5b09-98bd-0f9b81965f1d	1	perception	pitch	absolute	pitch-absolute	pitch-recognition		pitch recognition	What is the pitch name of the {target_index} {voice} note in the provided excerpt?	"[""target_index"", ""voice""]"	get_nth_note	symbolic.musicxml	pitch	"{""target_index"": ""35th"", ""voice"": ""tenor""}"	What is the pitch name of the 35th tenor note in the provided excerpt?	Bach_IchStehAnDeinerKrippe	chorale-bricks	Bach_IchStehAnDeinerKrippe	data/chorale-bricks/Bach_IchStehAnDeinerKrippe	A	"[""A sharp"", ""B"", ""C sharp"", ""D"", ""D sharp"", ""E"", ""F sharp"", ""G"", ""G sharp""]"	"[""A sharp"", ""B"", ""F sharp"", ""G sharp"", ""C sharp"", ""D"", ""G"", ""E"", ""D sharp""]"	audio	audio.mastermix.wav	data/chorale-bricks/Bach_IchStehAnDeinerKrippe/audio.mastermix.wav	A	"[""A"", ""none of the other options is correct"", ""A sharp"", ""B"", ""F sharp""]"	0.2	0	"[""A"", ""B"", ""C"", ""D"", ""E""]"	"{""A"": ""none of the other options is correct"", ""B"": ""F sharp"", ""C"": ""A sharp"", ""D"": ""B"", ""E"": ""A""}"	"[""(A) none of the other options is correct"", ""(B) F sharp"", ""(C) A sharp"", ""(D) B"", ""(E) A""]"	(E) A	E
d6051146-34eb-5e1d-9d85-540cf3efdfda	1	perception	pitch	absolute	pitch-absolute	pitch-recognition		pitch recognition	What is the pitch name of the {target_index} {voice} note in the provided excerpt?	"[""target_index"", ""voice""]"	get_nth_note	symbolic.musicxml	pitch	"{""target_index"": ""35th"", ""voice"": ""tenor""}"	What is the pitch name of the 35th tenor note in the provided excerpt?	Bach_IchStehAnDeinerKrippe	chorale-bricks	Bach_IchStehAnDeinerKrippe	data/chorale-bricks/Bach_IchStehAnDeinerKrippe	A	"[""A sharp"", ""B"", ""C sharp"", ""D"", ""D sharp"", ""E"", ""F sharp"", ""G"", ""G sharp""]"	"[""A sharp"", ""B"", ""F sharp"", ""G sharp"", ""C sharp"", ""D"", ""G"", ""E"", ""D sharp""]"	symbolic	symbolic.abc.txt	data/chorale-bricks/Bach_IchStehAnDeinerKrippe/symbolic.abc.txt	A	"[""A"", ""none of the other options is correct"", ""A sharp"", ""B"", ""F sharp""]"	0.2	0	"[""A"", ""B"", ""C"", ""D"", ""E""]"	"{""A"": ""none of the other options is correct"", ""B"": ""B"", ""C"": ""F sharp"", ""D"": ""A"", ""E"": ""A sharp""}"	"[""(A) none of the other options is correct"", ""(B) B"", ""(C) F sharp"", ""(D) A"", ""(E) A sharp""]"	(D) A	D
21cdda58-02a3-51a5-b107-6b80441e2bb7	1	perception	pitch	absolute	pitch-absolute	pitch-recognition		pitch recognition	What is the pitch name of the {target_index} {voice} note in the provided excerpt?	"[""target_index"", ""voice""]"	get_nth_note	symbolic.musicxml	pitch	"{""target_index"": ""35th"", ""voice"": ""tenor""}"	What is the pitch name of the 35th tenor note in the provided excerpt?	Bach_IchStehAnDeinerKrippe	chorale-bricks	Bach_IchStehAnDeinerKrippe	data/chorale-bricks/Bach_IchStehAnDeinerKrippe	A	"[""A sharp"", ""B"", ""C sharp"", ""D"", ""D sharp"", ""E"", ""F sharp"", ""G"", ""G sharp""]"	"[""A sharp"", ""B"", ""F sharp"", ""G sharp"", ""C sharp"", ""D"", ""G"", ""E"", ""D sharp""]"	visual	visual.short.png	data/chorale-bricks/Bach_IchStehAnDeinerKrippe/visual.short.png	A	"[""A"", ""none of the other options is correct"", ""A sharp"", ""B"", ""F sharp""]"	0.2	0	"[""A"", ""B"", ""C"", ""D"", ""E""]"	"{""A"": ""none of the other options is correct"", ""B"": ""A"", ""C"": ""B"", ""D"": ""A sharp"", ""E"": ""F sharp""}"	"[""(A) none of the other options is correct"", ""(B) A"", ""(C) B"", ""(D) A sharp"", ""(E) F sharp""]"	(B) A	B
031e9e16-7263-5608-b3a7-2b70bf9019f1	2	perception	pitch	absolute	pitch-absolute	pitch-recognition		pitch statistics	How many times is the note {pitch} present in the {voice} line?	"[""voice"", ""pitch""]"	get_note_quantity		pitch	"{""voice"": ""alto"", ""pitch"": ""E""}"	How many times is the note E present in the alto line?	Gesius_BefiehlDuDeineWege	chorale-bricks	Gesius_BefiehlDuDeineWege	data/chorale-bricks/Gesius_BefiehlDuDeineWege	13	"[""1"", ""2"", ""3"", ""4"", ""5"", ""6"", ""7"", ""8"", ""10"", ""11"", ""12"", ""16"", ""17""]"	"[""16"", ""10"", ""1"", ""5"", ""7"", ""12"", ""11"", ""8"", ""4"", ""2"", ""3"", ""6"", ""17""]"	audio	audio.mastermix.wav	data/chorale-bricks/Gesius_BefiehlDuDeineWege/audio.mastermix.wav	13	"[""13"", ""none of the other options is correct"", ""16"", ""10"", ""1""]"	0.2	0	"[""A"", ""B"", ""C"", ""D"", ""E""]"	"{""A"": ""13"", ""B"": ""10"", ""C"": ""16"", ""D"": ""none of the other options is correct"", ""E"": ""1""}"	"[""(A) 13"", ""(B) 10"", ""(C) 16"", ""(D) none of the other options is correct"", ""(E) 1""]"	(A) 13	A
f779dbd7-4d4f-5e87-971f-06dfcc033132	2	perception	pitch	absolute	pitch-absolute	pitch-recognition		pitch statistics	How many times is the note {pitch} present in the {voice} line?	"[""voice"", ""pitch""]"	get_note_quantity		pitch	"{""voice"": ""alto"", ""pitch"": ""E""}"	How many times is the note E present in the alto line?	Gesius_BefiehlDuDeineWege	chorale-bricks	Gesius_BefiehlDuDeineWege	data/chorale-bricks/Gesius_BefiehlDuDeineWege	13	"[""1"", ""2"", ""3"", ""4"", ""5"", ""6"", ""7"", ""8"", ""10"", ""11"", ""12"", ""16"", ""17""]"	"[""16"", ""10"", ""1"", ""5"", ""7"", ""12"", ""11"", ""8"", ""4"", ""2"", ""3"", ""6"", ""17""]"	symbolic	symbolic.abc.txt	data/chorale-bricks/Gesius_BefiehlDuDeineWege/symbolic.abc.txt	13	"[""13"", ""none of the other options is correct"", ""16"", ""10"", ""1""]"	0.2	0	"[""A"", ""B"", ""C"", ""D"", ""E""]"	"{""A"": ""1"", ""B"": ""none of the other options is correct"", ""C"": ""13"", ""D"": ""10"", ""E"": ""16""}"	"[""(A) 1"", ""(B) none of the other options is correct"", ""(C) 13"", ""(D) 10"", ""(E) 16""]"	(C) 13	C
686f8999-8539-52f8-9061-c86dd758ed42	2	perception	pitch	absolute	pitch-absolute	pitch-recognition		pitch statistics	How many times is the note {pitch} present in the {voice} line?	"[""voice"", ""pitch""]"	get_note_quantity		pitch	"{""voice"": ""alto"", ""pitch"": ""E""}"	How many times is the note E present in the alto line?	Gesius_BefiehlDuDeineWege	chorale-bricks	Gesius_BefiehlDuDeineWege	data/chorale-bricks/Gesius_BefiehlDuDeineWege	13	"[""1"", ""2"", ""3"", ""4"", ""5"", ""6"", ""7"", ""8"", ""10"", ""11"", ""12"", ""16"", ""17""]"	"[""16"", ""10"", ""1"", ""5"", ""7"", ""12"", ""11"", ""8"", ""4"", ""2"", ""3"", ""6"", ""17""]"	visual	visual.short.png	data/chorale-bricks/Gesius_BefiehlDuDeineWege/visual.short.png	13	"[""13"", ""none of the other options is correct"", ""16"", ""10"", ""1""]"	0.2	0	"[""A"", ""B"", ""C"", ""D"", ""E""]"	"{""A"": ""13"", ""B"": ""16"", ""C"": ""1"", ""D"": ""10"", ""E"": ""none of the other options is correct""}"	"[""(A) 13"", ""(B) 16"", ""(C) 1"", ""(D) 10"", ""(E) none of the other options is correct""]"	(A) 13	A
a6691021-f102-5074-b8d7-ae4d76738fe5	2	perception	pitch	absolute	pitch-absolute	pitch-recognition		pitch statistics	How many times is the note {pitch} present in the {voice} line?	"[""voice"", ""pitch""]"	get_note_quantity		pitch	"{""voice"": ""alto"", ""pitch"": ""B""}"	How many times is the note B present in the alto line?	Telemann_DerLiebenSonneLichtUndPracht	chorale-bricks	Telemann_DerLiebenSonneLichtUndPracht	data/chorale-bricks/Telemann_DerLiebenSonneLichtUndPracht	3	"[""2"", ""4"", ""5"", ""6"", ""7"", ""8"", ""9"", ""10"", ""11"", ""12"", ""13"", ""14"", ""19"", ""21""]"	"[""11"", ""10"", ""4"", ""8"", ""19"", ""9"", ""6"", ""7"", ""14"", ""5"", ""13"", ""21"", ""12"", ""2""]"	audio	audio.mastermix.wav	data/chorale-bricks/Telemann_DerLiebenSonneLichtUndPracht/audio.mastermix.wav	3	"[""3"", ""none of the other options is correct"", ""11"", ""10"", ""4""]"	0.2	0	"[""A"", ""B"", ""C"", ""D"", ""E""]"	"{""A"": ""11"", ""B"": ""10"", ""C"": ""none of the other options is correct"", ""D"": ""4"", ""E"": ""3""}"	"[""(A) 11"", ""(B) 10"", ""(C) none of the other options is correct"", ""(D) 4"", ""(E) 3""]"	(E) 3	E
599476fc-d251-5180-8e34-4600c2056aad	2	perception	pitch	absolute	pitch-absolute	pitch-recognition		pitch statistics	How many times is the note {pitch} present in the {voice} line?	"[""voice"", ""pitch""]"	get_note_quantity		pitch	"{""voice"": ""alto"", ""pitch"": ""B""}"	How many times is the note B present in the alto line?	Telemann_DerLiebenSonneLichtUndPracht	chorale-bricks	Telemann_DerLiebenSonneLichtUndPracht	data/chorale-bricks/Telemann_DerLiebenSonneLichtUndPracht	3	"[""2"", ""4"", ""5"", ""6"", ""7"", ""8"", ""9"", ""10"", ""11"", ""12"", ""13"", ""14"", ""19"", ""21""]"	"[""11"", ""10"", ""4"", ""8"", ""19"", ""9"", ""6"", ""7"", ""14"", ""5"", ""13"", ""21"", ""12"", ""2""]"	symbolic	symbolic.abc.txt	data/chorale-bricks/Telemann_DerLiebenSonneLichtUndPracht/symbolic.abc.txt	none of the other options is correct	"[""none of the other options is correct"", ""11"", ""10"", ""4"", ""8""]"	0.2	1	"[""A"", ""B"", ""C"", ""D"", ""E""]"	"{""A"": ""10"", ""B"": ""4"", ""C"": ""none of the other options is correct"", ""D"": ""8"", ""E"": ""11""}"	"[""(A) 10"", ""(B) 4"", ""(C) none of the other options is correct"", ""(D) 8"", ""(E) 11""]"	(C) none of the other options is correct	C
125db8f7-8da2-513a-a4d0-2d3494925b94	2	perception	pitch	absolute	pitch-absolute	pitch-recognition		pitch statistics	How many times is the note {pitch} present in the {voice} line?	"[""voice"", ""pitch""]"	get_note_quantity		pitch	"{""voice"": ""alto"", ""pitch"": ""B""}"	How many times is the note B present in the alto line?	Telemann_DerLiebenSonneLichtUndPracht	chorale-bricks	Telemann_DerLiebenSonneLichtUndPracht	data/chorale-bricks/Telemann_DerLiebenSonneLichtUndPracht	3	"[""2"", ""4"", ""5"", ""6"", ""7"", ""8"", ""9"", ""10"", ""11"", ""12"", ""13"", ""14"", ""19"", ""21""]"	"[""11"", ""10"", ""4"", ""8"", ""19"", ""9"", ""6"", ""7"", ""14"", ""5"", ""13"", ""21"", ""12"", ""2""]"	visual	visual.short.png	data/chorale-bricks/Telemann_DerLiebenSonneLichtUndPracht/visual.short.png	none of the other options is correct	"[""none of the other options is correct"", ""11"", ""10"", ""4"", ""8""]"	0.2	1	"[""A"", ""B"", ""C"", ""D"", ""E""]"	"{""A"": ""4"", ""B"": ""11"", ""C"": ""10"", ""D"": ""none of the other options is correct"", ""E"": ""8""}"	"[""(A) 4"", ""(B) 11"", ""(C) 10"", ""(D) none of the other options is correct"", ""(E) 8""]"	(D) none of the other options is correct	D
937f63a1-bfa6-5477-8aba-82d8f289f300	2	perception	pitch	absolute	pitch-absolute	pitch-recognition		pitch statistics	How many times is the note {pitch} present in the {voice} line?	"[""voice"", ""pitch""]"	get_note_quantity		pitch	"{""voice"": ""alto"", ""pitch"": ""D""}"	How many times is the note D present in the alto line?	Vulpius_ChristusDerIstMeinLeben	chorale-bricks	Vulpius_ChristusDerIstMeinLeben	data/chorale-bricks/Vulpius_ChristusDerIstMeinLeben	11	"[""1"", ""2"", ""3"", ""4"", ""5"", ""6"", ""7"", ""8"", ""10"", ""14""]"	"[""4"", ""2"", ""3"", ""6"", ""1"", ""8"", ""10"", ""7"", ""14"", ""5""]"	audio	audio.mastermix.wav	data/chorale-bricks/Vulpius_ChristusDerIstMeinLeben/audio.mastermix.wav	11	"[""11"", ""none of the other options is correct"", ""4"", ""2"", ""3""]"	0.2	0	"[""A"", ""B"", ""C"", ""D"", ""E""]"	"{""A"": ""3"", ""B"": ""11"", ""C"": ""4"", ""D"": ""none of the other options is correct"", ""E"": ""2""}"	"[""(A) 3"", ""(B) 11"", ""(C) 4"", ""(D) none of the other options is correct"", ""(E) 2""]"	(B) 11	B
c7a1b3e1-920f-5a22-8b71-dc9e98a10620	2	perception	pitch	absolute	pitch-absolute	pitch-recognition		pitch statistics	How many times is the note {pitch} present in the {voice} line?	"[""voice"", ""pitch""]"	get_note_quantity		pitch	"{""voice"": ""alto"", ""pitch"": ""D""}"	How many times is the note D present in the alto line?	Vulpius_ChristusDerIstMeinLeben	chorale-bricks	Vulpius_ChristusDerIstMeinLeben	data/chorale-bricks/Vulpius_ChristusDerIstMeinLeben	11	"[""1"", ""2"", ""3"", ""4"", ""5"", ""6"", ""7"", ""8"", ""10"", ""14""]"	"[""4"", ""2"", ""3"", ""6"", ""1"", ""8"", ""10"", ""7"", ""14"", ""5""]"	symbolic	symbolic.abc.txt	data/chorale-bricks/Vulpius_ChristusDerIstMeinLeben/symbolic.abc.txt	11	"[""11"", ""none of the other options is correct"", ""4"", ""2"", ""3""]"	0.2	0	"[""A"", ""B"", ""C"", ""D"", ""E""]"	"{""A"": ""none of the other options is correct"", ""B"": ""3"", ""C"": ""11"", ""D"": ""2"", ""E"": ""4""}"	"[""(A) none of the other options is correct"", ""(B) 3"", ""(C) 11"", ""(D) 2"", ""(E) 4""]"	(C) 11	C
20d30691-42be-54f3-8ab4-eaf2d850a44c	2	perception	pitch	absolute	pitch-absolute	pitch-recognition		pitch statistics	How many times is the note {pitch} present in the {voice} line?	"[""voice"", ""pitch""]"	get_note_quantity		pitch	"{""voice"": ""alto"", ""pitch"": ""D""}"	How many times is the note D present in the alto line?	Vulpius_ChristusDerIstMeinLeben	chorale-bricks	Vulpius_ChristusDerIstMeinLeben	data/chorale-bricks/Vulpius_ChristusDerIstMeinLeben	11	"[""1"", ""2"", ""3"", ""4"", ""5"", ""6"", ""7"", ""8"", ""10"", ""14""]"	"[""4"", ""2"", ""3"", ""6"", ""1"", ""8"", ""10"", ""7"", ""14"", ""5""]"	visual	visual.short.png	data/chorale-bricks/Vulpius_ChristusDerIstMeinLeben/visual.short.png	none of the other options is correct	"[""none of the other options is correct"", ""4"", ""2"", ""3"", ""6""]"	0.2	1	"[""A"", ""B"", ""C"", ""D"", ""E""]"	"{""A"": ""4"", ""B"": ""2"", ""C"": ""6"", ""D"": ""3"", ""E"": ""none of the other options is correct""}"	"[""(A) 4"", ""(B) 2"", ""(C) 6"", ""(D) 3"", ""(E) none of the other options is correct""]"	(E) none of the other options is correct	E
11ec6154-b1ac-5550-9006-a53a8162bcf3	2	perception	pitch	absolute	pitch-absolute	pitch-recognition		pitch statistics	How many times is the note {pitch} present in the {voice} line?	"[""voice"", ""pitch""]"	get_note_quantity		pitch	"{""voice"": ""alto"", ""pitch"": ""B""}"	How many times is the note B present in the alto line?	Anonymous_AusMeinesHerzensGrunde	chorale-bricks	Anonymous_AusMeinesHerzensGrunde	data/chorale-bricks/Anonymous_AusMeinesHerzensGrunde	3	"[""1"", ""2"", ""5"", ""6"", ""7"", ""8"", ""9"", ""13"", ""15"", ""16"", ""18"", ""23"", ""25""]"	"[""16"", ""13"", ""23"", ""8"", ""6"", ""2"", ""1"", ""5"", ""18"", ""15"", ""25"", ""9"", ""7""]"	audio	audio.mastermix.wav	data/chorale-bricks/Anonymous_AusMeinesHerzensGrunde/audio.mastermix.wav	none of the other options is correct	"[""none of the other options is correct"", ""16"", ""13"", ""23"", ""8""]"	0.2	1	"[""A"", ""B"", ""C"", ""D"", ""E""]"	"{""A"": ""16"", ""B"": ""13"", ""C"": ""23"", ""D"": ""none of the other options is correct"", ""E"": ""8""}"	"[""(A) 16"", ""(B) 13"", ""(C) 23"", ""(D) none of the other options is correct"", ""(E) 8""]"	(D) none of the other options is correct	D
ad52c7ed-a968-576d-85f6-4a6eda6b3f09	2	perception	pitch	absolute	pitch-absolute	pitch-recognition		pitch statistics	How many times is the note {pitch} present in the {voice} line?	"[""voice"", ""pitch""]"	get_note_quantity		pitch	"{""voice"": ""alto"", ""pitch"": ""B""}"	How many times is the note B present in the alto line?	Anonymous_AusMeinesHerzensGrunde	chorale-bricks	Anonymous_AusMeinesHerzensGrunde	data/chorale-bricks/Anonymous_AusMeinesHerzensGrunde	3	"[""1"", ""2"", ""5"", ""6"", ""7"", ""8"", ""9"", ""13"", ""15"", ""16"", ""18"", ""23"", ""25""]"	"[""16"", ""13"", ""23"", ""8"", ""6"", ""2"", ""1"", ""5"", ""18"", ""15"", ""25"", ""9"", ""7""]"	symbolic	symbolic.abc.txt	data/chorale-bricks/Anonymous_AusMeinesHerzensGrunde/symbolic.abc.txt	3	"[""3"", ""none of the other options is correct"", ""16"", ""13"", ""23""]"	0.2	0	"[""A"", ""B"", ""C"", ""D"", ""E""]"	"{""A"": ""16"", ""B"": ""3"", ""C"": ""none of the other options is correct"", ""D"": ""23"", ""E"": ""13""}"	"[""(A) 16"", ""(B) 3"", ""(C) none of the other options is correct"", ""(D) 23"", ""(E) 13""]"	(B) 3	B
947dd3c0-0ab2-5c01-8b15-23fbe1e81c11	2	perception	pitch	absolute	pitch-absolute	pitch-recognition		pitch statistics	How many times is the note {pitch} present in the {voice} line?	"[""voice"", ""pitch""]"	get_note_quantity		pitch	"{""voice"": ""alto"", ""pitch"": ""B""}"	How many times is the note B present in the alto line?	Anonymous_AusMeinesHerzensGrunde	chorale-bricks	Anonymous_AusMeinesHerzensGrunde	data/chorale-bricks/Anonymous_AusMeinesHerzensGrunde	3	"[""1"", ""2"", ""5"", ""6"", ""7"", ""8"", ""9"", ""13"", ""15"", ""16"", ""18"", ""23"", ""25""]"	"[""16"", ""13"", ""23"", ""8"", ""6"", ""2"", ""1"", ""5"", ""18"", ""15"", ""25"", ""9"", ""7""]"	visual	visual.short.png	data/chorale-bricks/Anonymous_AusMeinesHerzensGrunde/visual.short.png	none of the other options is correct	"[""none of the other options is correct"", ""16"", ""13"", ""23"", ""8""]"	0.2	1	"[""A"", ""B"", ""C"", ""D"", ""E""]"	"{""A"": ""8"", ""B"": ""13"", ""C"": ""16"", ""D"": ""none of the other options is correct"", ""E"": ""23""}"	"[""(A) 8"", ""(B) 13"", ""(C) 16"", ""(D) none of the other options is correct"", ""(E) 23""]"	(D) none of the other options is correct	D
3d1c5578-dec2-56c7-b99d-ea6074e14388	2	perception	pitch	absolute	pitch-absolute	pitch-recognition		pitch statistics	How many times is the note {pitch} present in the {voice} line?	"[""voice"", ""pitch""]"	get_note_quantity		pitch	"{""voice"": ""soprano"", ""pitch"": ""D""}"	How many times is the note D present in the soprano line?	Gesius_BefiehlDuDeineWege	chorale-bricks	Gesius_BefiehlDuDeineWege	data/chorale-bricks/Gesius_BefiehlDuDeineWege	4	"[""1"", ""2"", ""3"", ""5"", ""6"", ""7"", ""8"", ""10"", ""11"", ""12"", ""13"", ""16"", ""17""]"	"[""11"", ""10"", ""5"", ""3"", ""17"", ""8"", ""6"", ""1"", ""7"", ""16"", ""13"", ""12"", ""2""]"	audio	audio.mastermix.wav	data/chorale-bricks/Gesius_BefiehlDuDeineWege/audio.mastermix.wav	4	"[""4"", ""none of the other options is correct"", ""11"", ""10"", ""5""]"	0.2	0	"[""A"", ""B"", ""C"", ""D"", ""E""]"	"{""A"": ""none of the other options is correct"", ""B"": ""10"", ""C"": ""11"", ""D"": ""4"", ""E"": ""5""}"	"[""(A) none of the other options is correct"", ""(B) 10"", ""(C) 11"", ""(D) 4"", ""(E) 5""]"	(D) 4	D
66f5b3b5-970f-5b05-9223-e13ffe7a8c49	2	perception	pitch	absolute	pitch-absolute	pitch-recognition		pitch statistics	How many times is the note {pitch} present in the {voice} line?	"[""voice"", ""pitch""]"	get_note_quantity		pitch	"{""voice"": ""soprano"", ""pitch"": ""D""}"	How many times is the note D present in the soprano line?	Gesius_BefiehlDuDeineWege	chorale-bricks	Gesius_BefiehlDuDeineWege	data/chorale-bricks/Gesius_BefiehlDuDeineWege	4	"[""1"", ""2"", ""3"", ""5"", ""6"", ""7"", ""8"", ""10"", ""11"", ""12"", ""13"", ""16"", ""17""]"	"[""11"", ""10"", ""5"", ""3"", ""17"", ""8"", ""6"", ""1"", ""7"", ""16"", ""13"", ""12"", ""2""]"	symbolic	symbolic.abc.txt	data/chorale-bricks/Gesius_BefiehlDuDeineWege/symbolic.abc.txt	4	"[""4"", ""none of the other options is correct"", ""11"", ""10"", ""5""]"	0.2	0	"[""A"", ""B"", ""C"", ""D"", ""E""]"	"{""A"": ""11"", ""B"": ""5"", ""C"": ""4"", ""D"": ""10"", ""E"": ""none of the other options is correct""}"	"[""(A) 11"", ""(B) 5"", ""(C) 4"", ""(D) 10"", ""(E) none of the other options is correct""]"	(C) 4	C
454ab551-1966-5496-b782-7d9188c6a7a2	2	perception	pitch	absolute	pitch-absolute	pitch-recognition		pitch statistics	How many times is the note {pitch} present in the {voice} line?	"[""voice"", ""pitch""]"	get_note_quantity		pitch	"{""voice"": ""soprano"", ""pitch"": ""D""}"	How many times is the note D present in the soprano line?	Gesius_BefiehlDuDeineWege	chorale-bricks	Gesius_BefiehlDuDeineWege	data/chorale-bricks/Gesius_BefiehlDuDeineWege	4	"[""1"", ""2"", ""3"", ""5"", ""6"", ""7"", ""8"", ""10"", ""11"", ""12"", ""13"", ""16"", ""17""]"	"[""11"", ""10"", ""5"", ""3"", ""17"", ""8"", ""6"", ""1"", ""7"", ""16"", ""13"", ""12"", ""2""]"	visual	visual.short.png	data/chorale-bricks/Gesius_BefiehlDuDeineWege/visual.short.png	4	"[""4"", ""none of the other options is correct"", ""11"", ""10"", ""5""]"	0.2	0	"[""A"", ""B"", ""C"", ""D"", ""E""]"	"{""A"": ""5"", ""B"": ""none of the other options is correct"", ""C"": ""11"", ""D"": ""4"", ""E"": ""10""}"	"[""(A) 5"", ""(B) none of the other options is correct"", ""(C) 11"", ""(D) 4"", ""(E) 10""]"	(D) 4	D
2b64bbce-9ce8-5805-a956-d69741b3aa31	2	perception	pitch	absolute	pitch-absolute	pitch-recognition		pitch statistics	How many times is the note {pitch} present in the {voice} line?	"[""voice"", ""pitch""]"	get_note_quantity		pitch	"{""voice"": ""soprano"", ""pitch"": ""D""}"	How many times is the note D present in the soprano line?	Vulpius_DieHelleSonnLeuchtJetztHerfuer	chorale-bricks	Vulpius_DieHelleSonnLeuchtJetztHerfuer	data/chorale-bricks/Vulpius_DieHelleSonnLeuchtJetztHerfuer	8	"[""1"", ""2"", ""3"", ""4"", ""5"", ""6"", ""9""]"	"[""9"", ""5"", ""4"", ""2"", ""1"", ""3"", ""6""]"	audio	audio.mastermix.wav	data/chorale-bricks/Vulpius_DieHelleSonnLeuchtJetztHerfuer/audio.mastermix.wav	none of the other options is correct	"[""none of the other options is correct"", ""9"", ""5"", ""4"", ""2""]"	0.2	1	"[""A"", ""B"", ""C"", ""D"", ""E""]"	"{""A"": ""5"", ""B"": ""9"", ""C"": ""2"", ""D"": ""none of the other options is correct"", ""E"": ""4""}"	"[""(A) 5"", ""(B) 9"", ""(C) 2"", ""(D) none of the other options is correct"", ""(E) 4""]"	(D) none of the other options is correct	D
85998c96-903c-5a9a-bf1b-03445463846a	2	perception	pitch	absolute	pitch-absolute	pitch-recognition		pitch statistics	How many times is the note {pitch} present in the {voice} line?	"[""voice"", ""pitch""]"	get_note_quantity		pitch	"{""voice"": ""soprano"", ""pitch"": ""D""}"	How many times is the note D present in the soprano line?	Vulpius_DieHelleSonnLeuchtJetztHerfuer	chorale-bricks	Vulpius_DieHelleSonnLeuchtJetztHerfuer	data/chorale-bricks/Vulpius_DieHelleSonnLeuchtJetztHerfuer	8	"[""1"", ""2"", ""3"", ""4"", ""5"", ""6"", ""9""]"	"[""9"", ""5"", ""4"", ""2"", ""1"", ""3"", ""6""]"	symbolic	symbolic.abc.txt	data/chorale-bricks/Vulpius_DieHelleSonnLeuchtJetztHerfuer/symbolic.abc.txt	none of the other options is correct	"[""none of the other options is correct"", ""9"", ""5"", ""4"", ""2""]"	0.2	1	"[""A"", ""B"", ""C"", ""D"", ""E""]"	"{""A"": ""none of the other options is correct"", ""B"": ""5"", ""C"": ""9"", ""D"": ""2"", ""E"": ""4""}"	"[""(A) none of the other options is correct"", ""(B) 5"", ""(C) 9"", ""(D) 2"", ""(E) 4""]"	(A) none of the other options is correct	A
d0b0f81c-05ef-5245-8197-20d88cda40cc	2	perception	pitch	absolute	pitch-absolute	pitch-recognition		pitch statistics	How many times is the note {pitch} present in the {voice} line?	"[""voice"", ""pitch""]"	get_note_quantity		pitch	"{""voice"": ""soprano"", ""pitch"": ""D""}"	How many times is the note D present in the soprano line?	Vulpius_DieHelleSonnLeuchtJetztHerfuer	chorale-bricks	Vulpius_DieHelleSonnLeuchtJetztHerfuer	data/chorale-bricks/Vulpius_DieHelleSonnLeuchtJetztHerfuer	8	"[""1"", ""2"", ""3"", ""4"", ""5"", ""6"", ""9""]"	"[""9"", ""5"", ""4"", ""2"", ""1"", ""3"", ""6""]"	visual	visual.short.png	data/chorale-bricks/Vulpius_DieHelleSonnLeuchtJetztHerfuer/visual.short.png	none of the other options is correct	"[""none of the other options is correct"", ""9"", ""5"", ""4"", ""2""]"	0.2	1	"[""A"", ""B"", ""C"", ""D"", ""E""]"	"{""A"": ""2"", ""B"": ""9"", ""C"": ""4"", ""D"": ""5"", ""E"": ""none of the other options is correct""}"	"[""(A) 2"", ""(B) 9"", ""(C) 4"", ""(D) 5"", ""(E) none of the other options is correct""]"	(E) none of the other options is correct	E
b4a78128-e9ec-5b1f-bd97-341361591550	2	perception	pitch	absolute	pitch-absolute	pitch-recognition		pitch statistics	How many times is the note {pitch} present in the {voice} line?	"[""voice"", ""pitch""]"	get_note_quantity		pitch	"{""voice"": ""alto"", ""pitch"": ""G""}"	How many times is the note G present in the alto line?	Vulpius_DieHelleSonnLeuchtJetztHerfuer	chorale-bricks	Vulpius_DieHelleSonnLeuchtJetztHerfuer	data/chorale-bricks/Vulpius_DieHelleSonnLeuchtJetztHerfuer	3	"[""1"", ""2"", ""4"", ""5"", ""6"", ""8"", ""9""]"	"[""5"", ""6"", ""1"", ""2"", ""9"", ""8"", ""4""]"	audio	audio.mastermix.wav	data/chorale-bricks/Vulpius_DieHelleSonnLeuchtJetztHerfuer/audio.mastermix.wav	none of the other options is correct	"[""none of the other options is correct"", ""5"", ""6"", ""1"", ""2""]"	0.2	1	"[""A"", ""B"", ""C"", ""D"", ""E""]"	"{""A"": ""none of the other options is correct"", ""B"": ""5"", ""C"": ""2"", ""D"": ""1"", ""E"": ""6""}"	"[""(A) none of the other options is correct"", ""(B) 5"", ""(C) 2"", ""(D) 1"", ""(E) 6""]"	(A) none of the other options is correct	A
d56a27b1-4059-5648-97e9-7b92ac8994e2	2	perception	pitch	absolute	pitch-absolute	pitch-recognition		pitch statistics	How many times is the note {pitch} present in the {voice} line?	"[""voice"", ""pitch""]"	get_note_quantity		pitch	"{""voice"": ""alto"", ""pitch"": ""G""}"	How many times is the note G present in the alto line?	Vulpius_DieHelleSonnLeuchtJetztHerfuer	chorale-bricks	Vulpius_DieHelleSonnLeuchtJetztHerfuer	data/chorale-bricks/Vulpius_DieHelleSonnLeuchtJetztHerfuer	3	"[""1"", ""2"", ""4"", ""5"", ""6"", ""8"", ""9""]"	"[""5"", ""6"", ""1"", ""2"", ""9"", ""8"", ""4""]"	symbolic	symbolic.abc.txt	data/chorale-bricks/Vulpius_DieHelleSonnLeuchtJetztHerfuer/symbolic.abc.txt	3	"[""3"", ""none of the other options is correct"", ""5"", ""6"", ""1""]"	0.2	0	"[""A"", ""B"", ""C"", ""D"", ""E""]"	"{""A"": ""6"", ""B"": ""none of the other options is correct"", ""C"": ""1"", ""D"": ""3"", ""E"": ""5""}"	"[""(A) 6"", ""(B) none of the other options is correct"", ""(C) 1"", ""(D) 3"", ""(E) 5""]"	(D) 3	D
be7f5224-76fa-52c6-9df9-fc0e7e85b08b	2	perception	pitch	absolute	pitch-absolute	pitch-recognition		pitch statistics	How many times is the note {pitch} present in the {voice} line?	"[""voice"", ""pitch""]"	get_note_quantity		pitch	"{""voice"": ""alto"", ""pitch"": ""G""}"	How many times is the note G present in the alto line?	Vulpius_DieHelleSonnLeuchtJetztHerfuer	chorale-bricks	Vulpius_DieHelleSonnLeuchtJetztHerfuer	data/chorale-bricks/Vulpius_DieHelleSonnLeuchtJetztHerfuer	3	"[""1"", ""2"", ""4"", ""5"", ""6"", ""8"", ""9""]"	"[""5"", ""6"", ""1"", ""2"", ""9"", ""8"", ""4""]"	visual	visual.short.png	data/chorale-bricks/Vulpius_DieHelleSonnLeuchtJetztHerfuer/visual.short.png	3	"[""3"", ""none of the other options is correct"", ""5"", ""6"", ""1""]"	0.2	0	"[""A"", ""B"", ""C"", ""D"", ""E""]"	"{""A"": ""1"", ""B"": ""5"", ""C"": ""6"", ""D"": ""none of the other options is correct"", ""E"": ""3""}"	"[""(A) 1"", ""(B) 5"", ""(C) 6"", ""(D) none of the other options is correct"", ""(E) 3""]"	(E) 3	E
9daa4266-b685-5e30-995d-47d5521cf986	2	perception	pitch	absolute	pitch-absolute	pitch-recognition		pitch statistics	How many times is the note {pitch} present in the {voice} line?	"[""voice"", ""pitch""]"	get_note_quantity		pitch	"{""voice"": ""tenor"", ""pitch"": ""G""}"	How many times is the note G present in the tenor line?	Vulpius_ChristusDerIstMeinLeben	chorale-bricks	Vulpius_ChristusDerIstMeinLeben	data/chorale-bricks/Vulpius_ChristusDerIstMeinLeben	5	"[""1"", ""2"", ""3"", ""4"", ""6"", ""7"", ""8"", ""10"", ""11"", ""14""]"	"[""2"", ""8"", ""10"", ""3"", ""6"", ""1"", ""14"", ""4"", ""7"", ""11""]"	audio	audio.mastermix.wav	data/chorale-bricks/Vulpius_ChristusDerIstMeinLeben/audio.mastermix.wav	none of the other options is correct	"[""none of the other options is correct"", ""2"", ""8"", ""10"", ""3""]"	0.2	1	"[""A"", ""B"", ""C"", ""D"", ""E""]"	"{""A"": ""none of the other options is correct"", ""B"": ""2"", ""C"": ""3"", ""D"": ""8"", ""E"": ""10""}"	"[""(A) none of the other options is correct"", ""(B) 2"", ""(C) 3"", ""(D) 8"", ""(E) 10""]"	(A) none of the other options is correct	A
15455a12-a23c-5dc5-b1ee-89ed1864873e	2	perception	pitch	absolute	pitch-absolute	pitch-recognition		pitch statistics	How many times is the note {pitch} present in the {voice} line?	"[""voice"", ""pitch""]"	get_note_quantity		pitch	"{""voice"": ""tenor"", ""pitch"": ""G""}"	How many times is the note G present in the tenor line?	Vulpius_ChristusDerIstMeinLeben	chorale-bricks	Vulpius_ChristusDerIstMeinLeben	data/chorale-bricks/Vulpius_ChristusDerIstMeinLeben	5	"[""1"", ""2"", ""3"", ""4"", ""6"", ""7"", ""8"", ""10"", ""11"", ""14""]"	"[""2"", ""8"", ""10"", ""3"", ""6"", ""1"", ""14"", ""4"", ""7"", ""11""]"	symbolic	symbolic.abc.txt	data/chorale-bricks/Vulpius_ChristusDerIstMeinLeben/symbolic.abc.txt	5	"[""5"", ""none of the other options is correct"", ""2"", ""8"", ""10""]"	0.2	0	"[""A"", ""B"", ""C"", ""D"", ""E""]"	"{""A"": ""5"", ""B"": ""10"", ""C"": ""2"", ""D"": ""none of the other options is correct"", ""E"": ""8""}"	"[""(A) 5"", ""(B) 10"", ""(C) 2"", ""(D) none of the other options is correct"", ""(E) 8""]"	(A) 5	A
895392d7-a556-5171-9fef-83b14e80f430	2	perception	pitch	absolute	pitch-absolute	pitch-recognition		pitch statistics	How many times is the note {pitch} present in the {voice} line?	"[""voice"", ""pitch""]"	get_note_quantity		pitch	"{""voice"": ""tenor"", ""pitch"": ""G""}"	How many times is the note G present in the tenor line?	Vulpius_ChristusDerIstMeinLeben	chorale-bricks	Vulpius_ChristusDerIstMeinLeben	data/chorale-bricks/Vulpius_ChristusDerIstMeinLeben	5	"[""1"", ""2"", ""3"", ""4"", ""6"", ""7"", ""8"", ""10"", ""11"", ""14""]"	"[""2"", ""8"", ""10"", ""3"", ""6"", ""1"", ""14"", ""4"", ""7"", ""11""]"	visual	visual.short.png	data/chorale-bricks/Vulpius_ChristusDerIstMeinLeben/visual.short.png	5	"[""5"", ""none of the other options is correct"", ""2"", ""8"", ""10""]"	0.2	0	"[""A"", ""B"", ""C"", ""D"", ""E""]"	"{""A"": ""none of the other options is correct"", ""B"": ""10"", ""C"": ""8"", ""D"": ""2"", ""E"": ""5""}"	"[""(A) none of the other options is correct"", ""(B) 10"", ""(C) 8"", ""(D) 2"", ""(E) 5""]"	(E) 5	E
126143ad-0395-55cd-a00c-3b61ce9c604f	2	perception	pitch	absolute	pitch-absolute	pitch-recognition		pitch statistics	How many times is the note {pitch} present in the {voice} line?	"[""voice"", ""pitch""]"	get_note_quantity		pitch	"{""voice"": ""bass"", ""pitch"": ""B double flat""}"	How many times is the note B double flat present in the bass line?	Vulpius_ChristusDerIstMeinLeben	chorale-bricks	Vulpius_ChristusDerIstMeinLeben	data/chorale-bricks/Vulpius_ChristusDerIstMeinLeben	0	"[""1"", ""2"", ""3"", ""4"", ""5"", ""6"", ""7"", ""8"", ""10"", ""11"", ""14""]"	"[""6"", ""11"", ""4"", ""1"", ""8"", ""5"", ""7"", ""2"", ""14"", ""10"", ""3""]"	audio	audio.mastermix.wav	data/chorale-bricks/Vulpius_ChristusDerIstMeinLeben/audio.mastermix.wav	0	"[""0"", ""none of the other options is correct"", ""6"", ""11"", ""4""]"	0.2	0	"[""A"", ""B"", ""C"", ""D"", ""E""]"	"{""A"": ""none of the other options is correct"", ""B"": ""11"", ""C"": ""6"", ""D"": ""0"", ""E"": ""4""}"	"[""(A) none of the other options is correct"", ""(B) 11"", ""(C) 6"", ""(D) 0"", ""(E) 4""]"	(D) 0	D
f2eb5b6b-d6de-59f3-8bc8-cd43e71895e3	2	perception	pitch	absolute	pitch-absolute	pitch-recognition		pitch statistics	How many times is the note {pitch} present in the {voice} line?	"[""voice"", ""pitch""]"	get_note_quantity		pitch	"{""voice"": ""bass"", ""pitch"": ""B double flat""}"	How many times is the note B double flat present in the bass line?	Vulpius_ChristusDerIstMeinLeben	chorale-bricks	Vulpius_ChristusDerIstMeinLeben	data/chorale-bricks/Vulpius_ChristusDerIstMeinLeben	0	"[""1"", ""2"", ""3"", ""4"", ""5"", ""6"", ""7"", ""8"", ""10"", ""11"", ""14""]"	"[""6"", ""11"", ""4"", ""1"", ""8"", ""5"", ""7"", ""2"", ""14"", ""10"", ""3""]"	symbolic	symbolic.abc.txt	data/chorale-bricks/Vulpius_ChristusDerIstMeinLeben/symbolic.abc.txt	0	"[""0"", ""none of the other options is correct"", ""6"", ""11"", ""4""]"	0.2	0	"[""A"", ""B"", ""C"", ""D"", ""E""]"	"{""A"": ""4"", ""B"": ""11"", ""C"": ""0"", ""D"": ""6"", ""E"": ""none of the other options is correct""}"	"[""(A) 4"", ""(B) 11"", ""(C) 0"", ""(D) 6"", ""(E) none of the other options is correct""]"	(C) 0	C
b5e61f14-dfb8-53ba-856f-bf0ae1a1f6c6	2	perception	pitch	absolute	pitch-absolute	pitch-recognition		pitch statistics	How many times is the note {pitch} present in the {voice} line?	"[""voice"", ""pitch""]"	get_note_quantity		pitch	"{""voice"": ""bass"", ""pitch"": ""B double flat""}"	How many times is the note B double flat present in the bass line?	Vulpius_ChristusDerIstMeinLeben	chorale-bricks	Vulpius_ChristusDerIstMeinLeben	data/chorale-bricks/Vulpius_ChristusDerIstMeinLeben	0	"[""1"", ""2"", ""3"", ""4"", ""5"", ""6"", ""7"", ""8"", ""10"", ""11"", ""14""]"	"[""6"", ""11"", ""4"", ""1"", ""8"", ""5"", ""7"", ""2"", ""14"", ""10"", ""3""]"	visual	visual.short.png	data/chorale-bricks/Vulpius_ChristusDerIstMeinLeben/visual.short.png	0	"[""0"", ""none of the other options is correct"", ""6"", ""11"", ""4""]"	0.2	0	"[""A"", ""B"", ""C"", ""D"", ""E""]"	"{""A"": ""4"", ""B"": ""11"", ""C"": ""6"", ""D"": ""none of the other options is correct"", ""E"": ""0""}"	"[""(A) 4"", ""(B) 11"", ""(C) 6"", ""(D) none of the other options is correct"", ""(E) 0""]"	(E) 0	E
732bd3af-ed89-5836-bb31-8e09b555dc5a	2	perception	pitch	absolute	pitch-absolute	pitch-recognition		pitch statistics	How many times is the note {pitch} present in the {voice} line?	"[""voice"", ""pitch""]"	get_note_quantity		pitch	"{""voice"": ""tenor"", ""pitch"": ""D sharp""}"	How many times is the note D sharp present in the tenor line?	Bach_IchStehAnDeinerKrippe	chorale-bricks	Bach_IchStehAnDeinerKrippe	data/chorale-bricks/Bach_IchStehAnDeinerKrippe	1	"[""2"", ""3"", ""4"", ""5"", ""6"", ""7"", ""8"", ""9"", ""11"", ""12"", ""13"", ""14""]"	"[""4"", ""8"", ""14"", ""12"", ""5"", ""7"", ""11"", ""9"", ""13"", ""2"", ""3"", ""6""]"	audio	audio.mastermix.wav	data/chorale-bricks/Bach_IchStehAnDeinerKrippe/audio.mastermix.wav	1	"[""1"", ""none of the other options is correct"", ""4"", ""8"", ""14""]"	0.2	0	"[""A"", ""B"", ""C"", ""D"", ""E""]"	"{""A"": ""8"", ""B"": ""none of the other options is correct"", ""C"": ""4"", ""D"": ""1"", ""E"": ""14""}"	"[""(A) 8"", ""(B) none of the other options is correct"", ""(C) 4"", ""(D) 1"", ""(E) 14""]"	(D) 1	D
6cd767ec-08a7-53bc-914a-3e2204c5924a	2	perception	pitch	absolute	pitch-absolute	pitch-recognition		pitch statistics	How many times is the note {pitch} present in the {voice} line?	"[""voice"", ""pitch""]"	get_note_quantity		pitch	"{""voice"": ""tenor"", ""pitch"": ""D sharp""}"	How many times is the note D sharp present in the tenor line?	Bach_IchStehAnDeinerKrippe	chorale-bricks	Bach_IchStehAnDeinerKrippe	data/chorale-bricks/Bach_IchStehAnDeinerKrippe	1	"[""2"", ""3"", ""4"", ""5"", ""6"", ""7"", ""8"", ""9"", ""11"", ""12"", ""13"", ""14""]"	"[""4"", ""8"", ""14"", ""12"", ""5"", ""7"", ""11"", ""9"", ""13"", ""2"", ""3"", ""6""]"	symbolic	symbolic.abc.txt	data/chorale-bricks/Bach_IchStehAnDeinerKrippe/symbolic.abc.txt	1	"[""1"", ""none of the other options is correct"", ""4"", ""8"", ""14""]"	0.2	0	"[""A"", ""B"", ""C"", ""D"", ""E""]"	"{""A"": ""14"", ""B"": ""1"", ""C"": ""none of the other options is correct"", ""D"": ""8"", ""E"": ""4""}"	"[""(A) 14"", ""(B) 1"", ""(C) none of the other options is correct"", ""(D) 8"", ""(E) 4""]"	(B) 1	B
be2ed62e-f971-5590-af3b-9eb64eafb077	2	perception	pitch	absolute	pitch-absolute	pitch-recognition		pitch statistics	How many times is the note {pitch} present in the {voice} line?	"[""voice"", ""pitch""]"	get_note_quantity		pitch	"{""voice"": ""tenor"", ""pitch"": ""D sharp""}"	How many times is the note D sharp present in the tenor line?	Bach_IchStehAnDeinerKrippe	chorale-bricks	Bach_IchStehAnDeinerKrippe	data/chorale-bricks/Bach_IchStehAnDeinerKrippe	1	"[""2"", ""3"", ""4"", ""5"", ""6"", ""7"", ""8"", ""9"", ""11"", ""12"", ""13"", ""14""]"	"[""4"", ""8"", ""14"", ""12"", ""5"", ""7"", ""11"", ""9"", ""13"", ""2"", ""3"", ""6""]"	visual	visual.short.png	data/chorale-bricks/Bach_IchStehAnDeinerKrippe/visual.short.png	1	"[""1"", ""none of the other options is correct"", ""4"", ""8"", ""14""]"	0.2	0	"[""A"", ""B"", ""C"", ""D"", ""E""]"	"{""A"": ""14"", ""B"": ""none of the other options is correct"", ""C"": ""4"", ""D"": ""1"", ""E"": ""8""}"	"[""(A) 14"", ""(B) none of the other options is correct"", ""(C) 4"", ""(D) 1"", ""(E) 8""]"	(D) 1	D
de8262fe-9d23-5bea-93b8-c96ce67c19e3	3	perception	pitch	relative	pitch-relative	interval-recognition		interval recognition	What is the {target_index} interval in the {voice} line?	"[""target_index"", ""voice""]"	get_nth_interval		interval	"{""target_index"": ""13th"", ""voice"": ""bass""}"	What is the 13th interval in the bass line?	Gesius_DuFriedensfuerstHerrJesuChrist	chorale-bricks	Gesius_DuFriedensfuerstHerrJesuChrist	data/chorale-bricks/Gesius_DuFriedensfuerstHerrJesuChrist	Perfect Fourth	"[""Major Second"", ""Major Third"", ""Minor Second"", ""Minor Third"", ""Perfect Fifth"", ""Perfect Unison""]"	"[""Perfect Fifth"", ""Minor Second"", ""Major Second"", ""Perfect Unison"", ""Major Third"", ""Minor Third""]"	audio	audio.mastermix.wav	data/chorale-bricks/Gesius_DuFriedensfuerstHerrJesuChrist/audio.mastermix.wav	Perfect Fourth	"[""Perfect Fourth"", ""none of the other options is correct"", ""Perfect Fifth"", ""Minor Second"", ""Major Second""]"	0.2	0	"[""A"", ""B"", ""C"", ""D"", ""E""]"	"{""A"": ""Perfect Fifth"", ""B"": ""Perfect Fourth"", ""C"": ""none of the other options is correct"", ""D"": ""Major Second"", ""E"": ""Minor Second""}"	"[""(A) Perfect Fifth"", ""(B) Perfect Fourth"", ""(C) none of the other options is correct"", ""(D) Major Second"", ""(E) Minor Second""]"	(B) Perfect Fourth	B
97f170ef-a54c-5bd6-9648-9b4d2f6ca7cc	3	perception	pitch	relative	pitch-relative	interval-recognition		interval recognition	What is the {target_index} interval in the {voice} line?	"[""target_index"", ""voice""]"	get_nth_interval		interval	"{""target_index"": ""13th"", ""voice"": ""bass""}"	What is the 13th interval in the bass line?	Gesius_DuFriedensfuerstHerrJesuChrist	chorale-bricks	Gesius_DuFriedensfuerstHerrJesuChrist	data/chorale-bricks/Gesius_DuFriedensfuerstHerrJesuChrist	Perfect Fourth	"[""Major Second"", ""Major Third"", ""Minor Second"", ""Minor Third"", ""Perfect Fifth"", ""Perfect Unison""]"	"[""Perfect Fifth"", ""Minor Second"", ""Major Second"", ""Perfect Unison"", ""Major Third"", ""Minor Third""]"	symbolic	symbolic.abc.txt	data/chorale-bricks/Gesius_DuFriedensfuerstHerrJesuChrist/symbolic.abc.txt	Perfect Fourth	"[""Perfect Fourth"", ""none of the other options is correct"", ""Perfect Fifth"", ""Minor Second"", ""Major Second""]"	0.2	0	"[""A"", ""B"", ""C"", ""D"", ""E""]"	"{""A"": ""Perfect Fourth"", ""B"": ""none of the other options is correct"", ""C"": ""Perfect Fifth"", ""D"": ""Major Second"", ""E"": ""Minor Second""}"	"[""(A) Perfect Fourth"", ""(B) none of the other options is correct"", ""(C) Perfect Fifth"", ""(D) Major Second"", ""(E) Minor Second""]"	(A) Perfect Fourth	A
1304788a-92e5-5a5e-9825-93f710c4ded9	3	perception	pitch	relative	pitch-relative	interval-recognition		interval recognition	What is the {target_index} interval in the {voice} line?	"[""target_index"", ""voice""]"	get_nth_interval		interval	"{""target_index"": ""13th"", ""voice"": ""bass""}"	What is the 13th interval in the bass line?	Gesius_DuFriedensfuerstHerrJesuChrist	chorale-bricks	Gesius_DuFriedensfuerstHerrJesuChrist	data/chorale-bricks/Gesius_DuFriedensfuerstHerrJesuChrist	Perfect Fourth	"[""Major Second"", ""Major Third"", ""Minor Second"", ""Minor Third"", ""Perfect Fifth"", ""Perfect Unison""]"	"[""Perfect Fifth"", ""Minor Second"", ""Major Second"", ""Perfect Unison"", ""Major Third"", ""Minor Third""]"	visual	visual.short.png	data/chorale-bricks/Gesius_DuFriedensfuerstHerrJesuChrist/visual.short.png	none of the other options is correct	"[""none of the other options is correct"", ""Perfect Fifth"", ""Minor Second"", ""Major Second"", ""Perfect Unison""]"	0.2	1	"[""A"", ""B"", ""C"", ""D"", ""E""]"	"{""A"": ""none of the other options is correct"", ""B"": ""Perfect Unison"", ""C"": ""Perfect Fifth"", ""D"": ""Major Second"", ""E"": ""Minor Second""}"	"[""(A) none of the other options is correct"", ""(B) Perfect Unison"", ""(C) Perfect Fifth"", ""(D) Major Second"", ""(E) Minor Second""]"	(A) none of the other options is correct	A
d1006cbf-d8a5-5b32-8f27-7ba54c7d1977	3	perception	pitch	relative	pitch-relative	interval-recognition		interval recognition	What is the {target_index} interval in the {voice} line?	"[""target_index"", ""voice""]"	get_nth_interval		interval	"{""target_index"": ""12th"", ""voice"": ""soprano""}"	What is the 12th interval in the soprano line?	Crueger_AufAufMeinHerzMitFreuden	chorale-bricks	Crueger_AufAufMeinHerzMitFreuden	data/chorale-bricks/Crueger_AufAufMeinHerzMitFreuden	Major Second	"[""Diminished Fifth"", ""Major Sixth"", ""Major Third"", ""Minor Second"", ""Minor Sixth"", ""Minor Third"", ""Perfect Fifth"", ""Perfect Fourth"", ""Perfect Unison""]"	"[""Minor Second"", ""Diminished Fifth"", ""Minor Sixth"", ""Major Sixth"", ""Perfect Fourth"", ""Perfect Fifth"", ""Major Third"", ""Perfect Unison"", ""Minor Third""]"	audio	audio.mastermix.wav	data/chorale-bricks/Crueger_AufAufMeinHerzMitFreuden/audio.mastermix.wav	Major Second	"[""Major Second"", ""none of the other options is correct"", ""Minor Second"", ""Diminished Fifth"", ""Minor Sixth""]"	0.2	0	"[""A"", ""B"", ""C"", ""D"", ""E""]"	"{""A"": ""none of the other options is correct"", ""B"": ""Minor Second"", ""C"": ""Diminished Fifth"", ""D"": ""Minor Sixth"", ""E"": ""Major Second""}"	"[""(A) none of the other options is correct"", ""(B) Minor Second"", ""(C) Diminished Fifth"", ""(D) Minor Sixth"", ""(E) Major Second""]"	(E) Major Second	E
d7d3f31f-7bf5-5cc2-82d0-c39dcc24a2fc	3	perception	pitch	relative	pitch-relative	interval-recognition		interval recognition	What is the {target_index} interval in the {voice} line?	"[""target_index"", ""voice""]"	get_nth_interval		interval	"{""target_index"": ""12th"", ""voice"": ""soprano""}"	What is the 12th interval in the soprano line?	Crueger_AufAufMeinHerzMitFreuden	chorale-bricks	Crueger_AufAufMeinHerzMitFreuden	data/chorale-bricks/Crueger_AufAufMeinHerzMitFreuden	Major Second	"[""Diminished Fifth"", ""Major Sixth"", ""Major Third"", ""Minor Second"", ""Minor Sixth"", ""Minor Third"", ""Perfect Fifth"", ""Perfect Fourth"", ""Perfect Unison""]"	"[""Minor Second"", ""Diminished Fifth"", ""Minor Sixth"", ""Major Sixth"", ""Perfect Fourth"", ""Perfect Fifth"", ""Major Third"", ""Perfect Unison"", ""Minor Third""]"	symbolic	symbolic.abc.txt	data/chorale-bricks/Crueger_AufAufMeinHerzMitFreuden/symbolic.abc.txt	Major Second	"[""Major Second"", ""none of the other options is correct"", ""Minor Second"", ""Diminished Fifth"", ""Minor Sixth""]"	0.2	0	"[""A"", ""B"", ""C"", ""D"", ""E""]"	"{""A"": ""Major Second"", ""B"": ""Diminished Fifth"", ""C"": ""Minor Second"", ""D"": ""Minor Sixth"", ""E"": ""none of the other options is correct""}"	"[""(A) Major Second"", ""(B) Diminished Fifth"", ""(C) Minor Second"", ""(D) Minor Sixth"", ""(E) none of the other options is correct""]"	(A) Major Second	A
0c1b3cfb-3094-51ab-958d-7a061cd14add	3	perception	pitch	relative	pitch-relative	interval-recognition		interval recognition	What is the {target_index} interval in the {voice} line?	"[""target_index"", ""voice""]"	get_nth_interval		interval	"{""target_index"": ""12th"", ""voice"": ""soprano""}"	What is the 12th interval in the soprano line?	Crueger_AufAufMeinHerzMitFreuden	chorale-bricks	Crueger_AufAufMeinHerzMitFreuden	data/chorale-bricks/Crueger_AufAufMeinHerzMitFreuden	Major Second	"[""Diminished Fifth"", ""Major Sixth"", ""Major Third"", ""Minor Second"", ""Minor Sixth"", ""Minor Third"", ""Perfect Fifth"", ""Perfect Fourth"", ""Perfect Unison""]"	"[""Minor Second"", ""Diminished Fifth"", ""Minor Sixth"", ""Major Sixth"", ""Perfect Fourth"", ""Perfect Fifth"", ""Major Third"", ""Perfect Unison"", ""Minor Third""]"	visual	visual.short.png	data/chorale-bricks/Crueger_AufAufMeinHerzMitFreuden/visual.short.png	Major Second	"[""Major Second"", ""none of the other options is correct"", ""Minor Second"", ""Diminished Fifth"", ""Minor Sixth""]"	0.2	0	"[""A"", ""B"", ""C"", ""D"", ""E""]"	"{""A"": ""none of the other options is correct"", ""B"": ""Diminished Fifth"", ""C"": ""Major Second"", ""D"": ""Minor Second"", ""E"": ""Minor Sixth""}"	"[""(A) none of the other options is correct"", ""(B) Diminished Fifth"", ""(C) Major Second"", ""(D) Minor Second"", ""(E) Minor Sixth""]"	(C) Major Second	C
948ae141-744c-5571-b5e9-6f829f997f98	3	perception	pitch	relative	pitch-relative	interval-recognition		interval recognition	What is the {target_index} interval in the {voice} line?	"[""target_index"", ""voice""]"	get_nth_interval		interval	"{""target_index"": ""8th"", ""voice"": ""soprano""}"	What is the 8th interval in the soprano line?	Gesius_BefiehlDuDeineWege	chorale-bricks	Gesius_BefiehlDuDeineWege	data/chorale-bricks/Gesius_BefiehlDuDeineWege	Minor Second	"[""Major Second"", ""Major Third"", ""Minor Sixth"", ""Minor Third"", ""Perfect Fifth"", ""Perfect Fourth"", ""Perfect Unison""]"	"[""Minor Third"", ""Perfect Unison"", ""Perfect Fifth"", ""Major Third"", ""Minor Sixth"", ""Perfect Fourth"", ""Major Second""]"	audio	audio.mastermix.wav	data/chorale-bricks/Gesius_BefiehlDuDeineWege/audio.mastermix.wav	Minor Second	"[""Minor Second"", ""none of the other options is correct"", ""Minor Third"", ""Perfect Unison"", ""Perfect Fifth""]"	0.2	0	"[""A"", ""B"", ""C"", ""D"", ""E""]"	"{""A"": ""Minor Second"", ""B"": ""none of the other options is correct"", ""C"": ""Perfect Fifth"", ""D"": ""Perfect Unison"", ""E"": ""Minor Third""}"	"[""(A) Minor Second"", ""(B) none of the other options is correct"", ""(C) Perfect Fifth"", ""(D) Perfect Unison"", ""(E) Minor Third""]"	(A) Minor Second	A
bb14bc2c-a4bf-5c6c-9e1d-9ad75602c984	3	perception	pitch	relative	pitch-relative	interval-recognition		interval recognition	What is the {target_index} interval in the {voice} line?	"[""target_index"", ""voice""]"	get_nth_interval		interval	"{""target_index"": ""8th"", ""voice"": ""soprano""}"	What is the 8th interval in the soprano line?	Gesius_BefiehlDuDeineWege	chorale-bricks	Gesius_BefiehlDuDeineWege	data/chorale-bricks/Gesius_BefiehlDuDeineWege	Minor Second	"[""Major Second"", ""Major Third"", ""Minor Sixth"", ""Minor Third"", ""Perfect Fifth"", ""Perfect Fourth"", ""Perfect Unison""]"	"[""Minor Third"", ""Perfect Unison"", ""Perfect Fifth"", ""Major Third"", ""Minor Sixth"", ""Perfect Fourth"", ""Major Second""]"	symbolic	symbolic.abc.txt	data/chorale-bricks/Gesius_BefiehlDuDeineWege/symbolic.abc.txt	Minor Second	"[""Minor Second"", ""none of the other options is correct"", ""Minor Third"", ""Perfect Unison"", ""Perfect Fifth""]"	0.2	0	"[""A"", ""B"", ""C"", ""D"", ""E""]"	"{""A"": ""Minor Second"", ""B"": ""Perfect Unison"", ""C"": ""Minor Third"", ""D"": ""none of the other options is correct"", ""E"": ""Perfect Fifth""}"	"[""(A) Minor Second"", ""(B) Perfect Unison"", ""(C) Minor Third"", ""(D) none of the other options is correct"", ""(E) Perfect Fifth""]"	(A) Minor Second	A
dd35ee30-b0fb-5ba9-a5d5-d7b42c525366	3	perception	pitch	relative	pitch-relative	interval-recognition		interval recognition	What is the {target_index} interval in the {voice} line?	"[""target_index"", ""voice""]"	get_nth_interval		interval	"{""target_index"": ""8th"", ""voice"": ""soprano""}"	What is the 8th interval in the soprano line?	Gesius_BefiehlDuDeineWege	chorale-bricks	Gesius_BefiehlDuDeineWege	data/chorale-bricks/Gesius_BefiehlDuDeineWege	Minor Second	"[""Major Second"", ""Major Third"", ""Minor Sixth"", ""Minor Third"", ""Perfect Fifth"", ""Perfect Fourth"", ""Perfect Unison""]"	"[""Minor Third"", ""Perfect Unison"", ""Perfect Fifth"", ""Major Third"", ""Minor Sixth"", ""Perfect Fourth"", ""Major Second""]"	visual	visual.short.png	data/chorale-bricks/Gesius_BefiehlDuDeineWege/visual.short.png	Minor Second	"[""Minor Second"", ""none of the other options is correct"", ""Minor Third"", ""Perfect Unison"", ""Perfect Fifth""]"	0.2	0	"[""A"", ""B"", ""C"", ""D"", ""E""]"	"{""A"": ""Perfect Fifth"", ""B"": ""Minor Second"", ""C"": ""Perfect Unison"", ""D"": ""Minor Third"", ""E"": ""none of the other options is correct""}"	"[""(A) Perfect Fifth"", ""(B) Minor Second"", ""(C) Perfect Unison"", ""(D) Minor Third"", ""(E) none of the other options is correct""]"	(B) Minor Second	B
eb894a8f-d98b-5f54-9303-a133f21dfa52	3	perception	pitch	relative	pitch-relative	interval-recognition		interval recognition	What is the {target_index} interval in the {voice} line?	"[""target_index"", ""voice""]"	get_nth_interval		interval	"{""target_index"": ""16th"", ""voice"": ""soprano""}"	What is the 16th interval in the soprano line?	Drese_JesuGehVoran	chorale-bricks	Drese_JesuGehVoran	data/chorale-bricks/Drese_JesuGehVoran	Major Second	"[""Major Sixth"", ""Major Third"", ""Minor Second"", ""Minor Third"", ""Perfect Fifth"", ""Perfect Fourth"", ""Perfect Unison""]"	"[""Perfect Fourth"", ""Major Sixth"", ""Minor Second"", ""Perfect Fifth"", ""Minor Third"", ""Perfect Unison"", ""Major Third""]"	audio	audio.mastermix.wav	data/chorale-bricks/Drese_JesuGehVoran/audio.mastermix.wav	Major Second	"[""Major Second"", ""none of the other options is correct"", ""Perfect Fourth"", ""Major Sixth"", ""Minor Second""]"	0.2	0	"[""A"", ""B"", ""C"", ""D"", ""E""]"	"{""A"": ""Perfect Fourth"", ""B"": ""Major Second"", ""C"": ""Major Sixth"", ""D"": ""none of the other options is correct"", ""E"": ""Minor Second""}"	"[""(A) Perfect Fourth"", ""(B) Major Second"", ""(C) Major Sixth"", ""(D) none of the other options is correct"", ""(E) Minor Second""]"	(B) Major Second	B
bbde1a88-a34e-502e-b60b-d32bb2369763	3	perception	pitch	relative	pitch-relative	interval-recognition		interval recognition	What is the {target_index} interval in the {voice} line?	"[""target_index"", ""voice""]"	get_nth_interval		interval	"{""target_index"": ""16th"", ""voice"": ""soprano""}"	What is the 16th interval in the soprano line?	Drese_JesuGehVoran	chorale-bricks	Drese_JesuGehVoran	data/chorale-bricks/Drese_JesuGehVoran	Major Second	"[""Major Sixth"", ""Major Third"", ""Minor Second"", ""Minor Third"", ""Perfect Fifth"", ""Perfect Fourth"", ""Perfect Unison""]"	"[""Perfect Fourth"", ""Major Sixth"", ""Minor Second"", ""Perfect Fifth"", ""Minor Third"", ""Perfect Unison"", ""Major Third""]"	symbolic	symbolic.abc.txt	data/chorale-bricks/Drese_JesuGehVoran/symbolic.abc.txt	Major Second	"[""Major Second"", ""none of the other options is correct"", ""Perfect Fourth"", ""Major Sixth"", ""Minor Second""]"	0.2	0	"[""A"", ""B"", ""C"", ""D"", ""E""]"	"{""A"": ""none of the other options is correct"", ""B"": ""Perfect Fourth"", ""C"": ""Major Sixth"", ""D"": ""Major Second"", ""E"": ""Minor Second""}"	"[""(A) none of the other options is correct"", ""(B) Perfect Fourth"", ""(C) Major Sixth"", ""(D) Major Second"", ""(E) Minor Second""]"	(D) Major Second	D
56e2405a-fecf-56bf-947e-5ccdf418fd98	3	perception	pitch	relative	pitch-relative	interval-recognition		interval recognition	What is the {target_index} interval in the {voice} line?	"[""target_index"", ""voice""]"	get_nth_interval		interval	"{""target_index"": ""16th"", ""voice"": ""soprano""}"	What is the 16th interval in the soprano line?	Drese_JesuGehVoran	chorale-bricks	Drese_JesuGehVoran	data/chorale-bricks/Drese_JesuGehVoran	Major Second	"[""Major Sixth"", ""Major Third"", ""Minor Second"", ""Minor Third"", ""Perfect Fifth"", ""Perfect Fourth"", ""Perfect Unison""]"	"[""Perfect Fourth"", ""Major Sixth"", ""Minor Second"", ""Perfect Fifth"", ""Minor Third"", ""Perfect Unison"", ""Major Third""]"	visual	visual.short.png	data/chorale-bricks/Drese_JesuGehVoran/visual.short.png	Major Second	"[""Major Second"", ""none of the other options is correct"", ""Perfect Fourth"", ""Major Sixth"", ""Minor Second""]"	0.2	0	"[""A"", ""B"", ""C"", ""D"", ""E""]"	"{""A"": ""Major Sixth"", ""B"": ""Major Second"", ""C"": ""none of the other options is correct"", ""D"": ""Minor Second"", ""E"": ""Perfect Fourth""}"	"[""(A) Major Sixth"", ""(B) Major Second"", ""(C) none of the other options is correct"", ""(D) Minor Second"", ""(E) Perfect Fourth""]"	(B) Major Second	B
118ec12e-b2f3-565d-ad72-d577edb035e9	3	perception	pitch	relative	pitch-relative	interval-recognition		interval recognition	What is the {target_index} interval in the {voice} line?	"[""target_index"", ""voice""]"	get_nth_interval		interval	"{""target_index"": ""49th"", ""voice"": ""tenor""}"	What is the 49th interval in the tenor line?	Crueger_AufAufMeinHerzMitFreuden	chorale-bricks	Crueger_AufAufMeinHerzMitFreuden	data/chorale-bricks/Crueger_AufAufMeinHerzMitFreuden	Major Second	"[""Diminished Fifth"", ""Major Sixth"", ""Major Third"", ""Minor Second"", ""Minor Sixth"", ""Minor Third"", ""Perfect Fifth"", ""Perfect Fourth"", ""Perfect Unison""]"	"[""Major Third"", ""Minor Second"", ""Minor Third"", ""Perfect Fifth"", ""Perfect Unison"", ""Perfect Fourth"", ""Major Sixth"", ""Minor Sixth"", ""Diminished Fifth""]"	audio	audio.mastermix.wav	data/chorale-bricks/Crueger_AufAufMeinHerzMitFreuden/audio.mastermix.wav	Major Second	"[""Major Second"", ""none of the other options is correct"", ""Major Third"", ""Minor Second"", ""Minor Third""]"	0.2	0	"[""A"", ""B"", ""C"", ""D"", ""E""]"	"{""A"": ""Minor Second"", ""B"": ""Minor Third"", ""C"": ""none of the other options is correct"", ""D"": ""Major Third"", ""E"": ""Major Second""}"	"[""(A) Minor Second"", ""(B) Minor Third"", ""(C) none of the other options is correct"", ""(D) Major Third"", ""(E) Major Second""]"	(E) Major Second	E
a83b848b-756c-5bdd-b084-c9d7f90e0a16	3	perception	pitch	relative	pitch-relative	interval-recognition		interval recognition	What is the {target_index} interval in the {voice} line?	"[""target_index"", ""voice""]"	get_nth_interval		interval	"{""target_index"": ""49th"", ""voice"": ""tenor""}"	What is the 49th interval in the tenor line?	Crueger_AufAufMeinHerzMitFreuden	chorale-bricks	Crueger_AufAufMeinHerzMitFreuden	data/chorale-bricks/Crueger_AufAufMeinHerzMitFreuden	Major Second	"[""Diminished Fifth"", ""Major Sixth"", ""Major Third"", ""Minor Second"", ""Minor Sixth"", ""Minor Third"", ""Perfect Fifth"", ""Perfect Fourth"", ""Perfect Unison""]"	"[""Major Third"", ""Minor Second"", ""Minor Third"", ""Perfect Fifth"", ""Perfect Unison"", ""Perfect Fourth"", ""Major Sixth"", ""Minor Sixth"", ""Diminished Fifth""]"	symbolic	symbolic.abc.txt	data/chorale-bricks/Crueger_AufAufMeinHerzMitFreuden/symbolic.abc.txt	Major Second	"[""Major Second"", ""none of the other options is correct"", ""Major Third"", ""Minor Second"", ""Minor Third""]"	0.2	0	"[""A"", ""B"", ""C"", ""D"", ""E""]"	"{""A"": ""Minor Third"", ""B"": ""Major Second"", ""C"": ""none of the other options is correct"", ""D"": ""Minor Second"", ""E"": ""Major Third""}"	"[""(A) Minor Third"", ""(B) Major Second"", ""(C) none of the other options is correct"", ""(D) Minor Second"", ""(E) Major Third""]"	(B) Major Second	B
275cd6f7-db42-5bbe-ad62-508bbcccf1e0	3	perception	pitch	relative	pitch-relative	interval-recognition		interval recognition	What is the {target_index} interval in the {voice} line?	"[""target_index"", ""voice""]"	get_nth_interval		interval	"{""target_index"": ""49th"", ""voice"": ""tenor""}"	What is the 49th interval in the tenor line?	Crueger_AufAufMeinHerzMitFreuden	chorale-bricks	Crueger_AufAufMeinHerzMitFreuden	data/chorale-bricks/Crueger_AufAufMeinHerzMitFreuden	Major Second	"[""Diminished Fifth"", ""Major Sixth"", ""Major Third"", ""Minor Second"", ""Minor Sixth"", ""Minor Third"", ""Perfect Fifth"", ""Perfect Fourth"", ""Perfect Unison""]"	"[""Major Third"", ""Minor Second"", ""Minor Third"", ""Perfect Fifth"", ""Perfect Unison"", ""Perfect Fourth"", ""Major Sixth"", ""Minor Sixth"", ""Diminished Fifth""]"	visual	visual.short.png	data/chorale-bricks/Crueger_AufAufMeinHerzMitFreuden/visual.short.png	Major Second	"[""Major Second"", ""none of the other options is correct"", ""Major Third"", ""Minor Second"", ""Minor Third""]"	0.2	0	"[""A"", ""B"", ""C"", ""D"", ""E""]"	"{""A"": ""Major Second"", ""B"": ""none of the other options is correct"", ""C"": ""Minor Third"", ""D"": ""Minor Second"", ""E"": ""Major Third""}"	"[""(A) Major Second"", ""(B) none of the other options is correct"", ""(C) Minor Third"", ""(D) Minor Second"", ""(E) Major Third""]"	(A) Major Second	A
09366f34-c7b1-5fab-923f-3cb59b189b3f	3	perception	pitch	relative	pitch-relative	interval-recognition		interval recognition	What is the {target_index} interval in the {voice} line?	"[""target_index"", ""voice""]"	get_nth_interval		interval	"{""target_index"": ""28th"", ""voice"": ""tenor""}"	What is the 28th interval in the tenor line?	Vulpius_DieHelleSonnLeuchtJetztHerfuer	chorale-bricks	Vulpius_DieHelleSonnLeuchtJetztHerfuer	data/chorale-bricks/Vulpius_DieHelleSonnLeuchtJetztHerfuer	Major Third	"[""Diminished Unison"", ""Major Second"", ""Minor Second"", ""Minor Third"", ""Perfect Fifth"", ""Perfect Fourth"", ""Perfect Unison""]"	"[""Perfect Unison"", ""Diminished Unison"", ""Minor Third"", ""Minor Second"", ""Perfect Fourth"", ""Perfect Fifth"", ""Major Second""]"	audio	audio.mastermix.wav	data/chorale-bricks/Vulpius_DieHelleSonnLeuchtJetztHerfuer/audio.mastermix.wav	Major Third	"[""Major Third"", ""none of the other options is correct"", ""Perfect Unison"", ""Diminished Unison"", ""Minor Third""]"	0.2	0	"[""A"", ""B"", ""C"", ""D"", ""E""]"	"{""A"": ""Diminished Unison"", ""B"": ""Minor Third"", ""C"": ""none of the other options is correct"", ""D"": ""Perfect Unison"", ""E"": ""Major Third""}"	"[""(A) Diminished Unison"", ""(B) Minor Third"", ""(C) none of the other options is correct"", ""(D) Perfect Unison"", ""(E) Major Third""]"	(E) Major Third	E
5de0f258-6ef3-5710-86ca-dd509aa29fa9	3	perception	pitch	relative	pitch-relative	interval-recognition		interval recognition	What is the {target_index} interval in the {voice} line?	"[""target_index"", ""voice""]"	get_nth_interval		interval	"{""target_index"": ""28th"", ""voice"": ""tenor""}"	What is the 28th interval in the tenor line?	Vulpius_DieHelleSonnLeuchtJetztHerfuer	chorale-bricks	Vulpius_DieHelleSonnLeuchtJetztHerfuer	data/chorale-bricks/Vulpius_DieHelleSonnLeuchtJetztHerfuer	Major Third	"[""Diminished Unison"", ""Major Second"", ""Minor Second"", ""Minor Third"", ""Perfect Fifth"", ""Perfect Fourth"", ""Perfect Unison""]"	"[""Perfect Unison"", ""Diminished Unison"", ""Minor Third"", ""Minor Second"", ""Perfect Fourth"", ""Perfect Fifth"", ""Major Second""]"	symbolic	symbolic.abc.txt	data/chorale-bricks/Vulpius_DieHelleSonnLeuchtJetztHerfuer/symbolic.abc.txt	none of the other options is correct	"[""none of the other options is correct"", ""Perfect Unison"", ""Diminished Unison"", ""Minor Third"", ""Minor Second""]"	0.2	1	"[""A"", ""B"", ""C"", ""D"", ""E""]"	"{""A"": ""Minor Second"", ""B"": ""Minor Third"", ""C"": ""Perfect Unison"", ""D"": ""Diminished Unison"", ""E"": ""none of the other options is correct""}"	"[""(A) Minor Second"", ""(B) Minor Third"", ""(C) Perfect Unison"", ""(D) Diminished Unison"", ""(E) none of the other options is correct""]"	(E) none of the other options is correct	E
1f660f3b-e6e3-5515-9f53-bd9ffffd12ce	3	perception	pitch	relative	pitch-relative	interval-recognition		interval recognition	What is the {target_index} interval in the {voice} line?	"[""target_index"", ""voice""]"	get_nth_interval		interval	"{""target_index"": ""28th"", ""voice"": ""tenor""}"	What is the 28th interval in the tenor line?	Vulpius_DieHelleSonnLeuchtJetztHerfuer	chorale-bricks	Vulpius_DieHelleSonnLeuchtJetztHerfuer	data/chorale-bricks/Vulpius_DieHelleSonnLeuchtJetztHerfuer	Major Third	"[""Diminished Unison"", ""Major Second"", ""Minor Second"", ""Minor Third"", ""Perfect Fifth"", ""Perfect Fourth"", ""Perfect Unison""]"	"[""Perfect Unison"", ""Diminished Unison"", ""Minor Third"", ""Minor Second"", ""Perfect Fourth"", ""Perfect Fifth"", ""Major Second""]"	visual	visual.short.png	data/chorale-bricks/Vulpius_DieHelleSonnLeuchtJetztHerfuer/visual.short.png	Major Third	"[""Major Third"", ""none of the other options is correct"", ""Perfect Unison"", ""Diminished Unison"", ""Minor Third""]"	0.2	0	"[""A"", ""B"", ""C"", ""D"", ""E""]"	"{""A"": ""Diminished Unison"", ""B"": ""Perfect Unison"", ""C"": ""Minor Third"", ""D"": ""Major Third"", ""E"": ""none of the other options is correct""}"	"[""(A) Diminished Unison"", ""(B) Perfect Unison"", ""(C) Minor Third"", ""(D) Major Third"", ""(E) none of the other options is correct""]"	(D) Major Third	D
3591b2c7-a1a5-564f-80de-11763a6496af	3	perception	pitch	relative	pitch-relative	interval-recognition		interval recognition	What is the {target_index} interval in the {voice} line?	"[""target_index"", ""voice""]"	get_nth_interval		interval	"{""target_index"": ""40th"", ""voice"": ""alto""}"	What is the 40th interval in the alto line?	Gesius_DuFriedensfuerstHerrJesuChrist	chorale-bricks	Gesius_DuFriedensfuerstHerrJesuChrist	data/chorale-bricks/Gesius_DuFriedensfuerstHerrJesuChrist	Major Second	"[""Major Third"", ""Minor Second"", ""Minor Third"", ""Perfect Fifth"", ""Perfect Fourth"", ""Perfect Unison""]"	"[""Perfect Fifth"", ""Minor Third"", ""Major Third"", ""Perfect Unison"", ""Perfect Fourth"", ""Minor Second""]"	audio	audio.mastermix.wav	data/chorale-bricks/Gesius_DuFriedensfuerstHerrJesuChrist/audio.mastermix.wav	Major Second	"[""Major Second"", ""none of the other options is correct"", ""Perfect Fifth"", ""Minor Third"", ""Major Third""]"	0.2	0	"[""A"", ""B"", ""C"", ""D"", ""E""]"	"{""A"": ""Major Third"", ""B"": ""none of the other options is correct"", ""C"": ""Minor Third"", ""D"": ""Major Second"", ""E"": ""Perfect Fifth""}"	"[""(A) Major Third"", ""(B) none of the other options is correct"", ""(C) Minor Third"", ""(D) Major Second"", ""(E) Perfect Fifth""]"	(D) Major Second	D
9bf4c0ee-69e8-5763-90c3-b1a22e23757b	3	perception	pitch	relative	pitch-relative	interval-recognition		interval recognition	What is the {target_index} interval in the {voice} line?	"[""target_index"", ""voice""]"	get_nth_interval		interval	"{""target_index"": ""40th"", ""voice"": ""alto""}"	What is the 40th interval in the alto line?	Gesius_DuFriedensfuerstHerrJesuChrist	chorale-bricks	Gesius_DuFriedensfuerstHerrJesuChrist	data/chorale-bricks/Gesius_DuFriedensfuerstHerrJesuChrist	Major Second	"[""Major Third"", ""Minor Second"", ""Minor Third"", ""Perfect Fifth"", ""Perfect Fourth"", ""Perfect Unison""]"	"[""Perfect Fifth"", ""Minor Third"", ""Major Third"", ""Perfect Unison"", ""Perfect Fourth"", ""Minor Second""]"	symbolic	symbolic.abc.txt	data/chorale-bricks/Gesius_DuFriedensfuerstHerrJesuChrist/symbolic.abc.txt	Major Second	"[""Major Second"", ""none of the other options is correct"", ""Perfect Fifth"", ""Minor Third"", ""Major Third""]"	0.2	0	"[""A"", ""B"", ""C"", ""D"", ""E""]"	"{""A"": ""Minor Third"", ""B"": ""none of the other options is correct"", ""C"": ""Perfect Fifth"", ""D"": ""Major Third"", ""E"": ""Major Second""}"	"[""(A) Minor Third"", ""(B) none of the other options is correct"", ""(C) Perfect Fifth"", ""(D) Major Third"", ""(E) Major Second""]"	(E) Major Second	E
bf3317a6-eec7-5125-b7c6-1cd0145e906c	3	perception	pitch	relative	pitch-relative	interval-recognition		interval recognition	What is the {target_index} interval in the {voice} line?	"[""target_index"", ""voice""]"	get_nth_interval		interval	"{""target_index"": ""40th"", ""voice"": ""alto""}"	What is the 40th interval in the alto line?	Gesius_DuFriedensfuerstHerrJesuChrist	chorale-bricks	Gesius_DuFriedensfuerstHerrJesuChrist	data/chorale-bricks/Gesius_DuFriedensfuerstHerrJesuChrist	Major Second	"[""Major Third"", ""Minor Second"", ""Minor Third"", ""Perfect Fifth"", ""Perfect Fourth"", ""Perfect Unison""]"	"[""Perfect Fifth"", ""Minor Third"", ""Major Third"", ""Perfect Unison"", ""Perfect Fourth"", ""Minor Second""]"	visual	visual.short.png	data/chorale-bricks/Gesius_DuFriedensfuerstHerrJesuChrist/visual.short.png	Major Second	"[""Major Second"", ""none of the other options is correct"", ""Perfect Fifth"", ""Minor Third"", ""Major Third""]"	0.2	0	"[""A"", ""B"", ""C"", ""D"", ""E""]"	"{""A"": ""Minor Third"", ""B"": ""Perfect Fifth"", ""C"": ""Major Third"", ""D"": ""none of the other options is correct"", ""E"": ""Major Second""}"	"[""(A) Minor Third"", ""(B) Perfect Fifth"", ""(C) Major Third"", ""(D) none of the other options is correct"", ""(E) Major Second""]"	(E) Major Second	E
f88bb904-f065-5b20-ab2f-663c93ad5120	3	perception	pitch	relative	pitch-relative	interval-recognition		interval recognition	What is the {target_index} interval in the {voice} line?	"[""target_index"", ""voice""]"	get_nth_interval		interval	"{""target_index"": ""5th"", ""voice"": ""alto""}"	What is the 5th interval in the alto line?	Anonymous_AusMeinesHerzensGrunde	chorale-bricks	Anonymous_AusMeinesHerzensGrunde	data/chorale-bricks/Anonymous_AusMeinesHerzensGrunde	Perfect Unison	"[""Major Second"", ""Major Third"", ""Minor Second"", ""Minor Sixth"", ""Minor Third"", ""Perfect Fifth"", ""Perfect Fourth""]"	"[""Perfect Fourth"", ""Minor Second"", ""Minor Sixth"", ""Major Third"", ""Major Second"", ""Minor Third"", ""Perfect Fifth""]"	audio	audio.mastermix.wav	data/chorale-bricks/Anonymous_AusMeinesHerzensGrunde/audio.mastermix.wav	Perfect Unison	"[""Perfect Unison"", ""none of the other options is correct"", ""Perfect Fourth"", ""Minor Second"", ""Minor Sixth""]"	0.2	0	"[""A"", ""B"", ""C"", ""D"", ""E""]"	"{""A"": ""Minor Second"", ""B"": ""Perfect Fourth"", ""C"": ""Minor Sixth"", ""D"": ""Perfect Unison"", ""E"": ""none of the other options is correct""}"	"[""(A) Minor Second"", ""(B) Perfect Fourth"", ""(C) Minor Sixth"", ""(D) Perfect Unison"", ""(E) none of the other options is correct""]"	(D) Perfect Unison	D
abbfa89e-eee2-5516-bdb5-c1de7044bec7	3	perception	pitch	relative	pitch-relative	interval-recognition		interval recognition	What is the {target_index} interval in the {voice} line?	"[""target_index"", ""voice""]"	get_nth_interval		interval	"{""target_index"": ""5th"", ""voice"": ""alto""}"	What is the 5th interval in the alto line?	Anonymous_AusMeinesHerzensGrunde	chorale-bricks	Anonymous_AusMeinesHerzensGrunde	data/chorale-bricks/Anonymous_AusMeinesHerzensGrunde	Perfect Unison	"[""Major Second"", ""Major Third"", ""Minor Second"", ""Minor Sixth"", ""Minor Third"", ""Perfect Fifth"", ""Perfect Fourth""]"	"[""Perfect Fourth"", ""Minor Second"", ""Minor Sixth"", ""Major Third"", ""Major Second"", ""Minor Third"", ""Perfect Fifth""]"	symbolic	symbolic.abc.txt	data/chorale-bricks/Anonymous_AusMeinesHerzensGrunde/symbolic.abc.txt	Perfect Unison	"[""Perfect Unison"", ""none of the other options is correct"", ""Perfect Fourth"", ""Minor Second"", ""Minor Sixth""]"	0.2	0	"[""A"", ""B"", ""C"", ""D"", ""E""]"	"{""A"": ""Minor Sixth"", ""B"": ""Perfect Fourth"", ""C"": ""none of the other options is correct"", ""D"": ""Perfect Unison"", ""E"": ""Minor Second""}"	"[""(A) Minor Sixth"", ""(B) Perfect Fourth"", ""(C) none of the other options is correct"", ""(D) Perfect Unison"", ""(E) Minor Second""]"	(D) Perfect Unison	D
72dd0fb1-19a6-5ad9-b1de-92496df4fbbd	3	perception	pitch	relative	pitch-relative	interval-recognition		interval recognition	What is the {target_index} interval in the {voice} line?	"[""target_index"", ""voice""]"	get_nth_interval		interval	"{""target_index"": ""5th"", ""voice"": ""alto""}"	What is the 5th interval in the alto line?	Anonymous_AusMeinesHerzensGrunde	chorale-bricks	Anonymous_AusMeinesHerzensGrunde	data/chorale-bricks/Anonymous_AusMeinesHerzensGrunde	Perfect Unison	"[""Major Second"", ""Major Third"", ""Minor Second"", ""Minor Sixth"", ""Minor Third"", ""Perfect Fifth"", ""Perfect Fourth""]"	"[""Perfect Fourth"", ""Minor Second"", ""Minor Sixth"", ""Major Third"", ""Major Second"", ""Minor Third"", ""Perfect Fifth""]"	visual	visual.short.png	data/chorale-bricks/Anonymous_AusMeinesHerzensGrunde/visual.short.png	none of the other options is correct	"[""none of the other options is correct"", ""Perfect Fourth"", ""Minor Second"", ""Minor Sixth"", ""Major Third""]"	0.2	1	"[""A"", ""B"", ""C"", ""D"", ""E""]"	"{""A"": ""Minor Second"", ""B"": ""none of the other options is correct"", ""C"": ""Perfect Fourth"", ""D"": ""Major Third"", ""E"": ""Minor Sixth""}"	"[""(A) Minor Second"", ""(B) none of the other options is correct"", ""(C) Perfect Fourth"", ""(D) Major Third"", ""(E) Minor Sixth""]"	(B) none of the other options is correct	B
11678d03-871b-5cd6-b791-f570526dc5d5	3	perception	pitch	relative	pitch-relative	interval-recognition		interval recognition	What is the {target_index} interval in the {voice} line?	"[""target_index"", ""voice""]"	get_nth_interval		interval	"{""target_index"": ""49th"", ""voice"": ""tenor""}"	What is the 49th interval in the tenor line?	Anonymous_AusMeinesHerzensGrunde	chorale-bricks	Anonymous_AusMeinesHerzensGrunde	data/chorale-bricks/Anonymous_AusMeinesHerzensGrunde	Minor Third	"[""Major Second"", ""Major Third"", ""Minor Second"", ""Minor Sixth"", ""Perfect Fifth"", ""Perfect Fourth"", ""Perfect Unison""]"	"[""Perfect Unison"", ""Perfect Fifth"", ""Perfect Fourth"", ""Minor Sixth"", ""Major Second"", ""Minor Second"", ""Major Third""]"	audio	audio.mastermix.wav	data/chorale-bricks/Anonymous_AusMeinesHerzensGrunde/audio.mastermix.wav	Minor Third	"[""Minor Third"", ""none of the other options is correct"", ""Perfect Unison"", ""Perfect Fifth"", ""Perfect Fourth""]"	0.2	0	"[""A"", ""B"", ""C"", ""D"", ""E""]"	"{""A"": ""Perfect Fourth"", ""B"": ""Minor Third"", ""C"": ""Perfect Fifth"", ""D"": ""none of the other options is correct"", ""E"": ""Perfect Unison""}"	"[""(A) Perfect Fourth"", ""(B) Minor Third"", ""(C) Perfect Fifth"", ""(D) none of the other options is correct"", ""(E) Perfect Unison""]"	(B) Minor Third	B
ea27d8d0-3ca5-54e4-89d4-22a104296873	3	perception	pitch	relative	pitch-relative	interval-recognition		interval recognition	What is the {target_index} interval in the {voice} line?	"[""target_index"", ""voice""]"	get_nth_interval		interval	"{""target_index"": ""49th"", ""voice"": ""tenor""}"	What is the 49th interval in the tenor line?	Anonymous_AusMeinesHerzensGrunde	chorale-bricks	Anonymous_AusMeinesHerzensGrunde	data/chorale-bricks/Anonymous_AusMeinesHerzensGrunde	Minor Third	"[""Major Second"", ""Major Third"", ""Minor Second"", ""Minor Sixth"", ""Perfect Fifth"", ""Perfect Fourth"", ""Perfect Unison""]"	"[""Perfect Unison"", ""Perfect Fifth"", ""Perfect Fourth"", ""Minor Sixth"", ""Major Second"", ""Minor Second"", ""Major Third""]"	symbolic	symbolic.abc.txt	data/chorale-bricks/Anonymous_AusMeinesHerzensGrunde/symbolic.abc.txt	Minor Third	"[""Minor Third"", ""none of the other options is correct"", ""Perfect Unison"", ""Perfect Fifth"", ""Perfect Fourth""]"	0.2	0	"[""A"", ""B"", ""C"", ""D"", ""E""]"	"{""A"": ""Perfect Fifth"", ""B"": ""Perfect Unison"", ""C"": ""none of the other options is correct"", ""D"": ""Minor Third"", ""E"": ""Perfect Fourth""}"	"[""(A) Perfect Fifth"", ""(B) Perfect Unison"", ""(C) none of the other options is correct"", ""(D) Minor Third"", ""(E) Perfect Fourth""]"	(D) Minor Third	D
f2ff4f80-325e-5d5d-8a85-82bee00a7e28	3	perception	pitch	relative	pitch-relative	interval-recognition		interval recognition	What is the {target_index} interval in the {voice} line?	"[""target_index"", ""voice""]"	get_nth_interval		interval	"{""target_index"": ""49th"", ""voice"": ""tenor""}"	What is the 49th interval in the tenor line?	Anonymous_AusMeinesHerzensGrunde	chorale-bricks	Anonymous_AusMeinesHerzensGrunde	data/chorale-bricks/Anonymous_AusMeinesHerzensGrunde	Minor Third	"[""Major Second"", ""Major Third"", ""Minor Second"", ""Minor Sixth"", ""Perfect Fifth"", ""Perfect Fourth"", ""Perfect Unison""]"	"[""Perfect Unison"", ""Perfect Fifth"", ""Perfect Fourth"", ""Minor Sixth"", ""Major Second"", ""Minor Second"", ""Major Third""]"	visual	visual.short.png	data/chorale-bricks/Anonymous_AusMeinesHerzensGrunde/visual.short.png	Minor Third	"[""Minor Third"", ""none of the other options is correct"", ""Perfect Unison"", ""Perfect Fifth"", ""Perfect Fourth""]"	0.2	0	"[""A"", ""B"", ""C"", ""D"", ""E""]"	"{""A"": ""Minor Third"", ""B"": ""Perfect Unison"", ""C"": ""none of the other options is correct"", ""D"": ""Perfect Fourth"", ""E"": ""Perfect Fifth""}"	"[""(A) Minor Third"", ""(B) Perfect Unison"", ""(C) none of the other options is correct"", ""(D) Perfect Fourth"", ""(E) Perfect Fifth""]"	(A) Minor Third	A
5bd05d66-a965-5632-b729-975baf3236af	3	perception	pitch	relative	pitch-relative	interval-recognition		interval recognition	What is the {target_index} interval in the {voice} line?	"[""target_index"", ""voice""]"	get_nth_interval		interval	"{""target_index"": ""47th"", ""voice"": ""tenor""}"	What is the 47th interval in the tenor line?	Crueger_AufAufMeinHerzMitFreuden	chorale-bricks	Crueger_AufAufMeinHerzMitFreuden	data/chorale-bricks/Crueger_AufAufMeinHerzMitFreuden	Perfect Unison	"[""Diminished Fifth"", ""Major Second"", ""Major Sixth"", ""Major Third"", ""Minor Second"", ""Minor Sixth"", ""Minor Third"", ""Perfect Fifth"", ""Perfect Fourth""]"	"[""Diminished Fifth"", ""Perfect Fourth"", ""Major Second"", ""Minor Third"", ""Minor Sixth"", ""Major Sixth"", ""Minor Second"", ""Perfect Fifth"", ""Major Third""]"	audio	audio.mastermix.wav	data/chorale-bricks/Crueger_AufAufMeinHerzMitFreuden/audio.mastermix.wav	Perfect Unison	"[""Perfect Unison"", ""none of the other options is correct"", ""Diminished Fifth"", ""Perfect Fourth"", ""Major Second""]"	0.2	0	"[""A"", ""B"", ""C"", ""D"", ""E""]"	"{""A"": ""Perfect Unison"", ""B"": ""Diminished Fifth"", ""C"": ""none of the other options is correct"", ""D"": ""Perfect Fourth"", ""E"": ""Major Second""}"	"[""(A) Perfect Unison"", ""(B) Diminished Fifth"", ""(C) none of the other options is correct"", ""(D) Perfect Fourth"", ""(E) Major Second""]"	(A) Perfect Unison	A
98817df0-fe31-5278-b907-6129e08be1eb	3	perception	pitch	relative	pitch-relative	interval-recognition		interval recognition	What is the {target_index} interval in the {voice} line?	"[""target_index"", ""voice""]"	get_nth_interval		interval	"{""target_index"": ""47th"", ""voice"": ""tenor""}"	What is the 47th interval in the tenor line?	Crueger_AufAufMeinHerzMitFreuden	chorale-bricks	Crueger_AufAufMeinHerzMitFreuden	data/chorale-bricks/Crueger_AufAufMeinHerzMitFreuden	Perfect Unison	"[""Diminished Fifth"", ""Major Second"", ""Major Sixth"", ""Major Third"", ""Minor Second"", ""Minor Sixth"", ""Minor Third"", ""Perfect Fifth"", ""Perfect Fourth""]"	"[""Diminished Fifth"", ""Perfect Fourth"", ""Major Second"", ""Minor Third"", ""Minor Sixth"", ""Major Sixth"", ""Minor Second"", ""Perfect Fifth"", ""Major Third""]"	symbolic	symbolic.abc.txt	data/chorale-bricks/Crueger_AufAufMeinHerzMitFreuden/symbolic.abc.txt	Perfect Unison	"[""Perfect Unison"", ""none of the other options is correct"", ""Diminished Fifth"", ""Perfect Fourth"", ""Major Second""]"	0.2	0	"[""A"", ""B"", ""C"", ""D"", ""E""]"	"{""A"": ""Perfect Unison"", ""B"": ""none of the other options is correct"", ""C"": ""Major Second"", ""D"": ""Perfect Fourth"", ""E"": ""Diminished Fifth""}"	"[""(A) Perfect Unison"", ""(B) none of the other options is correct"", ""(C) Major Second"", ""(D) Perfect Fourth"", ""(E) Diminished Fifth""]"	(A) Perfect Unison	A
9698b413-372d-5c1d-9752-eca3d72f8093	3	perception	pitch	relative	pitch-relative	interval-recognition		interval recognition	What is the {target_index} interval in the {voice} line?	"[""target_index"", ""voice""]"	get_nth_interval		interval	"{""target_index"": ""47th"", ""voice"": ""tenor""}"	What is the 47th interval in the tenor line?	Crueger_AufAufMeinHerzMitFreuden	chorale-bricks	Crueger_AufAufMeinHerzMitFreuden	data/chorale-bricks/Crueger_AufAufMeinHerzMitFreuden	Perfect Unison	"[""Diminished Fifth"", ""Major Second"", ""Major Sixth"", ""Major Third"", ""Minor Second"", ""Minor Sixth"", ""Minor Third"", ""Perfect Fifth"", ""Perfect Fourth""]"	"[""Diminished Fifth"", ""Perfect Fourth"", ""Major Second"", ""Minor Third"", ""Minor Sixth"", ""Major Sixth"", ""Minor Second"", ""Perfect Fifth"", ""Major Third""]"	visual	visual.short.png	data/chorale-bricks/Crueger_AufAufMeinHerzMitFreuden/visual.short.png	Perfect Unison	"[""Perfect Unison"", ""none of the other options is correct"", ""Diminished Fifth"", ""Perfect Fourth"", ""Major Second""]"	0.2	0	"[""A"", ""B"", ""C"", ""D"", ""E""]"	"{""A"": ""Major Second"", ""B"": ""none of the other options is correct"", ""C"": ""Perfect Unison"", ""D"": ""Diminished Fifth"", ""E"": ""Perfect Fourth""}"	"[""(A) Major Second"", ""(B) none of the other options is correct"", ""(C) Perfect Unison"", ""(D) Diminished Fifth"", ""(E) Perfect Fourth""]"	(C) Perfect Unison	C
2e7133f2-6bb9-57fa-9b20-712218c85b05	4	perception	pitch	relative	pitch-relative	interval-recognition		interval statistics	How many times is the interval {interval} present in the {voice} line?	"[""voice"", ""interval""]"	get_interval_quantity		interval	"{""voice"": ""bass"", ""interval"": ""Minor Second""}"	How many times is the interval Minor Second present in the bass line?	Drese_JesuGehVoran	chorale-bricks	Drese_JesuGehVoran	data/chorale-bricks/Drese_JesuGehVoran	4	"[""2"", ""5"", ""6"", ""17"", ""24"", ""39"", ""64""]"	"[""17"", ""24"", ""5"", ""2"", ""39"", ""64"", ""6""]"	audio	audio.mastermix.wav	data/chorale-bricks/Drese_JesuGehVoran/audio.mastermix.wav	4	"[""4"", ""none of the other options is correct"", ""17"", ""24"", ""5""]"	0.2	0	"[""A"", ""B"", ""C"", ""D"", ""E""]"	"{""A"": ""4"", ""B"": ""24"", ""C"": ""5"", ""D"": ""17"", ""E"": ""none of the other options is correct""}"	"[""(A) 4"", ""(B) 24"", ""(C) 5"", ""(D) 17"", ""(E) none of the other options is correct""]"	(A) 4	A
87fe8b4d-1948-562e-8c11-9d949cdf7e25	4	perception	pitch	relative	pitch-relative	interval-recognition		interval statistics	How many times is the interval {interval} present in the {voice} line?	"[""voice"", ""interval""]"	get_interval_quantity		interval	"{""voice"": ""bass"", ""interval"": ""Minor Second""}"	How many times is the interval Minor Second present in the bass line?	Drese_JesuGehVoran	chorale-bricks	Drese_JesuGehVoran	data/chorale-bricks/Drese_JesuGehVoran	4	"[""2"", ""5"", ""6"", ""17"", ""24"", ""39"", ""64""]"	"[""17"", ""24"", ""5"", ""2"", ""39"", ""64"", ""6""]"	symbolic	symbolic.abc.txt	data/chorale-bricks/Drese_JesuGehVoran/symbolic.abc.txt	4	"[""4"", ""none of the other options is correct"", ""17"", ""24"", ""5""]"	0.2	0	"[""A"", ""B"", ""C"", ""D"", ""E""]"	"{""A"": ""17"", ""B"": ""4"", ""C"": ""none of the other options is correct"", ""D"": ""24"", ""E"": ""5""}"	"[""(A) 17"", ""(B) 4"", ""(C) none of the other options is correct"", ""(D) 24"", ""(E) 5""]"	(B) 4	B
679765ac-3656-532e-9b81-00a2110ad817	4	perception	pitch	relative	pitch-relative	interval-recognition		interval statistics	How many times is the interval {interval} present in the {voice} line?	"[""voice"", ""interval""]"	get_interval_quantity		interval	"{""voice"": ""bass"", ""interval"": ""Minor Second""}"	How many times is the interval Minor Second present in the bass line?	Drese_JesuGehVoran	chorale-bricks	Drese_JesuGehVoran	data/chorale-bricks/Drese_JesuGehVoran	4	"[""2"", ""5"", ""6"", ""17"", ""24"", ""39"", ""64""]"	"[""17"", ""24"", ""5"", ""2"", ""39"", ""64"", ""6""]"	visual	visual.short.png	data/chorale-bricks/Drese_JesuGehVoran/visual.short.png	4	"[""4"", ""none of the other options is correct"", ""17"", ""24"", ""5""]"	0.2	0	"[""A"", ""B"", ""C"", ""D"", ""E""]"	"{""A"": ""4"", ""B"": ""24"", ""C"": ""17"", ""D"": ""none of the other options is correct"", ""E"": ""5""}"	"[""(A) 4"", ""(B) 24"", ""(C) 17"", ""(D) none of the other options is correct"", ""(E) 5""]"	(A) 4	A
344dff18-2f8a-50d1-951c-5706fcd27346	4	perception	pitch	relative	pitch-relative	interval-recognition		interval statistics	How many times is the interval {interval} present in the {voice} line?	"[""voice"", ""interval""]"	get_interval_quantity		interval	"{""voice"": ""alto"", ""interval"": ""Minor Second""}"	How many times is the interval Minor Second present in the alto line?	Vulpius_DieHelleSonnLeuchtJetztHerfuer	chorale-bricks	Vulpius_DieHelleSonnLeuchtJetztHerfuer	data/chorale-bricks/Vulpius_DieHelleSonnLeuchtJetztHerfuer	5	"[""1"", ""14"", ""15"", ""24"", ""28"", ""29"", ""45""]"	"[""29"", ""1"", ""45"", ""14"", ""24"", ""15"", ""28""]"	audio	audio.mastermix.wav	data/chorale-bricks/Vulpius_DieHelleSonnLeuchtJetztHerfuer/audio.mastermix.wav	5	"[""5"", ""none of the other options is correct"", ""29"", ""1"", ""45""]"	0.2	0	"[""A"", ""B"", ""C"", ""D"", ""E""]"	"{""A"": ""45"", ""B"": ""1"", ""C"": ""5"", ""D"": ""none of the other options is correct"", ""E"": ""29""}"	"[""(A) 45"", ""(B) 1"", ""(C) 5"", ""(D) none of the other options is correct"", ""(E) 29""]"	(C) 5	C
1181f051-0b60-5a2d-b230-e48fc7a582df	4	perception	pitch	relative	pitch-relative	interval-recognition		interval statistics	How many times is the interval {interval} present in the {voice} line?	"[""voice"", ""interval""]"	get_interval_quantity		interval	"{""voice"": ""alto"", ""interval"": ""Minor Second""}"	How many times is the interval Minor Second present in the alto line?	Vulpius_DieHelleSonnLeuchtJetztHerfuer	chorale-bricks	Vulpius_DieHelleSonnLeuchtJetztHerfuer	data/chorale-bricks/Vulpius_DieHelleSonnLeuchtJetztHerfuer	5	"[""1"", ""14"", ""15"", ""24"", ""28"", ""29"", ""45""]"	"[""29"", ""1"", ""45"", ""14"", ""24"", ""15"", ""28""]"	symbolic	symbolic.abc.txt	data/chorale-bricks/Vulpius_DieHelleSonnLeuchtJetztHerfuer/symbolic.abc.txt	5	"[""5"", ""none of the other options is correct"", ""29"", ""1"", ""45""]"	0.2	0	"[""A"", ""B"", ""C"", ""D"", ""E""]"	"{""A"": ""none of the other options is correct"", ""B"": ""29"", ""C"": ""1"", ""D"": ""5"", ""E"": ""45""}"	"[""(A) none of the other options is correct"", ""(B) 29"", ""(C) 1"", ""(D) 5"", ""(E) 45""]"	(D) 5	D
24997e8e-80fa-525e-bb8b-d5b8100b9283	4	perception	pitch	relative	pitch-relative	interval-recognition		interval statistics	How many times is the interval {interval} present in the {voice} line?	"[""voice"", ""interval""]"	get_interval_quantity		interval	"{""voice"": ""alto"", ""interval"": ""Minor Second""}"	How many times is the interval Minor Second present in the alto line?	Vulpius_DieHelleSonnLeuchtJetztHerfuer	chorale-bricks	Vulpius_DieHelleSonnLeuchtJetztHerfuer	data/chorale-bricks/Vulpius_DieHelleSonnLeuchtJetztHerfuer	5	"[""1"", ""14"", ""15"", ""24"", ""28"", ""29"", ""45""]"	"[""29"", ""1"", ""45"", ""14"", ""24"", ""15"", ""28""]"	visual	visual.short.png	data/chorale-bricks/Vulpius_DieHelleSonnLeuchtJetztHerfuer/visual.short.png	5	"[""5"", ""none of the other options is correct"", ""29"", ""1"", ""45""]"	0.2	0	"[""A"", ""B"", ""C"", ""D"", ""E""]"	"{""A"": ""none of the other options is correct"", ""B"": ""45"", ""C"": ""1"", ""D"": ""5"", ""E"": ""29""}"	"[""(A) none of the other options is correct"", ""(B) 45"", ""(C) 1"", ""(D) 5"", ""(E) 29""]"	(D) 5	D
9e455fcf-18d8-549e-b14a-f8cdb385e038	4	perception	pitch	relative	pitch-relative	interval-recognition		interval statistics	How many times is the interval {interval} present in the {voice} line?	"[""voice"", ""interval""]"	get_interval_quantity		interval	"{""voice"": ""alto"", ""interval"": ""Major Third""}"	How many times is the interval Major Third present in the alto line?	Bach_IchStehAnDeinerKrippe	chorale-bricks	Bach_IchStehAnDeinerKrippe	data/chorale-bricks/Bach_IchStehAnDeinerKrippe	2	"[""1"", ""7"", ""12"", ""28"", ""32"", ""52"", ""55"", ""73""]"	"[""28"", ""1"", ""52"", ""12"", ""7"", ""55"", ""73"", ""32""]"	audio	audio.mastermix.wav	data/chorale-bricks/Bach_IchStehAnDeinerKrippe/audio.mastermix.wav	2	"[""2"", ""none of the other options is correct"", ""28"", ""1"", ""52""]"	0.2	0	"[""A"", ""B"", ""C"", ""D"", ""E""]"	"{""A"": ""52"", ""B"": ""none of the other options is correct"", ""C"": ""28"", ""D"": ""2"", ""E"": ""1""}"	"[""(A) 52"", ""(B) none of the other options is correct"", ""(C) 28"", ""(D) 2"", ""(E) 1""]"	(D) 2	D
f4c415f4-2fb0-57b1-8f04-c97d6a03fd57	4	perception	pitch	relative	pitch-relative	interval-recognition		interval statistics	How many times is the interval {interval} present in the {voice} line?	"[""voice"", ""interval""]"	get_interval_quantity		interval	"{""voice"": ""alto"", ""interval"": ""Major Third""}"	How many times is the interval Major Third present in the alto line?	Bach_IchStehAnDeinerKrippe	chorale-bricks	Bach_IchStehAnDeinerKrippe	data/chorale-bricks/Bach_IchStehAnDeinerKrippe	2	"[""1"", ""7"", ""12"", ""28"", ""32"", ""52"", ""55"", ""73""]"	"[""28"", ""1"", ""52"", ""12"", ""7"", ""55"", ""73"", ""32""]"	symbolic	symbolic.abc.txt	data/chorale-bricks/Bach_IchStehAnDeinerKrippe/symbolic.abc.txt	none of the other options is correct	"[""none of the other options is correct"", ""28"", ""1"", ""52"", ""12""]"	0.2	1	"[""A"", ""B"", ""C"", ""D"", ""E""]"	"{""A"": ""1"", ""B"": ""12"", ""C"": ""52"", ""D"": ""none of the other options is correct"", ""E"": ""28""}"	"[""(A) 1"", ""(B) 12"", ""(C) 52"", ""(D) none of the other options is correct"", ""(E) 28""]"	(D) none of the other options is correct	D
49848f4a-6f50-57ae-aac7-e7a6890c2d01	4	perception	pitch	relative	pitch-relative	interval-recognition		interval statistics	How many times is the interval {interval} present in the {voice} line?	"[""voice"", ""interval""]"	get_interval_quantity		interval	"{""voice"": ""alto"", ""interval"": ""Major Third""}"	How many times is the interval Major Third present in the alto line?	Bach_IchStehAnDeinerKrippe	chorale-bricks	Bach_IchStehAnDeinerKrippe	data/chorale-bricks/Bach_IchStehAnDeinerKrippe	2	"[""1"", ""7"", ""12"", ""28"", ""32"", ""52"", ""55"", ""73""]"	"[""28"", ""1"", ""52"", ""12"", ""7"", ""55"", ""73"", ""32""]"	visual	visual.short.png	data/chorale-bricks/Bach_IchStehAnDeinerKrippe/visual.short.png	none of the other options is correct	"[""none of the other options is correct"", ""28"", ""1"", ""52"", ""12""]"	0.2	1	"[""A"", ""B"", ""C"", ""D"", ""E""]"	"{""A"": ""1"", ""B"": ""none of the other options is correct"", ""C"": ""28"", ""D"": ""12"", ""E"": ""52""}"	"[""(A) 1"", ""(B) none of the other options is correct"", ""(C) 28"", ""(D) 12"", ""(E) 52""]"	(B) none of the other options is correct	B
cf7bcf1e-c20e-551e-8f13-57b998b0dbaa	4	perception	pitch	relative	pitch-relative	interval-recognition		interval statistics	How many times is the interval {interval} present in the {voice} line?	"[""voice"", ""interval""]"	get_interval_quantity		interval	"{""voice"": ""bass"", ""interval"": ""Minor Third""}"	How many times is the interval Minor Third present in the bass line?	Gesius_DuFriedensfuerstHerrJesuChrist	chorale-bricks	Gesius_DuFriedensfuerstHerrJesuChrist	data/chorale-bricks/Gesius_DuFriedensfuerstHerrJesuChrist	3	"[""17"", ""21"", ""28"", ""31"", ""38"", ""55""]"	"[""28"", ""21"", ""38"", ""31"", ""17"", ""55""]"	audio	audio.mastermix.wav	data/chorale-bricks/Gesius_DuFriedensfuerstHerrJesuChrist/audio.mastermix.wav	3	"[""3"", ""none of the other options is correct"", ""28"", ""21"", ""38""]"	0.2	0	"[""A"", ""B"", ""C"", ""D"", ""E""]"	"{""A"": ""38"", ""B"": ""none of the other options is correct"", ""C"": ""28"", ""D"": ""3"", ""E"": ""21""}"	"[""(A) 38"", ""(B) none of the other options is correct"", ""(C) 28"", ""(D) 3"", ""(E) 21""]"	(D) 3	D
fadcf7bf-6d1b-5995-aabb-46cbb863def5	4	perception	pitch	relative	pitch-relative	interval-recognition		interval statistics	How many times is the interval {interval} present in the {voice} line?	"[""voice"", ""interval""]"	get_interval_quantity		interval	"{""voice"": ""bass"", ""interval"": ""Minor Third""}"	How many times is the interval Minor Third present in the bass line?	Gesius_DuFriedensfuerstHerrJesuChrist	chorale-bricks	Gesius_DuFriedensfuerstHerrJesuChrist	data/chorale-bricks/Gesius_DuFriedensfuerstHerrJesuChrist	3	"[""17"", ""21"", ""28"", ""31"", ""38"", ""55""]"	"[""28"", ""21"", ""38"", ""31"", ""17"", ""55""]"	symbolic	symbolic.abc.txt	data/chorale-bricks/Gesius_DuFriedensfuerstHerrJesuChrist/symbolic.abc.txt	3	"[""3"", ""none of the other options is correct"", ""28"", ""21"", ""38""]"	0.2	0	"[""A"", ""B"", ""C"", ""D"", ""E""]"	"{""A"": ""38"", ""B"": ""21"", ""C"": ""3"", ""D"": ""none of the other options is correct"", ""E"": ""28""}"	"[""(A) 38"", ""(B) 21"", ""(C) 3"", ""(D) none of the other options is correct"", ""(E) 28""]"	(C) 3	C
871ff16a-0c09-5585-aa9a-1b58484ee8de	4	perception	pitch	relative	pitch-relative	interval-recognition		interval statistics	How many times is the interval {interval} present in the {voice} line?	"[""voice"", ""interval""]"	get_interval_quantity		interval	"{""voice"": ""bass"", ""interval"": ""Minor Third""}"	How many times is the interval Minor Third present in the bass line?	Gesius_DuFriedensfuerstHerrJesuChrist	chorale-bricks	Gesius_DuFriedensfuerstHerrJesuChrist	data/chorale-bricks/Gesius_DuFriedensfuerstHerrJesuChrist	3	"[""17"", ""21"", ""28"", ""31"", ""38"", ""55""]"	"[""28"", ""21"", ""38"", ""31"", ""17"", ""55""]"	visual	visual.short.png	data/chorale-bricks/Gesius_DuFriedensfuerstHerrJesuChrist/visual.short.png	3	"[""3"", ""none of the other options is correct"", ""28"", ""21"", ""38""]"	0.2	0	"[""A"", ""B"", ""C"", ""D"", ""E""]"	"{""A"": ""none of the other options is correct"", ""B"": ""3"", ""C"": ""38"", ""D"": ""28"", ""E"": ""21""}"	"[""(A) none of the other options is correct"", ""(B) 3"", ""(C) 38"", ""(D) 28"", ""(E) 21""]"	(B) 3	B
12608d05-5ddd-567b-9921-104b05ce1def	4	perception	pitch	relative	pitch-relative	interval-recognition		interval statistics	How many times is the interval {interval} present in the {voice} line?	"[""voice"", ""interval""]"	get_interval_quantity		interval	"{""voice"": ""tenor"", ""interval"": ""Minor Third""}"	How many times is the interval Minor Third present in the tenor line?	Telemann_DerLiebenSonneLichtUndPracht	chorale-bricks	Telemann_DerLiebenSonneLichtUndPracht	data/chorale-bricks/Telemann_DerLiebenSonneLichtUndPracht	4	"[""1"", ""5"", ""8"", ""18"", ""22"", ""44"", ""52"", ""59"", ""88""]"	"[""18"", ""88"", ""8"", ""59"", ""52"", ""44"", ""22"", ""5"", ""1""]"	audio	audio.mastermix.wav	data/chorale-bricks/Telemann_DerLiebenSonneLichtUndPracht/audio.mastermix.wav	4	"[""4"", ""none of the other options is correct"", ""18"", ""88"", ""8""]"	0.2	0	"[""A"", ""B"", ""C"", ""D"", ""E""]"	"{""A"": ""4"", ""B"": ""18"", ""C"": ""88"", ""D"": ""8"", ""E"": ""none of the other options is correct""}"	"[""(A) 4"", ""(B) 18"", ""(C) 88"", ""(D) 8"", ""(E) none of the other options is correct""]"	(A) 4	A
6a01083f-9e19-564e-8d99-b504c5c90695	4	perception	pitch	relative	pitch-relative	interval-recognition		interval statistics	How many times is the interval {interval} present in the {voice} line?	"[""voice"", ""interval""]"	get_interval_quantity		interval	"{""voice"": ""tenor"", ""interval"": ""Minor Third""}"	How many times is the interval Minor Third present in the tenor line?	Telemann_DerLiebenSonneLichtUndPracht	chorale-bricks	Telemann_DerLiebenSonneLichtUndPracht	data/chorale-bricks/Telemann_DerLiebenSonneLichtUndPracht	4	"[""1"", ""5"", ""8"", ""18"", ""22"", ""44"", ""52"", ""59"", ""88""]"	"[""18"", ""88"", ""8"", ""59"", ""52"", ""44"", ""22"", ""5"", ""1""]"	symbolic	symbolic.abc.txt	data/chorale-bricks/Telemann_DerLiebenSonneLichtUndPracht/symbolic.abc.txt	4	"[""4"", ""none of the other options is correct"", ""18"", ""88"", ""8""]"	0.2	0	"[""A"", ""B"", ""C"", ""D"", ""E""]"	"{""A"": ""8"", ""B"": ""18"", ""C"": ""none of the other options is correct"", ""D"": ""88"", ""E"": ""4""}"	"[""(A) 8"", ""(B) 18"", ""(C) none of the other options is correct"", ""(D) 88"", ""(E) 4""]"	(E) 4	E
032ae68e-74c8-59d0-9e35-3b9bd23131ae	4	perception	pitch	relative	pitch-relative	interval-recognition		interval statistics	How many times is the interval {interval} present in the {voice} line?	"[""voice"", ""interval""]"	get_interval_quantity		interval	"{""voice"": ""tenor"", ""interval"": ""Minor Third""}"	How many times is the interval Minor Third present in the tenor line?	Telemann_DerLiebenSonneLichtUndPracht	chorale-bricks	Telemann_DerLiebenSonneLichtUndPracht	data/chorale-bricks/Telemann_DerLiebenSonneLichtUndPracht	4	"[""1"", ""5"", ""8"", ""18"", ""22"", ""44"", ""52"", ""59"", ""88""]"	"[""18"", ""88"", ""8"", ""59"", ""52"", ""44"", ""22"", ""5"", ""1""]"	visual	visual.short.png	data/chorale-bricks/Telemann_DerLiebenSonneLichtUndPracht/visual.short.png	4	"[""4"", ""none of the other options is correct"", ""18"", ""88"", ""8""]"	0.2	0	"[""A"", ""B"", ""C"", ""D"", ""E""]"	"{""A"": ""18"", ""B"": ""4"", ""C"": ""8"", ""D"": ""88"", ""E"": ""none of the other options is correct""}"	"[""(A) 18"", ""(B) 4"", ""(C) 8"", ""(D) 88"", ""(E) none of the other options is correct""]"	(B) 4	B
b1736820-a7c9-50ef-b09e-31e8738f1d5d	4	perception	pitch	relative	pitch-relative	interval-recognition		interval statistics	How many times is the interval {interval} present in the {voice} line?	"[""voice"", ""interval""]"	get_interval_quantity		interval	"{""voice"": ""soprano"", ""interval"": ""Major Third""}"	How many times is the interval Major Third present in the soprano line?	Vulpius_DieHelleSonnLeuchtJetztHerfuer	chorale-bricks	Vulpius_DieHelleSonnLeuchtJetztHerfuer	data/chorale-bricks/Vulpius_DieHelleSonnLeuchtJetztHerfuer	1	"[""13"", ""15"", ""23"", ""24"", ""34"", ""46""]"	"[""34"", ""24"", ""13"", ""46"", ""23"", ""15""]"	audio	audio.mastermix.wav	data/chorale-bricks/Vulpius_DieHelleSonnLeuchtJetztHerfuer/audio.mastermix.wav	1	"[""1"", ""none of the other options is correct"", ""34"", ""24"", ""13""]"	0.2	0	"[""A"", ""B"", ""C"", ""D"", ""E""]"	"{""A"": ""24"", ""B"": ""1"", ""C"": ""13"", ""D"": ""none of the other options is correct"", ""E"": ""34""}"	"[""(A) 24"", ""(B) 1"", ""(C) 13"", ""(D) none of the other options is correct"", ""(E) 34""]"	(B) 1	B
3a16581c-eb29-541f-97c7-1f61138fe620	4	perception	pitch	relative	pitch-relative	interval-recognition		interval statistics	How many times is the interval {interval} present in the {voice} line?	"[""voice"", ""interval""]"	get_interval_quantity		interval	"{""voice"": ""soprano"", ""interval"": ""Major Third""}"	How many times is the interval Major Third present in the soprano line?	Vulpius_DieHelleSonnLeuchtJetztHerfuer	chorale-bricks	Vulpius_DieHelleSonnLeuchtJetztHerfuer	data/chorale-bricks/Vulpius_DieHelleSonnLeuchtJetztHerfuer	1	"[""13"", ""15"", ""23"", ""24"", ""34"", ""46""]"	"[""34"", ""24"", ""13"", ""46"", ""23"", ""15""]"	symbolic	symbolic.abc.txt	data/chorale-bricks/Vulpius_DieHelleSonnLeuchtJetztHerfuer/symbolic.abc.txt	1	"[""1"", ""none of the other options is correct"", ""34"", ""24"", ""13""]"	0.2	0	"[""A"", ""B"", ""C"", ""D"", ""E""]"	"{""A"": ""1"", ""B"": ""24"", ""C"": ""34"", ""D"": ""13"", ""E"": ""none of the other options is correct""}"	"[""(A) 1"", ""(B) 24"", ""(C) 34"", ""(D) 13"", ""(E) none of the other options is correct""]"	(A) 1	A
90430616-0512-59b4-9eee-796850c05b06	4	perception	pitch	relative	pitch-relative	interval-recognition		interval statistics	How many times is the interval {interval} present in the {voice} line?	"[""voice"", ""interval""]"	get_interval_quantity		interval	"{""voice"": ""soprano"", ""interval"": ""Major Third""}"	How many times is the interval Major Third present in the soprano line?	Vulpius_DieHelleSonnLeuchtJetztHerfuer	chorale-bricks	Vulpius_DieHelleSonnLeuchtJetztHerfuer	data/chorale-bricks/Vulpius_DieHelleSonnLeuchtJetztHerfuer	1	"[""13"", ""15"", ""23"", ""24"", ""34"", ""46""]"	"[""34"", ""24"", ""13"", ""46"", ""23"", ""15""]"	visual	visual.short.png	data/chorale-bricks/Vulpius_DieHelleSonnLeuchtJetztHerfuer/visual.short.png	1	"[""1"", ""none of the other options is correct"", ""34"", ""24"", ""13""]"	0.2	0	"[""A"", ""B"", ""C"", ""D"", ""E""]"	"{""A"": ""24"", ""B"": ""1"", ""C"": ""13"", ""D"": ""34"", ""E"": ""none of the other options is correct""}"	"[""(A) 24"", ""(B) 1"", ""(C) 13"", ""(D) 34"", ""(E) none of the other options is correct""]"	(B) 1	B
fe816a1b-8de2-5f57-a1e6-5a13b6171c98	4	perception	pitch	relative	pitch-relative	interval-recognition		interval statistics	How many times is the interval {interval} present in the {voice} line?	"[""voice"", ""interval""]"	get_interval_quantity		interval	"{""voice"": ""soprano"", ""interval"": ""Perfect Fourth""}"	How many times is the interval Perfect Fourth present in the soprano line?	Bach_IchStehAnDeinerKrippe	chorale-bricks	Bach_IchStehAnDeinerKrippe	data/chorale-bricks/Bach_IchStehAnDeinerKrippe	6	"[""1"", ""2"", ""9"", ""10"", ""31"", ""36"", ""41"", ""55"", ""79""]"	"[""41"", ""1"", ""2"", ""79"", ""10"", ""9"", ""31"", ""36"", ""55""]"	audio	audio.mastermix.wav	data/chorale-bricks/Bach_IchStehAnDeinerKrippe/audio.mastermix.wav	6	"[""6"", ""none of the other options is correct"", ""41"", ""1"", ""2""]"	0.2	0	"[""A"", ""B"", ""C"", ""D"", ""E""]"	"{""A"": ""1"", ""B"": ""6"", ""C"": ""none of the other options is correct"", ""D"": ""41"", ""E"": ""2""}"	"[""(A) 1"", ""(B) 6"", ""(C) none of the other options is correct"", ""(D) 41"", ""(E) 2""]"	(B) 6	B
0b07603a-5d18-5737-9ec9-0b868d2a3567	4	perception	pitch	relative	pitch-relative	interval-recognition		interval statistics	How many times is the interval {interval} present in the {voice} line?	"[""voice"", ""interval""]"	get_interval_quantity		interval	"{""voice"": ""soprano"", ""interval"": ""Perfect Fourth""}"	How many times is the interval Perfect Fourth present in the soprano line?	Bach_IchStehAnDeinerKrippe	chorale-bricks	Bach_IchStehAnDeinerKrippe	data/chorale-bricks/Bach_IchStehAnDeinerKrippe	6	"[""1"", ""2"", ""9"", ""10"", ""31"", ""36"", ""41"", ""55"", ""79""]"	"[""41"", ""1"", ""2"", ""79"", ""10"", ""9"", ""31"", ""36"", ""55""]"	symbolic	symbolic.abc.txt	data/chorale-bricks/Bach_IchStehAnDeinerKrippe/symbolic.abc.txt	6	"[""6"", ""none of the other options is correct"", ""41"", ""1"", ""2""]"	0.2	0	"[""A"", ""B"", ""C"", ""D"", ""E""]"	"{""A"": ""2"", ""B"": ""6"", ""C"": ""1"", ""D"": ""none of the other options is correct"", ""E"": ""41""}"	"[""(A) 2"", ""(B) 6"", ""(C) 1"", ""(D) none of the other options is correct"", ""(E) 41""]"	(B) 6	B
729f3ae5-315b-5938-a10f-93048971fd5e	4	perception	pitch	relative	pitch-relative	interval-recognition		interval statistics	How many times is the interval {interval} present in the {voice} line?	"[""voice"", ""interval""]"	get_interval_quantity		interval	"{""voice"": ""soprano"", ""interval"": ""Perfect Fourth""}"	How many times is the interval Perfect Fourth present in the soprano line?	Bach_IchStehAnDeinerKrippe	chorale-bricks	Bach_IchStehAnDeinerKrippe	data/chorale-bricks/Bach_IchStehAnDeinerKrippe	6	"[""1"", ""2"", ""9"", ""10"", ""31"", ""36"", ""41"", ""55"", ""79""]"	"[""41"", ""1"", ""2"", ""79"", ""10"", ""9"", ""31"", ""36"", ""55""]"	visual	visual.short.png	data/chorale-bricks/Bach_IchStehAnDeinerKrippe/visual.short.png	6	"[""6"", ""none of the other options is correct"", ""41"", ""1"", ""2""]"	0.2	0	"[""A"", ""B"", ""C"", ""D"", ""E""]"	"{""A"": ""1"", ""B"": ""2"", ""C"": ""none of the other options is correct"", ""D"": ""41"", ""E"": ""6""}"	"[""(A) 1"", ""(B) 2"", ""(C) none of the other options is correct"", ""(D) 41"", ""(E) 6""]"	(E) 6	E
b26711f7-008a-58eb-b237-0e1461588a42	4	perception	pitch	relative	pitch-relative	interval-recognition		interval statistics	How many times is the interval {interval} present in the {voice} line?	"[""voice"", ""interval""]"	get_interval_quantity		interval	"{""voice"": ""bass"", ""interval"": ""Diminished Unison""}"	How many times is the interval Diminished Unison present in the bass line?	Vulpius_DieHelleSonnLeuchtJetztHerfuer	chorale-bricks	Vulpius_DieHelleSonnLeuchtJetztHerfuer	data/chorale-bricks/Vulpius_DieHelleSonnLeuchtJetztHerfuer	0	"[""1"", ""2"", ""17"", ""21"", ""24"", ""25"", ""47""]"	"[""2"", ""25"", ""1"", ""21"", ""24"", ""17"", ""47""]"	audio	audio.mastermix.wav	data/chorale-bricks/Vulpius_DieHelleSonnLeuchtJetztHerfuer/audio.mastermix.wav	0	"[""0"", ""none of the other options is correct"", ""2"", ""25"", ""1""]"	0.2	0	"[""A"", ""B"", ""C"", ""D"", ""E""]"	"{""A"": ""1"", ""B"": ""25"", ""C"": ""2"", ""D"": ""none of the other options is correct"", ""E"": ""0""}"	"[""(A) 1"", ""(B) 25"", ""(C) 2"", ""(D) none of the other options is correct"", ""(E) 0""]"	(E) 0	E
e6c25789-e608-5480-9014-84e67ab949f4	4	perception	pitch	relative	pitch-relative	interval-recognition		interval statistics	How many times is the interval {interval} present in the {voice} line?	"[""voice"", ""interval""]"	get_interval_quantity		interval	"{""voice"": ""bass"", ""interval"": ""Diminished Unison""}"	How many times is the interval Diminished Unison present in the bass line?	Vulpius_DieHelleSonnLeuchtJetztHerfuer	chorale-bricks	Vulpius_DieHelleSonnLeuchtJetztHerfuer	data/chorale-bricks/Vulpius_DieHelleSonnLeuchtJetztHerfuer	0	"[""1"", ""2"", ""17"", ""21"", ""24"", ""25"", ""47""]"	"[""2"", ""25"", ""1"", ""21"", ""24"", ""17"", ""47""]"	symbolic	symbolic.abc.txt	data/chorale-bricks/Vulpius_DieHelleSonnLeuchtJetztHerfuer/symbolic.abc.txt	0	"[""0"", ""none of the other options is correct"", ""2"", ""25"", ""1""]"	0.2	0	"[""A"", ""B"", ""C"", ""D"", ""E""]"	"{""A"": ""1"", ""B"": ""25"", ""C"": ""0"", ""D"": ""2"", ""E"": ""none of the other options is correct""}"	"[""(A) 1"", ""(B) 25"", ""(C) 0"", ""(D) 2"", ""(E) none of the other options is correct""]"	(C) 0	C
a8238b75-7fcc-555d-97f3-037e681a19c6	4	perception	pitch	relative	pitch-relative	interval-recognition		interval statistics	How many times is the interval {interval} present in the {voice} line?	"[""voice"", ""interval""]"	get_interval_quantity		interval	"{""voice"": ""bass"", ""interval"": ""Diminished Unison""}"	How many times is the interval Diminished Unison present in the bass line?	Vulpius_DieHelleSonnLeuchtJetztHerfuer	chorale-bricks	Vulpius_DieHelleSonnLeuchtJetztHerfuer	data/chorale-bricks/Vulpius_DieHelleSonnLeuchtJetztHerfuer	0	"[""1"", ""2"", ""17"", ""21"", ""24"", ""25"", ""47""]"	"[""2"", ""25"", ""1"", ""21"", ""24"", ""17"", ""47""]"	visual	visual.short.png	data/chorale-bricks/Vulpius_DieHelleSonnLeuchtJetztHerfuer/visual.short.png	0	"[""0"", ""none of the other options is correct"", ""2"", ""25"", ""1""]"	0.2	0	"[""A"", ""B"", ""C"", ""D"", ""E""]"	"{""A"": ""25"", ""B"": ""0"", ""C"": ""1"", ""D"": ""2"", ""E"": ""none of the other options is correct""}"	"[""(A) 25"", ""(B) 0"", ""(C) 1"", ""(D) 2"", ""(E) none of the other options is correct""]"	(B) 0	B
136f35ba-e31a-58ee-aaee-5dbb24281ba2	4	perception	pitch	relative	pitch-relative	interval-recognition		interval statistics	How many times is the interval {interval} present in the {voice} line?	"[""voice"", ""interval""]"	get_interval_quantity		interval	"{""voice"": ""tenor"", ""interval"": ""Major Third""}"	How many times is the interval Major Third present in the tenor line?	Telemann_DerLiebenSonneLichtUndPracht	chorale-bricks	Telemann_DerLiebenSonneLichtUndPracht	data/chorale-bricks/Telemann_DerLiebenSonneLichtUndPracht	2	"[""1"", ""5"", ""8"", ""18"", ""22"", ""44"", ""52"", ""59"", ""88""]"	"[""18"", ""44"", ""1"", ""5"", ""59"", ""52"", ""8"", ""88"", ""22""]"	audio	audio.mastermix.wav	data/chorale-bricks/Telemann_DerLiebenSonneLichtUndPracht/audio.mastermix.wav	2	"[""2"", ""none of the other options is correct"", ""18"", ""44"", ""1""]"	0.2	0	"[""A"", ""B"", ""C"", ""D"", ""E""]"	"{""A"": ""18"", ""B"": ""44"", ""C"": ""2"", ""D"": ""1"", ""E"": ""none of the other options is correct""}"	"[""(A) 18"", ""(B) 44"", ""(C) 2"", ""(D) 1"", ""(E) none of the other options is correct""]"	(C) 2	C
7e7c4478-e63d-5b56-b2e3-1076a38d2f3a	4	perception	pitch	relative	pitch-relative	interval-recognition		interval statistics	How many times is the interval {interval} present in the {voice} line?	"[""voice"", ""interval""]"	get_interval_quantity		interval	"{""voice"": ""tenor"", ""interval"": ""Major Third""}"	How many times is the interval Major Third present in the tenor line?	Telemann_DerLiebenSonneLichtUndPracht	chorale-bricks	Telemann_DerLiebenSonneLichtUndPracht	data/chorale-bricks/Telemann_DerLiebenSonneLichtUndPracht	2	"[""1"", ""5"", ""8"", ""18"", ""22"", ""44"", ""52"", ""59"", ""88""]"	"[""18"", ""44"", ""1"", ""5"", ""59"", ""52"", ""8"", ""88"", ""22""]"	symbolic	symbolic.abc.txt	data/chorale-bricks/Telemann_DerLiebenSonneLichtUndPracht/symbolic.abc.txt	2	"[""2"", ""none of the other options is correct"", ""18"", ""44"", ""1""]"	0.2	0	"[""A"", ""B"", ""C"", ""D"", ""E""]"	"{""A"": ""18"", ""B"": ""none of the other options is correct"", ""C"": ""1"", ""D"": ""44"", ""E"": ""2""}"	"[""(A) 18"", ""(B) none of the other options is correct"", ""(C) 1"", ""(D) 44"", ""(E) 2""]"	(E) 2	E
c05ad6f5-2dd4-57c0-ae54-170818578a4f	4	perception	pitch	relative	pitch-relative	interval-recognition		interval statistics	How many times is the interval {interval} present in the {voice} line?	"[""voice"", ""interval""]"	get_interval_quantity		interval	"{""voice"": ""tenor"", ""interval"": ""Major Third""}"	How many times is the interval Major Third present in the tenor line?	Telemann_DerLiebenSonneLichtUndPracht	chorale-bricks	Telemann_DerLiebenSonneLichtUndPracht	data/chorale-bricks/Telemann_DerLiebenSonneLichtUndPracht	2	"[""1"", ""5"", ""8"", ""18"", ""22"", ""44"", ""52"", ""59"", ""88""]"	"[""18"", ""44"", ""1"", ""5"", ""59"", ""52"", ""8"", ""88"", ""22""]"	visual	visual.short.png	data/chorale-bricks/Telemann_DerLiebenSonneLichtUndPracht/visual.short.png	none of the other options is correct	"[""none of the other options is correct"", ""18"", ""44"", ""1"", ""5""]"	0.2	1	"[""A"", ""B"", ""C"", ""D"", ""E""]"	"{""A"": ""5"", ""B"": ""18"", ""C"": ""44"", ""D"": ""none of the other options is correct"", ""E"": ""1""}"	"[""(A) 5"", ""(B) 18"", ""(C) 44"", ""(D) none of the other options is correct"", ""(E) 1""]"	(D) none of the other options is correct	D
15030384-b9ef-56a8-88df-d784a227338c	4	perception	pitch	relative	pitch-relative	interval-recognition		interval statistics	How many times is the interval {interval} present in the {voice} line?	"[""voice"", ""interval""]"	get_interval_quantity		interval	"{""voice"": ""tenor"", ""interval"": ""Minor Sixth""}"	How many times is the interval Minor Sixth present in the tenor line?	Telemann_DerLiebenSonneLichtUndPracht	chorale-bricks	Telemann_DerLiebenSonneLichtUndPracht	data/chorale-bricks/Telemann_DerLiebenSonneLichtUndPracht	2	"[""1"", ""5"", ""8"", ""18"", ""22"", ""44"", ""52"", ""59"", ""88""]"	"[""18"", ""59"", ""5"", ""52"", ""44"", ""8"", ""88"", ""22"", ""1""]"	audio	audio.mastermix.wav	data/chorale-bricks/Telemann_DerLiebenSonneLichtUndPracht/audio.mastermix.wav	2	"[""2"", ""none of the other options is correct"", ""18"", ""59"", ""5""]"	0.2	0	"[""A"", ""B"", ""C"", ""D"", ""E""]"	"{""A"": ""none of the other options is correct"", ""B"": ""5"", ""C"": ""2"", ""D"": ""18"", ""E"": ""59""}"	"[""(A) none of the other options is correct"", ""(B) 5"", ""(C) 2"", ""(D) 18"", ""(E) 59""]"	(C) 2	C
dcee0b02-4fd6-5735-a49f-074fa3b01fc6	4	perception	pitch	relative	pitch-relative	interval-recognition		interval statistics	How many times is the interval {interval} present in the {voice} line?	"[""voice"", ""interval""]"	get_interval_quantity		interval	"{""voice"": ""tenor"", ""interval"": ""Minor Sixth""}"	How many times is the interval Minor Sixth present in the tenor line?	Telemann_DerLiebenSonneLichtUndPracht	chorale-bricks	Telemann_DerLiebenSonneLichtUndPracht	data/chorale-bricks/Telemann_DerLiebenSonneLichtUndPracht	2	"[""1"", ""5"", ""8"", ""18"", ""22"", ""44"", ""52"", ""59"", ""88""]"	"[""18"", ""59"", ""5"", ""52"", ""44"", ""8"", ""88"", ""22"", ""1""]"	symbolic	symbolic.abc.txt	data/chorale-bricks/Telemann_DerLiebenSonneLichtUndPracht/symbolic.abc.txt	2	"[""2"", ""none of the other options is correct"", ""18"", ""59"", ""5""]"	0.2	0	"[""A"", ""B"", ""C"", ""D"", ""E""]"	"{""A"": ""none of the other options is correct"", ""B"": ""5"", ""C"": ""59"", ""D"": ""18"", ""E"": ""2""}"	"[""(A) none of the other options is correct"", ""(B) 5"", ""(C) 59"", ""(D) 18"", ""(E) 2""]"	(E) 2	E
3ea00b6d-fa52-502e-8538-dc8facd24593	4	perception	pitch	relative	pitch-relative	interval-recognition		interval statistics	How many times is the interval {interval} present in the {voice} line?	"[""voice"", ""interval""]"	get_interval_quantity		interval	"{""voice"": ""tenor"", ""interval"": ""Minor Sixth""}"	How many times is the interval Minor Sixth present in the tenor line?	Telemann_DerLiebenSonneLichtUndPracht	chorale-bricks	Telemann_DerLiebenSonneLichtUndPracht	data/chorale-bricks/Telemann_DerLiebenSonneLichtUndPracht	2	"[""1"", ""5"", ""8"", ""18"", ""22"", ""44"", ""52"", ""59"", ""88""]"	"[""18"", ""59"", ""5"", ""52"", ""44"", ""8"", ""88"", ""22"", ""1""]"	visual	visual.short.png	data/chorale-bricks/Telemann_DerLiebenSonneLichtUndPracht/visual.short.png	none of the other options is correct	"[""none of the other options is correct"", ""18"", ""59"", ""5"", ""52""]"	0.2	1	"[""A"", ""B"", ""C"", ""D"", ""E""]"	"{""A"": ""59"", ""B"": ""5"", ""C"": ""none of the other options is correct"", ""D"": ""52"", ""E"": ""18""}"	"[""(A) 59"", ""(B) 5"", ""(C) none of the other options is correct"", ""(D) 52"", ""(E) 18""]"	(C) none of the other options is correct	C
ec9e5370-8bb2-5cf1-953e-b807ec7a6a4b	5	perception	rhythm	absolute	rhythm-absolute	rhythmic-recognition		note length	What is the rhythmic notation of the {target_index} {voice} note (or rest)?	"[""target_index"", ""voice""]"	get_nth_rhythm		rhythm	"{""target_index"": ""24th"", ""voice"": ""tenor""}"	What is the rhythmic notation of the 24th tenor note (or rest)?	Telemann_DerLiebenSonneLichtUndPracht	chorale-bricks	Telemann_DerLiebenSonneLichtUndPracht	data/chorale-bricks/Telemann_DerLiebenSonneLichtUndPracht	quarter	"[""dotted-16th"", ""dotted-quarter"", ""eighth"", ""half""]"	"[""dotted-quarter"", ""eighth"", ""half"", ""dotted-16th""]"	audio	audio.mastermix.wav	data/chorale-bricks/Telemann_DerLiebenSonneLichtUndPracht/audio.mastermix.wav	quarter	"[""quarter"", ""none of the other options is correct"", ""dotted-quarter"", ""eighth"", ""half""]"	0.2	0	"[""A"", ""B"", ""C"", ""D"", ""E""]"	"{""A"": ""none of the other options is correct"", ""B"": ""eighth"", ""C"": ""half"", ""D"": ""quarter"", ""E"": ""dotted-quarter""}"	"[""(A) none of the other options is correct"", ""(B) eighth"", ""(C) half"", ""(D) quarter"", ""(E) dotted-quarter""]"	(D) quarter	D
9ba1db1c-ee32-593a-8a43-1b427ffe11ea	5	perception	rhythm	absolute	rhythm-absolute	rhythmic-recognition		note length	What is the rhythmic notation of the {target_index} {voice} note (or rest)?	"[""target_index"", ""voice""]"	get_nth_rhythm		rhythm	"{""target_index"": ""24th"", ""voice"": ""tenor""}"	What is the rhythmic notation of the 24th tenor note (or rest)?	Telemann_DerLiebenSonneLichtUndPracht	chorale-bricks	Telemann_DerLiebenSonneLichtUndPracht	data/chorale-bricks/Telemann_DerLiebenSonneLichtUndPracht	quarter	"[""dotted-16th"", ""dotted-quarter"", ""eighth"", ""half""]"	"[""dotted-quarter"", ""eighth"", ""half"", ""dotted-16th""]"	symbolic	symbolic.abc.txt	data/chorale-bricks/Telemann_DerLiebenSonneLichtUndPracht/symbolic.abc.txt	quarter	"[""quarter"", ""none of the other options is correct"", ""dotted-quarter"", ""eighth"", ""half""]"	0.2	0	"[""A"", ""B"", ""C"", ""D"", ""E""]"	"{""A"": ""dotted-quarter"", ""B"": ""half"", ""C"": ""none of the other options is correct"", ""D"": ""quarter"", ""E"": ""eighth""}"	"[""(A) dotted-quarter"", ""(B) half"", ""(C) none of the other options is correct"", ""(D) quarter"", ""(E) eighth""]"	(D) quarter	D
9c3d83bc-4109-5b69-b3c2-c0aee1beba41	5	perception	rhythm	absolute	rhythm-absolute	rhythmic-recognition		note length	What is the rhythmic notation of the {target_index} {voice} note (or rest)?	"[""target_index"", ""voice""]"	get_nth_rhythm		rhythm	"{""target_index"": ""24th"", ""voice"": ""tenor""}"	What is the rhythmic notation of the 24th tenor note (or rest)?	Telemann_DerLiebenSonneLichtUndPracht	chorale-bricks	Telemann_DerLiebenSonneLichtUndPracht	data/chorale-bricks/Telemann_DerLiebenSonneLichtUndPracht	quarter	"[""dotted-16th"", ""dotted-quarter"", ""eighth"", ""half""]"	"[""dotted-quarter"", ""eighth"", ""half"", ""dotted-16th""]"	visual	visual.short.png	data/chorale-bricks/Telemann_DerLiebenSonneLichtUndPracht/visual.short.png	quarter	"[""quarter"", ""none of the other options is correct"", ""dotted-quarter"", ""eighth"", ""half""]"	0.2	0	"[""A"", ""B"", ""C"", ""D"", ""E""]"	"{""A"": ""half"", ""B"": ""none of the other options is correct"", ""C"": ""eighth"", ""D"": ""dotted-quarter"", ""E"": ""quarter""}"	"[""(A) half"", ""(B) none of the other options is correct"", ""(C) eighth"", ""(D) dotted-quarter"", ""(E) quarter""]"	(E) quarter	E
ae2c33fb-103f-5b5b-9216-7879d5e5dd3d	5	perception	rhythm	absolute	rhythm-absolute	rhythmic-recognition		note length	What is the rhythmic notation of the {target_index} {voice} note (or rest)?	"[""target_index"", ""voice""]"	get_nth_rhythm		rhythm	"{""target_index"": ""36th"", ""voice"": ""bass""}"	What is the rhythmic notation of the 36th bass note (or rest)?	Crueger_AufAufMeinHerzMitFreuden	chorale-bricks	Crueger_AufAufMeinHerzMitFreuden	data/chorale-bricks/Crueger_AufAufMeinHerzMitFreuden	quarter	"[""dotted-half"", ""dotted-quarter"", ""eighth"", ""half""]"	"[""eighth"", ""half"", ""dotted-half"", ""dotted-quarter""]"	audio	audio.mastermix.wav	data/chorale-bricks/Crueger_AufAufMeinHerzMitFreuden/audio.mastermix.wav	quarter	"[""quarter"", ""none of the other options is correct"", ""eighth"", ""half"", ""dotted-half""]"	0.2	0	"[""A"", ""B"", ""C"", ""D"", ""E""]"	"{""A"": ""eighth"", ""B"": ""dotted-half"", ""C"": ""half"", ""D"": ""quarter"", ""E"": ""none of the other options is correct""}"	"[""(A) eighth"", ""(B) dotted-half"", ""(C) half"", ""(D) quarter"", ""(E) none of the other options is correct""]"	(D) quarter	D
10d73d55-050a-5f94-a170-2584a0a2baea	5	perception	rhythm	absolute	rhythm-absolute	rhythmic-recognition		note length	What is the rhythmic notation of the {target_index} {voice} note (or rest)?	"[""target_index"", ""voice""]"	get_nth_rhythm		rhythm	"{""target_index"": ""36th"", ""voice"": ""bass""}"	What is the rhythmic notation of the 36th bass note (or rest)?	Crueger_AufAufMeinHerzMitFreuden	chorale-bricks	Crueger_AufAufMeinHerzMitFreuden	data/chorale-bricks/Crueger_AufAufMeinHerzMitFreuden	quarter	"[""dotted-half"", ""dotted-quarter"", ""eighth"", ""half""]"	"[""eighth"", ""half"", ""dotted-half"", ""dotted-quarter""]"	symbolic	symbolic.abc.txt	data/chorale-bricks/Crueger_AufAufMeinHerzMitFreuden/symbolic.abc.txt	quarter	"[""quarter"", ""none of the other options is correct"", ""eighth"", ""half"", ""dotted-half""]"	0.2	0	"[""A"", ""B"", ""C"", ""D"", ""E""]"	"{""A"": ""none of the other options is correct"", ""B"": ""quarter"", ""C"": ""dotted-half"", ""D"": ""eighth"", ""E"": ""half""}"	"[""(A) none of the other options is correct"", ""(B) quarter"", ""(C) dotted-half"", ""(D) eighth"", ""(E) half""]"	(B) quarter	B
bafbfe04-0a4d-5724-a2b1-882a522268dc	5	perception	rhythm	absolute	rhythm-absolute	rhythmic-recognition		note length	What is the rhythmic notation of the {target_index} {voice} note (or rest)?	"[""target_index"", ""voice""]"	get_nth_rhythm		rhythm	"{""target_index"": ""36th"", ""voice"": ""bass""}"	What is the rhythmic notation of the 36th bass note (or rest)?	Crueger_AufAufMeinHerzMitFreuden	chorale-bricks	Crueger_AufAufMeinHerzMitFreuden	data/chorale-bricks/Crueger_AufAufMeinHerzMitFreuden	quarter	"[""dotted-half"", ""dotted-quarter"", ""eighth"", ""half""]"	"[""eighth"", ""half"", ""dotted-half"", ""dotted-quarter""]"	visual	visual.short.png	data/chorale-bricks/Crueger_AufAufMeinHerzMitFreuden/visual.short.png	quarter	"[""quarter"", ""none of the other options is correct"", ""eighth"", ""half"", ""dotted-half""]"	0.2	0	"[""A"", ""B"", ""C"", ""D"", ""E""]"	"{""A"": ""eighth"", ""B"": ""dotted-half"", ""C"": ""none of the other options is correct"", ""D"": ""half"", ""E"": ""quarter""}"	"[""(A) eighth"", ""(B) dotted-half"", ""(C) none of the other options is correct"", ""(D) half"", ""(E) quarter""]"	(E) quarter	E
e7d878b6-c311-504f-832c-b267f340e817	5	perception	rhythm	absolute	rhythm-absolute	rhythmic-recognition		note length	What is the rhythmic notation of the {target_index} {voice} note (or rest)?	"[""target_index"", ""voice""]"	get_nth_rhythm		rhythm	"{""target_index"": ""8th"", ""voice"": ""bass""}"	What is the rhythmic notation of the 8th bass note (or rest)?	Drese_JesuGehVoran	chorale-bricks	Drese_JesuGehVoran	data/chorale-bricks/Drese_JesuGehVoran	dotted-half	"[""2048th"", ""eighth"", ""half"", ""quarter""]"	"[""eighth"", ""half"", ""2048th"", ""quarter""]"	audio	audio.mastermix.wav	data/chorale-bricks/Drese_JesuGehVoran/audio.mastermix.wav	dotted-half	"[""dotted-half"", ""none of the other options is correct"", ""eighth"", ""half"", ""2048th""]"	0.2	0	"[""A"", ""B"", ""C"", ""D"", ""E""]"	"{""A"": ""eighth"", ""B"": ""dotted-half"", ""C"": ""2048th"", ""D"": ""none of the other options is correct"", ""E"": ""half""}"	"[""(A) eighth"", ""(B) dotted-half"", ""(C) 2048th"", ""(D) none of the other options is correct"", ""(E) half""]"	(B) dotted-half	B
63302c74-2937-5e74-bb2b-ec40cbbd82f9	5	perception	rhythm	absolute	rhythm-absolute	rhythmic-recognition		note length	What is the rhythmic notation of the {target_index} {voice} note (or rest)?	"[""target_index"", ""voice""]"	get_nth_rhythm		rhythm	"{""target_index"": ""8th"", ""voice"": ""bass""}"	What is the rhythmic notation of the 8th bass note (or rest)?	Drese_JesuGehVoran	chorale-bricks	Drese_JesuGehVoran	data/chorale-bricks/Drese_JesuGehVoran	dotted-half	"[""2048th"", ""eighth"", ""half"", ""quarter""]"	"[""eighth"", ""half"", ""2048th"", ""quarter""]"	symbolic	symbolic.abc.txt	data/chorale-bricks/Drese_JesuGehVoran/symbolic.abc.txt	dotted-half	"[""dotted-half"", ""none of the other options is correct"", ""eighth"", ""half"", ""2048th""]"	0.2	0	"[""A"", ""B"", ""C"", ""D"", ""E""]"	"{""A"": ""eighth"", ""B"": ""dotted-half"", ""C"": ""none of the other options is correct"", ""D"": ""half"", ""E"": ""2048th""}"	"[""(A) eighth"", ""(B) dotted-half"", ""(C) none of the other options is correct"", ""(D) half"", ""(E) 2048th""]"	(B) dotted-half	B
43523699-28f2-5b27-943f-1d9d6bdf285e	5	perception	rhythm	absolute	rhythm-absolute	rhythmic-recognition		note length	What is the rhythmic notation of the {target_index} {voice} note (or rest)?	"[""target_index"", ""voice""]"	get_nth_rhythm		rhythm	"{""target_index"": ""8th"", ""voice"": ""bass""}"	What is the rhythmic notation of the 8th bass note (or rest)?	Drese_JesuGehVoran	chorale-bricks	Drese_JesuGehVoran	data/chorale-bricks/Drese_JesuGehVoran	dotted-half	"[""2048th"", ""eighth"", ""half"", ""quarter""]"	"[""eighth"", ""half"", ""2048th"", ""quarter""]"	visual	visual.short.png	data/chorale-bricks/Drese_JesuGehVoran/visual.short.png	dotted-half	"[""dotted-half"", ""none of the other options is correct"", ""eighth"", ""half"", ""2048th""]"	0.2	0	"[""A"", ""B"", ""C"", ""D"", ""E""]"	"{""A"": ""dotted-half"", ""B"": ""none of the other options is correct"", ""C"": ""2048th"", ""D"": ""eighth"", ""E"": ""half""}"	"[""(A) dotted-half"", ""(B) none of the other options is correct"", ""(C) 2048th"", ""(D) eighth"", ""(E) half""]"	(A) dotted-half	A
acd58afe-6f52-548c-873d-0c744dd35f70	5	perception	rhythm	absolute	rhythm-absolute	rhythmic-recognition		note length	What is the rhythmic notation of the {target_index} {voice} note (or rest)?	"[""target_index"", ""voice""]"	get_nth_rhythm		rhythm	"{""target_index"": ""25th"", ""voice"": ""soprano""}"	What is the rhythmic notation of the 25th soprano note (or rest)?	Gesius_BefiehlDuDeineWege	chorale-bricks	Gesius_BefiehlDuDeineWege	data/chorale-bricks/Gesius_BefiehlDuDeineWege	quarter	"[""32nd"", ""dotted-breve"", ""dotted-half"", ""half""]"	"[""32nd"", ""dotted-half"", ""dotted-breve"", ""half""]"	audio	audio.mastermix.wav	data/chorale-bricks/Gesius_BefiehlDuDeineWege/audio.mastermix.wav	quarter	"[""quarter"", ""none of the other options is correct"", ""32nd"", ""dotted-half"", ""dotted-breve""]"	0.2	0	"[""A"", ""B"", ""C"", ""D"", ""E""]"	"{""A"": ""dotted-half"", ""B"": ""32nd"", ""C"": ""quarter"", ""D"": ""dotted-breve"", ""E"": ""none of the other options is correct""}"	"[""(A) dotted-half"", ""(B) 32nd"", ""(C) quarter"", ""(D) dotted-breve"", ""(E) none of the other options is correct""]"	(C) quarter	C
fbdc7e72-bd05-52bd-a56f-caefcea9468d	5	perception	rhythm	absolute	rhythm-absolute	rhythmic-recognition		note length	What is the rhythmic notation of the {target_index} {voice} note (or rest)?	"[""target_index"", ""voice""]"	get_nth_rhythm		rhythm	"{""target_index"": ""25th"", ""voice"": ""soprano""}"	What is the rhythmic notation of the 25th soprano note (or rest)?	Gesius_BefiehlDuDeineWege	chorale-bricks	Gesius_BefiehlDuDeineWege	data/chorale-bricks/Gesius_BefiehlDuDeineWege	quarter	"[""32nd"", ""dotted-breve"", ""dotted-half"", ""half""]"	"[""32nd"", ""dotted-half"", ""dotted-breve"", ""half""]"	symbolic	symbolic.abc.txt	data/chorale-bricks/Gesius_BefiehlDuDeineWege/symbolic.abc.txt	none of the other options is correct	"[""none of the other options is correct"", ""32nd"", ""dotted-half"", ""dotted-breve"", ""half""]"	0.2	1	"[""A"", ""B"", ""C"", ""D"", ""E""]"	"{""A"": ""none of the other options is correct"", ""B"": ""dotted-breve"", ""C"": ""half"", ""D"": ""dotted-half"", ""E"": ""32nd""}"	"[""(A) none of the other options is correct"", ""(B) dotted-breve"", ""(C) half"", ""(D) dotted-half"", ""(E) 32nd""]"	(A) none of the other options is correct	A
51597292-c79c-5620-9be9-60593248c8db	5	perception	rhythm	absolute	rhythm-absolute	rhythmic-recognition		note length	What is the rhythmic notation of the {target_index} {voice} note (or rest)?	"[""target_index"", ""voice""]"	get_nth_rhythm		rhythm	"{""target_index"": ""25th"", ""voice"": ""soprano""}"	What is the rhythmic notation of the 25th soprano note (or rest)?	Gesius_BefiehlDuDeineWege	chorale-bricks	Gesius_BefiehlDuDeineWege	data/chorale-bricks/Gesius_BefiehlDuDeineWege	quarter	"[""32nd"", ""dotted-breve"", ""dotted-half"", ""half""]"	"[""32nd"", ""dotted-half"", ""dotted-breve"", ""half""]"	visual	visual.short.png	data/chorale-bricks/Gesius_BefiehlDuDeineWege/visual.short.png	quarter	"[""quarter"", ""none of the other options is correct"", ""32nd"", ""dotted-half"", ""dotted-breve""]"	0.2	0	"[""A"", ""B"", ""C"", ""D"", ""E""]"	"{""A"": ""dotted-breve"", ""B"": ""quarter"", ""C"": ""32nd"", ""D"": ""none of the other options is correct"", ""E"": ""dotted-half""}"	"[""(A) dotted-breve"", ""(B) quarter"", ""(C) 32nd"", ""(D) none of the other options is correct"", ""(E) dotted-half""]"	(B) quarter	B
a3dee05e-e004-5daf-bd8c-1456de9a9f76	5	perception	rhythm	absolute	rhythm-absolute	rhythmic-recognition		note length	What is the rhythmic notation of the {target_index} {voice} note (or rest)?	"[""target_index"", ""voice""]"	get_nth_rhythm		rhythm	"{""target_index"": ""22nd"", ""voice"": ""soprano""}"	What is the rhythmic notation of the 22nd soprano note (or rest)?	Crueger_AufAufMeinHerzMitFreuden	chorale-bricks	Crueger_AufAufMeinHerzMitFreuden	data/chorale-bricks/Crueger_AufAufMeinHerzMitFreuden	dotted-half	"[""dotted-quarter"", ""eighth"", ""half"", ""quarter""]"	"[""eighth"", ""quarter"", ""dotted-quarter"", ""half""]"	audio	audio.mastermix.wav	data/chorale-bricks/Crueger_AufAufMeinHerzMitFreuden/audio.mastermix.wav	dotted-half	"[""dotted-half"", ""none of the other options is correct"", ""eighth"", ""quarter"", ""dotted-quarter""]"	0.2	0	"[""A"", ""B"", ""C"", ""D"", ""E""]"	"{""A"": ""quarter"", ""B"": ""none of the other options is correct"", ""C"": ""dotted-half"", ""D"": ""dotted-quarter"", ""E"": ""eighth""}"	"[""(A) quarter"", ""(B) none of the other options is correct"", ""(C) dotted-half"", ""(D) dotted-quarter"", ""(E) eighth""]"	(C) dotted-half	C
d70493b4-afe8-5eb6-814b-032ef80bd4d6	5	perception	rhythm	absolute	rhythm-absolute	rhythmic-recognition		note length	What is the rhythmic notation of the {target_index} {voice} note (or rest)?	"[""target_index"", ""voice""]"	get_nth_rhythm		rhythm	"{""target_index"": ""22nd"", ""voice"": ""soprano""}"	What is the rhythmic notation of the 22nd soprano note (or rest)?	Crueger_AufAufMeinHerzMitFreuden	chorale-bricks	Crueger_AufAufMeinHerzMitFreuden	data/chorale-bricks/Crueger_AufAufMeinHerzMitFreuden	dotted-half	"[""dotted-quarter"", ""eighth"", ""half"", ""quarter""]"	"[""eighth"", ""quarter"", ""dotted-quarter"", ""half""]"	symbolic	symbolic.abc.txt	data/chorale-bricks/Crueger_AufAufMeinHerzMitFreuden/symbolic.abc.txt	dotted-half	"[""dotted-half"", ""none of the other options is correct"", ""eighth"", ""quarter"", ""dotted-quarter""]"	0.2	0	"[""A"", ""B"", ""C"", ""D"", ""E""]"	"{""A"": ""eighth"", ""B"": ""dotted-quarter"", ""C"": ""none of the other options is correct"", ""D"": ""dotted-half"", ""E"": ""quarter""}"	"[""(A) eighth"", ""(B) dotted-quarter"", ""(C) none of the other options is correct"", ""(D) dotted-half"", ""(E) quarter""]"	(D) dotted-half	D
df8c5af1-2272-54cc-8109-ec60f65a8178	5	perception	rhythm	absolute	rhythm-absolute	rhythmic-recognition		note length	What is the rhythmic notation of the {target_index} {voice} note (or rest)?	"[""target_index"", ""voice""]"	get_nth_rhythm		rhythm	"{""target_index"": ""22nd"", ""voice"": ""soprano""}"	What is the rhythmic notation of the 22nd soprano note (or rest)?	Crueger_AufAufMeinHerzMitFreuden	chorale-bricks	Crueger_AufAufMeinHerzMitFreuden	data/chorale-bricks/Crueger_AufAufMeinHerzMitFreuden	dotted-half	"[""dotted-quarter"", ""eighth"", ""half"", ""quarter""]"	"[""eighth"", ""quarter"", ""dotted-quarter"", ""half""]"	visual	visual.short.png	data/chorale-bricks/Crueger_AufAufMeinHerzMitFreuden/visual.short.png	dotted-half	"[""dotted-half"", ""none of the other options is correct"", ""eighth"", ""quarter"", ""dotted-quarter""]"	0.2	0	"[""A"", ""B"", ""C"", ""D"", ""E""]"	"{""A"": ""eighth"", ""B"": ""dotted-quarter"", ""C"": ""quarter"", ""D"": ""none of the other options is correct"", ""E"": ""dotted-half""}"	"[""(A) eighth"", ""(B) dotted-quarter"", ""(C) quarter"", ""(D) none of the other options is correct"", ""(E) dotted-half""]"	(E) dotted-half	E
6a3f396f-dfe1-5aef-b62a-f954fd78d4a7	5	perception	rhythm	absolute	rhythm-absolute	rhythmic-recognition		note length	What is the rhythmic notation of the {target_index} {voice} note (or rest)?	"[""target_index"", ""voice""]"	get_nth_rhythm		rhythm	"{""target_index"": ""38th"", ""voice"": ""alto""}"	What is the rhythmic notation of the 38th alto note (or rest)?	Anonymous_AusMeinesHerzensGrunde	chorale-bricks	Anonymous_AusMeinesHerzensGrunde	data/chorale-bricks/Anonymous_AusMeinesHerzensGrunde	dotted-half	"[""dotted-quarter"", ""eighth"", ""half"", ""quarter""]"	"[""quarter"", ""eighth"", ""half"", ""dotted-quarter""]"	audio	audio.mastermix.wav	data/chorale-bricks/Anonymous_AusMeinesHerzensGrunde/audio.mastermix.wav	dotted-half	"[""dotted-half"", ""none of the other options is correct"", ""quarter"", ""eighth"", ""half""]"	0.2	0	"[""A"", ""B"", ""C"", ""D"", ""E""]"	"{""A"": ""eighth"", ""B"": ""none of the other options is correct"", ""C"": ""half"", ""D"": ""dotted-half"", ""E"": ""quarter""}"	"[""(A) eighth"", ""(B) none of the other options is correct"", ""(C) half"", ""(D) dotted-half"", ""(E) quarter""]"	(D) dotted-half	D
d88292d4-b3fa-54aa-bc75-9db3fd720b4b	5	perception	rhythm	absolute	rhythm-absolute	rhythmic-recognition		note length	What is the rhythmic notation of the {target_index} {voice} note (or rest)?	"[""target_index"", ""voice""]"	get_nth_rhythm		rhythm	"{""target_index"": ""38th"", ""voice"": ""alto""}"	What is the rhythmic notation of the 38th alto note (or rest)?	Anonymous_AusMeinesHerzensGrunde	chorale-bricks	Anonymous_AusMeinesHerzensGrunde	data/chorale-bricks/Anonymous_AusMeinesHerzensGrunde	dotted-half	"[""dotted-quarter"", ""eighth"", ""half"", ""quarter""]"	"[""quarter"", ""eighth"", ""half"", ""dotted-quarter""]"	symbolic	symbolic.abc.txt	data/chorale-bricks/Anonymous_AusMeinesHerzensGrunde/symbolic.abc.txt	dotted-half	"[""dotted-half"", ""none of the other options is correct"", ""quarter"", ""eighth"", ""half""]"	0.2	0	"[""A"", ""B"", ""C"", ""D"", ""E""]"	"{""A"": ""eighth"", ""B"": ""half"", ""C"": ""quarter"", ""D"": ""dotted-half"", ""E"": ""none of the other options is correct""}"	"[""(A) eighth"", ""(B) half"", ""(C) quarter"", ""(D) dotted-half"", ""(E) none of the other options is correct""]"	(D) dotted-half	D
0519bc29-3870-567f-b450-b899c35631a3	5	perception	rhythm	absolute	rhythm-absolute	rhythmic-recognition		note length	What is the rhythmic notation of the {target_index} {voice} note (or rest)?	"[""target_index"", ""voice""]"	get_nth_rhythm		rhythm	"{""target_index"": ""38th"", ""voice"": ""alto""}"	What is the rhythmic notation of the 38th alto note (or rest)?	Anonymous_AusMeinesHerzensGrunde	chorale-bricks	Anonymous_AusMeinesHerzensGrunde	data/chorale-bricks/Anonymous_AusMeinesHerzensGrunde	dotted-half	"[""dotted-quarter"", ""eighth"", ""half"", ""quarter""]"	"[""quarter"", ""eighth"", ""half"", ""dotted-quarter""]"	visual	visual.short.png	data/chorale-bricks/Anonymous_AusMeinesHerzensGrunde/visual.short.png	dotted-half	"[""dotted-half"", ""none of the other options is correct"", ""quarter"", ""eighth"", ""half""]"	0.2	0	"[""A"", ""B"", ""C"", ""D"", ""E""]"	"{""A"": ""eighth"", ""B"": ""quarter"", ""C"": ""none of the other options is correct"", ""D"": ""dotted-half"", ""E"": ""half""}"	"[""(A) eighth"", ""(B) quarter"", ""(C) none of the other options is correct"", ""(D) dotted-half"", ""(E) half""]"	(D) dotted-half	D
01e0ed82-bc95-5d4d-9136-3d4fe8b41f45	5	perception	rhythm	absolute	rhythm-absolute	rhythmic-recognition		note length	What is the rhythmic notation of the {target_index} {voice} note (or rest)?	"[""target_index"", ""voice""]"	get_nth_rhythm		rhythm	"{""target_index"": ""28th"", ""voice"": ""bass""}"	What is the rhythmic notation of the 28th bass note (or rest)?	Drese_JesuGehVoran	chorale-bricks	Drese_JesuGehVoran	data/chorale-bricks/Drese_JesuGehVoran	eighth	"[""breve"", ""dotted-half"", ""half"", ""quarter""]"	"[""quarter"", ""dotted-half"", ""half"", ""breve""]"	audio	audio.mastermix.wav	data/chorale-bricks/Drese_JesuGehVoran/audio.mastermix.wav	none of the other options is correct	"[""none of the other options is correct"", ""quarter"", ""dotted-half"", ""half"", ""breve""]"	0.2	1	"[""A"", ""B"", ""C"", ""D"", ""E""]"	"{""A"": ""quarter"", ""B"": ""dotted-half"", ""C"": ""breve"", ""D"": ""half"", ""E"": ""none of the other options is correct""}"	"[""(A) quarter"", ""(B) dotted-half"", ""(C) breve"", ""(D) half"", ""(E) none of the other options is correct""]"	(E) none of the other options is correct	E
632a5b3b-c458-5ea8-87f2-ceac273d507f	5	perception	rhythm	absolute	rhythm-absolute	rhythmic-recognition		note length	What is the rhythmic notation of the {target_index} {voice} note (or rest)?	"[""target_index"", ""voice""]"	get_nth_rhythm		rhythm	"{""target_index"": ""28th"", ""voice"": ""bass""}"	What is the rhythmic notation of the 28th bass note (or rest)?	Drese_JesuGehVoran	chorale-bricks	Drese_JesuGehVoran	data/chorale-bricks/Drese_JesuGehVoran	eighth	"[""breve"", ""dotted-half"", ""half"", ""quarter""]"	"[""quarter"", ""dotted-half"", ""half"", ""breve""]"	symbolic	symbolic.abc.txt	data/chorale-bricks/Drese_JesuGehVoran/symbolic.abc.txt	none of the other options is correct	"[""none of the other options is correct"", ""quarter"", ""dotted-half"", ""half"", ""breve""]"	0.2	1	"[""A"", ""B"", ""C"", ""D"", ""E""]"	"{""A"": ""breve"", ""B"": ""none of the other options is correct"", ""C"": ""quarter"", ""D"": ""dotted-half"", ""E"": ""half""}"	"[""(A) breve"", ""(B) none of the other options is correct"", ""(C) quarter"", ""(D) dotted-half"", ""(E) half""]"	(B) none of the other options is correct	B
7eb25b25-5d55-577d-976a-09896e2994bc	5	perception	rhythm	absolute	rhythm-absolute	rhythmic-recognition		note length	What is the rhythmic notation of the {target_index} {voice} note (or rest)?	"[""target_index"", ""voice""]"	get_nth_rhythm		rhythm	"{""target_index"": ""28th"", ""voice"": ""bass""}"	What is the rhythmic notation of the 28th bass note (or rest)?	Drese_JesuGehVoran	chorale-bricks	Drese_JesuGehVoran	data/chorale-bricks/Drese_JesuGehVoran	eighth	"[""breve"", ""dotted-half"", ""half"", ""quarter""]"	"[""quarter"", ""dotted-half"", ""half"", ""breve""]"	visual	visual.short.png	data/chorale-bricks/Drese_JesuGehVoran/visual.short.png	none of the other options is correct	"[""none of the other options is correct"", ""quarter"", ""dotted-half"", ""half"", ""breve""]"	0.2	1	"[""A"", ""B"", ""C"", ""D"", ""E""]"	"{""A"": ""dotted-half"", ""B"": ""quarter"", ""C"": ""breve"", ""D"": ""half"", ""E"": ""none of the other options is correct""}"	"[""(A) dotted-half"", ""(B) quarter"", ""(C) breve"", ""(D) half"", ""(E) none of the other options is correct""]"	(E) none of the other options is correct	E
62c15800-a8be-5229-a2eb-2df83cf69a5d	5	perception	rhythm	absolute	rhythm-absolute	rhythmic-recognition		note length	What is the rhythmic notation of the {target_index} {voice} note (or rest)?	"[""target_index"", ""voice""]"	get_nth_rhythm		rhythm	"{""target_index"": ""16th"", ""voice"": ""soprano""}"	What is the rhythmic notation of the 16th soprano note (or rest)?	Anonymous_AusMeinesHerzensGrunde	chorale-bricks	Anonymous_AusMeinesHerzensGrunde	data/chorale-bricks/Anonymous_AusMeinesHerzensGrunde	quarter	"[""dotted-half"", ""dotted-quarter"", ""eighth"", ""half""]"	"[""eighth"", ""dotted-half"", ""half"", ""dotted-quarter""]"	audio	audio.mastermix.wav	data/chorale-bricks/Anonymous_AusMeinesHerzensGrunde/audio.mastermix.wav	quarter	"[""quarter"", ""none of the other options is correct"", ""eighth"", ""dotted-half"", ""half""]"	0.2	0	"[""A"", ""B"", ""C"", ""D"", ""E""]"	"{""A"": ""none of the other options is correct"", ""B"": ""half"", ""C"": ""eighth"", ""D"": ""quarter"", ""E"": ""dotted-half""}"	"[""(A) none of the other options is correct"", ""(B) half"", ""(C) eighth"", ""(D) quarter"", ""(E) dotted-half""]"	(D) quarter	D
b0d9a9ff-cddd-530d-98bf-b39b981ddea7	5	perception	rhythm	absolute	rhythm-absolute	rhythmic-recognition		note length	What is the rhythmic notation of the {target_index} {voice} note (or rest)?	"[""target_index"", ""voice""]"	get_nth_rhythm		rhythm	"{""target_index"": ""16th"", ""voice"": ""soprano""}"	What is the rhythmic notation of the 16th soprano note (or rest)?	Anonymous_AusMeinesHerzensGrunde	chorale-bricks	Anonymous_AusMeinesHerzensGrunde	data/chorale-bricks/Anonymous_AusMeinesHerzensGrunde	quarter	"[""dotted-half"", ""dotted-quarter"", ""eighth"", ""half""]"	"[""eighth"", ""dotted-half"", ""half"", ""dotted-quarter""]"	symbolic	symbolic.abc.txt	data/chorale-bricks/Anonymous_AusMeinesHerzensGrunde/symbolic.abc.txt	quarter	"[""quarter"", ""none of the other options is correct"", ""eighth"", ""dotted-half"", ""half""]"	0.2	0	"[""A"", ""B"", ""C"", ""D"", ""E""]"	"{""A"": ""eighth"", ""B"": ""quarter"", ""C"": ""none of the other options is correct"", ""D"": ""half"", ""E"": ""dotted-half""}"	"[""(A) eighth"", ""(B) quarter"", ""(C) none of the other options is correct"", ""(D) half"", ""(E) dotted-half""]"	(B) quarter	B
30fd671e-e414-5c21-989f-38e3efd61b62	5	perception	rhythm	absolute	rhythm-absolute	rhythmic-recognition		note length	What is the rhythmic notation of the {target_index} {voice} note (or rest)?	"[""target_index"", ""voice""]"	get_nth_rhythm		rhythm	"{""target_index"": ""16th"", ""voice"": ""soprano""}"	What is the rhythmic notation of the 16th soprano note (or rest)?	Anonymous_AusMeinesHerzensGrunde	chorale-bricks	Anonymous_AusMeinesHerzensGrunde	data/chorale-bricks/Anonymous_AusMeinesHerzensGrunde	quarter	"[""dotted-half"", ""dotted-quarter"", ""eighth"", ""half""]"	"[""eighth"", ""dotted-half"", ""half"", ""dotted-quarter""]"	visual	visual.short.png	data/chorale-bricks/Anonymous_AusMeinesHerzensGrunde/visual.short.png	quarter	"[""quarter"", ""none of the other options is correct"", ""eighth"", ""dotted-half"", ""half""]"	0.2	0	"[""A"", ""B"", ""C"", ""D"", ""E""]"	"{""A"": ""half"", ""B"": ""none of the other options is correct"", ""C"": ""quarter"", ""D"": ""eighth"", ""E"": ""dotted-half""}"	"[""(A) half"", ""(B) none of the other options is correct"", ""(C) quarter"", ""(D) eighth"", ""(E) dotted-half""]"	(C) quarter	C
c265e749-b3c4-5286-a62f-c9459aefca97	5	perception	rhythm	absolute	rhythm-absolute	rhythmic-recognition		note length	What is the rhythmic notation of the {target_index} {voice} note (or rest)?	"[""target_index"", ""voice""]"	get_nth_rhythm		rhythm	"{""target_index"": ""11th"", ""voice"": ""soprano""}"	What is the rhythmic notation of the 11th soprano note (or rest)?	Gesius_BefiehlDuDeineWege	chorale-bricks	Gesius_BefiehlDuDeineWege	data/chorale-bricks/Gesius_BefiehlDuDeineWege	quarter	"[""dotted-32nd"", ""dotted-half"", ""half"", ""whole""]"	"[""whole"", ""half"", ""dotted-half"", ""dotted-32nd""]"	audio	audio.mastermix.wav	data/chorale-bricks/Gesius_BefiehlDuDeineWege/audio.mastermix.wav	quarter	"[""quarter"", ""none of the other options is correct"", ""whole"", ""half"", ""dotted-half""]"	0.2	0	"[""A"", ""B"", ""C"", ""D"", ""E""]"	"{""A"": ""half"", ""B"": ""dotted-half"", ""C"": ""none of the other options is correct"", ""D"": ""whole"", ""E"": ""quarter""}"	"[""(A) half"", ""(B) dotted-half"", ""(C) none of the other options is correct"", ""(D) whole"", ""(E) quarter""]"	(E) quarter	E
dc7bf169-5a91-5291-bbf0-a10fb2d85113	5	perception	rhythm	absolute	rhythm-absolute	rhythmic-recognition		note length	What is the rhythmic notation of the {target_index} {voice} note (or rest)?	"[""target_index"", ""voice""]"	get_nth_rhythm		rhythm	"{""target_index"": ""11th"", ""voice"": ""soprano""}"	What is the rhythmic notation of the 11th soprano note (or rest)?	Gesius_BefiehlDuDeineWege	chorale-bricks	Gesius_BefiehlDuDeineWege	data/chorale-bricks/Gesius_BefiehlDuDeineWege	quarter	"[""dotted-32nd"", ""dotted-half"", ""half"", ""whole""]"	"[""whole"", ""half"", ""dotted-half"", ""dotted-32nd""]"	symbolic	symbolic.abc.txt	data/chorale-bricks/Gesius_BefiehlDuDeineWege/symbolic.abc.txt	none of the other options is correct	"[""none of the other options is correct"", ""whole"", ""half"", ""dotted-half"", ""dotted-32nd""]"	0.2	1	"[""A"", ""B"", ""C"", ""D"", ""E""]"	"{""A"": ""dotted-half"", ""B"": ""half"", ""C"": ""whole"", ""D"": ""dotted-32nd"", ""E"": ""none of the other options is correct""}"	"[""(A) dotted-half"", ""(B) half"", ""(C) whole"", ""(D) dotted-32nd"", ""(E) none of the other options is correct""]"	(E) none of the other options is correct	E
9d8d8f68-3fb2-5d66-b2b3-a7733f5a8416	5	perception	rhythm	absolute	rhythm-absolute	rhythmic-recognition		note length	What is the rhythmic notation of the {target_index} {voice} note (or rest)?	"[""target_index"", ""voice""]"	get_nth_rhythm		rhythm	"{""target_index"": ""11th"", ""voice"": ""soprano""}"	What is the rhythmic notation of the 11th soprano note (or rest)?	Gesius_BefiehlDuDeineWege	chorale-bricks	Gesius_BefiehlDuDeineWege	data/chorale-bricks/Gesius_BefiehlDuDeineWege	quarter	"[""dotted-32nd"", ""dotted-half"", ""half"", ""whole""]"	"[""whole"", ""half"", ""dotted-half"", ""dotted-32nd""]"	visual	visual.short.png	data/chorale-bricks/Gesius_BefiehlDuDeineWege/visual.short.png	none of the other options is correct	"[""none of the other options is correct"", ""whole"", ""half"", ""dotted-half"", ""dotted-32nd""]"	0.2	1	"[""A"", ""B"", ""C"", ""D"", ""E""]"	"{""A"": ""none of the other options is correct"", ""B"": ""dotted-half"", ""C"": ""dotted-32nd"", ""D"": ""half"", ""E"": ""whole""}"	"[""(A) none of the other options is correct"", ""(B) dotted-half"", ""(C) dotted-32nd"", ""(D) half"", ""(E) whole""]"	(A) none of the other options is correct	A
72526d50-da11-5500-9155-2b2169a2b976	5	perception	rhythm	absolute	rhythm-absolute	rhythmic-recognition		note length	What is the rhythmic notation of the {target_index} {voice} note (or rest)?	"[""target_index"", ""voice""]"	get_nth_rhythm		rhythm	"{""target_index"": ""11th"", ""voice"": ""soprano""}"	What is the rhythmic notation of the 11th soprano note (or rest)?	Bach_IchStehAnDeinerKrippe	chorale-bricks	Bach_IchStehAnDeinerKrippe	data/chorale-bricks/Bach_IchStehAnDeinerKrippe	eighth	"[""dotted-1024th"", ""dotted-quarter"", ""half"", ""quarter""]"	"[""dotted-1024th"", ""dotted-quarter"", ""half"", ""quarter""]"	audio	audio.mastermix.wav	data/chorale-bricks/Bach_IchStehAnDeinerKrippe/audio.mastermix.wav	eighth	"[""eighth"", ""none of the other options is correct"", ""dotted-1024th"", ""dotted-quarter"", ""half""]"	0.2	0	"[""A"", ""B"", ""C"", ""D"", ""E""]"	"{""A"": ""eighth"", ""B"": ""half"", ""C"": ""none of the other options is correct"", ""D"": ""dotted-1024th"", ""E"": ""dotted-quarter""}"	"[""(A) eighth"", ""(B) half"", ""(C) none of the other options is correct"", ""(D) dotted-1024th"", ""(E) dotted-quarter""]"	(A) eighth	A
5bdf9fa9-cfc0-50a6-a550-8f41290f720e	5	perception	rhythm	absolute	rhythm-absolute	rhythmic-recognition		note length	What is the rhythmic notation of the {target_index} {voice} note (or rest)?	"[""target_index"", ""voice""]"	get_nth_rhythm		rhythm	"{""target_index"": ""11th"", ""voice"": ""soprano""}"	What is the rhythmic notation of the 11th soprano note (or rest)?	Bach_IchStehAnDeinerKrippe	chorale-bricks	Bach_IchStehAnDeinerKrippe	data/chorale-bricks/Bach_IchStehAnDeinerKrippe	eighth	"[""dotted-1024th"", ""dotted-quarter"", ""half"", ""quarter""]"	"[""dotted-1024th"", ""dotted-quarter"", ""half"", ""quarter""]"	symbolic	symbolic.abc.txt	data/chorale-bricks/Bach_IchStehAnDeinerKrippe/symbolic.abc.txt	eighth	"[""eighth"", ""none of the other options is correct"", ""dotted-1024th"", ""dotted-quarter"", ""half""]"	0.2	0	"[""A"", ""B"", ""C"", ""D"", ""E""]"	"{""A"": ""dotted-quarter"", ""B"": ""half"", ""C"": ""dotted-1024th"", ""D"": ""none of the other options is correct"", ""E"": ""eighth""}"	"[""(A) dotted-quarter"", ""(B) half"", ""(C) dotted-1024th"", ""(D) none of the other options is correct"", ""(E) eighth""]"	(E) eighth	E
fd8942e1-20d7-5dc0-81c5-13ba28bb1fcd	5	perception	rhythm	absolute	rhythm-absolute	rhythmic-recognition		note length	What is the rhythmic notation of the {target_index} {voice} note (or rest)?	"[""target_index"", ""voice""]"	get_nth_rhythm		rhythm	"{""target_index"": ""11th"", ""voice"": ""soprano""}"	What is the rhythmic notation of the 11th soprano note (or rest)?	Bach_IchStehAnDeinerKrippe	chorale-bricks	Bach_IchStehAnDeinerKrippe	data/chorale-bricks/Bach_IchStehAnDeinerKrippe	eighth	"[""dotted-1024th"", ""dotted-quarter"", ""half"", ""quarter""]"	"[""dotted-1024th"", ""dotted-quarter"", ""half"", ""quarter""]"	visual	visual.short.png	data/chorale-bricks/Bach_IchStehAnDeinerKrippe/visual.short.png	eighth	"[""eighth"", ""none of the other options is correct"", ""dotted-1024th"", ""dotted-quarter"", ""half""]"	0.2	0	"[""A"", ""B"", ""C"", ""D"", ""E""]"	"{""A"": ""half"", ""B"": ""dotted-1024th"", ""C"": ""none of the other options is correct"", ""D"": ""dotted-quarter"", ""E"": ""eighth""}"	"[""(A) half"", ""(B) dotted-1024th"", ""(C) none of the other options is correct"", ""(D) dotted-quarter"", ""(E) eighth""]"	(E) eighth	E
4c67b31d-9fd7-553a-b238-5c34569f1579	6	perception	rhythm	absolute	rhythm-absolute	rhythmic-recognition		note length statistics	What is the total count of {rhythm}-note units in the {voice} line?	"[""rhythm"", ""voice""]"	get_rhythm_count		rhythm	"{""rhythm"": ""dotted-breve"", ""voice"": ""alto""}"	What is the total count of dotted-breve-note units in the alto line?	Jan_DuGrosserSchmerzensmann	chorale-bricks	Jan_DuGrosserSchmerzensmann	data/chorale-bricks/Jan_DuGrosserSchmerzensmann	0	"[""1"", ""2"", ""14"", ""15"", ""40"", ""42"", ""44""]"	"[""2"", ""44"", ""1"", ""15"", ""14"", ""40"", ""42""]"	audio	audio.mastermix.wav	data/chorale-bricks/Jan_DuGrosserSchmerzensmann/audio.mastermix.wav	0	"[""0"", ""none of the other options is correct"", ""2"", ""44"", ""1""]"	0.2	0	"[""A"", ""B"", ""C"", ""D"", ""E""]"	"{""A"": ""2"", ""B"": ""0"", ""C"": ""44"", ""D"": ""1"", ""E"": ""none of the other options is correct""}"	"[""(A) 2"", ""(B) 0"", ""(C) 44"", ""(D) 1"", ""(E) none of the other options is correct""]"	(B) 0	B
fbf719d1-a50a-54e1-a237-0af56daa1fc3	6	perception	rhythm	absolute	rhythm-absolute	rhythmic-recognition		note length statistics	What is the total count of {rhythm}-note units in the {voice} line?	"[""rhythm"", ""voice""]"	get_rhythm_count		rhythm	"{""rhythm"": ""dotted-breve"", ""voice"": ""alto""}"	What is the total count of dotted-breve-note units in the alto line?	Jan_DuGrosserSchmerzensmann	chorale-bricks	Jan_DuGrosserSchmerzensmann	data/chorale-bricks/Jan_DuGrosserSchmerzensmann	0	"[""1"", ""2"", ""14"", ""15"", ""40"", ""42"", ""44""]"	"[""2"", ""44"", ""1"", ""15"", ""14"", ""40"", ""42""]"	symbolic	symbolic.abc.txt	data/chorale-bricks/Jan_DuGrosserSchmerzensmann/symbolic.abc.txt	0	"[""0"", ""none of the other options is correct"", ""2"", ""44"", ""1""]"	0.2	0	"[""A"", ""B"", ""C"", ""D"", ""E""]"	"{""A"": ""1"", ""B"": ""44"", ""C"": ""2"", ""D"": ""none of the other options is correct"", ""E"": ""0""}"	"[""(A) 1"", ""(B) 44"", ""(C) 2"", ""(D) none of the other options is correct"", ""(E) 0""]"	(E) 0	E
c1e9cc5e-7ca0-5c95-af8d-d93503fc677a	6	perception	rhythm	absolute	rhythm-absolute	rhythmic-recognition		note length statistics	What is the total count of {rhythm}-note units in the {voice} line?	"[""rhythm"", ""voice""]"	get_rhythm_count		rhythm	"{""rhythm"": ""dotted-breve"", ""voice"": ""alto""}"	What is the total count of dotted-breve-note units in the alto line?	Jan_DuGrosserSchmerzensmann	chorale-bricks	Jan_DuGrosserSchmerzensmann	data/chorale-bricks/Jan_DuGrosserSchmerzensmann	0	"[""1"", ""2"", ""14"", ""15"", ""40"", ""42"", ""44""]"	"[""2"", ""44"", ""1"", ""15"", ""14"", ""40"", ""42""]"	visual	visual.short.png	data/chorale-bricks/Jan_DuGrosserSchmerzensmann/visual.short.png	none of the other options is correct	"[""none of the other options is correct"", ""2"", ""44"", ""1"", ""15""]"	0.2	1	"[""A"", ""B"", ""C"", ""D"", ""E""]"	"{""A"": ""2"", ""B"": ""1"", ""C"": ""none of the other options is correct"", ""D"": ""15"", ""E"": ""44""}"	"[""(A) 2"", ""(B) 1"", ""(C) none of the other options is correct"", ""(D) 15"", ""(E) 44""]"	(C) none of the other options is correct	C
e1522373-07c3-5433-8ab3-d7b74ab1fdf2	6	perception	rhythm	absolute	rhythm-absolute	rhythmic-recognition		note length statistics	What is the total count of {rhythm}-note units in the {voice} line?	"[""rhythm"", ""voice""]"	get_rhythm_count		rhythm	"{""rhythm"": ""dotted-breve"", ""voice"": ""soprano""}"	What is the total count of dotted-breve-note units in the soprano line?	Bach_IchStehAnDeinerKrippe	chorale-bricks	Bach_IchStehAnDeinerKrippe	data/chorale-bricks/Bach_IchStehAnDeinerKrippe	0	"[""3"", ""4"", ""6"", ""10"", ""37"", ""43""]"	"[""37"", ""10"", ""6"", ""43"", ""4"", ""3""]"	audio	audio.mastermix.wav	data/chorale-bricks/Bach_IchStehAnDeinerKrippe/audio.mastermix.wav	0	"[""0"", ""none of the other options is correct"", ""37"", ""10"", ""6""]"	0.2	0	"[""A"", ""B"", ""C"", ""D"", ""E""]"	"{""A"": ""37"", ""B"": ""6"", ""C"": ""10"", ""D"": ""0"", ""E"": ""none of the other options is correct""}"	"[""(A) 37"", ""(B) 6"", ""(C) 10"", ""(D) 0"", ""(E) none of the other options is correct""]"	(D) 0	D
9721a990-3cc9-5b6e-856e-234b19504fe2	6	perception	rhythm	absolute	rhythm-absolute	rhythmic-recognition		note length statistics	What is the total count of {rhythm}-note units in the {voice} line?	"[""rhythm"", ""voice""]"	get_rhythm_count		rhythm	"{""rhythm"": ""dotted-breve"", ""voice"": ""soprano""}"	What is the total count of dotted-breve-note units in the soprano line?	Bach_IchStehAnDeinerKrippe	chorale-bricks	Bach_IchStehAnDeinerKrippe	data/chorale-bricks/Bach_IchStehAnDeinerKrippe	0	"[""3"", ""4"", ""6"", ""10"", ""37"", ""43""]"	"[""37"", ""10"", ""6"", ""43"", ""4"", ""3""]"	symbolic	symbolic.abc.txt	data/chorale-bricks/Bach_IchStehAnDeinerKrippe/symbolic.abc.txt	none of the other options is correct	"[""none of the other options is correct"", ""37"", ""10"", ""6"", ""43""]"	0.2	1	"[""A"", ""B"", ""C"", ""D"", ""E""]"	"{""A"": ""none of the other options is correct"", ""B"": ""43"", ""C"": ""37"", ""D"": ""10"", ""E"": ""6""}"	"[""(A) none of the other options is correct"", ""(B) 43"", ""(C) 37"", ""(D) 10"", ""(E) 6""]"	(A) none of the other options is correct	A
66cd0146-b659-5105-92cd-a9326e49e228	6	perception	rhythm	absolute	rhythm-absolute	rhythmic-recognition		note length statistics	What is the total count of {rhythm}-note units in the {voice} line?	"[""rhythm"", ""voice""]"	get_rhythm_count		rhythm	"{""rhythm"": ""dotted-breve"", ""voice"": ""soprano""}"	What is the total count of dotted-breve-note units in the soprano line?	Bach_IchStehAnDeinerKrippe	chorale-bricks	Bach_IchStehAnDeinerKrippe	data/chorale-bricks/Bach_IchStehAnDeinerKrippe	0	"[""3"", ""4"", ""6"", ""10"", ""37"", ""43""]"	"[""37"", ""10"", ""6"", ""43"", ""4"", ""3""]"	visual	visual.short.png	data/chorale-bricks/Bach_IchStehAnDeinerKrippe/visual.short.png	0	"[""0"", ""none of the other options is correct"", ""37"", ""10"", ""6""]"	0.2	0	"[""A"", ""B"", ""C"", ""D"", ""E""]"	"{""A"": ""0"", ""B"": ""37"", ""C"": ""10"", ""D"": ""6"", ""E"": ""none of the other options is correct""}"	"[""(A) 0"", ""(B) 37"", ""(C) 10"", ""(D) 6"", ""(E) none of the other options is correct""]"	(A) 0	A
7f731eb7-1ad8-584b-a9d4-48a955ec84c8	6	perception	rhythm	absolute	rhythm-absolute	rhythmic-recognition		note length statistics	What is the total count of {rhythm}-note units in the {voice} line?	"[""rhythm"", ""voice""]"	get_rhythm_count		rhythm	"{""rhythm"": ""half"", ""voice"": ""soprano""}"	What is the total count of half-note units in the soprano line?	Bach_IchStehAnDeinerKrippe	chorale-bricks	Bach_IchStehAnDeinerKrippe	data/chorale-bricks/Bach_IchStehAnDeinerKrippe	3	"[""4"", ""6"", ""10"", ""37"", ""43""]"	"[""4"", ""10"", ""37"", ""43"", ""6""]"	audio	audio.mastermix.wav	data/chorale-bricks/Bach_IchStehAnDeinerKrippe/audio.mastermix.wav	3	"[""3"", ""none of the other options is correct"", ""4"", ""10"", ""37""]"	0.2	0	"[""A"", ""B"", ""C"", ""D"", ""E""]"	"{""A"": ""10"", ""B"": ""4"", ""C"": ""none of the other options is correct"", ""D"": ""37"", ""E"": ""3""}"	"[""(A) 10"", ""(B) 4"", ""(C) none of the other options is correct"", ""(D) 37"", ""(E) 3""]"	(E) 3	E
ec84b1b9-348a-581d-ae1a-a6b70addedca	6	perception	rhythm	absolute	rhythm-absolute	rhythmic-recognition		note length statistics	What is the total count of {rhythm}-note units in the {voice} line?	"[""rhythm"", ""voice""]"	get_rhythm_count		rhythm	"{""rhythm"": ""half"", ""voice"": ""soprano""}"	What is the total count of half-note units in the soprano line?	Bach_IchStehAnDeinerKrippe	chorale-bricks	Bach_IchStehAnDeinerKrippe	data/chorale-bricks/Bach_IchStehAnDeinerKrippe	3	"[""4"", ""6"", ""10"", ""37"", ""43""]"	"[""4"", ""10"", ""37"", ""43"", ""6""]"	symbolic	symbolic.abc.txt	data/chorale-bricks/Bach_IchStehAnDeinerKrippe/symbolic.abc.txt	3	"[""3"", ""none of the other options is correct"", ""4"", ""10"", ""37""]"	0.2	0	"[""A"", ""B"", ""C"", ""D"", ""E""]"	"{""A"": ""none of the other options is correct"", ""B"": ""4"", ""C"": ""10"", ""D"": ""37"", ""E"": ""3""}"	"[""(A) none of the other options is correct"", ""(B) 4"", ""(C) 10"", ""(D) 37"", ""(E) 3""]"	(E) 3	E
9b927716-6569-56a3-9b24-616d3dbde199	6	perception	rhythm	absolute	rhythm-absolute	rhythmic-recognition		note length statistics	What is the total count of {rhythm}-note units in the {voice} line?	"[""rhythm"", ""voice""]"	get_rhythm_count		rhythm	"{""rhythm"": ""half"", ""voice"": ""soprano""}"	What is the total count of half-note units in the soprano line?	Bach_IchStehAnDeinerKrippe	chorale-bricks	Bach_IchStehAnDeinerKrippe	data/chorale-bricks/Bach_IchStehAnDeinerKrippe	3	"[""4"", ""6"", ""10"", ""37"", ""43""]"	"[""4"", ""10"", ""37"", ""43"", ""6""]"	visual	visual.short.png	data/chorale-bricks/Bach_IchStehAnDeinerKrippe/visual.short.png	none of the other options is correct	"[""none of the other options is correct"", ""4"", ""10"", ""37"", ""43""]"	0.2	1	"[""A"", ""B"", ""C"", ""D"", ""E""]"	"{""A"": ""37"", ""B"": ""4"", ""C"": ""43"", ""D"": ""none of the other options is correct"", ""E"": ""10""}"	"[""(A) 37"", ""(B) 4"", ""(C) 43"", ""(D) none of the other options is correct"", ""(E) 10""]"	(D) none of the other options is correct	D
04f26aad-664f-534c-97ad-c76171e0d13a	6	perception	rhythm	absolute	rhythm-absolute	rhythmic-recognition		note length statistics	What is the total count of {rhythm}-note units in the {voice} line?	"[""rhythm"", ""voice""]"	get_rhythm_count		rhythm	"{""rhythm"": ""256th"", ""voice"": ""tenor""}"	What is the total count of 256th-note units in the tenor line?	Bach_IchStehAnDeinerKrippe	chorale-bricks	Bach_IchStehAnDeinerKrippe	data/chorale-bricks/Bach_IchStehAnDeinerKrippe	0	"[""3"", ""4"", ""6"", ""10"", ""37"", ""43""]"	"[""6"", ""43"", ""10"", ""37"", ""4"", ""3""]"	audio	audio.mastermix.wav	data/chorale-bricks/Bach_IchStehAnDeinerKrippe/audio.mastermix.wav	none of the other options is correct	"[""none of the other options is correct"", ""6"", ""43"", ""10"", ""37""]"	0.2	1	"[""A"", ""B"", ""C"", ""D"", ""E""]"	"{""A"": ""37"", ""B"": ""10"", ""C"": ""none of the other options is correct"", ""D"": ""43"", ""E"": ""6""}"	"[""(A) 37"", ""(B) 10"", ""(C) none of the other options is correct"", ""(D) 43"", ""(E) 6""]"	(C) none of the other options is correct	C
03153414-362b-5d49-83c6-b8b8a1c8d817	6	perception	rhythm	absolute	rhythm-absolute	rhythmic-recognition		note length statistics	What is the total count of {rhythm}-note units in the {voice} line?	"[""rhythm"", ""voice""]"	get_rhythm_count		rhythm	"{""rhythm"": ""256th"", ""voice"": ""tenor""}"	What is the total count of 256th-note units in the tenor line?	Bach_IchStehAnDeinerKrippe	chorale-bricks	Bach_IchStehAnDeinerKrippe	data/chorale-bricks/Bach_IchStehAnDeinerKrippe	0	"[""3"", ""4"", ""6"", ""10"", ""37"", ""43""]"	"[""6"", ""43"", ""10"", ""37"", ""4"", ""3""]"	symbolic	symbolic.abc.txt	data/chorale-bricks/Bach_IchStehAnDeinerKrippe/symbolic.abc.txt	0	"[""0"", ""none of the other options is correct"", ""6"", ""43"", ""10""]"	0.2	0	"[""A"", ""B"", ""C"", ""D"", ""E""]"	"{""A"": ""none of the other options is correct"", ""B"": ""0"", ""C"": ""10"", ""D"": ""43"", ""E"": ""6""}"	"[""(A) none of the other options is correct"", ""(B) 0"", ""(C) 10"", ""(D) 43"", ""(E) 6""]"	(B) 0	B
9e0a5c45-cb27-5369-8b10-333221cafd3e	6	perception	rhythm	absolute	rhythm-absolute	rhythmic-recognition		note length statistics	What is the total count of {rhythm}-note units in the {voice} line?	"[""rhythm"", ""voice""]"	get_rhythm_count		rhythm	"{""rhythm"": ""256th"", ""voice"": ""tenor""}"	What is the total count of 256th-note units in the tenor line?	Bach_IchStehAnDeinerKrippe	chorale-bricks	Bach_IchStehAnDeinerKrippe	data/chorale-bricks/Bach_IchStehAnDeinerKrippe	0	"[""3"", ""4"", ""6"", ""10"", ""37"", ""43""]"	"[""6"", ""43"", ""10"", ""37"", ""4"", ""3""]"	visual	visual.short.png	data/chorale-bricks/Bach_IchStehAnDeinerKrippe/visual.short.png	0	"[""0"", ""none of the other options is correct"", ""6"", ""43"", ""10""]"	0.2	0	"[""A"", ""B"", ""C"", ""D"", ""E""]"	"{""A"": ""none of the other options is correct"", ""B"": ""43"", ""C"": ""0"", ""D"": ""10"", ""E"": ""6""}"	"[""(A) none of the other options is correct"", ""(B) 43"", ""(C) 0"", ""(D) 10"", ""(E) 6""]"	(C) 0	C
3b76de06-d4f4-544f-ac12-584341fc5c01	6	perception	rhythm	absolute	rhythm-absolute	rhythmic-recognition		note length statistics	What is the total count of {rhythm}-note units in the {voice} line?	"[""rhythm"", ""voice""]"	get_rhythm_count		rhythm	"{""rhythm"": ""dotted-2048th"", ""voice"": ""alto""}"	What is the total count of dotted-2048th-note units in the alto line?	Anonymous_AusMeinesHerzensGrunde	chorale-bricks	Anonymous_AusMeinesHerzensGrunde	data/chorale-bricks/Anonymous_AusMeinesHerzensGrunde	0	"[""1"", ""3"", ""4"", ""5"", ""20"", ""23"", ""33"", ""34"", ""36""]"	"[""33"", ""23"", ""20"", ""1"", ""3"", ""34"", ""36"", ""5"", ""4""]"	audio	audio.mastermix.wav	data/chorale-bricks/Anonymous_AusMeinesHerzensGrunde/audio.mastermix.wav	0	"[""0"", ""none of the other options is correct"", ""33"", ""23"", ""20""]"	0.2	0	"[""A"", ""B"", ""C"", ""D"", ""E""]"	"{""A"": ""33"", ""B"": ""none of the other options is correct"", ""C"": ""0"", ""D"": ""23"", ""E"": ""20""}"	"[""(A) 33"", ""(B) none of the other options is correct"", ""(C) 0"", ""(D) 23"", ""(E) 20""]"	(C) 0	C
7528c269-16bb-5b09-b80a-2712887da3ec	6	perception	rhythm	absolute	rhythm-absolute	rhythmic-recognition		note length statistics	What is the total count of {rhythm}-note units in the {voice} line?	"[""rhythm"", ""voice""]"	get_rhythm_count		rhythm	"{""rhythm"": ""dotted-2048th"", ""voice"": ""alto""}"	What is the total count of dotted-2048th-note units in the alto line?	Anonymous_AusMeinesHerzensGrunde	chorale-bricks	Anonymous_AusMeinesHerzensGrunde	data/chorale-bricks/Anonymous_AusMeinesHerzensGrunde	0	"[""1"", ""3"", ""4"", ""5"", ""20"", ""23"", ""33"", ""34"", ""36""]"	"[""33"", ""23"", ""20"", ""1"", ""3"", ""34"", ""36"", ""5"", ""4""]"	symbolic	symbolic.abc.txt	data/chorale-bricks/Anonymous_AusMeinesHerzensGrunde/symbolic.abc.txt	0	"[""0"", ""none of the other options is correct"", ""33"", ""23"", ""20""]"	0.2	0	"[""A"", ""B"", ""C"", ""D"", ""E""]"	"{""A"": ""none of the other options is correct"", ""B"": ""0"", ""C"": ""23"", ""D"": ""33"", ""E"": ""20""}"	"[""(A) none of the other options is correct"", ""(B) 0"", ""(C) 23"", ""(D) 33"", ""(E) 20""]"	(B) 0	B
510d18de-844e-54dc-8381-9e04fc10e3b1	6	perception	rhythm	absolute	rhythm-absolute	rhythmic-recognition		note length statistics	What is the total count of {rhythm}-note units in the {voice} line?	"[""rhythm"", ""voice""]"	get_rhythm_count		rhythm	"{""rhythm"": ""dotted-2048th"", ""voice"": ""alto""}"	What is the total count of dotted-2048th-note units in the alto line?	Anonymous_AusMeinesHerzensGrunde	chorale-bricks	Anonymous_AusMeinesHerzensGrunde	data/chorale-bricks/Anonymous_AusMeinesHerzensGrunde	0	"[""1"", ""3"", ""4"", ""5"", ""20"", ""23"", ""33"", ""34"", ""36""]"	"[""33"", ""23"", ""20"", ""1"", ""3"", ""34"", ""36"", ""5"", ""4""]"	visual	visual.short.png	data/chorale-bricks/Anonymous_AusMeinesHerzensGrunde/visual.short.png	0	"[""0"", ""none of the other options is correct"", ""33"", ""23"", ""20""]"	0.2	0	"[""A"", ""B"", ""C"", ""D"", ""E""]"	"{""A"": ""none of the other options is correct"", ""B"": ""20"", ""C"": ""23"", ""D"": ""33"", ""E"": ""0""}"	"[""(A) none of the other options is correct"", ""(B) 20"", ""(C) 23"", ""(D) 33"", ""(E) 0""]"	(E) 0	E
8fe26b2e-284c-577a-8341-933c237f17ec	6	perception	rhythm	absolute	rhythm-absolute	rhythmic-recognition		note length statistics	What is the total count of {rhythm}-note units in the {voice} line?	"[""rhythm"", ""voice""]"	get_rhythm_count		rhythm	"{""rhythm"": ""quarter"", ""voice"": ""bass""}"	What is the total count of quarter-note units in the bass line?	Jan_DuGrosserSchmerzensmann	chorale-bricks	Jan_DuGrosserSchmerzensmann	data/chorale-bricks/Jan_DuGrosserSchmerzensmann	44	"[""1"", ""2"", ""14"", ""15"", ""40"", ""42""]"	"[""42"", ""15"", ""1"", ""14"", ""2"", ""40""]"	audio	audio.mastermix.wav	data/chorale-bricks/Jan_DuGrosserSchmerzensmann/audio.mastermix.wav	44	"[""44"", ""none of the other options is correct"", ""42"", ""15"", ""1""]"	0.2	0	"[""A"", ""B"", ""C"", ""D"", ""E""]"	"{""A"": ""15"", ""B"": ""42"", ""C"": ""1"", ""D"": ""none of the other options is correct"", ""E"": ""44""}"	"[""(A) 15"", ""(B) 42"", ""(C) 1"", ""(D) none of the other options is correct"", ""(E) 44""]"	(E) 44	E
83e0ce5c-9206-5fe1-8a4c-1779fbee1f9f	6	perception	rhythm	absolute	rhythm-absolute	rhythmic-recognition		note length statistics	What is the total count of {rhythm}-note units in the {voice} line?	"[""rhythm"", ""voice""]"	get_rhythm_count		rhythm	"{""rhythm"": ""quarter"", ""voice"": ""bass""}"	What is the total count of quarter-note units in the bass line?	Jan_DuGrosserSchmerzensmann	chorale-bricks	Jan_DuGrosserSchmerzensmann	data/chorale-bricks/Jan_DuGrosserSchmerzensmann	44	"[""1"", ""2"", ""14"", ""15"", ""40"", ""42""]"	"[""42"", ""15"", ""1"", ""14"", ""2"", ""40""]"	symbolic	symbolic.abc.txt	data/chorale-bricks/Jan_DuGrosserSchmerzensmann/symbolic.abc.txt	44	"[""44"", ""none of the other options is correct"", ""42"", ""15"", ""1""]"	0.2	0	"[""A"", ""B"", ""C"", ""D"", ""E""]"	"{""A"": ""42"", ""B"": ""1"", ""C"": ""15"", ""D"": ""44"", ""E"": ""none of the other options is correct""}"	"[""(A) 42"", ""(B) 1"", ""(C) 15"", ""(D) 44"", ""(E) none of the other options is correct""]"	(D) 44	D
5ad200a0-092b-5256-827b-bf94ed2c8adc	6	perception	rhythm	absolute	rhythm-absolute	rhythmic-recognition		note length statistics	What is the total count of {rhythm}-note units in the {voice} line?	"[""rhythm"", ""voice""]"	get_rhythm_count		rhythm	"{""rhythm"": ""quarter"", ""voice"": ""bass""}"	What is the total count of quarter-note units in the bass line?	Jan_DuGrosserSchmerzensmann	chorale-bricks	Jan_DuGrosserSchmerzensmann	data/chorale-bricks/Jan_DuGrosserSchmerzensmann	44	"[""1"", ""2"", ""14"", ""15"", ""40"", ""42""]"	"[""42"", ""15"", ""1"", ""14"", ""2"", ""40""]"	visual	visual.short.png	data/chorale-bricks/Jan_DuGrosserSchmerzensmann/visual.short.png	44	"[""44"", ""none of the other options is correct"", ""42"", ""15"", ""1""]"	0.2	0	"[""A"", ""B"", ""C"", ""D"", ""E""]"	"{""A"": ""44"", ""B"": ""none of the other options is correct"", ""C"": ""42"", ""D"": ""1"", ""E"": ""15""}"	"[""(A) 44"", ""(B) none of the other options is correct"", ""(C) 42"", ""(D) 1"", ""(E) 15""]"	(A) 44	A
b2d5fb58-2918-5681-a0b0-3053d7c2b06c	6	perception	rhythm	absolute	rhythm-absolute	rhythmic-recognition		note length statistics	What is the total count of {rhythm}-note units in the {voice} line?	"[""rhythm"", ""voice""]"	get_rhythm_count		rhythm	"{""rhythm"": ""quarter"", ""voice"": ""alto""}"	What is the total count of quarter-note units in the alto line?	Crueger_AufAufMeinHerzMitFreuden	chorale-bricks	Crueger_AufAufMeinHerzMitFreuden	data/chorale-bricks/Crueger_AufAufMeinHerzMitFreuden	35	"[""1"", ""3"", ""4"", ""9"", ""10"", ""15"", ""18"", ""19"", ""31""]"	"[""15"", ""10"", ""4"", ""3"", ""18"", ""9"", ""19"", ""1"", ""31""]"	audio	audio.mastermix.wav	data/chorale-bricks/Crueger_AufAufMeinHerzMitFreuden/audio.mastermix.wav	none of the other options is correct	"[""none of the other options is correct"", ""15"", ""10"", ""4"", ""3""]"	0.2	1	"[""A"", ""B"", ""C"", ""D"", ""E""]"	"{""A"": ""3"", ""B"": ""15"", ""C"": ""4"", ""D"": ""10"", ""E"": ""none of the other options is correct""}"	"[""(A) 3"", ""(B) 15"", ""(C) 4"", ""(D) 10"", ""(E) none of the other options is correct""]"	(E) none of the other options is correct	E
26bd744b-7224-5ffe-a66f-93c7bdac47df	6	perception	rhythm	absolute	rhythm-absolute	rhythmic-recognition		note length statistics	What is the total count of {rhythm}-note units in the {voice} line?	"[""rhythm"", ""voice""]"	get_rhythm_count		rhythm	"{""rhythm"": ""quarter"", ""voice"": ""alto""}"	What is the total count of quarter-note units in the alto line?	Crueger_AufAufMeinHerzMitFreuden	chorale-bricks	Crueger_AufAufMeinHerzMitFreuden	data/chorale-bricks/Crueger_AufAufMeinHerzMitFreuden	35	"[""1"", ""3"", ""4"", ""9"", ""10"", ""15"", ""18"", ""19"", ""31""]"	"[""15"", ""10"", ""4"", ""3"", ""18"", ""9"", ""19"", ""1"", ""31""]"	symbolic	symbolic.abc.txt	data/chorale-bricks/Crueger_AufAufMeinHerzMitFreuden/symbolic.abc.txt	35	"[""35"", ""none of the other options is correct"", ""15"", ""10"", ""4""]"	0.2	0	"[""A"", ""B"", ""C"", ""D"", ""E""]"	"{""A"": ""10"", ""B"": ""4"", ""C"": ""15"", ""D"": ""35"", ""E"": ""none of the other options is correct""}"	"[""(A) 10"", ""(B) 4"", ""(C) 15"", ""(D) 35"", ""(E) none of the other options is correct""]"	(D) 35	D
286bbd90-31f1-5c80-9aed-fdbbc6d72f7f	6	perception	rhythm	absolute	rhythm-absolute	rhythmic-recognition		note length statistics	What is the total count of {rhythm}-note units in the {voice} line?	"[""rhythm"", ""voice""]"	get_rhythm_count		rhythm	"{""rhythm"": ""quarter"", ""voice"": ""alto""}"	What is the total count of quarter-note units in the alto line?	Crueger_AufAufMeinHerzMitFreuden	chorale-bricks	Crueger_AufAufMeinHerzMitFreuden	data/chorale-bricks/Crueger_AufAufMeinHerzMitFreuden	35	"[""1"", ""3"", ""4"", ""9"", ""10"", ""15"", ""18"", ""19"", ""31""]"	"[""15"", ""10"", ""4"", ""3"", ""18"", ""9"", ""19"", ""1"", ""31""]"	visual	visual.short.png	data/chorale-bricks/Crueger_AufAufMeinHerzMitFreuden/visual.short.png	35	"[""35"", ""none of the other options is correct"", ""15"", ""10"", ""4""]"	0.2	0	"[""A"", ""B"", ""C"", ""D"", ""E""]"	"{""A"": ""10"", ""B"": ""4"", ""C"": ""none of the other options is correct"", ""D"": ""15"", ""E"": ""35""}"	"[""(A) 10"", ""(B) 4"", ""(C) none of the other options is correct"", ""(D) 15"", ""(E) 35""]"	(E) 35	E
eb5d5f46-70cb-5256-8720-a84d0a3c85b1	6	perception	rhythm	absolute	rhythm-absolute	rhythmic-recognition		note length statistics	What is the total count of {rhythm}-note units in the {voice} line?	"[""rhythm"", ""voice""]"	get_rhythm_count		rhythm	"{""rhythm"": ""quarter"", ""voice"": ""tenor""}"	What is the total count of quarter-note units in the tenor line?	Telemann_DerLiebenSonneLichtUndPracht	chorale-bricks	Telemann_DerLiebenSonneLichtUndPracht	data/chorale-bricks/Telemann_DerLiebenSonneLichtUndPracht	60	"[""1"", ""2"", ""3"", ""4"", ""57"", ""58""]"	"[""57"", ""4"", ""58"", ""1"", ""2"", ""3""]"	audio	audio.mastermix.wav	data/chorale-bricks/Telemann_DerLiebenSonneLichtUndPracht/audio.mastermix.wav	60	"[""60"", ""none of the other options is correct"", ""57"", ""4"", ""58""]"	0.2	0	"[""A"", ""B"", ""C"", ""D"", ""E""]"	"{""A"": ""4"", ""B"": ""none of the other options is correct"", ""C"": ""60"", ""D"": ""57"", ""E"": ""58""}"	"[""(A) 4"", ""(B) none of the other options is correct"", ""(C) 60"", ""(D) 57"", ""(E) 58""]"	(C) 60	C
8f958ea7-17c2-5050-b01c-6539b44e6841	6	perception	rhythm	absolute	rhythm-absolute	rhythmic-recognition		note length statistics	What is the total count of {rhythm}-note units in the {voice} line?	"[""rhythm"", ""voice""]"	get_rhythm_count		rhythm	"{""rhythm"": ""quarter"", ""voice"": ""tenor""}"	What is the total count of quarter-note units in the tenor line?	Telemann_DerLiebenSonneLichtUndPracht	chorale-bricks	Telemann_DerLiebenSonneLichtUndPracht	data/chorale-bricks/Telemann_DerLiebenSonneLichtUndPracht	60	"[""1"", ""2"", ""3"", ""4"", ""57"", ""58""]"	"[""57"", ""4"", ""58"", ""1"", ""2"", ""3""]"	symbolic	symbolic.abc.txt	data/chorale-bricks/Telemann_DerLiebenSonneLichtUndPracht/symbolic.abc.txt	60	"[""60"", ""none of the other options is correct"", ""57"", ""4"", ""58""]"	0.2	0	"[""A"", ""B"", ""C"", ""D"", ""E""]"	"{""A"": ""4"", ""B"": ""57"", ""C"": ""60"", ""D"": ""none of the other options is correct"", ""E"": ""58""}"	"[""(A) 4"", ""(B) 57"", ""(C) 60"", ""(D) none of the other options is correct"", ""(E) 58""]"	(C) 60	C
646a9de7-bb73-5827-82e6-dd0c9ae6ebe9	6	perception	rhythm	absolute	rhythm-absolute	rhythmic-recognition		note length statistics	What is the total count of {rhythm}-note units in the {voice} line?	"[""rhythm"", ""voice""]"	get_rhythm_count		rhythm	"{""rhythm"": ""quarter"", ""voice"": ""tenor""}"	What is the total count of quarter-note units in the tenor line?	Telemann_DerLiebenSonneLichtUndPracht	chorale-bricks	Telemann_DerLiebenSonneLichtUndPracht	data/chorale-bricks/Telemann_DerLiebenSonneLichtUndPracht	60	"[""1"", ""2"", ""3"", ""4"", ""57"", ""58""]"	"[""57"", ""4"", ""58"", ""1"", ""2"", ""3""]"	visual	visual.short.png	data/chorale-bricks/Telemann_DerLiebenSonneLichtUndPracht/visual.short.png	none of the other options is correct	"[""none of the other options is correct"", ""57"", ""4"", ""58"", ""1""]"	0.2	1	"[""A"", ""B"", ""C"", ""D"", ""E""]"	"{""A"": ""1"", ""B"": ""none of the other options is correct"", ""C"": ""58"", ""D"": ""4"", ""E"": ""57""}"	"[""(A) 1"", ""(B) none of the other options is correct"", ""(C) 58"", ""(D) 4"", ""(E) 57""]"	(B) none of the other options is correct	B
ca52109b-8c1a-5214-bcec-fb59da4879a9	6	perception	rhythm	absolute	rhythm-absolute	rhythmic-recognition		note length statistics	What is the total count of {rhythm}-note units in the {voice} line?	"[""rhythm"", ""voice""]"	get_rhythm_count		rhythm	"{""rhythm"": ""dotted-half"", ""voice"": ""alto""}"	What is the total count of dotted-half-note units in the alto line?	Jan_DuGrosserSchmerzensmann	chorale-bricks	Jan_DuGrosserSchmerzensmann	data/chorale-bricks/Jan_DuGrosserSchmerzensmann	2	"[""1"", ""14"", ""15"", ""40"", ""42"", ""44""]"	"[""1"", ""44"", ""42"", ""40"", ""14"", ""15""]"	audio	audio.mastermix.wav	data/chorale-bricks/Jan_DuGrosserSchmerzensmann/audio.mastermix.wav	2	"[""2"", ""none of the other options is correct"", ""1"", ""44"", ""42""]"	0.2	0	"[""A"", ""B"", ""C"", ""D"", ""E""]"	"{""A"": ""42"", ""B"": ""44"", ""C"": ""1"", ""D"": ""none of the other options is correct"", ""E"": ""2""}"	"[""(A) 42"", ""(B) 44"", ""(C) 1"", ""(D) none of the other options is correct"", ""(E) 2""]"	(E) 2	E
bdfa8609-98b8-5edc-bcde-38ffc5b2d5cc	6	perception	rhythm	absolute	rhythm-absolute	rhythmic-recognition		note length statistics	What is the total count of {rhythm}-note units in the {voice} line?	"[""rhythm"", ""voice""]"	get_rhythm_count		rhythm	"{""rhythm"": ""dotted-half"", ""voice"": ""alto""}"	What is the total count of dotted-half-note units in the alto line?	Jan_DuGrosserSchmerzensmann	chorale-bricks	Jan_DuGrosserSchmerzensmann	data/chorale-bricks/Jan_DuGrosserSchmerzensmann	2	"[""1"", ""14"", ""15"", ""40"", ""42"", ""44""]"	"[""1"", ""44"", ""42"", ""40"", ""14"", ""15""]"	symbolic	symbolic.abc.txt	data/chorale-bricks/Jan_DuGrosserSchmerzensmann/symbolic.abc.txt	2	"[""2"", ""none of the other options is correct"", ""1"", ""44"", ""42""]"	0.2	0	"[""A"", ""B"", ""C"", ""D"", ""E""]"	"{""A"": ""none of the other options is correct"", ""B"": ""42"", ""C"": ""1"", ""D"": ""2"", ""E"": ""44""}"	"[""(A) none of the other options is correct"", ""(B) 42"", ""(C) 1"", ""(D) 2"", ""(E) 44""]"	(D) 2	D
125c13c6-6c76-5461-b605-ccb1da870ad0	6	perception	rhythm	absolute	rhythm-absolute	rhythmic-recognition		note length statistics	What is the total count of {rhythm}-note units in the {voice} line?	"[""rhythm"", ""voice""]"	get_rhythm_count		rhythm	"{""rhythm"": ""dotted-half"", ""voice"": ""alto""}"	What is the total count of dotted-half-note units in the alto line?	Jan_DuGrosserSchmerzensmann	chorale-bricks	Jan_DuGrosserSchmerzensmann	data/chorale-bricks/Jan_DuGrosserSchmerzensmann	2	"[""1"", ""14"", ""15"", ""40"", ""42"", ""44""]"	"[""1"", ""44"", ""42"", ""40"", ""14"", ""15""]"	visual	visual.short.png	data/chorale-bricks/Jan_DuGrosserSchmerzensmann/visual.short.png	none of the other options is correct	"[""none of the other options is correct"", ""1"", ""44"", ""42"", ""40""]"	0.2	1	"[""A"", ""B"", ""C"", ""D"", ""E""]"	"{""A"": ""42"", ""B"": ""none of the other options is correct"", ""C"": ""44"", ""D"": ""1"", ""E"": ""40""}"	"[""(A) 42"", ""(B) none of the other options is correct"", ""(C) 44"", ""(D) 1"", ""(E) 40""]"	(B) none of the other options is correct	B
6a0e9d2d-25f8-5c5e-97c3-da76005a2cf2	6	perception	rhythm	absolute	rhythm-absolute	rhythmic-recognition		note length statistics	What is the total count of {rhythm}-note units in the {voice} line?	"[""rhythm"", ""voice""]"	get_rhythm_count		rhythm	"{""rhythm"": ""dotted-duplex-maxima"", ""voice"": ""tenor""}"	What is the total count of dotted-duplex-maxima-note units in the tenor line?	Crueger_AufAufMeinHerzMitFreuden	chorale-bricks	Crueger_AufAufMeinHerzMitFreuden	data/chorale-bricks/Crueger_AufAufMeinHerzMitFreuden	0	"[""1"", ""3"", ""4"", ""9"", ""10"", ""15"", ""18"", ""19"", ""31"", ""35""]"	"[""31"", ""9"", ""3"", ""15"", ""10"", ""1"", ""18"", ""19"", ""4"", ""35""]"	audio	audio.mastermix.wav	data/chorale-bricks/Crueger_AufAufMeinHerzMitFreuden/audio.mastermix.wav	0	"[""0"", ""none of the other options is correct"", ""31"", ""9"", ""3""]"	0.2	0	"[""A"", ""B"", ""C"", ""D"", ""E""]"	"{""A"": ""31"", ""B"": ""none of the other options is correct"", ""C"": ""0"", ""D"": ""3"", ""E"": ""9""}"	"[""(A) 31"", ""(B) none of the other options is correct"", ""(C) 0"", ""(D) 3"", ""(E) 9""]"	(C) 0	C
12ffffb4-7b5a-5e10-a5a3-9b8e9e2ee571	6	perception	rhythm	absolute	rhythm-absolute	rhythmic-recognition		note length statistics	What is the total count of {rhythm}-note units in the {voice} line?	"[""rhythm"", ""voice""]"	get_rhythm_count		rhythm	"{""rhythm"": ""dotted-duplex-maxima"", ""voice"": ""tenor""}"	What is the total count of dotted-duplex-maxima-note units in the tenor line?	Crueger_AufAufMeinHerzMitFreuden	chorale-bricks	Crueger_AufAufMeinHerzMitFreuden	data/chorale-bricks/Crueger_AufAufMeinHerzMitFreuden	0	"[""1"", ""3"", ""4"", ""9"", ""10"", ""15"", ""18"", ""19"", ""31"", ""35""]"	"[""31"", ""9"", ""3"", ""15"", ""10"", ""1"", ""18"", ""19"", ""4"", ""35""]"	symbolic	symbolic.abc.txt	data/chorale-bricks/Crueger_AufAufMeinHerzMitFreuden/symbolic.abc.txt	0	"[""0"", ""none of the other options is correct"", ""31"", ""9"", ""3""]"	0.2	0	"[""A"", ""B"", ""C"", ""D"", ""E""]"	"{""A"": ""none of the other options is correct"", ""B"": ""31"", ""C"": ""0"", ""D"": ""3"", ""E"": ""9""}"	"[""(A) none of the other options is correct"", ""(B) 31"", ""(C) 0"", ""(D) 3"", ""(E) 9""]"	(C) 0	C
f9ccbbce-ebcf-5453-b87d-9123c464e63a	6	perception	rhythm	absolute	rhythm-absolute	rhythmic-recognition		note length statistics	What is the total count of {rhythm}-note units in the {voice} line?	"[""rhythm"", ""voice""]"	get_rhythm_count		rhythm	"{""rhythm"": ""dotted-duplex-maxima"", ""voice"": ""tenor""}"	What is the total count of dotted-duplex-maxima-note units in the tenor line?	Crueger_AufAufMeinHerzMitFreuden	chorale-bricks	Crueger_AufAufMeinHerzMitFreuden	data/chorale-bricks/Crueger_AufAufMeinHerzMitFreuden	0	"[""1"", ""3"", ""4"", ""9"", ""10"", ""15"", ""18"", ""19"", ""31"", ""35""]"	"[""31"", ""9"", ""3"", ""15"", ""10"", ""1"", ""18"", ""19"", ""4"", ""35""]"	visual	visual.short.png	data/chorale-bricks/Crueger_AufAufMeinHerzMitFreuden/visual.short.png	none of the other options is correct	"[""none of the other options is correct"", ""31"", ""9"", ""3"", ""15""]"	0.2	1	"[""A"", ""B"", ""C"", ""D"", ""E""]"	"{""A"": ""none of the other options is correct"", ""B"": ""31"", ""C"": ""9"", ""D"": ""15"", ""E"": ""3""}"	"[""(A) none of the other options is correct"", ""(B) 31"", ""(C) 9"", ""(D) 15"", ""(E) 3""]"	(A) none of the other options is correct	A
25af0d49-121f-56e8-a202-81540959e418	7	perception	rhythm	relative	rhythm-relative	proportion-recognition		rhythm pattern	What is the temporal relationship (e.g., 2:1, 3:1) between the  {target_index} note (or rest) and the next one in the {voice} line?	"[""target_index"", ""voice""]"	get_rhythm_pattern		rhythm	"{""target_index"": ""17th"", ""voice"": ""alto""}"	What is the temporal relationship (e.g., 2:1, 3:1) between the  17th note (or rest) and the next one in the alto line?	Drese_JesuGehVoran	chorale-bricks	Drese_JesuGehVoran	data/chorale-bricks/Drese_JesuGehVoran	1:1	"[""1:2"", ""1:4"", ""1:6"", ""2:1"", ""6:1""]"	"[""1:4"", ""2:1"", ""1:6"", ""1:2"", ""6:1""]"	audio	audio.mastermix.wav	data/chorale-bricks/Drese_JesuGehVoran/audio.mastermix.wav	1:1	"[""1:1"", ""none of the other options is correct"", ""1:4"", ""2:1"", ""1:6""]"	0.2	0	"[""A"", ""B"", ""C"", ""D"", ""E""]"	"{""A"": ""2:1"", ""B"": ""1:4"", ""C"": ""1:1"", ""D"": ""1:6"", ""E"": ""none of the other options is correct""}"	"[""(A) 2:1"", ""(B) 1:4"", ""(C) 1:1"", ""(D) 1:6"", ""(E) none of the other options is correct""]"	(C) 1:1	C
01b4ccaa-a079-5513-b76e-c43ab49dd347	7	perception	rhythm	relative	rhythm-relative	proportion-recognition		rhythm pattern	What is the temporal relationship (e.g., 2:1, 3:1) between the  {target_index} note (or rest) and the next one in the {voice} line?	"[""target_index"", ""voice""]"	get_rhythm_pattern		rhythm	"{""target_index"": ""17th"", ""voice"": ""alto""}"	What is the temporal relationship (e.g., 2:1, 3:1) between the  17th note (or rest) and the next one in the alto line?	Drese_JesuGehVoran	chorale-bricks	Drese_JesuGehVoran	data/chorale-bricks/Drese_JesuGehVoran	1:1	"[""1:2"", ""1:4"", ""1:6"", ""2:1"", ""6:1""]"	"[""1:4"", ""2:1"", ""1:6"", ""1:2"", ""6:1""]"	symbolic	symbolic.abc.txt	data/chorale-bricks/Drese_JesuGehVoran/symbolic.abc.txt	1:1	"[""1:1"", ""none of the other options is correct"", ""1:4"", ""2:1"", ""1:6""]"	0.2	0	"[""A"", ""B"", ""C"", ""D"", ""E""]"	"{""A"": ""1:4"", ""B"": ""2:1"", ""C"": ""1:1"", ""D"": ""none of the other options is correct"", ""E"": ""1:6""}"	"[""(A) 1:4"", ""(B) 2:1"", ""(C) 1:1"", ""(D) none of the other options is correct"", ""(E) 1:6""]"	(C) 1:1	C
bcf0f9cc-2d41-5c57-9f28-a663e3d5601e	7	perception	rhythm	relative	rhythm-relative	proportion-recognition		rhythm pattern	What is the temporal relationship (e.g., 2:1, 3:1) between the  {target_index} note (or rest) and the next one in the {voice} line?	"[""target_index"", ""voice""]"	get_rhythm_pattern		rhythm	"{""target_index"": ""17th"", ""voice"": ""alto""}"	What is the temporal relationship (e.g., 2:1, 3:1) between the  17th note (or rest) and the next one in the alto line?	Drese_JesuGehVoran	chorale-bricks	Drese_JesuGehVoran	data/chorale-bricks/Drese_JesuGehVoran	1:1	"[""1:2"", ""1:4"", ""1:6"", ""2:1"", ""6:1""]"	"[""1:4"", ""2:1"", ""1:6"", ""1:2"", ""6:1""]"	visual	visual.short.png	data/chorale-bricks/Drese_JesuGehVoran/visual.short.png	1:1	"[""1:1"", ""none of the other options is correct"", ""1:4"", ""2:1"", ""1:6""]"	0.2	0	"[""A"", ""B"", ""C"", ""D"", ""E""]"	"{""A"": ""none of the other options is correct"", ""B"": ""2:1"", ""C"": ""1:4"", ""D"": ""1:1"", ""E"": ""1:6""}"	"[""(A) none of the other options is correct"", ""(B) 2:1"", ""(C) 1:4"", ""(D) 1:1"", ""(E) 1:6""]"	(D) 1:1	D
c76b8a0d-ae5d-58f0-aa33-905a6cb1b48d	7	perception	rhythm	relative	rhythm-relative	proportion-recognition		rhythm pattern	What is the temporal relationship (e.g., 2:1, 3:1) between the  {target_index} note (or rest) and the next one in the {voice} line?	"[""target_index"", ""voice""]"	get_rhythm_pattern		rhythm	"{""target_index"": ""2nd"", ""voice"": ""alto""}"	What is the temporal relationship (e.g., 2:1, 3:1) between the  2nd note (or rest) and the next one in the alto line?	Vulpius_ChristusDerIstMeinLeben	chorale-bricks	Vulpius_ChristusDerIstMeinLeben	data/chorale-bricks/Vulpius_ChristusDerIstMeinLeben	1:1	"[""1:2"", ""1:3"", ""2:1"", ""3:1"", ""3:2""]"	"[""2:1"", ""1:3"", ""1:2"", ""3:2"", ""3:1""]"	audio	audio.mastermix.wav	data/chorale-bricks/Vulpius_ChristusDerIstMeinLeben/audio.mastermix.wav	1:1	"[""1:1"", ""none of the other options is correct"", ""2:1"", ""1:3"", ""1:2""]"	0.2	0	"[""A"", ""B"", ""C"", ""D"", ""E""]"	"{""A"": ""1:2"", ""B"": ""1:3"", ""C"": ""2:1"", ""D"": ""none of the other options is correct"", ""E"": ""1:1""}"	"[""(A) 1:2"", ""(B) 1:3"", ""(C) 2:1"", ""(D) none of the other options is correct"", ""(E) 1:1""]"	(E) 1:1	E
e81c1df9-40d6-5e44-8765-17628c6555c8	7	perception	rhythm	relative	rhythm-relative	proportion-recognition		rhythm pattern	What is the temporal relationship (e.g., 2:1, 3:1) between the  {target_index} note (or rest) and the next one in the {voice} line?	"[""target_index"", ""voice""]"	get_rhythm_pattern		rhythm	"{""target_index"": ""2nd"", ""voice"": ""alto""}"	What is the temporal relationship (e.g., 2:1, 3:1) between the  2nd note (or rest) and the next one in the alto line?	Vulpius_ChristusDerIstMeinLeben	chorale-bricks	Vulpius_ChristusDerIstMeinLeben	data/chorale-bricks/Vulpius_ChristusDerIstMeinLeben	1:1	"[""1:2"", ""1:3"", ""2:1"", ""3:1"", ""3:2""]"	"[""2:1"", ""1:3"", ""1:2"", ""3:2"", ""3:1""]"	symbolic	symbolic.abc.txt	data/chorale-bricks/Vulpius_ChristusDerIstMeinLeben/symbolic.abc.txt	1:1	"[""1:1"", ""none of the other options is correct"", ""2:1"", ""1:3"", ""1:2""]"	0.2	0	"[""A"", ""B"", ""C"", ""D"", ""E""]"	"{""A"": ""1:2"", ""B"": ""2:1"", ""C"": ""none of the other options is correct"", ""D"": ""1:3"", ""E"": ""1:1""}"	"[""(A) 1:2"", ""(B) 2:1"", ""(C) none of the other options is correct"", ""(D) 1:3"", ""(E) 1:1""]"	(E) 1:1	E
2ee2e93e-9132-5903-afd3-d0c465ee5683	7	perception	rhythm	relative	rhythm-relative	proportion-recognition		rhythm pattern	What is the temporal relationship (e.g., 2:1, 3:1) between the  {target_index} note (or rest) and the next one in the {voice} line?	"[""target_index"", ""voice""]"	get_rhythm_pattern		rhythm	"{""target_index"": ""2nd"", ""voice"": ""alto""}"	What is the temporal relationship (e.g., 2:1, 3:1) between the  2nd note (or rest) and the next one in the alto line?	Vulpius_ChristusDerIstMeinLeben	chorale-bricks	Vulpius_ChristusDerIstMeinLeben	data/chorale-bricks/Vulpius_ChristusDerIstMeinLeben	1:1	"[""1:2"", ""1:3"", ""2:1"", ""3:1"", ""3:2""]"	"[""2:1"", ""1:3"", ""1:2"", ""3:2"", ""3:1""]"	visual	visual.short.png	data/chorale-bricks/Vulpius_ChristusDerIstMeinLeben/visual.short.png	1:1	"[""1:1"", ""none of the other options is correct"", ""2:1"", ""1:3"", ""1:2""]"	0.2	0	"[""A"", ""B"", ""C"", ""D"", ""E""]"	"{""A"": ""1:2"", ""B"": ""2:1"", ""C"": ""1:3"", ""D"": ""1:1"", ""E"": ""none of the other options is correct""}"	"[""(A) 1:2"", ""(B) 2:1"", ""(C) 1:3"", ""(D) 1:1"", ""(E) none of the other options is correct""]"	(D) 1:1	D
0bcfdbf6-9dfe-5e2a-b596-d4b4d637ab11	7	perception	rhythm	relative	rhythm-relative	proportion-recognition		rhythm pattern	What is the temporal relationship (e.g., 2:1, 3:1) between the  {target_index} note (or rest) and the next one in the {voice} line?	"[""target_index"", ""voice""]"	get_rhythm_pattern		rhythm	"{""target_index"": ""22nd"", ""voice"": ""bass""}"	What is the temporal relationship (e.g., 2:1, 3:1) between the  22nd note (or rest) and the next one in the bass line?	Drese_JesuGehVoran	chorale-bricks	Drese_JesuGehVoran	data/chorale-bricks/Drese_JesuGehVoran	2:1	"[""1:1"", ""1:2"", ""1:4"", ""1:6"", ""6:1""]"	"[""1:6"", ""1:1"", ""6:1"", ""1:4"", ""1:2""]"	audio	audio.mastermix.wav	data/chorale-bricks/Drese_JesuGehVoran/audio.mastermix.wav	none of the other options is correct	"[""none of the other options is correct"", ""1:6"", ""1:1"", ""6:1"", ""1:4""]"	0.2	1	"[""A"", ""B"", ""C"", ""D"", ""E""]"	"{""A"": ""1:6"", ""B"": ""1:4"", ""C"": ""none of the other options is correct"", ""D"": ""1:1"", ""E"": ""6:1""}"	"[""(A) 1:6"", ""(B) 1:4"", ""(C) none of the other options is correct"", ""(D) 1:1"", ""(E) 6:1""]"	(C) none of the other options is correct	C
5099d722-b243-524f-b4bc-648b5f4e2dca	7	perception	rhythm	relative	rhythm-relative	proportion-recognition		rhythm pattern	What is the temporal relationship (e.g., 2:1, 3:1) between the  {target_index} note (or rest) and the next one in the {voice} line?	"[""target_index"", ""voice""]"	get_rhythm_pattern		rhythm	"{""target_index"": ""22nd"", ""voice"": ""bass""}"	What is the temporal relationship (e.g., 2:1, 3:1) between the  22nd note (or rest) and the next one in the bass line?	Drese_JesuGehVoran	chorale-bricks	Drese_JesuGehVoran	data/chorale-bricks/Drese_JesuGehVoran	2:1	"[""1:1"", ""1:2"", ""1:4"", ""1:6"", ""6:1""]"	"[""1:6"", ""1:1"", ""6:1"", ""1:4"", ""1:2""]"	symbolic	symbolic.abc.txt	data/chorale-bricks/Drese_JesuGehVoran/symbolic.abc.txt	2:1	"[""2:1"", ""none of the other options is correct"", ""1:6"", ""1:1"", ""6:1""]"	0.2	0	"[""A"", ""B"", ""C"", ""D"", ""E""]"	"{""A"": ""1:1"", ""B"": ""none of the other options is correct"", ""C"": ""6:1"", ""D"": ""2:1"", ""E"": ""1:6""}"	"[""(A) 1:1"", ""(B) none of the other options is correct"", ""(C) 6:1"", ""(D) 2:1"", ""(E) 1:6""]"	(D) 2:1	D
22792967-b779-5a73-8bd5-464c67ec5912	7	perception	rhythm	relative	rhythm-relative	proportion-recognition		rhythm pattern	What is the temporal relationship (e.g., 2:1, 3:1) between the  {target_index} note (or rest) and the next one in the {voice} line?	"[""target_index"", ""voice""]"	get_rhythm_pattern		rhythm	"{""target_index"": ""22nd"", ""voice"": ""bass""}"	What is the temporal relationship (e.g., 2:1, 3:1) between the  22nd note (or rest) and the next one in the bass line?	Drese_JesuGehVoran	chorale-bricks	Drese_JesuGehVoran	data/chorale-bricks/Drese_JesuGehVoran	2:1	"[""1:1"", ""1:2"", ""1:4"", ""1:6"", ""6:1""]"	"[""1:6"", ""1:1"", ""6:1"", ""1:4"", ""1:2""]"	visual	visual.short.png	data/chorale-bricks/Drese_JesuGehVoran/visual.short.png	2:1	"[""2:1"", ""none of the other options is correct"", ""1:6"", ""1:1"", ""6:1""]"	0.2	0	"[""A"", ""B"", ""C"", ""D"", ""E""]"	"{""A"": ""1:1"", ""B"": ""none of the other options is correct"", ""C"": ""2:1"", ""D"": ""6:1"", ""E"": ""1:6""}"	"[""(A) 1:1"", ""(B) none of the other options is correct"", ""(C) 2:1"", ""(D) 6:1"", ""(E) 1:6""]"	(C) 2:1	C
0b7ab0c6-0774-5c0f-bef5-ca8f6bb3a4eb	7	perception	rhythm	relative	rhythm-relative	proportion-recognition		rhythm pattern	What is the temporal relationship (e.g., 2:1, 3:1) between the  {target_index} note (or rest) and the next one in the {voice} line?	"[""target_index"", ""voice""]"	get_rhythm_pattern		rhythm	"{""target_index"": ""26th"", ""voice"": ""tenor""}"	What is the temporal relationship (e.g., 2:1, 3:1) between the  26th note (or rest) and the next one in the tenor line?	Bach_IchStehAnDeinerKrippe	chorale-bricks	Bach_IchStehAnDeinerKrippe	data/chorale-bricks/Bach_IchStehAnDeinerKrippe	1:2	"[""1:1"", ""1:4"", ""2:1"", ""3:1"", ""3:2""]"	"[""1:1"", ""2:1"", ""1:4"", ""3:2"", ""3:1""]"	audio	audio.mastermix.wav	data/chorale-bricks/Bach_IchStehAnDeinerKrippe/audio.mastermix.wav	1:2	"[""1:2"", ""none of the other options is correct"", ""1:1"", ""2:1"", ""1:4""]"	0.2	0	"[""A"", ""B"", ""C"", ""D"", ""E""]"	"{""A"": ""1:4"", ""B"": ""2:1"", ""C"": ""1:2"", ""D"": ""none of the other options is correct"", ""E"": ""1:1""}"	"[""(A) 1:4"", ""(B) 2:1"", ""(C) 1:2"", ""(D) none of the other options is correct"", ""(E) 1:1""]"	(C) 1:2	C
28cbaca2-a3fb-50ff-a387-696111412ab8	7	perception	rhythm	relative	rhythm-relative	proportion-recognition		rhythm pattern	What is the temporal relationship (e.g., 2:1, 3:1) between the  {target_index} note (or rest) and the next one in the {voice} line?	"[""target_index"", ""voice""]"	get_rhythm_pattern		rhythm	"{""target_index"": ""26th"", ""voice"": ""tenor""}"	What is the temporal relationship (e.g., 2:1, 3:1) between the  26th note (or rest) and the next one in the tenor line?	Bach_IchStehAnDeinerKrippe	chorale-bricks	Bach_IchStehAnDeinerKrippe	data/chorale-bricks/Bach_IchStehAnDeinerKrippe	1:2	"[""1:1"", ""1:4"", ""2:1"", ""3:1"", ""3:2""]"	"[""1:1"", ""2:1"", ""1:4"", ""3:2"", ""3:1""]"	symbolic	symbolic.abc.txt	data/chorale-bricks/Bach_IchStehAnDeinerKrippe/symbolic.abc.txt	1:2	"[""1:2"", ""none of the other options is correct"", ""1:1"", ""2:1"", ""1:4""]"	0.2	0	"[""A"", ""B"", ""C"", ""D"", ""E""]"	"{""A"": ""1:4"", ""B"": ""1:1"", ""C"": ""2:1"", ""D"": ""1:2"", ""E"": ""none of the other options is correct""}"	"[""(A) 1:4"", ""(B) 1:1"", ""(C) 2:1"", ""(D) 1:2"", ""(E) none of the other options is correct""]"	(D) 1:2	D
f3f0fd53-3690-5b30-b16c-152fc57dcfa1	7	perception	rhythm	relative	rhythm-relative	proportion-recognition		rhythm pattern	What is the temporal relationship (e.g., 2:1, 3:1) between the  {target_index} note (or rest) and the next one in the {voice} line?	"[""target_index"", ""voice""]"	get_rhythm_pattern		rhythm	"{""target_index"": ""26th"", ""voice"": ""tenor""}"	What is the temporal relationship (e.g., 2:1, 3:1) between the  26th note (or rest) and the next one in the tenor line?	Bach_IchStehAnDeinerKrippe	chorale-bricks	Bach_IchStehAnDeinerKrippe	data/chorale-bricks/Bach_IchStehAnDeinerKrippe	1:2	"[""1:1"", ""1:4"", ""2:1"", ""3:1"", ""3:2""]"	"[""1:1"", ""2:1"", ""1:4"", ""3:2"", ""3:1""]"	visual	visual.short.png	data/chorale-bricks/Bach_IchStehAnDeinerKrippe/visual.short.png	1:2	"[""1:2"", ""none of the other options is correct"", ""1:1"", ""2:1"", ""1:4""]"	0.2	0	"[""A"", ""B"", ""C"", ""D"", ""E""]"	"{""A"": ""1:4"", ""B"": ""1:2"", ""C"": ""1:1"", ""D"": ""none of the other options is correct"", ""E"": ""2:1""}"	"[""(A) 1:4"", ""(B) 1:2"", ""(C) 1:1"", ""(D) none of the other options is correct"", ""(E) 2:1""]"	(B) 1:2	B
8ec7b050-b14d-5be5-bc57-f57f5af965b6	7	perception	rhythm	relative	rhythm-relative	proportion-recognition		rhythm pattern	What is the temporal relationship (e.g., 2:1, 3:1) between the  {target_index} note (or rest) and the next one in the {voice} line?	"[""target_index"", ""voice""]"	get_rhythm_pattern		rhythm	"{""target_index"": ""21st"", ""voice"": ""tenor""}"	What is the temporal relationship (e.g., 2:1, 3:1) between the  21st note (or rest) and the next one in the tenor line?	Drese_JesuGehVoran	chorale-bricks	Drese_JesuGehVoran	data/chorale-bricks/Drese_JesuGehVoran	1:1	"[""1:2"", ""1:4"", ""1:6"", ""2:1"", ""6:1""]"	"[""1:2"", ""6:1"", ""2:1"", ""1:6"", ""1:4""]"	audio	audio.mastermix.wav	data/chorale-bricks/Drese_JesuGehVoran/audio.mastermix.wav	1:1	"[""1:1"", ""none of the other options is correct"", ""1:2"", ""6:1"", ""2:1""]"	0.2	0	"[""A"", ""B"", ""C"", ""D"", ""E""]"	"{""A"": ""6:1"", ""B"": ""none of the other options is correct"", ""C"": ""2:1"", ""D"": ""1:2"", ""E"": ""1:1""}"	"[""(A) 6:1"", ""(B) none of the other options is correct"", ""(C) 2:1"", ""(D) 1:2"", ""(E) 1:1""]"	(E) 1:1	E
3f7946f4-826f-525b-83ec-05a0ac88f9c8	7	perception	rhythm	relative	rhythm-relative	proportion-recognition		rhythm pattern	What is the temporal relationship (e.g., 2:1, 3:1) between the  {target_index} note (or rest) and the next one in the {voice} line?	"[""target_index"", ""voice""]"	get_rhythm_pattern		rhythm	"{""target_index"": ""21st"", ""voice"": ""tenor""}"	What is the temporal relationship (e.g., 2:1, 3:1) between the  21st note (or rest) and the next one in the tenor line?	Drese_JesuGehVoran	chorale-bricks	Drese_JesuGehVoran	data/chorale-bricks/Drese_JesuGehVoran	1:1	"[""1:2"", ""1:4"", ""1:6"", ""2:1"", ""6:1""]"	"[""1:2"", ""6:1"", ""2:1"", ""1:6"", ""1:4""]"	symbolic	symbolic.abc.txt	data/chorale-bricks/Drese_JesuGehVoran/symbolic.abc.txt	1:1	"[""1:1"", ""none of the other options is correct"", ""1:2"", ""6:1"", ""2:1""]"	0.2	0	"[""A"", ""B"", ""C"", ""D"", ""E""]"	"{""A"": ""2:1"", ""B"": ""6:1"", ""C"": ""1:1"", ""D"": ""none of the other options is correct"", ""E"": ""1:2""}"	"[""(A) 2:1"", ""(B) 6:1"", ""(C) 1:1"", ""(D) none of the other options is correct"", ""(E) 1:2""]"	(C) 1:1	C
2fa61d37-902b-5eaa-a281-54594f8769e0	7	perception	rhythm	relative	rhythm-relative	proportion-recognition		rhythm pattern	What is the temporal relationship (e.g., 2:1, 3:1) between the  {target_index} note (or rest) and the next one in the {voice} line?	"[""target_index"", ""voice""]"	get_rhythm_pattern		rhythm	"{""target_index"": ""21st"", ""voice"": ""tenor""}"	What is the temporal relationship (e.g., 2:1, 3:1) between the  21st note (or rest) and the next one in the tenor line?	Drese_JesuGehVoran	chorale-bricks	Drese_JesuGehVoran	data/chorale-bricks/Drese_JesuGehVoran	1:1	"[""1:2"", ""1:4"", ""1:6"", ""2:1"", ""6:1""]"	"[""1:2"", ""6:1"", ""2:1"", ""1:6"", ""1:4""]"	visual	visual.short.png	data/chorale-bricks/Drese_JesuGehVoran/visual.short.png	1:1	"[""1:1"", ""none of the other options is correct"", ""1:2"", ""6:1"", ""2:1""]"	0.2	0	"[""A"", ""B"", ""C"", ""D"", ""E""]"	"{""A"": ""none of the other options is correct"", ""B"": ""2:1"", ""C"": ""6:1"", ""D"": ""1:2"", ""E"": ""1:1""}"	"[""(A) none of the other options is correct"", ""(B) 2:1"", ""(C) 6:1"", ""(D) 1:2"", ""(E) 1:1""]"	(E) 1:1	E
5e8736df-8b15-5452-8bd9-6281ba942379	7	perception	rhythm	relative	rhythm-relative	proportion-recognition		rhythm pattern	What is the temporal relationship (e.g., 2:1, 3:1) between the  {target_index} note (or rest) and the next one in the {voice} line?	"[""target_index"", ""voice""]"	get_rhythm_pattern		rhythm	"{""target_index"": ""12th"", ""voice"": ""bass""}"	What is the temporal relationship (e.g., 2:1, 3:1) between the  12th note (or rest) and the next one in the bass line?	Drese_JesuGehVoran	chorale-bricks	Drese_JesuGehVoran	data/chorale-bricks/Drese_JesuGehVoran	1:2	"[""1:1"", ""1:4"", ""1:6"", ""2:1"", ""6:1""]"	"[""1:1"", ""2:1"", ""1:4"", ""6:1"", ""1:6""]"	audio	audio.mastermix.wav	data/chorale-bricks/Drese_JesuGehVoran/audio.mastermix.wav	1:2	"[""1:2"", ""none of the other options is correct"", ""1:1"", ""2:1"", ""1:4""]"	0.2	0	"[""A"", ""B"", ""C"", ""D"", ""E""]"	"{""A"": ""1:2"", ""B"": ""1:4"", ""C"": ""none of the other options is correct"", ""D"": ""2:1"", ""E"": ""1:1""}"	"[""(A) 1:2"", ""(B) 1:4"", ""(C) none of the other options is correct"", ""(D) 2:1"", ""(E) 1:1""]"	(A) 1:2	A
72e01209-3bbf-5514-bfe1-9c04898a90aa	7	perception	rhythm	relative	rhythm-relative	proportion-recognition		rhythm pattern	What is the temporal relationship (e.g., 2:1, 3:1) between the  {target_index} note (or rest) and the next one in the {voice} line?	"[""target_index"", ""voice""]"	get_rhythm_pattern		rhythm	"{""target_index"": ""12th"", ""voice"": ""bass""}"	What is the temporal relationship (e.g., 2:1, 3:1) between the  12th note (or rest) and the next one in the bass line?	Drese_JesuGehVoran	chorale-bricks	Drese_JesuGehVoran	data/chorale-bricks/Drese_JesuGehVoran	1:2	"[""1:1"", ""1:4"", ""1:6"", ""2:1"", ""6:1""]"	"[""1:1"", ""2:1"", ""1:4"", ""6:1"", ""1:6""]"	symbolic	symbolic.abc.txt	data/chorale-bricks/Drese_JesuGehVoran/symbolic.abc.txt	1:2	"[""1:2"", ""none of the other options is correct"", ""1:1"", ""2:1"", ""1:4""]"	0.2	0	"[""A"", ""B"", ""C"", ""D"", ""E""]"	"{""A"": ""1:2"", ""B"": ""2:1"", ""C"": ""1:4"", ""D"": ""1:1"", ""E"": ""none of the other options is correct""}"	"[""(A) 1:2"", ""(B) 2:1"", ""(C) 1:4"", ""(D) 1:1"", ""(E) none of the other options is correct""]"	(A) 1:2	A
1dee0c70-6d8e-52b4-86ad-48172403317d	7	perception	rhythm	relative	rhythm-relative	proportion-recognition		rhythm pattern	What is the temporal relationship (e.g., 2:1, 3:1) between the  {target_index} note (or rest) and the next one in the {voice} line?	"[""target_index"", ""voice""]"	get_rhythm_pattern		rhythm	"{""target_index"": ""12th"", ""voice"": ""bass""}"	What is the temporal relationship (e.g., 2:1, 3:1) between the  12th note (or rest) and the next one in the bass line?	Drese_JesuGehVoran	chorale-bricks	Drese_JesuGehVoran	data/chorale-bricks/Drese_JesuGehVoran	1:2	"[""1:1"", ""1:4"", ""1:6"", ""2:1"", ""6:1""]"	"[""1:1"", ""2:1"", ""1:4"", ""6:1"", ""1:6""]"	visual	visual.short.png	data/chorale-bricks/Drese_JesuGehVoran/visual.short.png	1:2	"[""1:2"", ""none of the other options is correct"", ""1:1"", ""2:1"", ""1:4""]"	0.2	0	"[""A"", ""B"", ""C"", ""D"", ""E""]"	"{""A"": ""2:1"", ""B"": ""1:1"", ""C"": ""none of the other options is correct"", ""D"": ""1:2"", ""E"": ""1:4""}"	"[""(A) 2:1"", ""(B) 1:1"", ""(C) none of the other options is correct"", ""(D) 1:2"", ""(E) 1:4""]"	(D) 1:2	D
4ba1eb6b-afbc-5dc2-b226-371fa1282ea5	7	perception	rhythm	relative	rhythm-relative	proportion-recognition		rhythm pattern	What is the temporal relationship (e.g., 2:1, 3:1) between the  {target_index} note (or rest) and the next one in the {voice} line?	"[""target_index"", ""voice""]"	get_rhythm_pattern		rhythm	"{""target_index"": ""23rd"", ""voice"": ""soprano""}"	What is the temporal relationship (e.g., 2:1, 3:1) between the  23rd note (or rest) and the next one in the soprano line?	Gesius_BefiehlDuDeineWege	chorale-bricks	Gesius_BefiehlDuDeineWege	data/chorale-bricks/Gesius_BefiehlDuDeineWege	1:1	"[""1:2"", ""1:3"", ""2:1"", ""3:1""]"	"[""1:2"", ""3:1"", ""2:1"", ""1:3""]"	audio	audio.mastermix.wav	data/chorale-bricks/Gesius_BefiehlDuDeineWege/audio.mastermix.wav	1:1	"[""1:1"", ""none of the other options is correct"", ""1:2"", ""3:1"", ""2:1""]"	0.2	0	"[""A"", ""B"", ""C"", ""D"", ""E""]"	"{""A"": ""none of the other options is correct"", ""B"": ""1:1"", ""C"": ""1:2"", ""D"": ""2:1"", ""E"": ""3:1""}"	"[""(A) none of the other options is correct"", ""(B) 1:1"", ""(C) 1:2"", ""(D) 2:1"", ""(E) 3:1""]"	(B) 1:1	B
2a874709-b419-5ad0-a36a-758aa4c38746	7	perception	rhythm	relative	rhythm-relative	proportion-recognition		rhythm pattern	What is the temporal relationship (e.g., 2:1, 3:1) between the  {target_index} note (or rest) and the next one in the {voice} line?	"[""target_index"", ""voice""]"	get_rhythm_pattern		rhythm	"{""target_index"": ""23rd"", ""voice"": ""soprano""}"	What is the temporal relationship (e.g., 2:1, 3:1) between the  23rd note (or rest) and the next one in the soprano line?	Gesius_BefiehlDuDeineWege	chorale-bricks	Gesius_BefiehlDuDeineWege	data/chorale-bricks/Gesius_BefiehlDuDeineWege	1:1	"[""1:2"", ""1:3"", ""2:1"", ""3:1""]"	"[""1:2"", ""3:1"", ""2:1"", ""1:3""]"	symbolic	symbolic.abc.txt	data/chorale-bricks/Gesius_BefiehlDuDeineWege/symbolic.abc.txt	none of the other options is correct	"[""none of the other options is correct"", ""1:2"", ""3:1"", ""2:1"", ""1:3""]"	0.2	1	"[""A"", ""B"", ""C"", ""D"", ""E""]"	"{""A"": ""3:1"", ""B"": ""1:2"", ""C"": ""2:1"", ""D"": ""none of the other options is correct"", ""E"": ""1:3""}"	"[""(A) 3:1"", ""(B) 1:2"", ""(C) 2:1"", ""(D) none of the other options is correct"", ""(E) 1:3""]"	(D) none of the other options is correct	D
3dc053c0-adb7-5093-acaf-b1eaa0bb62c5	7	perception	rhythm	relative	rhythm-relative	proportion-recognition		rhythm pattern	What is the temporal relationship (e.g., 2:1, 3:1) between the  {target_index} note (or rest) and the next one in the {voice} line?	"[""target_index"", ""voice""]"	get_rhythm_pattern		rhythm	"{""target_index"": ""23rd"", ""voice"": ""soprano""}"	What is the temporal relationship (e.g., 2:1, 3:1) between the  23rd note (or rest) and the next one in the soprano line?	Gesius_BefiehlDuDeineWege	chorale-bricks	Gesius_BefiehlDuDeineWege	data/chorale-bricks/Gesius_BefiehlDuDeineWege	1:1	"[""1:2"", ""1:3"", ""2:1"", ""3:1""]"	"[""1:2"", ""3:1"", ""2:1"", ""1:3""]"	visual	visual.short.png	data/chorale-bricks/Gesius_BefiehlDuDeineWege/visual.short.png	1:1	"[""1:1"", ""none of the other options is correct"", ""1:2"", ""3:1"", ""2:1""]"	0.2	0	"[""A"", ""B"", ""C"", ""D"", ""E""]"	"{""A"": ""2:1"", ""B"": ""1:1"", ""C"": ""1:2"", ""D"": ""3:1"", ""E"": ""none of the other options is correct""}"	"[""(A) 2:1"", ""(B) 1:1"", ""(C) 1:2"", ""(D) 3:1"", ""(E) none of the other options is correct""]"	(B) 1:1	B
0cab41e5-063f-5866-9d23-4d56f6c1bcd5	7	perception	rhythm	relative	rhythm-relative	proportion-recognition		rhythm pattern	What is the temporal relationship (e.g., 2:1, 3:1) between the  {target_index} note (or rest) and the next one in the {voice} line?	"[""target_index"", ""voice""]"	get_rhythm_pattern		rhythm	"{""target_index"": ""8th"", ""voice"": ""bass""}"	What is the temporal relationship (e.g., 2:1, 3:1) between the  8th note (or rest) and the next one in the bass line?	Vulpius_DieHelleSonnLeuchtJetztHerfuer	chorale-bricks	Vulpius_DieHelleSonnLeuchtJetztHerfuer	data/chorale-bricks/Vulpius_DieHelleSonnLeuchtJetztHerfuer	2:1	"[""1:1"", ""1:2"", ""1:3"", ""3:1""]"	"[""3:1"", ""1:3"", ""1:1"", ""1:2""]"	audio	audio.mastermix.wav	data/chorale-bricks/Vulpius_DieHelleSonnLeuchtJetztHerfuer/audio.mastermix.wav	2:1	"[""2:1"", ""none of the other options is correct"", ""3:1"", ""1:3"", ""1:1""]"	0.2	0	"[""A"", ""B"", ""C"", ""D"", ""E""]"	"{""A"": ""1:3"", ""B"": ""none of the other options is correct"", ""C"": ""1:1"", ""D"": ""2:1"", ""E"": ""3:1""}"	"[""(A) 1:3"", ""(B) none of the other options is correct"", ""(C) 1:1"", ""(D) 2:1"", ""(E) 3:1""]"	(D) 2:1	D
350c772d-60a9-5f3d-9fb2-a38fd88772ca	7	perception	rhythm	relative	rhythm-relative	proportion-recognition		rhythm pattern	What is the temporal relationship (e.g., 2:1, 3:1) between the  {target_index} note (or rest) and the next one in the {voice} line?	"[""target_index"", ""voice""]"	get_rhythm_pattern		rhythm	"{""target_index"": ""8th"", ""voice"": ""bass""}"	What is the temporal relationship (e.g., 2:1, 3:1) between the  8th note (or rest) and the next one in the bass line?	Vulpius_DieHelleSonnLeuchtJetztHerfuer	chorale-bricks	Vulpius_DieHelleSonnLeuchtJetztHerfuer	data/chorale-bricks/Vulpius_DieHelleSonnLeuchtJetztHerfuer	2:1	"[""1:1"", ""1:2"", ""1:3"", ""3:1""]"	"[""3:1"", ""1:3"", ""1:1"", ""1:2""]"	symbolic	symbolic.abc.txt	data/chorale-bricks/Vulpius_DieHelleSonnLeuchtJetztHerfuer/symbolic.abc.txt	2:1	"[""2:1"", ""none of the other options is correct"", ""3:1"", ""1:3"", ""1:1""]"	0.2	0	"[""A"", ""B"", ""C"", ""D"", ""E""]"	"{""A"": ""1:3"", ""B"": ""2:1"", ""C"": ""1:1"", ""D"": ""3:1"", ""E"": ""none of the other options is correct""}"	"[""(A) 1:3"", ""(B) 2:1"", ""(C) 1:1"", ""(D) 3:1"", ""(E) none of the other options is correct""]"	(B) 2:1	B
363feb3d-169a-5d6c-bcc3-73bd3b20576b	7	perception	rhythm	relative	rhythm-relative	proportion-recognition		rhythm pattern	What is the temporal relationship (e.g., 2:1, 3:1) between the  {target_index} note (or rest) and the next one in the {voice} line?	"[""target_index"", ""voice""]"	get_rhythm_pattern		rhythm	"{""target_index"": ""8th"", ""voice"": ""bass""}"	What is the temporal relationship (e.g., 2:1, 3:1) between the  8th note (or rest) and the next one in the bass line?	Vulpius_DieHelleSonnLeuchtJetztHerfuer	chorale-bricks	Vulpius_DieHelleSonnLeuchtJetztHerfuer	data/chorale-bricks/Vulpius_DieHelleSonnLeuchtJetztHerfuer	2:1	"[""1:1"", ""1:2"", ""1:3"", ""3:1""]"	"[""3:1"", ""1:3"", ""1:1"", ""1:2""]"	visual	visual.short.png	data/chorale-bricks/Vulpius_DieHelleSonnLeuchtJetztHerfuer/visual.short.png	2:1	"[""2:1"", ""none of the other options is correct"", ""3:1"", ""1:3"", ""1:1""]"	0.2	0	"[""A"", ""B"", ""C"", ""D"", ""E""]"	"{""A"": ""2:1"", ""B"": ""none of the other options is correct"", ""C"": ""1:3"", ""D"": ""3:1"", ""E"": ""1:1""}"	"[""(A) 2:1"", ""(B) none of the other options is correct"", ""(C) 1:3"", ""(D) 3:1"", ""(E) 1:1""]"	(A) 2:1	A
0caf7e78-7d64-5787-a362-2e12494d8e9b	7	perception	rhythm	relative	rhythm-relative	proportion-recognition		rhythm pattern	What is the temporal relationship (e.g., 2:1, 3:1) between the  {target_index} note (or rest) and the next one in the {voice} line?	"[""target_index"", ""voice""]"	get_rhythm_pattern		rhythm	"{""target_index"": ""30th"", ""voice"": ""alto""}"	What is the temporal relationship (e.g., 2:1, 3:1) between the  30th note (or rest) and the next one in the alto line?	Vulpius_DieHelleSonnLeuchtJetztHerfuer	chorale-bricks	Vulpius_DieHelleSonnLeuchtJetztHerfuer	data/chorale-bricks/Vulpius_DieHelleSonnLeuchtJetztHerfuer	1:2	"[""1:1"", ""1:3"", ""2:1"", ""3:1""]"	"[""1:3"", ""3:1"", ""1:1"", ""2:1""]"	audio	audio.mastermix.wav	data/chorale-bricks/Vulpius_DieHelleSonnLeuchtJetztHerfuer/audio.mastermix.wav	1:2	"[""1:2"", ""none of the other options is correct"", ""1:3"", ""3:1"", ""1:1""]"	0.2	0	"[""A"", ""B"", ""C"", ""D"", ""E""]"	"{""A"": ""none of the other options is correct"", ""B"": ""1:2"", ""C"": ""3:1"", ""D"": ""1:3"", ""E"": ""1:1""}"	"[""(A) none of the other options is correct"", ""(B) 1:2"", ""(C) 3:1"", ""(D) 1:3"", ""(E) 1:1""]"	(B) 1:2	B
f38e72ee-f500-51c6-8982-39d300886bd1	7	perception	rhythm	relative	rhythm-relative	proportion-recognition		rhythm pattern	What is the temporal relationship (e.g., 2:1, 3:1) between the  {target_index} note (or rest) and the next one in the {voice} line?	"[""target_index"", ""voice""]"	get_rhythm_pattern		rhythm	"{""target_index"": ""30th"", ""voice"": ""alto""}"	What is the temporal relationship (e.g., 2:1, 3:1) between the  30th note (or rest) and the next one in the alto line?	Vulpius_DieHelleSonnLeuchtJetztHerfuer	chorale-bricks	Vulpius_DieHelleSonnLeuchtJetztHerfuer	data/chorale-bricks/Vulpius_DieHelleSonnLeuchtJetztHerfuer	1:2	"[""1:1"", ""1:3"", ""2:1"", ""3:1""]"	"[""1:3"", ""3:1"", ""1:1"", ""2:1""]"	symbolic	symbolic.abc.txt	data/chorale-bricks/Vulpius_DieHelleSonnLeuchtJetztHerfuer/symbolic.abc.txt	1:2	"[""1:2"", ""none of the other options is correct"", ""1:3"", ""3:1"", ""1:1""]"	0.2	0	"[""A"", ""B"", ""C"", ""D"", ""E""]"	"{""A"": ""1:1"", ""B"": ""3:1"", ""C"": ""1:3"", ""D"": ""none of the other options is correct"", ""E"": ""1:2""}"	"[""(A) 1:1"", ""(B) 3:1"", ""(C) 1:3"", ""(D) none of the other options is correct"", ""(E) 1:2""]"	(E) 1:2	E
14d54449-544e-5e40-a875-d06e6cd6a68b	7	perception	rhythm	relative	rhythm-relative	proportion-recognition		rhythm pattern	What is the temporal relationship (e.g., 2:1, 3:1) between the  {target_index} note (or rest) and the next one in the {voice} line?	"[""target_index"", ""voice""]"	get_rhythm_pattern		rhythm	"{""target_index"": ""30th"", ""voice"": ""alto""}"	What is the temporal relationship (e.g., 2:1, 3:1) between the  30th note (or rest) and the next one in the alto line?	Vulpius_DieHelleSonnLeuchtJetztHerfuer	chorale-bricks	Vulpius_DieHelleSonnLeuchtJetztHerfuer	data/chorale-bricks/Vulpius_DieHelleSonnLeuchtJetztHerfuer	1:2	"[""1:1"", ""1:3"", ""2:1"", ""3:1""]"	"[""1:3"", ""3:1"", ""1:1"", ""2:1""]"	visual	visual.short.png	data/chorale-bricks/Vulpius_DieHelleSonnLeuchtJetztHerfuer/visual.short.png	1:2	"[""1:2"", ""none of the other options is correct"", ""1:3"", ""3:1"", ""1:1""]"	0.2	0	"[""A"", ""B"", ""C"", ""D"", ""E""]"	"{""A"": ""none of the other options is correct"", ""B"": ""1:2"", ""C"": ""1:1"", ""D"": ""3:1"", ""E"": ""1:3""}"	"[""(A) none of the other options is correct"", ""(B) 1:2"", ""(C) 1:1"", ""(D) 3:1"", ""(E) 1:3""]"	(B) 1:2	B
2c2c7e98-847f-5d0b-80b6-a6eb0f87d93f	7	perception	rhythm	relative	rhythm-relative	proportion-recognition		rhythm pattern	What is the temporal relationship (e.g., 2:1, 3:1) between the  {target_index} note (or rest) and the next one in the {voice} line?	"[""target_index"", ""voice""]"	get_rhythm_pattern		rhythm	"{""target_index"": ""48th"", ""voice"": ""tenor""}"	What is the temporal relationship (e.g., 2:1, 3:1) between the  48th note (or rest) and the next one in the tenor line?	Bach_IchStehAnDeinerKrippe	chorale-bricks	Bach_IchStehAnDeinerKrippe	data/chorale-bricks/Bach_IchStehAnDeinerKrippe	1:1	"[""1:2"", ""1:4"", ""2:1"", ""3:1"", ""3:2""]"	"[""3:2"", ""1:2"", ""2:1"", ""1:4"", ""3:1""]"	audio	audio.mastermix.wav	data/chorale-bricks/Bach_IchStehAnDeinerKrippe/audio.mastermix.wav	1:1	"[""1:1"", ""none of the other options is correct"", ""3:2"", ""1:2"", ""2:1""]"	0.2	0	"[""A"", ""B"", ""C"", ""D"", ""E""]"	"{""A"": ""1:2"", ""B"": ""2:1"", ""C"": ""1:1"", ""D"": ""none of the other options is correct"", ""E"": ""3:2""}"	"[""(A) 1:2"", ""(B) 2:1"", ""(C) 1:1"", ""(D) none of the other options is correct"", ""(E) 3:2""]"	(C) 1:1	C
af564f6e-b475-57a0-be22-0524520ff30b	7	perception	rhythm	relative	rhythm-relative	proportion-recognition		rhythm pattern	What is the temporal relationship (e.g., 2:1, 3:1) between the  {target_index} note (or rest) and the next one in the {voice} line?	"[""target_index"", ""voice""]"	get_rhythm_pattern		rhythm	"{""target_index"": ""48th"", ""voice"": ""tenor""}"	What is the temporal relationship (e.g., 2:1, 3:1) between the  48th note (or rest) and the next one in the tenor line?	Bach_IchStehAnDeinerKrippe	chorale-bricks	Bach_IchStehAnDeinerKrippe	data/chorale-bricks/Bach_IchStehAnDeinerKrippe	1:1	"[""1:2"", ""1:4"", ""2:1"", ""3:1"", ""3:2""]"	"[""3:2"", ""1:2"", ""2:1"", ""1:4"", ""3:1""]"	symbolic	symbolic.abc.txt	data/chorale-bricks/Bach_IchStehAnDeinerKrippe/symbolic.abc.txt	none of the other options is correct	"[""none of the other options is correct"", ""3:2"", ""1:2"", ""2:1"", ""1:4""]"	0.2	1	"[""A"", ""B"", ""C"", ""D"", ""E""]"	"{""A"": ""1:4"", ""B"": ""1:2"", ""C"": ""3:2"", ""D"": ""none of the other options is correct"", ""E"": ""2:1""}"	"[""(A) 1:4"", ""(B) 1:2"", ""(C) 3:2"", ""(D) none of the other options is correct"", ""(E) 2:1""]"	(D) none of the other options is correct	D
1415b75f-becf-555d-90c8-73d0c8f506d3	7	perception	rhythm	relative	rhythm-relative	proportion-recognition		rhythm pattern	What is the temporal relationship (e.g., 2:1, 3:1) between the  {target_index} note (or rest) and the next one in the {voice} line?	"[""target_index"", ""voice""]"	get_rhythm_pattern		rhythm	"{""target_index"": ""48th"", ""voice"": ""tenor""}"	What is the temporal relationship (e.g., 2:1, 3:1) between the  48th note (or rest) and the next one in the tenor line?	Bach_IchStehAnDeinerKrippe	chorale-bricks	Bach_IchStehAnDeinerKrippe	data/chorale-bricks/Bach_IchStehAnDeinerKrippe	1:1	"[""1:2"", ""1:4"", ""2:1"", ""3:1"", ""3:2""]"	"[""3:2"", ""1:2"", ""2:1"", ""1:4"", ""3:1""]"	visual	visual.short.png	data/chorale-bricks/Bach_IchStehAnDeinerKrippe/visual.short.png	1:1	"[""1:1"", ""none of the other options is correct"", ""3:2"", ""1:2"", ""2:1""]"	0.2	0	"[""A"", ""B"", ""C"", ""D"", ""E""]"	"{""A"": ""2:1"", ""B"": ""3:2"", ""C"": ""1:1"", ""D"": ""1:2"", ""E"": ""none of the other options is correct""}"	"[""(A) 2:1"", ""(B) 3:2"", ""(C) 1:1"", ""(D) 1:2"", ""(E) none of the other options is correct""]"	(C) 1:1	C
d8f64ef6-df22-5261-b2c9-55d5710fbedc	8	perception	rhythm	relative	rhythm-relative	proportion-recognition		rhythm pattern statistics	How many rhythmic figures with a strict {rhythm_proportion} proportionality are there in the {voice} line?	"[""rhythm_proportion"", ""voice""]"	get_rhythm_pattern_count		rhythm	"{""rhythm_proportion"": ""1:1"", ""voice"": ""bass""}"	How many rhythmic figures with a strict 1:1 proportionality are there in the bass line?	Bach_IchStehAnDeinerKrippe	chorale-bricks	Bach_IchStehAnDeinerKrippe	data/chorale-bricks/Bach_IchStehAnDeinerKrippe	35	"[""1"", ""2"", ""3"", ""4""]"	"[""1"", ""4"", ""2"", ""3""]"	audio	audio.mastermix.wav	data/chorale-bricks/Bach_IchStehAnDeinerKrippe/audio.mastermix.wav	35	"[""35"", ""none of the other options is correct"", ""1"", ""4"", ""2""]"	0.2	0	"[""A"", ""B"", ""C"", ""D"", ""E""]"	"{""A"": ""1"", ""B"": ""4"", ""C"": ""35"", ""D"": ""2"", ""E"": ""none of the other options is correct""}"	"[""(A) 1"", ""(B) 4"", ""(C) 35"", ""(D) 2"", ""(E) none of the other options is correct""]"	(C) 35	C
cc878cd3-cedc-508a-80d9-7197761d9fd5	8	perception	rhythm	relative	rhythm-relative	proportion-recognition		rhythm pattern statistics	How many rhythmic figures with a strict {rhythm_proportion} proportionality are there in the {voice} line?	"[""rhythm_proportion"", ""voice""]"	get_rhythm_pattern_count		rhythm	"{""rhythm_proportion"": ""1:1"", ""voice"": ""bass""}"	How many rhythmic figures with a strict 1:1 proportionality are there in the bass line?	Bach_IchStehAnDeinerKrippe	chorale-bricks	Bach_IchStehAnDeinerKrippe	data/chorale-bricks/Bach_IchStehAnDeinerKrippe	35	"[""1"", ""2"", ""3"", ""4""]"	"[""1"", ""4"", ""2"", ""3""]"	symbolic	symbolic.abc.txt	data/chorale-bricks/Bach_IchStehAnDeinerKrippe/symbolic.abc.txt	35	"[""35"", ""none of the other options is correct"", ""1"", ""4"", ""2""]"	0.2	0	"[""A"", ""B"", ""C"", ""D"", ""E""]"	"{""A"": ""4"", ""B"": ""none of the other options is correct"", ""C"": ""35"", ""D"": ""1"", ""E"": ""2""}"	"[""(A) 4"", ""(B) none of the other options is correct"", ""(C) 35"", ""(D) 1"", ""(E) 2""]"	(C) 35	C
0bb69965-a65b-5aad-b578-17f59ab03618	8	perception	rhythm	relative	rhythm-relative	proportion-recognition		rhythm pattern statistics	How many rhythmic figures with a strict {rhythm_proportion} proportionality are there in the {voice} line?	"[""rhythm_proportion"", ""voice""]"	get_rhythm_pattern_count		rhythm	"{""rhythm_proportion"": ""1:1"", ""voice"": ""bass""}"	How many rhythmic figures with a strict 1:1 proportionality are there in the bass line?	Bach_IchStehAnDeinerKrippe	chorale-bricks	Bach_IchStehAnDeinerKrippe	data/chorale-bricks/Bach_IchStehAnDeinerKrippe	35	"[""1"", ""2"", ""3"", ""4""]"	"[""1"", ""4"", ""2"", ""3""]"	visual	visual.short.png	data/chorale-bricks/Bach_IchStehAnDeinerKrippe/visual.short.png	35	"[""35"", ""none of the other options is correct"", ""1"", ""4"", ""2""]"	0.2	0	"[""A"", ""B"", ""C"", ""D"", ""E""]"	"{""A"": ""1"", ""B"": ""35"", ""C"": ""none of the other options is correct"", ""D"": ""2"", ""E"": ""4""}"	"[""(A) 1"", ""(B) 35"", ""(C) none of the other options is correct"", ""(D) 2"", ""(E) 4""]"	(B) 35	B
e7164df9-480a-5f98-92c4-f81eb17836b1	8	perception	rhythm	relative	rhythm-relative	proportion-recognition		rhythm pattern statistics	How many rhythmic figures with a strict {rhythm_proportion} proportionality are there in the {voice} line?	"[""rhythm_proportion"", ""voice""]"	get_rhythm_pattern_count		rhythm	"{""rhythm_proportion"": ""2:1"", ""voice"": ""alto""}"	How many rhythmic figures with a strict 2:1 proportionality are there in the alto line?	Jan_DuGrosserSchmerzensmann	chorale-bricks	Jan_DuGrosserSchmerzensmann	data/chorale-bricks/Jan_DuGrosserSchmerzensmann	13	"[""1"", ""2"", ""3"", ""4""]"	"[""3"", ""4"", ""2"", ""1""]"	audio	audio.mastermix.wav	data/chorale-bricks/Jan_DuGrosserSchmerzensmann/audio.mastermix.wav	13	"[""13"", ""none of the other options is correct"", ""3"", ""4"", ""2""]"	0.2	0	"[""A"", ""B"", ""C"", ""D"", ""E""]"	"{""A"": ""2"", ""B"": ""4"", ""C"": ""13"", ""D"": ""3"", ""E"": ""none of the other options is correct""}"	"[""(A) 2"", ""(B) 4"", ""(C) 13"", ""(D) 3"", ""(E) none of the other options is correct""]"	(C) 13	C
60603007-ac46-5630-905e-03d91bd9fc77	8	perception	rhythm	relative	rhythm-relative	proportion-recognition		rhythm pattern statistics	How many rhythmic figures with a strict {rhythm_proportion} proportionality are there in the {voice} line?	"[""rhythm_proportion"", ""voice""]"	get_rhythm_pattern_count		rhythm	"{""rhythm_proportion"": ""2:1"", ""voice"": ""alto""}"	How many rhythmic figures with a strict 2:1 proportionality are there in the alto line?	Jan_DuGrosserSchmerzensmann	chorale-bricks	Jan_DuGrosserSchmerzensmann	data/chorale-bricks/Jan_DuGrosserSchmerzensmann	13	"[""1"", ""2"", ""3"", ""4""]"	"[""3"", ""4"", ""2"", ""1""]"	symbolic	symbolic.abc.txt	data/chorale-bricks/Jan_DuGrosserSchmerzensmann/symbolic.abc.txt	13	"[""13"", ""none of the other options is correct"", ""3"", ""4"", ""2""]"	0.2	0	"[""A"", ""B"", ""C"", ""D"", ""E""]"	"{""A"": ""3"", ""B"": ""2"", ""C"": ""none of the other options is correct"", ""D"": ""13"", ""E"": ""4""}"	"[""(A) 3"", ""(B) 2"", ""(C) none of the other options is correct"", ""(D) 13"", ""(E) 4""]"	(D) 13	D
857dfd93-a0f8-512b-88f1-f519c819220f	8	perception	rhythm	relative	rhythm-relative	proportion-recognition		rhythm pattern statistics	How many rhythmic figures with a strict {rhythm_proportion} proportionality are there in the {voice} line?	"[""rhythm_proportion"", ""voice""]"	get_rhythm_pattern_count		rhythm	"{""rhythm_proportion"": ""2:1"", ""voice"": ""alto""}"	How many rhythmic figures with a strict 2:1 proportionality are there in the alto line?	Jan_DuGrosserSchmerzensmann	chorale-bricks	Jan_DuGrosserSchmerzensmann	data/chorale-bricks/Jan_DuGrosserSchmerzensmann	13	"[""1"", ""2"", ""3"", ""4""]"	"[""3"", ""4"", ""2"", ""1""]"	visual	visual.short.png	data/chorale-bricks/Jan_DuGrosserSchmerzensmann/visual.short.png	13	"[""13"", ""none of the other options is correct"", ""3"", ""4"", ""2""]"	0.2	0	"[""A"", ""B"", ""C"", ""D"", ""E""]"	"{""A"": ""13"", ""B"": ""3"", ""C"": ""4"", ""D"": ""2"", ""E"": ""none of the other options is correct""}"	"[""(A) 13"", ""(B) 3"", ""(C) 4"", ""(D) 2"", ""(E) none of the other options is correct""]"	(A) 13	A
9a0ab481-32a6-59e2-a5f3-e9f2180c4153	8	perception	rhythm	relative	rhythm-relative	proportion-recognition		rhythm pattern statistics	How many rhythmic figures with a strict {rhythm_proportion} proportionality are there in the {voice} line?	"[""rhythm_proportion"", ""voice""]"	get_rhythm_pattern_count		rhythm	"{""rhythm_proportion"": ""1:3"", ""voice"": ""tenor""}"	How many rhythmic figures with a strict 1:3 proportionality are there in the tenor line?	Gesius_BefiehlDuDeineWege	chorale-bricks	Gesius_BefiehlDuDeineWege	data/chorale-bricks/Gesius_BefiehlDuDeineWege	1	"[""0"", ""2"", ""3"", ""4""]"	"[""3"", ""4"", ""0"", ""2""]"	audio	audio.mastermix.wav	data/chorale-bricks/Gesius_BefiehlDuDeineWege/audio.mastermix.wav	1	"[""1"", ""none of the other options is correct"", ""3"", ""4"", ""0""]"	0.2	0	"[""A"", ""B"", ""C"", ""D"", ""E""]"	"{""A"": ""0"", ""B"": ""3"", ""C"": ""none of the other options is correct"", ""D"": ""4"", ""E"": ""1""}"	"[""(A) 0"", ""(B) 3"", ""(C) none of the other options is correct"", ""(D) 4"", ""(E) 1""]"	(E) 1	E
ee30f15a-03c2-5d87-ba33-6d421cfb3749	8	perception	rhythm	relative	rhythm-relative	proportion-recognition		rhythm pattern statistics	How many rhythmic figures with a strict {rhythm_proportion} proportionality are there in the {voice} line?	"[""rhythm_proportion"", ""voice""]"	get_rhythm_pattern_count		rhythm	"{""rhythm_proportion"": ""1:3"", ""voice"": ""tenor""}"	How many rhythmic figures with a strict 1:3 proportionality are there in the tenor line?	Gesius_BefiehlDuDeineWege	chorale-bricks	Gesius_BefiehlDuDeineWege	data/chorale-bricks/Gesius_BefiehlDuDeineWege	1	"[""0"", ""2"", ""3"", ""4""]"	"[""3"", ""4"", ""0"", ""2""]"	symbolic	symbolic.abc.txt	data/chorale-bricks/Gesius_BefiehlDuDeineWege/symbolic.abc.txt	1	"[""1"", ""none of the other options is correct"", ""3"", ""4"", ""0""]"	0.2	0	"[""A"", ""B"", ""C"", ""D"", ""E""]"	"{""A"": ""0"", ""B"": ""1"", ""C"": ""3"", ""D"": ""none of the other options is correct"", ""E"": ""4""}"	"[""(A) 0"", ""(B) 1"", ""(C) 3"", ""(D) none of the other options is correct"", ""(E) 4""]"	(B) 1	B
7ffeadac-0749-5e82-83b1-a77853b017f3	8	perception	rhythm	relative	rhythm-relative	proportion-recognition		rhythm pattern statistics	How many rhythmic figures with a strict {rhythm_proportion} proportionality are there in the {voice} line?	"[""rhythm_proportion"", ""voice""]"	get_rhythm_pattern_count		rhythm	"{""rhythm_proportion"": ""1:3"", ""voice"": ""tenor""}"	How many rhythmic figures with a strict 1:3 proportionality are there in the tenor line?	Gesius_BefiehlDuDeineWege	chorale-bricks	Gesius_BefiehlDuDeineWege	data/chorale-bricks/Gesius_BefiehlDuDeineWege	1	"[""0"", ""2"", ""3"", ""4""]"	"[""3"", ""4"", ""0"", ""2""]"	visual	visual.short.png	data/chorale-bricks/Gesius_BefiehlDuDeineWege/visual.short.png	1	"[""1"", ""none of the other options is correct"", ""3"", ""4"", ""0""]"	0.2	0	"[""A"", ""B"", ""C"", ""D"", ""E""]"	"{""A"": ""none of the other options is correct"", ""B"": ""4"", ""C"": ""3"", ""D"": ""0"", ""E"": ""1""}"	"[""(A) none of the other options is correct"", ""(B) 4"", ""(C) 3"", ""(D) 0"", ""(E) 1""]"	(E) 1	E
a66e1029-2a08-59bb-b2d1-d70436756b84	8	perception	rhythm	relative	rhythm-relative	proportion-recognition		rhythm pattern statistics	How many rhythmic figures with a strict {rhythm_proportion} proportionality are there in the {voice} line?	"[""rhythm_proportion"", ""voice""]"	get_rhythm_pattern_count		rhythm	"{""rhythm_proportion"": ""2:1"", ""voice"": ""bass""}"	How many rhythmic figures with a strict 2:1 proportionality are there in the bass line?	Drese_JesuGehVoran	chorale-bricks	Drese_JesuGehVoran	data/chorale-bricks/Drese_JesuGehVoran	11	"[""0"", ""1"", ""2"", ""4""]"	"[""4"", ""2"", ""1"", ""0""]"	audio	audio.mastermix.wav	data/chorale-bricks/Drese_JesuGehVoran/audio.mastermix.wav	11	"[""11"", ""none of the other options is correct"", ""4"", ""2"", ""1""]"	0.2	0	"[""A"", ""B"", ""C"", ""D"", ""E""]"	"{""A"": ""11"", ""B"": ""none of the other options is correct"", ""C"": ""1"", ""D"": ""2"", ""E"": ""4""}"	"[""(A) 11"", ""(B) none of the other options is correct"", ""(C) 1"", ""(D) 2"", ""(E) 4""]"	(A) 11	A
cb6e9dc7-b781-5782-86e0-ab951d39feec	8	perception	rhythm	relative	rhythm-relative	proportion-recognition		rhythm pattern statistics	How many rhythmic figures with a strict {rhythm_proportion} proportionality are there in the {voice} line?	"[""rhythm_proportion"", ""voice""]"	get_rhythm_pattern_count		rhythm	"{""rhythm_proportion"": ""2:1"", ""voice"": ""bass""}"	How many rhythmic figures with a strict 2:1 proportionality are there in the bass line?	Drese_JesuGehVoran	chorale-bricks	Drese_JesuGehVoran	data/chorale-bricks/Drese_JesuGehVoran	11	"[""0"", ""1"", ""2"", ""4""]"	"[""4"", ""2"", ""1"", ""0""]"	symbolic	symbolic.abc.txt	data/chorale-bricks/Drese_JesuGehVoran/symbolic.abc.txt	11	"[""11"", ""none of the other options is correct"", ""4"", ""2"", ""1""]"	0.2	0	"[""A"", ""B"", ""C"", ""D"", ""E""]"	"{""A"": ""none of the other options is correct"", ""B"": ""2"", ""C"": ""4"", ""D"": ""11"", ""E"": ""1""}"	"[""(A) none of the other options is correct"", ""(B) 2"", ""(C) 4"", ""(D) 11"", ""(E) 1""]"	(D) 11	D
b7201a70-0a5e-55c7-99aa-77b92ff9f311	8	perception	rhythm	relative	rhythm-relative	proportion-recognition		rhythm pattern statistics	How many rhythmic figures with a strict {rhythm_proportion} proportionality are there in the {voice} line?	"[""rhythm_proportion"", ""voice""]"	get_rhythm_pattern_count		rhythm	"{""rhythm_proportion"": ""2:1"", ""voice"": ""bass""}"	How many rhythmic figures with a strict 2:1 proportionality are there in the bass line?	Drese_JesuGehVoran	chorale-bricks	Drese_JesuGehVoran	data/chorale-bricks/Drese_JesuGehVoran	11	"[""0"", ""1"", ""2"", ""4""]"	"[""4"", ""2"", ""1"", ""0""]"	visual	visual.short.png	data/chorale-bricks/Drese_JesuGehVoran/visual.short.png	none of the other options is correct	"[""none of the other options is correct"", ""4"", ""2"", ""1"", ""0""]"	0.2	1	"[""A"", ""B"", ""C"", ""D"", ""E""]"	"{""A"": ""2"", ""B"": ""0"", ""C"": ""4"", ""D"": ""none of the other options is correct"", ""E"": ""1""}"	"[""(A) 2"", ""(B) 0"", ""(C) 4"", ""(D) none of the other options is correct"", ""(E) 1""]"	(D) none of the other options is correct	D
17c963bc-b3af-5ef0-bb50-1a922e336f69	8	perception	rhythm	relative	rhythm-relative	proportion-recognition		rhythm pattern statistics	How many rhythmic figures with a strict {rhythm_proportion} proportionality are there in the {voice} line?	"[""rhythm_proportion"", ""voice""]"	get_rhythm_pattern_count		rhythm	"{""rhythm_proportion"": ""1:1"", ""voice"": ""alto""}"	How many rhythmic figures with a strict 1:1 proportionality are there in the alto line?	Telemann_DerLiebenSonneLichtUndPracht	chorale-bricks	Telemann_DerLiebenSonneLichtUndPracht	data/chorale-bricks/Telemann_DerLiebenSonneLichtUndPracht	55	"[""0"", ""1"", ""2"", ""3""]"	"[""0"", ""2"", ""3"", ""1""]"	audio	audio.mastermix.wav	data/chorale-bricks/Telemann_DerLiebenSonneLichtUndPracht/audio.mastermix.wav	55	"[""55"", ""none of the other options is correct"", ""0"", ""2"", ""3""]"	0.2	0	"[""A"", ""B"", ""C"", ""D"", ""E""]"	"{""A"": ""2"", ""B"": ""3"", ""C"": ""0"", ""D"": ""none of the other options is correct"", ""E"": ""55""}"	"[""(A) 2"", ""(B) 3"", ""(C) 0"", ""(D) none of the other options is correct"", ""(E) 55""]"	(E) 55	E
fb9eef75-eedc-5692-8754-42327ea7131f	8	perception	rhythm	relative	rhythm-relative	proportion-recognition		rhythm pattern statistics	How many rhythmic figures with a strict {rhythm_proportion} proportionality are there in the {voice} line?	"[""rhythm_proportion"", ""voice""]"	get_rhythm_pattern_count		rhythm	"{""rhythm_proportion"": ""1:1"", ""voice"": ""alto""}"	How many rhythmic figures with a strict 1:1 proportionality are there in the alto line?	Telemann_DerLiebenSonneLichtUndPracht	chorale-bricks	Telemann_DerLiebenSonneLichtUndPracht	data/chorale-bricks/Telemann_DerLiebenSonneLichtUndPracht	55	"[""0"", ""1"", ""2"", ""3""]"	"[""0"", ""2"", ""3"", ""1""]"	symbolic	symbolic.abc.txt	data/chorale-bricks/Telemann_DerLiebenSonneLichtUndPracht/symbolic.abc.txt	55	"[""55"", ""none of the other options is correct"", ""0"", ""2"", ""3""]"	0.2	0	"[""A"", ""B"", ""C"", ""D"", ""E""]"	"{""A"": ""0"", ""B"": ""2"", ""C"": ""none of the other options is correct"", ""D"": ""3"", ""E"": ""55""}"	"[""(A) 0"", ""(B) 2"", ""(C) none of the other options is correct"", ""(D) 3"", ""(E) 55""]"	(E) 55	E
5849f94b-33b9-59d0-a7c0-7f5ca7f2616b	8	perception	rhythm	relative	rhythm-relative	proportion-recognition		rhythm pattern statistics	How many rhythmic figures with a strict {rhythm_proportion} proportionality are there in the {voice} line?	"[""rhythm_proportion"", ""voice""]"	get_rhythm_pattern_count		rhythm	"{""rhythm_proportion"": ""1:1"", ""voice"": ""alto""}"	How many rhythmic figures with a strict 1:1 proportionality are there in the alto line?	Telemann_DerLiebenSonneLichtUndPracht	chorale-bricks	Telemann_DerLiebenSonneLichtUndPracht	data/chorale-bricks/Telemann_DerLiebenSonneLichtUndPracht	55	"[""0"", ""1"", ""2"", ""3""]"	"[""0"", ""2"", ""3"", ""1""]"	visual	visual.short.png	data/chorale-bricks/Telemann_DerLiebenSonneLichtUndPracht/visual.short.png	55	"[""55"", ""none of the other options is correct"", ""0"", ""2"", ""3""]"	0.2	0	"[""A"", ""B"", ""C"", ""D"", ""E""]"	"{""A"": ""55"", ""B"": ""3"", ""C"": ""none of the other options is correct"", ""D"": ""2"", ""E"": ""0""}"	"[""(A) 55"", ""(B) 3"", ""(C) none of the other options is correct"", ""(D) 2"", ""(E) 0""]"	(A) 55	A
a10bdee9-8f05-5853-8411-6594eaec08dd	8	perception	rhythm	relative	rhythm-relative	proportion-recognition		rhythm pattern statistics	How many rhythmic figures with a strict {rhythm_proportion} proportionality are there in the {voice} line?	"[""rhythm_proportion"", ""voice""]"	get_rhythm_pattern_count		rhythm	"{""rhythm_proportion"": ""3:2"", ""voice"": ""soprano""}"	How many rhythmic figures with a strict 3:2 proportionality are there in the soprano line?	Vulpius_ChristusDerIstMeinLeben	chorale-bricks	Vulpius_ChristusDerIstMeinLeben	data/chorale-bricks/Vulpius_ChristusDerIstMeinLeben	0	"[""1"", ""2"", ""3"", ""4""]"	"[""2"", ""1"", ""3"", ""4""]"	audio	audio.mastermix.wav	data/chorale-bricks/Vulpius_ChristusDerIstMeinLeben/audio.mastermix.wav	0	"[""0"", ""none of the other options is correct"", ""2"", ""1"", ""3""]"	0.2	0	"[""A"", ""B"", ""C"", ""D"", ""E""]"	"{""A"": ""1"", ""B"": ""2"", ""C"": ""0"", ""D"": ""3"", ""E"": ""none of the other options is correct""}"	"[""(A) 1"", ""(B) 2"", ""(C) 0"", ""(D) 3"", ""(E) none of the other options is correct""]"	(C) 0	C
6a882b24-2449-5b1f-8c11-3ae5411f7fd1	8	perception	rhythm	relative	rhythm-relative	proportion-recognition		rhythm pattern statistics	How many rhythmic figures with a strict {rhythm_proportion} proportionality are there in the {voice} line?	"[""rhythm_proportion"", ""voice""]"	get_rhythm_pattern_count		rhythm	"{""rhythm_proportion"": ""3:2"", ""voice"": ""soprano""}"	How many rhythmic figures with a strict 3:2 proportionality are there in the soprano line?	Vulpius_ChristusDerIstMeinLeben	chorale-bricks	Vulpius_ChristusDerIstMeinLeben	data/chorale-bricks/Vulpius_ChristusDerIstMeinLeben	0	"[""1"", ""2"", ""3"", ""4""]"	"[""2"", ""1"", ""3"", ""4""]"	symbolic	symbolic.abc.txt	data/chorale-bricks/Vulpius_ChristusDerIstMeinLeben/symbolic.abc.txt	none of the other options is correct	"[""none of the other options is correct"", ""2"", ""1"", ""3"", ""4""]"	0.2	1	"[""A"", ""B"", ""C"", ""D"", ""E""]"	"{""A"": ""1"", ""B"": ""2"", ""C"": ""3"", ""D"": ""4"", ""E"": ""none of the other options is correct""}"	"[""(A) 1"", ""(B) 2"", ""(C) 3"", ""(D) 4"", ""(E) none of the other options is correct""]"	(E) none of the other options is correct	E
f4197389-4f66-5cc5-ac6f-5ba6e2c47f0d	8	perception	rhythm	relative	rhythm-relative	proportion-recognition		rhythm pattern statistics	How many rhythmic figures with a strict {rhythm_proportion} proportionality are there in the {voice} line?	"[""rhythm_proportion"", ""voice""]"	get_rhythm_pattern_count		rhythm	"{""rhythm_proportion"": ""3:2"", ""voice"": ""soprano""}"	How many rhythmic figures with a strict 3:2 proportionality are there in the soprano line?	Vulpius_ChristusDerIstMeinLeben	chorale-bricks	Vulpius_ChristusDerIstMeinLeben	data/chorale-bricks/Vulpius_ChristusDerIstMeinLeben	0	"[""1"", ""2"", ""3"", ""4""]"	"[""2"", ""1"", ""3"", ""4""]"	visual	visual.short.png	data/chorale-bricks/Vulpius_ChristusDerIstMeinLeben/visual.short.png	0	"[""0"", ""none of the other options is correct"", ""2"", ""1"", ""3""]"	0.2	0	"[""A"", ""B"", ""C"", ""D"", ""E""]"	"{""A"": ""1"", ""B"": ""2"", ""C"": ""3"", ""D"": ""0"", ""E"": ""none of the other options is correct""}"	"[""(A) 1"", ""(B) 2"", ""(C) 3"", ""(D) 0"", ""(E) none of the other options is correct""]"	(D) 0	D
af88f8d1-7746-55d8-9342-afdf0ee42a0f	8	perception	rhythm	relative	rhythm-relative	proportion-recognition		rhythm pattern statistics	How many rhythmic figures with a strict {rhythm_proportion} proportionality are there in the {voice} line?	"[""rhythm_proportion"", ""voice""]"	get_rhythm_pattern_count		rhythm	"{""rhythm_proportion"": ""3:1"", ""voice"": ""tenor""}"	How many rhythmic figures with a strict 3:1 proportionality are there in the tenor line?	Jan_DuGrosserSchmerzensmann	chorale-bricks	Jan_DuGrosserSchmerzensmann	data/chorale-bricks/Jan_DuGrosserSchmerzensmann	1	"[""0"", ""2"", ""3"", ""4""]"	"[""3"", ""2"", ""0"", ""4""]"	audio	audio.mastermix.wav	data/chorale-bricks/Jan_DuGrosserSchmerzensmann/audio.mastermix.wav	1	"[""1"", ""none of the other options is correct"", ""3"", ""2"", ""0""]"	0.2	0	"[""A"", ""B"", ""C"", ""D"", ""E""]"	"{""A"": ""3"", ""B"": ""1"", ""C"": ""0"", ""D"": ""none of the other options is correct"", ""E"": ""2""}"	"[""(A) 3"", ""(B) 1"", ""(C) 0"", ""(D) none of the other options is correct"", ""(E) 2""]"	(B) 1	B
2ca567f5-6f92-5a10-afe3-cc8a4e798e00	8	perception	rhythm	relative	rhythm-relative	proportion-recognition		rhythm pattern statistics	How many rhythmic figures with a strict {rhythm_proportion} proportionality are there in the {voice} line?	"[""rhythm_proportion"", ""voice""]"	get_rhythm_pattern_count		rhythm	"{""rhythm_proportion"": ""3:1"", ""voice"": ""tenor""}"	How many rhythmic figures with a strict 3:1 proportionality are there in the tenor line?	Jan_DuGrosserSchmerzensmann	chorale-bricks	Jan_DuGrosserSchmerzensmann	data/chorale-bricks/Jan_DuGrosserSchmerzensmann	1	"[""0"", ""2"", ""3"", ""4""]"	"[""3"", ""2"", ""0"", ""4""]"	symbolic	symbolic.abc.txt	data/chorale-bricks/Jan_DuGrosserSchmerzensmann/symbolic.abc.txt	1	"[""1"", ""none of the other options is correct"", ""3"", ""2"", ""0""]"	0.2	0	"[""A"", ""B"", ""C"", ""D"", ""E""]"	"{""A"": ""2"", ""B"": ""none of the other options is correct"", ""C"": ""3"", ""D"": ""0"", ""E"": ""1""}"	"[""(A) 2"", ""(B) none of the other options is correct"", ""(C) 3"", ""(D) 0"", ""(E) 1""]"	(E) 1	E
ff529d8c-7879-5285-92a6-2bfa9a93001d	8	perception	rhythm	relative	rhythm-relative	proportion-recognition		rhythm pattern statistics	How many rhythmic figures with a strict {rhythm_proportion} proportionality are there in the {voice} line?	"[""rhythm_proportion"", ""voice""]"	get_rhythm_pattern_count		rhythm	"{""rhythm_proportion"": ""3:1"", ""voice"": ""tenor""}"	How many rhythmic figures with a strict 3:1 proportionality are there in the tenor line?	Jan_DuGrosserSchmerzensmann	chorale-bricks	Jan_DuGrosserSchmerzensmann	data/chorale-bricks/Jan_DuGrosserSchmerzensmann	1	"[""0"", ""2"", ""3"", ""4""]"	"[""3"", ""2"", ""0"", ""4""]"	visual	visual.short.png	data/chorale-bricks/Jan_DuGrosserSchmerzensmann/visual.short.png	1	"[""1"", ""none of the other options is correct"", ""3"", ""2"", ""0""]"	0.2	0	"[""A"", ""B"", ""C"", ""D"", ""E""]"	"{""A"": ""none of the other options is correct"", ""B"": ""0"", ""C"": ""2"", ""D"": ""3"", ""E"": ""1""}"	"[""(A) none of the other options is correct"", ""(B) 0"", ""(C) 2"", ""(D) 3"", ""(E) 1""]"	(E) 1	E
f53986d5-3ec3-5505-b79c-481119b130d2	8	perception	rhythm	relative	rhythm-relative	proportion-recognition		rhythm pattern statistics	How many rhythmic figures with a strict {rhythm_proportion} proportionality are there in the {voice} line?	"[""rhythm_proportion"", ""voice""]"	get_rhythm_pattern_count		rhythm	"{""rhythm_proportion"": ""3:1"", ""voice"": ""bass""}"	How many rhythmic figures with a strict 3:1 proportionality are there in the bass line?	Jan_DuGrosserSchmerzensmann	chorale-bricks	Jan_DuGrosserSchmerzensmann	data/chorale-bricks/Jan_DuGrosserSchmerzensmann	1	"[""0"", ""2"", ""3"", ""4""]"	"[""4"", ""3"", ""0"", ""2""]"	audio	audio.mastermix.wav	data/chorale-bricks/Jan_DuGrosserSchmerzensmann/audio.mastermix.wav	1	"[""1"", ""none of the other options is correct"", ""4"", ""3"", ""0""]"	0.2	0	"[""A"", ""B"", ""C"", ""D"", ""E""]"	"{""A"": ""0"", ""B"": ""1"", ""C"": ""4"", ""D"": ""none of the other options is correct"", ""E"": ""3""}"	"[""(A) 0"", ""(B) 1"", ""(C) 4"", ""(D) none of the other options is correct"", ""(E) 3""]"	(B) 1	B
e6ae9335-7353-5a29-a05d-c56357372fc5	8	perception	rhythm	relative	rhythm-relative	proportion-recognition		rhythm pattern statistics	How many rhythmic figures with a strict {rhythm_proportion} proportionality are there in the {voice} line?	"[""rhythm_proportion"", ""voice""]"	get_rhythm_pattern_count		rhythm	"{""rhythm_proportion"": ""3:1"", ""voice"": ""bass""}"	How many rhythmic figures with a strict 3:1 proportionality are there in the bass line?	Jan_DuGrosserSchmerzensmann	chorale-bricks	Jan_DuGrosserSchmerzensmann	data/chorale-bricks/Jan_DuGrosserSchmerzensmann	1	"[""0"", ""2"", ""3"", ""4""]"	"[""4"", ""3"", ""0"", ""2""]"	symbolic	symbolic.abc.txt	data/chorale-bricks/Jan_DuGrosserSchmerzensmann/symbolic.abc.txt	1	"[""1"", ""none of the other options is correct"", ""4"", ""3"", ""0""]"	0.2	0	"[""A"", ""B"", ""C"", ""D"", ""E""]"	"{""A"": ""1"", ""B"": ""0"", ""C"": ""none of the other options is correct"", ""D"": ""4"", ""E"": ""3""}"	"[""(A) 1"", ""(B) 0"", ""(C) none of the other options is correct"", ""(D) 4"", ""(E) 3""]"	(A) 1	A
8501a16d-be13-5d2b-9a0c-bc5222d4c685	8	perception	rhythm	relative	rhythm-relative	proportion-recognition		rhythm pattern statistics	How many rhythmic figures with a strict {rhythm_proportion} proportionality are there in the {voice} line?	"[""rhythm_proportion"", ""voice""]"	get_rhythm_pattern_count		rhythm	"{""rhythm_proportion"": ""3:1"", ""voice"": ""bass""}"	How many rhythmic figures with a strict 3:1 proportionality are there in the bass line?	Jan_DuGrosserSchmerzensmann	chorale-bricks	Jan_DuGrosserSchmerzensmann	data/chorale-bricks/Jan_DuGrosserSchmerzensmann	1	"[""0"", ""2"", ""3"", ""4""]"	"[""4"", ""3"", ""0"", ""2""]"	visual	visual.short.png	data/chorale-bricks/Jan_DuGrosserSchmerzensmann/visual.short.png	none of the other options is correct	"[""none of the other options is correct"", ""4"", ""3"", ""0"", ""2""]"	0.2	1	"[""A"", ""B"", ""C"", ""D"", ""E""]"	"{""A"": ""3"", ""B"": ""0"", ""C"": ""4"", ""D"": ""2"", ""E"": ""none of the other options is correct""}"	"[""(A) 3"", ""(B) 0"", ""(C) 4"", ""(D) 2"", ""(E) none of the other options is correct""]"	(E) none of the other options is correct	E
9ddaa285-b1d2-5c8c-acfa-68cd5ee97658	8	perception	rhythm	relative	rhythm-relative	proportion-recognition		rhythm pattern statistics	How many rhythmic figures with a strict {rhythm_proportion} proportionality are there in the {voice} line?	"[""rhythm_proportion"", ""voice""]"	get_rhythm_pattern_count		rhythm	"{""rhythm_proportion"": ""2:1"", ""voice"": ""bass""}"	How many rhythmic figures with a strict 2:1 proportionality are there in the bass line?	Jan_DuGrosserSchmerzensmann	chorale-bricks	Jan_DuGrosserSchmerzensmann	data/chorale-bricks/Jan_DuGrosserSchmerzensmann	12	"[""1"", ""2"", ""3"", ""4""]"	"[""4"", ""1"", ""3"", ""2""]"	audio	audio.mastermix.wav	data/chorale-bricks/Jan_DuGrosserSchmerzensmann/audio.mastermix.wav	none of the other options is correct	"[""none of the other options is correct"", ""4"", ""1"", ""3"", ""2""]"	0.2	1	"[""A"", ""B"", ""C"", ""D"", ""E""]"	"{""A"": ""none of the other options is correct"", ""B"": ""1"", ""C"": ""4"", ""D"": ""2"", ""E"": ""3""}"	"[""(A) none of the other options is correct"", ""(B) 1"", ""(C) 4"", ""(D) 2"", ""(E) 3""]"	(A) none of the other options is correct	A
5fb975f4-ba15-54e2-8bb3-3931cddf3fcb	8	perception	rhythm	relative	rhythm-relative	proportion-recognition		rhythm pattern statistics	How many rhythmic figures with a strict {rhythm_proportion} proportionality are there in the {voice} line?	"[""rhythm_proportion"", ""voice""]"	get_rhythm_pattern_count		rhythm	"{""rhythm_proportion"": ""2:1"", ""voice"": ""bass""}"	How many rhythmic figures with a strict 2:1 proportionality are there in the bass line?	Jan_DuGrosserSchmerzensmann	chorale-bricks	Jan_DuGrosserSchmerzensmann	data/chorale-bricks/Jan_DuGrosserSchmerzensmann	12	"[""1"", ""2"", ""3"", ""4""]"	"[""4"", ""1"", ""3"", ""2""]"	symbolic	symbolic.abc.txt	data/chorale-bricks/Jan_DuGrosserSchmerzensmann/symbolic.abc.txt	12	"[""12"", ""none of the other options is correct"", ""4"", ""1"", ""3""]"	0.2	0	"[""A"", ""B"", ""C"", ""D"", ""E""]"	"{""A"": ""4"", ""B"": ""none of the other options is correct"", ""C"": ""3"", ""D"": ""1"", ""E"": ""12""}"	"[""(A) 4"", ""(B) none of the other options is correct"", ""(C) 3"", ""(D) 1"", ""(E) 12""]"	(E) 12	E
e2e6c337-bbd3-5365-b905-1ed3448b6357	8	perception	rhythm	relative	rhythm-relative	proportion-recognition		rhythm pattern statistics	How many rhythmic figures with a strict {rhythm_proportion} proportionality are there in the {voice} line?	"[""rhythm_proportion"", ""voice""]"	get_rhythm_pattern_count		rhythm	"{""rhythm_proportion"": ""2:1"", ""voice"": ""bass""}"	How many rhythmic figures with a strict 2:1 proportionality are there in the bass line?	Jan_DuGrosserSchmerzensmann	chorale-bricks	Jan_DuGrosserSchmerzensmann	data/chorale-bricks/Jan_DuGrosserSchmerzensmann	12	"[""1"", ""2"", ""3"", ""4""]"	"[""4"", ""1"", ""3"", ""2""]"	visual	visual.short.png	data/chorale-bricks/Jan_DuGrosserSchmerzensmann/visual.short.png	none of the other options is correct	"[""none of the other options is correct"", ""4"", ""1"", ""3"", ""2""]"	0.2	1	"[""A"", ""B"", ""C"", ""D"", ""E""]"	"{""A"": ""none of the other options is correct"", ""B"": ""2"", ""C"": ""4"", ""D"": ""1"", ""E"": ""3""}"	"[""(A) none of the other options is correct"", ""(B) 2"", ""(C) 4"", ""(D) 1"", ""(E) 3""]"	(A) none of the other options is correct	A
bd766a9d-2679-53b8-8be1-dad685485c08	8	perception	rhythm	relative	rhythm-relative	proportion-recognition		rhythm pattern statistics	How many rhythmic figures with a strict {rhythm_proportion} proportionality are there in the {voice} line?	"[""rhythm_proportion"", ""voice""]"	get_rhythm_pattern_count		rhythm	"{""rhythm_proportion"": ""1:1"", ""voice"": ""bass""}"	How many rhythmic figures with a strict 1:1 proportionality are there in the bass line?	Vulpius_ChristusDerIstMeinLeben	chorale-bricks	Vulpius_ChristusDerIstMeinLeben	data/chorale-bricks/Vulpius_ChristusDerIstMeinLeben	18	"[""1"", ""2"", ""3"", ""4""]"	"[""2"", ""4"", ""1"", ""3""]"	audio	audio.mastermix.wav	data/chorale-bricks/Vulpius_ChristusDerIstMeinLeben/audio.mastermix.wav	18	"[""18"", ""none of the other options is correct"", ""2"", ""4"", ""1""]"	0.2	0	"[""A"", ""B"", ""C"", ""D"", ""E""]"	"{""A"": ""1"", ""B"": ""18"", ""C"": ""4"", ""D"": ""2"", ""E"": ""none of the other options is correct""}"	"[""(A) 1"", ""(B) 18"", ""(C) 4"", ""(D) 2"", ""(E) none of the other options is correct""]"	(B) 18	B
3f0e937b-3073-5b6c-8b58-8cc5944acd5b	8	perception	rhythm	relative	rhythm-relative	proportion-recognition		rhythm pattern statistics	How many rhythmic figures with a strict {rhythm_proportion} proportionality are there in the {voice} line?	"[""rhythm_proportion"", ""voice""]"	get_rhythm_pattern_count		rhythm	"{""rhythm_proportion"": ""1:1"", ""voice"": ""bass""}"	How many rhythmic figures with a strict 1:1 proportionality are there in the bass line?	Vulpius_ChristusDerIstMeinLeben	chorale-bricks	Vulpius_ChristusDerIstMeinLeben	data/chorale-bricks/Vulpius_ChristusDerIstMeinLeben	18	"[""1"", ""2"", ""3"", ""4""]"	"[""2"", ""4"", ""1"", ""3""]"	symbolic	symbolic.abc.txt	data/chorale-bricks/Vulpius_ChristusDerIstMeinLeben/symbolic.abc.txt	18	"[""18"", ""none of the other options is correct"", ""2"", ""4"", ""1""]"	0.2	0	"[""A"", ""B"", ""C"", ""D"", ""E""]"	"{""A"": ""none of the other options is correct"", ""B"": ""4"", ""C"": ""2"", ""D"": ""1"", ""E"": ""18""}"	"[""(A) none of the other options is correct"", ""(B) 4"", ""(C) 2"", ""(D) 1"", ""(E) 18""]"	(E) 18	E
0dac18a2-7efd-57bb-8ba1-c8afecd0f736	8	perception	rhythm	relative	rhythm-relative	proportion-recognition		rhythm pattern statistics	How many rhythmic figures with a strict {rhythm_proportion} proportionality are there in the {voice} line?	"[""rhythm_proportion"", ""voice""]"	get_rhythm_pattern_count		rhythm	"{""rhythm_proportion"": ""1:1"", ""voice"": ""bass""}"	How many rhythmic figures with a strict 1:1 proportionality are there in the bass line?	Vulpius_ChristusDerIstMeinLeben	chorale-bricks	Vulpius_ChristusDerIstMeinLeben	data/chorale-bricks/Vulpius_ChristusDerIstMeinLeben	18	"[""1"", ""2"", ""3"", ""4""]"	"[""2"", ""4"", ""1"", ""3""]"	visual	visual.short.png	data/chorale-bricks/Vulpius_ChristusDerIstMeinLeben/visual.short.png	18	"[""18"", ""none of the other options is correct"", ""2"", ""4"", ""1""]"	0.2	0	"[""A"", ""B"", ""C"", ""D"", ""E""]"	"{""A"": ""1"", ""B"": ""none of the other options is correct"", ""C"": ""2"", ""D"": ""18"", ""E"": ""4""}"	"[""(A) 1"", ""(B) none of the other options is correct"", ""(C) 2"", ""(D) 18"", ""(E) 4""]"	(D) 18	D
4155f9c0-6f83-523e-a0a5-ac742597345f	9	perception	harmony	relative	harmony-relative	harmonic-recognition		tonality recognition	What is the {function} harmony of the primary key of this piece?	"[""function""]"	get_harmonic_tonality			"{""function"": ""tonic""}"	What is the tonic harmony of the primary key of this piece?	Anonymous_AusMeinesHerzensGrunde	chorale-bricks	Anonymous_AusMeinesHerzensGrunde	data/chorale-bricks/Anonymous_AusMeinesHerzensGrunde	G major	"[""B-"", ""D"", ""E minor"", ""G minor""]"	"[""G minor"", ""E minor"", ""D"", ""B-""]"	audio	audio.mastermix.wav	data/chorale-bricks/Anonymous_AusMeinesHerzensGrunde/audio.mastermix.wav	G major	"[""G major"", ""none of the other options is correct"", ""G minor"", ""E minor"", ""D""]"	0.2	0	"[""A"", ""B"", ""C"", ""D"", ""E""]"	"{""A"": ""G major"", ""B"": ""none of the other options is correct"", ""C"": ""D"", ""D"": ""E minor"", ""E"": ""G minor""}"	"[""(A) G major"", ""(B) none of the other options is correct"", ""(C) D"", ""(D) E minor"", ""(E) G minor""]"	(A) G major	A
3ee608f3-d740-5cbb-b3ff-7578bfc6efce	9	perception	harmony	relative	harmony-relative	harmonic-recognition		tonality recognition	What is the {function} harmony of the primary key of this piece?	"[""function""]"	get_harmonic_tonality			"{""function"": ""tonic""}"	What is the tonic harmony of the primary key of this piece?	Anonymous_AusMeinesHerzensGrunde	chorale-bricks	Anonymous_AusMeinesHerzensGrunde	data/chorale-bricks/Anonymous_AusMeinesHerzensGrunde	G major	"[""B-"", ""D"", ""E minor"", ""G minor""]"	"[""G minor"", ""E minor"", ""D"", ""B-""]"	symbolic	symbolic.abc.txt	data/chorale-bricks/Anonymous_AusMeinesHerzensGrunde/symbolic.abc.txt	G major	"[""G major"", ""none of the other options is correct"", ""G minor"", ""E minor"", ""D""]"	0.2	0	"[""A"", ""B"", ""C"", ""D"", ""E""]"	"{""A"": ""E minor"", ""B"": ""D"", ""C"": ""G major"", ""D"": ""G minor"", ""E"": ""none of the other options is correct""}"	"[""(A) E minor"", ""(B) D"", ""(C) G major"", ""(D) G minor"", ""(E) none of the other options is correct""]"	(C) G major	C
c9dde75a-af57-59d0-9f10-aff845bfb761	9	perception	harmony	relative	harmony-relative	harmonic-recognition		tonality recognition	What is the {function} harmony of the primary key of this piece?	"[""function""]"	get_harmonic_tonality			"{""function"": ""tonic""}"	What is the tonic harmony of the primary key of this piece?	Anonymous_AusMeinesHerzensGrunde	chorale-bricks	Anonymous_AusMeinesHerzensGrunde	data/chorale-bricks/Anonymous_AusMeinesHerzensGrunde	G major	"[""B-"", ""D"", ""E minor"", ""G minor""]"	"[""G minor"", ""E minor"", ""D"", ""B-""]"	visual	visual.short.png	data/chorale-bricks/Anonymous_AusMeinesHerzensGrunde/visual.short.png	G major	"[""G major"", ""none of the other options is correct"", ""G minor"", ""E minor"", ""D""]"	0.2	0	"[""A"", ""B"", ""C"", ""D"", ""E""]"	"{""A"": ""G major"", ""B"": ""D"", ""C"": ""G minor"", ""D"": ""E minor"", ""E"": ""none of the other options is correct""}"	"[""(A) G major"", ""(B) D"", ""(C) G minor"", ""(D) E minor"", ""(E) none of the other options is correct""]"	(A) G major	A
768b5d8d-c246-5fe6-85ff-245a20384bae	9	perception	harmony	relative	harmony-relative	harmonic-recognition		tonality recognition	What is the {function} harmony of the primary key of this piece?	"[""function""]"	get_harmonic_tonality			"{""function"": ""tonic""}"	What is the tonic harmony of the primary key of this piece?	Vulpius_ChristusDerIstMeinLeben	chorale-bricks	Vulpius_ChristusDerIstMeinLeben	data/chorale-bricks/Vulpius_ChristusDerIstMeinLeben	D major	"[""A"", ""B minor"", ""C major"", ""E- major""]"	"[""E- major"", ""B minor"", ""A"", ""C major""]"	audio	audio.mastermix.wav	data/chorale-bricks/Vulpius_ChristusDerIstMeinLeben/audio.mastermix.wav	D major	"[""D major"", ""none of the other options is correct"", ""E- major"", ""B minor"", ""A""]"	0.2	0	"[""A"", ""B"", ""C"", ""D"", ""E""]"	"{""A"": ""D major"", ""B"": ""none of the other options is correct"", ""C"": ""E- major"", ""D"": ""B minor"", ""E"": ""A""}"	"[""(A) D major"", ""(B) none of the other options is correct"", ""(C) E- major"", ""(D) B minor"", ""(E) A""]"	(A) D major	A
9256045d-16ba-52d5-bfbc-a2b994da5755	9	perception	harmony	relative	harmony-relative	harmonic-recognition		tonality recognition	What is the {function} harmony of the primary key of this piece?	"[""function""]"	get_harmonic_tonality			"{""function"": ""tonic""}"	What is the tonic harmony of the primary key of this piece?	Vulpius_ChristusDerIstMeinLeben	chorale-bricks	Vulpius_ChristusDerIstMeinLeben	data/chorale-bricks/Vulpius_ChristusDerIstMeinLeben	D major	"[""A"", ""B minor"", ""C major"", ""E- major""]"	"[""E- major"", ""B minor"", ""A"", ""C major""]"	symbolic	symbolic.abc.txt	data/chorale-bricks/Vulpius_ChristusDerIstMeinLeben/symbolic.abc.txt	none of the other options is correct	"[""none of the other options is correct"", ""E- major"", ""B minor"", ""A"", ""C major""]"	0.2	1	"[""A"", ""B"", ""C"", ""D"", ""E""]"	"{""A"": ""C major"", ""B"": ""A"", ""C"": ""E- major"", ""D"": ""none of the other options is correct"", ""E"": ""B minor""}"	"[""(A) C major"", ""(B) A"", ""(C) E- major"", ""(D) none of the other options is correct"", ""(E) B minor""]"	(D) none of the other options is correct	D
b84d116f-771e-52e2-acd6-74ba7d6247a1	9	perception	harmony	relative	harmony-relative	harmonic-recognition		tonality recognition	What is the {function} harmony of the primary key of this piece?	"[""function""]"	get_harmonic_tonality			"{""function"": ""tonic""}"	What is the tonic harmony of the primary key of this piece?	Vulpius_ChristusDerIstMeinLeben	chorale-bricks	Vulpius_ChristusDerIstMeinLeben	data/chorale-bricks/Vulpius_ChristusDerIstMeinLeben	D major	"[""A"", ""B minor"", ""C major"", ""E- major""]"	"[""E- major"", ""B minor"", ""A"", ""C major""]"	visual	visual.short.png	data/chorale-bricks/Vulpius_ChristusDerIstMeinLeben/visual.short.png	D major	"[""D major"", ""none of the other options is correct"", ""E- major"", ""B minor"", ""A""]"	0.2	0	"[""A"", ""B"", ""C"", ""D"", ""E""]"	"{""A"": ""A"", ""B"": ""D major"", ""C"": ""B minor"", ""D"": ""none of the other options is correct"", ""E"": ""E- major""}"	"[""(A) A"", ""(B) D major"", ""(C) B minor"", ""(D) none of the other options is correct"", ""(E) E- major""]"	(B) D major	B
0d646590-c70c-577d-a05b-528329d9daa8	9	perception	harmony	relative	harmony-relative	harmonic-recognition		tonality recognition	What is the {function} harmony of the primary key of this piece?	"[""function""]"	get_harmonic_tonality			"{""function"": ""relative minor/major""}"	What is the relative minor/major harmony of the primary key of this piece?	Vulpius_DieHelleSonnLeuchtJetztHerfuer	chorale-bricks	Vulpius_DieHelleSonnLeuchtJetztHerfuer	data/chorale-bricks/Vulpius_DieHelleSonnLeuchtJetztHerfuer	B minor	"[""A"", ""D major"", ""D minor"", ""E""]"	"[""E"", ""D minor"", ""A"", ""D major""]"	audio	audio.mastermix.wav	data/chorale-bricks/Vulpius_DieHelleSonnLeuchtJetztHerfuer/audio.mastermix.wav	B minor	"[""B minor"", ""none of the other options is correct"", ""E"", ""D minor"", ""A""]"	0.2	0	"[""A"", ""B"", ""C"", ""D"", ""E""]"	"{""A"": ""E"", ""B"": ""B minor"", ""C"": ""none of the other options is correct"", ""D"": ""A"", ""E"": ""D minor""}"	"[""(A) E"", ""(B) B minor"", ""(C) none of the other options is correct"", ""(D) A"", ""(E) D minor""]"	(B) B minor	B
569d357d-06c7-5a91-b046-23fe9812c1b5	9	perception	harmony	relative	harmony-relative	harmonic-recognition		tonality recognition	What is the {function} harmony of the primary key of this piece?	"[""function""]"	get_harmonic_tonality			"{""function"": ""relative minor/major""}"	What is the relative minor/major harmony of the primary key of this piece?	Vulpius_DieHelleSonnLeuchtJetztHerfuer	chorale-bricks	Vulpius_DieHelleSonnLeuchtJetztHerfuer	data/chorale-bricks/Vulpius_DieHelleSonnLeuchtJetztHerfuer	B minor	"[""A"", ""D major"", ""D minor"", ""E""]"	"[""E"", ""D minor"", ""A"", ""D major""]"	symbolic	symbolic.abc.txt	data/chorale-bricks/Vulpius_DieHelleSonnLeuchtJetztHerfuer/symbolic.abc.txt	B minor	"[""B minor"", ""none of the other options is correct"", ""E"", ""D minor"", ""A""]"	0.2	0	"[""A"", ""B"", ""C"", ""D"", ""E""]"	"{""A"": ""D minor"", ""B"": ""none of the other options is correct"", ""C"": ""E"", ""D"": ""B minor"", ""E"": ""A""}"	"[""(A) D minor"", ""(B) none of the other options is correct"", ""(C) E"", ""(D) B minor"", ""(E) A""]"	(D) B minor	D
a423aab5-ade2-5389-97c5-8b9dd89b425e	9	perception	harmony	relative	harmony-relative	harmonic-recognition		tonality recognition	What is the {function} harmony of the primary key of this piece?	"[""function""]"	get_harmonic_tonality			"{""function"": ""relative minor/major""}"	What is the relative minor/major harmony of the primary key of this piece?	Vulpius_DieHelleSonnLeuchtJetztHerfuer	chorale-bricks	Vulpius_DieHelleSonnLeuchtJetztHerfuer	data/chorale-bricks/Vulpius_DieHelleSonnLeuchtJetztHerfuer	B minor	"[""A"", ""D major"", ""D minor"", ""E""]"	"[""E"", ""D minor"", ""A"", ""D major""]"	visual	visual.short.png	data/chorale-bricks/Vulpius_DieHelleSonnLeuchtJetztHerfuer/visual.short.png	B minor	"[""B minor"", ""none of the other options is correct"", ""E"", ""D minor"", ""A""]"	0.2	0	"[""A"", ""B"", ""C"", ""D"", ""E""]"	"{""A"": ""E"", ""B"": ""none of the other options is correct"", ""C"": ""D minor"", ""D"": ""B minor"", ""E"": ""A""}"	"[""(A) E"", ""(B) none of the other options is correct"", ""(C) D minor"", ""(D) B minor"", ""(E) A""]"	(D) B minor	D
39af27f9-47fd-539a-a088-ccff0c02a042	9	perception	harmony	relative	harmony-relative	harmonic-recognition		tonality recognition	What is the {function} harmony of the primary key of this piece?	"[""function""]"	get_harmonic_tonality			"{""function"": ""relative minor/major""}"	What is the relative minor/major harmony of the primary key of this piece?	Gesius_BefiehlDuDeineWege	chorale-bricks	Gesius_BefiehlDuDeineWege	data/chorale-bricks/Gesius_BefiehlDuDeineWege	F major	"[""A"", ""D minor"", ""E- minor"", ""F""]"	"[""D minor"", ""F"", ""A"", ""E- minor""]"	audio	audio.mastermix.wav	data/chorale-bricks/Gesius_BefiehlDuDeineWege/audio.mastermix.wav	F major	"[""F major"", ""none of the other options is correct"", ""D minor"", ""F"", ""A""]"	0.2	0	"[""A"", ""B"", ""C"", ""D"", ""E""]"	"{""A"": ""F"", ""B"": ""A"", ""C"": ""F major"", ""D"": ""none of the other options is correct"", ""E"": ""D minor""}"	"[""(A) F"", ""(B) A"", ""(C) F major"", ""(D) none of the other options is correct"", ""(E) D minor""]"	(C) F major	C
948ac2ec-3cb5-521b-a547-52f409b19c48	9	perception	harmony	relative	harmony-relative	harmonic-recognition		tonality recognition	What is the {function} harmony of the primary key of this piece?	"[""function""]"	get_harmonic_tonality			"{""function"": ""relative minor/major""}"	What is the relative minor/major harmony of the primary key of this piece?	Gesius_BefiehlDuDeineWege	chorale-bricks	Gesius_BefiehlDuDeineWege	data/chorale-bricks/Gesius_BefiehlDuDeineWege	F major	"[""A"", ""D minor"", ""E- minor"", ""F""]"	"[""D minor"", ""F"", ""A"", ""E- minor""]"	symbolic	symbolic.abc.txt	data/chorale-bricks/Gesius_BefiehlDuDeineWege/symbolic.abc.txt	none of the other options is correct	"[""none of the other options is correct"", ""D minor"", ""F"", ""A"", ""E- minor""]"	0.2	1	"[""A"", ""B"", ""C"", ""D"", ""E""]"	"{""A"": ""A"", ""B"": ""F"", ""C"": ""none of the other options is correct"", ""D"": ""D minor"", ""E"": ""E- minor""}"	"[""(A) A"", ""(B) F"", ""(C) none of the other options is correct"", ""(D) D minor"", ""(E) E- minor""]"	(C) none of the other options is correct	C
536daef6-63a7-5938-9da0-bfdbb4433860	9	perception	harmony	relative	harmony-relative	harmonic-recognition		tonality recognition	What is the {function} harmony of the primary key of this piece?	"[""function""]"	get_harmonic_tonality			"{""function"": ""relative minor/major""}"	What is the relative minor/major harmony of the primary key of this piece?	Gesius_BefiehlDuDeineWege	chorale-bricks	Gesius_BefiehlDuDeineWege	data/chorale-bricks/Gesius_BefiehlDuDeineWege	F major	"[""A"", ""D minor"", ""E- minor"", ""F""]"	"[""D minor"", ""F"", ""A"", ""E- minor""]"	visual	visual.short.png	data/chorale-bricks/Gesius_BefiehlDuDeineWege/visual.short.png	F major	"[""F major"", ""none of the other options is correct"", ""D minor"", ""F"", ""A""]"	0.2	0	"[""A"", ""B"", ""C"", ""D"", ""E""]"	"{""A"": ""F major"", ""B"": ""A"", ""C"": ""none of the other options is correct"", ""D"": ""F"", ""E"": ""D minor""}"	"[""(A) F major"", ""(B) A"", ""(C) none of the other options is correct"", ""(D) F"", ""(E) D minor""]"	(A) F major	A
a6500409-ea32-5556-8c8c-c0b69157cb1a	9	perception	harmony	relative	harmony-relative	harmonic-recognition		tonality recognition	What is the {function} harmony of the primary key of this piece?	"[""function""]"	get_harmonic_tonality			"{""function"": ""tonic""}"	What is the tonic harmony of the primary key of this piece?	Crueger_AufAufMeinHerzMitFreuden	chorale-bricks	Crueger_AufAufMeinHerzMitFreuden	data/chorale-bricks/Crueger_AufAufMeinHerzMitFreuden	C major	"[""A minor"", ""F#"", ""G"", ""G#""]"	"[""F#"", ""G"", ""G#"", ""A minor""]"	audio	audio.mastermix.wav	data/chorale-bricks/Crueger_AufAufMeinHerzMitFreuden/audio.mastermix.wav	C major	"[""C major"", ""none of the other options is correct"", ""F#"", ""G"", ""G#""]"	0.2	0	"[""A"", ""B"", ""C"", ""D"", ""E""]"	"{""A"": ""G#"", ""B"": ""F#"", ""C"": ""G"", ""D"": ""C major"", ""E"": ""none of the other options is correct""}"	"[""(A) G#"", ""(B) F#"", ""(C) G"", ""(D) C major"", ""(E) none of the other options is correct""]"	(D) C major	D
5e468d30-6649-5be2-9aaf-27444e4d8e5b	9	perception	harmony	relative	harmony-relative	harmonic-recognition		tonality recognition	What is the {function} harmony of the primary key of this piece?	"[""function""]"	get_harmonic_tonality			"{""function"": ""tonic""}"	What is the tonic harmony of the primary key of this piece?	Crueger_AufAufMeinHerzMitFreuden	chorale-bricks	Crueger_AufAufMeinHerzMitFreuden	data/chorale-bricks/Crueger_AufAufMeinHerzMitFreuden	C major	"[""A minor"", ""F#"", ""G"", ""G#""]"	"[""F#"", ""G"", ""G#"", ""A minor""]"	symbolic	symbolic.abc.txt	data/chorale-bricks/Crueger_AufAufMeinHerzMitFreuden/symbolic.abc.txt	C major	"[""C major"", ""none of the other options is correct"", ""F#"", ""G"", ""G#""]"	0.2	0	"[""A"", ""B"", ""C"", ""D"", ""E""]"	"{""A"": ""F#"", ""B"": ""C major"", ""C"": ""G"", ""D"": ""G#"", ""E"": ""none of the other options is correct""}"	"[""(A) F#"", ""(B) C major"", ""(C) G"", ""(D) G#"", ""(E) none of the other options is correct""]"	(B) C major	B
a8aa3540-940c-5ec4-a86e-c5c88b54ca1a	9	perception	harmony	relative	harmony-relative	harmonic-recognition		tonality recognition	What is the {function} harmony of the primary key of this piece?	"[""function""]"	get_harmonic_tonality			"{""function"": ""tonic""}"	What is the tonic harmony of the primary key of this piece?	Crueger_AufAufMeinHerzMitFreuden	chorale-bricks	Crueger_AufAufMeinHerzMitFreuden	data/chorale-bricks/Crueger_AufAufMeinHerzMitFreuden	C major	"[""A minor"", ""F#"", ""G"", ""G#""]"	"[""F#"", ""G"", ""G#"", ""A minor""]"	visual	visual.short.png	data/chorale-bricks/Crueger_AufAufMeinHerzMitFreuden/visual.short.png	C major	"[""C major"", ""none of the other options is correct"", ""F#"", ""G"", ""G#""]"	0.2	0	"[""A"", ""B"", ""C"", ""D"", ""E""]"	"{""A"": ""G"", ""B"": ""none of the other options is correct"", ""C"": ""G#"", ""D"": ""F#"", ""E"": ""C major""}"	"[""(A) G"", ""(B) none of the other options is correct"", ""(C) G#"", ""(D) F#"", ""(E) C major""]"	(E) C major	E
c5052387-ffdb-541e-ab28-d7db27781657	9	perception	harmony	relative	harmony-relative	harmonic-recognition		tonality recognition	What is the {function} harmony of the primary key of this piece?	"[""function""]"	get_harmonic_tonality			"{""function"": ""relative minor/major""}"	What is the relative minor/major harmony of the primary key of this piece?	Telemann_DerLiebenSonneLichtUndPracht	chorale-bricks	Telemann_DerLiebenSonneLichtUndPracht	data/chorale-bricks/Telemann_DerLiebenSonneLichtUndPracht	E minor	"[""B- minor"", ""C#"", ""D"", ""G major""]"	"[""G major"", ""D"", ""C#"", ""B- minor""]"	audio	audio.mastermix.wav	data/chorale-bricks/Telemann_DerLiebenSonneLichtUndPracht/audio.mastermix.wav	E minor	"[""E minor"", ""none of the other options is correct"", ""G major"", ""D"", ""C#""]"	0.2	0	"[""A"", ""B"", ""C"", ""D"", ""E""]"	"{""A"": ""C#"", ""B"": ""E minor"", ""C"": ""G major"", ""D"": ""none of the other options is correct"", ""E"": ""D""}"	"[""(A) C#"", ""(B) E minor"", ""(C) G major"", ""(D) none of the other options is correct"", ""(E) D""]"	(B) E minor	B
c5471a28-5185-5850-a3bf-b0443b9daf37	9	perception	harmony	relative	harmony-relative	harmonic-recognition		tonality recognition	What is the {function} harmony of the primary key of this piece?	"[""function""]"	get_harmonic_tonality			"{""function"": ""relative minor/major""}"	What is the relative minor/major harmony of the primary key of this piece?	Telemann_DerLiebenSonneLichtUndPracht	chorale-bricks	Telemann_DerLiebenSonneLichtUndPracht	data/chorale-bricks/Telemann_DerLiebenSonneLichtUndPracht	E minor	"[""B- minor"", ""C#"", ""D"", ""G major""]"	"[""G major"", ""D"", ""C#"", ""B- minor""]"	symbolic	symbolic.abc.txt	data/chorale-bricks/Telemann_DerLiebenSonneLichtUndPracht/symbolic.abc.txt	none of the other options is correct	"[""none of the other options is correct"", ""G major"", ""D"", ""C#"", ""B- minor""]"	0.2	1	"[""A"", ""B"", ""C"", ""D"", ""E""]"	"{""A"": ""B- minor"", ""B"": ""C#"", ""C"": ""G major"", ""D"": ""D"", ""E"": ""none of the other options is correct""}"	"[""(A) B- minor"", ""(B) C#"", ""(C) G major"", ""(D) D"", ""(E) none of the other options is correct""]"	(E) none of the other options is correct	E
60a8fd9d-eee5-5b5c-be9d-498186b48d76	9	perception	harmony	relative	harmony-relative	harmonic-recognition		tonality recognition	What is the {function} harmony of the primary key of this piece?	"[""function""]"	get_harmonic_tonality			"{""function"": ""relative minor/major""}"	What is the relative minor/major harmony of the primary key of this piece?	Telemann_DerLiebenSonneLichtUndPracht	chorale-bricks	Telemann_DerLiebenSonneLichtUndPracht	data/chorale-bricks/Telemann_DerLiebenSonneLichtUndPracht	E minor	"[""B- minor"", ""C#"", ""D"", ""G major""]"	"[""G major"", ""D"", ""C#"", ""B- minor""]"	visual	visual.short.png	data/chorale-bricks/Telemann_DerLiebenSonneLichtUndPracht/visual.short.png	E minor	"[""E minor"", ""none of the other options is correct"", ""G major"", ""D"", ""C#""]"	0.2	0	"[""A"", ""B"", ""C"", ""D"", ""E""]"	"{""A"": ""C#"", ""B"": ""G major"", ""C"": ""D"", ""D"": ""E minor"", ""E"": ""none of the other options is correct""}"	"[""(A) C#"", ""(B) G major"", ""(C) D"", ""(D) E minor"", ""(E) none of the other options is correct""]"	(D) E minor	D
48bba0c0-e002-5017-9e87-ade51e9d22e1	9	perception	harmony	relative	harmony-relative	harmonic-recognition		tonality recognition	What is the {function} harmony of the primary key of this piece?	"[""function""]"	get_harmonic_tonality			"{""function"": ""tonic""}"	What is the tonic harmony of the primary key of this piece?	Telemann_DerLiebenSonneLichtUndPracht	chorale-bricks	Telemann_DerLiebenSonneLichtUndPracht	data/chorale-bricks/Telemann_DerLiebenSonneLichtUndPracht	G major	"[""A minor"", ""C major"", ""D"", ""E minor""]"	"[""E minor"", ""C major"", ""D"", ""A minor""]"	audio	audio.mastermix.wav	data/chorale-bricks/Telemann_DerLiebenSonneLichtUndPracht/audio.mastermix.wav	G major	"[""G major"", ""none of the other options is correct"", ""E minor"", ""C major"", ""D""]"	0.2	0	"[""A"", ""B"", ""C"", ""D"", ""E""]"	"{""A"": ""E minor"", ""B"": ""G major"", ""C"": ""none of the other options is correct"", ""D"": ""C major"", ""E"": ""D""}"	"[""(A) E minor"", ""(B) G major"", ""(C) none of the other options is correct"", ""(D) C major"", ""(E) D""]"	(B) G major	B
ce0a0019-034f-5558-821b-889c4ab7a227	9	perception	harmony	relative	harmony-relative	harmonic-recognition		tonality recognition	What is the {function} harmony of the primary key of this piece?	"[""function""]"	get_harmonic_tonality			"{""function"": ""tonic""}"	What is the tonic harmony of the primary key of this piece?	Telemann_DerLiebenSonneLichtUndPracht	chorale-bricks	Telemann_DerLiebenSonneLichtUndPracht	data/chorale-bricks/Telemann_DerLiebenSonneLichtUndPracht	G major	"[""A minor"", ""C major"", ""D"", ""E minor""]"	"[""E minor"", ""C major"", ""D"", ""A minor""]"	symbolic	symbolic.abc.txt	data/chorale-bricks/Telemann_DerLiebenSonneLichtUndPracht/symbolic.abc.txt	none of the other options is correct	"[""none of the other options is correct"", ""E minor"", ""C major"", ""D"", ""A minor""]"	0.2	1	"[""A"", ""B"", ""C"", ""D"", ""E""]"	"{""A"": ""none of the other options is correct"", ""B"": ""A minor"", ""C"": ""E minor"", ""D"": ""D"", ""E"": ""C major""}"	"[""(A) none of the other options is correct"", ""(B) A minor"", ""(C) E minor"", ""(D) D"", ""(E) C major""]"	(A) none of the other options is correct	A
5e607ca1-fb8f-5548-b06e-1475a7e8af2f	9	perception	harmony	relative	harmony-relative	harmonic-recognition		tonality recognition	What is the {function} harmony of the primary key of this piece?	"[""function""]"	get_harmonic_tonality			"{""function"": ""tonic""}"	What is the tonic harmony of the primary key of this piece?	Telemann_DerLiebenSonneLichtUndPracht	chorale-bricks	Telemann_DerLiebenSonneLichtUndPracht	data/chorale-bricks/Telemann_DerLiebenSonneLichtUndPracht	G major	"[""A minor"", ""C major"", ""D"", ""E minor""]"	"[""E minor"", ""C major"", ""D"", ""A minor""]"	visual	visual.short.png	data/chorale-bricks/Telemann_DerLiebenSonneLichtUndPracht/visual.short.png	G major	"[""G major"", ""none of the other options is correct"", ""E minor"", ""C major"", ""D""]"	0.2	0	"[""A"", ""B"", ""C"", ""D"", ""E""]"	"{""A"": ""C major"", ""B"": ""none of the other options is correct"", ""C"": ""G major"", ""D"": ""E minor"", ""E"": ""D""}"	"[""(A) C major"", ""(B) none of the other options is correct"", ""(C) G major"", ""(D) E minor"", ""(E) D""]"	(C) G major	C
be062dd1-cb2d-5744-919e-ba8a918ddc3d	10	perception	harmony	absolute	harmony-absolute	harmonic-recognition		chord recognition	What is the chord at the {target_index} position considering all the voices?	"[""target_index""]"	get_harmonic_chord			"{""target_index"": ""43rd""}"	What is the chord at the 43rd position considering all the voices?	Jan_DuGrosserSchmerzensmann	chorale-bricks	Jan_DuGrosserSchmerzensmann	data/chorale-bricks/Jan_DuGrosserSchmerzensmann	major triad	"[""Minor Third"", ""diminished triad"", ""minor seventh chord"", ""minor triad"", ""quartal trichord""]"	"[""quartal trichord"", ""minor seventh chord"", ""minor triad"", ""Minor Third"", ""diminished triad""]"	audio	audio.mastermix.wav	data/chorale-bricks/Jan_DuGrosserSchmerzensmann/audio.mastermix.wav	none of the other options is correct	"[""none of the other options is correct"", ""quartal trichord"", ""minor seventh chord"", ""minor triad"", ""Minor Third""]"	0.2	1	"[""A"", ""B"", ""C"", ""D"", ""E""]"	"{""A"": ""none of the other options is correct"", ""B"": ""minor seventh chord"", ""C"": ""quartal trichord"", ""D"": ""Minor Third"", ""E"": ""minor triad""}"	"[""(A) none of the other options is correct"", ""(B) minor seventh chord"", ""(C) quartal trichord"", ""(D) Minor Third"", ""(E) minor triad""]"	(A) none of the other options is correct	A
44bfe9e5-d198-5cbe-802d-e1ba93a4048d	10	perception	harmony	absolute	harmony-absolute	harmonic-recognition		chord recognition	What is the chord at the {target_index} position considering all the voices?	"[""target_index""]"	get_harmonic_chord			"{""target_index"": ""43rd""}"	What is the chord at the 43rd position considering all the voices?	Jan_DuGrosserSchmerzensmann	chorale-bricks	Jan_DuGrosserSchmerzensmann	data/chorale-bricks/Jan_DuGrosserSchmerzensmann	major triad	"[""Minor Third"", ""diminished triad"", ""minor seventh chord"", ""minor triad"", ""quartal trichord""]"	"[""quartal trichord"", ""minor seventh chord"", ""minor triad"", ""Minor Third"", ""diminished triad""]"	symbolic	symbolic.abc.txt	data/chorale-bricks/Jan_DuGrosserSchmerzensmann/symbolic.abc.txt	major triad	"[""major triad"", ""none of the other options is correct"", ""quartal trichord"", ""minor seventh chord"", ""minor triad""]"	0.2	0	"[""A"", ""B"", ""C"", ""D"", ""E""]"	"{""A"": ""minor triad"", ""B"": ""none of the other options is correct"", ""C"": ""major triad"", ""D"": ""minor seventh chord"", ""E"": ""quartal trichord""}"	"[""(A) minor triad"", ""(B) none of the other options is correct"", ""(C) major triad"", ""(D) minor seventh chord"", ""(E) quartal trichord""]"	(C) major triad	C
58134118-56f0-589c-9a85-537aae9669d1	10	perception	harmony	absolute	harmony-absolute	harmonic-recognition		chord recognition	What is the chord at the {target_index} position considering all the voices?	"[""target_index""]"	get_harmonic_chord			"{""target_index"": ""43rd""}"	What is the chord at the 43rd position considering all the voices?	Jan_DuGrosserSchmerzensmann	chorale-bricks	Jan_DuGrosserSchmerzensmann	data/chorale-bricks/Jan_DuGrosserSchmerzensmann	major triad	"[""Minor Third"", ""diminished triad"", ""minor seventh chord"", ""minor triad"", ""quartal trichord""]"	"[""quartal trichord"", ""minor seventh chord"", ""minor triad"", ""Minor Third"", ""diminished triad""]"	visual	visual.short.png	data/chorale-bricks/Jan_DuGrosserSchmerzensmann/visual.short.png	major triad	"[""major triad"", ""none of the other options is correct"", ""quartal trichord"", ""minor seventh chord"", ""minor triad""]"	0.2	0	"[""A"", ""B"", ""C"", ""D"", ""E""]"	"{""A"": ""major triad"", ""B"": ""minor triad"", ""C"": ""none of the other options is correct"", ""D"": ""quartal trichord"", ""E"": ""minor seventh chord""}"	"[""(A) major triad"", ""(B) minor triad"", ""(C) none of the other options is correct"", ""(D) quartal trichord"", ""(E) minor seventh chord""]"	(A) major triad	A
bf1e0730-24b7-57ac-af15-f735a7bc2f1b	10	perception	harmony	absolute	harmony-absolute	harmonic-recognition		chord recognition	What is the chord at the {target_index} position considering all the voices?	"[""target_index""]"	get_harmonic_chord			"{""target_index"": ""16th""}"	What is the chord at the 16th position considering all the voices?	Bach_IchStehAnDeinerKrippe	chorale-bricks	Bach_IchStehAnDeinerKrippe	data/chorale-bricks/Bach_IchStehAnDeinerKrippe	major triad	"[""Major Third"", ""diminished triad"", ""incomplete dominant-seventh chord"", ""minor triad"", ""quartal trichord""]"	"[""minor triad"", ""Major Third"", ""quartal trichord"", ""incomplete dominant-seventh chord"", ""diminished triad""]"	audio	audio.mastermix.wav	data/chorale-bricks/Bach_IchStehAnDeinerKrippe/audio.mastermix.wav	major triad	"[""major triad"", ""none of the other options is correct"", ""minor triad"", ""Major Third"", ""quartal trichord""]"	0.2	0	"[""A"", ""B"", ""C"", ""D"", ""E""]"	"{""A"": ""Major Third"", ""B"": ""none of the other options is correct"", ""C"": ""minor triad"", ""D"": ""major triad"", ""E"": ""quartal trichord""}"	"[""(A) Major Third"", ""(B) none of the other options is correct"", ""(C) minor triad"", ""(D) major triad"", ""(E) quartal trichord""]"	(D) major triad	D
9a27064c-b6fc-595c-8d0c-65a0aa725dc4	10	perception	harmony	absolute	harmony-absolute	harmonic-recognition		chord recognition	What is the chord at the {target_index} position considering all the voices?	"[""target_index""]"	get_harmonic_chord			"{""target_index"": ""16th""}"	What is the chord at the 16th position considering all the voices?	Bach_IchStehAnDeinerKrippe	chorale-bricks	Bach_IchStehAnDeinerKrippe	data/chorale-bricks/Bach_IchStehAnDeinerKrippe	major triad	"[""Major Third"", ""diminished triad"", ""incomplete dominant-seventh chord"", ""minor triad"", ""quartal trichord""]"	"[""minor triad"", ""Major Third"", ""quartal trichord"", ""incomplete dominant-seventh chord"", ""diminished triad""]"	symbolic	symbolic.abc.txt	data/chorale-bricks/Bach_IchStehAnDeinerKrippe/symbolic.abc.txt	major triad	"[""major triad"", ""none of the other options is correct"", ""minor triad"", ""Major Third"", ""quartal trichord""]"	0.2	0	"[""A"", ""B"", ""C"", ""D"", ""E""]"	"{""A"": ""minor triad"", ""B"": ""none of the other options is correct"", ""C"": ""major triad"", ""D"": ""quartal trichord"", ""E"": ""Major Third""}"	"[""(A) minor triad"", ""(B) none of the other options is correct"", ""(C) major triad"", ""(D) quartal trichord"", ""(E) Major Third""]"	(C) major triad	C
c5b32041-c63c-52a0-95b6-a8e593c73c94	10	perception	harmony	absolute	harmony-absolute	harmonic-recognition		chord recognition	What is the chord at the {target_index} position considering all the voices?	"[""target_index""]"	get_harmonic_chord			"{""target_index"": ""16th""}"	What is the chord at the 16th position considering all the voices?	Bach_IchStehAnDeinerKrippe	chorale-bricks	Bach_IchStehAnDeinerKrippe	data/chorale-bricks/Bach_IchStehAnDeinerKrippe	major triad	"[""Major Third"", ""diminished triad"", ""incomplete dominant-seventh chord"", ""minor triad"", ""quartal trichord""]"	"[""minor triad"", ""Major Third"", ""quartal trichord"", ""incomplete dominant-seventh chord"", ""diminished triad""]"	visual	visual.short.png	data/chorale-bricks/Bach_IchStehAnDeinerKrippe/visual.short.png	major triad	"[""major triad"", ""none of the other options is correct"", ""minor triad"", ""Major Third"", ""quartal trichord""]"	0.2	0	"[""A"", ""B"", ""C"", ""D"", ""E""]"	"{""A"": ""quartal trichord"", ""B"": ""none of the other options is correct"", ""C"": ""minor triad"", ""D"": ""Major Third"", ""E"": ""major triad""}"	"[""(A) quartal trichord"", ""(B) none of the other options is correct"", ""(C) minor triad"", ""(D) Major Third"", ""(E) major triad""]"	(E) major triad	E
34ea58c5-6682-5154-bf60-21a4e0d93ff8	10	perception	harmony	absolute	harmony-absolute	harmonic-recognition		chord recognition	What is the chord at the {target_index} position considering all the voices?	"[""target_index""]"	get_harmonic_chord			"{""target_index"": ""27th""}"	What is the chord at the 27th position considering all the voices?	Vulpius_ChristusDerIstMeinLeben	chorale-bricks	Vulpius_ChristusDerIstMeinLeben	data/chorale-bricks/Vulpius_ChristusDerIstMeinLeben	minor triad	"[""Major Third"", ""diminished triad"", ""major triad"", ""quartal trichord""]"	"[""diminished triad"", ""major triad"", ""Major Third"", ""quartal trichord""]"	audio	audio.mastermix.wav	data/chorale-bricks/Vulpius_ChristusDerIstMeinLeben/audio.mastermix.wav	minor triad	"[""minor triad"", ""none of the other options is correct"", ""diminished triad"", ""major triad"", ""Major Third""]"	0.2	0	"[""A"", ""B"", ""C"", ""D"", ""E""]"	"{""A"": ""none of the other options is correct"", ""B"": ""Major Third"", ""C"": ""minor triad"", ""D"": ""major triad"", ""E"": ""diminished triad""}"	"[""(A) none of the other options is correct"", ""(B) Major Third"", ""(C) minor triad"", ""(D) major triad"", ""(E) diminished triad""]"	(C) minor triad	C
71d8e7ca-7b3f-556d-a5cc-397add8a9ffe	10	perception	harmony	absolute	harmony-absolute	harmonic-recognition		chord recognition	What is the chord at the {target_index} position considering all the voices?	"[""target_index""]"	get_harmonic_chord			"{""target_index"": ""27th""}"	What is the chord at the 27th position considering all the voices?	Vulpius_ChristusDerIstMeinLeben	chorale-bricks	Vulpius_ChristusDerIstMeinLeben	data/chorale-bricks/Vulpius_ChristusDerIstMeinLeben	minor triad	"[""Major Third"", ""diminished triad"", ""major triad"", ""quartal trichord""]"	"[""diminished triad"", ""major triad"", ""Major Third"", ""quartal trichord""]"	symbolic	symbolic.abc.txt	data/chorale-bricks/Vulpius_ChristusDerIstMeinLeben/symbolic.abc.txt	minor triad	"[""minor triad"", ""none of the other options is correct"", ""diminished triad"", ""major triad"", ""Major Third""]"	0.2	0	"[""A"", ""B"", ""C"", ""D"", ""E""]"	"{""A"": ""diminished triad"", ""B"": ""Major Third"", ""C"": ""minor triad"", ""D"": ""none of the other options is correct"", ""E"": ""major triad""}"	"[""(A) diminished triad"", ""(B) Major Third"", ""(C) minor triad"", ""(D) none of the other options is correct"", ""(E) major triad""]"	(C) minor triad	C
bf328334-5021-5d0b-ad40-5a51831c12e7	10	perception	harmony	absolute	harmony-absolute	harmonic-recognition		chord recognition	What is the chord at the {target_index} position considering all the voices?	"[""target_index""]"	get_harmonic_chord			"{""target_index"": ""27th""}"	What is the chord at the 27th position considering all the voices?	Vulpius_ChristusDerIstMeinLeben	chorale-bricks	Vulpius_ChristusDerIstMeinLeben	data/chorale-bricks/Vulpius_ChristusDerIstMeinLeben	minor triad	"[""Major Third"", ""diminished triad"", ""major triad"", ""quartal trichord""]"	"[""diminished triad"", ""major triad"", ""Major Third"", ""quartal trichord""]"	visual	visual.short.png	data/chorale-bricks/Vulpius_ChristusDerIstMeinLeben/visual.short.png	none of the other options is correct	"[""none of the other options is correct"", ""diminished triad"", ""major triad"", ""Major Third"", ""quartal trichord""]"	0.2	1	"[""A"", ""B"", ""C"", ""D"", ""E""]"	"{""A"": ""diminished triad"", ""B"": ""Major Third"", ""C"": ""quartal trichord"", ""D"": ""major triad"", ""E"": ""none of the other options is correct""}"	"[""(A) diminished triad"", ""(B) Major Third"", ""(C) quartal trichord"", ""(D) major triad"", ""(E) none of the other options is correct""]"	(E) none of the other options is correct	E
2d45b0f8-6bf3-5b91-9530-557dc198959d	10	perception	harmony	absolute	harmony-absolute	harmonic-recognition		chord recognition	What is the chord at the {target_index} position considering all the voices?	"[""target_index""]"	get_harmonic_chord			"{""target_index"": ""8th""}"	What is the chord at the 8th position considering all the voices?	Crueger_AufAufMeinHerzMitFreuden	chorale-bricks	Crueger_AufAufMeinHerzMitFreuden	data/chorale-bricks/Crueger_AufAufMeinHerzMitFreuden	quartal trichord	"[""Major Third"", ""Minor Third"", ""diminished triad"", ""incomplete minor-seventh chord"", ""major triad"", ""major-second minor tetrachord"", ""minor triad"", ""perfect-fourth major tetrachord""]"	"[""minor triad"", ""diminished triad"", ""major-second minor tetrachord"", ""Minor Third"", ""incomplete minor-seventh chord"", ""Major Third"", ""major triad"", ""perfect-fourth major tetrachord""]"	audio	audio.mastermix.wav	data/chorale-bricks/Crueger_AufAufMeinHerzMitFreuden/audio.mastermix.wav	none of the other options is correct	"[""none of the other options is correct"", ""minor triad"", ""diminished triad"", ""major-second minor tetrachord"", ""Minor Third""]"	0.2	1	"[""A"", ""B"", ""C"", ""D"", ""E""]"	"{""A"": ""diminished triad"", ""B"": ""none of the other options is correct"", ""C"": ""Minor Third"", ""D"": ""major-second minor tetrachord"", ""E"": ""minor triad""}"	"[""(A) diminished triad"", ""(B) none of the other options is correct"", ""(C) Minor Third"", ""(D) major-second minor tetrachord"", ""(E) minor triad""]"	(B) none of the other options is correct	B
75868a6e-05c0-5201-ae59-7e3b97ab9134	10	perception	harmony	absolute	harmony-absolute	harmonic-recognition		chord recognition	What is the chord at the {target_index} position considering all the voices?	"[""target_index""]"	get_harmonic_chord			"{""target_index"": ""8th""}"	What is the chord at the 8th position considering all the voices?	Crueger_AufAufMeinHerzMitFreuden	chorale-bricks	Crueger_AufAufMeinHerzMitFreuden	data/chorale-bricks/Crueger_AufAufMeinHerzMitFreuden	quartal trichord	"[""Major Third"", ""Minor Third"", ""diminished triad"", ""incomplete minor-seventh chord"", ""major triad"", ""major-second minor tetrachord"", ""minor triad"", ""perfect-fourth major tetrachord""]"	"[""minor triad"", ""diminished triad"", ""major-second minor tetrachord"", ""Minor Third"", ""incomplete minor-seventh chord"", ""Major Third"", ""major triad"", ""perfect-fourth major tetrachord""]"	symbolic	symbolic.abc.txt	data/chorale-bricks/Crueger_AufAufMeinHerzMitFreuden/symbolic.abc.txt	none of the other options is correct	"[""none of the other options is correct"", ""minor triad"", ""diminished triad"", ""major-second minor tetrachord"", ""Minor Third""]"	0.2	1	"[""A"", ""B"", ""C"", ""D"", ""E""]"	"{""A"": ""major-second minor tetrachord"", ""B"": ""diminished triad"", ""C"": ""Minor Third"", ""D"": ""none of the other options is correct"", ""E"": ""minor triad""}"	"[""(A) major-second minor tetrachord"", ""(B) diminished triad"", ""(C) Minor Third"", ""(D) none of the other options is correct"", ""(E) minor triad""]"	(D) none of the other options is correct	D
4a469684-e1ed-595d-a3a3-a802d36f16b2	10	perception	harmony	absolute	harmony-absolute	harmonic-recognition		chord recognition	What is the chord at the {target_index} position considering all the voices?	"[""target_index""]"	get_harmonic_chord			"{""target_index"": ""8th""}"	What is the chord at the 8th position considering all the voices?	Crueger_AufAufMeinHerzMitFreuden	chorale-bricks	Crueger_AufAufMeinHerzMitFreuden	data/chorale-bricks/Crueger_AufAufMeinHerzMitFreuden	quartal trichord	"[""Major Third"", ""Minor Third"", ""diminished triad"", ""incomplete minor-seventh chord"", ""major triad"", ""major-second minor tetrachord"", ""minor triad"", ""perfect-fourth major tetrachord""]"	"[""minor triad"", ""diminished triad"", ""major-second minor tetrachord"", ""Minor Third"", ""incomplete minor-seventh chord"", ""Major Third"", ""major triad"", ""perfect-fourth major tetrachord""]"	visual	visual.short.png	data/chorale-bricks/Crueger_AufAufMeinHerzMitFreuden/visual.short.png	quartal trichord	"[""quartal trichord"", ""none of the other options is correct"", ""minor triad"", ""diminished triad"", ""major-second minor tetrachord""]"	0.2	0	"[""A"", ""B"", ""C"", ""D"", ""E""]"	"{""A"": ""diminished triad"", ""B"": ""none of the other options is correct"", ""C"": ""major-second minor tetrachord"", ""D"": ""minor triad"", ""E"": ""quartal trichord""}"	"[""(A) diminished triad"", ""(B) none of the other options is correct"", ""(C) major-second minor tetrachord"", ""(D) minor triad"", ""(E) quartal trichord""]"	(E) quartal trichord	E
3023daaa-7848-563a-af20-4c7141fa0162	10	perception	harmony	absolute	harmony-absolute	harmonic-recognition		chord recognition	What is the chord at the {target_index} position considering all the voices?	"[""target_index""]"	get_harmonic_chord			"{""target_index"": ""36th""}"	What is the chord at the 36th position considering all the voices?	Telemann_DerLiebenSonneLichtUndPracht	chorale-bricks	Telemann_DerLiebenSonneLichtUndPracht	data/chorale-bricks/Telemann_DerLiebenSonneLichtUndPracht	minor triad	"[""Major Third"", ""diminished triad"", ""major triad"", ""minor seventh chord"", ""perfect-fourth major tetrachord"", ""quartal trichord""]"	"[""major triad"", ""Major Third"", ""minor seventh chord"", ""perfect-fourth major tetrachord"", ""diminished triad"", ""quartal trichord""]"	audio	audio.mastermix.wav	data/chorale-bricks/Telemann_DerLiebenSonneLichtUndPracht/audio.mastermix.wav	none of the other options is correct	"[""none of the other options is correct"", ""major triad"", ""Major Third"", ""minor seventh chord"", ""perfect-fourth major tetrachord""]"	0.2	1	"[""A"", ""B"", ""C"", ""D"", ""E""]"	"{""A"": ""Major Third"", ""B"": ""perfect-fourth major tetrachord"", ""C"": ""none of the other options is correct"", ""D"": ""major triad"", ""E"": ""minor seventh chord""}"	"[""(A) Major Third"", ""(B) perfect-fourth major tetrachord"", ""(C) none of the other options is correct"", ""(D) major triad"", ""(E) minor seventh chord""]"	(C) none of the other options is correct	C
0d8fff24-2ee2-544e-aa11-b75437b31a00	10	perception	harmony	absolute	harmony-absolute	harmonic-recognition		chord recognition	What is the chord at the {target_index} position considering all the voices?	"[""target_index""]"	get_harmonic_chord			"{""target_index"": ""36th""}"	What is the chord at the 36th position considering all the voices?	Telemann_DerLiebenSonneLichtUndPracht	chorale-bricks	Telemann_DerLiebenSonneLichtUndPracht	data/chorale-bricks/Telemann_DerLiebenSonneLichtUndPracht	minor triad	"[""Major Third"", ""diminished triad"", ""major triad"", ""minor seventh chord"", ""perfect-fourth major tetrachord"", ""quartal trichord""]"	"[""major triad"", ""Major Third"", ""minor seventh chord"", ""perfect-fourth major tetrachord"", ""diminished triad"", ""quartal trichord""]"	symbolic	symbolic.abc.txt	data/chorale-bricks/Telemann_DerLiebenSonneLichtUndPracht/symbolic.abc.txt	minor triad	"[""minor triad"", ""none of the other options is correct"", ""major triad"", ""Major Third"", ""minor seventh chord""]"	0.2	0	"[""A"", ""B"", ""C"", ""D"", ""E""]"	"{""A"": ""major triad"", ""B"": ""minor seventh chord"", ""C"": ""minor triad"", ""D"": ""none of the other options is correct"", ""E"": ""Major Third""}"	"[""(A) major triad"", ""(B) minor seventh chord"", ""(C) minor triad"", ""(D) none of the other options is correct"", ""(E) Major Third""]"	(C) minor triad	C
83fe40fb-8dc4-503d-be3d-8652e61f517d	10	perception	harmony	absolute	harmony-absolute	harmonic-recognition		chord recognition	What is the chord at the {target_index} position considering all the voices?	"[""target_index""]"	get_harmonic_chord			"{""target_index"": ""36th""}"	What is the chord at the 36th position considering all the voices?	Telemann_DerLiebenSonneLichtUndPracht	chorale-bricks	Telemann_DerLiebenSonneLichtUndPracht	data/chorale-bricks/Telemann_DerLiebenSonneLichtUndPracht	minor triad	"[""Major Third"", ""diminished triad"", ""major triad"", ""minor seventh chord"", ""perfect-fourth major tetrachord"", ""quartal trichord""]"	"[""major triad"", ""Major Third"", ""minor seventh chord"", ""perfect-fourth major tetrachord"", ""diminished triad"", ""quartal trichord""]"	visual	visual.short.png	data/chorale-bricks/Telemann_DerLiebenSonneLichtUndPracht/visual.short.png	minor triad	"[""minor triad"", ""none of the other options is correct"", ""major triad"", ""Major Third"", ""minor seventh chord""]"	0.2	0	"[""A"", ""B"", ""C"", ""D"", ""E""]"	"{""A"": ""none of the other options is correct"", ""B"": ""Major Third"", ""C"": ""minor triad"", ""D"": ""major triad"", ""E"": ""minor seventh chord""}"	"[""(A) none of the other options is correct"", ""(B) Major Third"", ""(C) minor triad"", ""(D) major triad"", ""(E) minor seventh chord""]"	(C) minor triad	C
ace0760b-34fe-56eb-bfca-801ef57c0d7a	10	perception	harmony	absolute	harmony-absolute	harmonic-recognition		chord recognition	What is the chord at the {target_index} position considering all the voices?	"[""target_index""]"	get_harmonic_chord			"{""target_index"": ""25th""}"	What is the chord at the 25th position considering all the voices?	Gesius_BefiehlDuDeineWege	chorale-bricks	Gesius_BefiehlDuDeineWege	data/chorale-bricks/Gesius_BefiehlDuDeineWege	minor triad	"[""Minor Third"", ""major triad"", ""major-second minor tetrachord"", ""quartal trichord""]"	"[""major-second minor tetrachord"", ""quartal trichord"", ""Minor Third"", ""major triad""]"	audio	audio.mastermix.wav	data/chorale-bricks/Gesius_BefiehlDuDeineWege/audio.mastermix.wav	minor triad	"[""minor triad"", ""none of the other options is correct"", ""major-second minor tetrachord"", ""quartal trichord"", ""Minor Third""]"	0.2	0	"[""A"", ""B"", ""C"", ""D"", ""E""]"	"{""A"": ""quartal trichord"", ""B"": ""minor triad"", ""C"": ""major-second minor tetrachord"", ""D"": ""Minor Third"", ""E"": ""none of the other options is correct""}"	"[""(A) quartal trichord"", ""(B) minor triad"", ""(C) major-second minor tetrachord"", ""(D) Minor Third"", ""(E) none of the other options is correct""]"	(B) minor triad	B
6fe343df-9219-5b6c-b35d-a686bfefcad7	10	perception	harmony	absolute	harmony-absolute	harmonic-recognition		chord recognition	What is the chord at the {target_index} position considering all the voices?	"[""target_index""]"	get_harmonic_chord			"{""target_index"": ""25th""}"	What is the chord at the 25th position considering all the voices?	Gesius_BefiehlDuDeineWege	chorale-bricks	Gesius_BefiehlDuDeineWege	data/chorale-bricks/Gesius_BefiehlDuDeineWege	minor triad	"[""Minor Third"", ""major triad"", ""major-second minor tetrachord"", ""quartal trichord""]"	"[""major-second minor tetrachord"", ""quartal trichord"", ""Minor Third"", ""major triad""]"	symbolic	symbolic.abc.txt	data/chorale-bricks/Gesius_BefiehlDuDeineWege/symbolic.abc.txt	minor triad	"[""minor triad"", ""none of the other options is correct"", ""major-second minor tetrachord"", ""quartal trichord"", ""Minor Third""]"	0.2	0	"[""A"", ""B"", ""C"", ""D"", ""E""]"	"{""A"": ""minor triad"", ""B"": ""Minor Third"", ""C"": ""major-second minor tetrachord"", ""D"": ""quartal trichord"", ""E"": ""none of the other options is correct""}"	"[""(A) minor triad"", ""(B) Minor Third"", ""(C) major-second minor tetrachord"", ""(D) quartal trichord"", ""(E) none of the other options is correct""]"	(A) minor triad	A
063fe8a1-ccd2-587d-b89a-d2ebc426dd37	10	perception	harmony	absolute	harmony-absolute	harmonic-recognition		chord recognition	What is the chord at the {target_index} position considering all the voices?	"[""target_index""]"	get_harmonic_chord			"{""target_index"": ""25th""}"	What is the chord at the 25th position considering all the voices?	Gesius_BefiehlDuDeineWege	chorale-bricks	Gesius_BefiehlDuDeineWege	data/chorale-bricks/Gesius_BefiehlDuDeineWege	minor triad	"[""Minor Third"", ""major triad"", ""major-second minor tetrachord"", ""quartal trichord""]"	"[""major-second minor tetrachord"", ""quartal trichord"", ""Minor Third"", ""major triad""]"	visual	visual.short.png	data/chorale-bricks/Gesius_BefiehlDuDeineWege/visual.short.png	none of the other options is correct	"[""none of the other options is correct"", ""major-second minor tetrachord"", ""quartal trichord"", ""Minor Third"", ""major triad""]"	0.2	1	"[""A"", ""B"", ""C"", ""D"", ""E""]"	"{""A"": ""quartal trichord"", ""B"": ""major-second minor tetrachord"", ""C"": ""none of the other options is correct"", ""D"": ""Minor Third"", ""E"": ""major triad""}"	"[""(A) quartal trichord"", ""(B) major-second minor tetrachord"", ""(C) none of the other options is correct"", ""(D) Minor Third"", ""(E) major triad""]"	(C) none of the other options is correct	C
f721f76a-b2dd-5048-a03a-2c814571f2ee	10	perception	harmony	absolute	harmony-absolute	harmonic-recognition		chord recognition	What is the chord at the {target_index} position considering all the voices?	"[""target_index""]"	get_harmonic_chord			"{""target_index"": ""14th""}"	What is the chord at the 14th position considering all the voices?	Jan_DuGrosserSchmerzensmann	chorale-bricks	Jan_DuGrosserSchmerzensmann	data/chorale-bricks/Jan_DuGrosserSchmerzensmann	major triad	"[""Minor Third"", ""diminished triad"", ""minor seventh chord"", ""minor triad"", ""quartal trichord""]"	"[""minor seventh chord"", ""quartal trichord"", ""minor triad"", ""diminished triad"", ""Minor Third""]"	audio	audio.mastermix.wav	data/chorale-bricks/Jan_DuGrosserSchmerzensmann/audio.mastermix.wav	major triad	"[""major triad"", ""none of the other options is correct"", ""minor seventh chord"", ""quartal trichord"", ""minor triad""]"	0.2	0	"[""A"", ""B"", ""C"", ""D"", ""E""]"	"{""A"": ""quartal trichord"", ""B"": ""none of the other options is correct"", ""C"": ""major triad"", ""D"": ""minor triad"", ""E"": ""minor seventh chord""}"	"[""(A) quartal trichord"", ""(B) none of the other options is correct"", ""(C) major triad"", ""(D) minor triad"", ""(E) minor seventh chord""]"	(C) major triad	C
6a1eef8b-0d12-5027-b13f-6f0388e28e71	10	perception	harmony	absolute	harmony-absolute	harmonic-recognition		chord recognition	What is the chord at the {target_index} position considering all the voices?	"[""target_index""]"	get_harmonic_chord			"{""target_index"": ""14th""}"	What is the chord at the 14th position considering all the voices?	Jan_DuGrosserSchmerzensmann	chorale-bricks	Jan_DuGrosserSchmerzensmann	data/chorale-bricks/Jan_DuGrosserSchmerzensmann	major triad	"[""Minor Third"", ""diminished triad"", ""minor seventh chord"", ""minor triad"", ""quartal trichord""]"	"[""minor seventh chord"", ""quartal trichord"", ""minor triad"", ""diminished triad"", ""Minor Third""]"	symbolic	symbolic.abc.txt	data/chorale-bricks/Jan_DuGrosserSchmerzensmann/symbolic.abc.txt	none of the other options is correct	"[""none of the other options is correct"", ""minor seventh chord"", ""quartal trichord"", ""minor triad"", ""diminished triad""]"	0.2	1	"[""A"", ""B"", ""C"", ""D"", ""E""]"	"{""A"": ""minor triad"", ""B"": ""quartal trichord"", ""C"": ""minor seventh chord"", ""D"": ""none of the other options is correct"", ""E"": ""diminished triad""}"	"[""(A) minor triad"", ""(B) quartal trichord"", ""(C) minor seventh chord"", ""(D) none of the other options is correct"", ""(E) diminished triad""]"	(D) none of the other options is correct	D
9536800d-fbf4-5958-b8c7-60d1126fcbdd	10	perception	harmony	absolute	harmony-absolute	harmonic-recognition		chord recognition	What is the chord at the {target_index} position considering all the voices?	"[""target_index""]"	get_harmonic_chord			"{""target_index"": ""14th""}"	What is the chord at the 14th position considering all the voices?	Jan_DuGrosserSchmerzensmann	chorale-bricks	Jan_DuGrosserSchmerzensmann	data/chorale-bricks/Jan_DuGrosserSchmerzensmann	major triad	"[""Minor Third"", ""diminished triad"", ""minor seventh chord"", ""minor triad"", ""quartal trichord""]"	"[""minor seventh chord"", ""quartal trichord"", ""minor triad"", ""diminished triad"", ""Minor Third""]"	visual	visual.short.png	data/chorale-bricks/Jan_DuGrosserSchmerzensmann/visual.short.png	major triad	"[""major triad"", ""none of the other options is correct"", ""minor seventh chord"", ""quartal trichord"", ""minor triad""]"	0.2	0	"[""A"", ""B"", ""C"", ""D"", ""E""]"	"{""A"": ""minor triad"", ""B"": ""minor seventh chord"", ""C"": ""major triad"", ""D"": ""quartal trichord"", ""E"": ""none of the other options is correct""}"	"[""(A) minor triad"", ""(B) minor seventh chord"", ""(C) major triad"", ""(D) quartal trichord"", ""(E) none of the other options is correct""]"	(C) major triad	C
466e82c0-f52b-56c9-ac5d-c0f0d8d4c210	11	perception	harmony	relative	harmony-relative	harmonic-recognition		cadence recognition	What is the chord progression between the {target_index} chord and the next one?	"[""target_index""]"	get_harmonic_cadence			"{""target_index"": ""1st""}"	What is the chord progression between the 1st chord and the next one?	Telemann_DerLiebenSonneLichtUndPracht	chorale-bricks	Telemann_DerLiebenSonneLichtUndPracht	data/chorale-bricks/Telemann_DerLiebenSonneLichtUndPracht	I - V	"[""I - I"", ""I - IV"", ""I - fI"", ""I - i"", ""I - v"", ""I - vi"", ""II - v"", ""III - III"", ""III - IV"", ""III - VI"", ""III - VII"", ""III - fIII"", ""III - iv"", ""IV - I"", ""IV - V"", ""IV - VII"", ""IV - fIV"", ""IV - i"", ""IV - ii"", ""V - I"", ""V - IV"", ""V - V"", ""V - VI"", ""V - fV"", ""V - i"", ""V - iv"", ""V - v"", ""V - vi"", ""V7 - I"", ""V7 - VI"", ""V7 - fV7"", ""V7 - i"", ""V7 - vi"", ""VI - III"", ""VI - V"", ""VI - VII"", ""VI - fVI"", ""VI - ii"", ""VI - iv"", ""VII - III"", ""VII - IV"", ""VII - VII"", ""VII - i"", ""VII - ii"", ""VII - iv"", ""VII - v"", ""i - I"", ""i - III"", ""i - IV"", ""i - V"", ""i - VI"", ""i - VII"", ""i - fi"", ""i - i"", ""i - iv"", ""ii - III"", ""ii - IV"", ""ii - V"", ""ii - V7"", ""ii - fii"", ""ii - iv"", ""ii - v"", ""ii - vi"", ""ii7 - V"", ""ii7 - fii7"", ""iii - IV"", ""iii - fiii"", ""iii - vi"", ""iv - I"", ""iv - III"", ""iv - V"", ""iv - VII"", ""iv - fiv"", ""iv - i"", ""iv - ii"", ""v - II"", ""v - III"", ""v - IV"", ""v - V"", ""v - VI"", ""v - fv"", ""v - i"", ""v - v"", ""vi - I"", ""vi - V"", ""vi - fvi"", ""vi - ii"", ""vi - iv"", ""vi - vi"", ""vii - I"", ""vii - fvii"", ""vii - i"", ""vii7 - I"", ""vii7 - fvii7"", ""vii7 - i""]"	"[""IV - VII"", ""i - VII"", ""V - iv"", ""VI - VII"", ""v - III"", ""vi - fvi"", ""VI - III"", ""v - fv"", ""ii - IV"", ""VII - v"", ""i - V"", ""iii - vi"", ""V7 - fV7"", ""vi - V"", ""V - IV"", ""vii7 - I"", ""IV - i"", ""III - III"", ""i - iv"", ""iv - i"", ""IV - V"", ""ii - vi"", ""vi - vi"", ""v - v"", ""iv - VII"", ""V7 - VI"", ""i - I"", ""VI - ii"", ""V7 - i"", ""i - IV"", ""iv - I"", ""i - i"", ""VII - VII"", ""vi - iv"", ""VII - IV"", ""V - I"", ""vii7 - fvii7"", ""III - IV"", ""I - v"", ""VII - III"", ""VI - V"", ""v - II"", ""V - vi"", ""I - IV"", ""V7 - I"", ""vi - ii"", ""iv - III"", ""vii7 - i"", ""VI - fVI"", ""IV - ii"", ""III - VI"", ""VII - iv"", ""iv - fiv"", ""ii - iv"", ""V7 - vi"", ""ii7 - fii7"", ""VI - iv"", ""iii - fiii"", ""I - I"", ""vii - I"", ""ii - fii"", ""vii - fvii"", ""i - III"", ""VII - i"", ""V - v"", ""V - fV"", ""I - i"", ""I - vi"", ""ii - V7"", ""ii - III"", ""IV - fIV"", ""III - VII"", ""vii - i"", ""v - IV"", ""I - fI"", ""VII - ii"", ""iii - IV"", ""V - VI"", ""i - fi"", ""III - iv"", ""ii7 - V"", ""v - i"", ""vi - I"", ""IV - I"", ""v - VI"", ""V - V"", ""III - fIII"", ""ii - v"", ""i - VI"", ""iv - ii"", ""V - i"", ""II - v"", ""iv - V"", ""ii - V"", ""v - V""]"	audio	audio.mastermix.wav	data/chorale-bricks/Telemann_DerLiebenSonneLichtUndPracht/audio.mastermix.wav	I - V	"[""I - V"", ""none of the other options is correct"", ""IV - VII"", ""i - VII"", ""V - iv""]"	0.2	0	"[""A"", ""B"", ""C"", ""D"", ""E""]"	"{""A"": ""i - VII"", ""B"": ""IV - VII"", ""C"": ""I - V"", ""D"": ""V - iv"", ""E"": ""none of the other options is correct""}"	"[""(A) i - VII"", ""(B) IV - VII"", ""(C) I - V"", ""(D) V - iv"", ""(E) none of the other options is correct""]"	(C) I - V	C
e591576a-631e-5f04-b040-bb6ea14582df	11	perception	harmony	relative	harmony-relative	harmonic-recognition		cadence recognition	What is the chord progression between the {target_index} chord and the next one?	"[""target_index""]"	get_harmonic_cadence			"{""target_index"": ""1st""}"	What is the chord progression between the 1st chord and the next one?	Telemann_DerLiebenSonneLichtUndPracht	chorale-bricks	Telemann_DerLiebenSonneLichtUndPracht	data/chorale-bricks/Telemann_DerLiebenSonneLichtUndPracht	I - V	"[""I - I"", ""I - IV"", ""I - fI"", ""I - i"", ""I - v"", ""I - vi"", ""II - v"", ""III - III"", ""III - IV"", ""III - VI"", ""III - VII"", ""III - fIII"", ""III - iv"", ""IV - I"", ""IV - V"", ""IV - VII"", ""IV - fIV"", ""IV - i"", ""IV - ii"", ""V - I"", ""V - IV"", ""V - V"", ""V - VI"", ""V - fV"", ""V - i"", ""V - iv"", ""V - v"", ""V - vi"", ""V7 - I"", ""V7 - VI"", ""V7 - fV7"", ""V7 - i"", ""V7 - vi"", ""VI - III"", ""VI - V"", ""VI - VII"", ""VI - fVI"", ""VI - ii"", ""VI - iv"", ""VII - III"", ""VII - IV"", ""VII - VII"", ""VII - i"", ""VII - ii"", ""VII - iv"", ""VII - v"", ""i - I"", ""i - III"", ""i - IV"", ""i - V"", ""i - VI"", ""i - VII"", ""i - fi"", ""i - i"", ""i - iv"", ""ii - III"", ""ii - IV"", ""ii - V"", ""ii - V7"", ""ii - fii"", ""ii - iv"", ""ii - v"", ""ii - vi"", ""ii7 - V"", ""ii7 - fii7"", ""iii - IV"", ""iii - fiii"", ""iii - vi"", ""iv - I"", ""iv - III"", ""iv - V"", ""iv - VII"", ""iv - fiv"", ""iv - i"", ""iv - ii"", ""v - II"", ""v - III"", ""v - IV"", ""v - V"", ""v - VI"", ""v - fv"", ""v - i"", ""v - v"", ""vi - I"", ""vi - V"", ""vi - fvi"", ""vi - ii"", ""vi - iv"", ""vi - vi"", ""vii - I"", ""vii - fvii"", ""vii - i"", ""vii7 - I"", ""vii7 - fvii7"", ""vii7 - i""]"	"[""IV - VII"", ""i - VII"", ""V - iv"", ""VI - VII"", ""v - III"", ""vi - fvi"", ""VI - III"", ""v - fv"", ""ii - IV"", ""VII - v"", ""i - V"", ""iii - vi"", ""V7 - fV7"", ""vi - V"", ""V - IV"", ""vii7 - I"", ""IV - i"", ""III - III"", ""i - iv"", ""iv - i"", ""IV - V"", ""ii - vi"", ""vi - vi"", ""v - v"", ""iv - VII"", ""V7 - VI"", ""i - I"", ""VI - ii"", ""V7 - i"", ""i - IV"", ""iv - I"", ""i - i"", ""VII - VII"", ""vi - iv"", ""VII - IV"", ""V - I"", ""vii7 - fvii7"", ""III - IV"", ""I - v"", ""VII - III"", ""VI - V"", ""v - II"", ""V - vi"", ""I - IV"", ""V7 - I"", ""vi - ii"", ""iv - III"", ""vii7 - i"", ""VI - fVI"", ""IV - ii"", ""III - VI"", ""VII - iv"", ""iv - fiv"", ""ii - iv"", ""V7 - vi"", ""ii7 - fii7"", ""VI - iv"", ""iii - fiii"", ""I - I"", ""vii - I"", ""ii - fii"", ""vii - fvii"", ""i - III"", ""VII - i"", ""V - v"", ""V - fV"", ""I - i"", ""I - vi"", ""ii - V7"", ""ii - III"", ""IV - fIV"", ""III - VII"", ""vii - i"", ""v - IV"", ""I - fI"", ""VII - ii"", ""iii - IV"", ""V - VI"", ""i - fi"", ""III - iv"", ""ii7 - V"", ""v - i"", ""vi - I"", ""IV - I"", ""v - VI"", ""V - V"", ""III - fIII"", ""ii - v"", ""i - VI"", ""iv - ii"", ""V - i"", ""II - v"", ""iv - V"", ""ii - V"", ""v - V""]"	symbolic	symbolic.abc.txt	data/chorale-bricks/Telemann_DerLiebenSonneLichtUndPracht/symbolic.abc.txt	none of the other options is correct	"[""none of the other options is correct"", ""IV - VII"", ""i - VII"", ""V - iv"", ""VI - VII""]"	0.2	1	"[""A"", ""B"", ""C"", ""D"", ""E""]"	"{""A"": ""none of the other options is correct"", ""B"": ""i - VII"", ""C"": ""IV - VII"", ""D"": ""V - iv"", ""E"": ""VI - VII""}"	"[""(A) none of the other options is correct"", ""(B) i - VII"", ""(C) IV - VII"", ""(D) V - iv"", ""(E) VI - VII""]"	(A) none of the other options is correct	A
5929f9f5-0983-50bf-beb9-a0b3bf2c493b	11	perception	harmony	relative	harmony-relative	harmonic-recognition		cadence recognition	What is the chord progression between the {target_index} chord and the next one?	"[""target_index""]"	get_harmonic_cadence			"{""target_index"": ""1st""}"	What is the chord progression between the 1st chord and the next one?	Telemann_DerLiebenSonneLichtUndPracht	chorale-bricks	Telemann_DerLiebenSonneLichtUndPracht	data/chorale-bricks/Telemann_DerLiebenSonneLichtUndPracht	I - V	"[""I - I"", ""I - IV"", ""I - fI"", ""I - i"", ""I - v"", ""I - vi"", ""II - v"", ""III - III"", ""III - IV"", ""III - VI"", ""III - VII"", ""III - fIII"", ""III - iv"", ""IV - I"", ""IV - V"", ""IV - VII"", ""IV - fIV"", ""IV - i"", ""IV - ii"", ""V - I"", ""V - IV"", ""V - V"", ""V - VI"", ""V - fV"", ""V - i"", ""V - iv"", ""V - v"", ""V - vi"", ""V7 - I"", ""V7 - VI"", ""V7 - fV7"", ""V7 - i"", ""V7 - vi"", ""VI - III"", ""VI - V"", ""VI - VII"", ""VI - fVI"", ""VI - ii"", ""VI - iv"", ""VII - III"", ""VII - IV"", ""VII - VII"", ""VII - i"", ""VII - ii"", ""VII - iv"", ""VII - v"", ""i - I"", ""i - III"", ""i - IV"", ""i - V"", ""i - VI"", ""i - VII"", ""i - fi"", ""i - i"", ""i - iv"", ""ii - III"", ""ii - IV"", ""ii - V"", ""ii - V7"", ""ii - fii"", ""ii - iv"", ""ii - v"", ""ii - vi"", ""ii7 - V"", ""ii7 - fii7"", ""iii - IV"", ""iii - fiii"", ""iii - vi"", ""iv - I"", ""iv - III"", ""iv - V"", ""iv - VII"", ""iv - fiv"", ""iv - i"", ""iv - ii"", ""v - II"", ""v - III"", ""v - IV"", ""v - V"", ""v - VI"", ""v - fv"", ""v - i"", ""v - v"", ""vi - I"", ""vi - V"", ""vi - fvi"", ""vi - ii"", ""vi - iv"", ""vi - vi"", ""vii - I"", ""vii - fvii"", ""vii - i"", ""vii7 - I"", ""vii7 - fvii7"", ""vii7 - i""]"	"[""IV - VII"", ""i - VII"", ""V - iv"", ""VI - VII"", ""v - III"", ""vi - fvi"", ""VI - III"", ""v - fv"", ""ii - IV"", ""VII - v"", ""i - V"", ""iii - vi"", ""V7 - fV7"", ""vi - V"", ""V - IV"", ""vii7 - I"", ""IV - i"", ""III - III"", ""i - iv"", ""iv - i"", ""IV - V"", ""ii - vi"", ""vi - vi"", ""v - v"", ""iv - VII"", ""V7 - VI"", ""i - I"", ""VI - ii"", ""V7 - i"", ""i - IV"", ""iv - I"", ""i - i"", ""VII - VII"", ""vi - iv"", ""VII - IV"", ""V - I"", ""vii7 - fvii7"", ""III - IV"", ""I - v"", ""VII - III"", ""VI - V"", ""v - II"", ""V - vi"", ""I - IV"", ""V7 - I"", ""vi - ii"", ""iv - III"", ""vii7 - i"", ""VI - fVI"", ""IV - ii"", ""III - VI"", ""VII - iv"", ""iv - fiv"", ""ii - iv"", ""V7 - vi"", ""ii7 - fii7"", ""VI - iv"", ""iii - fiii"", ""I - I"", ""vii - I"", ""ii - fii"", ""vii - fvii"", ""i - III"", ""VII - i"", ""V - v"", ""V - fV"", ""I - i"", ""I - vi"", ""ii - V7"", ""ii - III"", ""IV - fIV"", ""III - VII"", ""vii - i"", ""v - IV"", ""I - fI"", ""VII - ii"", ""iii - IV"", ""V - VI"", ""i - fi"", ""III - iv"", ""ii7 - V"", ""v - i"", ""vi - I"", ""IV - I"", ""v - VI"", ""V - V"", ""III - fIII"", ""ii - v"", ""i - VI"", ""iv - ii"", ""V - i"", ""II - v"", ""iv - V"", ""ii - V"", ""v - V""]"	visual	visual.short.png	data/chorale-bricks/Telemann_DerLiebenSonneLichtUndPracht/visual.short.png	I - V	"[""I - V"", ""none of the other options is correct"", ""IV - VII"", ""i - VII"", ""V - iv""]"	0.2	0	"[""A"", ""B"", ""C"", ""D"", ""E""]"	"{""A"": ""IV - VII"", ""B"": ""i - VII"", ""C"": ""I - V"", ""D"": ""V - iv"", ""E"": ""none of the other options is correct""}"	"[""(A) IV - VII"", ""(B) i - VII"", ""(C) I - V"", ""(D) V - iv"", ""(E) none of the other options is correct""]"	(C) I - V	C
8e80463d-6d38-5a29-81da-15ba92937954	11	perception	harmony	relative	harmony-relative	harmonic-recognition		cadence recognition	What is the chord progression between the {target_index} chord and the next one?	"[""target_index""]"	get_harmonic_cadence			"{""target_index"": ""13th""}"	What is the chord progression between the 13th chord and the next one?	Jan_DuGrosserSchmerzensmann	chorale-bricks	Jan_DuGrosserSchmerzensmann	data/chorale-bricks/Jan_DuGrosserSchmerzensmann	iv - VII	"[""I - I"", ""I - IV"", ""I - V"", ""I - fI"", ""I - i"", ""I - v"", ""I - vi"", ""II - v"", ""III - III"", ""III - IV"", ""III - VI"", ""III - VII"", ""III - fIII"", ""III - iv"", ""IV - I"", ""IV - V"", ""IV - VII"", ""IV - fIV"", ""IV - i"", ""IV - ii"", ""V - I"", ""V - IV"", ""V - V"", ""V - VI"", ""V - fV"", ""V - i"", ""V - iv"", ""V - v"", ""V - vi"", ""V7 - I"", ""V7 - VI"", ""V7 - fV7"", ""V7 - i"", ""V7 - vi"", ""VI - III"", ""VI - V"", ""VI - VII"", ""VI - fVI"", ""VI - ii"", ""VI - iv"", ""VII - III"", ""VII - IV"", ""VII - VII"", ""VII - i"", ""VII - ii"", ""VII - iv"", ""VII - v"", ""i - I"", ""i - III"", ""i - IV"", ""i - V"", ""i - VI"", ""i - VII"", ""i - fi"", ""i - i"", ""i - iv"", ""ii - III"", ""ii - IV"", ""ii - V"", ""ii - V7"", ""ii - fii"", ""ii - iv"", ""ii - v"", ""ii - vi"", ""ii7 - V"", ""ii7 - fii7"", ""iii - IV"", ""iii - fiii"", ""iii - vi"", ""iv - I"", ""iv - III"", ""iv - V"", ""iv - fiv"", ""iv - i"", ""iv - ii"", ""v - II"", ""v - III"", ""v - IV"", ""v - V"", ""v - VI"", ""v - fv"", ""v - i"", ""v - v"", ""vi - I"", ""vi - V"", ""vi - fvi"", ""vi - ii"", ""vi - iv"", ""vi - vi"", ""vii - I"", ""vii - fvii"", ""vii - i"", ""vii7 - I"", ""vii7 - fvii7"", ""vii7 - i""]"	"[""VI - V"", ""i - I"", ""VII - ii"", ""I - i"", ""ii - V7"", ""V - IV"", ""VI - III"", ""VII - III"", ""iii - vi"", ""VII - v"", ""III - fIII"", ""iv - ii"", ""I - I"", ""iv - III"", ""V - i"", ""V7 - VI"", ""V7 - fV7"", ""v - fv"", ""VI - ii"", ""i - VI"", ""iv - fiv"", ""ii - III"", ""ii - v"", ""VII - i"", ""i - IV"", ""IV - ii"", ""ii7 - fii7"", ""vii - fvii"", ""vi - iv"", ""iv - I"", ""ii - vi"", ""v - II"", ""v - IV"", ""V7 - i"", ""V7 - vi"", ""II - v"", ""ii - fii"", ""IV - VII"", ""ii - iv"", ""ii - IV"", ""III - III"", ""vii7 - i"", ""V - VI"", ""iv - V"", ""vii7 - fvii7"", ""III - iv"", ""vi - vi"", ""V - iv"", ""I - vi"", ""I - fI"", ""VI - fVI"", ""v - VI"", ""III - VII"", ""V - vi"", ""III - VI"", ""vii7 - I"", ""vii - I"", ""IV - I"", ""V7 - I"", ""i - i"", ""IV - V"", ""III - IV"", ""VI - iv"", ""V - V"", ""IV - fIV"", ""i - VII"", ""i - V"", ""V - I"", ""vi - fvi"", ""I - IV"", ""v - III"", ""i - fi"", ""v - v"", ""i - III"", ""i - iv"", ""V - v"", ""VI - VII"", ""v - i"", ""I - V"", ""V - fV"", ""vi - V"", ""VII - IV"", ""vi - I"", ""vi - ii"", ""ii - V"", ""iii - IV"", ""ii7 - V"", ""VII - iv"", ""IV - i"", ""VII - VII"", ""iv - i"", ""vii - i"", ""I - v"", ""iii - fiii"", ""v - V""]"	audio	audio.mastermix.wav	data/chorale-bricks/Jan_DuGrosserSchmerzensmann/audio.mastermix.wav	iv - VII	"[""iv - VII"", ""none of the other options is correct"", ""VI - V"", ""i - I"", ""VII - ii""]"	0.2	0	"[""A"", ""B"", ""C"", ""D"", ""E""]"	"{""A"": ""VI - V"", ""B"": ""i - I"", ""C"": ""iv - VII"", ""D"": ""none of the other options is correct"", ""E"": ""VII - ii""}"	"[""(A) VI - V"", ""(B) i - I"", ""(C) iv - VII"", ""(D) none of the other options is correct"", ""(E) VII - ii""]"	(C) iv - VII	C
248b00c3-93e5-50e6-85e2-7695e7dc8b2b	11	perception	harmony	relative	harmony-relative	harmonic-recognition		cadence recognition	What is the chord progression between the {target_index} chord and the next one?	"[""target_index""]"	get_harmonic_cadence			"{""target_index"": ""13th""}"	What is the chord progression between the 13th chord and the next one?	Jan_DuGrosserSchmerzensmann	chorale-bricks	Jan_DuGrosserSchmerzensmann	data/chorale-bricks/Jan_DuGrosserSchmerzensmann	iv - VII	"[""I - I"", ""I - IV"", ""I - V"", ""I - fI"", ""I - i"", ""I - v"", ""I - vi"", ""II - v"", ""III - III"", ""III - IV"", ""III - VI"", ""III - VII"", ""III - fIII"", ""III - iv"", ""IV - I"", ""IV - V"", ""IV - VII"", ""IV - fIV"", ""IV - i"", ""IV - ii"", ""V - I"", ""V - IV"", ""V - V"", ""V - VI"", ""V - fV"", ""V - i"", ""V - iv"", ""V - v"", ""V - vi"", ""V7 - I"", ""V7 - VI"", ""V7 - fV7"", ""V7 - i"", ""V7 - vi"", ""VI - III"", ""VI - V"", ""VI - VII"", ""VI - fVI"", ""VI - ii"", ""VI - iv"", ""VII - III"", ""VII - IV"", ""VII - VII"", ""VII - i"", ""VII - ii"", ""VII - iv"", ""VII - v"", ""i - I"", ""i - III"", ""i - IV"", ""i - V"", ""i - VI"", ""i - VII"", ""i - fi"", ""i - i"", ""i - iv"", ""ii - III"", ""ii - IV"", ""ii - V"", ""ii - V7"", ""ii - fii"", ""ii - iv"", ""ii - v"", ""ii - vi"", ""ii7 - V"", ""ii7 - fii7"", ""iii - IV"", ""iii - fiii"", ""iii - vi"", ""iv - I"", ""iv - III"", ""iv - V"", ""iv - fiv"", ""iv - i"", ""iv - ii"", ""v - II"", ""v - III"", ""v - IV"", ""v - V"", ""v - VI"", ""v - fv"", ""v - i"", ""v - v"", ""vi - I"", ""vi - V"", ""vi - fvi"", ""vi - ii"", ""vi - iv"", ""vi - vi"", ""vii - I"", ""vii - fvii"", ""vii - i"", ""vii7 - I"", ""vii7 - fvii7"", ""vii7 - i""]"	"[""VI - V"", ""i - I"", ""VII - ii"", ""I - i"", ""ii - V7"", ""V - IV"", ""VI - III"", ""VII - III"", ""iii - vi"", ""VII - v"", ""III - fIII"", ""iv - ii"", ""I - I"", ""iv - III"", ""V - i"", ""V7 - VI"", ""V7 - fV7"", ""v - fv"", ""VI - ii"", ""i - VI"", ""iv - fiv"", ""ii - III"", ""ii - v"", ""VII - i"", ""i - IV"", ""IV - ii"", ""ii7 - fii7"", ""vii - fvii"", ""vi - iv"", ""iv - I"", ""ii - vi"", ""v - II"", ""v - IV"", ""V7 - i"", ""V7 - vi"", ""II - v"", ""ii - fii"", ""IV - VII"", ""ii - iv"", ""ii - IV"", ""III - III"", ""vii7 - i"", ""V - VI"", ""iv - V"", ""vii7 - fvii7"", ""III - iv"", ""vi - vi"", ""V - iv"", ""I - vi"", ""I - fI"", ""VI - fVI"", ""v - VI"", ""III - VII"", ""V - vi"", ""III - VI"", ""vii7 - I"", ""vii - I"", ""IV - I"", ""V7 - I"", ""i - i"", ""IV - V"", ""III - IV"", ""VI - iv"", ""V - V"", ""IV - fIV"", ""i - VII"", ""i - V"", ""V - I"", ""vi - fvi"", ""I - IV"", ""v - III"", ""i - fi"", ""v - v"", ""i - III"", ""i - iv"", ""V - v"", ""VI - VII"", ""v - i"", ""I - V"", ""V - fV"", ""vi - V"", ""VII - IV"", ""vi - I"", ""vi - ii"", ""ii - V"", ""iii - IV"", ""ii7 - V"", ""VII - iv"", ""IV - i"", ""VII - VII"", ""iv - i"", ""vii - i"", ""I - v"", ""iii - fiii"", ""v - V""]"	symbolic	symbolic.abc.txt	data/chorale-bricks/Jan_DuGrosserSchmerzensmann/symbolic.abc.txt	none of the other options is correct	"[""none of the other options is correct"", ""VI - V"", ""i - I"", ""VII - ii"", ""I - i""]"	0.2	1	"[""A"", ""B"", ""C"", ""D"", ""E""]"	"{""A"": ""VI - V"", ""B"": ""i - I"", ""C"": ""I - i"", ""D"": ""none of the other options is correct"", ""E"": ""VII - ii""}"	"[""(A) VI - V"", ""(B) i - I"", ""(C) I - i"", ""(D) none of the other options is correct"", ""(E) VII - ii""]"	(D) none of the other options is correct	D
b0b6ac69-ef44-5f60-9928-a3971c663564	11	perception	harmony	relative	harmony-relative	harmonic-recognition		cadence recognition	What is the chord progression between the {target_index} chord and the next one?	"[""target_index""]"	get_harmonic_cadence			"{""target_index"": ""13th""}"	What is the chord progression between the 13th chord and the next one?	Jan_DuGrosserSchmerzensmann	chorale-bricks	Jan_DuGrosserSchmerzensmann	data/chorale-bricks/Jan_DuGrosserSchmerzensmann	iv - VII	"[""I - I"", ""I - IV"", ""I - V"", ""I - fI"", ""I - i"", ""I - v"", ""I - vi"", ""II - v"", ""III - III"", ""III - IV"", ""III - VI"", ""III - VII"", ""III - fIII"", ""III - iv"", ""IV - I"", ""IV - V"", ""IV - VII"", ""IV - fIV"", ""IV - i"", ""IV - ii"", ""V - I"", ""V - IV"", ""V - V"", ""V - VI"", ""V - fV"", ""V - i"", ""V - iv"", ""V - v"", ""V - vi"", ""V7 - I"", ""V7 - VI"", ""V7 - fV7"", ""V7 - i"", ""V7 - vi"", ""VI - III"", ""VI - V"", ""VI - VII"", ""VI - fVI"", ""VI - ii"", ""VI - iv"", ""VII - III"", ""VII - IV"", ""VII - VII"", ""VII - i"", ""VII - ii"", ""VII - iv"", ""VII - v"", ""i - I"", ""i - III"", ""i - IV"", ""i - V"", ""i - VI"", ""i - VII"", ""i - fi"", ""i - i"", ""i - iv"", ""ii - III"", ""ii - IV"", ""ii - V"", ""ii - V7"", ""ii - fii"", ""ii - iv"", ""ii - v"", ""ii - vi"", ""ii7 - V"", ""ii7 - fii7"", ""iii - IV"", ""iii - fiii"", ""iii - vi"", ""iv - I"", ""iv - III"", ""iv - V"", ""iv - fiv"", ""iv - i"", ""iv - ii"", ""v - II"", ""v - III"", ""v - IV"", ""v - V"", ""v - VI"", ""v - fv"", ""v - i"", ""v - v"", ""vi - I"", ""vi - V"", ""vi - fvi"", ""vi - ii"", ""vi - iv"", ""vi - vi"", ""vii - I"", ""vii - fvii"", ""vii - i"", ""vii7 - I"", ""vii7 - fvii7"", ""vii7 - i""]"	"[""VI - V"", ""i - I"", ""VII - ii"", ""I - i"", ""ii - V7"", ""V - IV"", ""VI - III"", ""VII - III"", ""iii - vi"", ""VII - v"", ""III - fIII"", ""iv - ii"", ""I - I"", ""iv - III"", ""V - i"", ""V7 - VI"", ""V7 - fV7"", ""v - fv"", ""VI - ii"", ""i - VI"", ""iv - fiv"", ""ii - III"", ""ii - v"", ""VII - i"", ""i - IV"", ""IV - ii"", ""ii7 - fii7"", ""vii - fvii"", ""vi - iv"", ""iv - I"", ""ii - vi"", ""v - II"", ""v - IV"", ""V7 - i"", ""V7 - vi"", ""II - v"", ""ii - fii"", ""IV - VII"", ""ii - iv"", ""ii - IV"", ""III - III"", ""vii7 - i"", ""V - VI"", ""iv - V"", ""vii7 - fvii7"", ""III - iv"", ""vi - vi"", ""V - iv"", ""I - vi"", ""I - fI"", ""VI - fVI"", ""v - VI"", ""III - VII"", ""V - vi"", ""III - VI"", ""vii7 - I"", ""vii - I"", ""IV - I"", ""V7 - I"", ""i - i"", ""IV - V"", ""III - IV"", ""VI - iv"", ""V - V"", ""IV - fIV"", ""i - VII"", ""i - V"", ""V - I"", ""vi - fvi"", ""I - IV"", ""v - III"", ""i - fi"", ""v - v"", ""i - III"", ""i - iv"", ""V - v"", ""VI - VII"", ""v - i"", ""I - V"", ""V - fV"", ""vi - V"", ""VII - IV"", ""vi - I"", ""vi - ii"", ""ii - V"", ""iii - IV"", ""ii7 - V"", ""VII - iv"", ""IV - i"", ""VII - VII"", ""iv - i"", ""vii - i"", ""I - v"", ""iii - fiii"", ""v - V""]"	visual	visual.short.png	data/chorale-bricks/Jan_DuGrosserSchmerzensmann/visual.short.png	none of the other options is correct	"[""none of the other options is correct"", ""VI - V"", ""i - I"", ""VII - ii"", ""I - i""]"	0.2	1	"[""A"", ""B"", ""C"", ""D"", ""E""]"	"{""A"": ""VI - V"", ""B"": ""none of the other options is correct"", ""C"": ""I - i"", ""D"": ""i - I"", ""E"": ""VII - ii""}"	"[""(A) VI - V"", ""(B) none of the other options is correct"", ""(C) I - i"", ""(D) i - I"", ""(E) VII - ii""]"	(B) none of the other options is correct	B
3643205c-ec80-5cb3-9410-918a8089fa1b	11	perception	harmony	relative	harmony-relative	harmonic-recognition		cadence recognition	What is the chord progression between the {target_index} chord and the next one?	"[""target_index""]"	get_harmonic_cadence			"{""target_index"": ""63rd""}"	What is the chord progression between the 63rd chord and the next one?	Anonymous_AusMeinesHerzensGrunde	chorale-bricks	Anonymous_AusMeinesHerzensGrunde	data/chorale-bricks/Anonymous_AusMeinesHerzensGrunde	i - V	"[""I - I"", ""I - IV"", ""I - V"", ""I - fI"", ""I - i"", ""I - v"", ""I - vi"", ""II - v"", ""III - III"", ""III - IV"", ""III - VI"", ""III - VII"", ""III - fIII"", ""III - iv"", ""IV - I"", ""IV - V"", ""IV - VII"", ""IV - fIV"", ""IV - i"", ""IV - ii"", ""V - I"", ""V - IV"", ""V - V"", ""V - VI"", ""V - fV"", ""V - i"", ""V - iv"", ""V - v"", ""V - vi"", ""V7 - I"", ""V7 - VI"", ""V7 - fV7"", ""V7 - i"", ""V7 - vi"", ""VI - III"", ""VI - V"", ""VI - VII"", ""VI - fVI"", ""VI - ii"", ""VI - iv"", ""VII - III"", ""VII - IV"", ""VII - VII"", ""VII - i"", ""VII - ii"", ""VII - iv"", ""VII - v"", ""i - I"", ""i - III"", ""i - IV"", ""i - VI"", ""i - VII"", ""i - fi"", ""i - i"", ""i - iv"", ""ii - III"", ""ii - IV"", ""ii - V"", ""ii - V7"", ""ii - fii"", ""ii - iv"", ""ii - v"", ""ii - vi"", ""ii7 - V"", ""ii7 - fii7"", ""iii - IV"", ""iii - fiii"", ""iii - vi"", ""iv - I"", ""iv - III"", ""iv - V"", ""iv - VII"", ""iv - fiv"", ""iv - i"", ""iv - ii"", ""v - II"", ""v - III"", ""v - IV"", ""v - V"", ""v - VI"", ""v - fv"", ""v - i"", ""v - v"", ""vi - I"", ""vi - V"", ""vi - fvi"", ""vi - ii"", ""vi - iv"", ""vi - vi"", ""vii - I"", ""vii - fvii"", ""vii - i"", ""vii7 - I"", ""vii7 - fvii7"", ""vii7 - i""]"	"[""iv - I"", ""V - VI"", ""VI - fVI"", ""V7 - fV7"", ""iii - fiii"", ""vii7 - I"", ""VII - v"", ""ii7 - fii7"", ""ii - V"", ""I - vi"", ""I - fI"", ""VI - VII"", ""vii - I"", ""VII - ii"", ""ii - fii"", ""v - II"", ""V7 - i"", ""I - i"", ""i - VI"", ""IV - i"", ""V - fV"", ""VI - ii"", ""v - III"", ""IV - ii"", ""V7 - vi"", ""III - VII"", ""i - III"", ""II - v"", ""III - VI"", ""VII - i"", ""ii - iv"", ""i - I"", ""vii - i"", ""V - iv"", ""V7 - VI"", ""iii - IV"", ""VI - V"", ""ii - vi"", ""i - VII"", ""V - V"", ""ii - V7"", ""i - IV"", ""VII - III"", ""iv - VII"", ""V - v"", ""vi - vi"", ""vii7 - fvii7"", ""III - iv"", ""V - IV"", ""IV - V"", ""III - III"", ""V - vi"", ""VII - VII"", ""vii - fvii"", ""V7 - I"", ""v - fv"", ""VI - iv"", ""ii - IV"", ""IV - fIV"", ""i - fi"", ""vi - iv"", ""V - i"", ""v - VI"", ""III - IV"", ""ii - v"", ""i - iv"", ""VI - III"", ""VII - iv"", ""v - i"", ""vii7 - i"", ""ii7 - V"", ""I - V"", ""IV - VII"", ""I - v"", ""V - I"", ""vi - fvi"", ""vi - V"", ""iv - ii"", ""I - IV"", ""v - IV"", ""iv - i"", ""VII - IV"", ""I - I"", ""IV - I"", ""vi - ii"", ""ii - III"", ""i - i"", ""v - v"", ""iv - fiv"", ""III - fIII"", ""iv - V"", ""iv - III"", ""vi - I"", ""iii - vi"", ""v - V""]"	audio	audio.mastermix.wav	data/chorale-bricks/Anonymous_AusMeinesHerzensGrunde/audio.mastermix.wav	none of the other options is correct	"[""none of the other options is correct"", ""iv - I"", ""V - VI"", ""VI - fVI"", ""V7 - fV7""]"	0.2	1	"[""A"", ""B"", ""C"", ""D"", ""E""]"	"{""A"": ""iv - I"", ""B"": ""none of the other options is correct"", ""C"": ""VI - fVI"", ""D"": ""V7 - fV7"", ""E"": ""V - VI""}"	"[""(A) iv - I"", ""(B) none of the other options is correct"", ""(C) VI - fVI"", ""(D) V7 - fV7"", ""(E) V - VI""]"	(B) none of the other options is correct	B
8600f93b-3559-52e0-b71b-f2aeb7beeab7	11	perception	harmony	relative	harmony-relative	harmonic-recognition		cadence recognition	What is the chord progression between the {target_index} chord and the next one?	"[""target_index""]"	get_harmonic_cadence			"{""target_index"": ""63rd""}"	What is the chord progression between the 63rd chord and the next one?	Anonymous_AusMeinesHerzensGrunde	chorale-bricks	Anonymous_AusMeinesHerzensGrunde	data/chorale-bricks/Anonymous_AusMeinesHerzensGrunde	i - V	"[""I - I"", ""I - IV"", ""I - V"", ""I - fI"", ""I - i"", ""I - v"", ""I - vi"", ""II - v"", ""III - III"", ""III - IV"", ""III - VI"", ""III - VII"", ""III - fIII"", ""III - iv"", ""IV - I"", ""IV - V"", ""IV - VII"", ""IV - fIV"", ""IV - i"", ""IV - ii"", ""V - I"", ""V - IV"", ""V - V"", ""V - VI"", ""V - fV"", ""V - i"", ""V - iv"", ""V - v"", ""V - vi"", ""V7 - I"", ""V7 - VI"", ""V7 - fV7"", ""V7 - i"", ""V7 - vi"", ""VI - III"", ""VI - V"", ""VI - VII"", ""VI - fVI"", ""VI - ii"", ""VI - iv"", ""VII - III"", ""VII - IV"", ""VII - VII"", ""VII - i"", ""VII - ii"", ""VII - iv"", ""VII - v"", ""i - I"", ""i - III"", ""i - IV"", ""i - VI"", ""i - VII"", ""i - fi"", ""i - i"", ""i - iv"", ""ii - III"", ""ii - IV"", ""ii - V"", ""ii - V7"", ""ii - fii"", ""ii - iv"", ""ii - v"", ""ii - vi"", ""ii7 - V"", ""ii7 - fii7"", ""iii - IV"", ""iii - fiii"", ""iii - vi"", ""iv - I"", ""iv - III"", ""iv - V"", ""iv - VII"", ""iv - fiv"", ""iv - i"", ""iv - ii"", ""v - II"", ""v - III"", ""v - IV"", ""v - V"", ""v - VI"", ""v - fv"", ""v - i"", ""v - v"", ""vi - I"", ""vi - V"", ""vi - fvi"", ""vi - ii"", ""vi - iv"", ""vi - vi"", ""vii - I"", ""vii - fvii"", ""vii - i"", ""vii7 - I"", ""vii7 - fvii7"", ""vii7 - i""]"	"[""iv - I"", ""V - VI"", ""VI - fVI"", ""V7 - fV7"", ""iii - fiii"", ""vii7 - I"", ""VII - v"", ""ii7 - fii7"", ""ii - V"", ""I - vi"", ""I - fI"", ""VI - VII"", ""vii - I"", ""VII - ii"", ""ii - fii"", ""v - II"", ""V7 - i"", ""I - i"", ""i - VI"", ""IV - i"", ""V - fV"", ""VI - ii"", ""v - III"", ""IV - ii"", ""V7 - vi"", ""III - VII"", ""i - III"", ""II - v"", ""III - VI"", ""VII - i"", ""ii - iv"", ""i - I"", ""vii - i"", ""V - iv"", ""V7 - VI"", ""iii - IV"", ""VI - V"", ""ii - vi"", ""i - VII"", ""V - V"", ""ii - V7"", ""i - IV"", ""VII - III"", ""iv - VII"", ""V - v"", ""vi - vi"", ""vii7 - fvii7"", ""III - iv"", ""V - IV"", ""IV - V"", ""III - III"", ""V - vi"", ""VII - VII"", ""vii - fvii"", ""V7 - I"", ""v - fv"", ""VI - iv"", ""ii - IV"", ""IV - fIV"", ""i - fi"", ""vi - iv"", ""V - i"", ""v - VI"", ""III - IV"", ""ii - v"", ""i - iv"", ""VI - III"", ""VII - iv"", ""v - i"", ""vii7 - i"", ""ii7 - V"", ""I - V"", ""IV - VII"", ""I - v"", ""V - I"", ""vi - fvi"", ""vi - V"", ""iv - ii"", ""I - IV"", ""v - IV"", ""iv - i"", ""VII - IV"", ""I - I"", ""IV - I"", ""vi - ii"", ""ii - III"", ""i - i"", ""v - v"", ""iv - fiv"", ""III - fIII"", ""iv - V"", ""iv - III"", ""vi - I"", ""iii - vi"", ""v - V""]"	symbolic	symbolic.abc.txt	data/chorale-bricks/Anonymous_AusMeinesHerzensGrunde/symbolic.abc.txt	none of the other options is correct	"[""none of the other options is correct"", ""iv - I"", ""V - VI"", ""VI - fVI"", ""V7 - fV7""]"	0.2	1	"[""A"", ""B"", ""C"", ""D"", ""E""]"	"{""A"": ""VI - fVI"", ""B"": ""none of the other options is correct"", ""C"": ""V - VI"", ""D"": ""iv - I"", ""E"": ""V7 - fV7""}"	"[""(A) VI - fVI"", ""(B) none of the other options is correct"", ""(C) V - VI"", ""(D) iv - I"", ""(E) V7 - fV7""]"	(B) none of the other options is correct	B
d3608a10-8b3a-5d78-8f09-10102e768773	11	perception	harmony	relative	harmony-relative	harmonic-recognition		cadence recognition	What is the chord progression between the {target_index} chord and the next one?	"[""target_index""]"	get_harmonic_cadence			"{""target_index"": ""63rd""}"	What is the chord progression between the 63rd chord and the next one?	Anonymous_AusMeinesHerzensGrunde	chorale-bricks	Anonymous_AusMeinesHerzensGrunde	data/chorale-bricks/Anonymous_AusMeinesHerzensGrunde	i - V	"[""I - I"", ""I - IV"", ""I - V"", ""I - fI"", ""I - i"", ""I - v"", ""I - vi"", ""II - v"", ""III - III"", ""III - IV"", ""III - VI"", ""III - VII"", ""III - fIII"", ""III - iv"", ""IV - I"", ""IV - V"", ""IV - VII"", ""IV - fIV"", ""IV - i"", ""IV - ii"", ""V - I"", ""V - IV"", ""V - V"", ""V - VI"", ""V - fV"", ""V - i"", ""V - iv"", ""V - v"", ""V - vi"", ""V7 - I"", ""V7 - VI"", ""V7 - fV7"", ""V7 - i"", ""V7 - vi"", ""VI - III"", ""VI - V"", ""VI - VII"", ""VI - fVI"", ""VI - ii"", ""VI - iv"", ""VII - III"", ""VII - IV"", ""VII - VII"", ""VII - i"", ""VII - ii"", ""VII - iv"", ""VII - v"", ""i - I"", ""i - III"", ""i - IV"", ""i - VI"", ""i - VII"", ""i - fi"", ""i - i"", ""i - iv"", ""ii - III"", ""ii - IV"", ""ii - V"", ""ii - V7"", ""ii - fii"", ""ii - iv"", ""ii - v"", ""ii - vi"", ""ii7 - V"", ""ii7 - fii7"", ""iii - IV"", ""iii - fiii"", ""iii - vi"", ""iv - I"", ""iv - III"", ""iv - V"", ""iv - VII"", ""iv - fiv"", ""iv - i"", ""iv - ii"", ""v - II"", ""v - III"", ""v - IV"", ""v - V"", ""v - VI"", ""v - fv"", ""v - i"", ""v - v"", ""vi - I"", ""vi - V"", ""vi - fvi"", ""vi - ii"", ""vi - iv"", ""vi - vi"", ""vii - I"", ""vii - fvii"", ""vii - i"", ""vii7 - I"", ""vii7 - fvii7"", ""vii7 - i""]"	"[""iv - I"", ""V - VI"", ""VI - fVI"", ""V7 - fV7"", ""iii - fiii"", ""vii7 - I"", ""VII - v"", ""ii7 - fii7"", ""ii - V"", ""I - vi"", ""I - fI"", ""VI - VII"", ""vii - I"", ""VII - ii"", ""ii - fii"", ""v - II"", ""V7 - i"", ""I - i"", ""i - VI"", ""IV - i"", ""V - fV"", ""VI - ii"", ""v - III"", ""IV - ii"", ""V7 - vi"", ""III - VII"", ""i - III"", ""II - v"", ""III - VI"", ""VII - i"", ""ii - iv"", ""i - I"", ""vii - i"", ""V - iv"", ""V7 - VI"", ""iii - IV"", ""VI - V"", ""ii - vi"", ""i - VII"", ""V - V"", ""ii - V7"", ""i - IV"", ""VII - III"", ""iv - VII"", ""V - v"", ""vi - vi"", ""vii7 - fvii7"", ""III - iv"", ""V - IV"", ""IV - V"", ""III - III"", ""V - vi"", ""VII - VII"", ""vii - fvii"", ""V7 - I"", ""v - fv"", ""VI - iv"", ""ii - IV"", ""IV - fIV"", ""i - fi"", ""vi - iv"", ""V - i"", ""v - VI"", ""III - IV"", ""ii - v"", ""i - iv"", ""VI - III"", ""VII - iv"", ""v - i"", ""vii7 - i"", ""ii7 - V"", ""I - V"", ""IV - VII"", ""I - v"", ""V - I"", ""vi - fvi"", ""vi - V"", ""iv - ii"", ""I - IV"", ""v - IV"", ""iv - i"", ""VII - IV"", ""I - I"", ""IV - I"", ""vi - ii"", ""ii - III"", ""i - i"", ""v - v"", ""iv - fiv"", ""III - fIII"", ""iv - V"", ""iv - III"", ""vi - I"", ""iii - vi"", ""v - V""]"	visual	visual.short.png	data/chorale-bricks/Anonymous_AusMeinesHerzensGrunde/visual.short.png	i - V	"[""i - V"", ""none of the other options is correct"", ""iv - I"", ""V - VI"", ""VI - fVI""]"	0.2	0	"[""A"", ""B"", ""C"", ""D"", ""E""]"	"{""A"": ""i - V"", ""B"": ""none of the other options is correct"", ""C"": ""V - VI"", ""D"": ""VI - fVI"", ""E"": ""iv - I""}"	"[""(A) i - V"", ""(B) none of the other options is correct"", ""(C) V - VI"", ""(D) VI - fVI"", ""(E) iv - I""]"	(A) i - V	A
358ee637-44b2-5512-9d06-0f9ed1698d7d	11	perception	harmony	relative	harmony-relative	harmonic-recognition		cadence recognition	What is the chord progression between the {target_index} chord and the next one?	"[""target_index""]"	get_harmonic_cadence			"{""target_index"": ""25th""}"	What is the chord progression between the 25th chord and the next one?	Gesius_DuFriedensfuerstHerrJesuChrist	chorale-bricks	Gesius_DuFriedensfuerstHerrJesuChrist	data/chorale-bricks/Gesius_DuFriedensfuerstHerrJesuChrist	vi - ii	"[""I - I"", ""I - IV"", ""I - V"", ""I - fI"", ""I - i"", ""I - v"", ""I - vi"", ""II - v"", ""III - III"", ""III - IV"", ""III - VI"", ""III - VII"", ""III - fIII"", ""III - iv"", ""IV - I"", ""IV - V"", ""IV - VII"", ""IV - fIV"", ""IV - i"", ""IV - ii"", ""V - I"", ""V - IV"", ""V - V"", ""V - VI"", ""V - fV"", ""V - i"", ""V - iv"", ""V - v"", ""V - vi"", ""V7 - I"", ""V7 - VI"", ""V7 - fV7"", ""V7 - i"", ""V7 - vi"", ""VI - III"", ""VI - V"", ""VI - VII"", ""VI - fVI"", ""VI - ii"", ""VI - iv"", ""VII - III"", ""VII - IV"", ""VII - VII"", ""VII - i"", ""VII - ii"", ""VII - iv"", ""VII - v"", ""i - I"", ""i - III"", ""i - IV"", ""i - V"", ""i - VI"", ""i - VII"", ""i - fi"", ""i - i"", ""i - iv"", ""ii - III"", ""ii - IV"", ""ii - V"", ""ii - V7"", ""ii - fii"", ""ii - iv"", ""ii - v"", ""ii - vi"", ""ii7 - V"", ""ii7 - fii7"", ""iii - IV"", ""iii - fiii"", ""iii - vi"", ""iv - I"", ""iv - III"", ""iv - V"", ""iv - VII"", ""iv - fiv"", ""iv - i"", ""iv - ii"", ""v - II"", ""v - III"", ""v - IV"", ""v - V"", ""v - VI"", ""v - fv"", ""v - i"", ""v - v"", ""vi - I"", ""vi - V"", ""vi - fvi"", ""vi - iv"", ""vi - vi"", ""vii - I"", ""vii - fvii"", ""vii - i"", ""vii7 - I"", ""vii7 - fvii7"", ""vii7 - i""]"	"[""V7 - vi"", ""V - I"", ""I - V"", ""I - I"", ""V7 - VI"", ""v - VI"", ""ii7 - V"", ""vii - I"", ""i - VI"", ""i - VII"", ""IV - I"", ""VII - IV"", ""iv - VII"", ""v - i"", ""I - i"", ""VII - i"", ""i - iv"", ""vii7 - I"", ""VI - III"", ""i - fi"", ""I - vi"", ""ii7 - fii7"", ""VI - iv"", ""v - v"", ""VII - iv"", ""v - fv"", ""V7 - I"", ""vi - V"", ""VI - V"", ""VII - v"", ""iii - fiii"", ""i - III"", ""v - II"", ""V7 - fV7"", ""vi - fvi"", ""ii - V7"", ""II - v"", ""I - fI"", ""iv - III"", ""vi - vi"", ""III - IV"", ""III - iv"", ""V - v"", ""V - V"", ""iv - ii"", ""ii - vi"", ""V - i"", ""ii - V"", ""VI - VII"", ""v - V"", ""vii7 - i"", ""i - V"", ""ii - fii"", ""iv - i"", ""IV - fIV"", ""I - v"", ""IV - i"", ""iii - IV"", ""v - IV"", ""i - I"", ""vii - fvii"", ""VII - III"", ""I - IV"", ""III - fIII"", ""VI - ii"", ""vi - I"", ""vii7 - fvii7"", ""VII - VII"", ""v - III"", ""IV - VII"", ""i - i"", ""vi - iv"", ""IV - V"", ""iv - fiv"", ""VII - ii"", ""V - vi"", ""ii - v"", ""III - VII"", ""ii - IV"", ""i - IV"", ""V7 - i"", ""VI - fVI"", ""V - IV"", ""IV - ii"", ""ii - III"", ""V - VI"", ""III - VI"", ""iii - vi"", ""V - fV"", ""V - iv"", ""III - III"", ""ii - iv"", ""vii - i"", ""iv - I"", ""iv - V""]"	audio	audio.mastermix.wav	data/chorale-bricks/Gesius_DuFriedensfuerstHerrJesuChrist/audio.mastermix.wav	vi - ii	"[""vi - ii"", ""none of the other options is correct"", ""V7 - vi"", ""V - I"", ""I - V""]"	0.2	0	"[""A"", ""B"", ""C"", ""D"", ""E""]"	"{""A"": ""I - V"", ""B"": ""V7 - vi"", ""C"": ""V - I"", ""D"": ""vi - ii"", ""E"": ""none of the other options is correct""}"	"[""(A) I - V"", ""(B) V7 - vi"", ""(C) V - I"", ""(D) vi - ii"", ""(E) none of the other options is correct""]"	(D) vi - ii	D
68f621b8-d2dc-52e1-a52c-5e0c070723f7	11	perception	harmony	relative	harmony-relative	harmonic-recognition		cadence recognition	What is the chord progression between the {target_index} chord and the next one?	"[""target_index""]"	get_harmonic_cadence			"{""target_index"": ""25th""}"	What is the chord progression between the 25th chord and the next one?	Gesius_DuFriedensfuerstHerrJesuChrist	chorale-bricks	Gesius_DuFriedensfuerstHerrJesuChrist	data/chorale-bricks/Gesius_DuFriedensfuerstHerrJesuChrist	vi - ii	"[""I - I"", ""I - IV"", ""I - V"", ""I - fI"", ""I - i"", ""I - v"", ""I - vi"", ""II - v"", ""III - III"", ""III - IV"", ""III - VI"", ""III - VII"", ""III - fIII"", ""III - iv"", ""IV - I"", ""IV - V"", ""IV - VII"", ""IV - fIV"", ""IV - i"", ""IV - ii"", ""V - I"", ""V - IV"", ""V - V"", ""V - VI"", ""V - fV"", ""V - i"", ""V - iv"", ""V - v"", ""V - vi"", ""V7 - I"", ""V7 - VI"", ""V7 - fV7"", ""V7 - i"", ""V7 - vi"", ""VI - III"", ""VI - V"", ""VI - VII"", ""VI - fVI"", ""VI - ii"", ""VI - iv"", ""VII - III"", ""VII - IV"", ""VII - VII"", ""VII - i"", ""VII - ii"", ""VII - iv"", ""VII - v"", ""i - I"", ""i - III"", ""i - IV"", ""i - V"", ""i - VI"", ""i - VII"", ""i - fi"", ""i - i"", ""i - iv"", ""ii - III"", ""ii - IV"", ""ii - V"", ""ii - V7"", ""ii - fii"", ""ii - iv"", ""ii - v"", ""ii - vi"", ""ii7 - V"", ""ii7 - fii7"", ""iii - IV"", ""iii - fiii"", ""iii - vi"", ""iv - I"", ""iv - III"", ""iv - V"", ""iv - VII"", ""iv - fiv"", ""iv - i"", ""iv - ii"", ""v - II"", ""v - III"", ""v - IV"", ""v - V"", ""v - VI"", ""v - fv"", ""v - i"", ""v - v"", ""vi - I"", ""vi - V"", ""vi - fvi"", ""vi - iv"", ""vi - vi"", ""vii - I"", ""vii - fvii"", ""vii - i"", ""vii7 - I"", ""vii7 - fvii7"", ""vii7 - i""]"	"[""V7 - vi"", ""V - I"", ""I - V"", ""I - I"", ""V7 - VI"", ""v - VI"", ""ii7 - V"", ""vii - I"", ""i - VI"", ""i - VII"", ""IV - I"", ""VII - IV"", ""iv - VII"", ""v - i"", ""I - i"", ""VII - i"", ""i - iv"", ""vii7 - I"", ""VI - III"", ""i - fi"", ""I - vi"", ""ii7 - fii7"", ""VI - iv"", ""v - v"", ""VII - iv"", ""v - fv"", ""V7 - I"", ""vi - V"", ""VI - V"", ""VII - v"", ""iii - fiii"", ""i - III"", ""v - II"", ""V7 - fV7"", ""vi - fvi"", ""ii - V7"", ""II - v"", ""I - fI"", ""iv - III"", ""vi - vi"", ""III - IV"", ""III - iv"", ""V - v"", ""V - V"", ""iv - ii"", ""ii - vi"", ""V - i"", ""ii - V"", ""VI - VII"", ""v - V"", ""vii7 - i"", ""i - V"", ""ii - fii"", ""iv - i"", ""IV - fIV"", ""I - v"", ""IV - i"", ""iii - IV"", ""v - IV"", ""i - I"", ""vii - fvii"", ""VII - III"", ""I - IV"", ""III - fIII"", ""VI - ii"", ""vi - I"", ""vii7 - fvii7"", ""VII - VII"", ""v - III"", ""IV - VII"", ""i - i"", ""vi - iv"", ""IV - V"", ""iv - fiv"", ""VII - ii"", ""V - vi"", ""ii - v"", ""III - VII"", ""ii - IV"", ""i - IV"", ""V7 - i"", ""VI - fVI"", ""V - IV"", ""IV - ii"", ""ii - III"", ""V - VI"", ""III - VI"", ""iii - vi"", ""V - fV"", ""V - iv"", ""III - III"", ""ii - iv"", ""vii - i"", ""iv - I"", ""iv - V""]"	symbolic	symbolic.abc.txt	data/chorale-bricks/Gesius_DuFriedensfuerstHerrJesuChrist/symbolic.abc.txt	vi - ii	"[""vi - ii"", ""none of the other options is correct"", ""V7 - vi"", ""V - I"", ""I - V""]"	0.2	0	"[""A"", ""B"", ""C"", ""D"", ""E""]"	"{""A"": ""vi - ii"", ""B"": ""V - I"", ""C"": ""I - V"", ""D"": ""V7 - vi"", ""E"": ""none of the other options is correct""}"	"[""(A) vi - ii"", ""(B) V - I"", ""(C) I - V"", ""(D) V7 - vi"", ""(E) none of the other options is correct""]"	(A) vi - ii	A
ee6cde49-fa10-5e0b-930c-effb9fad1fdf	11	perception	harmony	relative	harmony-relative	harmonic-recognition		cadence recognition	What is the chord progression between the {target_index} chord and the next one?	"[""target_index""]"	get_harmonic_cadence			"{""target_index"": ""25th""}"	What is the chord progression between the 25th chord and the next one?	Gesius_DuFriedensfuerstHerrJesuChrist	chorale-bricks	Gesius_DuFriedensfuerstHerrJesuChrist	data/chorale-bricks/Gesius_DuFriedensfuerstHerrJesuChrist	vi - ii	"[""I - I"", ""I - IV"", ""I - V"", ""I - fI"", ""I - i"", ""I - v"", ""I - vi"", ""II - v"", ""III - III"", ""III - IV"", ""III - VI"", ""III - VII"", ""III - fIII"", ""III - iv"", ""IV - I"", ""IV - V"", ""IV - VII"", ""IV - fIV"", ""IV - i"", ""IV - ii"", ""V - I"", ""V - IV"", ""V - V"", ""V - VI"", ""V - fV"", ""V - i"", ""V - iv"", ""V - v"", ""V - vi"", ""V7 - I"", ""V7 - VI"", ""V7 - fV7"", ""V7 - i"", ""V7 - vi"", ""VI - III"", ""VI - V"", ""VI - VII"", ""VI - fVI"", ""VI - ii"", ""VI - iv"", ""VII - III"", ""VII - IV"", ""VII - VII"", ""VII - i"", ""VII - ii"", ""VII - iv"", ""VII - v"", ""i - I"", ""i - III"", ""i - IV"", ""i - V"", ""i - VI"", ""i - VII"", ""i - fi"", ""i - i"", ""i - iv"", ""ii - III"", ""ii - IV"", ""ii - V"", ""ii - V7"", ""ii - fii"", ""ii - iv"", ""ii - v"", ""ii - vi"", ""ii7 - V"", ""ii7 - fii7"", ""iii - IV"", ""iii - fiii"", ""iii - vi"", ""iv - I"", ""iv - III"", ""iv - V"", ""iv - VII"", ""iv - fiv"", ""iv - i"", ""iv - ii"", ""v - II"", ""v - III"", ""v - IV"", ""v - V"", ""v - VI"", ""v - fv"", ""v - i"", ""v - v"", ""vi - I"", ""vi - V"", ""vi - fvi"", ""vi - iv"", ""vi - vi"", ""vii - I"", ""vii - fvii"", ""vii - i"", ""vii7 - I"", ""vii7 - fvii7"", ""vii7 - i""]"	"[""V7 - vi"", ""V - I"", ""I - V"", ""I - I"", ""V7 - VI"", ""v - VI"", ""ii7 - V"", ""vii - I"", ""i - VI"", ""i - VII"", ""IV - I"", ""VII - IV"", ""iv - VII"", ""v - i"", ""I - i"", ""VII - i"", ""i - iv"", ""vii7 - I"", ""VI - III"", ""i - fi"", ""I - vi"", ""ii7 - fii7"", ""VI - iv"", ""v - v"", ""VII - iv"", ""v - fv"", ""V7 - I"", ""vi - V"", ""VI - V"", ""VII - v"", ""iii - fiii"", ""i - III"", ""v - II"", ""V7 - fV7"", ""vi - fvi"", ""ii - V7"", ""II - v"", ""I - fI"", ""iv - III"", ""vi - vi"", ""III - IV"", ""III - iv"", ""V - v"", ""V - V"", ""iv - ii"", ""ii - vi"", ""V - i"", ""ii - V"", ""VI - VII"", ""v - V"", ""vii7 - i"", ""i - V"", ""ii - fii"", ""iv - i"", ""IV - fIV"", ""I - v"", ""IV - i"", ""iii - IV"", ""v - IV"", ""i - I"", ""vii - fvii"", ""VII - III"", ""I - IV"", ""III - fIII"", ""VI - ii"", ""vi - I"", ""vii7 - fvii7"", ""VII - VII"", ""v - III"", ""IV - VII"", ""i - i"", ""vi - iv"", ""IV - V"", ""iv - fiv"", ""VII - ii"", ""V - vi"", ""ii - v"", ""III - VII"", ""ii - IV"", ""i - IV"", ""V7 - i"", ""VI - fVI"", ""V - IV"", ""IV - ii"", ""ii - III"", ""V - VI"", ""III - VI"", ""iii - vi"", ""V - fV"", ""V - iv"", ""III - III"", ""ii - iv"", ""vii - i"", ""iv - I"", ""iv - V""]"	visual	visual.short.png	data/chorale-bricks/Gesius_DuFriedensfuerstHerrJesuChrist/visual.short.png	vi - ii	"[""vi - ii"", ""none of the other options is correct"", ""V7 - vi"", ""V - I"", ""I - V""]"	0.2	0	"[""A"", ""B"", ""C"", ""D"", ""E""]"	"{""A"": ""none of the other options is correct"", ""B"": ""vi - ii"", ""C"": ""V7 - vi"", ""D"": ""I - V"", ""E"": ""V - I""}"	"[""(A) none of the other options is correct"", ""(B) vi - ii"", ""(C) V7 - vi"", ""(D) I - V"", ""(E) V - I""]"	(B) vi - ii	B
67c7724c-7168-5880-a1b8-52f2bca41214	11	perception	harmony	relative	harmony-relative	harmonic-recognition		cadence recognition	What is the chord progression between the {target_index} chord and the next one?	"[""target_index""]"	get_harmonic_cadence			"{""target_index"": ""18th""}"	What is the chord progression between the 18th chord and the next one?	Jan_DuGrosserSchmerzensmann	chorale-bricks	Jan_DuGrosserSchmerzensmann	data/chorale-bricks/Jan_DuGrosserSchmerzensmann	v - VI	"[""I - I"", ""I - IV"", ""I - V"", ""I - fI"", ""I - i"", ""I - v"", ""I - vi"", ""II - v"", ""III - III"", ""III - IV"", ""III - VI"", ""III - VII"", ""III - fIII"", ""III - iv"", ""IV - I"", ""IV - V"", ""IV - VII"", ""IV - fIV"", ""IV - i"", ""IV - ii"", ""V - I"", ""V - IV"", ""V - V"", ""V - VI"", ""V - fV"", ""V - i"", ""V - iv"", ""V - v"", ""V - vi"", ""V7 - I"", ""V7 - VI"", ""V7 - fV7"", ""V7 - i"", ""V7 - vi"", ""VI - III"", ""VI - V"", ""VI - VII"", ""VI - fVI"", ""VI - ii"", ""VI - iv"", ""VII - III"", ""VII - IV"", ""VII - VII"", ""VII - i"", ""VII - ii"", ""VII - iv"", ""VII - v"", ""i - I"", ""i - III"", ""i - IV"", ""i - V"", ""i - VI"", ""i - VII"", ""i - fi"", ""i - i"", ""i - iv"", ""ii - III"", ""ii - IV"", ""ii - V"", ""ii - V7"", ""ii - fii"", ""ii - iv"", ""ii - v"", ""ii - vi"", ""ii7 - V"", ""ii7 - fii7"", ""iii - IV"", ""iii - fiii"", ""iii - vi"", ""iv - I"", ""iv - III"", ""iv - V"", ""iv - VII"", ""iv - fiv"", ""iv - i"", ""iv - ii"", ""v - II"", ""v - III"", ""v - IV"", ""v - V"", ""v - fv"", ""v - i"", ""v - v"", ""vi - I"", ""vi - V"", ""vi - fvi"", ""vi - ii"", ""vi - iv"", ""vi - vi"", ""vii - I"", ""vii - fvii"", ""vii - i"", ""vii7 - I"", ""vii7 - fvii7"", ""vii7 - i""]"	"[""VI - ii"", ""i - III"", ""i - VII"", ""vii - I"", ""vii7 - I"", ""ii7 - V"", ""III - iv"", ""V7 - i"", ""ii - IV"", ""IV - I"", ""i - VI"", ""ii - V"", ""ii - III"", ""iii - fiii"", ""v - V"", ""v - fv"", ""V7 - vi"", ""VI - V"", ""iv - ii"", ""v - i"", ""vii - i"", ""V7 - fV7"", ""ii - vi"", ""VII - i"", ""ii - fii"", ""i - I"", ""iv - fiv"", ""v - IV"", ""VII - VII"", ""IV - V"", ""ii - iv"", ""iv - i"", ""vii7 - fvii7"", ""VII - iv"", ""vi - iv"", ""V - iv"", ""VII - v"", ""iv - III"", ""vi - fvi"", ""VI - III"", ""II - v"", ""vi - ii"", ""iv - V"", ""iv - VII"", ""III - IV"", ""i - fi"", ""vii - fvii"", ""IV - VII"", ""IV - fIV"", ""I - I"", ""VI - fVI"", ""iv - I"", ""V7 - VI"", ""i - i"", ""VI - VII"", ""I - V"", ""ii - v"", ""V - fV"", ""V - V"", ""III - VII"", ""IV - ii"", ""VII - IV"", ""ii7 - fii7"", ""V - vi"", ""vi - V"", ""III - III"", ""V - IV"", ""VI - iv"", ""v - III"", ""VII - ii"", ""i - iv"", ""v - II"", ""ii - V7"", ""V7 - I"", ""i - V"", ""III - fIII"", ""VII - III"", ""iii - vi"", ""I - i"", ""V - I"", ""I - vi"", ""V - v"", ""iii - IV"", ""I - fI"", ""vi - I"", ""vii7 - i"", ""I - IV"", ""III - VI"", ""V - i"", ""I - v"", ""vi - vi"", ""i - IV"", ""V - VI"", ""IV - i"", ""v - v""]"	audio	audio.mastermix.wav	data/chorale-bricks/Jan_DuGrosserSchmerzensmann/audio.mastermix.wav	v - VI	"[""v - VI"", ""none of the other options is correct"", ""VI - ii"", ""i - III"", ""i - VII""]"	0.2	0	"[""A"", ""B"", ""C"", ""D"", ""E""]"	"{""A"": ""VI - ii"", ""B"": ""i - III"", ""C"": ""i - VII"", ""D"": ""none of the other options is correct"", ""E"": ""v - VI""}"	"[""(A) VI - ii"", ""(B) i - III"", ""(C) i - VII"", ""(D) none of the other options is correct"", ""(E) v - VI""]"	(E) v - VI	E
112e34da-6171-564c-9a3b-5b001b6a764c	11	perception	harmony	relative	harmony-relative	harmonic-recognition		cadence recognition	What is the chord progression between the {target_index} chord and the next one?	"[""target_index""]"	get_harmonic_cadence			"{""target_index"": ""18th""}"	What is the chord progression between the 18th chord and the next one?	Jan_DuGrosserSchmerzensmann	chorale-bricks	Jan_DuGrosserSchmerzensmann	data/chorale-bricks/Jan_DuGrosserSchmerzensmann	v - VI	"[""I - I"", ""I - IV"", ""I - V"", ""I - fI"", ""I - i"", ""I - v"", ""I - vi"", ""II - v"", ""III - III"", ""III - IV"", ""III - VI"", ""III - VII"", ""III - fIII"", ""III - iv"", ""IV - I"", ""IV - V"", ""IV - VII"", ""IV - fIV"", ""IV - i"", ""IV - ii"", ""V - I"", ""V - IV"", ""V - V"", ""V - VI"", ""V - fV"", ""V - i"", ""V - iv"", ""V - v"", ""V - vi"", ""V7 - I"", ""V7 - VI"", ""V7 - fV7"", ""V7 - i"", ""V7 - vi"", ""VI - III"", ""VI - V"", ""VI - VII"", ""VI - fVI"", ""VI - ii"", ""VI - iv"", ""VII - III"", ""VII - IV"", ""VII - VII"", ""VII - i"", ""VII - ii"", ""VII - iv"", ""VII - v"", ""i - I"", ""i - III"", ""i - IV"", ""i - V"", ""i - VI"", ""i - VII"", ""i - fi"", ""i - i"", ""i - iv"", ""ii - III"", ""ii - IV"", ""ii - V"", ""ii - V7"", ""ii - fii"", ""ii - iv"", ""ii - v"", ""ii - vi"", ""ii7 - V"", ""ii7 - fii7"", ""iii - IV"", ""iii - fiii"", ""iii - vi"", ""iv - I"", ""iv - III"", ""iv - V"", ""iv - VII"", ""iv - fiv"", ""iv - i"", ""iv - ii"", ""v - II"", ""v - III"", ""v - IV"", ""v - V"", ""v - fv"", ""v - i"", ""v - v"", ""vi - I"", ""vi - V"", ""vi - fvi"", ""vi - ii"", ""vi - iv"", ""vi - vi"", ""vii - I"", ""vii - fvii"", ""vii - i"", ""vii7 - I"", ""vii7 - fvii7"", ""vii7 - i""]"	"[""VI - ii"", ""i - III"", ""i - VII"", ""vii - I"", ""vii7 - I"", ""ii7 - V"", ""III - iv"", ""V7 - i"", ""ii - IV"", ""IV - I"", ""i - VI"", ""ii - V"", ""ii - III"", ""iii - fiii"", ""v - V"", ""v - fv"", ""V7 - vi"", ""VI - V"", ""iv - ii"", ""v - i"", ""vii - i"", ""V7 - fV7"", ""ii - vi"", ""VII - i"", ""ii - fii"", ""i - I"", ""iv - fiv"", ""v - IV"", ""VII - VII"", ""IV - V"", ""ii - iv"", ""iv - i"", ""vii7 - fvii7"", ""VII - iv"", ""vi - iv"", ""V - iv"", ""VII - v"", ""iv - III"", ""vi - fvi"", ""VI - III"", ""II - v"", ""vi - ii"", ""iv - V"", ""iv - VII"", ""III - IV"", ""i - fi"", ""vii - fvii"", ""IV - VII"", ""IV - fIV"", ""I - I"", ""VI - fVI"", ""iv - I"", ""V7 - VI"", ""i - i"", ""VI - VII"", ""I - V"", ""ii - v"", ""V - fV"", ""V - V"", ""III - VII"", ""IV - ii"", ""VII - IV"", ""ii7 - fii7"", ""V - vi"", ""vi - V"", ""III - III"", ""V - IV"", ""VI - iv"", ""v - III"", ""VII - ii"", ""i - iv"", ""v - II"", ""ii - V7"", ""V7 - I"", ""i - V"", ""III - fIII"", ""VII - III"", ""iii - vi"", ""I - i"", ""V - I"", ""I - vi"", ""V - v"", ""iii - IV"", ""I - fI"", ""vi - I"", ""vii7 - i"", ""I - IV"", ""III - VI"", ""V - i"", ""I - v"", ""vi - vi"", ""i - IV"", ""V - VI"", ""IV - i"", ""v - v""]"	symbolic	symbolic.abc.txt	data/chorale-bricks/Jan_DuGrosserSchmerzensmann/symbolic.abc.txt	v - VI	"[""v - VI"", ""none of the other options is correct"", ""VI - ii"", ""i - III"", ""i - VII""]"	0.2	0	"[""A"", ""B"", ""C"", ""D"", ""E""]"	"{""A"": ""i - III"", ""B"": ""VI - ii"", ""C"": ""v - VI"", ""D"": ""i - VII"", ""E"": ""none of the other options is correct""}"	"[""(A) i - III"", ""(B) VI - ii"", ""(C) v - VI"", ""(D) i - VII"", ""(E) none of the other options is correct""]"	(C) v - VI	C
d74bd984-40c6-5d05-a3be-d07de64ecba8	11	perception	harmony	relative	harmony-relative	harmonic-recognition		cadence recognition	What is the chord progression between the {target_index} chord and the next one?	"[""target_index""]"	get_harmonic_cadence			"{""target_index"": ""18th""}"	What is the chord progression between the 18th chord and the next one?	Jan_DuGrosserSchmerzensmann	chorale-bricks	Jan_DuGrosserSchmerzensmann	data/chorale-bricks/Jan_DuGrosserSchmerzensmann	v - VI	"[""I - I"", ""I - IV"", ""I - V"", ""I - fI"", ""I - i"", ""I - v"", ""I - vi"", ""II - v"", ""III - III"", ""III - IV"", ""III - VI"", ""III - VII"", ""III - fIII"", ""III - iv"", ""IV - I"", ""IV - V"", ""IV - VII"", ""IV - fIV"", ""IV - i"", ""IV - ii"", ""V - I"", ""V - IV"", ""V - V"", ""V - VI"", ""V - fV"", ""V - i"", ""V - iv"", ""V - v"", ""V - vi"", ""V7 - I"", ""V7 - VI"", ""V7 - fV7"", ""V7 - i"", ""V7 - vi"", ""VI - III"", ""VI - V"", ""VI - VII"", ""VI - fVI"", ""VI - ii"", ""VI - iv"", ""VII - III"", ""VII - IV"", ""VII - VII"", ""VII - i"", ""VII - ii"", ""VII - iv"", ""VII - v"", ""i - I"", ""i - III"", ""i - IV"", ""i - V"", ""i - VI"", ""i - VII"", ""i - fi"", ""i - i"", ""i - iv"", ""ii - III"", ""ii - IV"", ""ii - V"", ""ii - V7"", ""ii - fii"", ""ii - iv"", ""ii - v"", ""ii - vi"", ""ii7 - V"", ""ii7 - fii7"", ""iii - IV"", ""iii - fiii"", ""iii - vi"", ""iv - I"", ""iv - III"", ""iv - V"", ""iv - VII"", ""iv - fiv"", ""iv - i"", ""iv - ii"", ""v - II"", ""v - III"", ""v - IV"", ""v - V"", ""v - fv"", ""v - i"", ""v - v"", ""vi - I"", ""vi - V"", ""vi - fvi"", ""vi - ii"", ""vi - iv"", ""vi - vi"", ""vii - I"", ""vii - fvii"", ""vii - i"", ""vii7 - I"", ""vii7 - fvii7"", ""vii7 - i""]"	"[""VI - ii"", ""i - III"", ""i - VII"", ""vii - I"", ""vii7 - I"", ""ii7 - V"", ""III - iv"", ""V7 - i"", ""ii - IV"", ""IV - I"", ""i - VI"", ""ii - V"", ""ii - III"", ""iii - fiii"", ""v - V"", ""v - fv"", ""V7 - vi"", ""VI - V"", ""iv - ii"", ""v - i"", ""vii - i"", ""V7 - fV7"", ""ii - vi"", ""VII - i"", ""ii - fii"", ""i - I"", ""iv - fiv"", ""v - IV"", ""VII - VII"", ""IV - V"", ""ii - iv"", ""iv - i"", ""vii7 - fvii7"", ""VII - iv"", ""vi - iv"", ""V - iv"", ""VII - v"", ""iv - III"", ""vi - fvi"", ""VI - III"", ""II - v"", ""vi - ii"", ""iv - V"", ""iv - VII"", ""III - IV"", ""i - fi"", ""vii - fvii"", ""IV - VII"", ""IV - fIV"", ""I - I"", ""VI - fVI"", ""iv - I"", ""V7 - VI"", ""i - i"", ""VI - VII"", ""I - V"", ""ii - v"", ""V - fV"", ""V - V"", ""III - VII"", ""IV - ii"", ""VII - IV"", ""ii7 - fii7"", ""V - vi"", ""vi - V"", ""III - III"", ""V - IV"", ""VI - iv"", ""v - III"", ""VII - ii"", ""i - iv"", ""v - II"", ""ii - V7"", ""V7 - I"", ""i - V"", ""III - fIII"", ""VII - III"", ""iii - vi"", ""I - i"", ""V - I"", ""I - vi"", ""V - v"", ""iii - IV"", ""I - fI"", ""vi - I"", ""vii7 - i"", ""I - IV"", ""III - VI"", ""V - i"", ""I - v"", ""vi - vi"", ""i - IV"", ""V - VI"", ""IV - i"", ""v - v""]"	visual	visual.short.png	data/chorale-bricks/Jan_DuGrosserSchmerzensmann/visual.short.png	v - VI	"[""v - VI"", ""none of the other options is correct"", ""VI - ii"", ""i - III"", ""i - VII""]"	0.2	0	"[""A"", ""B"", ""C"", ""D"", ""E""]"	"{""A"": ""VI - ii"", ""B"": ""i - III"", ""C"": ""i - VII"", ""D"": ""none of the other options is correct"", ""E"": ""v - VI""}"	"[""(A) VI - ii"", ""(B) i - III"", ""(C) i - VII"", ""(D) none of the other options is correct"", ""(E) v - VI""]"	(E) v - VI	E
e99b46a1-3760-5c7b-9087-bd0f01a15404	11	perception	harmony	relative	harmony-relative	harmonic-recognition		cadence recognition	What is the chord progression between the {target_index} chord and the next one?	"[""target_index""]"	get_harmonic_cadence			"{""target_index"": ""48th""}"	What is the chord progression between the 48th chord and the next one?	Anonymous_AusMeinesHerzensGrunde	chorale-bricks	Anonymous_AusMeinesHerzensGrunde	data/chorale-bricks/Anonymous_AusMeinesHerzensGrunde	I - I	"[""I - IV"", ""I - V"", ""I - fI"", ""I - i"", ""I - v"", ""I - vi"", ""II - v"", ""III - III"", ""III - IV"", ""III - VI"", ""III - VII"", ""III - fIII"", ""III - iv"", ""IV - I"", ""IV - V"", ""IV - VII"", ""IV - fIV"", ""IV - i"", ""IV - ii"", ""V - I"", ""V - IV"", ""V - V"", ""V - VI"", ""V - fV"", ""V - i"", ""V - iv"", ""V - v"", ""V - vi"", ""V7 - I"", ""V7 - VI"", ""V7 - fV7"", ""V7 - i"", ""V7 - vi"", ""VI - III"", ""VI - V"", ""VI - VII"", ""VI - fVI"", ""VI - ii"", ""VI - iv"", ""VII - III"", ""VII - IV"", ""VII - VII"", ""VII - i"", ""VII - ii"", ""VII - iv"", ""VII - v"", ""i - I"", ""i - III"", ""i - IV"", ""i - V"", ""i - VI"", ""i - VII"", ""i - fi"", ""i - i"", ""i - iv"", ""ii - III"", ""ii - IV"", ""ii - V"", ""ii - V7"", ""ii - fii"", ""ii - iv"", ""ii - v"", ""ii - vi"", ""ii7 - V"", ""ii7 - fii7"", ""iii - IV"", ""iii - fiii"", ""iii - vi"", ""iv - I"", ""iv - III"", ""iv - V"", ""iv - VII"", ""iv - fiv"", ""iv - i"", ""iv - ii"", ""v - II"", ""v - III"", ""v - IV"", ""v - V"", ""v - VI"", ""v - fv"", ""v - i"", ""v - v"", ""vi - I"", ""vi - V"", ""vi - fvi"", ""vi - ii"", ""vi - iv"", ""vi - vi"", ""vii - I"", ""vii - fvii"", ""vii - i"", ""vii7 - I"", ""vii7 - fvii7"", ""vii7 - i""]"	"[""III - VII"", ""VI - ii"", ""V7 - vi"", ""vi - I"", ""VII - ii"", ""iv - fiv"", ""iv - i"", ""iv - ii"", ""VII - v"", ""i - i"", ""i - IV"", ""VI - V"", ""i - VII"", ""VII - IV"", ""I - vi"", ""IV - fIV"", ""i - iv"", ""ii7 - V"", ""V7 - VI"", ""vi - ii"", ""V - V"", ""vi - fvi"", ""I - v"", ""i - VI"", ""iii - IV"", ""vii7 - fvii7"", ""v - i"", ""ii - V"", ""IV - i"", ""V - IV"", ""i - fi"", ""ii - v"", ""V - i"", ""iv - V"", ""VI - III"", ""vi - vi"", ""ii - IV"", ""vii7 - i"", ""III - IV"", ""IV - I"", ""vii7 - I"", ""vii - i"", ""V - VI"", ""vii - fvii"", ""III - VI"", ""i - I"", ""IV - ii"", ""VII - iv"", ""v - III"", ""V - I"", ""iv - VII"", ""v - fv"", ""ii7 - fii7"", ""vi - V"", ""VII - III"", ""iv - III"", ""VII - VII"", ""v - v"", ""V - fV"", ""v - IV"", ""III - III"", ""ii - iv"", ""III - fIII"", ""I - i"", ""i - V"", ""VI - VII"", ""vii - I"", ""VI - fVI"", ""I - IV"", ""ii - III"", ""IV - VII"", ""V7 - i"", ""v - II"", ""iii - vi"", ""VI - iv"", ""VII - i"", ""V7 - fV7"", ""iii - fiii"", ""V - iv"", ""II - v"", ""v - VI"", ""V - vi"", ""ii - vi"", ""III - iv"", ""i - III"", ""V - v"", ""iv - I"", ""I - fI"", ""V7 - I"", ""ii - fii"", ""IV - V"", ""v - V"", ""vi - iv"", ""I - V"", ""ii - V7""]"	audio	audio.mastermix.wav	data/chorale-bricks/Anonymous_AusMeinesHerzensGrunde/audio.mastermix.wav	none of the other options is correct	"[""none of the other options is correct"", ""III - VII"", ""VI - ii"", ""V7 - vi"", ""vi - I""]"	0.2	1	"[""A"", ""B"", ""C"", ""D"", ""E""]"	"{""A"": ""none of the other options is correct"", ""B"": ""V7 - vi"", ""C"": ""VI - ii"", ""D"": ""III - VII"", ""E"": ""vi - I""}"	"[""(A) none of the other options is correct"", ""(B) V7 - vi"", ""(C) VI - ii"", ""(D) III - VII"", ""(E) vi - I""]"	(A) none of the other options is correct	A
192d0b07-ec4a-5b0c-b9c6-aa2a3ddd1439	11	perception	harmony	relative	harmony-relative	harmonic-recognition		cadence recognition	What is the chord progression between the {target_index} chord and the next one?	"[""target_index""]"	get_harmonic_cadence			"{""target_index"": ""48th""}"	What is the chord progression between the 48th chord and the next one?	Anonymous_AusMeinesHerzensGrunde	chorale-bricks	Anonymous_AusMeinesHerzensGrunde	data/chorale-bricks/Anonymous_AusMeinesHerzensGrunde	I - I	"[""I - IV"", ""I - V"", ""I - fI"", ""I - i"", ""I - v"", ""I - vi"", ""II - v"", ""III - III"", ""III - IV"", ""III - VI"", ""III - VII"", ""III - fIII"", ""III - iv"", ""IV - I"", ""IV - V"", ""IV - VII"", ""IV - fIV"", ""IV - i"", ""IV - ii"", ""V - I"", ""V - IV"", ""V - V"", ""V - VI"", ""V - fV"", ""V - i"", ""V - iv"", ""V - v"", ""V - vi"", ""V7 - I"", ""V7 - VI"", ""V7 - fV7"", ""V7 - i"", ""V7 - vi"", ""VI - III"", ""VI - V"", ""VI - VII"", ""VI - fVI"", ""VI - ii"", ""VI - iv"", ""VII - III"", ""VII - IV"", ""VII - VII"", ""VII - i"", ""VII - ii"", ""VII - iv"", ""VII - v"", ""i - I"", ""i - III"", ""i - IV"", ""i - V"", ""i - VI"", ""i - VII"", ""i - fi"", ""i - i"", ""i - iv"", ""ii - III"", ""ii - IV"", ""ii - V"", ""ii - V7"", ""ii - fii"", ""ii - iv"", ""ii - v"", ""ii - vi"", ""ii7 - V"", ""ii7 - fii7"", ""iii - IV"", ""iii - fiii"", ""iii - vi"", ""iv - I"", ""iv - III"", ""iv - V"", ""iv - VII"", ""iv - fiv"", ""iv - i"", ""iv - ii"", ""v - II"", ""v - III"", ""v - IV"", ""v - V"", ""v - VI"", ""v - fv"", ""v - i"", ""v - v"", ""vi - I"", ""vi - V"", ""vi - fvi"", ""vi - ii"", ""vi - iv"", ""vi - vi"", ""vii - I"", ""vii - fvii"", ""vii - i"", ""vii7 - I"", ""vii7 - fvii7"", ""vii7 - i""]"	"[""III - VII"", ""VI - ii"", ""V7 - vi"", ""vi - I"", ""VII - ii"", ""iv - fiv"", ""iv - i"", ""iv - ii"", ""VII - v"", ""i - i"", ""i - IV"", ""VI - V"", ""i - VII"", ""VII - IV"", ""I - vi"", ""IV - fIV"", ""i - iv"", ""ii7 - V"", ""V7 - VI"", ""vi - ii"", ""V - V"", ""vi - fvi"", ""I - v"", ""i - VI"", ""iii - IV"", ""vii7 - fvii7"", ""v - i"", ""ii - V"", ""IV - i"", ""V - IV"", ""i - fi"", ""ii - v"", ""V - i"", ""iv - V"", ""VI - III"", ""vi - vi"", ""ii - IV"", ""vii7 - i"", ""III - IV"", ""IV - I"", ""vii7 - I"", ""vii - i"", ""V - VI"", ""vii - fvii"", ""III - VI"", ""i - I"", ""IV - ii"", ""VII - iv"", ""v - III"", ""V - I"", ""iv - VII"", ""v - fv"", ""ii7 - fii7"", ""vi - V"", ""VII - III"", ""iv - III"", ""VII - VII"", ""v - v"", ""V - fV"", ""v - IV"", ""III - III"", ""ii - iv"", ""III - fIII"", ""I - i"", ""i - V"", ""VI - VII"", ""vii - I"", ""VI - fVI"", ""I - IV"", ""ii - III"", ""IV - VII"", ""V7 - i"", ""v - II"", ""iii - vi"", ""VI - iv"", ""VII - i"", ""V7 - fV7"", ""iii - fiii"", ""V - iv"", ""II - v"", ""v - VI"", ""V - vi"", ""ii - vi"", ""III - iv"", ""i - III"", ""V - v"", ""iv - I"", ""I - fI"", ""V7 - I"", ""ii - fii"", ""IV - V"", ""v - V"", ""vi - iv"", ""I - V"", ""ii - V7""]"	symbolic	symbolic.abc.txt	data/chorale-bricks/Anonymous_AusMeinesHerzensGrunde/symbolic.abc.txt	I - I	"[""I - I"", ""none of the other options is correct"", ""III - VII"", ""VI - ii"", ""V7 - vi""]"	0.2	0	"[""A"", ""B"", ""C"", ""D"", ""E""]"	"{""A"": ""V7 - vi"", ""B"": ""none of the other options is correct"", ""C"": ""VI - ii"", ""D"": ""I - I"", ""E"": ""III - VII""}"	"[""(A) V7 - vi"", ""(B) none of the other options is correct"", ""(C) VI - ii"", ""(D) I - I"", ""(E) III - VII""]"	(D) I - I	D
7c25ea4a-d01c-5734-8969-f88ff8f55306	11	perception	harmony	relative	harmony-relative	harmonic-recognition		cadence recognition	What is the chord progression between the {target_index} chord and the next one?	"[""target_index""]"	get_harmonic_cadence			"{""target_index"": ""48th""}"	What is the chord progression between the 48th chord and the next one?	Anonymous_AusMeinesHerzensGrunde	chorale-bricks	Anonymous_AusMeinesHerzensGrunde	data/chorale-bricks/Anonymous_AusMeinesHerzensGrunde	I - I	"[""I - IV"", ""I - V"", ""I - fI"", ""I - i"", ""I - v"", ""I - vi"", ""II - v"", ""III - III"", ""III - IV"", ""III - VI"", ""III - VII"", ""III - fIII"", ""III - iv"", ""IV - I"", ""IV - V"", ""IV - VII"", ""IV - fIV"", ""IV - i"", ""IV - ii"", ""V - I"", ""V - IV"", ""V - V"", ""V - VI"", ""V - fV"", ""V - i"", ""V - iv"", ""V - v"", ""V - vi"", ""V7 - I"", ""V7 - VI"", ""V7 - fV7"", ""V7 - i"", ""V7 - vi"", ""VI - III"", ""VI - V"", ""VI - VII"", ""VI - fVI"", ""VI - ii"", ""VI - iv"", ""VII - III"", ""VII - IV"", ""VII - VII"", ""VII - i"", ""VII - ii"", ""VII - iv"", ""VII - v"", ""i - I"", ""i - III"", ""i - IV"", ""i - V"", ""i - VI"", ""i - VII"", ""i - fi"", ""i - i"", ""i - iv"", ""ii - III"", ""ii - IV"", ""ii - V"", ""ii - V7"", ""ii - fii"", ""ii - iv"", ""ii - v"", ""ii - vi"", ""ii7 - V"", ""ii7 - fii7"", ""iii - IV"", ""iii - fiii"", ""iii - vi"", ""iv - I"", ""iv - III"", ""iv - V"", ""iv - VII"", ""iv - fiv"", ""iv - i"", ""iv - ii"", ""v - II"", ""v - III"", ""v - IV"", ""v - V"", ""v - VI"", ""v - fv"", ""v - i"", ""v - v"", ""vi - I"", ""vi - V"", ""vi - fvi"", ""vi - ii"", ""vi - iv"", ""vi - vi"", ""vii - I"", ""vii - fvii"", ""vii - i"", ""vii7 - I"", ""vii7 - fvii7"", ""vii7 - i""]"	"[""III - VII"", ""VI - ii"", ""V7 - vi"", ""vi - I"", ""VII - ii"", ""iv - fiv"", ""iv - i"", ""iv - ii"", ""VII - v"", ""i - i"", ""i - IV"", ""VI - V"", ""i - VII"", ""VII - IV"", ""I - vi"", ""IV - fIV"", ""i - iv"", ""ii7 - V"", ""V7 - VI"", ""vi - ii"", ""V - V"", ""vi - fvi"", ""I - v"", ""i - VI"", ""iii - IV"", ""vii7 - fvii7"", ""v - i"", ""ii - V"", ""IV - i"", ""V - IV"", ""i - fi"", ""ii - v"", ""V - i"", ""iv - V"", ""VI - III"", ""vi - vi"", ""ii - IV"", ""vii7 - i"", ""III - IV"", ""IV - I"", ""vii7 - I"", ""vii - i"", ""V - VI"", ""vii - fvii"", ""III - VI"", ""i - I"", ""IV - ii"", ""VII - iv"", ""v - III"", ""V - I"", ""iv - VII"", ""v - fv"", ""ii7 - fii7"", ""vi - V"", ""VII - III"", ""iv - III"", ""VII - VII"", ""v - v"", ""V - fV"", ""v - IV"", ""III - III"", ""ii - iv"", ""III - fIII"", ""I - i"", ""i - V"", ""VI - VII"", ""vii - I"", ""VI - fVI"", ""I - IV"", ""ii - III"", ""IV - VII"", ""V7 - i"", ""v - II"", ""iii - vi"", ""VI - iv"", ""VII - i"", ""V7 - fV7"", ""iii - fiii"", ""V - iv"", ""II - v"", ""v - VI"", ""V - vi"", ""ii - vi"", ""III - iv"", ""i - III"", ""V - v"", ""iv - I"", ""I - fI"", ""V7 - I"", ""ii - fii"", ""IV - V"", ""v - V"", ""vi - iv"", ""I - V"", ""ii - V7""]"	visual	visual.short.png	data/chorale-bricks/Anonymous_AusMeinesHerzensGrunde/visual.short.png	I - I	"[""I - I"", ""none of the other options is correct"", ""III - VII"", ""VI - ii"", ""V7 - vi""]"	0.2	0	"[""A"", ""B"", ""C"", ""D"", ""E""]"	"{""A"": ""none of the other options is correct"", ""B"": ""V7 - vi"", ""C"": ""VI - ii"", ""D"": ""I - I"", ""E"": ""III - VII""}"	"[""(A) none of the other options is correct"", ""(B) V7 - vi"", ""(C) VI - ii"", ""(D) I - I"", ""(E) III - VII""]"	(D) I - I	D
