item_id	meta-question_id	perception	category	rel/abs	specification	subcategory	simul/seq	skill	text_with_wildcards	question_keys	method_for_ground_truth_extraction	requires	ontology_key	values	question	piece_id	dataset	name	path	ground_truth	distractor_pool	sorted_distractors	modality	submodality	path_to_question_context_file	final_correct_option	final_options	random_guess_performance_accuracy	is_nota_correct	all_choices	index2ans	labeled_final_options	labeled_final_correct_option	label_of_final_correct_option
378b10b1-01cd-5e3c-90a8-79cdf48cb00c	1	perception	pitch	absolute	pitch-absolute	pitch-recognition		pitch recognition	What is the pitch name of the {target_index} {voice} note in the provided excerpt?	"[""target_index"", ""voice""]"	get_nth_note	symbolic.musicxml	pitch	"{""target_index"": ""6th"", ""voice"": ""soprano""}"	What is the pitch name of the 6th soprano note in the provided excerpt?	Gesius_BefiehlDuDeineWege	chorale-bricks	Gesius_BefiehlDuDeineWege	data/chorale-bricks/Gesius_BefiehlDuDeineWege	A	"[""B"", ""C"", ""C sharp"", ""D"", ""E"", ""F"", ""G"", ""G sharp""]"	"[""E"", ""C sharp"", ""B"", ""C"", ""G"", ""G sharp"", ""D"", ""F""]"	audio	audio.mastermix.wav	data/chorale-bricks/Gesius_BefiehlDuDeineWege/audio.mastermix.wav	A	"[""A"", ""none of the other options is correct"", ""E"", ""C sharp"", ""B""]"	0.2	0	"[""A"", ""B"", ""C"", ""D"", ""E""]"	"{""A"": ""E"", ""B"": ""C sharp"", ""C"": ""A"", ""D"": ""B"", ""E"": ""none of the other options is correct""}"	"[""(A) E"", ""(B) C sharp"", ""(C) A"", ""(D) B"", ""(E) none of the other options is correct""]"	(C) A	C
84bd2f52-84bc-59b7-a0b4-8459c479bf9a	1	perception	pitch	absolute	pitch-absolute	pitch-recognition		pitch recognition	What is the pitch name of the {target_index} {voice} note in the provided excerpt?	"[""target_index"", ""voice""]"	get_nth_note	symbolic.musicxml	pitch	"{""target_index"": ""6th"", ""voice"": ""soprano""}"	What is the pitch name of the 6th soprano note in the provided excerpt?	Gesius_BefiehlDuDeineWege	chorale-bricks	Gesius_BefiehlDuDeineWege	data/chorale-bricks/Gesius_BefiehlDuDeineWege	A	"[""B"", ""C"", ""C sharp"", ""D"", ""E"", ""F"", ""G"", ""G sharp""]"	"[""E"", ""C sharp"", ""B"", ""C"", ""G"", ""G sharp"", ""D"", ""F""]"	symbolic	symbolic.abc.txt	data/chorale-bricks/Gesius_BefiehlDuDeineWege/symbolic.abc.txt	A	"[""A"", ""none of the other options is correct"", ""E"", ""C sharp"", ""B""]"	0.2	0	"[""A"", ""B"", ""C"", ""D"", ""E""]"	"{""A"": ""E"", ""B"": ""none of the other options is correct"", ""C"": ""A"", ""D"": ""C sharp"", ""E"": ""B""}"	"[""(A) E"", ""(B) none of the other options is correct"", ""(C) A"", ""(D) C sharp"", ""(E) B""]"	(C) A	C
7ee42261-7a9c-5c62-8180-2b4184695114	1	perception	pitch	absolute	pitch-absolute	pitch-recognition		pitch recognition	What is the pitch name of the {target_index} {voice} note in the provided excerpt?	"[""target_index"", ""voice""]"	get_nth_note	symbolic.musicxml	pitch	"{""target_index"": ""6th"", ""voice"": ""soprano""}"	What is the pitch name of the 6th soprano note in the provided excerpt?	Gesius_BefiehlDuDeineWege	chorale-bricks	Gesius_BefiehlDuDeineWege	data/chorale-bricks/Gesius_BefiehlDuDeineWege	A	"[""B"", ""C"", ""C sharp"", ""D"", ""E"", ""F"", ""G"", ""G sharp""]"	"[""E"", ""C sharp"", ""B"", ""C"", ""G"", ""G sharp"", ""D"", ""F""]"	visual	visual.short.png	data/chorale-bricks/Gesius_BefiehlDuDeineWege/visual.short.png	none of the other options is correct	"[""none of the other options is correct"", ""E"", ""C sharp"", ""B"", ""C""]"	0.2	1	"[""A"", ""B"", ""C"", ""D"", ""E""]"	"{""A"": ""C sharp"", ""B"": ""B"", ""C"": ""C"", ""D"": ""E"", ""E"": ""none of the other options is correct""}"	"[""(A) C sharp"", ""(B) B"", ""(C) C"", ""(D) E"", ""(E) none of the other options is correct""]"	(E) none of the other options is correct	E
1ad58305-c0d1-580b-9665-d9d869d887c0	1	perception	pitch	absolute	pitch-absolute	pitch-recognition		pitch recognition	What is the pitch name of the {target_index} {voice} note in the provided excerpt?	"[""target_index"", ""voice""]"	get_nth_note	symbolic.musicxml	pitch	"{""target_index"": ""12th"", ""voice"": ""bass""}"	What is the pitch name of the 12th bass note in the provided excerpt?	Vulpius_ChristusDerIstMeinLeben	chorale-bricks	Vulpius_ChristusDerIstMeinLeben	data/chorale-bricks/Vulpius_ChristusDerIstMeinLeben	A	"[""B"", ""C sharp"", ""D"", ""E"", ""F sharp"", ""G"", ""G sharp""]"	"[""B"", ""C sharp"", ""F sharp"", ""G"", ""G sharp"", ""E"", ""D""]"	audio	audio.mastermix.wav	data/chorale-bricks/Vulpius_ChristusDerIstMeinLeben/audio.mastermix.wav	none of the other options is correct	"[""none of the other options is correct"", ""B"", ""C sharp"", ""F sharp"", ""G""]"	0.2	1	"[""A"", ""B"", ""C"", ""D"", ""E""]"	"{""A"": ""B"", ""B"": ""G"", ""C"": ""C sharp"", ""D"": ""none of the other options is correct"", ""E"": ""F sharp""}"	"[""(A) B"", ""(B) G"", ""(C) C sharp"", ""(D) none of the other options is correct"", ""(E) F sharp""]"	(D) none of the other options is correct	D
71d7f9bc-a55a-5ae3-b6fc-817e2936f8a4	1	perception	pitch	absolute	pitch-absolute	pitch-recognition		pitch recognition	What is the pitch name of the {target_index} {voice} note in the provided excerpt?	"[""target_index"", ""voice""]"	get_nth_note	symbolic.musicxml	pitch	"{""target_index"": ""12th"", ""voice"": ""bass""}"	What is the pitch name of the 12th bass note in the provided excerpt?	Vulpius_ChristusDerIstMeinLeben	chorale-bricks	Vulpius_ChristusDerIstMeinLeben	data/chorale-bricks/Vulpius_ChristusDerIstMeinLeben	A	"[""B"", ""C sharp"", ""D"", ""E"", ""F sharp"", ""G"", ""G sharp""]"	"[""B"", ""C sharp"", ""F sharp"", ""G"", ""G sharp"", ""E"", ""D""]"	symbolic	symbolic.abc.txt	data/chorale-bricks/Vulpius_ChristusDerIstMeinLeben/symbolic.abc.txt	A	"[""A"", ""none of the other options is correct"", ""B"", ""C sharp"", ""F sharp""]"	0.2	0	"[""A"", ""B"", ""C"", ""D"", ""E""]"	"{""A"": ""C sharp"", ""B"": ""none of the other options is correct"", ""C"": ""F sharp"", ""D"": ""B"", ""E"": ""A""}"	"[""(A) C sharp"", ""(B) none of the other options is correct"", ""(C) F sharp"", ""(D) B"", ""(E) A""]"	(E) A	E
e2d9b2c6-18d7-5122-bdc1-2abe3ba2ea27	1	perception	pitch	absolute	pitch-absolute	pitch-recognition		pitch recognition	What is the pitch name of the {target_index} {voice} note in the provided excerpt?	"[""target_index"", ""voice""]"	get_nth_note	symbolic.musicxml	pitch	"{""target_index"": ""12th"", ""voice"": ""bass""}"	What is the pitch name of the 12th bass note in the provided excerpt?	Vulpius_ChristusDerIstMeinLeben	chorale-bricks	Vulpius_ChristusDerIstMeinLeben	data/chorale-bricks/Vulpius_ChristusDerIstMeinLeben	A	"[""B"", ""C sharp"", ""D"", ""E"", ""F sharp"", ""G"", ""G sharp""]"	"[""B"", ""C sharp"", ""F sharp"", ""G"", ""G sharp"", ""E"", ""D""]"	visual	visual.short.png	data/chorale-bricks/Vulpius_ChristusDerIstMeinLeben/visual.short.png	A	"[""A"", ""none of the other options is correct"", ""B"", ""C sharp"", ""F sharp""]"	0.2	0	"[""A"", ""B"", ""C"", ""D"", ""E""]"	"{""A"": ""B"", ""B"": ""none of the other options is correct"", ""C"": ""C sharp"", ""D"": ""A"", ""E"": ""F sharp""}"	"[""(A) B"", ""(B) none of the other options is correct"", ""(C) C sharp"", ""(D) A"", ""(E) F sharp""]"	(D) A	D
aa46d630-4cf0-5ced-b48d-d93e8fec8434	1	perception	pitch	absolute	pitch-absolute	pitch-recognition		pitch recognition	What is the pitch name of the {target_index} {voice} note in the provided excerpt?	"[""target_index"", ""voice""]"	get_nth_note	symbolic.musicxml	pitch	"{""target_index"": ""6th"", ""voice"": ""alto""}"	What is the pitch name of the 6th alto note in the provided excerpt?	Vulpius_ChristusDerIstMeinLeben	chorale-bricks	Vulpius_ChristusDerIstMeinLeben	data/chorale-bricks/Vulpius_ChristusDerIstMeinLeben	D	"[""A"", ""B"", ""C sharp"", ""E"", ""F sharp"", ""G"", ""G sharp""]"	"[""B"", ""E"", ""C sharp"", ""F sharp"", ""G"", ""A"", ""G sharp""]"	audio	audio.mastermix.wav	data/chorale-bricks/Vulpius_ChristusDerIstMeinLeben/audio.mastermix.wav	none of the other options is correct	"[""none of the other options is correct"", ""B"", ""E"", ""C sharp"", ""F sharp""]"	0.2	1	"[""A"", ""B"", ""C"", ""D"", ""E""]"	"{""A"": ""none of the other options is correct"", ""B"": ""F sharp"", ""C"": ""C sharp"", ""D"": ""B"", ""E"": ""E""}"	"[""(A) none of the other options is correct"", ""(B) F sharp"", ""(C) C sharp"", ""(D) B"", ""(E) E""]"	(A) none of the other options is correct	A
2de3c955-f84f-5345-b819-497384d799c7	1	perception	pitch	absolute	pitch-absolute	pitch-recognition		pitch recognition	What is the pitch name of the {target_index} {voice} note in the provided excerpt?	"[""target_index"", ""voice""]"	get_nth_note	symbolic.musicxml	pitch	"{""target_index"": ""6th"", ""voice"": ""alto""}"	What is the pitch name of the 6th alto note in the provided excerpt?	Vulpius_ChristusDerIstMeinLeben	chorale-bricks	Vulpius_ChristusDerIstMeinLeben	data/chorale-bricks/Vulpius_ChristusDerIstMeinLeben	D	"[""A"", ""B"", ""C sharp"", ""E"", ""F sharp"", ""G"", ""G sharp""]"	"[""B"", ""E"", ""C sharp"", ""F sharp"", ""G"", ""A"", ""G sharp""]"	symbolic	symbolic.abc.txt	data/chorale-bricks/Vulpius_ChristusDerIstMeinLeben/symbolic.abc.txt	D	"[""D"", ""none of the other options is correct"", ""B"", ""E"", ""C sharp""]"	0.2	0	"[""A"", ""B"", ""C"", ""D"", ""E""]"	"{""A"": ""B"", ""B"": ""C sharp"", ""C"": ""E"", ""D"": ""none of the other options is correct"", ""E"": ""D""}"	"[""(A) B"", ""(B) C sharp"", ""(C) E"", ""(D) none of the other options is correct"", ""(E) D""]"	(E) D	E
11a16318-1632-5d9d-8b7b-9537023b2b39	1	perception	pitch	absolute	pitch-absolute	pitch-recognition		pitch recognition	What is the pitch name of the {target_index} {voice} note in the provided excerpt?	"[""target_index"", ""voice""]"	get_nth_note	symbolic.musicxml	pitch	"{""target_index"": ""6th"", ""voice"": ""alto""}"	What is the pitch name of the 6th alto note in the provided excerpt?	Vulpius_ChristusDerIstMeinLeben	chorale-bricks	Vulpius_ChristusDerIstMeinLeben	data/chorale-bricks/Vulpius_ChristusDerIstMeinLeben	D	"[""A"", ""B"", ""C sharp"", ""E"", ""F sharp"", ""G"", ""G sharp""]"	"[""B"", ""E"", ""C sharp"", ""F sharp"", ""G"", ""A"", ""G sharp""]"	visual	visual.short.png	data/chorale-bricks/Vulpius_ChristusDerIstMeinLeben/visual.short.png	D	"[""D"", ""none of the other options is correct"", ""B"", ""E"", ""C sharp""]"	0.2	0	"[""A"", ""B"", ""C"", ""D"", ""E""]"	"{""A"": ""B"", ""B"": ""E"", ""C"": ""C sharp"", ""D"": ""none of the other options is correct"", ""E"": ""D""}"	"[""(A) B"", ""(B) E"", ""(C) C sharp"", ""(D) none of the other options is correct"", ""(E) D""]"	(E) D	E
5288e8c3-2ed9-55f6-8fb4-0b7397d7b556	1	perception	pitch	absolute	pitch-absolute	pitch-recognition		pitch recognition	What is the pitch name of the {target_index} {voice} note in the provided excerpt?	"[""target_index"", ""voice""]"	get_nth_note	symbolic.musicxml	pitch	"{""target_index"": ""33rd"", ""voice"": ""tenor""}"	What is the pitch name of the 33rd tenor note in the provided excerpt?	Bach_IchStehAnDeinerKrippe	chorale-bricks	Bach_IchStehAnDeinerKrippe	data/chorale-bricks/Bach_IchStehAnDeinerKrippe	D	"[""A"", ""A sharp"", ""B"", ""C sharp"", ""D sharp"", ""E"", ""F sharp"", ""G"", ""G sharp""]"	"[""F sharp"", ""E"", ""G"", ""D sharp"", ""C sharp"", ""B"", ""A"", ""A sharp"", ""G sharp""]"	audio	audio.mastermix.wav	data/chorale-bricks/Bach_IchStehAnDeinerKrippe/audio.mastermix.wav	none of the other options is correct	"[""none of the other options is correct"", ""F sharp"", ""E"", ""G"", ""D sharp""]"	0.2	1	"[""A"", ""B"", ""C"", ""D"", ""E""]"	"{""A"": ""none of the other options is correct"", ""B"": ""E"", ""C"": ""G"", ""D"": ""F sharp"", ""E"": ""D sharp""}"	"[""(A) none of the other options is correct"", ""(B) E"", ""(C) G"", ""(D) F sharp"", ""(E) D sharp""]"	(A) none of the other options is correct	A
7dccdcb7-1d2a-537a-8f67-b306fefe8a30	1	perception	pitch	absolute	pitch-absolute	pitch-recognition		pitch recognition	What is the pitch name of the {target_index} {voice} note in the provided excerpt?	"[""target_index"", ""voice""]"	get_nth_note	symbolic.musicxml	pitch	"{""target_index"": ""33rd"", ""voice"": ""tenor""}"	What is the pitch name of the 33rd tenor note in the provided excerpt?	Bach_IchStehAnDeinerKrippe	chorale-bricks	Bach_IchStehAnDeinerKrippe	data/chorale-bricks/Bach_IchStehAnDeinerKrippe	D	"[""A"", ""A sharp"", ""B"", ""C sharp"", ""D sharp"", ""E"", ""F sharp"", ""G"", ""G sharp""]"	"[""F sharp"", ""E"", ""G"", ""D sharp"", ""C sharp"", ""B"", ""A"", ""A sharp"", ""G sharp""]"	symbolic	symbolic.abc.txt	data/chorale-bricks/Bach_IchStehAnDeinerKrippe/symbolic.abc.txt	none of the other options is correct	"[""none of the other options is correct"", ""F sharp"", ""E"", ""G"", ""D sharp""]"	0.2	1	"[""A"", ""B"", ""C"", ""D"", ""E""]"	"{""A"": ""E"", ""B"": ""F sharp"", ""C"": ""D sharp"", ""D"": ""none of the other options is correct"", ""E"": ""G""}"	"[""(A) E"", ""(B) F sharp"", ""(C) D sharp"", ""(D) none of the other options is correct"", ""(E) G""]"	(D) none of the other options is correct	D
acff0d1d-e7ac-5c7c-9245-23e9829a523b	1	perception	pitch	absolute	pitch-absolute	pitch-recognition		pitch recognition	What is the pitch name of the {target_index} {voice} note in the provided excerpt?	"[""target_index"", ""voice""]"	get_nth_note	symbolic.musicxml	pitch	"{""target_index"": ""33rd"", ""voice"": ""tenor""}"	What is the pitch name of the 33rd tenor note in the provided excerpt?	Bach_IchStehAnDeinerKrippe	chorale-bricks	Bach_IchStehAnDeinerKrippe	data/chorale-bricks/Bach_IchStehAnDeinerKrippe	D	"[""A"", ""A sharp"", ""B"", ""C sharp"", ""D sharp"", ""E"", ""F sharp"", ""G"", ""G sharp""]"	"[""F sharp"", ""E"", ""G"", ""D sharp"", ""C sharp"", ""B"", ""A"", ""A sharp"", ""G sharp""]"	visual	visual.short.png	data/chorale-bricks/Bach_IchStehAnDeinerKrippe/visual.short.png	D	"[""D"", ""none of the other options is correct"", ""F sharp"", ""E"", ""G""]"	0.2	0	"[""A"", ""B"", ""C"", ""D"", ""E""]"	"{""A"": ""F sharp"", ""B"": ""G"", ""C"": ""D"", ""D"": ""E"", ""E"": ""none of the other options is correct""}"	"[""(A) F sharp"", ""(B) G"", ""(C) D"", ""(D) E"", ""(E) none of the other options is correct""]"	(C) D	C
1b4df960-57a2-5795-885e-5b1731e8544d	1	perception	pitch	absolute	pitch-absolute	pitch-recognition		pitch recognition	What is the pitch name of the {target_index} {voice} note in the provided excerpt?	"[""target_index"", ""voice""]"	get_nth_note	symbolic.musicxml	pitch	"{""target_index"": ""26th"", ""voice"": ""alto""}"	What is the pitch name of the 26th alto note in the provided excerpt?	Vulpius_ChristusDerIstMeinLeben	chorale-bricks	Vulpius_ChristusDerIstMeinLeben	data/chorale-bricks/Vulpius_ChristusDerIstMeinLeben	B	"[""A"", ""C sharp"", ""D"", ""E"", ""F sharp"", ""G"", ""G sharp""]"	"[""G"", ""E"", ""F sharp"", ""A"", ""G sharp"", ""C sharp"", ""D""]"	audio	audio.mastermix.wav	data/chorale-bricks/Vulpius_ChristusDerIstMeinLeben/audio.mastermix.wav	B	"[""B"", ""none of the other options is correct"", ""G"", ""E"", ""F sharp""]"	0.2	0	"[""A"", ""B"", ""C"", ""D"", ""E""]"	"{""A"": ""B"", ""B"": ""none of the other options is correct"", ""C"": ""G"", ""D"": ""F sharp"", ""E"": ""E""}"	"[""(A) B"", ""(B) none of the other options is correct"", ""(C) G"", ""(D) F sharp"", ""(E) E""]"	(A) B	A
d5af5eb6-201a-5a6e-97ad-6897fdf70c87	1	perception	pitch	absolute	pitch-absolute	pitch-recognition		pitch recognition	What is the pitch name of the {target_index} {voice} note in the provided excerpt?	"[""target_index"", ""voice""]"	get_nth_note	symbolic.musicxml	pitch	"{""target_index"": ""26th"", ""voice"": ""alto""}"	What is the pitch name of the 26th alto note in the provided excerpt?	Vulpius_ChristusDerIstMeinLeben	chorale-bricks	Vulpius_ChristusDerIstMeinLeben	data/chorale-bricks/Vulpius_ChristusDerIstMeinLeben	B	"[""A"", ""C sharp"", ""D"", ""E"", ""F sharp"", ""G"", ""G sharp""]"	"[""G"", ""E"", ""F sharp"", ""A"", ""G sharp"", ""C sharp"", ""D""]"	symbolic	symbolic.abc.txt	data/chorale-bricks/Vulpius_ChristusDerIstMeinLeben/symbolic.abc.txt	B	"[""B"", ""none of the other options is correct"", ""G"", ""E"", ""F sharp""]"	0.2	0	"[""A"", ""B"", ""C"", ""D"", ""E""]"	"{""A"": ""G"", ""B"": ""B"", ""C"": ""none of the other options is correct"", ""D"": ""E"", ""E"": ""F sharp""}"	"[""(A) G"", ""(B) B"", ""(C) none of the other options is correct"", ""(D) E"", ""(E) F sharp""]"	(B) B	B
3d40ab43-3737-5eca-a832-40aad24d8d9d	1	perception	pitch	absolute	pitch-absolute	pitch-recognition		pitch recognition	What is the pitch name of the {target_index} {voice} note in the provided excerpt?	"[""target_index"", ""voice""]"	get_nth_note	symbolic.musicxml	pitch	"{""target_index"": ""26th"", ""voice"": ""alto""}"	What is the pitch name of the 26th alto note in the provided excerpt?	Vulpius_ChristusDerIstMeinLeben	chorale-bricks	Vulpius_ChristusDerIstMeinLeben	data/chorale-bricks/Vulpius_ChristusDerIstMeinLeben	B	"[""A"", ""C sharp"", ""D"", ""E"", ""F sharp"", ""G"", ""G sharp""]"	"[""G"", ""E"", ""F sharp"", ""A"", ""G sharp"", ""C sharp"", ""D""]"	visual	visual.short.png	data/chorale-bricks/Vulpius_ChristusDerIstMeinLeben/visual.short.png	B	"[""B"", ""none of the other options is correct"", ""G"", ""E"", ""F sharp""]"	0.2	0	"[""A"", ""B"", ""C"", ""D"", ""E""]"	"{""A"": ""G"", ""B"": ""B"", ""C"": ""none of the other options is correct"", ""D"": ""F sharp"", ""E"": ""E""}"	"[""(A) G"", ""(B) B"", ""(C) none of the other options is correct"", ""(D) F sharp"", ""(E) E""]"	(B) B	B
f258a5e6-f55b-57fc-81ed-da98f101b0e9	1	perception	pitch	absolute	pitch-absolute	pitch-recognition		pitch recognition	What is the pitch name of the {target_index} {voice} note in the provided excerpt?	"[""target_index"", ""voice""]"	get_nth_note	symbolic.musicxml	pitch	"{""target_index"": ""41st"", ""voice"": ""alto""}"	What is the pitch name of the 41st alto note in the provided excerpt?	Crueger_AufAufMeinHerzMitFreuden	chorale-bricks	Crueger_AufAufMeinHerzMitFreuden	data/chorale-bricks/Crueger_AufAufMeinHerzMitFreuden	B flat	"[""A"", ""B"", ""C"", ""C sharp"", ""D"", ""E"", ""F"", ""F sharp"", ""G"", ""G sharp""]"	"[""D"", ""C sharp"", ""E"", ""F"", ""F sharp"", ""G sharp"", ""C"", ""B"", ""G"", ""A""]"	audio	audio.mastermix.wav	data/chorale-bricks/Crueger_AufAufMeinHerzMitFreuden/audio.mastermix.wav	B flat	"[""B flat"", ""none of the other options is correct"", ""D"", ""C sharp"", ""E""]"	0.2	0	"[""A"", ""B"", ""C"", ""D"", ""E""]"	"{""A"": ""C sharp"", ""B"": ""none of the other options is correct"", ""C"": ""D"", ""D"": ""E"", ""E"": ""B flat""}"	"[""(A) C sharp"", ""(B) none of the other options is correct"", ""(C) D"", ""(D) E"", ""(E) B flat""]"	(E) B flat	E
55b08d98-f82e-590f-ab66-367be8ba9f9b	1	perception	pitch	absolute	pitch-absolute	pitch-recognition		pitch recognition	What is the pitch name of the {target_index} {voice} note in the provided excerpt?	"[""target_index"", ""voice""]"	get_nth_note	symbolic.musicxml	pitch	"{""target_index"": ""41st"", ""voice"": ""alto""}"	What is the pitch name of the 41st alto note in the provided excerpt?	Crueger_AufAufMeinHerzMitFreuden	chorale-bricks	Crueger_AufAufMeinHerzMitFreuden	data/chorale-bricks/Crueger_AufAufMeinHerzMitFreuden	B flat	"[""A"", ""B"", ""C"", ""C sharp"", ""D"", ""E"", ""F"", ""F sharp"", ""G"", ""G sharp""]"	"[""D"", ""C sharp"", ""E"", ""F"", ""F sharp"", ""G sharp"", ""C"", ""B"", ""G"", ""A""]"	symbolic	symbolic.abc.txt	data/chorale-bricks/Crueger_AufAufMeinHerzMitFreuden/symbolic.abc.txt	B flat	"[""B flat"", ""none of the other options is correct"", ""D"", ""C sharp"", ""E""]"	0.2	0	"[""A"", ""B"", ""C"", ""D"", ""E""]"	"{""A"": ""none of the other options is correct"", ""B"": ""C sharp"", ""C"": ""B flat"", ""D"": ""E"", ""E"": ""D""}"	"[""(A) none of the other options is correct"", ""(B) C sharp"", ""(C) B flat"", ""(D) E"", ""(E) D""]"	(C) B flat	C
2a73bb5a-6f2e-5742-aae7-3cfef2cd9edd	1	perception	pitch	absolute	pitch-absolute	pitch-recognition		pitch recognition	What is the pitch name of the {target_index} {voice} note in the provided excerpt?	"[""target_index"", ""voice""]"	get_nth_note	symbolic.musicxml	pitch	"{""target_index"": ""41st"", ""voice"": ""alto""}"	What is the pitch name of the 41st alto note in the provided excerpt?	Crueger_AufAufMeinHerzMitFreuden	chorale-bricks	Crueger_AufAufMeinHerzMitFreuden	data/chorale-bricks/Crueger_AufAufMeinHerzMitFreuden	B flat	"[""A"", ""B"", ""C"", ""C sharp"", ""D"", ""E"", ""F"", ""F sharp"", ""G"", ""G sharp""]"	"[""D"", ""C sharp"", ""E"", ""F"", ""F sharp"", ""G sharp"", ""C"", ""B"", ""G"", ""A""]"	visual	visual.short.png	data/chorale-bricks/Crueger_AufAufMeinHerzMitFreuden/visual.short.png	B flat	"[""B flat"", ""none of the other options is correct"", ""D"", ""C sharp"", ""E""]"	0.2	0	"[""A"", ""B"", ""C"", ""D"", ""E""]"	"{""A"": ""B flat"", ""B"": ""none of the other options is correct"", ""C"": ""C sharp"", ""D"": ""D"", ""E"": ""E""}"	"[""(A) B flat"", ""(B) none of the other options is correct"", ""(C) C sharp"", ""(D) D"", ""(E) E""]"	(A) B flat	A
1116c9cc-027b-5da1-99c3-732e3311c0f0	1	perception	pitch	absolute	pitch-absolute	pitch-recognition		pitch recognition	What is the pitch name of the {target_index} {voice} note in the provided excerpt?	"[""target_index"", ""voice""]"	get_nth_note	symbolic.musicxml	pitch	"{""target_index"": ""9th"", ""voice"": ""soprano""}"	What is the pitch name of the 9th soprano note in the provided excerpt?	Telemann_DerLiebenSonneLichtUndPracht	chorale-bricks	Telemann_DerLiebenSonneLichtUndPracht	data/chorale-bricks/Telemann_DerLiebenSonneLichtUndPracht	D	"[""A"", ""B"", ""C"", ""C sharp"", ""D sharp"", ""E"", ""F sharp"", ""G""]"	"[""G"", ""E"", ""F sharp"", ""D sharp"", ""C sharp"", ""A"", ""B"", ""C""]"	audio	audio.mastermix.wav	data/chorale-bricks/Telemann_DerLiebenSonneLichtUndPracht/audio.mastermix.wav	D	"[""D"", ""none of the other options is correct"", ""G"", ""E"", ""F sharp""]"	0.2	0	"[""A"", ""B"", ""C"", ""D"", ""E""]"	"{""A"": ""E"", ""B"": ""G"", ""C"": ""D"", ""D"": ""F sharp"", ""E"": ""none of the other options is correct""}"	"[""(A) E"", ""(B) G"", ""(C) D"", ""(D) F sharp"", ""(E) none of the other options is correct""]"	(C) D	C
f42100da-7375-52c5-8695-bc9441851c11	1	perception	pitch	absolute	pitch-absolute	pitch-recognition		pitch recognition	What is the pitch name of the {target_index} {voice} note in the provided excerpt?	"[""target_index"", ""voice""]"	get_nth_note	symbolic.musicxml	pitch	"{""target_index"": ""9th"", ""voice"": ""soprano""}"	What is the pitch name of the 9th soprano note in the provided excerpt?	Telemann_DerLiebenSonneLichtUndPracht	chorale-bricks	Telemann_DerLiebenSonneLichtUndPracht	data/chorale-bricks/Telemann_DerLiebenSonneLichtUndPracht	D	"[""A"", ""B"", ""C"", ""C sharp"", ""D sharp"", ""E"", ""F sharp"", ""G""]"	"[""G"", ""E"", ""F sharp"", ""D sharp"", ""C sharp"", ""A"", ""B"", ""C""]"	symbolic	symbolic.abc.txt	data/chorale-bricks/Telemann_DerLiebenSonneLichtUndPracht/symbolic.abc.txt	D	"[""D"", ""none of the other options is correct"", ""G"", ""E"", ""F sharp""]"	0.2	0	"[""A"", ""B"", ""C"", ""D"", ""E""]"	"{""A"": ""E"", ""B"": ""F sharp"", ""C"": ""D"", ""D"": ""none of the other options is correct"", ""E"": ""G""}"	"[""(A) E"", ""(B) F sharp"", ""(C) D"", ""(D) none of the other options is correct"", ""(E) G""]"	(C) D	C
9c63ecf4-2265-5aec-be72-727d43839e72	1	perception	pitch	absolute	pitch-absolute	pitch-recognition		pitch recognition	What is the pitch name of the {target_index} {voice} note in the provided excerpt?	"[""target_index"", ""voice""]"	get_nth_note	symbolic.musicxml	pitch	"{""target_index"": ""9th"", ""voice"": ""soprano""}"	What is the pitch name of the 9th soprano note in the provided excerpt?	Telemann_DerLiebenSonneLichtUndPracht	chorale-bricks	Telemann_DerLiebenSonneLichtUndPracht	data/chorale-bricks/Telemann_DerLiebenSonneLichtUndPracht	D	"[""A"", ""B"", ""C"", ""C sharp"", ""D sharp"", ""E"", ""F sharp"", ""G""]"	"[""G"", ""E"", ""F sharp"", ""D sharp"", ""C sharp"", ""A"", ""B"", ""C""]"	visual	visual.short.png	data/chorale-bricks/Telemann_DerLiebenSonneLichtUndPracht/visual.short.png	D	"[""D"", ""none of the other options is correct"", ""G"", ""E"", ""F sharp""]"	0.2	0	"[""A"", ""B"", ""C"", ""D"", ""E""]"	"{""A"": ""D"", ""B"": ""E"", ""C"": ""G"", ""D"": ""none of the other options is correct"", ""E"": ""F sharp""}"	"[""(A) D"", ""(B) E"", ""(C) G"", ""(D) none of the other options is correct"", ""(E) F sharp""]"	(A) D	A
3e420c8a-3d5b-5ecc-b855-769eb1deb292	1	perception	pitch	absolute	pitch-absolute	pitch-recognition		pitch recognition	What is the pitch name of the {target_index} {voice} note in the provided excerpt?	"[""target_index"", ""voice""]"	get_nth_note	symbolic.musicxml	pitch	"{""target_index"": ""20th"", ""voice"": ""alto""}"	What is the pitch name of the 20th alto note in the provided excerpt?	Vulpius_ChristusDerIstMeinLeben	chorale-bricks	Vulpius_ChristusDerIstMeinLeben	data/chorale-bricks/Vulpius_ChristusDerIstMeinLeben	F sharp	"[""A"", ""B"", ""C sharp"", ""D"", ""E"", ""G"", ""G sharp""]"	"[""C sharp"", ""G"", ""G sharp"", ""D"", ""E"", ""A"", ""B""]"	audio	audio.mastermix.wav	data/chorale-bricks/Vulpius_ChristusDerIstMeinLeben/audio.mastermix.wav	F sharp	"[""F sharp"", ""none of the other options is correct"", ""C sharp"", ""G"", ""G sharp""]"	0.2	0	"[""A"", ""B"", ""C"", ""D"", ""E""]"	"{""A"": ""C sharp"", ""B"": ""G"", ""C"": ""G sharp"", ""D"": ""F sharp"", ""E"": ""none of the other options is correct""}"	"[""(A) C sharp"", ""(B) G"", ""(C) G sharp"", ""(D) F sharp"", ""(E) none of the other options is correct""]"	(D) F sharp	D
a75246c7-05c6-5953-a5ae-007b7e1b1044	1	perception	pitch	absolute	pitch-absolute	pitch-recognition		pitch recognition	What is the pitch name of the {target_index} {voice} note in the provided excerpt?	"[""target_index"", ""voice""]"	get_nth_note	symbolic.musicxml	pitch	"{""target_index"": ""20th"", ""voice"": ""alto""}"	What is the pitch name of the 20th alto note in the provided excerpt?	Vulpius_ChristusDerIstMeinLeben	chorale-bricks	Vulpius_ChristusDerIstMeinLeben	data/chorale-bricks/Vulpius_ChristusDerIstMeinLeben	F sharp	"[""A"", ""B"", ""C sharp"", ""D"", ""E"", ""G"", ""G sharp""]"	"[""C sharp"", ""G"", ""G sharp"", ""D"", ""E"", ""A"", ""B""]"	symbolic	symbolic.abc.txt	data/chorale-bricks/Vulpius_ChristusDerIstMeinLeben/symbolic.abc.txt	F sharp	"[""F sharp"", ""none of the other options is correct"", ""C sharp"", ""G"", ""G sharp""]"	0.2	0	"[""A"", ""B"", ""C"", ""D"", ""E""]"	"{""A"": ""G"", ""B"": ""C sharp"", ""C"": ""F sharp"", ""D"": ""none of the other options is correct"", ""E"": ""G sharp""}"	"[""(A) G"", ""(B) C sharp"", ""(C) F sharp"", ""(D) none of the other options is correct"", ""(E) G sharp""]"	(C) F sharp	C
fd4a3489-c55b-58fc-bb1b-391698ae8dd0	1	perception	pitch	absolute	pitch-absolute	pitch-recognition		pitch recognition	What is the pitch name of the {target_index} {voice} note in the provided excerpt?	"[""target_index"", ""voice""]"	get_nth_note	symbolic.musicxml	pitch	"{""target_index"": ""20th"", ""voice"": ""alto""}"	What is the pitch name of the 20th alto note in the provided excerpt?	Vulpius_ChristusDerIstMeinLeben	chorale-bricks	Vulpius_ChristusDerIstMeinLeben	data/chorale-bricks/Vulpius_ChristusDerIstMeinLeben	F sharp	"[""A"", ""B"", ""C sharp"", ""D"", ""E"", ""G"", ""G sharp""]"	"[""C sharp"", ""G"", ""G sharp"", ""D"", ""E"", ""A"", ""B""]"	visual	visual.short.png	data/chorale-bricks/Vulpius_ChristusDerIstMeinLeben/visual.short.png	F sharp	"[""F sharp"", ""none of the other options is correct"", ""C sharp"", ""G"", ""G sharp""]"	0.2	0	"[""A"", ""B"", ""C"", ""D"", ""E""]"	"{""A"": ""none of the other options is correct"", ""B"": ""C sharp"", ""C"": ""G sharp"", ""D"": ""F sharp"", ""E"": ""G""}"	"[""(A) none of the other options is correct"", ""(B) C sharp"", ""(C) G sharp"", ""(D) F sharp"", ""(E) G""]"	(D) F sharp	D
7698f860-55f6-5e7c-8b6a-7064ebe0502c	1	perception	pitch	absolute	pitch-absolute	pitch-recognition		pitch recognition	What is the pitch name of the {target_index} {voice} note in the provided excerpt?	"[""target_index"", ""voice""]"	get_nth_note	symbolic.musicxml	pitch	"{""target_index"": ""4th"", ""voice"": ""bass""}"	What is the pitch name of the 4th bass note in the provided excerpt?	Vulpius_DieHelleSonnLeuchtJetztHerfuer	chorale-bricks	Vulpius_DieHelleSonnLeuchtJetztHerfuer	data/chorale-bricks/Vulpius_DieHelleSonnLeuchtJetztHerfuer	A	"[""A sharp"", ""B"", ""C sharp"", ""D"", ""E"", ""F sharp"", ""G"", ""G sharp""]"	"[""E"", ""D"", ""A sharp"", ""B"", ""G sharp"", ""F sharp"", ""C sharp"", ""G""]"	audio	audio.mastermix.wav	data/chorale-bricks/Vulpius_DieHelleSonnLeuchtJetztHerfuer/audio.mastermix.wav	A	"[""A"", ""none of the other options is correct"", ""E"", ""D"", ""A sharp""]"	0.2	0	"[""A"", ""B"", ""C"", ""D"", ""E""]"	"{""A"": ""none of the other options is correct"", ""B"": ""E"", ""C"": ""A sharp"", ""D"": ""D"", ""E"": ""A""}"	"[""(A) none of the other options is correct"", ""(B) E"", ""(C) A sharp"", ""(D) D"", ""(E) A""]"	(E) A	E
498407c7-1603-5870-b7ed-6416a66046d8	1	perception	pitch	absolute	pitch-absolute	pitch-recognition		pitch recognition	What is the pitch name of the {target_index} {voice} note in the provided excerpt?	"[""target_index"", ""voice""]"	get_nth_note	symbolic.musicxml	pitch	"{""target_index"": ""4th"", ""voice"": ""bass""}"	What is the pitch name of the 4th bass note in the provided excerpt?	Vulpius_DieHelleSonnLeuchtJetztHerfuer	chorale-bricks	Vulpius_DieHelleSonnLeuchtJetztHerfuer	data/chorale-bricks/Vulpius_DieHelleSonnLeuchtJetztHerfuer	A	"[""A sharp"", ""B"", ""C sharp"", ""D"", ""E"", ""F sharp"", ""G"", ""G sharp""]"	"[""E"", ""D"", ""A sharp"", ""B"", ""G sharp"", ""F sharp"", ""C sharp"", ""G""]"	symbolic	symbolic.abc.txt	data/chorale-bricks/Vulpius_DieHelleSonnLeuchtJetztHerfuer/symbolic.abc.txt	none of the other options is correct	"[""none of the other options is correct"", ""E"", ""D"", ""A sharp"", ""B""]"	0.2	1	"[""A"", ""B"", ""C"", ""D"", ""E""]"	"{""A"": ""D"", ""B"": ""B"", ""C"": ""E"", ""D"": ""A sharp"", ""E"": ""none of the other options is correct""}"	"[""(A) D"", ""(B) B"", ""(C) E"", ""(D) A sharp"", ""(E) none of the other options is correct""]"	(E) none of the other options is correct	E
f09ab021-9806-5996-a44d-e45f07840572	1	perception	pitch	absolute	pitch-absolute	pitch-recognition		pitch recognition	What is the pitch name of the {target_index} {voice} note in the provided excerpt?	"[""target_index"", ""voice""]"	get_nth_note	symbolic.musicxml	pitch	"{""target_index"": ""4th"", ""voice"": ""bass""}"	What is the pitch name of the 4th bass note in the provided excerpt?	Vulpius_DieHelleSonnLeuchtJetztHerfuer	chorale-bricks	Vulpius_DieHelleSonnLeuchtJetztHerfuer	data/chorale-bricks/Vulpius_DieHelleSonnLeuchtJetztHerfuer	A	"[""A sharp"", ""B"", ""C sharp"", ""D"", ""E"", ""F sharp"", ""G"", ""G sharp""]"	"[""E"", ""D"", ""A sharp"", ""B"", ""G sharp"", ""F sharp"", ""C sharp"", ""G""]"	visual	visual.short.png	data/chorale-bricks/Vulpius_DieHelleSonnLeuchtJetztHerfuer/visual.short.png	A	"[""A"", ""none of the other options is correct"", ""E"", ""D"", ""A sharp""]"	0.2	0	"[""A"", ""B"", ""C"", ""D"", ""E""]"	"{""A"": ""A"", ""B"": ""D"", ""C"": ""A sharp"", ""D"": ""none of the other options is correct"", ""E"": ""E""}"	"[""(A) A"", ""(B) D"", ""(C) A sharp"", ""(D) none of the other options is correct"", ""(E) E""]"	(A) A	A
1fe48d07-d377-53d4-be50-7b53d71d3975	1	perception	pitch	absolute	pitch-absolute	pitch-recognition		pitch recognition	What is the pitch name of the {target_index} {voice} note in the provided excerpt?	"[""target_index"", ""voice""]"	get_nth_note	symbolic.musicxml	pitch	"{""target_index"": ""24th"", ""voice"": ""soprano""}"	What is the pitch name of the 24th soprano note in the provided excerpt?	Gesius_DuFriedensfuerstHerrJesuChrist	chorale-bricks	Gesius_DuFriedensfuerstHerrJesuChrist	data/chorale-bricks/Gesius_DuFriedensfuerstHerrJesuChrist	B flat	"[""A"", ""B"", ""C"", ""D"", ""E"", ""F"", ""G""]"	"[""A"", ""F"", ""B"", ""D"", ""E"", ""C"", ""G""]"	audio	audio.mastermix.wav	data/chorale-bricks/Gesius_DuFriedensfuerstHerrJesuChrist/audio.mastermix.wav	none of the other options is correct	"[""none of the other options is correct"", ""A"", ""F"", ""B"", ""D""]"	0.2	1	"[""A"", ""B"", ""C"", ""D"", ""E""]"	"{""A"": ""none of the other options is correct"", ""B"": ""F"", ""C"": ""A"", ""D"": ""D"", ""E"": ""B""}"	"[""(A) none of the other options is correct"", ""(B) F"", ""(C) A"", ""(D) D"", ""(E) B""]"	(A) none of the other options is correct	A
a9c9eb9a-2ebf-5161-8633-f2a2512388b7	1	perception	pitch	absolute	pitch-absolute	pitch-recognition		pitch recognition	What is the pitch name of the {target_index} {voice} note in the provided excerpt?	"[""target_index"", ""voice""]"	get_nth_note	symbolic.musicxml	pitch	"{""target_index"": ""24th"", ""voice"": ""soprano""}"	What is the pitch name of the 24th soprano note in the provided excerpt?	Gesius_DuFriedensfuerstHerrJesuChrist	chorale-bricks	Gesius_DuFriedensfuerstHerrJesuChrist	data/chorale-bricks/Gesius_DuFriedensfuerstHerrJesuChrist	B flat	"[""A"", ""B"", ""C"", ""D"", ""E"", ""F"", ""G""]"	"[""A"", ""F"", ""B"", ""D"", ""E"", ""C"", ""G""]"	symbolic	symbolic.abc.txt	data/chorale-bricks/Gesius_DuFriedensfuerstHerrJesuChrist/symbolic.abc.txt	B flat	"[""B flat"", ""none of the other options is correct"", ""A"", ""F"", ""B""]"	0.2	0	"[""A"", ""B"", ""C"", ""D"", ""E""]"	"{""A"": ""F"", ""B"": ""none of the other options is correct"", ""C"": ""B flat"", ""D"": ""B"", ""E"": ""A""}"	"[""(A) F"", ""(B) none of the other options is correct"", ""(C) B flat"", ""(D) B"", ""(E) A""]"	(C) B flat	C
35b67c4f-b693-5936-acaf-3c0656ae588c	1	perception	pitch	absolute	pitch-absolute	pitch-recognition		pitch recognition	What is the pitch name of the {target_index} {voice} note in the provided excerpt?	"[""target_index"", ""voice""]"	get_nth_note	symbolic.musicxml	pitch	"{""target_index"": ""24th"", ""voice"": ""soprano""}"	What is the pitch name of the 24th soprano note in the provided excerpt?	Gesius_DuFriedensfuerstHerrJesuChrist	chorale-bricks	Gesius_DuFriedensfuerstHerrJesuChrist	data/chorale-bricks/Gesius_DuFriedensfuerstHerrJesuChrist	B flat	"[""A"", ""B"", ""C"", ""D"", ""E"", ""F"", ""G""]"	"[""A"", ""F"", ""B"", ""D"", ""E"", ""C"", ""G""]"	visual	visual.short.png	data/chorale-bricks/Gesius_DuFriedensfuerstHerrJesuChrist/visual.short.png	none of the other options is correct	"[""none of the other options is correct"", ""A"", ""F"", ""B"", ""D""]"	0.2	1	"[""A"", ""B"", ""C"", ""D"", ""E""]"	"{""A"": ""B"", ""B"": ""A"", ""C"": ""none of the other options is correct"", ""D"": ""D"", ""E"": ""F""}"	"[""(A) B"", ""(B) A"", ""(C) none of the other options is correct"", ""(D) D"", ""(E) F""]"	(C) none of the other options is correct	C
76ad8a19-dfa7-5d56-b955-f5a5be13931d	2	perception	pitch	absolute	pitch-absolute	pitch-recognition		pitch statistics	How many times is the note {pitch} present in the {voice} line?	"[""voice"", ""pitch""]"	get_note_quantity		pitch	"{""voice"": ""soprano"", ""pitch"": ""B""}"	How many times is the note B present in the soprano line?	Vulpius_ChristusDerIstMeinLeben	chorale-bricks	Vulpius_ChristusDerIstMeinLeben	data/chorale-bricks/Vulpius_ChristusDerIstMeinLeben	4	"[""1"", ""2"", ""3"", ""5"", ""6"", ""7"", ""8"", ""10"", ""11"", ""14""]"	"[""8"", ""11"", ""2"", ""14"", ""6"", ""1"", ""5"", ""7"", ""10"", ""3""]"	audio	audio.mastermix.wav	data/chorale-bricks/Vulpius_ChristusDerIstMeinLeben/audio.mastermix.wav	none of the other options is correct	"[""none of the other options is correct"", ""8"", ""11"", ""2"", ""14""]"	0.2	1	"[""A"", ""B"", ""C"", ""D"", ""E""]"	"{""A"": ""2"", ""B"": ""8"", ""C"": ""none of the other options is correct"", ""D"": ""11"", ""E"": ""14""}"	"[""(A) 2"", ""(B) 8"", ""(C) none of the other options is correct"", ""(D) 11"", ""(E) 14""]"	(C) none of the other options is correct	C
c5ac140c-14c5-5a50-8955-5f69728a4181	2	perception	pitch	absolute	pitch-absolute	pitch-recognition		pitch statistics	How many times is the note {pitch} present in the {voice} line?	"[""voice"", ""pitch""]"	get_note_quantity		pitch	"{""voice"": ""soprano"", ""pitch"": ""B""}"	How many times is the note B present in the soprano line?	Vulpius_ChristusDerIstMeinLeben	chorale-bricks	Vulpius_ChristusDerIstMeinLeben	data/chorale-bricks/Vulpius_ChristusDerIstMeinLeben	4	"[""1"", ""2"", ""3"", ""5"", ""6"", ""7"", ""8"", ""10"", ""11"", ""14""]"	"[""8"", ""11"", ""2"", ""14"", ""6"", ""1"", ""5"", ""7"", ""10"", ""3""]"	symbolic	symbolic.abc.txt	data/chorale-bricks/Vulpius_ChristusDerIstMeinLeben/symbolic.abc.txt	none of the other options is correct	"[""none of the other options is correct"", ""8"", ""11"", ""2"", ""14""]"	0.2	1	"[""A"", ""B"", ""C"", ""D"", ""E""]"	"{""A"": ""14"", ""B"": ""none of the other options is correct"", ""C"": ""8"", ""D"": ""11"", ""E"": ""2""}"	"[""(A) 14"", ""(B) none of the other options is correct"", ""(C) 8"", ""(D) 11"", ""(E) 2""]"	(B) none of the other options is correct	B
5cf53a92-d175-5ffc-9285-eb7dcb158682	2	perception	pitch	absolute	pitch-absolute	pitch-recognition		pitch statistics	How many times is the note {pitch} present in the {voice} line?	"[""voice"", ""pitch""]"	get_note_quantity		pitch	"{""voice"": ""soprano"", ""pitch"": ""B""}"	How many times is the note B present in the soprano line?	Vulpius_ChristusDerIstMeinLeben	chorale-bricks	Vulpius_ChristusDerIstMeinLeben	data/chorale-bricks/Vulpius_ChristusDerIstMeinLeben	4	"[""1"", ""2"", ""3"", ""5"", ""6"", ""7"", ""8"", ""10"", ""11"", ""14""]"	"[""8"", ""11"", ""2"", ""14"", ""6"", ""1"", ""5"", ""7"", ""10"", ""3""]"	visual	visual.short.png	data/chorale-bricks/Vulpius_ChristusDerIstMeinLeben/visual.short.png	none of the other options is correct	"[""none of the other options is correct"", ""8"", ""11"", ""2"", ""14""]"	0.2	1	"[""A"", ""B"", ""C"", ""D"", ""E""]"	"{""A"": ""11"", ""B"": ""14"", ""C"": ""2"", ""D"": ""none of the other options is correct"", ""E"": ""8""}"	"[""(A) 11"", ""(B) 14"", ""(C) 2"", ""(D) none of the other options is correct"", ""(E) 8""]"	(D) none of the other options is correct	D
e1ef082d-4630-51f5-8704-e5b9c12536c8	2	perception	pitch	absolute	pitch-absolute	pitch-recognition		pitch statistics	How many times is the note {pitch} present in the {voice} line?	"[""voice"", ""pitch""]"	get_note_quantity		pitch	"{""voice"": ""tenor"", ""pitch"": ""B double flat""}"	How many times is the note B double flat present in the tenor line?	Jan_DuGrosserSchmerzensmann	chorale-bricks	Jan_DuGrosserSchmerzensmann	data/chorale-bricks/Jan_DuGrosserSchmerzensmann	0	"[""1"", ""2"", ""3"", ""5"", ""6"", ""7"", ""8"", ""9"", ""12"", ""13"", ""14"", ""19""]"	"[""12"", ""3"", ""8"", ""19"", ""1"", ""5"", ""9"", ""6"", ""14"", ""2"", ""7"", ""13""]"	audio	audio.mastermix.wav	data/chorale-bricks/Jan_DuGrosserSchmerzensmann/audio.mastermix.wav	0	"[""0"", ""none of the other options is correct"", ""12"", ""3"", ""8""]"	0.2	0	"[""A"", ""B"", ""C"", ""D"", ""E""]"	"{""A"": ""none of the other options is correct"", ""B"": ""0"", ""C"": ""8"", ""D"": ""3"", ""E"": ""12""}"	"[""(A) none of the other options is correct"", ""(B) 0"", ""(C) 8"", ""(D) 3"", ""(E) 12""]"	(B) 0	B
14ed03e4-db1e-5d78-bf93-b550afceb4e4	2	perception	pitch	absolute	pitch-absolute	pitch-recognition		pitch statistics	How many times is the note {pitch} present in the {voice} line?	"[""voice"", ""pitch""]"	get_note_quantity		pitch	"{""voice"": ""tenor"", ""pitch"": ""B double flat""}"	How many times is the note B double flat present in the tenor line?	Jan_DuGrosserSchmerzensmann	chorale-bricks	Jan_DuGrosserSchmerzensmann	data/chorale-bricks/Jan_DuGrosserSchmerzensmann	0	"[""1"", ""2"", ""3"", ""5"", ""6"", ""7"", ""8"", ""9"", ""12"", ""13"", ""14"", ""19""]"	"[""12"", ""3"", ""8"", ""19"", ""1"", ""5"", ""9"", ""6"", ""14"", ""2"", ""7"", ""13""]"	symbolic	symbolic.abc.txt	data/chorale-bricks/Jan_DuGrosserSchmerzensmann/symbolic.abc.txt	0	"[""0"", ""none of the other options is correct"", ""12"", ""3"", ""8""]"	0.2	0	"[""A"", ""B"", ""C"", ""D"", ""E""]"	"{""A"": ""none of the other options is correct"", ""B"": ""3"", ""C"": ""0"", ""D"": ""12"", ""E"": ""8""}"	"[""(A) none of the other options is correct"", ""(B) 3"", ""(C) 0"", ""(D) 12"", ""(E) 8""]"	(C) 0	C
c61ce8ac-8639-5c0f-b85a-22548c458af4	2	perception	pitch	absolute	pitch-absolute	pitch-recognition		pitch statistics	How many times is the note {pitch} present in the {voice} line?	"[""voice"", ""pitch""]"	get_note_quantity		pitch	"{""voice"": ""tenor"", ""pitch"": ""B double flat""}"	How many times is the note B double flat present in the tenor line?	Jan_DuGrosserSchmerzensmann	chorale-bricks	Jan_DuGrosserSchmerzensmann	data/chorale-bricks/Jan_DuGrosserSchmerzensmann	0	"[""1"", ""2"", ""3"", ""5"", ""6"", ""7"", ""8"", ""9"", ""12"", ""13"", ""14"", ""19""]"	"[""12"", ""3"", ""8"", ""19"", ""1"", ""5"", ""9"", ""6"", ""14"", ""2"", ""7"", ""13""]"	visual	visual.short.png	data/chorale-bricks/Jan_DuGrosserSchmerzensmann/visual.short.png	none of the other options is correct	"[""none of the other options is correct"", ""12"", ""3"", ""8"", ""19""]"	0.2	1	"[""A"", ""B"", ""C"", ""D"", ""E""]"	"{""A"": ""8"", ""B"": ""19"", ""C"": ""12"", ""D"": ""none of the other options is correct"", ""E"": ""3""}"	"[""(A) 8"", ""(B) 19"", ""(C) 12"", ""(D) none of the other options is correct"", ""(E) 3""]"	(D) none of the other options is correct	D
e678aa0a-d96f-5b2e-9c0a-36dd5b364231	2	perception	pitch	absolute	pitch-absolute	pitch-recognition		pitch statistics	How many times is the note {pitch} present in the {voice} line?	"[""voice"", ""pitch""]"	get_note_quantity		pitch	"{""voice"": ""bass"", ""pitch"": ""G""}"	How many times is the note G present in the bass line?	Telemann_DerLiebenSonneLichtUndPracht	chorale-bricks	Telemann_DerLiebenSonneLichtUndPracht	data/chorale-bricks/Telemann_DerLiebenSonneLichtUndPracht	14	"[""2"", ""3"", ""4"", ""5"", ""6"", ""7"", ""8"", ""9"", ""10"", ""11"", ""12"", ""13"", ""19"", ""21""]"	"[""5"", ""12"", ""10"", ""7"", ""9"", ""13"", ""11"", ""21"", ""6"", ""4"", ""19"", ""8"", ""3"", ""2""]"	audio	audio.mastermix.wav	data/chorale-bricks/Telemann_DerLiebenSonneLichtUndPracht/audio.mastermix.wav	14	"[""14"", ""none of the other options is correct"", ""5"", ""12"", ""10""]"	0.2	0	"[""A"", ""B"", ""C"", ""D"", ""E""]"	"{""A"": ""12"", ""B"": ""none of the other options is correct"", ""C"": ""10"", ""D"": ""5"", ""E"": ""14""}"	"[""(A) 12"", ""(B) none of the other options is correct"", ""(C) 10"", ""(D) 5"", ""(E) 14""]"	(E) 14	E
a2d316e8-c5b8-522e-b105-8d7bf3c72b8b	2	perception	pitch	absolute	pitch-absolute	pitch-recognition		pitch statistics	How many times is the note {pitch} present in the {voice} line?	"[""voice"", ""pitch""]"	get_note_quantity		pitch	"{""voice"": ""bass"", ""pitch"": ""G""}"	How many times is the note G present in the bass line?	Telemann_DerLiebenSonneLichtUndPracht	chorale-bricks	Telemann_DerLiebenSonneLichtUndPracht	data/chorale-bricks/Telemann_DerLiebenSonneLichtUndPracht	14	"[""2"", ""3"", ""4"", ""5"", ""6"", ""7"", ""8"", ""9"", ""10"", ""11"", ""12"", ""13"", ""19"", ""21""]"	"[""5"", ""12"", ""10"", ""7"", ""9"", ""13"", ""11"", ""21"", ""6"", ""4"", ""19"", ""8"", ""3"", ""2""]"	symbolic	symbolic.abc.txt	data/chorale-bricks/Telemann_DerLiebenSonneLichtUndPracht/symbolic.abc.txt	14	"[""14"", ""none of the other options is correct"", ""5"", ""12"", ""10""]"	0.2	0	"[""A"", ""B"", ""C"", ""D"", ""E""]"	"{""A"": ""14"", ""B"": ""10"", ""C"": ""12"", ""D"": ""none of the other options is correct"", ""E"": ""5""}"	"[""(A) 14"", ""(B) 10"", ""(C) 12"", ""(D) none of the other options is correct"", ""(E) 5""]"	(A) 14	A
10458496-5ddb-560a-ba27-e64136011c7f	2	perception	pitch	absolute	pitch-absolute	pitch-recognition		pitch statistics	How many times is the note {pitch} present in the {voice} line?	"[""voice"", ""pitch""]"	get_note_quantity		pitch	"{""voice"": ""bass"", ""pitch"": ""G""}"	How many times is the note G present in the bass line?	Telemann_DerLiebenSonneLichtUndPracht	chorale-bricks	Telemann_DerLiebenSonneLichtUndPracht	data/chorale-bricks/Telemann_DerLiebenSonneLichtUndPracht	14	"[""2"", ""3"", ""4"", ""5"", ""6"", ""7"", ""8"", ""9"", ""10"", ""11"", ""12"", ""13"", ""19"", ""21""]"	"[""5"", ""12"", ""10"", ""7"", ""9"", ""13"", ""11"", ""21"", ""6"", ""4"", ""19"", ""8"", ""3"", ""2""]"	visual	visual.short.png	data/chorale-bricks/Telemann_DerLiebenSonneLichtUndPracht/visual.short.png	none of the other options is correct	"[""none of the other options is correct"", ""5"", ""12"", ""10"", ""7""]"	0.2	1	"[""A"", ""B"", ""C"", ""D"", ""E""]"	"{""A"": ""12"", ""B"": ""5"", ""C"": ""none of the other options is correct"", ""D"": ""7"", ""E"": ""10""}"	"[""(A) 12"", ""(B) 5"", ""(C) none of the other options is correct"", ""(D) 7"", ""(E) 10""]"	(C) none of the other options is correct	C
5a55a52b-d2c9-5bcd-95e7-b69f4bf47ff4	2	perception	pitch	absolute	pitch-absolute	pitch-recognition		pitch statistics	How many times is the note {pitch} present in the {voice} line?	"[""voice"", ""pitch""]"	get_note_quantity		pitch	"{""voice"": ""bass"", ""pitch"": ""E""}"	How many times is the note E present in the bass line?	Jan_DuGrosserSchmerzensmann	chorale-bricks	Jan_DuGrosserSchmerzensmann	data/chorale-bricks/Jan_DuGrosserSchmerzensmann	12	"[""1"", ""2"", ""3"", ""5"", ""6"", ""7"", ""8"", ""9"", ""13"", ""14"", ""19""]"	"[""19"", ""14"", ""5"", ""7"", ""1"", ""2"", ""6"", ""3"", ""13"", ""8"", ""9""]"	audio	audio.mastermix.wav	data/chorale-bricks/Jan_DuGrosserSchmerzensmann/audio.mastermix.wav	12	"[""12"", ""none of the other options is correct"", ""19"", ""14"", ""5""]"	0.2	0	"[""A"", ""B"", ""C"", ""D"", ""E""]"	"{""A"": ""12"", ""B"": ""5"", ""C"": ""14"", ""D"": ""none of the other options is correct"", ""E"": ""19""}"	"[""(A) 12"", ""(B) 5"", ""(C) 14"", ""(D) none of the other options is correct"", ""(E) 19""]"	(A) 12	A
8c556e4b-56b3-5d7b-8e7f-9835c04648e8	2	perception	pitch	absolute	pitch-absolute	pitch-recognition		pitch statistics	How many times is the note {pitch} present in the {voice} line?	"[""voice"", ""pitch""]"	get_note_quantity		pitch	"{""voice"": ""bass"", ""pitch"": ""E""}"	How many times is the note E present in the bass line?	Jan_DuGrosserSchmerzensmann	chorale-bricks	Jan_DuGrosserSchmerzensmann	data/chorale-bricks/Jan_DuGrosserSchmerzensmann	12	"[""1"", ""2"", ""3"", ""5"", ""6"", ""7"", ""8"", ""9"", ""13"", ""14"", ""19""]"	"[""19"", ""14"", ""5"", ""7"", ""1"", ""2"", ""6"", ""3"", ""13"", ""8"", ""9""]"	symbolic	symbolic.abc.txt	data/chorale-bricks/Jan_DuGrosserSchmerzensmann/symbolic.abc.txt	12	"[""12"", ""none of the other options is correct"", ""19"", ""14"", ""5""]"	0.2	0	"[""A"", ""B"", ""C"", ""D"", ""E""]"	"{""A"": ""19"", ""B"": ""none of the other options is correct"", ""C"": ""5"", ""D"": ""12"", ""E"": ""14""}"	"[""(A) 19"", ""(B) none of the other options is correct"", ""(C) 5"", ""(D) 12"", ""(E) 14""]"	(D) 12	D
cf9b98b0-060c-5df3-893a-599284472b33	2	perception	pitch	absolute	pitch-absolute	pitch-recognition		pitch statistics	How many times is the note {pitch} present in the {voice} line?	"[""voice"", ""pitch""]"	get_note_quantity		pitch	"{""voice"": ""bass"", ""pitch"": ""E""}"	How many times is the note E present in the bass line?	Jan_DuGrosserSchmerzensmann	chorale-bricks	Jan_DuGrosserSchmerzensmann	data/chorale-bricks/Jan_DuGrosserSchmerzensmann	12	"[""1"", ""2"", ""3"", ""5"", ""6"", ""7"", ""8"", ""9"", ""13"", ""14"", ""19""]"	"[""19"", ""14"", ""5"", ""7"", ""1"", ""2"", ""6"", ""3"", ""13"", ""8"", ""9""]"	visual	visual.short.png	data/chorale-bricks/Jan_DuGrosserSchmerzensmann/visual.short.png	12	"[""12"", ""none of the other options is correct"", ""19"", ""14"", ""5""]"	0.2	0	"[""A"", ""B"", ""C"", ""D"", ""E""]"	"{""A"": ""19"", ""B"": ""5"", ""C"": ""none of the other options is correct"", ""D"": ""12"", ""E"": ""14""}"	"[""(A) 19"", ""(B) 5"", ""(C) none of the other options is correct"", ""(D) 12"", ""(E) 14""]"	(D) 12	D
d3609719-3907-5582-82c4-a6a568100838	2	perception	pitch	absolute	pitch-absolute	pitch-recognition		pitch statistics	How many times is the note {pitch} present in the {voice} line?	"[""voice"", ""pitch""]"	get_note_quantity		pitch	"{""voice"": ""tenor"", ""pitch"": ""F""}"	How many times is the note F present in the tenor line?	Vulpius_DieHelleSonnLeuchtJetztHerfuer	chorale-bricks	Vulpius_DieHelleSonnLeuchtJetztHerfuer	data/chorale-bricks/Vulpius_DieHelleSonnLeuchtJetztHerfuer	0	"[""1"", ""2"", ""3"", ""4"", ""5"", ""6"", ""8"", ""9""]"	"[""5"", ""2"", ""9"", ""1"", ""6"", ""8"", ""4"", ""3""]"	audio	audio.mastermix.wav	data/chorale-bricks/Vulpius_DieHelleSonnLeuchtJetztHerfuer/audio.mastermix.wav	0	"[""0"", ""none of the other options is correct"", ""5"", ""2"", ""9""]"	0.2	0	"[""A"", ""B"", ""C"", ""D"", ""E""]"	"{""A"": ""none of the other options is correct"", ""B"": ""2"", ""C"": ""0"", ""D"": ""9"", ""E"": ""5""}"	"[""(A) none of the other options is correct"", ""(B) 2"", ""(C) 0"", ""(D) 9"", ""(E) 5""]"	(C) 0	C
2802e01e-32c4-5475-a5f5-65778bbfa354	2	perception	pitch	absolute	pitch-absolute	pitch-recognition		pitch statistics	How many times is the note {pitch} present in the {voice} line?	"[""voice"", ""pitch""]"	get_note_quantity		pitch	"{""voice"": ""tenor"", ""pitch"": ""F""}"	How many times is the note F present in the tenor line?	Vulpius_DieHelleSonnLeuchtJetztHerfuer	chorale-bricks	Vulpius_DieHelleSonnLeuchtJetztHerfuer	data/chorale-bricks/Vulpius_DieHelleSonnLeuchtJetztHerfuer	0	"[""1"", ""2"", ""3"", ""4"", ""5"", ""6"", ""8"", ""9""]"	"[""5"", ""2"", ""9"", ""1"", ""6"", ""8"", ""4"", ""3""]"	symbolic	symbolic.abc.txt	data/chorale-bricks/Vulpius_DieHelleSonnLeuchtJetztHerfuer/symbolic.abc.txt	0	"[""0"", ""none of the other options is correct"", ""5"", ""2"", ""9""]"	0.2	0	"[""A"", ""B"", ""C"", ""D"", ""E""]"	"{""A"": ""9"", ""B"": ""2"", ""C"": ""0"", ""D"": ""5"", ""E"": ""none of the other options is correct""}"	"[""(A) 9"", ""(B) 2"", ""(C) 0"", ""(D) 5"", ""(E) none of the other options is correct""]"	(C) 0	C
709a3b44-46be-54e8-b3f9-6031fbb8e9a2	2	perception	pitch	absolute	pitch-absolute	pitch-recognition		pitch statistics	How many times is the note {pitch} present in the {voice} line?	"[""voice"", ""pitch""]"	get_note_quantity		pitch	"{""voice"": ""tenor"", ""pitch"": ""F""}"	How many times is the note F present in the tenor line?	Vulpius_DieHelleSonnLeuchtJetztHerfuer	chorale-bricks	Vulpius_DieHelleSonnLeuchtJetztHerfuer	data/chorale-bricks/Vulpius_DieHelleSonnLeuchtJetztHerfuer	0	"[""1"", ""2"", ""3"", ""4"", ""5"", ""6"", ""8"", ""9""]"	"[""5"", ""2"", ""9"", ""1"", ""6"", ""8"", ""4"", ""3""]"	visual	visual.short.png	data/chorale-bricks/Vulpius_DieHelleSonnLeuchtJetztHerfuer/visual.short.png	0	"[""0"", ""none of the other options is correct"", ""5"", ""2"", ""9""]"	0.2	0	"[""A"", ""B"", ""C"", ""D"", ""E""]"	"{""A"": ""0"", ""B"": ""2"", ""C"": ""5"", ""D"": ""9"", ""E"": ""none of the other options is correct""}"	"[""(A) 0"", ""(B) 2"", ""(C) 5"", ""(D) 9"", ""(E) none of the other options is correct""]"	(A) 0	A
d5a1ab09-7c66-5b5f-b268-93724ef20f54	2	perception	pitch	absolute	pitch-absolute	pitch-recognition		pitch statistics	How many times is the note {pitch} present in the {voice} line?	"[""voice"", ""pitch""]"	get_note_quantity		pitch	"{""voice"": ""soprano"", ""pitch"": ""D""}"	How many times is the note D present in the soprano line?	Bach_IchStehAnDeinerKrippe	chorale-bricks	Bach_IchStehAnDeinerKrippe	data/chorale-bricks/Bach_IchStehAnDeinerKrippe	9	"[""1"", ""2"", ""3"", ""4"", ""5"", ""6"", ""7"", ""8"", ""11"", ""12"", ""13"", ""14""]"	"[""1"", ""12"", ""5"", ""14"", ""11"", ""13"", ""7"", ""8"", ""3"", ""6"", ""2"", ""4""]"	audio	audio.mastermix.wav	data/chorale-bricks/Bach_IchStehAnDeinerKrippe/audio.mastermix.wav	9	"[""9"", ""none of the other options is correct"", ""1"", ""12"", ""5""]"	0.2	0	"[""A"", ""B"", ""C"", ""D"", ""E""]"	"{""A"": ""5"", ""B"": ""1"", ""C"": ""12"", ""D"": ""none of the other options is correct"", ""E"": ""9""}"	"[""(A) 5"", ""(B) 1"", ""(C) 12"", ""(D) none of the other options is correct"", ""(E) 9""]"	(E) 9	E
8fce14f6-6245-5142-932f-8193b814e542	2	perception	pitch	absolute	pitch-absolute	pitch-recognition		pitch statistics	How many times is the note {pitch} present in the {voice} line?	"[""voice"", ""pitch""]"	get_note_quantity		pitch	"{""voice"": ""soprano"", ""pitch"": ""D""}"	How many times is the note D present in the soprano line?	Bach_IchStehAnDeinerKrippe	chorale-bricks	Bach_IchStehAnDeinerKrippe	data/chorale-bricks/Bach_IchStehAnDeinerKrippe	9	"[""1"", ""2"", ""3"", ""4"", ""5"", ""6"", ""7"", ""8"", ""11"", ""12"", ""13"", ""14""]"	"[""1"", ""12"", ""5"", ""14"", ""11"", ""13"", ""7"", ""8"", ""3"", ""6"", ""2"", ""4""]"	symbolic	symbolic.abc.txt	data/chorale-bricks/Bach_IchStehAnDeinerKrippe/symbolic.abc.txt	9	"[""9"", ""none of the other options is correct"", ""1"", ""12"", ""5""]"	0.2	0	"[""A"", ""B"", ""C"", ""D"", ""E""]"	"{""A"": ""12"", ""B"": ""1"", ""C"": ""9"", ""D"": ""none of the other options is correct"", ""E"": ""5""}"	"[""(A) 12"", ""(B) 1"", ""(C) 9"", ""(D) none of the other options is correct"", ""(E) 5""]"	(C) 9	C
405d779a-7652-501e-b0e9-eb3df20c4db1	2	perception	pitch	absolute	pitch-absolute	pitch-recognition		pitch statistics	How many times is the note {pitch} present in the {voice} line?	"[""voice"", ""pitch""]"	get_note_quantity		pitch	"{""voice"": ""soprano"", ""pitch"": ""D""}"	How many times is the note D present in the soprano line?	Bach_IchStehAnDeinerKrippe	chorale-bricks	Bach_IchStehAnDeinerKrippe	data/chorale-bricks/Bach_IchStehAnDeinerKrippe	9	"[""1"", ""2"", ""3"", ""4"", ""5"", ""6"", ""7"", ""8"", ""11"", ""12"", ""13"", ""14""]"	"[""1"", ""12"", ""5"", ""14"", ""11"", ""13"", ""7"", ""8"", ""3"", ""6"", ""2"", ""4""]"	visual	visual.short.png	data/chorale-bricks/Bach_IchStehAnDeinerKrippe/visual.short.png	9	"[""9"", ""none of the other options is correct"", ""1"", ""12"", ""5""]"	0.2	0	"[""A"", ""B"", ""C"", ""D"", ""E""]"	"{""A"": ""9"", ""B"": ""none of the other options is correct"", ""C"": ""5"", ""D"": ""12"", ""E"": ""1""}"	"[""(A) 9"", ""(B) none of the other options is correct"", ""(C) 5"", ""(D) 12"", ""(E) 1""]"	(A) 9	A
4bcfbef8-d257-58f2-a96a-de55cdef6de1	2	perception	pitch	absolute	pitch-absolute	pitch-recognition		pitch statistics	How many times is the note {pitch} present in the {voice} line?	"[""voice"", ""pitch""]"	get_note_quantity		pitch	"{""voice"": ""bass"", ""pitch"": ""G""}"	How many times is the note G present in the bass line?	Gesius_BefiehlDuDeineWege	chorale-bricks	Gesius_BefiehlDuDeineWege	data/chorale-bricks/Gesius_BefiehlDuDeineWege	4	"[""1"", ""2"", ""3"", ""5"", ""6"", ""7"", ""8"", ""10"", ""11"", ""12"", ""13"", ""16"", ""17""]"	"[""12"", ""1"", ""17"", ""6"", ""8"", ""16"", ""2"", ""13"", ""11"", ""3"", ""5"", ""7"", ""10""]"	audio	audio.mastermix.wav	data/chorale-bricks/Gesius_BefiehlDuDeineWege/audio.mastermix.wav	4	"[""4"", ""none of the other options is correct"", ""12"", ""1"", ""17""]"	0.2	0	"[""A"", ""B"", ""C"", ""D"", ""E""]"	"{""A"": ""1"", ""B"": ""12"", ""C"": ""none of the other options is correct"", ""D"": ""4"", ""E"": ""17""}"	"[""(A) 1"", ""(B) 12"", ""(C) none of the other options is correct"", ""(D) 4"", ""(E) 17""]"	(D) 4	D
cb4cafce-5996-50b5-9ace-84e7890d810d	2	perception	pitch	absolute	pitch-absolute	pitch-recognition		pitch statistics	How many times is the note {pitch} present in the {voice} line?	"[""voice"", ""pitch""]"	get_note_quantity		pitch	"{""voice"": ""bass"", ""pitch"": ""G""}"	How many times is the note G present in the bass line?	Gesius_BefiehlDuDeineWege	chorale-bricks	Gesius_BefiehlDuDeineWege	data/chorale-bricks/Gesius_BefiehlDuDeineWege	4	"[""1"", ""2"", ""3"", ""5"", ""6"", ""7"", ""8"", ""10"", ""11"", ""12"", ""13"", ""16"", ""17""]"	"[""12"", ""1"", ""17"", ""6"", ""8"", ""16"", ""2"", ""13"", ""11"", ""3"", ""5"", ""7"", ""10""]"	symbolic	symbolic.abc.txt	data/chorale-bricks/Gesius_BefiehlDuDeineWege/symbolic.abc.txt	4	"[""4"", ""none of the other options is correct"", ""12"", ""1"", ""17""]"	0.2	0	"[""A"", ""B"", ""C"", ""D"", ""E""]"	"{""A"": ""12"", ""B"": ""1"", ""C"": ""17"", ""D"": ""none of the other options is correct"", ""E"": ""4""}"	"[""(A) 12"", ""(B) 1"", ""(C) 17"", ""(D) none of the other options is correct"", ""(E) 4""]"	(E) 4	E
1ffd994f-965e-5479-a2a5-69fbd73c6735	2	perception	pitch	absolute	pitch-absolute	pitch-recognition		pitch statistics	How many times is the note {pitch} present in the {voice} line?	"[""voice"", ""pitch""]"	get_note_quantity		pitch	"{""voice"": ""bass"", ""pitch"": ""G""}"	How many times is the note G present in the bass line?	Gesius_BefiehlDuDeineWege	chorale-bricks	Gesius_BefiehlDuDeineWege	data/chorale-bricks/Gesius_BefiehlDuDeineWege	4	"[""1"", ""2"", ""3"", ""5"", ""6"", ""7"", ""8"", ""10"", ""11"", ""12"", ""13"", ""16"", ""17""]"	"[""12"", ""1"", ""17"", ""6"", ""8"", ""16"", ""2"", ""13"", ""11"", ""3"", ""5"", ""7"", ""10""]"	visual	visual.short.png	data/chorale-bricks/Gesius_BefiehlDuDeineWege/visual.short.png	4	"[""4"", ""none of the other options is correct"", ""12"", ""1"", ""17""]"	0.2	0	"[""A"", ""B"", ""C"", ""D"", ""E""]"	"{""A"": ""17"", ""B"": ""none of the other options is correct"", ""C"": ""4"", ""D"": ""12"", ""E"": ""1""}"	"[""(A) 17"", ""(B) none of the other options is correct"", ""(C) 4"", ""(D) 12"", ""(E) 1""]"	(C) 4	C
6017a8f4-732b-5a44-b368-1b69ae5946be	2	perception	pitch	absolute	pitch-absolute	pitch-recognition		pitch statistics	How many times is the note {pitch} present in the {voice} line?	"[""voice"", ""pitch""]"	get_note_quantity		pitch	"{""voice"": ""alto"", ""pitch"": ""E""}"	How many times is the note E present in the alto line?	Anonymous_AusMeinesHerzensGrunde	chorale-bricks	Anonymous_AusMeinesHerzensGrunde	data/chorale-bricks/Anonymous_AusMeinesHerzensGrunde	6	"[""1"", ""2"", ""3"", ""5"", ""7"", ""8"", ""9"", ""13"", ""15"", ""16"", ""18"", ""23"", ""25""]"	"[""23"", ""1"", ""7"", ""2"", ""13"", ""18"", ""8"", ""15"", ""16"", ""5"", ""25"", ""9"", ""3""]"	audio	audio.mastermix.wav	data/chorale-bricks/Anonymous_AusMeinesHerzensGrunde/audio.mastermix.wav	6	"[""6"", ""none of the other options is correct"", ""23"", ""1"", ""7""]"	0.2	0	"[""A"", ""B"", ""C"", ""D"", ""E""]"	"{""A"": ""23"", ""B"": ""none of the other options is correct"", ""C"": ""6"", ""D"": ""7"", ""E"": ""1""}"	"[""(A) 23"", ""(B) none of the other options is correct"", ""(C) 6"", ""(D) 7"", ""(E) 1""]"	(C) 6	C
1071ed07-283b-563d-b341-09ab7c297078	2	perception	pitch	absolute	pitch-absolute	pitch-recognition		pitch statistics	How many times is the note {pitch} present in the {voice} line?	"[""voice"", ""pitch""]"	get_note_quantity		pitch	"{""voice"": ""alto"", ""pitch"": ""E""}"	How many times is the note E present in the alto line?	Anonymous_AusMeinesHerzensGrunde	chorale-bricks	Anonymous_AusMeinesHerzensGrunde	data/chorale-bricks/Anonymous_AusMeinesHerzensGrunde	6	"[""1"", ""2"", ""3"", ""5"", ""7"", ""8"", ""9"", ""13"", ""15"", ""16"", ""18"", ""23"", ""25""]"	"[""23"", ""1"", ""7"", ""2"", ""13"", ""18"", ""8"", ""15"", ""16"", ""5"", ""25"", ""9"", ""3""]"	symbolic	symbolic.abc.txt	data/chorale-bricks/Anonymous_AusMeinesHerzensGrunde/symbolic.abc.txt	6	"[""6"", ""none of the other options is correct"", ""23"", ""1"", ""7""]"	0.2	0	"[""A"", ""B"", ""C"", ""D"", ""E""]"	"{""A"": ""none of the other options is correct"", ""B"": ""6"", ""C"": ""23"", ""D"": ""7"", ""E"": ""1""}"	"[""(A) none of the other options is correct"", ""(B) 6"", ""(C) 23"", ""(D) 7"", ""(E) 1""]"	(B) 6	B
b7209fbe-bc3e-5820-8f8d-d99f9fff6f59	2	perception	pitch	absolute	pitch-absolute	pitch-recognition		pitch statistics	How many times is the note {pitch} present in the {voice} line?	"[""voice"", ""pitch""]"	get_note_quantity		pitch	"{""voice"": ""alto"", ""pitch"": ""E""}"	How many times is the note E present in the alto line?	Anonymous_AusMeinesHerzensGrunde	chorale-bricks	Anonymous_AusMeinesHerzensGrunde	data/chorale-bricks/Anonymous_AusMeinesHerzensGrunde	6	"[""1"", ""2"", ""3"", ""5"", ""7"", ""8"", ""9"", ""13"", ""15"", ""16"", ""18"", ""23"", ""25""]"	"[""23"", ""1"", ""7"", ""2"", ""13"", ""18"", ""8"", ""15"", ""16"", ""5"", ""25"", ""9"", ""3""]"	visual	visual.short.png	data/chorale-bricks/Anonymous_AusMeinesHerzensGrunde/visual.short.png	6	"[""6"", ""none of the other options is correct"", ""23"", ""1"", ""7""]"	0.2	0	"[""A"", ""B"", ""C"", ""D"", ""E""]"	"{""A"": ""none of the other options is correct"", ""B"": ""23"", ""C"": ""6"", ""D"": ""7"", ""E"": ""1""}"	"[""(A) none of the other options is correct"", ""(B) 23"", ""(C) 6"", ""(D) 7"", ""(E) 1""]"	(C) 6	C
31a7a611-530e-5c46-8133-4fa56078c1f8	2	perception	pitch	absolute	pitch-absolute	pitch-recognition		pitch statistics	How many times is the note {pitch} present in the {voice} line?	"[""voice"", ""pitch""]"	get_note_quantity		pitch	"{""voice"": ""tenor"", ""pitch"": ""F sharp""}"	How many times is the note F sharp present in the tenor line?	Anonymous_AusMeinesHerzensGrunde	chorale-bricks	Anonymous_AusMeinesHerzensGrunde	data/chorale-bricks/Anonymous_AusMeinesHerzensGrunde	6	"[""1"", ""2"", ""3"", ""5"", ""7"", ""8"", ""9"", ""13"", ""15"", ""16"", ""18"", ""23"", ""25""]"	"[""1"", ""16"", ""8"", ""5"", ""9"", ""18"", ""2"", ""25"", ""23"", ""3"", ""13"", ""15"", ""7""]"	audio	audio.mastermix.wav	data/chorale-bricks/Anonymous_AusMeinesHerzensGrunde/audio.mastermix.wav	6	"[""6"", ""none of the other options is correct"", ""1"", ""16"", ""8""]"	0.2	0	"[""A"", ""B"", ""C"", ""D"", ""E""]"	"{""A"": ""8"", ""B"": ""6"", ""C"": ""none of the other options is correct"", ""D"": ""16"", ""E"": ""1""}"	"[""(A) 8"", ""(B) 6"", ""(C) none of the other options is correct"", ""(D) 16"", ""(E) 1""]"	(B) 6	B
4568da94-48b5-5ac9-bff2-284b03244c09	2	perception	pitch	absolute	pitch-absolute	pitch-recognition		pitch statistics	How many times is the note {pitch} present in the {voice} line?	"[""voice"", ""pitch""]"	get_note_quantity		pitch	"{""voice"": ""tenor"", ""pitch"": ""F sharp""}"	How many times is the note F sharp present in the tenor line?	Anonymous_AusMeinesHerzensGrunde	chorale-bricks	Anonymous_AusMeinesHerzensGrunde	data/chorale-bricks/Anonymous_AusMeinesHerzensGrunde	6	"[""1"", ""2"", ""3"", ""5"", ""7"", ""8"", ""9"", ""13"", ""15"", ""16"", ""18"", ""23"", ""25""]"	"[""1"", ""16"", ""8"", ""5"", ""9"", ""18"", ""2"", ""25"", ""23"", ""3"", ""13"", ""15"", ""7""]"	symbolic	symbolic.abc.txt	data/chorale-bricks/Anonymous_AusMeinesHerzensGrunde/symbolic.abc.txt	6	"[""6"", ""none of the other options is correct"", ""1"", ""16"", ""8""]"	0.2	0	"[""A"", ""B"", ""C"", ""D"", ""E""]"	"{""A"": ""8"", ""B"": ""1"", ""C"": ""16"", ""D"": ""6"", ""E"": ""none of the other options is correct""}"	"[""(A) 8"", ""(B) 1"", ""(C) 16"", ""(D) 6"", ""(E) none of the other options is correct""]"	(D) 6	D
3a5c451f-4ed8-5385-9221-5877a4d989d2	2	perception	pitch	absolute	pitch-absolute	pitch-recognition		pitch statistics	How many times is the note {pitch} present in the {voice} line?	"[""voice"", ""pitch""]"	get_note_quantity		pitch	"{""voice"": ""tenor"", ""pitch"": ""F sharp""}"	How many times is the note F sharp present in the tenor line?	Anonymous_AusMeinesHerzensGrunde	chorale-bricks	Anonymous_AusMeinesHerzensGrunde	data/chorale-bricks/Anonymous_AusMeinesHerzensGrunde	6	"[""1"", ""2"", ""3"", ""5"", ""7"", ""8"", ""9"", ""13"", ""15"", ""16"", ""18"", ""23"", ""25""]"	"[""1"", ""16"", ""8"", ""5"", ""9"", ""18"", ""2"", ""25"", ""23"", ""3"", ""13"", ""15"", ""7""]"	visual	visual.short.png	data/chorale-bricks/Anonymous_AusMeinesHerzensGrunde/visual.short.png	6	"[""6"", ""none of the other options is correct"", ""1"", ""16"", ""8""]"	0.2	0	"[""A"", ""B"", ""C"", ""D"", ""E""]"	"{""A"": ""6"", ""B"": ""none of the other options is correct"", ""C"": ""16"", ""D"": ""8"", ""E"": ""1""}"	"[""(A) 6"", ""(B) none of the other options is correct"", ""(C) 16"", ""(D) 8"", ""(E) 1""]"	(A) 6	A
6a339db5-328b-53a5-af16-b776d7ad46d1	2	perception	pitch	absolute	pitch-absolute	pitch-recognition		pitch statistics	How many times is the note {pitch} present in the {voice} line?	"[""voice"", ""pitch""]"	get_note_quantity		pitch	"{""voice"": ""bass"", ""pitch"": ""D""}"	How many times is the note D present in the bass line?	Vulpius_DieHelleSonnLeuchtJetztHerfuer	chorale-bricks	Vulpius_DieHelleSonnLeuchtJetztHerfuer	data/chorale-bricks/Vulpius_DieHelleSonnLeuchtJetztHerfuer	6	"[""1"", ""2"", ""3"", ""4"", ""5"", ""8"", ""9""]"	"[""4"", ""2"", ""3"", ""8"", ""9"", ""5"", ""1""]"	audio	audio.mastermix.wav	data/chorale-bricks/Vulpius_DieHelleSonnLeuchtJetztHerfuer/audio.mastermix.wav	6	"[""6"", ""none of the other options is correct"", ""4"", ""2"", ""3""]"	0.2	0	"[""A"", ""B"", ""C"", ""D"", ""E""]"	"{""A"": ""none of the other options is correct"", ""B"": ""4"", ""C"": ""6"", ""D"": ""2"", ""E"": ""3""}"	"[""(A) none of the other options is correct"", ""(B) 4"", ""(C) 6"", ""(D) 2"", ""(E) 3""]"	(C) 6	C
4b693768-8bd4-5f29-924c-09380a37e0c1	2	perception	pitch	absolute	pitch-absolute	pitch-recognition		pitch statistics	How many times is the note {pitch} present in the {voice} line?	"[""voice"", ""pitch""]"	get_note_quantity		pitch	"{""voice"": ""bass"", ""pitch"": ""D""}"	How many times is the note D present in the bass line?	Vulpius_DieHelleSonnLeuchtJetztHerfuer	chorale-bricks	Vulpius_DieHelleSonnLeuchtJetztHerfuer	data/chorale-bricks/Vulpius_DieHelleSonnLeuchtJetztHerfuer	6	"[""1"", ""2"", ""3"", ""4"", ""5"", ""8"", ""9""]"	"[""4"", ""2"", ""3"", ""8"", ""9"", ""5"", ""1""]"	symbolic	symbolic.abc.txt	data/chorale-bricks/Vulpius_DieHelleSonnLeuchtJetztHerfuer/symbolic.abc.txt	6	"[""6"", ""none of the other options is correct"", ""4"", ""2"", ""3""]"	0.2	0	"[""A"", ""B"", ""C"", ""D"", ""E""]"	"{""A"": ""6"", ""B"": ""4"", ""C"": ""3"", ""D"": ""none of the other options is correct"", ""E"": ""2""}"	"[""(A) 6"", ""(B) 4"", ""(C) 3"", ""(D) none of the other options is correct"", ""(E) 2""]"	(A) 6	A
b489d877-3785-5020-aa1b-f8629187f4aa	2	perception	pitch	absolute	pitch-absolute	pitch-recognition		pitch statistics	How many times is the note {pitch} present in the {voice} line?	"[""voice"", ""pitch""]"	get_note_quantity		pitch	"{""voice"": ""bass"", ""pitch"": ""D""}"	How many times is the note D present in the bass line?	Vulpius_DieHelleSonnLeuchtJetztHerfuer	chorale-bricks	Vulpius_DieHelleSonnLeuchtJetztHerfuer	data/chorale-bricks/Vulpius_DieHelleSonnLeuchtJetztHerfuer	6	"[""1"", ""2"", ""3"", ""4"", ""5"", ""8"", ""9""]"	"[""4"", ""2"", ""3"", ""8"", ""9"", ""5"", ""1""]"	visual	visual.short.png	data/chorale-bricks/Vulpius_DieHelleSonnLeuchtJetztHerfuer/visual.short.png	6	"[""6"", ""none of the other options is correct"", ""4"", ""2"", ""3""]"	0.2	0	"[""A"", ""B"", ""C"", ""D"", ""E""]"	"{""A"": ""3"", ""B"": ""6"", ""C"": ""none of the other options is correct"", ""D"": ""2"", ""E"": ""4""}"	"[""(A) 3"", ""(B) 6"", ""(C) none of the other options is correct"", ""(D) 2"", ""(E) 4""]"	(B) 6	B
84c63b27-b2c3-5abb-b240-64f6642dd834	3	perception	pitch	relative	pitch-relative	interval-recognition		interval recognition	What is the {target_index} interval in the {voice} line?	"[""target_index"", ""voice""]"	get_nth_interval		interval	"{""target_index"": ""4th"", ""voice"": ""soprano""}"	What is the 4th interval in the soprano line?	Vulpius_DieHelleSonnLeuchtJetztHerfuer	chorale-bricks	Vulpius_DieHelleSonnLeuchtJetztHerfuer	data/chorale-bricks/Vulpius_DieHelleSonnLeuchtJetztHerfuer	Perfect Fourth	"[""Diminished Unison"", ""Major Second"", ""Major Third"", ""Minor Second"", ""Minor Third"", ""Perfect Fifth"", ""Perfect Unison""]"	"[""Minor Second"", ""Perfect Unison"", ""Major Second"", ""Perfect Fifth"", ""Minor Third"", ""Diminished Unison"", ""Major Third""]"	audio	audio.mastermix.wav	data/chorale-bricks/Vulpius_DieHelleSonnLeuchtJetztHerfuer/audio.mastermix.wav	Perfect Fourth	"[""Perfect Fourth"", ""none of the other options is correct"", ""Minor Second"", ""Perfect Unison"", ""Major Second""]"	0.2	0	"[""A"", ""B"", ""C"", ""D"", ""E""]"	"{""A"": ""none of the other options is correct"", ""B"": ""Major Second"", ""C"": ""Perfect Unison"", ""D"": ""Perfect Fourth"", ""E"": ""Minor Second""}"	"[""(A) none of the other options is correct"", ""(B) Major Second"", ""(C) Perfect Unison"", ""(D) Perfect Fourth"", ""(E) Minor Second""]"	(D) Perfect Fourth	D
869c85a2-2527-58f9-9bf9-807292b06fa2	3	perception	pitch	relative	pitch-relative	interval-recognition		interval recognition	What is the {target_index} interval in the {voice} line?	"[""target_index"", ""voice""]"	get_nth_interval		interval	"{""target_index"": ""4th"", ""voice"": ""soprano""}"	What is the 4th interval in the soprano line?	Vulpius_DieHelleSonnLeuchtJetztHerfuer	chorale-bricks	Vulpius_DieHelleSonnLeuchtJetztHerfuer	data/chorale-bricks/Vulpius_DieHelleSonnLeuchtJetztHerfuer	Perfect Fourth	"[""Diminished Unison"", ""Major Second"", ""Major Third"", ""Minor Second"", ""Minor Third"", ""Perfect Fifth"", ""Perfect Unison""]"	"[""Minor Second"", ""Perfect Unison"", ""Major Second"", ""Perfect Fifth"", ""Minor Third"", ""Diminished Unison"", ""Major Third""]"	symbolic	symbolic.abc.txt	data/chorale-bricks/Vulpius_DieHelleSonnLeuchtJetztHerfuer/symbolic.abc.txt	Perfect Fourth	"[""Perfect Fourth"", ""none of the other options is correct"", ""Minor Second"", ""Perfect Unison"", ""Major Second""]"	0.2	0	"[""A"", ""B"", ""C"", ""D"", ""E""]"	"{""A"": ""none of the other options is correct"", ""B"": ""Perfect Unison"", ""C"": ""Minor Second"", ""D"": ""Major Second"", ""E"": ""Perfect Fourth""}"	"[""(A) none of the other options is correct"", ""(B) Perfect Unison"", ""(C) Minor Second"", ""(D) Major Second"", ""(E) Perfect Fourth""]"	(E) Perfect Fourth	E
b7ed95c3-87c3-59fd-a16b-809f7103a340	3	perception	pitch	relative	pitch-relative	interval-recognition		interval recognition	What is the {target_index} interval in the {voice} line?	"[""target_index"", ""voice""]"	get_nth_interval		interval	"{""target_index"": ""4th"", ""voice"": ""soprano""}"	What is the 4th interval in the soprano line?	Vulpius_DieHelleSonnLeuchtJetztHerfuer	chorale-bricks	Vulpius_DieHelleSonnLeuchtJetztHerfuer	data/chorale-bricks/Vulpius_DieHelleSonnLeuchtJetztHerfuer	Perfect Fourth	"[""Diminished Unison"", ""Major Second"", ""Major Third"", ""Minor Second"", ""Minor Third"", ""Perfect Fifth"", ""Perfect Unison""]"	"[""Minor Second"", ""Perfect Unison"", ""Major Second"", ""Perfect Fifth"", ""Minor Third"", ""Diminished Unison"", ""Major Third""]"	visual	visual.short.png	data/chorale-bricks/Vulpius_DieHelleSonnLeuchtJetztHerfuer/visual.short.png	Perfect Fourth	"[""Perfect Fourth"", ""none of the other options is correct"", ""Minor Second"", ""Perfect Unison"", ""Major Second""]"	0.2	0	"[""A"", ""B"", ""C"", ""D"", ""E""]"	"{""A"": ""Perfect Unison"", ""B"": ""Minor Second"", ""C"": ""Perfect Fourth"", ""D"": ""none of the other options is correct"", ""E"": ""Major Second""}"	"[""(A) Perfect Unison"", ""(B) Minor Second"", ""(C) Perfect Fourth"", ""(D) none of the other options is correct"", ""(E) Major Second""]"	(C) Perfect Fourth	C
6544a1f1-2f8a-54ee-9e59-929be362f373	3	perception	pitch	relative	pitch-relative	interval-recognition		interval recognition	What is the {target_index} interval in the {voice} line?	"[""target_index"", ""voice""]"	get_nth_interval		interval	"{""target_index"": ""50th"", ""voice"": ""soprano""}"	What is the 50th interval in the soprano line?	Jan_DuGrosserSchmerzensmann	chorale-bricks	Jan_DuGrosserSchmerzensmann	data/chorale-bricks/Jan_DuGrosserSchmerzensmann	Minor Second	"[""Major Second"", ""Major Sixth"", ""Major Third"", ""Minor Sixth"", ""Minor Third"", ""Perfect Fifth"", ""Perfect Fourth"", ""Perfect Unison""]"	"[""Major Third"", ""Minor Third"", ""Perfect Fifth"", ""Major Second"", ""Perfect Unison"", ""Major Sixth"", ""Minor Sixth"", ""Perfect Fourth""]"	audio	audio.mastermix.wav	data/chorale-bricks/Jan_DuGrosserSchmerzensmann/audio.mastermix.wav	Minor Second	"[""Minor Second"", ""none of the other options is correct"", ""Major Third"", ""Minor Third"", ""Perfect Fifth""]"	0.2	0	"[""A"", ""B"", ""C"", ""D"", ""E""]"	"{""A"": ""none of the other options is correct"", ""B"": ""Major Third"", ""C"": ""Minor Third"", ""D"": ""Minor Second"", ""E"": ""Perfect Fifth""}"	"[""(A) none of the other options is correct"", ""(B) Major Third"", ""(C) Minor Third"", ""(D) Minor Second"", ""(E) Perfect Fifth""]"	(D) Minor Second	D
8e09df59-a80a-56bd-bf3b-9dfc9b7bed07	3	perception	pitch	relative	pitch-relative	interval-recognition		interval recognition	What is the {target_index} interval in the {voice} line?	"[""target_index"", ""voice""]"	get_nth_interval		interval	"{""target_index"": ""50th"", ""voice"": ""soprano""}"	What is the 50th interval in the soprano line?	Jan_DuGrosserSchmerzensmann	chorale-bricks	Jan_DuGrosserSchmerzensmann	data/chorale-bricks/Jan_DuGrosserSchmerzensmann	Minor Second	"[""Major Second"", ""Major Sixth"", ""Major Third"", ""Minor Sixth"", ""Minor Third"", ""Perfect Fifth"", ""Perfect Fourth"", ""Perfect Unison""]"	"[""Major Third"", ""Minor Third"", ""Perfect Fifth"", ""Major Second"", ""Perfect Unison"", ""Major Sixth"", ""Minor Sixth"", ""Perfect Fourth""]"	symbolic	symbolic.abc.txt	data/chorale-bricks/Jan_DuGrosserSchmerzensmann/symbolic.abc.txt	Minor Second	"[""Minor Second"", ""none of the other options is correct"", ""Major Third"", ""Minor Third"", ""Perfect Fifth""]"	0.2	0	"[""A"", ""B"", ""C"", ""D"", ""E""]"	"{""A"": ""none of the other options is correct"", ""B"": ""Minor Third"", ""C"": ""Minor Second"", ""D"": ""Perfect Fifth"", ""E"": ""Major Third""}"	"[""(A) none of the other options is correct"", ""(B) Minor Third"", ""(C) Minor Second"", ""(D) Perfect Fifth"", ""(E) Major Third""]"	(C) Minor Second	C
6e5505fc-21a6-5ed1-b028-38091bab399b	3	perception	pitch	relative	pitch-relative	interval-recognition		interval recognition	What is the {target_index} interval in the {voice} line?	"[""target_index"", ""voice""]"	get_nth_interval		interval	"{""target_index"": ""50th"", ""voice"": ""soprano""}"	What is the 50th interval in the soprano line?	Jan_DuGrosserSchmerzensmann	chorale-bricks	Jan_DuGrosserSchmerzensmann	data/chorale-bricks/Jan_DuGrosserSchmerzensmann	Minor Second	"[""Major Second"", ""Major Sixth"", ""Major Third"", ""Minor Sixth"", ""Minor Third"", ""Perfect Fifth"", ""Perfect Fourth"", ""Perfect Unison""]"	"[""Major Third"", ""Minor Third"", ""Perfect Fifth"", ""Major Second"", ""Perfect Unison"", ""Major Sixth"", ""Minor Sixth"", ""Perfect Fourth""]"	visual	visual.short.png	data/chorale-bricks/Jan_DuGrosserSchmerzensmann/visual.short.png	Minor Second	"[""Minor Second"", ""none of the other options is correct"", ""Major Third"", ""Minor Third"", ""Perfect Fifth""]"	0.2	0	"[""A"", ""B"", ""C"", ""D"", ""E""]"	"{""A"": ""Minor Second"", ""B"": ""Perfect Fifth"", ""C"": ""none of the other options is correct"", ""D"": ""Major Third"", ""E"": ""Minor Third""}"	"[""(A) Minor Second"", ""(B) Perfect Fifth"", ""(C) none of the other options is correct"", ""(D) Major Third"", ""(E) Minor Third""]"	(A) Minor Second	A
6a09932d-4a4e-5ff7-a18f-fc9018f685f5	3	perception	pitch	relative	pitch-relative	interval-recognition		interval recognition	What is the {target_index} interval in the {voice} line?	"[""target_index"", ""voice""]"	get_nth_interval		interval	"{""target_index"": ""33rd"", ""voice"": ""tenor""}"	What is the 33rd interval in the tenor line?	Jan_DuGrosserSchmerzensmann	chorale-bricks	Jan_DuGrosserSchmerzensmann	data/chorale-bricks/Jan_DuGrosserSchmerzensmann	Major Third	"[""Major Second"", ""Major Sixth"", ""Minor Second"", ""Minor Sixth"", ""Minor Third"", ""Perfect Fifth"", ""Perfect Fourth"", ""Perfect Unison""]"	"[""Perfect Unison"", ""Perfect Fourth"", ""Major Sixth"", ""Perfect Fifth"", ""Minor Third"", ""Minor Sixth"", ""Minor Second"", ""Major Second""]"	audio	audio.mastermix.wav	data/chorale-bricks/Jan_DuGrosserSchmerzensmann/audio.mastermix.wav	Major Third	"[""Major Third"", ""none of the other options is correct"", ""Perfect Unison"", ""Perfect Fourth"", ""Major Sixth""]"	0.2	0	"[""A"", ""B"", ""C"", ""D"", ""E""]"	"{""A"": ""Major Sixth"", ""B"": ""Perfect Fourth"", ""C"": ""none of the other options is correct"", ""D"": ""Perfect Unison"", ""E"": ""Major Third""}"	"[""(A) Major Sixth"", ""(B) Perfect Fourth"", ""(C) none of the other options is correct"", ""(D) Perfect Unison"", ""(E) Major Third""]"	(E) Major Third	E
04bb94b0-43fc-55a4-91e4-f37ee2458f84	3	perception	pitch	relative	pitch-relative	interval-recognition		interval recognition	What is the {target_index} interval in the {voice} line?	"[""target_index"", ""voice""]"	get_nth_interval		interval	"{""target_index"": ""33rd"", ""voice"": ""tenor""}"	What is the 33rd interval in the tenor line?	Jan_DuGrosserSchmerzensmann	chorale-bricks	Jan_DuGrosserSchmerzensmann	data/chorale-bricks/Jan_DuGrosserSchmerzensmann	Major Third	"[""Major Second"", ""Major Sixth"", ""Minor Second"", ""Minor Sixth"", ""Minor Third"", ""Perfect Fifth"", ""Perfect Fourth"", ""Perfect Unison""]"	"[""Perfect Unison"", ""Perfect Fourth"", ""Major Sixth"", ""Perfect Fifth"", ""Minor Third"", ""Minor Sixth"", ""Minor Second"", ""Major Second""]"	symbolic	symbolic.abc.txt	data/chorale-bricks/Jan_DuGrosserSchmerzensmann/symbolic.abc.txt	Major Third	"[""Major Third"", ""none of the other options is correct"", ""Perfect Unison"", ""Perfect Fourth"", ""Major Sixth""]"	0.2	0	"[""A"", ""B"", ""C"", ""D"", ""E""]"	"{""A"": ""none of the other options is correct"", ""B"": ""Major Sixth"", ""C"": ""Perfect Unison"", ""D"": ""Major Third"", ""E"": ""Perfect Fourth""}"	"[""(A) none of the other options is correct"", ""(B) Major Sixth"", ""(C) Perfect Unison"", ""(D) Major Third"", ""(E) Perfect Fourth""]"	(D) Major Third	D
4bd66174-9c0c-5c44-bf8d-18e6356ce39f	3	perception	pitch	relative	pitch-relative	interval-recognition		interval recognition	What is the {target_index} interval in the {voice} line?	"[""target_index"", ""voice""]"	get_nth_interval		interval	"{""target_index"": ""33rd"", ""voice"": ""tenor""}"	What is the 33rd interval in the tenor line?	Jan_DuGrosserSchmerzensmann	chorale-bricks	Jan_DuGrosserSchmerzensmann	data/chorale-bricks/Jan_DuGrosserSchmerzensmann	Major Third	"[""Major Second"", ""Major Sixth"", ""Minor Second"", ""Minor Sixth"", ""Minor Third"", ""Perfect Fifth"", ""Perfect Fourth"", ""Perfect Unison""]"	"[""Perfect Unison"", ""Perfect Fourth"", ""Major Sixth"", ""Perfect Fifth"", ""Minor Third"", ""Minor Sixth"", ""Minor Second"", ""Major Second""]"	visual	visual.short.png	data/chorale-bricks/Jan_DuGrosserSchmerzensmann/visual.short.png	Major Third	"[""Major Third"", ""none of the other options is correct"", ""Perfect Unison"", ""Perfect Fourth"", ""Major Sixth""]"	0.2	0	"[""A"", ""B"", ""C"", ""D"", ""E""]"	"{""A"": ""none of the other options is correct"", ""B"": ""Perfect Fourth"", ""C"": ""Perfect Unison"", ""D"": ""Major Sixth"", ""E"": ""Major Third""}"	"[""(A) none of the other options is correct"", ""(B) Perfect Fourth"", ""(C) Perfect Unison"", ""(D) Major Sixth"", ""(E) Major Third""]"	(E) Major Third	E
90e4d2aa-5877-5aa7-9f16-ac733759df27	3	perception	pitch	relative	pitch-relative	interval-recognition		interval recognition	What is the {target_index} interval in the {voice} line?	"[""target_index"", ""voice""]"	get_nth_interval		interval	"{""target_index"": ""11th"", ""voice"": ""tenor""}"	What is the 11th interval in the tenor line?	Vulpius_DieHelleSonnLeuchtJetztHerfuer	chorale-bricks	Vulpius_DieHelleSonnLeuchtJetztHerfuer	data/chorale-bricks/Vulpius_DieHelleSonnLeuchtJetztHerfuer	Major Second	"[""Diminished Unison"", ""Major Third"", ""Minor Second"", ""Minor Third"", ""Perfect Fifth"", ""Perfect Fourth"", ""Perfect Unison""]"	"[""Perfect Fourth"", ""Minor Second"", ""Perfect Fifth"", ""Major Third"", ""Diminished Unison"", ""Minor Third"", ""Perfect Unison""]"	audio	audio.mastermix.wav	data/chorale-bricks/Vulpius_DieHelleSonnLeuchtJetztHerfuer/audio.mastermix.wav	none of the other options is correct	"[""none of the other options is correct"", ""Perfect Fourth"", ""Minor Second"", ""Perfect Fifth"", ""Major Third""]"	0.2	1	"[""A"", ""B"", ""C"", ""D"", ""E""]"	"{""A"": ""Perfect Fourth"", ""B"": ""Perfect Fifth"", ""C"": ""Major Third"", ""D"": ""Minor Second"", ""E"": ""none of the other options is correct""}"	"[""(A) Perfect Fourth"", ""(B) Perfect Fifth"", ""(C) Major Third"", ""(D) Minor Second"", ""(E) none of the other options is correct""]"	(E) none of the other options is correct	E
1a2c374f-bc5b-535d-af28-723635792a9e	3	perception	pitch	relative	pitch-relative	interval-recognition		interval recognition	What is the {target_index} interval in the {voice} line?	"[""target_index"", ""voice""]"	get_nth_interval		interval	"{""target_index"": ""11th"", ""voice"": ""tenor""}"	What is the 11th interval in the tenor line?	Vulpius_DieHelleSonnLeuchtJetztHerfuer	chorale-bricks	Vulpius_DieHelleSonnLeuchtJetztHerfuer	data/chorale-bricks/Vulpius_DieHelleSonnLeuchtJetztHerfuer	Major Second	"[""Diminished Unison"", ""Major Third"", ""Minor Second"", ""Minor Third"", ""Perfect Fifth"", ""Perfect Fourth"", ""Perfect Unison""]"	"[""Perfect Fourth"", ""Minor Second"", ""Perfect Fifth"", ""Major Third"", ""Diminished Unison"", ""Minor Third"", ""Perfect Unison""]"	symbolic	symbolic.abc.txt	data/chorale-bricks/Vulpius_DieHelleSonnLeuchtJetztHerfuer/symbolic.abc.txt	Major Second	"[""Major Second"", ""none of the other options is correct"", ""Perfect Fourth"", ""Minor Second"", ""Perfect Fifth""]"	0.2	0	"[""A"", ""B"", ""C"", ""D"", ""E""]"	"{""A"": ""Minor Second"", ""B"": ""none of the other options is correct"", ""C"": ""Perfect Fourth"", ""D"": ""Perfect Fifth"", ""E"": ""Major Second""}"	"[""(A) Minor Second"", ""(B) none of the other options is correct"", ""(C) Perfect Fourth"", ""(D) Perfect Fifth"", ""(E) Major Second""]"	(E) Major Second	E
515637fa-bc6d-56f3-a9c4-49d32b5f902e	3	perception	pitch	relative	pitch-relative	interval-recognition		interval recognition	What is the {target_index} interval in the {voice} line?	"[""target_index"", ""voice""]"	get_nth_interval		interval	"{""target_index"": ""11th"", ""voice"": ""tenor""}"	What is the 11th interval in the tenor line?	Vulpius_DieHelleSonnLeuchtJetztHerfuer	chorale-bricks	Vulpius_DieHelleSonnLeuchtJetztHerfuer	data/chorale-bricks/Vulpius_DieHelleSonnLeuchtJetztHerfuer	Major Second	"[""Diminished Unison"", ""Major Third"", ""Minor Second"", ""Minor Third"", ""Perfect Fifth"", ""Perfect Fourth"", ""Perfect Unison""]"	"[""Perfect Fourth"", ""Minor Second"", ""Perfect Fifth"", ""Major Third"", ""Diminished Unison"", ""Minor Third"", ""Perfect Unison""]"	visual	visual.short.png	data/chorale-bricks/Vulpius_DieHelleSonnLeuchtJetztHerfuer/visual.short.png	Major Second	"[""Major Second"", ""none of the other options is correct"", ""Perfect Fourth"", ""Minor Second"", ""Perfect Fifth""]"	0.2	0	"[""A"", ""B"", ""C"", ""D"", ""E""]"	"{""A"": ""Perfect Fifth"", ""B"": ""Perfect Fourth"", ""C"": ""Major Second"", ""D"": ""none of the other options is correct"", ""E"": ""Minor Second""}"	"[""(A) Perfect Fifth"", ""(B) Perfect Fourth"", ""(C) Major Second"", ""(D) none of the other options is correct"", ""(E) Minor Second""]"	(C) Major Second	C
ba4e854a-388a-5bf2-bb7c-534733ef47b8	3	perception	pitch	relative	pitch-relative	interval-recognition		interval recognition	What is the {target_index} interval in the {voice} line?	"[""target_index"", ""voice""]"	get_nth_interval		interval	"{""target_index"": ""55th"", ""voice"": ""tenor""}"	What is the 55th interval in the tenor line?	Telemann_DerLiebenSonneLichtUndPracht	chorale-bricks	Telemann_DerLiebenSonneLichtUndPracht	data/chorale-bricks/Telemann_DerLiebenSonneLichtUndPracht	Minor Second	"[""Diminished Unison"", ""Major Second"", ""Major Third"", ""Minor Sixth"", ""Minor Third"", ""Perfect Fifth"", ""Perfect Fourth"", ""Perfect Unison""]"	"[""Perfect Unison"", ""Minor Third"", ""Major Third"", ""Perfect Fourth"", ""Diminished Unison"", ""Perfect Fifth"", ""Minor Sixth"", ""Major Second""]"	audio	audio.mastermix.wav	data/chorale-bricks/Telemann_DerLiebenSonneLichtUndPracht/audio.mastermix.wav	Minor Second	"[""Minor Second"", ""none of the other options is correct"", ""Perfect Unison"", ""Minor Third"", ""Major Third""]"	0.2	0	"[""A"", ""B"", ""C"", ""D"", ""E""]"	"{""A"": ""Minor Third"", ""B"": ""none of the other options is correct"", ""C"": ""Major Third"", ""D"": ""Perfect Unison"", ""E"": ""Minor Second""}"	"[""(A) Minor Third"", ""(B) none of the other options is correct"", ""(C) Major Third"", ""(D) Perfect Unison"", ""(E) Minor Second""]"	(E) Minor Second	E
8770df44-d0a0-556e-a0f3-171353eaaafa	3	perception	pitch	relative	pitch-relative	interval-recognition		interval recognition	What is the {target_index} interval in the {voice} line?	"[""target_index"", ""voice""]"	get_nth_interval		interval	"{""target_index"": ""55th"", ""voice"": ""tenor""}"	What is the 55th interval in the tenor line?	Telemann_DerLiebenSonneLichtUndPracht	chorale-bricks	Telemann_DerLiebenSonneLichtUndPracht	data/chorale-bricks/Telemann_DerLiebenSonneLichtUndPracht	Minor Second	"[""Diminished Unison"", ""Major Second"", ""Major Third"", ""Minor Sixth"", ""Minor Third"", ""Perfect Fifth"", ""Perfect Fourth"", ""Perfect Unison""]"	"[""Perfect Unison"", ""Minor Third"", ""Major Third"", ""Perfect Fourth"", ""Diminished Unison"", ""Perfect Fifth"", ""Minor Sixth"", ""Major Second""]"	symbolic	symbolic.abc.txt	data/chorale-bricks/Telemann_DerLiebenSonneLichtUndPracht/symbolic.abc.txt	Minor Second	"[""Minor Second"", ""none of the other options is correct"", ""Perfect Unison"", ""Minor Third"", ""Major Third""]"	0.2	0	"[""A"", ""B"", ""C"", ""D"", ""E""]"	"{""A"": ""none of the other options is correct"", ""B"": ""Major Third"", ""C"": ""Minor Third"", ""D"": ""Minor Second"", ""E"": ""Perfect Unison""}"	"[""(A) none of the other options is correct"", ""(B) Major Third"", ""(C) Minor Third"", ""(D) Minor Second"", ""(E) Perfect Unison""]"	(D) Minor Second	D
78013a8c-62d5-58df-a1b6-fe6e74fe31a7	3	perception	pitch	relative	pitch-relative	interval-recognition		interval recognition	What is the {target_index} interval in the {voice} line?	"[""target_index"", ""voice""]"	get_nth_interval		interval	"{""target_index"": ""55th"", ""voice"": ""tenor""}"	What is the 55th interval in the tenor line?	Telemann_DerLiebenSonneLichtUndPracht	chorale-bricks	Telemann_DerLiebenSonneLichtUndPracht	data/chorale-bricks/Telemann_DerLiebenSonneLichtUndPracht	Minor Second	"[""Diminished Unison"", ""Major Second"", ""Major Third"", ""Minor Sixth"", ""Minor Third"", ""Perfect Fifth"", ""Perfect Fourth"", ""Perfect Unison""]"	"[""Perfect Unison"", ""Minor Third"", ""Major Third"", ""Perfect Fourth"", ""Diminished Unison"", ""Perfect Fifth"", ""Minor Sixth"", ""Major Second""]"	visual	visual.short.png	data/chorale-bricks/Telemann_DerLiebenSonneLichtUndPracht/visual.short.png	Minor Second	"[""Minor Second"", ""none of the other options is correct"", ""Perfect Unison"", ""Minor Third"", ""Major Third""]"	0.2	0	"[""A"", ""B"", ""C"", ""D"", ""E""]"	"{""A"": ""Major Third"", ""B"": ""Minor Third"", ""C"": ""none of the other options is correct"", ""D"": ""Minor Second"", ""E"": ""Perfect Unison""}"	"[""(A) Major Third"", ""(B) Minor Third"", ""(C) none of the other options is correct"", ""(D) Minor Second"", ""(E) Perfect Unison""]"	(D) Minor Second	D
0554d5a9-bb04-5696-b1a1-07e4bc9c7456	3	perception	pitch	relative	pitch-relative	interval-recognition		interval recognition	What is the {target_index} interval in the {voice} line?	"[""target_index"", ""voice""]"	get_nth_interval		interval	"{""target_index"": ""11th"", ""voice"": ""bass""}"	What is the 11th interval in the bass line?	Drese_JesuGehVoran	chorale-bricks	Drese_JesuGehVoran	data/chorale-bricks/Drese_JesuGehVoran	Perfect Unison	"[""Major Second"", ""Major Sixth"", ""Major Third"", ""Minor Second"", ""Minor Third"", ""Perfect Fifth"", ""Perfect Fourth""]"	"[""Perfect Fourth"", ""Perfect Fifth"", ""Minor Second"", ""Major Third"", ""Major Second"", ""Major Sixth"", ""Minor Third""]"	audio	audio.mastermix.wav	data/chorale-bricks/Drese_JesuGehVoran/audio.mastermix.wav	Perfect Unison	"[""Perfect Unison"", ""none of the other options is correct"", ""Perfect Fourth"", ""Perfect Fifth"", ""Minor Second""]"	0.2	0	"[""A"", ""B"", ""C"", ""D"", ""E""]"	"{""A"": ""Perfect Unison"", ""B"": ""none of the other options is correct"", ""C"": ""Perfect Fourth"", ""D"": ""Minor Second"", ""E"": ""Perfect Fifth""}"	"[""(A) Perfect Unison"", ""(B) none of the other options is correct"", ""(C) Perfect Fourth"", ""(D) Minor Second"", ""(E) Perfect Fifth""]"	(A) Perfect Unison	A
17741b5b-f3ca-53a4-8aa7-c8bc46d04ee6	3	perception	pitch	relative	pitch-relative	interval-recognition		interval recognition	What is the {target_index} interval in the {voice} line?	"[""target_index"", ""voice""]"	get_nth_interval		interval	"{""target_index"": ""11th"", ""voice"": ""bass""}"	What is the 11th interval in the bass line?	Drese_JesuGehVoran	chorale-bricks	Drese_JesuGehVoran	data/chorale-bricks/Drese_JesuGehVoran	Perfect Unison	"[""Major Second"", ""Major Sixth"", ""Major Third"", ""Minor Second"", ""Minor Third"", ""Perfect Fifth"", ""Perfect Fourth""]"	"[""Perfect Fourth"", ""Perfect Fifth"", ""Minor Second"", ""Major Third"", ""Major Second"", ""Major Sixth"", ""Minor Third""]"	symbolic	symbolic.abc.txt	data/chorale-bricks/Drese_JesuGehVoran/symbolic.abc.txt	none of the other options is correct	"[""none of the other options is correct"", ""Perfect Fourth"", ""Perfect Fifth"", ""Minor Second"", ""Major Third""]"	0.2	1	"[""A"", ""B"", ""C"", ""D"", ""E""]"	"{""A"": ""Minor Second"", ""B"": ""Perfect Fifth"", ""C"": ""none of the other options is correct"", ""D"": ""Perfect Fourth"", ""E"": ""Major Third""}"	"[""(A) Minor Second"", ""(B) Perfect Fifth"", ""(C) none of the other options is correct"", ""(D) Perfect Fourth"", ""(E) Major Third""]"	(C) none of the other options is correct	C
53aafa29-60ca-55b9-89f7-974dd2d7f9b0	3	perception	pitch	relative	pitch-relative	interval-recognition		interval recognition	What is the {target_index} interval in the {voice} line?	"[""target_index"", ""voice""]"	get_nth_interval		interval	"{""target_index"": ""11th"", ""voice"": ""bass""}"	What is the 11th interval in the bass line?	Drese_JesuGehVoran	chorale-bricks	Drese_JesuGehVoran	data/chorale-bricks/Drese_JesuGehVoran	Perfect Unison	"[""Major Second"", ""Major Sixth"", ""Major Third"", ""Minor Second"", ""Minor Third"", ""Perfect Fifth"", ""Perfect Fourth""]"	"[""Perfect Fourth"", ""Perfect Fifth"", ""Minor Second"", ""Major Third"", ""Major Second"", ""Major Sixth"", ""Minor Third""]"	visual	visual.short.png	data/chorale-bricks/Drese_JesuGehVoran/visual.short.png	Perfect Unison	"[""Perfect Unison"", ""none of the other options is correct"", ""Perfect Fourth"", ""Perfect Fifth"", ""Minor Second""]"	0.2	0	"[""A"", ""B"", ""C"", ""D"", ""E""]"	"{""A"": ""Minor Second"", ""B"": ""Perfect Fourth"", ""C"": ""Perfect Unison"", ""D"": ""none of the other options is correct"", ""E"": ""Perfect Fifth""}"	"[""(A) Minor Second"", ""(B) Perfect Fourth"", ""(C) Perfect Unison"", ""(D) none of the other options is correct"", ""(E) Perfect Fifth""]"	(C) Perfect Unison	C
6ab17456-033c-5900-961f-d98489446ca2	3	perception	pitch	relative	pitch-relative	interval-recognition		interval recognition	What is the {target_index} interval in the {voice} line?	"[""target_index"", ""voice""]"	get_nth_interval		interval	"{""target_index"": ""39th"", ""voice"": ""bass""}"	What is the 39th interval in the bass line?	Gesius_BefiehlDuDeineWege	chorale-bricks	Gesius_BefiehlDuDeineWege	data/chorale-bricks/Gesius_BefiehlDuDeineWege	Perfect Unison	"[""Major Second"", ""Major Third"", ""Minor Second"", ""Minor Sixth"", ""Minor Third"", ""Perfect Fifth"", ""Perfect Fourth""]"	"[""Perfect Fifth"", ""Minor Second"", ""Major Third"", ""Major Second"", ""Minor Third"", ""Perfect Fourth"", ""Minor Sixth""]"	audio	audio.mastermix.wav	data/chorale-bricks/Gesius_BefiehlDuDeineWege/audio.mastermix.wav	none of the other options is correct	"[""none of the other options is correct"", ""Perfect Fifth"", ""Minor Second"", ""Major Third"", ""Major Second""]"	0.2	1	"[""A"", ""B"", ""C"", ""D"", ""E""]"	"{""A"": ""Perfect Fifth"", ""B"": ""Major Third"", ""C"": ""Major Second"", ""D"": ""none of the other options is correct"", ""E"": ""Minor Second""}"	"[""(A) Perfect Fifth"", ""(B) Major Third"", ""(C) Major Second"", ""(D) none of the other options is correct"", ""(E) Minor Second""]"	(D) none of the other options is correct	D
18099f0d-fb9f-5052-9e2e-044abc3e3c50	3	perception	pitch	relative	pitch-relative	interval-recognition		interval recognition	What is the {target_index} interval in the {voice} line?	"[""target_index"", ""voice""]"	get_nth_interval		interval	"{""target_index"": ""39th"", ""voice"": ""bass""}"	What is the 39th interval in the bass line?	Gesius_BefiehlDuDeineWege	chorale-bricks	Gesius_BefiehlDuDeineWege	data/chorale-bricks/Gesius_BefiehlDuDeineWege	Perfect Unison	"[""Major Second"", ""Major Third"", ""Minor Second"", ""Minor Sixth"", ""Minor Third"", ""Perfect Fifth"", ""Perfect Fourth""]"	"[""Perfect Fifth"", ""Minor Second"", ""Major Third"", ""Major Second"", ""Minor Third"", ""Perfect Fourth"", ""Minor Sixth""]"	symbolic	symbolic.abc.txt	data/chorale-bricks/Gesius_BefiehlDuDeineWege/symbolic.abc.txt	Perfect Unison	"[""Perfect Unison"", ""none of the other options is correct"", ""Perfect Fifth"", ""Minor Second"", ""Major Third""]"	0.2	0	"[""A"", ""B"", ""C"", ""D"", ""E""]"	"{""A"": ""Minor Second"", ""B"": ""Major Third"", ""C"": ""none of the other options is correct"", ""D"": ""Perfect Fifth"", ""E"": ""Perfect Unison""}"	"[""(A) Minor Second"", ""(B) Major Third"", ""(C) none of the other options is correct"", ""(D) Perfect Fifth"", ""(E) Perfect Unison""]"	(E) Perfect Unison	E
10c10c75-cadc-5bf7-9201-2c902f9d3770	3	perception	pitch	relative	pitch-relative	interval-recognition		interval recognition	What is the {target_index} interval in the {voice} line?	"[""target_index"", ""voice""]"	get_nth_interval		interval	"{""target_index"": ""39th"", ""voice"": ""bass""}"	What is the 39th interval in the bass line?	Gesius_BefiehlDuDeineWege	chorale-bricks	Gesius_BefiehlDuDeineWege	data/chorale-bricks/Gesius_BefiehlDuDeineWege	Perfect Unison	"[""Major Second"", ""Major Third"", ""Minor Second"", ""Minor Sixth"", ""Minor Third"", ""Perfect Fifth"", ""Perfect Fourth""]"	"[""Perfect Fifth"", ""Minor Second"", ""Major Third"", ""Major Second"", ""Minor Third"", ""Perfect Fourth"", ""Minor Sixth""]"	visual	visual.short.png	data/chorale-bricks/Gesius_BefiehlDuDeineWege/visual.short.png	Perfect Unison	"[""Perfect Unison"", ""none of the other options is correct"", ""Perfect Fifth"", ""Minor Second"", ""Major Third""]"	0.2	0	"[""A"", ""B"", ""C"", ""D"", ""E""]"	"{""A"": ""Perfect Fifth"", ""B"": ""Major Third"", ""C"": ""Perfect Unison"", ""D"": ""Minor Second"", ""E"": ""none of the other options is correct""}"	"[""(A) Perfect Fifth"", ""(B) Major Third"", ""(C) Perfect Unison"", ""(D) Minor Second"", ""(E) none of the other options is correct""]"	(C) Perfect Unison	C
0d8b60f3-e0c5-52a6-9d79-5c4373d50f26	3	perception	pitch	relative	pitch-relative	interval-recognition		interval recognition	What is the {target_index} interval in the {voice} line?	"[""target_index"", ""voice""]"	get_nth_interval		interval	"{""target_index"": ""9th"", ""voice"": ""alto""}"	What is the 9th interval in the alto line?	Gesius_BefiehlDuDeineWege	chorale-bricks	Gesius_BefiehlDuDeineWege	data/chorale-bricks/Gesius_BefiehlDuDeineWege	Minor Third	"[""Major Second"", ""Major Third"", ""Minor Second"", ""Minor Sixth"", ""Perfect Fifth"", ""Perfect Fourth"", ""Perfect Unison""]"	"[""Perfect Unison"", ""Perfect Fifth"", ""Major Second"", ""Major Third"", ""Perfect Fourth"", ""Minor Sixth"", ""Minor Second""]"	audio	audio.mastermix.wav	data/chorale-bricks/Gesius_BefiehlDuDeineWege/audio.mastermix.wav	Minor Third	"[""Minor Third"", ""none of the other options is correct"", ""Perfect Unison"", ""Perfect Fifth"", ""Major Second""]"	0.2	0	"[""A"", ""B"", ""C"", ""D"", ""E""]"	"{""A"": ""none of the other options is correct"", ""B"": ""Major Second"", ""C"": ""Minor Third"", ""D"": ""Perfect Fifth"", ""E"": ""Perfect Unison""}"	"[""(A) none of the other options is correct"", ""(B) Major Second"", ""(C) Minor Third"", ""(D) Perfect Fifth"", ""(E) Perfect Unison""]"	(C) Minor Third	C
7cc4dbf5-b67d-5c08-a742-77a65dfe8545	3	perception	pitch	relative	pitch-relative	interval-recognition		interval recognition	What is the {target_index} interval in the {voice} line?	"[""target_index"", ""voice""]"	get_nth_interval		interval	"{""target_index"": ""9th"", ""voice"": ""alto""}"	What is the 9th interval in the alto line?	Gesius_BefiehlDuDeineWege	chorale-bricks	Gesius_BefiehlDuDeineWege	data/chorale-bricks/Gesius_BefiehlDuDeineWege	Minor Third	"[""Major Second"", ""Major Third"", ""Minor Second"", ""Minor Sixth"", ""Perfect Fifth"", ""Perfect Fourth"", ""Perfect Unison""]"	"[""Perfect Unison"", ""Perfect Fifth"", ""Major Second"", ""Major Third"", ""Perfect Fourth"", ""Minor Sixth"", ""Minor Second""]"	symbolic	symbolic.abc.txt	data/chorale-bricks/Gesius_BefiehlDuDeineWege/symbolic.abc.txt	Minor Third	"[""Minor Third"", ""none of the other options is correct"", ""Perfect Unison"", ""Perfect Fifth"", ""Major Second""]"	0.2	0	"[""A"", ""B"", ""C"", ""D"", ""E""]"	"{""A"": ""none of the other options is correct"", ""B"": ""Perfect Unison"", ""C"": ""Major Second"", ""D"": ""Minor Third"", ""E"": ""Perfect Fifth""}"	"[""(A) none of the other options is correct"", ""(B) Perfect Unison"", ""(C) Major Second"", ""(D) Minor Third"", ""(E) Perfect Fifth""]"	(D) Minor Third	D
565af787-0588-5792-8ed3-8a230d445488	3	perception	pitch	relative	pitch-relative	interval-recognition		interval recognition	What is the {target_index} interval in the {voice} line?	"[""target_index"", ""voice""]"	get_nth_interval		interval	"{""target_index"": ""9th"", ""voice"": ""alto""}"	What is the 9th interval in the alto line?	Gesius_BefiehlDuDeineWege	chorale-bricks	Gesius_BefiehlDuDeineWege	data/chorale-bricks/Gesius_BefiehlDuDeineWege	Minor Third	"[""Major Second"", ""Major Third"", ""Minor Second"", ""Minor Sixth"", ""Perfect Fifth"", ""Perfect Fourth"", ""Perfect Unison""]"	"[""Perfect Unison"", ""Perfect Fifth"", ""Major Second"", ""Major Third"", ""Perfect Fourth"", ""Minor Sixth"", ""Minor Second""]"	visual	visual.short.png	data/chorale-bricks/Gesius_BefiehlDuDeineWege/visual.short.png	Minor Third	"[""Minor Third"", ""none of the other options is correct"", ""Perfect Unison"", ""Perfect Fifth"", ""Major Second""]"	0.2	0	"[""A"", ""B"", ""C"", ""D"", ""E""]"	"{""A"": ""Perfect Unison"", ""B"": ""Perfect Fifth"", ""C"": ""none of the other options is correct"", ""D"": ""Major Second"", ""E"": ""Minor Third""}"	"[""(A) Perfect Unison"", ""(B) Perfect Fifth"", ""(C) none of the other options is correct"", ""(D) Major Second"", ""(E) Minor Third""]"	(E) Minor Third	E
f65a8480-5b7f-542b-a1d8-eeb0c4927a6c	3	perception	pitch	relative	pitch-relative	interval-recognition		interval recognition	What is the {target_index} interval in the {voice} line?	"[""target_index"", ""voice""]"	get_nth_interval		interval	"{""target_index"": ""19th"", ""voice"": ""bass""}"	What is the 19th interval in the bass line?	Anonymous_AusMeinesHerzensGrunde	chorale-bricks	Anonymous_AusMeinesHerzensGrunde	data/chorale-bricks/Anonymous_AusMeinesHerzensGrunde	Minor Sixth	"[""Major Second"", ""Major Third"", ""Minor Second"", ""Minor Third"", ""Perfect Fifth"", ""Perfect Fourth"", ""Perfect Unison""]"	"[""Perfect Unison"", ""Minor Third"", ""Perfect Fourth"", ""Perfect Fifth"", ""Major Third"", ""Major Second"", ""Minor Second""]"	audio	audio.mastermix.wav	data/chorale-bricks/Anonymous_AusMeinesHerzensGrunde/audio.mastermix.wav	none of the other options is correct	"[""none of the other options is correct"", ""Perfect Unison"", ""Minor Third"", ""Perfect Fourth"", ""Perfect Fifth""]"	0.2	1	"[""A"", ""B"", ""C"", ""D"", ""E""]"	"{""A"": ""Perfect Unison"", ""B"": ""Minor Third"", ""C"": ""Perfect Fourth"", ""D"": ""none of the other options is correct"", ""E"": ""Perfect Fifth""}"	"[""(A) Perfect Unison"", ""(B) Minor Third"", ""(C) Perfect Fourth"", ""(D) none of the other options is correct"", ""(E) Perfect Fifth""]"	(D) none of the other options is correct	D
37da82a0-c96c-582b-a8b6-a78b15cefcfb	3	perception	pitch	relative	pitch-relative	interval-recognition		interval recognition	What is the {target_index} interval in the {voice} line?	"[""target_index"", ""voice""]"	get_nth_interval		interval	"{""target_index"": ""19th"", ""voice"": ""bass""}"	What is the 19th interval in the bass line?	Anonymous_AusMeinesHerzensGrunde	chorale-bricks	Anonymous_AusMeinesHerzensGrunde	data/chorale-bricks/Anonymous_AusMeinesHerzensGrunde	Minor Sixth	"[""Major Second"", ""Major Third"", ""Minor Second"", ""Minor Third"", ""Perfect Fifth"", ""Perfect Fourth"", ""Perfect Unison""]"	"[""Perfect Unison"", ""Minor Third"", ""Perfect Fourth"", ""Perfect Fifth"", ""Major Third"", ""Major Second"", ""Minor Second""]"	symbolic	symbolic.abc.txt	data/chorale-bricks/Anonymous_AusMeinesHerzensGrunde/symbolic.abc.txt	Minor Sixth	"[""Minor Sixth"", ""none of the other options is correct"", ""Perfect Unison"", ""Minor Third"", ""Perfect Fourth""]"	0.2	0	"[""A"", ""B"", ""C"", ""D"", ""E""]"	"{""A"": ""Minor Sixth"", ""B"": ""Perfect Fourth"", ""C"": ""none of the other options is correct"", ""D"": ""Minor Third"", ""E"": ""Perfect Unison""}"	"[""(A) Minor Sixth"", ""(B) Perfect Fourth"", ""(C) none of the other options is correct"", ""(D) Minor Third"", ""(E) Perfect Unison""]"	(A) Minor Sixth	A
fb5263fc-e1c2-5ac2-aaf6-deab7a4234a3	3	perception	pitch	relative	pitch-relative	interval-recognition		interval recognition	What is the {target_index} interval in the {voice} line?	"[""target_index"", ""voice""]"	get_nth_interval		interval	"{""target_index"": ""19th"", ""voice"": ""bass""}"	What is the 19th interval in the bass line?	Anonymous_AusMeinesHerzensGrunde	chorale-bricks	Anonymous_AusMeinesHerzensGrunde	data/chorale-bricks/Anonymous_AusMeinesHerzensGrunde	Minor Sixth	"[""Major Second"", ""Major Third"", ""Minor Second"", ""Minor Third"", ""Perfect Fifth"", ""Perfect Fourth"", ""Perfect Unison""]"	"[""Perfect Unison"", ""Minor Third"", ""Perfect Fourth"", ""Perfect Fifth"", ""Major Third"", ""Major Second"", ""Minor Second""]"	visual	visual.short.png	data/chorale-bricks/Anonymous_AusMeinesHerzensGrunde/visual.short.png	Minor Sixth	"[""Minor Sixth"", ""none of the other options is correct"", ""Perfect Unison"", ""Minor Third"", ""Perfect Fourth""]"	0.2	0	"[""A"", ""B"", ""C"", ""D"", ""E""]"	"{""A"": ""none of the other options is correct"", ""B"": ""Minor Sixth"", ""C"": ""Minor Third"", ""D"": ""Perfect Fourth"", ""E"": ""Perfect Unison""}"	"[""(A) none of the other options is correct"", ""(B) Minor Sixth"", ""(C) Minor Third"", ""(D) Perfect Fourth"", ""(E) Perfect Unison""]"	(B) Minor Sixth	B
2db74fcb-1e45-5b9a-9068-552199a735c1	3	perception	pitch	relative	pitch-relative	interval-recognition		interval recognition	What is the {target_index} interval in the {voice} line?	"[""target_index"", ""voice""]"	get_nth_interval		interval	"{""target_index"": ""5th"", ""voice"": ""soprano""}"	What is the 5th interval in the soprano line?	Telemann_DerLiebenSonneLichtUndPracht	chorale-bricks	Telemann_DerLiebenSonneLichtUndPracht	data/chorale-bricks/Telemann_DerLiebenSonneLichtUndPracht	Major Second	"[""Diminished Unison"", ""Major Third"", ""Minor Second"", ""Minor Sixth"", ""Minor Third"", ""Perfect Fifth"", ""Perfect Fourth"", ""Perfect Unison""]"	"[""Major Third"", ""Minor Sixth"", ""Perfect Unison"", ""Minor Second"", ""Perfect Fifth"", ""Diminished Unison"", ""Perfect Fourth"", ""Minor Third""]"	audio	audio.mastermix.wav	data/chorale-bricks/Telemann_DerLiebenSonneLichtUndPracht/audio.mastermix.wav	Major Second	"[""Major Second"", ""none of the other options is correct"", ""Major Third"", ""Minor Sixth"", ""Perfect Unison""]"	0.2	0	"[""A"", ""B"", ""C"", ""D"", ""E""]"	"{""A"": ""Major Second"", ""B"": ""none of the other options is correct"", ""C"": ""Minor Sixth"", ""D"": ""Perfect Unison"", ""E"": ""Major Third""}"	"[""(A) Major Second"", ""(B) none of the other options is correct"", ""(C) Minor Sixth"", ""(D) Perfect Unison"", ""(E) Major Third""]"	(A) Major Second	A
246c07dd-327a-59ba-a91e-44c02106aa22	3	perception	pitch	relative	pitch-relative	interval-recognition		interval recognition	What is the {target_index} interval in the {voice} line?	"[""target_index"", ""voice""]"	get_nth_interval		interval	"{""target_index"": ""5th"", ""voice"": ""soprano""}"	What is the 5th interval in the soprano line?	Telemann_DerLiebenSonneLichtUndPracht	chorale-bricks	Telemann_DerLiebenSonneLichtUndPracht	data/chorale-bricks/Telemann_DerLiebenSonneLichtUndPracht	Major Second	"[""Diminished Unison"", ""Major Third"", ""Minor Second"", ""Minor Sixth"", ""Minor Third"", ""Perfect Fifth"", ""Perfect Fourth"", ""Perfect Unison""]"	"[""Major Third"", ""Minor Sixth"", ""Perfect Unison"", ""Minor Second"", ""Perfect Fifth"", ""Diminished Unison"", ""Perfect Fourth"", ""Minor Third""]"	symbolic	symbolic.abc.txt	data/chorale-bricks/Telemann_DerLiebenSonneLichtUndPracht/symbolic.abc.txt	Major Second	"[""Major Second"", ""none of the other options is correct"", ""Major Third"", ""Minor Sixth"", ""Perfect Unison""]"	0.2	0	"[""A"", ""B"", ""C"", ""D"", ""E""]"	"{""A"": ""Minor Sixth"", ""B"": ""Perfect Unison"", ""C"": ""none of the other options is correct"", ""D"": ""Major Second"", ""E"": ""Major Third""}"	"[""(A) Minor Sixth"", ""(B) Perfect Unison"", ""(C) none of the other options is correct"", ""(D) Major Second"", ""(E) Major Third""]"	(D) Major Second	D
04a1f5c1-1482-5e16-a263-025ee68fdf75	3	perception	pitch	relative	pitch-relative	interval-recognition		interval recognition	What is the {target_index} interval in the {voice} line?	"[""target_index"", ""voice""]"	get_nth_interval		interval	"{""target_index"": ""5th"", ""voice"": ""soprano""}"	What is the 5th interval in the soprano line?	Telemann_DerLiebenSonneLichtUndPracht	chorale-bricks	Telemann_DerLiebenSonneLichtUndPracht	data/chorale-bricks/Telemann_DerLiebenSonneLichtUndPracht	Major Second	"[""Diminished Unison"", ""Major Third"", ""Minor Second"", ""Minor Sixth"", ""Minor Third"", ""Perfect Fifth"", ""Perfect Fourth"", ""Perfect Unison""]"	"[""Major Third"", ""Minor Sixth"", ""Perfect Unison"", ""Minor Second"", ""Perfect Fifth"", ""Diminished Unison"", ""Perfect Fourth"", ""Minor Third""]"	visual	visual.short.png	data/chorale-bricks/Telemann_DerLiebenSonneLichtUndPracht/visual.short.png	Major Second	"[""Major Second"", ""none of the other options is correct"", ""Major Third"", ""Minor Sixth"", ""Perfect Unison""]"	0.2	0	"[""A"", ""B"", ""C"", ""D"", ""E""]"	"{""A"": ""Major Second"", ""B"": ""none of the other options is correct"", ""C"": ""Major Third"", ""D"": ""Perfect Unison"", ""E"": ""Minor Sixth""}"	"[""(A) Major Second"", ""(B) none of the other options is correct"", ""(C) Major Third"", ""(D) Perfect Unison"", ""(E) Minor Sixth""]"	(A) Major Second	A
5326095c-c777-5949-b6f6-91e74e5803cb	4	perception	pitch	relative	pitch-relative	interval-recognition		interval statistics	How many times is the interval {interval} present in the {voice} line?	"[""voice"", ""interval""]"	get_interval_quantity		interval	"{""voice"": ""bass"", ""interval"": ""Augmented Sixth""}"	How many times is the interval Augmented Sixth present in the bass line?	Jan_DuGrosserSchmerzensmann	chorale-bricks	Jan_DuGrosserSchmerzensmann	data/chorale-bricks/Jan_DuGrosserSchmerzensmann	0	"[""1"", ""2"", ""18"", ""19"", ""24"", ""25"", ""42"", ""58"", ""69""]"	"[""1"", ""25"", ""24"", ""2"", ""19"", ""18"", ""58"", ""69"", ""42""]"	audio	audio.mastermix.wav	data/chorale-bricks/Jan_DuGrosserSchmerzensmann/audio.mastermix.wav	0	"[""0"", ""none of the other options is correct"", ""1"", ""25"", ""24""]"	0.2	0	"[""A"", ""B"", ""C"", ""D"", ""E""]"	"{""A"": ""24"", ""B"": ""25"", ""C"": ""1"", ""D"": ""0"", ""E"": ""none of the other options is correct""}"	"[""(A) 24"", ""(B) 25"", ""(C) 1"", ""(D) 0"", ""(E) none of the other options is correct""]"	(D) 0	D
3a10f689-e269-5b58-9a62-21468683fbf4	4	perception	pitch	relative	pitch-relative	interval-recognition		interval statistics	How many times is the interval {interval} present in the {voice} line?	"[""voice"", ""interval""]"	get_interval_quantity		interval	"{""voice"": ""bass"", ""interval"": ""Augmented Sixth""}"	How many times is the interval Augmented Sixth present in the bass line?	Jan_DuGrosserSchmerzensmann	chorale-bricks	Jan_DuGrosserSchmerzensmann	data/chorale-bricks/Jan_DuGrosserSchmerzensmann	0	"[""1"", ""2"", ""18"", ""19"", ""24"", ""25"", ""42"", ""58"", ""69""]"	"[""1"", ""25"", ""24"", ""2"", ""19"", ""18"", ""58"", ""69"", ""42""]"	symbolic	symbolic.abc.txt	data/chorale-bricks/Jan_DuGrosserSchmerzensmann/symbolic.abc.txt	0	"[""0"", ""none of the other options is correct"", ""1"", ""25"", ""24""]"	0.2	0	"[""A"", ""B"", ""C"", ""D"", ""E""]"	"{""A"": ""1"", ""B"": ""24"", ""C"": ""25"", ""D"": ""none of the other options is correct"", ""E"": ""0""}"	"[""(A) 1"", ""(B) 24"", ""(C) 25"", ""(D) none of the other options is correct"", ""(E) 0""]"	(E) 0	E
d6c9977d-19ad-56e3-bfbc-8f320641e7e0	4	perception	pitch	relative	pitch-relative	interval-recognition		interval statistics	How many times is the interval {interval} present in the {voice} line?	"[""voice"", ""interval""]"	get_interval_quantity		interval	"{""voice"": ""bass"", ""interval"": ""Augmented Sixth""}"	How many times is the interval Augmented Sixth present in the bass line?	Jan_DuGrosserSchmerzensmann	chorale-bricks	Jan_DuGrosserSchmerzensmann	data/chorale-bricks/Jan_DuGrosserSchmerzensmann	0	"[""1"", ""2"", ""18"", ""19"", ""24"", ""25"", ""42"", ""58"", ""69""]"	"[""1"", ""25"", ""24"", ""2"", ""19"", ""18"", ""58"", ""69"", ""42""]"	visual	visual.short.png	data/chorale-bricks/Jan_DuGrosserSchmerzensmann/visual.short.png	0	"[""0"", ""none of the other options is correct"", ""1"", ""25"", ""24""]"	0.2	0	"[""A"", ""B"", ""C"", ""D"", ""E""]"	"{""A"": ""24"", ""B"": ""0"", ""C"": ""1"", ""D"": ""none of the other options is correct"", ""E"": ""25""}"	"[""(A) 24"", ""(B) 0"", ""(C) 1"", ""(D) none of the other options is correct"", ""(E) 25""]"	(B) 0	B
dfa703fd-ef03-5945-b4e1-ccb544e00540	4	perception	pitch	relative	pitch-relative	interval-recognition		interval statistics	How many times is the interval {interval} present in the {voice} line?	"[""voice"", ""interval""]"	get_interval_quantity		interval	"{""voice"": ""alto"", ""interval"": ""Minor Second""}"	How many times is the interval Minor Second present in the alto line?	Vulpius_ChristusDerIstMeinLeben	chorale-bricks	Vulpius_ChristusDerIstMeinLeben	data/chorale-bricks/Vulpius_ChristusDerIstMeinLeben	10	"[""2"", ""5"", ""14"", ""29"", ""30"", ""37""]"	"[""37"", ""5"", ""29"", ""14"", ""30"", ""2""]"	audio	audio.mastermix.wav	data/chorale-bricks/Vulpius_ChristusDerIstMeinLeben/audio.mastermix.wav	none of the other options is correct	"[""none of the other options is correct"", ""37"", ""5"", ""29"", ""14""]"	0.2	1	"[""A"", ""B"", ""C"", ""D"", ""E""]"	"{""A"": ""none of the other options is correct"", ""B"": ""14"", ""C"": ""5"", ""D"": ""29"", ""E"": ""37""}"	"[""(A) none of the other options is correct"", ""(B) 14"", ""(C) 5"", ""(D) 29"", ""(E) 37""]"	(A) none of the other options is correct	A
9f14d010-e692-55d5-b956-07552f839c92	4	perception	pitch	relative	pitch-relative	interval-recognition		interval statistics	How many times is the interval {interval} present in the {voice} line?	"[""voice"", ""interval""]"	get_interval_quantity		interval	"{""voice"": ""alto"", ""interval"": ""Minor Second""}"	How many times is the interval Minor Second present in the alto line?	Vulpius_ChristusDerIstMeinLeben	chorale-bricks	Vulpius_ChristusDerIstMeinLeben	data/chorale-bricks/Vulpius_ChristusDerIstMeinLeben	10	"[""2"", ""5"", ""14"", ""29"", ""30"", ""37""]"	"[""37"", ""5"", ""29"", ""14"", ""30"", ""2""]"	symbolic	symbolic.abc.txt	data/chorale-bricks/Vulpius_ChristusDerIstMeinLeben/symbolic.abc.txt	10	"[""10"", ""none of the other options is correct"", ""37"", ""5"", ""29""]"	0.2	0	"[""A"", ""B"", ""C"", ""D"", ""E""]"	"{""A"": ""none of the other options is correct"", ""B"": ""37"", ""C"": ""5"", ""D"": ""29"", ""E"": ""10""}"	"[""(A) none of the other options is correct"", ""(B) 37"", ""(C) 5"", ""(D) 29"", ""(E) 10""]"	(E) 10	E
477d9b64-77fd-5e12-95e5-838fda059cfe	4	perception	pitch	relative	pitch-relative	interval-recognition		interval statistics	How many times is the interval {interval} present in the {voice} line?	"[""voice"", ""interval""]"	get_interval_quantity		interval	"{""voice"": ""alto"", ""interval"": ""Minor Second""}"	How many times is the interval Minor Second present in the alto line?	Vulpius_ChristusDerIstMeinLeben	chorale-bricks	Vulpius_ChristusDerIstMeinLeben	data/chorale-bricks/Vulpius_ChristusDerIstMeinLeben	10	"[""2"", ""5"", ""14"", ""29"", ""30"", ""37""]"	"[""37"", ""5"", ""29"", ""14"", ""30"", ""2""]"	visual	visual.short.png	data/chorale-bricks/Vulpius_ChristusDerIstMeinLeben/visual.short.png	10	"[""10"", ""none of the other options is correct"", ""37"", ""5"", ""29""]"	0.2	0	"[""A"", ""B"", ""C"", ""D"", ""E""]"	"{""A"": ""none of the other options is correct"", ""B"": ""10"", ""C"": ""37"", ""D"": ""29"", ""E"": ""5""}"	"[""(A) none of the other options is correct"", ""(B) 10"", ""(C) 37"", ""(D) 29"", ""(E) 5""]"	(B) 10	B
35085beb-155d-5160-96ee-5882fabacd2f	4	perception	pitch	relative	pitch-relative	interval-recognition		interval statistics	How many times is the interval {interval} present in the {voice} line?	"[""voice"", ""interval""]"	get_interval_quantity		interval	"{""voice"": ""tenor"", ""interval"": ""Major Second""}"	How many times is the interval Major Second present in the tenor line?	Crueger_AufAufMeinHerzMitFreuden	chorale-bricks	Crueger_AufAufMeinHerzMitFreuden	data/chorale-bricks/Crueger_AufAufMeinHerzMitFreuden	19	"[""1"", ""2"", ""10"", ""21"", ""28"", ""35"", ""38"", ""48"", ""86""]"	"[""21"", ""86"", ""48"", ""35"", ""28"", ""2"", ""10"", ""38"", ""1""]"	audio	audio.mastermix.wav	data/chorale-bricks/Crueger_AufAufMeinHerzMitFreuden/audio.mastermix.wav	19	"[""19"", ""none of the other options is correct"", ""21"", ""86"", ""48""]"	0.2	0	"[""A"", ""B"", ""C"", ""D"", ""E""]"	"{""A"": ""21"", ""B"": ""19"", ""C"": ""none of the other options is correct"", ""D"": ""86"", ""E"": ""48""}"	"[""(A) 21"", ""(B) 19"", ""(C) none of the other options is correct"", ""(D) 86"", ""(E) 48""]"	(B) 19	B
5050f581-36a4-5d9a-bf3c-90f577795fa5	4	perception	pitch	relative	pitch-relative	interval-recognition		interval statistics	How many times is the interval {interval} present in the {voice} line?	"[""voice"", ""interval""]"	get_interval_quantity		interval	"{""voice"": ""tenor"", ""interval"": ""Major Second""}"	How many times is the interval Major Second present in the tenor line?	Crueger_AufAufMeinHerzMitFreuden	chorale-bricks	Crueger_AufAufMeinHerzMitFreuden	data/chorale-bricks/Crueger_AufAufMeinHerzMitFreuden	19	"[""1"", ""2"", ""10"", ""21"", ""28"", ""35"", ""38"", ""48"", ""86""]"	"[""21"", ""86"", ""48"", ""35"", ""28"", ""2"", ""10"", ""38"", ""1""]"	symbolic	symbolic.abc.txt	data/chorale-bricks/Crueger_AufAufMeinHerzMitFreuden/symbolic.abc.txt	19	"[""19"", ""none of the other options is correct"", ""21"", ""86"", ""48""]"	0.2	0	"[""A"", ""B"", ""C"", ""D"", ""E""]"	"{""A"": ""19"", ""B"": ""none of the other options is correct"", ""C"": ""21"", ""D"": ""48"", ""E"": ""86""}"	"[""(A) 19"", ""(B) none of the other options is correct"", ""(C) 21"", ""(D) 48"", ""(E) 86""]"	(A) 19	A
af9373da-8239-5cd3-a0ad-af6bb6b1ff57	4	perception	pitch	relative	pitch-relative	interval-recognition		interval statistics	How many times is the interval {interval} present in the {voice} line?	"[""voice"", ""interval""]"	get_interval_quantity		interval	"{""voice"": ""tenor"", ""interval"": ""Major Second""}"	How many times is the interval Major Second present in the tenor line?	Crueger_AufAufMeinHerzMitFreuden	chorale-bricks	Crueger_AufAufMeinHerzMitFreuden	data/chorale-bricks/Crueger_AufAufMeinHerzMitFreuden	19	"[""1"", ""2"", ""10"", ""21"", ""28"", ""35"", ""38"", ""48"", ""86""]"	"[""21"", ""86"", ""48"", ""35"", ""28"", ""2"", ""10"", ""38"", ""1""]"	visual	visual.short.png	data/chorale-bricks/Crueger_AufAufMeinHerzMitFreuden/visual.short.png	19	"[""19"", ""none of the other options is correct"", ""21"", ""86"", ""48""]"	0.2	0	"[""A"", ""B"", ""C"", ""D"", ""E""]"	"{""A"": ""21"", ""B"": ""48"", ""C"": ""none of the other options is correct"", ""D"": ""86"", ""E"": ""19""}"	"[""(A) 21"", ""(B) 48"", ""(C) none of the other options is correct"", ""(D) 86"", ""(E) 19""]"	(E) 19	E
a204fe0e-757d-5136-a038-884f09a84bd7	4	perception	pitch	relative	pitch-relative	interval-recognition		interval statistics	How many times is the interval {interval} present in the {voice} line?	"[""voice"", ""interval""]"	get_interval_quantity		interval	"{""voice"": ""alto"", ""interval"": ""Augmented Fourth""}"	How many times is the interval Augmented Fourth present in the alto line?	Gesius_DuFriedensfuerstHerrJesuChrist	chorale-bricks	Gesius_DuFriedensfuerstHerrJesuChrist	data/chorale-bricks/Gesius_DuFriedensfuerstHerrJesuChrist	0	"[""11"", ""13"", ""18"", ""26"", ""43"", ""44"", ""56""]"	"[""11"", ""26"", ""18"", ""43"", ""56"", ""13"", ""44""]"	audio	audio.mastermix.wav	data/chorale-bricks/Gesius_DuFriedensfuerstHerrJesuChrist/audio.mastermix.wav	0	"[""0"", ""none of the other options is correct"", ""11"", ""26"", ""18""]"	0.2	0	"[""A"", ""B"", ""C"", ""D"", ""E""]"	"{""A"": ""0"", ""B"": ""26"", ""C"": ""none of the other options is correct"", ""D"": ""11"", ""E"": ""18""}"	"[""(A) 0"", ""(B) 26"", ""(C) none of the other options is correct"", ""(D) 11"", ""(E) 18""]"	(A) 0	A
7006fb9b-257c-5df8-bc84-6df41d6cce98	4	perception	pitch	relative	pitch-relative	interval-recognition		interval statistics	How many times is the interval {interval} present in the {voice} line?	"[""voice"", ""interval""]"	get_interval_quantity		interval	"{""voice"": ""alto"", ""interval"": ""Augmented Fourth""}"	How many times is the interval Augmented Fourth present in the alto line?	Gesius_DuFriedensfuerstHerrJesuChrist	chorale-bricks	Gesius_DuFriedensfuerstHerrJesuChrist	data/chorale-bricks/Gesius_DuFriedensfuerstHerrJesuChrist	0	"[""11"", ""13"", ""18"", ""26"", ""43"", ""44"", ""56""]"	"[""11"", ""26"", ""18"", ""43"", ""56"", ""13"", ""44""]"	symbolic	symbolic.abc.txt	data/chorale-bricks/Gesius_DuFriedensfuerstHerrJesuChrist/symbolic.abc.txt	0	"[""0"", ""none of the other options is correct"", ""11"", ""26"", ""18""]"	0.2	0	"[""A"", ""B"", ""C"", ""D"", ""E""]"	"{""A"": ""none of the other options is correct"", ""B"": ""0"", ""C"": ""26"", ""D"": ""11"", ""E"": ""18""}"	"[""(A) none of the other options is correct"", ""(B) 0"", ""(C) 26"", ""(D) 11"", ""(E) 18""]"	(B) 0	B
626fce15-a636-5d99-943d-9b2dbe398863	4	perception	pitch	relative	pitch-relative	interval-recognition		interval statistics	How many times is the interval {interval} present in the {voice} line?	"[""voice"", ""interval""]"	get_interval_quantity		interval	"{""voice"": ""alto"", ""interval"": ""Augmented Fourth""}"	How many times is the interval Augmented Fourth present in the alto line?	Gesius_DuFriedensfuerstHerrJesuChrist	chorale-bricks	Gesius_DuFriedensfuerstHerrJesuChrist	data/chorale-bricks/Gesius_DuFriedensfuerstHerrJesuChrist	0	"[""11"", ""13"", ""18"", ""26"", ""43"", ""44"", ""56""]"	"[""11"", ""26"", ""18"", ""43"", ""56"", ""13"", ""44""]"	visual	visual.short.png	data/chorale-bricks/Gesius_DuFriedensfuerstHerrJesuChrist/visual.short.png	none of the other options is correct	"[""none of the other options is correct"", ""11"", ""26"", ""18"", ""43""]"	0.2	1	"[""A"", ""B"", ""C"", ""D"", ""E""]"	"{""A"": ""11"", ""B"": ""43"", ""C"": ""none of the other options is correct"", ""D"": ""26"", ""E"": ""18""}"	"[""(A) 11"", ""(B) 43"", ""(C) none of the other options is correct"", ""(D) 26"", ""(E) 18""]"	(C) none of the other options is correct	C
a15ad0d7-c34e-5ca3-a94f-defd2b3b09a3	4	perception	pitch	relative	pitch-relative	interval-recognition		interval statistics	How many times is the interval {interval} present in the {voice} line?	"[""voice"", ""interval""]"	get_interval_quantity		interval	"{""voice"": ""tenor"", ""interval"": ""Augmented Octave""}"	How many times is the interval Augmented Octave present in the tenor line?	Vulpius_ChristusDerIstMeinLeben	chorale-bricks	Vulpius_ChristusDerIstMeinLeben	data/chorale-bricks/Vulpius_ChristusDerIstMeinLeben	0	"[""2"", ""6"", ""14"", ""19"", ""23"", ""32"", ""35""]"	"[""14"", ""19"", ""32"", ""2"", ""35"", ""6"", ""23""]"	audio	audio.mastermix.wav	data/chorale-bricks/Vulpius_ChristusDerIstMeinLeben/audio.mastermix.wav	none of the other options is correct	"[""none of the other options is correct"", ""14"", ""19"", ""32"", ""2""]"	0.2	1	"[""A"", ""B"", ""C"", ""D"", ""E""]"	"{""A"": ""32"", ""B"": ""2"", ""C"": ""19"", ""D"": ""none of the other options is correct"", ""E"": ""14""}"	"[""(A) 32"", ""(B) 2"", ""(C) 19"", ""(D) none of the other options is correct"", ""(E) 14""]"	(D) none of the other options is correct	D
c460a692-4f28-5417-9ed1-82297f619c99	4	perception	pitch	relative	pitch-relative	interval-recognition		interval statistics	How many times is the interval {interval} present in the {voice} line?	"[""voice"", ""interval""]"	get_interval_quantity		interval	"{""voice"": ""tenor"", ""interval"": ""Augmented Octave""}"	How many times is the interval Augmented Octave present in the tenor line?	Vulpius_ChristusDerIstMeinLeben	chorale-bricks	Vulpius_ChristusDerIstMeinLeben	data/chorale-bricks/Vulpius_ChristusDerIstMeinLeben	0	"[""2"", ""6"", ""14"", ""19"", ""23"", ""32"", ""35""]"	"[""14"", ""19"", ""32"", ""2"", ""35"", ""6"", ""23""]"	symbolic	symbolic.abc.txt	data/chorale-bricks/Vulpius_ChristusDerIstMeinLeben/symbolic.abc.txt	0	"[""0"", ""none of the other options is correct"", ""14"", ""19"", ""32""]"	0.2	0	"[""A"", ""B"", ""C"", ""D"", ""E""]"	"{""A"": ""32"", ""B"": ""14"", ""C"": ""19"", ""D"": ""0"", ""E"": ""none of the other options is correct""}"	"[""(A) 32"", ""(B) 14"", ""(C) 19"", ""(D) 0"", ""(E) none of the other options is correct""]"	(D) 0	D
745a1a27-5fea-5bc1-82e4-f0fa4e895eaa	4	perception	pitch	relative	pitch-relative	interval-recognition		interval statistics	How many times is the interval {interval} present in the {voice} line?	"[""voice"", ""interval""]"	get_interval_quantity		interval	"{""voice"": ""tenor"", ""interval"": ""Augmented Octave""}"	How many times is the interval Augmented Octave present in the tenor line?	Vulpius_ChristusDerIstMeinLeben	chorale-bricks	Vulpius_ChristusDerIstMeinLeben	data/chorale-bricks/Vulpius_ChristusDerIstMeinLeben	0	"[""2"", ""6"", ""14"", ""19"", ""23"", ""32"", ""35""]"	"[""14"", ""19"", ""32"", ""2"", ""35"", ""6"", ""23""]"	visual	visual.short.png	data/chorale-bricks/Vulpius_ChristusDerIstMeinLeben/visual.short.png	0	"[""0"", ""none of the other options is correct"", ""14"", ""19"", ""32""]"	0.2	0	"[""A"", ""B"", ""C"", ""D"", ""E""]"	"{""A"": ""14"", ""B"": ""0"", ""C"": ""none of the other options is correct"", ""D"": ""19"", ""E"": ""32""}"	"[""(A) 14"", ""(B) 0"", ""(C) none of the other options is correct"", ""(D) 19"", ""(E) 32""]"	(B) 0	B
b1475486-59cd-5d0e-8e15-e0a855388aa2	4	perception	pitch	relative	pitch-relative	interval-recognition		interval statistics	How many times is the interval {interval} present in the {voice} line?	"[""voice"", ""interval""]"	get_interval_quantity		interval	"{""voice"": ""bass"", ""interval"": ""Augmented Fifth""}"	How many times is the interval Augmented Fifth present in the bass line?	Bach_IchStehAnDeinerKrippe	chorale-bricks	Bach_IchStehAnDeinerKrippe	data/chorale-bricks/Bach_IchStehAnDeinerKrippe	0	"[""1"", ""4"", ""12"", ""16"", ""31"", ""34"", ""43"", ""53"", ""68""]"	"[""43"", ""53"", ""1"", ""16"", ""4"", ""12"", ""34"", ""68"", ""31""]"	audio	audio.mastermix.wav	data/chorale-bricks/Bach_IchStehAnDeinerKrippe/audio.mastermix.wav	none of the other options is correct	"[""none of the other options is correct"", ""43"", ""53"", ""1"", ""16""]"	0.2	1	"[""A"", ""B"", ""C"", ""D"", ""E""]"	"{""A"": ""43"", ""B"": ""1"", ""C"": ""53"", ""D"": ""none of the other options is correct"", ""E"": ""16""}"	"[""(A) 43"", ""(B) 1"", ""(C) 53"", ""(D) none of the other options is correct"", ""(E) 16""]"	(D) none of the other options is correct	D
5e96751a-4f17-5f25-bb28-7f468eac932e	4	perception	pitch	relative	pitch-relative	interval-recognition		interval statistics	How many times is the interval {interval} present in the {voice} line?	"[""voice"", ""interval""]"	get_interval_quantity		interval	"{""voice"": ""bass"", ""interval"": ""Augmented Fifth""}"	How many times is the interval Augmented Fifth present in the bass line?	Bach_IchStehAnDeinerKrippe	chorale-bricks	Bach_IchStehAnDeinerKrippe	data/chorale-bricks/Bach_IchStehAnDeinerKrippe	0	"[""1"", ""4"", ""12"", ""16"", ""31"", ""34"", ""43"", ""53"", ""68""]"	"[""43"", ""53"", ""1"", ""16"", ""4"", ""12"", ""34"", ""68"", ""31""]"	symbolic	symbolic.abc.txt	data/chorale-bricks/Bach_IchStehAnDeinerKrippe/symbolic.abc.txt	0	"[""0"", ""none of the other options is correct"", ""43"", ""53"", ""1""]"	0.2	0	"[""A"", ""B"", ""C"", ""D"", ""E""]"	"{""A"": ""0"", ""B"": ""1"", ""C"": ""53"", ""D"": ""none of the other options is correct"", ""E"": ""43""}"	"[""(A) 0"", ""(B) 1"", ""(C) 53"", ""(D) none of the other options is correct"", ""(E) 43""]"	(A) 0	A
b67872fc-b1a6-56c1-8fe4-38c7deb3156e	4	perception	pitch	relative	pitch-relative	interval-recognition		interval statistics	How many times is the interval {interval} present in the {voice} line?	"[""voice"", ""interval""]"	get_interval_quantity		interval	"{""voice"": ""bass"", ""interval"": ""Augmented Fifth""}"	How many times is the interval Augmented Fifth present in the bass line?	Bach_IchStehAnDeinerKrippe	chorale-bricks	Bach_IchStehAnDeinerKrippe	data/chorale-bricks/Bach_IchStehAnDeinerKrippe	0	"[""1"", ""4"", ""12"", ""16"", ""31"", ""34"", ""43"", ""53"", ""68""]"	"[""43"", ""53"", ""1"", ""16"", ""4"", ""12"", ""34"", ""68"", ""31""]"	visual	visual.short.png	data/chorale-bricks/Bach_IchStehAnDeinerKrippe/visual.short.png	0	"[""0"", ""none of the other options is correct"", ""43"", ""53"", ""1""]"	0.2	0	"[""A"", ""B"", ""C"", ""D"", ""E""]"	"{""A"": ""none of the other options is correct"", ""B"": ""0"", ""C"": ""1"", ""D"": ""53"", ""E"": ""43""}"	"[""(A) none of the other options is correct"", ""(B) 0"", ""(C) 1"", ""(D) 53"", ""(E) 43""]"	(B) 0	B
ccd0c439-73ac-58a7-b6f8-b860a0e28911	4	perception	pitch	relative	pitch-relative	interval-recognition		interval statistics	How many times is the interval {interval} present in the {voice} line?	"[""voice"", ""interval""]"	get_interval_quantity		interval	"{""voice"": ""soprano"", ""interval"": ""Major Second""}"	How many times is the interval Major Second present in the soprano line?	Gesius_BefiehlDuDeineWege	chorale-bricks	Gesius_BefiehlDuDeineWege	data/chorale-bricks/Gesius_BefiehlDuDeineWege	17	"[""1"", ""10"", ""12"", ""22"", ""28"", ""49"", ""59"", ""77""]"	"[""59"", ""22"", ""28"", ""12"", ""49"", ""1"", ""10"", ""77""]"	audio	audio.mastermix.wav	data/chorale-bricks/Gesius_BefiehlDuDeineWege/audio.mastermix.wav	17	"[""17"", ""none of the other options is correct"", ""59"", ""22"", ""28""]"	0.2	0	"[""A"", ""B"", ""C"", ""D"", ""E""]"	"{""A"": ""22"", ""B"": ""none of the other options is correct"", ""C"": ""28"", ""D"": ""17"", ""E"": ""59""}"	"[""(A) 22"", ""(B) none of the other options is correct"", ""(C) 28"", ""(D) 17"", ""(E) 59""]"	(D) 17	D
52043e9e-267f-51dc-b9d1-5a6b351b2df2	4	perception	pitch	relative	pitch-relative	interval-recognition		interval statistics	How many times is the interval {interval} present in the {voice} line?	"[""voice"", ""interval""]"	get_interval_quantity		interval	"{""voice"": ""soprano"", ""interval"": ""Major Second""}"	How many times is the interval Major Second present in the soprano line?	Gesius_BefiehlDuDeineWege	chorale-bricks	Gesius_BefiehlDuDeineWege	data/chorale-bricks/Gesius_BefiehlDuDeineWege	17	"[""1"", ""10"", ""12"", ""22"", ""28"", ""49"", ""59"", ""77""]"	"[""59"", ""22"", ""28"", ""12"", ""49"", ""1"", ""10"", ""77""]"	symbolic	symbolic.abc.txt	data/chorale-bricks/Gesius_BefiehlDuDeineWege/symbolic.abc.txt	17	"[""17"", ""none of the other options is correct"", ""59"", ""22"", ""28""]"	0.2	0	"[""A"", ""B"", ""C"", ""D"", ""E""]"	"{""A"": ""17"", ""B"": ""none of the other options is correct"", ""C"": ""22"", ""D"": ""59"", ""E"": ""28""}"	"[""(A) 17"", ""(B) none of the other options is correct"", ""(C) 22"", ""(D) 59"", ""(E) 28""]"	(A) 17	A
275e5373-a08f-5c40-9489-ae33b6ee43a3	4	perception	pitch	relative	pitch-relative	interval-recognition		interval statistics	How many times is the interval {interval} present in the {voice} line?	"[""voice"", ""interval""]"	get_interval_quantity		interval	"{""voice"": ""soprano"", ""interval"": ""Major Second""}"	How many times is the interval Major Second present in the soprano line?	Gesius_BefiehlDuDeineWege	chorale-bricks	Gesius_BefiehlDuDeineWege	data/chorale-bricks/Gesius_BefiehlDuDeineWege	17	"[""1"", ""10"", ""12"", ""22"", ""28"", ""49"", ""59"", ""77""]"	"[""59"", ""22"", ""28"", ""12"", ""49"", ""1"", ""10"", ""77""]"	visual	visual.short.png	data/chorale-bricks/Gesius_BefiehlDuDeineWege/visual.short.png	17	"[""17"", ""none of the other options is correct"", ""59"", ""22"", ""28""]"	0.2	0	"[""A"", ""B"", ""C"", ""D"", ""E""]"	"{""A"": ""28"", ""B"": ""59"", ""C"": ""none of the other options is correct"", ""D"": ""22"", ""E"": ""17""}"	"[""(A) 28"", ""(B) 59"", ""(C) none of the other options is correct"", ""(D) 22"", ""(E) 17""]"	(E) 17	E
6e92b4ba-363f-5699-af63-a8fcd0b29e35	4	perception	pitch	relative	pitch-relative	interval-recognition		interval statistics	How many times is the interval {interval} present in the {voice} line?	"[""voice"", ""interval""]"	get_interval_quantity		interval	"{""voice"": ""tenor"", ""interval"": ""Augmented Sixth""}"	How many times is the interval Augmented Sixth present in the tenor line?	Vulpius_ChristusDerIstMeinLeben	chorale-bricks	Vulpius_ChristusDerIstMeinLeben	data/chorale-bricks/Vulpius_ChristusDerIstMeinLeben	0	"[""2"", ""6"", ""14"", ""19"", ""23"", ""32"", ""35""]"	"[""14"", ""2"", ""32"", ""6"", ""23"", ""35"", ""19""]"	audio	audio.mastermix.wav	data/chorale-bricks/Vulpius_ChristusDerIstMeinLeben/audio.mastermix.wav	0	"[""0"", ""none of the other options is correct"", ""14"", ""2"", ""32""]"	0.2	0	"[""A"", ""B"", ""C"", ""D"", ""E""]"	"{""A"": ""0"", ""B"": ""none of the other options is correct"", ""C"": ""2"", ""D"": ""14"", ""E"": ""32""}"	"[""(A) 0"", ""(B) none of the other options is correct"", ""(C) 2"", ""(D) 14"", ""(E) 32""]"	(A) 0	A
67d73e7d-40f1-5cf0-a5e5-f90d0893d9dc	4	perception	pitch	relative	pitch-relative	interval-recognition		interval statistics	How many times is the interval {interval} present in the {voice} line?	"[""voice"", ""interval""]"	get_interval_quantity		interval	"{""voice"": ""tenor"", ""interval"": ""Augmented Sixth""}"	How many times is the interval Augmented Sixth present in the tenor line?	Vulpius_ChristusDerIstMeinLeben	chorale-bricks	Vulpius_ChristusDerIstMeinLeben	data/chorale-bricks/Vulpius_ChristusDerIstMeinLeben	0	"[""2"", ""6"", ""14"", ""19"", ""23"", ""32"", ""35""]"	"[""14"", ""2"", ""32"", ""6"", ""23"", ""35"", ""19""]"	symbolic	symbolic.abc.txt	data/chorale-bricks/Vulpius_ChristusDerIstMeinLeben/symbolic.abc.txt	none of the other options is correct	"[""none of the other options is correct"", ""14"", ""2"", ""32"", ""6""]"	0.2	1	"[""A"", ""B"", ""C"", ""D"", ""E""]"	"{""A"": ""2"", ""B"": ""none of the other options is correct"", ""C"": ""6"", ""D"": ""32"", ""E"": ""14""}"	"[""(A) 2"", ""(B) none of the other options is correct"", ""(C) 6"", ""(D) 32"", ""(E) 14""]"	(B) none of the other options is correct	B
7eead8b7-463f-577c-953c-4c14e3bc181a	4	perception	pitch	relative	pitch-relative	interval-recognition		interval statistics	How many times is the interval {interval} present in the {voice} line?	"[""voice"", ""interval""]"	get_interval_quantity		interval	"{""voice"": ""tenor"", ""interval"": ""Augmented Sixth""}"	How many times is the interval Augmented Sixth present in the tenor line?	Vulpius_ChristusDerIstMeinLeben	chorale-bricks	Vulpius_ChristusDerIstMeinLeben	data/chorale-bricks/Vulpius_ChristusDerIstMeinLeben	0	"[""2"", ""6"", ""14"", ""19"", ""23"", ""32"", ""35""]"	"[""14"", ""2"", ""32"", ""6"", ""23"", ""35"", ""19""]"	visual	visual.short.png	data/chorale-bricks/Vulpius_ChristusDerIstMeinLeben/visual.short.png	0	"[""0"", ""none of the other options is correct"", ""14"", ""2"", ""32""]"	0.2	0	"[""A"", ""B"", ""C"", ""D"", ""E""]"	"{""A"": ""32"", ""B"": ""2"", ""C"": ""14"", ""D"": ""0"", ""E"": ""none of the other options is correct""}"	"[""(A) 32"", ""(B) 2"", ""(C) 14"", ""(D) 0"", ""(E) none of the other options is correct""]"	(D) 0	D
d00a152e-c290-5893-bf90-4c55abb8a95f	4	perception	pitch	relative	pitch-relative	interval-recognition		interval statistics	How many times is the interval {interval} present in the {voice} line?	"[""voice"", ""interval""]"	get_interval_quantity		interval	"{""voice"": ""soprano"", ""interval"": ""Minor Seventh""}"	How many times is the interval Minor Seventh present in the soprano line?	Crueger_AufAufMeinHerzMitFreuden	chorale-bricks	Crueger_AufAufMeinHerzMitFreuden	data/chorale-bricks/Crueger_AufAufMeinHerzMitFreuden	0	"[""1"", ""14"", ""19"", ""23"", ""28"", ""42"", ""51"", ""96""]"	"[""23"", ""28"", ""1"", ""19"", ""42"", ""14"", ""51"", ""96""]"	audio	audio.mastermix.wav	data/chorale-bricks/Crueger_AufAufMeinHerzMitFreuden/audio.mastermix.wav	0	"[""0"", ""none of the other options is correct"", ""23"", ""28"", ""1""]"	0.2	0	"[""A"", ""B"", ""C"", ""D"", ""E""]"	"{""A"": ""23"", ""B"": ""1"", ""C"": ""0"", ""D"": ""none of the other options is correct"", ""E"": ""28""}"	"[""(A) 23"", ""(B) 1"", ""(C) 0"", ""(D) none of the other options is correct"", ""(E) 28""]"	(C) 0	C
66d11fb4-cc06-5126-9d23-05d426ec0f1e	4	perception	pitch	relative	pitch-relative	interval-recognition		interval statistics	How many times is the interval {interval} present in the {voice} line?	"[""voice"", ""interval""]"	get_interval_quantity		interval	"{""voice"": ""soprano"", ""interval"": ""Minor Seventh""}"	How many times is the interval Minor Seventh present in the soprano line?	Crueger_AufAufMeinHerzMitFreuden	chorale-bricks	Crueger_AufAufMeinHerzMitFreuden	data/chorale-bricks/Crueger_AufAufMeinHerzMitFreuden	0	"[""1"", ""14"", ""19"", ""23"", ""28"", ""42"", ""51"", ""96""]"	"[""23"", ""28"", ""1"", ""19"", ""42"", ""14"", ""51"", ""96""]"	symbolic	symbolic.abc.txt	data/chorale-bricks/Crueger_AufAufMeinHerzMitFreuden/symbolic.abc.txt	0	"[""0"", ""none of the other options is correct"", ""23"", ""28"", ""1""]"	0.2	0	"[""A"", ""B"", ""C"", ""D"", ""E""]"	"{""A"": ""1"", ""B"": ""23"", ""C"": ""0"", ""D"": ""none of the other options is correct"", ""E"": ""28""}"	"[""(A) 1"", ""(B) 23"", ""(C) 0"", ""(D) none of the other options is correct"", ""(E) 28""]"	(C) 0	C
6b5ef0d3-9b28-5d4f-8aeb-7d0ad2560a2d	4	perception	pitch	relative	pitch-relative	interval-recognition		interval statistics	How many times is the interval {interval} present in the {voice} line?	"[""voice"", ""interval""]"	get_interval_quantity		interval	"{""voice"": ""soprano"", ""interval"": ""Minor Seventh""}"	How many times is the interval Minor Seventh present in the soprano line?	Crueger_AufAufMeinHerzMitFreuden	chorale-bricks	Crueger_AufAufMeinHerzMitFreuden	data/chorale-bricks/Crueger_AufAufMeinHerzMitFreuden	0	"[""1"", ""14"", ""19"", ""23"", ""28"", ""42"", ""51"", ""96""]"	"[""23"", ""28"", ""1"", ""19"", ""42"", ""14"", ""51"", ""96""]"	visual	visual.short.png	data/chorale-bricks/Crueger_AufAufMeinHerzMitFreuden/visual.short.png	0	"[""0"", ""none of the other options is correct"", ""23"", ""28"", ""1""]"	0.2	0	"[""A"", ""B"", ""C"", ""D"", ""E""]"	"{""A"": ""28"", ""B"": ""23"", ""C"": ""0"", ""D"": ""none of the other options is correct"", ""E"": ""1""}"	"[""(A) 28"", ""(B) 23"", ""(C) 0"", ""(D) none of the other options is correct"", ""(E) 1""]"	(C) 0	C
9d8cab83-08f7-5a5e-8d09-ba96854f53b7	4	perception	pitch	relative	pitch-relative	interval-recognition		interval statistics	How many times is the interval {interval} present in the {voice} line?	"[""voice"", ""interval""]"	get_interval_quantity		interval	"{""voice"": ""soprano"", ""interval"": ""Major Second""}"	How many times is the interval Major Second present in the soprano line?	Telemann_DerLiebenSonneLichtUndPracht	chorale-bricks	Telemann_DerLiebenSonneLichtUndPracht	data/chorale-bricks/Telemann_DerLiebenSonneLichtUndPracht	26	"[""1"", ""4"", ""10"", ""17"", ""20"", ""38"", ""48"", ""61"", ""95""]"	"[""4"", ""17"", ""61"", ""38"", ""48"", ""1"", ""95"", ""10"", ""20""]"	audio	audio.mastermix.wav	data/chorale-bricks/Telemann_DerLiebenSonneLichtUndPracht/audio.mastermix.wav	26	"[""26"", ""none of the other options is correct"", ""4"", ""17"", ""61""]"	0.2	0	"[""A"", ""B"", ""C"", ""D"", ""E""]"	"{""A"": ""61"", ""B"": ""26"", ""C"": ""none of the other options is correct"", ""D"": ""4"", ""E"": ""17""}"	"[""(A) 61"", ""(B) 26"", ""(C) none of the other options is correct"", ""(D) 4"", ""(E) 17""]"	(B) 26	B
c2ca7578-6be6-568d-ae16-b260d1fac624	4	perception	pitch	relative	pitch-relative	interval-recognition		interval statistics	How many times is the interval {interval} present in the {voice} line?	"[""voice"", ""interval""]"	get_interval_quantity		interval	"{""voice"": ""soprano"", ""interval"": ""Major Second""}"	How many times is the interval Major Second present in the soprano line?	Telemann_DerLiebenSonneLichtUndPracht	chorale-bricks	Telemann_DerLiebenSonneLichtUndPracht	data/chorale-bricks/Telemann_DerLiebenSonneLichtUndPracht	26	"[""1"", ""4"", ""10"", ""17"", ""20"", ""38"", ""48"", ""61"", ""95""]"	"[""4"", ""17"", ""61"", ""38"", ""48"", ""1"", ""95"", ""10"", ""20""]"	symbolic	symbolic.abc.txt	data/chorale-bricks/Telemann_DerLiebenSonneLichtUndPracht/symbolic.abc.txt	26	"[""26"", ""none of the other options is correct"", ""4"", ""17"", ""61""]"	0.2	0	"[""A"", ""B"", ""C"", ""D"", ""E""]"	"{""A"": ""none of the other options is correct"", ""B"": ""4"", ""C"": ""26"", ""D"": ""61"", ""E"": ""17""}"	"[""(A) none of the other options is correct"", ""(B) 4"", ""(C) 26"", ""(D) 61"", ""(E) 17""]"	(C) 26	C
14879f34-3c49-591e-92d0-a34e7542308d	4	perception	pitch	relative	pitch-relative	interval-recognition		interval statistics	How many times is the interval {interval} present in the {voice} line?	"[""voice"", ""interval""]"	get_interval_quantity		interval	"{""voice"": ""soprano"", ""interval"": ""Major Second""}"	How many times is the interval Major Second present in the soprano line?	Telemann_DerLiebenSonneLichtUndPracht	chorale-bricks	Telemann_DerLiebenSonneLichtUndPracht	data/chorale-bricks/Telemann_DerLiebenSonneLichtUndPracht	26	"[""1"", ""4"", ""10"", ""17"", ""20"", ""38"", ""48"", ""61"", ""95""]"	"[""4"", ""17"", ""61"", ""38"", ""48"", ""1"", ""95"", ""10"", ""20""]"	visual	visual.short.png	data/chorale-bricks/Telemann_DerLiebenSonneLichtUndPracht/visual.short.png	none of the other options is correct	"[""none of the other options is correct"", ""4"", ""17"", ""61"", ""38""]"	0.2	1	"[""A"", ""B"", ""C"", ""D"", ""E""]"	"{""A"": ""61"", ""B"": ""17"", ""C"": ""38"", ""D"": ""none of the other options is correct"", ""E"": ""4""}"	"[""(A) 61"", ""(B) 17"", ""(C) 38"", ""(D) none of the other options is correct"", ""(E) 4""]"	(D) none of the other options is correct	D
0d869895-7080-573a-be42-16082745e991	5	perception	rhythm	absolute	rhythm-absolute	rhythmic-recognition		note length	What is the rhythmic notation of the {target_index} {voice} note (or rest)?	"[""target_index"", ""voice""]"	get_nth_rhythm		rhythm	"{""target_index"": ""23rd"", ""voice"": ""bass""}"	What is the rhythmic notation of the 23rd bass note (or rest)?	Gesius_BefiehlDuDeineWege	chorale-bricks	Gesius_BefiehlDuDeineWege	data/chorale-bricks/Gesius_BefiehlDuDeineWege	quarter	"[""dotted-half"", ""dotted-longa"", ""half"", ""whole""]"	"[""half"", ""whole"", ""dotted-half"", ""dotted-longa""]"	audio	audio.mastermix.wav	data/chorale-bricks/Gesius_BefiehlDuDeineWege/audio.mastermix.wav	none of the other options is correct	"[""none of the other options is correct"", ""half"", ""whole"", ""dotted-half"", ""dotted-longa""]"	0.2	1	"[""A"", ""B"", ""C"", ""D"", ""E""]"	"{""A"": ""dotted-longa"", ""B"": ""half"", ""C"": ""none of the other options is correct"", ""D"": ""dotted-half"", ""E"": ""whole""}"	"[""(A) dotted-longa"", ""(B) half"", ""(C) none of the other options is correct"", ""(D) dotted-half"", ""(E) whole""]"	(C) none of the other options is correct	C
17a083eb-d845-5667-8379-210e6f678358	5	perception	rhythm	absolute	rhythm-absolute	rhythmic-recognition		note length	What is the rhythmic notation of the {target_index} {voice} note (or rest)?	"[""target_index"", ""voice""]"	get_nth_rhythm		rhythm	"{""target_index"": ""23rd"", ""voice"": ""bass""}"	What is the rhythmic notation of the 23rd bass note (or rest)?	Gesius_BefiehlDuDeineWege	chorale-bricks	Gesius_BefiehlDuDeineWege	data/chorale-bricks/Gesius_BefiehlDuDeineWege	quarter	"[""dotted-half"", ""dotted-longa"", ""half"", ""whole""]"	"[""half"", ""whole"", ""dotted-half"", ""dotted-longa""]"	symbolic	symbolic.abc.txt	data/chorale-bricks/Gesius_BefiehlDuDeineWege/symbolic.abc.txt	quarter	"[""quarter"", ""none of the other options is correct"", ""half"", ""whole"", ""dotted-half""]"	0.2	0	"[""A"", ""B"", ""C"", ""D"", ""E""]"	"{""A"": ""quarter"", ""B"": ""half"", ""C"": ""dotted-half"", ""D"": ""none of the other options is correct"", ""E"": ""whole""}"	"[""(A) quarter"", ""(B) half"", ""(C) dotted-half"", ""(D) none of the other options is correct"", ""(E) whole""]"	(A) quarter	A
59549925-0ea4-5d27-8158-ba925707b35d	5	perception	rhythm	absolute	rhythm-absolute	rhythmic-recognition		note length	What is the rhythmic notation of the {target_index} {voice} note (or rest)?	"[""target_index"", ""voice""]"	get_nth_rhythm		rhythm	"{""target_index"": ""23rd"", ""voice"": ""bass""}"	What is the rhythmic notation of the 23rd bass note (or rest)?	Gesius_BefiehlDuDeineWege	chorale-bricks	Gesius_BefiehlDuDeineWege	data/chorale-bricks/Gesius_BefiehlDuDeineWege	quarter	"[""dotted-half"", ""dotted-longa"", ""half"", ""whole""]"	"[""half"", ""whole"", ""dotted-half"", ""dotted-longa""]"	visual	visual.short.png	data/chorale-bricks/Gesius_BefiehlDuDeineWege/visual.short.png	quarter	"[""quarter"", ""none of the other options is correct"", ""half"", ""whole"", ""dotted-half""]"	0.2	0	"[""A"", ""B"", ""C"", ""D"", ""E""]"	"{""A"": ""dotted-half"", ""B"": ""whole"", ""C"": ""half"", ""D"": ""quarter"", ""E"": ""none of the other options is correct""}"	"[""(A) dotted-half"", ""(B) whole"", ""(C) half"", ""(D) quarter"", ""(E) none of the other options is correct""]"	(D) quarter	D
101e6ec0-5455-58eb-890d-6c629d26fe2c	5	perception	rhythm	absolute	rhythm-absolute	rhythmic-recognition		note length	What is the rhythmic notation of the {target_index} {voice} note (or rest)?	"[""target_index"", ""voice""]"	get_nth_rhythm		rhythm	"{""target_index"": ""26th"", ""voice"": ""bass""}"	What is the rhythmic notation of the 26th bass note (or rest)?	Bach_IchStehAnDeinerKrippe	chorale-bricks	Bach_IchStehAnDeinerKrippe	data/chorale-bricks/Bach_IchStehAnDeinerKrippe	eighth	"[""dotted-half"", ""dotted-quarter"", ""half"", ""quarter""]"	"[""half"", ""dotted-quarter"", ""quarter"", ""dotted-half""]"	audio	audio.mastermix.wav	data/chorale-bricks/Bach_IchStehAnDeinerKrippe/audio.mastermix.wav	eighth	"[""eighth"", ""none of the other options is correct"", ""half"", ""dotted-quarter"", ""quarter""]"	0.2	0	"[""A"", ""B"", ""C"", ""D"", ""E""]"	"{""A"": ""quarter"", ""B"": ""eighth"", ""C"": ""dotted-quarter"", ""D"": ""half"", ""E"": ""none of the other options is correct""}"	"[""(A) quarter"", ""(B) eighth"", ""(C) dotted-quarter"", ""(D) half"", ""(E) none of the other options is correct""]"	(B) eighth	B
02c4332c-421b-5dda-8b0e-3e6cb43a356c	5	perception	rhythm	absolute	rhythm-absolute	rhythmic-recognition		note length	What is the rhythmic notation of the {target_index} {voice} note (or rest)?	"[""target_index"", ""voice""]"	get_nth_rhythm		rhythm	"{""target_index"": ""26th"", ""voice"": ""bass""}"	What is the rhythmic notation of the 26th bass note (or rest)?	Bach_IchStehAnDeinerKrippe	chorale-bricks	Bach_IchStehAnDeinerKrippe	data/chorale-bricks/Bach_IchStehAnDeinerKrippe	eighth	"[""dotted-half"", ""dotted-quarter"", ""half"", ""quarter""]"	"[""half"", ""dotted-quarter"", ""quarter"", ""dotted-half""]"	symbolic	symbolic.abc.txt	data/chorale-bricks/Bach_IchStehAnDeinerKrippe/symbolic.abc.txt	eighth	"[""eighth"", ""none of the other options is correct"", ""half"", ""dotted-quarter"", ""quarter""]"	0.2	0	"[""A"", ""B"", ""C"", ""D"", ""E""]"	"{""A"": ""eighth"", ""B"": ""half"", ""C"": ""none of the other options is correct"", ""D"": ""dotted-quarter"", ""E"": ""quarter""}"	"[""(A) eighth"", ""(B) half"", ""(C) none of the other options is correct"", ""(D) dotted-quarter"", ""(E) quarter""]"	(A) eighth	A
6c76e502-a773-506b-b3bb-c0b225a039f8	5	perception	rhythm	absolute	rhythm-absolute	rhythmic-recognition		note length	What is the rhythmic notation of the {target_index} {voice} note (or rest)?	"[""target_index"", ""voice""]"	get_nth_rhythm		rhythm	"{""target_index"": ""26th"", ""voice"": ""bass""}"	What is the rhythmic notation of the 26th bass note (or rest)?	Bach_IchStehAnDeinerKrippe	chorale-bricks	Bach_IchStehAnDeinerKrippe	data/chorale-bricks/Bach_IchStehAnDeinerKrippe	eighth	"[""dotted-half"", ""dotted-quarter"", ""half"", ""quarter""]"	"[""half"", ""dotted-quarter"", ""quarter"", ""dotted-half""]"	visual	visual.short.png	data/chorale-bricks/Bach_IchStehAnDeinerKrippe/visual.short.png	eighth	"[""eighth"", ""none of the other options is correct"", ""half"", ""dotted-quarter"", ""quarter""]"	0.2	0	"[""A"", ""B"", ""C"", ""D"", ""E""]"	"{""A"": ""half"", ""B"": ""eighth"", ""C"": ""quarter"", ""D"": ""dotted-quarter"", ""E"": ""none of the other options is correct""}"	"[""(A) half"", ""(B) eighth"", ""(C) quarter"", ""(D) dotted-quarter"", ""(E) none of the other options is correct""]"	(B) eighth	B
a372e486-7b3e-54fc-b59a-ac8d36500fb8	5	perception	rhythm	absolute	rhythm-absolute	rhythmic-recognition		note length	What is the rhythmic notation of the {target_index} {voice} note (or rest)?	"[""target_index"", ""voice""]"	get_nth_rhythm		rhythm	"{""target_index"": ""18th"", ""voice"": ""tenor""}"	What is the rhythmic notation of the 18th tenor note (or rest)?	Telemann_DerLiebenSonneLichtUndPracht	chorale-bricks	Telemann_DerLiebenSonneLichtUndPracht	data/chorale-bricks/Telemann_DerLiebenSonneLichtUndPracht	quarter	"[""512th"", ""dotted-quarter"", ""eighth"", ""half""]"	"[""eighth"", ""half"", ""512th"", ""dotted-quarter""]"	audio	audio.mastermix.wav	data/chorale-bricks/Telemann_DerLiebenSonneLichtUndPracht/audio.mastermix.wav	quarter	"[""quarter"", ""none of the other options is correct"", ""eighth"", ""half"", ""512th""]"	0.2	0	"[""A"", ""B"", ""C"", ""D"", ""E""]"	"{""A"": ""512th"", ""B"": ""eighth"", ""C"": ""half"", ""D"": ""quarter"", ""E"": ""none of the other options is correct""}"	"[""(A) 512th"", ""(B) eighth"", ""(C) half"", ""(D) quarter"", ""(E) none of the other options is correct""]"	(D) quarter	D
697fc2d9-d1ca-5cc6-af9a-d5dbffda4dfc	5	perception	rhythm	absolute	rhythm-absolute	rhythmic-recognition		note length	What is the rhythmic notation of the {target_index} {voice} note (or rest)?	"[""target_index"", ""voice""]"	get_nth_rhythm		rhythm	"{""target_index"": ""18th"", ""voice"": ""tenor""}"	What is the rhythmic notation of the 18th tenor note (or rest)?	Telemann_DerLiebenSonneLichtUndPracht	chorale-bricks	Telemann_DerLiebenSonneLichtUndPracht	data/chorale-bricks/Telemann_DerLiebenSonneLichtUndPracht	quarter	"[""512th"", ""dotted-quarter"", ""eighth"", ""half""]"	"[""eighth"", ""half"", ""512th"", ""dotted-quarter""]"	symbolic	symbolic.abc.txt	data/chorale-bricks/Telemann_DerLiebenSonneLichtUndPracht/symbolic.abc.txt	quarter	"[""quarter"", ""none of the other options is correct"", ""eighth"", ""half"", ""512th""]"	0.2	0	"[""A"", ""B"", ""C"", ""D"", ""E""]"	"{""A"": ""quarter"", ""B"": ""none of the other options is correct"", ""C"": ""half"", ""D"": ""eighth"", ""E"": ""512th""}"	"[""(A) quarter"", ""(B) none of the other options is correct"", ""(C) half"", ""(D) eighth"", ""(E) 512th""]"	(A) quarter	A
f886c8b1-3e5f-5eca-9c3e-ac5461ec3f3f	5	perception	rhythm	absolute	rhythm-absolute	rhythmic-recognition		note length	What is the rhythmic notation of the {target_index} {voice} note (or rest)?	"[""target_index"", ""voice""]"	get_nth_rhythm		rhythm	"{""target_index"": ""18th"", ""voice"": ""tenor""}"	What is the rhythmic notation of the 18th tenor note (or rest)?	Telemann_DerLiebenSonneLichtUndPracht	chorale-bricks	Telemann_DerLiebenSonneLichtUndPracht	data/chorale-bricks/Telemann_DerLiebenSonneLichtUndPracht	quarter	"[""512th"", ""dotted-quarter"", ""eighth"", ""half""]"	"[""eighth"", ""half"", ""512th"", ""dotted-quarter""]"	visual	visual.short.png	data/chorale-bricks/Telemann_DerLiebenSonneLichtUndPracht/visual.short.png	none of the other options is correct	"[""none of the other options is correct"", ""eighth"", ""half"", ""512th"", ""dotted-quarter""]"	0.2	1	"[""A"", ""B"", ""C"", ""D"", ""E""]"	"{""A"": ""dotted-quarter"", ""B"": ""none of the other options is correct"", ""C"": ""half"", ""D"": ""512th"", ""E"": ""eighth""}"	"[""(A) dotted-quarter"", ""(B) none of the other options is correct"", ""(C) half"", ""(D) 512th"", ""(E) eighth""]"	(B) none of the other options is correct	B
62c613d9-ecb2-5d79-82cf-49f938e35116	5	perception	rhythm	absolute	rhythm-absolute	rhythmic-recognition		note length	What is the rhythmic notation of the {target_index} {voice} note (or rest)?	"[""target_index"", ""voice""]"	get_nth_rhythm		rhythm	"{""target_index"": ""12th"", ""voice"": ""tenor""}"	What is the rhythmic notation of the 12th tenor note (or rest)?	Vulpius_DieHelleSonnLeuchtJetztHerfuer	chorale-bricks	Vulpius_DieHelleSonnLeuchtJetztHerfuer	data/chorale-bricks/Vulpius_DieHelleSonnLeuchtJetztHerfuer	quarter	"[""1024th"", ""32nd"", ""dotted-half"", ""half""]"	"[""1024th"", ""dotted-half"", ""half"", ""32nd""]"	audio	audio.mastermix.wav	data/chorale-bricks/Vulpius_DieHelleSonnLeuchtJetztHerfuer/audio.mastermix.wav	quarter	"[""quarter"", ""none of the other options is correct"", ""1024th"", ""dotted-half"", ""half""]"	0.2	0	"[""A"", ""B"", ""C"", ""D"", ""E""]"	"{""A"": ""1024th"", ""B"": ""dotted-half"", ""C"": ""half"", ""D"": ""quarter"", ""E"": ""none of the other options is correct""}"	"[""(A) 1024th"", ""(B) dotted-half"", ""(C) half"", ""(D) quarter"", ""(E) none of the other options is correct""]"	(D) quarter	D
5618d98c-6a7f-5779-a07b-9a38810077a7	5	perception	rhythm	absolute	rhythm-absolute	rhythmic-recognition		note length	What is the rhythmic notation of the {target_index} {voice} note (or rest)?	"[""target_index"", ""voice""]"	get_nth_rhythm		rhythm	"{""target_index"": ""12th"", ""voice"": ""tenor""}"	What is the rhythmic notation of the 12th tenor note (or rest)?	Vulpius_DieHelleSonnLeuchtJetztHerfuer	chorale-bricks	Vulpius_DieHelleSonnLeuchtJetztHerfuer	data/chorale-bricks/Vulpius_DieHelleSonnLeuchtJetztHerfuer	quarter	"[""1024th"", ""32nd"", ""dotted-half"", ""half""]"	"[""1024th"", ""dotted-half"", ""half"", ""32nd""]"	symbolic	symbolic.abc.txt	data/chorale-bricks/Vulpius_DieHelleSonnLeuchtJetztHerfuer/symbolic.abc.txt	quarter	"[""quarter"", ""none of the other options is correct"", ""1024th"", ""dotted-half"", ""half""]"	0.2	0	"[""A"", ""B"", ""C"", ""D"", ""E""]"	"{""A"": ""half"", ""B"": ""1024th"", ""C"": ""quarter"", ""D"": ""none of the other options is correct"", ""E"": ""dotted-half""}"	"[""(A) half"", ""(B) 1024th"", ""(C) quarter"", ""(D) none of the other options is correct"", ""(E) dotted-half""]"	(C) quarter	C
a771491d-eb17-58f3-8fd2-8aeaf799c957	5	perception	rhythm	absolute	rhythm-absolute	rhythmic-recognition		note length	What is the rhythmic notation of the {target_index} {voice} note (or rest)?	"[""target_index"", ""voice""]"	get_nth_rhythm		rhythm	"{""target_index"": ""12th"", ""voice"": ""tenor""}"	What is the rhythmic notation of the 12th tenor note (or rest)?	Vulpius_DieHelleSonnLeuchtJetztHerfuer	chorale-bricks	Vulpius_DieHelleSonnLeuchtJetztHerfuer	data/chorale-bricks/Vulpius_DieHelleSonnLeuchtJetztHerfuer	quarter	"[""1024th"", ""32nd"", ""dotted-half"", ""half""]"	"[""1024th"", ""dotted-half"", ""half"", ""32nd""]"	visual	visual.short.png	data/chorale-bricks/Vulpius_DieHelleSonnLeuchtJetztHerfuer/visual.short.png	quarter	"[""quarter"", ""none of the other options is correct"", ""1024th"", ""dotted-half"", ""half""]"	0.2	0	"[""A"", ""B"", ""C"", ""D"", ""E""]"	"{""A"": ""quarter"", ""B"": ""half"", ""C"": ""1024th"", ""D"": ""none of the other options is correct"", ""E"": ""dotted-half""}"	"[""(A) quarter"", ""(B) half"", ""(C) 1024th"", ""(D) none of the other options is correct"", ""(E) dotted-half""]"	(A) quarter	A
d81f4751-d8d5-5a03-a405-276705b4533b	5	perception	rhythm	absolute	rhythm-absolute	rhythmic-recognition		note length	What is the rhythmic notation of the {target_index} {voice} note (or rest)?	"[""target_index"", ""voice""]"	get_nth_rhythm		rhythm	"{""target_index"": ""39th"", ""voice"": ""soprano""}"	What is the rhythmic notation of the 39th soprano note (or rest)?	Jan_DuGrosserSchmerzensmann	chorale-bricks	Jan_DuGrosserSchmerzensmann	data/chorale-bricks/Jan_DuGrosserSchmerzensmann	quarter	"[""dotted-half"", ""dotted-quarter"", ""eighth"", ""half""]"	"[""dotted-half"", ""dotted-quarter"", ""half"", ""eighth""]"	audio	audio.mastermix.wav	data/chorale-bricks/Jan_DuGrosserSchmerzensmann/audio.mastermix.wav	quarter	"[""quarter"", ""none of the other options is correct"", ""dotted-half"", ""dotted-quarter"", ""half""]"	0.2	0	"[""A"", ""B"", ""C"", ""D"", ""E""]"	"{""A"": ""quarter"", ""B"": ""none of the other options is correct"", ""C"": ""dotted-quarter"", ""D"": ""dotted-half"", ""E"": ""half""}"	"[""(A) quarter"", ""(B) none of the other options is correct"", ""(C) dotted-quarter"", ""(D) dotted-half"", ""(E) half""]"	(A) quarter	A
35260c36-ffa9-52c7-a9a9-6a282f180975	5	perception	rhythm	absolute	rhythm-absolute	rhythmic-recognition		note length	What is the rhythmic notation of the {target_index} {voice} note (or rest)?	"[""target_index"", ""voice""]"	get_nth_rhythm		rhythm	"{""target_index"": ""39th"", ""voice"": ""soprano""}"	What is the rhythmic notation of the 39th soprano note (or rest)?	Jan_DuGrosserSchmerzensmann	chorale-bricks	Jan_DuGrosserSchmerzensmann	data/chorale-bricks/Jan_DuGrosserSchmerzensmann	quarter	"[""dotted-half"", ""dotted-quarter"", ""eighth"", ""half""]"	"[""dotted-half"", ""dotted-quarter"", ""half"", ""eighth""]"	symbolic	symbolic.abc.txt	data/chorale-bricks/Jan_DuGrosserSchmerzensmann/symbolic.abc.txt	quarter	"[""quarter"", ""none of the other options is correct"", ""dotted-half"", ""dotted-quarter"", ""half""]"	0.2	0	"[""A"", ""B"", ""C"", ""D"", ""E""]"	"{""A"": ""none of the other options is correct"", ""B"": ""dotted-quarter"", ""C"": ""half"", ""D"": ""quarter"", ""E"": ""dotted-half""}"	"[""(A) none of the other options is correct"", ""(B) dotted-quarter"", ""(C) half"", ""(D) quarter"", ""(E) dotted-half""]"	(D) quarter	D
ad196a5a-2b09-57db-8c49-f4e68706d66d	5	perception	rhythm	absolute	rhythm-absolute	rhythmic-recognition		note length	What is the rhythmic notation of the {target_index} {voice} note (or rest)?	"[""target_index"", ""voice""]"	get_nth_rhythm		rhythm	"{""target_index"": ""39th"", ""voice"": ""soprano""}"	What is the rhythmic notation of the 39th soprano note (or rest)?	Jan_DuGrosserSchmerzensmann	chorale-bricks	Jan_DuGrosserSchmerzensmann	data/chorale-bricks/Jan_DuGrosserSchmerzensmann	quarter	"[""dotted-half"", ""dotted-quarter"", ""eighth"", ""half""]"	"[""dotted-half"", ""dotted-quarter"", ""half"", ""eighth""]"	visual	visual.short.png	data/chorale-bricks/Jan_DuGrosserSchmerzensmann/visual.short.png	quarter	"[""quarter"", ""none of the other options is correct"", ""dotted-half"", ""dotted-quarter"", ""half""]"	0.2	0	"[""A"", ""B"", ""C"", ""D"", ""E""]"	"{""A"": ""dotted-quarter"", ""B"": ""half"", ""C"": ""quarter"", ""D"": ""none of the other options is correct"", ""E"": ""dotted-half""}"	"[""(A) dotted-quarter"", ""(B) half"", ""(C) quarter"", ""(D) none of the other options is correct"", ""(E) dotted-half""]"	(C) quarter	C
a8a1678d-1d51-56c5-a4a5-0e9588ab1d60	5	perception	rhythm	absolute	rhythm-absolute	rhythmic-recognition		note length	What is the rhythmic notation of the {target_index} {voice} note (or rest)?	"[""target_index"", ""voice""]"	get_nth_rhythm		rhythm	"{""target_index"": ""55th"", ""voice"": ""alto""}"	What is the rhythmic notation of the 55th alto note (or rest)?	Anonymous_AusMeinesHerzensGrunde	chorale-bricks	Anonymous_AusMeinesHerzensGrunde	data/chorale-bricks/Anonymous_AusMeinesHerzensGrunde	half	"[""dotted-half"", ""dotted-quarter"", ""eighth"", ""quarter""]"	"[""dotted-half"", ""dotted-quarter"", ""eighth"", ""quarter""]"	audio	audio.mastermix.wav	data/chorale-bricks/Anonymous_AusMeinesHerzensGrunde/audio.mastermix.wav	half	"[""half"", ""none of the other options is correct"", ""dotted-half"", ""dotted-quarter"", ""eighth""]"	0.2	0	"[""A"", ""B"", ""C"", ""D"", ""E""]"	"{""A"": ""none of the other options is correct"", ""B"": ""half"", ""C"": ""dotted-quarter"", ""D"": ""eighth"", ""E"": ""dotted-half""}"	"[""(A) none of the other options is correct"", ""(B) half"", ""(C) dotted-quarter"", ""(D) eighth"", ""(E) dotted-half""]"	(B) half	B
aef60f59-0686-5416-9026-ad0800093447	5	perception	rhythm	absolute	rhythm-absolute	rhythmic-recognition		note length	What is the rhythmic notation of the {target_index} {voice} note (or rest)?	"[""target_index"", ""voice""]"	get_nth_rhythm		rhythm	"{""target_index"": ""55th"", ""voice"": ""alto""}"	What is the rhythmic notation of the 55th alto note (or rest)?	Anonymous_AusMeinesHerzensGrunde	chorale-bricks	Anonymous_AusMeinesHerzensGrunde	data/chorale-bricks/Anonymous_AusMeinesHerzensGrunde	half	"[""dotted-half"", ""dotted-quarter"", ""eighth"", ""quarter""]"	"[""dotted-half"", ""dotted-quarter"", ""eighth"", ""quarter""]"	symbolic	symbolic.abc.txt	data/chorale-bricks/Anonymous_AusMeinesHerzensGrunde/symbolic.abc.txt	half	"[""half"", ""none of the other options is correct"", ""dotted-half"", ""dotted-quarter"", ""eighth""]"	0.2	0	"[""A"", ""B"", ""C"", ""D"", ""E""]"	"{""A"": ""eighth"", ""B"": ""none of the other options is correct"", ""C"": ""half"", ""D"": ""dotted-half"", ""E"": ""dotted-quarter""}"	"[""(A) eighth"", ""(B) none of the other options is correct"", ""(C) half"", ""(D) dotted-half"", ""(E) dotted-quarter""]"	(C) half	C
9f71ccb3-56b2-53d6-a6dc-b35e613ebe00	5	perception	rhythm	absolute	rhythm-absolute	rhythmic-recognition		note length	What is the rhythmic notation of the {target_index} {voice} note (or rest)?	"[""target_index"", ""voice""]"	get_nth_rhythm		rhythm	"{""target_index"": ""55th"", ""voice"": ""alto""}"	What is the rhythmic notation of the 55th alto note (or rest)?	Anonymous_AusMeinesHerzensGrunde	chorale-bricks	Anonymous_AusMeinesHerzensGrunde	data/chorale-bricks/Anonymous_AusMeinesHerzensGrunde	half	"[""dotted-half"", ""dotted-quarter"", ""eighth"", ""quarter""]"	"[""dotted-half"", ""dotted-quarter"", ""eighth"", ""quarter""]"	visual	visual.short.png	data/chorale-bricks/Anonymous_AusMeinesHerzensGrunde/visual.short.png	half	"[""half"", ""none of the other options is correct"", ""dotted-half"", ""dotted-quarter"", ""eighth""]"	0.2	0	"[""A"", ""B"", ""C"", ""D"", ""E""]"	"{""A"": ""eighth"", ""B"": ""dotted-quarter"", ""C"": ""half"", ""D"": ""dotted-half"", ""E"": ""none of the other options is correct""}"	"[""(A) eighth"", ""(B) dotted-quarter"", ""(C) half"", ""(D) dotted-half"", ""(E) none of the other options is correct""]"	(C) half	C
07b37fa7-fd7c-5048-b949-0cc6ca4cf6a8	5	perception	rhythm	absolute	rhythm-absolute	rhythmic-recognition		note length	What is the rhythmic notation of the {target_index} {voice} note (or rest)?	"[""target_index"", ""voice""]"	get_nth_rhythm		rhythm	"{""target_index"": ""43rd"", ""voice"": ""tenor""}"	What is the rhythmic notation of the 43rd tenor note (or rest)?	Gesius_BefiehlDuDeineWege	chorale-bricks	Gesius_BefiehlDuDeineWege	data/chorale-bricks/Gesius_BefiehlDuDeineWege	half	"[""1024th"", ""dotted-64th"", ""dotted-half"", ""quarter""]"	"[""quarter"", ""1024th"", ""dotted-64th"", ""dotted-half""]"	audio	audio.mastermix.wav	data/chorale-bricks/Gesius_BefiehlDuDeineWege/audio.mastermix.wav	none of the other options is correct	"[""none of the other options is correct"", ""quarter"", ""1024th"", ""dotted-64th"", ""dotted-half""]"	0.2	1	"[""A"", ""B"", ""C"", ""D"", ""E""]"	"{""A"": ""none of the other options is correct"", ""B"": ""dotted-64th"", ""C"": ""1024th"", ""D"": ""dotted-half"", ""E"": ""quarter""}"	"[""(A) none of the other options is correct"", ""(B) dotted-64th"", ""(C) 1024th"", ""(D) dotted-half"", ""(E) quarter""]"	(A) none of the other options is correct	A
e14aa171-6172-5a86-afb2-5e7e4e15c1ba	5	perception	rhythm	absolute	rhythm-absolute	rhythmic-recognition		note length	What is the rhythmic notation of the {target_index} {voice} note (or rest)?	"[""target_index"", ""voice""]"	get_nth_rhythm		rhythm	"{""target_index"": ""43rd"", ""voice"": ""tenor""}"	What is the rhythmic notation of the 43rd tenor note (or rest)?	Gesius_BefiehlDuDeineWege	chorale-bricks	Gesius_BefiehlDuDeineWege	data/chorale-bricks/Gesius_BefiehlDuDeineWege	half	"[""1024th"", ""dotted-64th"", ""dotted-half"", ""quarter""]"	"[""quarter"", ""1024th"", ""dotted-64th"", ""dotted-half""]"	symbolic	symbolic.abc.txt	data/chorale-bricks/Gesius_BefiehlDuDeineWege/symbolic.abc.txt	half	"[""half"", ""none of the other options is correct"", ""quarter"", ""1024th"", ""dotted-64th""]"	0.2	0	"[""A"", ""B"", ""C"", ""D"", ""E""]"	"{""A"": ""1024th"", ""B"": ""quarter"", ""C"": ""none of the other options is correct"", ""D"": ""half"", ""E"": ""dotted-64th""}"	"[""(A) 1024th"", ""(B) quarter"", ""(C) none of the other options is correct"", ""(D) half"", ""(E) dotted-64th""]"	(D) half	D
dd6f97c6-e129-5644-97c7-79ab539888e3	5	perception	rhythm	absolute	rhythm-absolute	rhythmic-recognition		note length	What is the rhythmic notation of the {target_index} {voice} note (or rest)?	"[""target_index"", ""voice""]"	get_nth_rhythm		rhythm	"{""target_index"": ""43rd"", ""voice"": ""tenor""}"	What is the rhythmic notation of the 43rd tenor note (or rest)?	Gesius_BefiehlDuDeineWege	chorale-bricks	Gesius_BefiehlDuDeineWege	data/chorale-bricks/Gesius_BefiehlDuDeineWege	half	"[""1024th"", ""dotted-64th"", ""dotted-half"", ""quarter""]"	"[""quarter"", ""1024th"", ""dotted-64th"", ""dotted-half""]"	visual	visual.short.png	data/chorale-bricks/Gesius_BefiehlDuDeineWege/visual.short.png	half	"[""half"", ""none of the other options is correct"", ""quarter"", ""1024th"", ""dotted-64th""]"	0.2	0	"[""A"", ""B"", ""C"", ""D"", ""E""]"	"{""A"": ""none of the other options is correct"", ""B"": ""quarter"", ""C"": ""half"", ""D"": ""dotted-64th"", ""E"": ""1024th""}"	"[""(A) none of the other options is correct"", ""(B) quarter"", ""(C) half"", ""(D) dotted-64th"", ""(E) 1024th""]"	(C) half	C
a43fdf89-9b0c-5fc6-8554-014e0e554be8	5	perception	rhythm	absolute	rhythm-absolute	rhythmic-recognition		note length	What is the rhythmic notation of the {target_index} {voice} note (or rest)?	"[""target_index"", ""voice""]"	get_nth_rhythm		rhythm	"{""target_index"": ""4th"", ""voice"": ""alto""}"	What is the rhythmic notation of the 4th alto note (or rest)?	Vulpius_DieHelleSonnLeuchtJetztHerfuer	chorale-bricks	Vulpius_DieHelleSonnLeuchtJetztHerfuer	data/chorale-bricks/Vulpius_DieHelleSonnLeuchtJetztHerfuer	dotted-half	"[""dotted-duplex-maxima"", ""dotted-longa"", ""half"", ""quarter""]"	"[""quarter"", ""dotted-duplex-maxima"", ""dotted-longa"", ""half""]"	audio	audio.mastermix.wav	data/chorale-bricks/Vulpius_DieHelleSonnLeuchtJetztHerfuer/audio.mastermix.wav	dotted-half	"[""dotted-half"", ""none of the other options is correct"", ""quarter"", ""dotted-duplex-maxima"", ""dotted-longa""]"	0.2	0	"[""A"", ""B"", ""C"", ""D"", ""E""]"	"{""A"": ""quarter"", ""B"": ""dotted-duplex-maxima"", ""C"": ""dotted-half"", ""D"": ""none of the other options is correct"", ""E"": ""dotted-longa""}"	"[""(A) quarter"", ""(B) dotted-duplex-maxima"", ""(C) dotted-half"", ""(D) none of the other options is correct"", ""(E) dotted-longa""]"	(C) dotted-half	C
f00818a8-39a0-5202-afe0-004dfd96f608	5	perception	rhythm	absolute	rhythm-absolute	rhythmic-recognition		note length	What is the rhythmic notation of the {target_index} {voice} note (or rest)?	"[""target_index"", ""voice""]"	get_nth_rhythm		rhythm	"{""target_index"": ""4th"", ""voice"": ""alto""}"	What is the rhythmic notation of the 4th alto note (or rest)?	Vulpius_DieHelleSonnLeuchtJetztHerfuer	chorale-bricks	Vulpius_DieHelleSonnLeuchtJetztHerfuer	data/chorale-bricks/Vulpius_DieHelleSonnLeuchtJetztHerfuer	dotted-half	"[""dotted-duplex-maxima"", ""dotted-longa"", ""half"", ""quarter""]"	"[""quarter"", ""dotted-duplex-maxima"", ""dotted-longa"", ""half""]"	symbolic	symbolic.abc.txt	data/chorale-bricks/Vulpius_DieHelleSonnLeuchtJetztHerfuer/symbolic.abc.txt	dotted-half	"[""dotted-half"", ""none of the other options is correct"", ""quarter"", ""dotted-duplex-maxima"", ""dotted-longa""]"	0.2	0	"[""A"", ""B"", ""C"", ""D"", ""E""]"	"{""A"": ""dotted-longa"", ""B"": ""dotted-half"", ""C"": ""quarter"", ""D"": ""none of the other options is correct"", ""E"": ""dotted-duplex-maxima""}"	"[""(A) dotted-longa"", ""(B) dotted-half"", ""(C) quarter"", ""(D) none of the other options is correct"", ""(E) dotted-duplex-maxima""]"	(B) dotted-half	B
4f368e6c-6d04-5f3e-b120-5a8f1465002e	5	perception	rhythm	absolute	rhythm-absolute	rhythmic-recognition		note length	What is the rhythmic notation of the {target_index} {voice} note (or rest)?	"[""target_index"", ""voice""]"	get_nth_rhythm		rhythm	"{""target_index"": ""4th"", ""voice"": ""alto""}"	What is the rhythmic notation of the 4th alto note (or rest)?	Vulpius_DieHelleSonnLeuchtJetztHerfuer	chorale-bricks	Vulpius_DieHelleSonnLeuchtJetztHerfuer	data/chorale-bricks/Vulpius_DieHelleSonnLeuchtJetztHerfuer	dotted-half	"[""dotted-duplex-maxima"", ""dotted-longa"", ""half"", ""quarter""]"	"[""quarter"", ""dotted-duplex-maxima"", ""dotted-longa"", ""half""]"	visual	visual.short.png	data/chorale-bricks/Vulpius_DieHelleSonnLeuchtJetztHerfuer/visual.short.png	dotted-half	"[""dotted-half"", ""none of the other options is correct"", ""quarter"", ""dotted-duplex-maxima"", ""dotted-longa""]"	0.2	0	"[""A"", ""B"", ""C"", ""D"", ""E""]"	"{""A"": ""dotted-duplex-maxima"", ""B"": ""quarter"", ""C"": ""dotted-half"", ""D"": ""dotted-longa"", ""E"": ""none of the other options is correct""}"	"[""(A) dotted-duplex-maxima"", ""(B) quarter"", ""(C) dotted-half"", ""(D) dotted-longa"", ""(E) none of the other options is correct""]"	(C) dotted-half	C
acc0760c-044a-54c4-a6af-1030b835c195	5	perception	rhythm	absolute	rhythm-absolute	rhythmic-recognition		note length	What is the rhythmic notation of the {target_index} {voice} note (or rest)?	"[""target_index"", ""voice""]"	get_nth_rhythm		rhythm	"{""target_index"": ""32nd"", ""voice"": ""bass""}"	What is the rhythmic notation of the 32nd bass note (or rest)?	Anonymous_AusMeinesHerzensGrunde	chorale-bricks	Anonymous_AusMeinesHerzensGrunde	data/chorale-bricks/Anonymous_AusMeinesHerzensGrunde	quarter	"[""dotted-half"", ""dotted-quarter"", ""eighth"", ""half""]"	"[""dotted-quarter"", ""half"", ""eighth"", ""dotted-half""]"	audio	audio.mastermix.wav	data/chorale-bricks/Anonymous_AusMeinesHerzensGrunde/audio.mastermix.wav	quarter	"[""quarter"", ""none of the other options is correct"", ""dotted-quarter"", ""half"", ""eighth""]"	0.2	0	"[""A"", ""B"", ""C"", ""D"", ""E""]"	"{""A"": ""none of the other options is correct"", ""B"": ""quarter"", ""C"": ""half"", ""D"": ""dotted-quarter"", ""E"": ""eighth""}"	"[""(A) none of the other options is correct"", ""(B) quarter"", ""(C) half"", ""(D) dotted-quarter"", ""(E) eighth""]"	(B) quarter	B
3c5e3bc4-a0bb-561b-ad39-6cd7cae3c7ef	5	perception	rhythm	absolute	rhythm-absolute	rhythmic-recognition		note length	What is the rhythmic notation of the {target_index} {voice} note (or rest)?	"[""target_index"", ""voice""]"	get_nth_rhythm		rhythm	"{""target_index"": ""32nd"", ""voice"": ""bass""}"	What is the rhythmic notation of the 32nd bass note (or rest)?	Anonymous_AusMeinesHerzensGrunde	chorale-bricks	Anonymous_AusMeinesHerzensGrunde	data/chorale-bricks/Anonymous_AusMeinesHerzensGrunde	quarter	"[""dotted-half"", ""dotted-quarter"", ""eighth"", ""half""]"	"[""dotted-quarter"", ""half"", ""eighth"", ""dotted-half""]"	symbolic	symbolic.abc.txt	data/chorale-bricks/Anonymous_AusMeinesHerzensGrunde/symbolic.abc.txt	none of the other options is correct	"[""none of the other options is correct"", ""dotted-quarter"", ""half"", ""eighth"", ""dotted-half""]"	0.2	1	"[""A"", ""B"", ""C"", ""D"", ""E""]"	"{""A"": ""half"", ""B"": ""dotted-half"", ""C"": ""eighth"", ""D"": ""none of the other options is correct"", ""E"": ""dotted-quarter""}"	"[""(A) half"", ""(B) dotted-half"", ""(C) eighth"", ""(D) none of the other options is correct"", ""(E) dotted-quarter""]"	(D) none of the other options is correct	D
854bfb8c-e3cd-57bf-b5ff-78e70e93c8d3	5	perception	rhythm	absolute	rhythm-absolute	rhythmic-recognition		note length	What is the rhythmic notation of the {target_index} {voice} note (or rest)?	"[""target_index"", ""voice""]"	get_nth_rhythm		rhythm	"{""target_index"": ""32nd"", ""voice"": ""bass""}"	What is the rhythmic notation of the 32nd bass note (or rest)?	Anonymous_AusMeinesHerzensGrunde	chorale-bricks	Anonymous_AusMeinesHerzensGrunde	data/chorale-bricks/Anonymous_AusMeinesHerzensGrunde	quarter	"[""dotted-half"", ""dotted-quarter"", ""eighth"", ""half""]"	"[""dotted-quarter"", ""half"", ""eighth"", ""dotted-half""]"	visual	visual.short.png	data/chorale-bricks/Anonymous_AusMeinesHerzensGrunde/visual.short.png	quarter	"[""quarter"", ""none of the other options is correct"", ""dotted-quarter"", ""half"", ""eighth""]"	0.2	0	"[""A"", ""B"", ""C"", ""D"", ""E""]"	"{""A"": ""eighth"", ""B"": ""half"", ""C"": ""quarter"", ""D"": ""none of the other options is correct"", ""E"": ""dotted-quarter""}"	"[""(A) eighth"", ""(B) half"", ""(C) quarter"", ""(D) none of the other options is correct"", ""(E) dotted-quarter""]"	(C) quarter	C
c297fd85-600f-50f6-8f4b-772b512dfbcb	5	perception	rhythm	absolute	rhythm-absolute	rhythmic-recognition		note length	What is the rhythmic notation of the {target_index} {voice} note (or rest)?	"[""target_index"", ""voice""]"	get_nth_rhythm		rhythm	"{""target_index"": ""35th"", ""voice"": ""bass""}"	What is the rhythmic notation of the 35th bass note (or rest)?	Telemann_DerLiebenSonneLichtUndPracht	chorale-bricks	Telemann_DerLiebenSonneLichtUndPracht	data/chorale-bricks/Telemann_DerLiebenSonneLichtUndPracht	quarter	"[""dotted-quarter"", ""eighth"", ""half"", ""maxima""]"	"[""dotted-quarter"", ""half"", ""maxima"", ""eighth""]"	audio	audio.mastermix.wav	data/chorale-bricks/Telemann_DerLiebenSonneLichtUndPracht/audio.mastermix.wav	quarter	"[""quarter"", ""none of the other options is correct"", ""dotted-quarter"", ""half"", ""maxima""]"	0.2	0	"[""A"", ""B"", ""C"", ""D"", ""E""]"	"{""A"": ""half"", ""B"": ""quarter"", ""C"": ""maxima"", ""D"": ""dotted-quarter"", ""E"": ""none of the other options is correct""}"	"[""(A) half"", ""(B) quarter"", ""(C) maxima"", ""(D) dotted-quarter"", ""(E) none of the other options is correct""]"	(B) quarter	B
4a65f845-cd66-516b-923f-d11cea698fbd	5	perception	rhythm	absolute	rhythm-absolute	rhythmic-recognition		note length	What is the rhythmic notation of the {target_index} {voice} note (or rest)?	"[""target_index"", ""voice""]"	get_nth_rhythm		rhythm	"{""target_index"": ""35th"", ""voice"": ""bass""}"	What is the rhythmic notation of the 35th bass note (or rest)?	Telemann_DerLiebenSonneLichtUndPracht	chorale-bricks	Telemann_DerLiebenSonneLichtUndPracht	data/chorale-bricks/Telemann_DerLiebenSonneLichtUndPracht	quarter	"[""dotted-quarter"", ""eighth"", ""half"", ""maxima""]"	"[""dotted-quarter"", ""half"", ""maxima"", ""eighth""]"	symbolic	symbolic.abc.txt	data/chorale-bricks/Telemann_DerLiebenSonneLichtUndPracht/symbolic.abc.txt	quarter	"[""quarter"", ""none of the other options is correct"", ""dotted-quarter"", ""half"", ""maxima""]"	0.2	0	"[""A"", ""B"", ""C"", ""D"", ""E""]"	"{""A"": ""none of the other options is correct"", ""B"": ""maxima"", ""C"": ""dotted-quarter"", ""D"": ""quarter"", ""E"": ""half""}"	"[""(A) none of the other options is correct"", ""(B) maxima"", ""(C) dotted-quarter"", ""(D) quarter"", ""(E) half""]"	(D) quarter	D
d82191bb-4c15-5535-bad4-680a7b174198	5	perception	rhythm	absolute	rhythm-absolute	rhythmic-recognition		note length	What is the rhythmic notation of the {target_index} {voice} note (or rest)?	"[""target_index"", ""voice""]"	get_nth_rhythm		rhythm	"{""target_index"": ""35th"", ""voice"": ""bass""}"	What is the rhythmic notation of the 35th bass note (or rest)?	Telemann_DerLiebenSonneLichtUndPracht	chorale-bricks	Telemann_DerLiebenSonneLichtUndPracht	data/chorale-bricks/Telemann_DerLiebenSonneLichtUndPracht	quarter	"[""dotted-quarter"", ""eighth"", ""half"", ""maxima""]"	"[""dotted-quarter"", ""half"", ""maxima"", ""eighth""]"	visual	visual.short.png	data/chorale-bricks/Telemann_DerLiebenSonneLichtUndPracht/visual.short.png	none of the other options is correct	"[""none of the other options is correct"", ""dotted-quarter"", ""half"", ""maxima"", ""eighth""]"	0.2	1	"[""A"", ""B"", ""C"", ""D"", ""E""]"	"{""A"": ""dotted-quarter"", ""B"": ""eighth"", ""C"": ""maxima"", ""D"": ""half"", ""E"": ""none of the other options is correct""}"	"[""(A) dotted-quarter"", ""(B) eighth"", ""(C) maxima"", ""(D) half"", ""(E) none of the other options is correct""]"	(E) none of the other options is correct	E
f4fe1838-f1fe-5839-8722-67b30e88d9aa	6	perception	rhythm	absolute	rhythm-absolute	rhythmic-recognition		note length statistics	What is the total count of {rhythm}-note units in the {voice} line?	"[""rhythm"", ""voice""]"	get_rhythm_count		rhythm	"{""rhythm"": ""whole"", ""voice"": ""alto""}"	What is the total count of whole-note units in the alto line?	Gesius_BefiehlDuDeineWege	chorale-bricks	Gesius_BefiehlDuDeineWege	data/chorale-bricks/Gesius_BefiehlDuDeineWege	0	"[""1"", ""5"", ""6"", ""7"", ""48"", ""50"", ""52""]"	"[""1"", ""52"", ""5"", ""6"", ""50"", ""48"", ""7""]"	audio	audio.mastermix.wav	data/chorale-bricks/Gesius_BefiehlDuDeineWege/audio.mastermix.wav	0	"[""0"", ""none of the other options is correct"", ""1"", ""52"", ""5""]"	0.2	0	"[""A"", ""B"", ""C"", ""D"", ""E""]"	"{""A"": ""none of the other options is correct"", ""B"": ""0"", ""C"": ""1"", ""D"": ""5"", ""E"": ""52""}"	"[""(A) none of the other options is correct"", ""(B) 0"", ""(C) 1"", ""(D) 5"", ""(E) 52""]"	(B) 0	B
678780a7-dbc5-54bf-9606-06805d0d7a9d	6	perception	rhythm	absolute	rhythm-absolute	rhythmic-recognition		note length statistics	What is the total count of {rhythm}-note units in the {voice} line?	"[""rhythm"", ""voice""]"	get_rhythm_count		rhythm	"{""rhythm"": ""whole"", ""voice"": ""alto""}"	What is the total count of whole-note units in the alto line?	Gesius_BefiehlDuDeineWege	chorale-bricks	Gesius_BefiehlDuDeineWege	data/chorale-bricks/Gesius_BefiehlDuDeineWege	0	"[""1"", ""5"", ""6"", ""7"", ""48"", ""50"", ""52""]"	"[""1"", ""52"", ""5"", ""6"", ""50"", ""48"", ""7""]"	symbolic	symbolic.abc.txt	data/chorale-bricks/Gesius_BefiehlDuDeineWege/symbolic.abc.txt	none of the other options is correct	"[""none of the other options is correct"", ""1"", ""52"", ""5"", ""6""]"	0.2	1	"[""A"", ""B"", ""C"", ""D"", ""E""]"	"{""A"": ""52"", ""B"": ""1"", ""C"": ""5"", ""D"": ""none of the other options is correct"", ""E"": ""6""}"	"[""(A) 52"", ""(B) 1"", ""(C) 5"", ""(D) none of the other options is correct"", ""(E) 6""]"	(D) none of the other options is correct	D
3c615319-20c0-5e71-a0a8-6af25ed5e797	6	perception	rhythm	absolute	rhythm-absolute	rhythmic-recognition		note length statistics	What is the total count of {rhythm}-note units in the {voice} line?	"[""rhythm"", ""voice""]"	get_rhythm_count		rhythm	"{""rhythm"": ""whole"", ""voice"": ""alto""}"	What is the total count of whole-note units in the alto line?	Gesius_BefiehlDuDeineWege	chorale-bricks	Gesius_BefiehlDuDeineWege	data/chorale-bricks/Gesius_BefiehlDuDeineWege	0	"[""1"", ""5"", ""6"", ""7"", ""48"", ""50"", ""52""]"	"[""1"", ""52"", ""5"", ""6"", ""50"", ""48"", ""7""]"	visual	visual.short.png	data/chorale-bricks/Gesius_BefiehlDuDeineWege/visual.short.png	0	"[""0"", ""none of the other options is correct"", ""1"", ""52"", ""5""]"	0.2	0	"[""A"", ""B"", ""C"", ""D"", ""E""]"	"{""A"": ""none of the other options is correct"", ""B"": ""1"", ""C"": ""5"", ""D"": ""52"", ""E"": ""0""}"	"[""(A) none of the other options is correct"", ""(B) 1"", ""(C) 5"", ""(D) 52"", ""(E) 0""]"	(E) 0	E
933c14fc-d50a-5e44-854f-1633adf2d459	6	perception	rhythm	absolute	rhythm-absolute	rhythmic-recognition		note length statistics	What is the total count of {rhythm}-note units in the {voice} line?	"[""rhythm"", ""voice""]"	get_rhythm_count		rhythm	"{""rhythm"": ""256th"", ""voice"": ""alto""}"	What is the total count of 256th-note units in the alto line?	Crueger_AufAufMeinHerzMitFreuden	chorale-bricks	Crueger_AufAufMeinHerzMitFreuden	data/chorale-bricks/Crueger_AufAufMeinHerzMitFreuden	0	"[""1"", ""3"", ""4"", ""9"", ""10"", ""15"", ""18"", ""19"", ""31"", ""35""]"	"[""9"", ""3"", ""19"", ""4"", ""35"", ""15"", ""18"", ""10"", ""1"", ""31""]"	audio	audio.mastermix.wav	data/chorale-bricks/Crueger_AufAufMeinHerzMitFreuden/audio.mastermix.wav	0	"[""0"", ""none of the other options is correct"", ""9"", ""3"", ""19""]"	0.2	0	"[""A"", ""B"", ""C"", ""D"", ""E""]"	"{""A"": ""3"", ""B"": ""9"", ""C"": ""none of the other options is correct"", ""D"": ""19"", ""E"": ""0""}"	"[""(A) 3"", ""(B) 9"", ""(C) none of the other options is correct"", ""(D) 19"", ""(E) 0""]"	(E) 0	E
e05e3548-887e-5fdf-a617-10c671b6fe32	6	perception	rhythm	absolute	rhythm-absolute	rhythmic-recognition		note length statistics	What is the total count of {rhythm}-note units in the {voice} line?	"[""rhythm"", ""voice""]"	get_rhythm_count		rhythm	"{""rhythm"": ""256th"", ""voice"": ""alto""}"	What is the total count of 256th-note units in the alto line?	Crueger_AufAufMeinHerzMitFreuden	chorale-bricks	Crueger_AufAufMeinHerzMitFreuden	data/chorale-bricks/Crueger_AufAufMeinHerzMitFreuden	0	"[""1"", ""3"", ""4"", ""9"", ""10"", ""15"", ""18"", ""19"", ""31"", ""35""]"	"[""9"", ""3"", ""19"", ""4"", ""35"", ""15"", ""18"", ""10"", ""1"", ""31""]"	symbolic	symbolic.abc.txt	data/chorale-bricks/Crueger_AufAufMeinHerzMitFreuden/symbolic.abc.txt	0	"[""0"", ""none of the other options is correct"", ""9"", ""3"", ""19""]"	0.2	0	"[""A"", ""B"", ""C"", ""D"", ""E""]"	"{""A"": ""9"", ""B"": ""none of the other options is correct"", ""C"": ""0"", ""D"": ""19"", ""E"": ""3""}"	"[""(A) 9"", ""(B) none of the other options is correct"", ""(C) 0"", ""(D) 19"", ""(E) 3""]"	(C) 0	C
0b99c7ed-6cd3-5038-98f6-3fc6ee524f86	6	perception	rhythm	absolute	rhythm-absolute	rhythmic-recognition		note length statistics	What is the total count of {rhythm}-note units in the {voice} line?	"[""rhythm"", ""voice""]"	get_rhythm_count		rhythm	"{""rhythm"": ""256th"", ""voice"": ""alto""}"	What is the total count of 256th-note units in the alto line?	Crueger_AufAufMeinHerzMitFreuden	chorale-bricks	Crueger_AufAufMeinHerzMitFreuden	data/chorale-bricks/Crueger_AufAufMeinHerzMitFreuden	0	"[""1"", ""3"", ""4"", ""9"", ""10"", ""15"", ""18"", ""19"", ""31"", ""35""]"	"[""9"", ""3"", ""19"", ""4"", ""35"", ""15"", ""18"", ""10"", ""1"", ""31""]"	visual	visual.short.png	data/chorale-bricks/Crueger_AufAufMeinHerzMitFreuden/visual.short.png	0	"[""0"", ""none of the other options is correct"", ""9"", ""3"", ""19""]"	0.2	0	"[""A"", ""B"", ""C"", ""D"", ""E""]"	"{""A"": ""19"", ""B"": ""9"", ""C"": ""3"", ""D"": ""0"", ""E"": ""none of the other options is correct""}"	"[""(A) 19"", ""(B) 9"", ""(C) 3"", ""(D) 0"", ""(E) none of the other options is correct""]"	(D) 0	D
eebd9425-2776-5fae-8766-a0d215810a4a	6	perception	rhythm	absolute	rhythm-absolute	rhythmic-recognition		note length statistics	What is the total count of {rhythm}-note units in the {voice} line?	"[""rhythm"", ""voice""]"	get_rhythm_count		rhythm	"{""rhythm"": ""eighth"", ""voice"": ""tenor""}"	What is the total count of eighth-note units in the tenor line?	Jan_DuGrosserSchmerzensmann	chorale-bricks	Jan_DuGrosserSchmerzensmann	data/chorale-bricks/Jan_DuGrosserSchmerzensmann	0	"[""1"", ""2"", ""14"", ""15"", ""40"", ""42"", ""44""]"	"[""14"", ""42"", ""15"", ""1"", ""44"", ""40"", ""2""]"	audio	audio.mastermix.wav	data/chorale-bricks/Jan_DuGrosserSchmerzensmann/audio.mastermix.wav	0	"[""0"", ""none of the other options is correct"", ""14"", ""42"", ""15""]"	0.2	0	"[""A"", ""B"", ""C"", ""D"", ""E""]"	"{""A"": ""15"", ""B"": ""0"", ""C"": ""14"", ""D"": ""none of the other options is correct"", ""E"": ""42""}"	"[""(A) 15"", ""(B) 0"", ""(C) 14"", ""(D) none of the other options is correct"", ""(E) 42""]"	(B) 0	B
d6728ac3-eeb1-5115-a4dc-23d1795dca16	6	perception	rhythm	absolute	rhythm-absolute	rhythmic-recognition		note length statistics	What is the total count of {rhythm}-note units in the {voice} line?	"[""rhythm"", ""voice""]"	get_rhythm_count		rhythm	"{""rhythm"": ""eighth"", ""voice"": ""tenor""}"	What is the total count of eighth-note units in the tenor line?	Jan_DuGrosserSchmerzensmann	chorale-bricks	Jan_DuGrosserSchmerzensmann	data/chorale-bricks/Jan_DuGrosserSchmerzensmann	0	"[""1"", ""2"", ""14"", ""15"", ""40"", ""42"", ""44""]"	"[""14"", ""42"", ""15"", ""1"", ""44"", ""40"", ""2""]"	symbolic	symbolic.abc.txt	data/chorale-bricks/Jan_DuGrosserSchmerzensmann/symbolic.abc.txt	0	"[""0"", ""none of the other options is correct"", ""14"", ""42"", ""15""]"	0.2	0	"[""A"", ""B"", ""C"", ""D"", ""E""]"	"{""A"": ""14"", ""B"": ""0"", ""C"": ""42"", ""D"": ""15"", ""E"": ""none of the other options is correct""}"	"[""(A) 14"", ""(B) 0"", ""(C) 42"", ""(D) 15"", ""(E) none of the other options is correct""]"	(B) 0	B
244da871-aa57-5eb1-b7c7-252ea18f10d7	6	perception	rhythm	absolute	rhythm-absolute	rhythmic-recognition		note length statistics	What is the total count of {rhythm}-note units in the {voice} line?	"[""rhythm"", ""voice""]"	get_rhythm_count		rhythm	"{""rhythm"": ""eighth"", ""voice"": ""tenor""}"	What is the total count of eighth-note units in the tenor line?	Jan_DuGrosserSchmerzensmann	chorale-bricks	Jan_DuGrosserSchmerzensmann	data/chorale-bricks/Jan_DuGrosserSchmerzensmann	0	"[""1"", ""2"", ""14"", ""15"", ""40"", ""42"", ""44""]"	"[""14"", ""42"", ""15"", ""1"", ""44"", ""40"", ""2""]"	visual	visual.short.png	data/chorale-bricks/Jan_DuGrosserSchmerzensmann/visual.short.png	0	"[""0"", ""none of the other options is correct"", ""14"", ""42"", ""15""]"	0.2	0	"[""A"", ""B"", ""C"", ""D"", ""E""]"	"{""A"": ""15"", ""B"": ""none of the other options is correct"", ""C"": ""14"", ""D"": ""0"", ""E"": ""42""}"	"[""(A) 15"", ""(B) none of the other options is correct"", ""(C) 14"", ""(D) 0"", ""(E) 42""]"	(D) 0	D
9fd24352-f03c-536d-9bb5-461dcdcab2c5	6	perception	rhythm	absolute	rhythm-absolute	rhythmic-recognition		note length statistics	What is the total count of {rhythm}-note units in the {voice} line?	"[""rhythm"", ""voice""]"	get_rhythm_count		rhythm	"{""rhythm"": ""half"", ""voice"": ""alto""}"	What is the total count of half-note units in the alto line?	Gesius_BefiehlDuDeineWege	chorale-bricks	Gesius_BefiehlDuDeineWege	data/chorale-bricks/Gesius_BefiehlDuDeineWege	6	"[""1"", ""5"", ""7"", ""48"", ""50"", ""52""]"	"[""1"", ""5"", ""52"", ""7"", ""50"", ""48""]"	audio	audio.mastermix.wav	data/chorale-bricks/Gesius_BefiehlDuDeineWege/audio.mastermix.wav	6	"[""6"", ""none of the other options is correct"", ""1"", ""5"", ""52""]"	0.2	0	"[""A"", ""B"", ""C"", ""D"", ""E""]"	"{""A"": ""1"", ""B"": ""52"", ""C"": ""6"", ""D"": ""5"", ""E"": ""none of the other options is correct""}"	"[""(A) 1"", ""(B) 52"", ""(C) 6"", ""(D) 5"", ""(E) none of the other options is correct""]"	(C) 6	C
53be7b36-df04-5dcb-a99f-0d6a3801a14e	6	perception	rhythm	absolute	rhythm-absolute	rhythmic-recognition		note length statistics	What is the total count of {rhythm}-note units in the {voice} line?	"[""rhythm"", ""voice""]"	get_rhythm_count		rhythm	"{""rhythm"": ""half"", ""voice"": ""alto""}"	What is the total count of half-note units in the alto line?	Gesius_BefiehlDuDeineWege	chorale-bricks	Gesius_BefiehlDuDeineWege	data/chorale-bricks/Gesius_BefiehlDuDeineWege	6	"[""1"", ""5"", ""7"", ""48"", ""50"", ""52""]"	"[""1"", ""5"", ""52"", ""7"", ""50"", ""48""]"	symbolic	symbolic.abc.txt	data/chorale-bricks/Gesius_BefiehlDuDeineWege/symbolic.abc.txt	6	"[""6"", ""none of the other options is correct"", ""1"", ""5"", ""52""]"	0.2	0	"[""A"", ""B"", ""C"", ""D"", ""E""]"	"{""A"": ""none of the other options is correct"", ""B"": ""5"", ""C"": ""6"", ""D"": ""52"", ""E"": ""1""}"	"[""(A) none of the other options is correct"", ""(B) 5"", ""(C) 6"", ""(D) 52"", ""(E) 1""]"	(C) 6	C
0ccddf1a-2343-5fcc-a8fe-341a8310d90a	6	perception	rhythm	absolute	rhythm-absolute	rhythmic-recognition		note length statistics	What is the total count of {rhythm}-note units in the {voice} line?	"[""rhythm"", ""voice""]"	get_rhythm_count		rhythm	"{""rhythm"": ""half"", ""voice"": ""alto""}"	What is the total count of half-note units in the alto line?	Gesius_BefiehlDuDeineWege	chorale-bricks	Gesius_BefiehlDuDeineWege	data/chorale-bricks/Gesius_BefiehlDuDeineWege	6	"[""1"", ""5"", ""7"", ""48"", ""50"", ""52""]"	"[""1"", ""5"", ""52"", ""7"", ""50"", ""48""]"	visual	visual.short.png	data/chorale-bricks/Gesius_BefiehlDuDeineWege/visual.short.png	none of the other options is correct	"[""none of the other options is correct"", ""1"", ""5"", ""52"", ""7""]"	0.2	1	"[""A"", ""B"", ""C"", ""D"", ""E""]"	"{""A"": ""1"", ""B"": ""5"", ""C"": ""none of the other options is correct"", ""D"": ""7"", ""E"": ""52""}"	"[""(A) 1"", ""(B) 5"", ""(C) none of the other options is correct"", ""(D) 7"", ""(E) 52""]"	(C) none of the other options is correct	C
51e0d7f4-99e4-50a4-9e7e-99fecc206bdf	6	perception	rhythm	absolute	rhythm-absolute	rhythmic-recognition		note length statistics	What is the total count of {rhythm}-note units in the {voice} line?	"[""rhythm"", ""voice""]"	get_rhythm_count		rhythm	"{""rhythm"": ""256th"", ""voice"": ""alto""}"	What is the total count of 256th-note units in the alto line?	Gesius_DuFriedensfuerstHerrJesuChrist	chorale-bricks	Gesius_DuFriedensfuerstHerrJesuChrist	data/chorale-bricks/Gesius_DuFriedensfuerstHerrJesuChrist	0	"[""1"", ""8"", ""9"", ""37"", ""39""]"	"[""37"", ""1"", ""8"", ""39"", ""9""]"	audio	audio.mastermix.wav	data/chorale-bricks/Gesius_DuFriedensfuerstHerrJesuChrist/audio.mastermix.wav	0	"[""0"", ""none of the other options is correct"", ""37"", ""1"", ""8""]"	0.2	0	"[""A"", ""B"", ""C"", ""D"", ""E""]"	"{""A"": ""none of the other options is correct"", ""B"": ""1"", ""C"": ""0"", ""D"": ""37"", ""E"": ""8""}"	"[""(A) none of the other options is correct"", ""(B) 1"", ""(C) 0"", ""(D) 37"", ""(E) 8""]"	(C) 0	C
1a5a01d0-f56e-52ee-843e-367c25472686	6	perception	rhythm	absolute	rhythm-absolute	rhythmic-recognition		note length statistics	What is the total count of {rhythm}-note units in the {voice} line?	"[""rhythm"", ""voice""]"	get_rhythm_count		rhythm	"{""rhythm"": ""256th"", ""voice"": ""alto""}"	What is the total count of 256th-note units in the alto line?	Gesius_DuFriedensfuerstHerrJesuChrist	chorale-bricks	Gesius_DuFriedensfuerstHerrJesuChrist	data/chorale-bricks/Gesius_DuFriedensfuerstHerrJesuChrist	0	"[""1"", ""8"", ""9"", ""37"", ""39""]"	"[""37"", ""1"", ""8"", ""39"", ""9""]"	symbolic	symbolic.abc.txt	data/chorale-bricks/Gesius_DuFriedensfuerstHerrJesuChrist/symbolic.abc.txt	0	"[""0"", ""none of the other options is correct"", ""37"", ""1"", ""8""]"	0.2	0	"[""A"", ""B"", ""C"", ""D"", ""E""]"	"{""A"": ""8"", ""B"": ""0"", ""C"": ""none of the other options is correct"", ""D"": ""1"", ""E"": ""37""}"	"[""(A) 8"", ""(B) 0"", ""(C) none of the other options is correct"", ""(D) 1"", ""(E) 37""]"	(B) 0	B
8a1a9a22-df6d-5ca1-991d-15575726fa31	6	perception	rhythm	absolute	rhythm-absolute	rhythmic-recognition		note length statistics	What is the total count of {rhythm}-note units in the {voice} line?	"[""rhythm"", ""voice""]"	get_rhythm_count		rhythm	"{""rhythm"": ""256th"", ""voice"": ""alto""}"	What is the total count of 256th-note units in the alto line?	Gesius_DuFriedensfuerstHerrJesuChrist	chorale-bricks	Gesius_DuFriedensfuerstHerrJesuChrist	data/chorale-bricks/Gesius_DuFriedensfuerstHerrJesuChrist	0	"[""1"", ""8"", ""9"", ""37"", ""39""]"	"[""37"", ""1"", ""8"", ""39"", ""9""]"	visual	visual.short.png	data/chorale-bricks/Gesius_DuFriedensfuerstHerrJesuChrist/visual.short.png	none of the other options is correct	"[""none of the other options is correct"", ""37"", ""1"", ""8"", ""39""]"	0.2	1	"[""A"", ""B"", ""C"", ""D"", ""E""]"	"{""A"": ""39"", ""B"": ""37"", ""C"": ""none of the other options is correct"", ""D"": ""8"", ""E"": ""1""}"	"[""(A) 39"", ""(B) 37"", ""(C) none of the other options is correct"", ""(D) 8"", ""(E) 1""]"	(C) none of the other options is correct	C
80b07c37-02a2-54d9-b7ba-f041387995e6	6	perception	rhythm	absolute	rhythm-absolute	rhythmic-recognition		note length statistics	What is the total count of {rhythm}-note units in the {voice} line?	"[""rhythm"", ""voice""]"	get_rhythm_count		rhythm	"{""rhythm"": ""half"", ""voice"": ""soprano""}"	What is the total count of half-note units in the soprano line?	Drese_JesuGehVoran	chorale-bricks	Drese_JesuGehVoran	data/chorale-bricks/Drese_JesuGehVoran	4	"[""1"", ""16"", ""18"", ""19"", ""20""]"	"[""16"", ""18"", ""20"", ""19"", ""1""]"	audio	audio.mastermix.wav	data/chorale-bricks/Drese_JesuGehVoran/audio.mastermix.wav	4	"[""4"", ""none of the other options is correct"", ""16"", ""18"", ""20""]"	0.2	0	"[""A"", ""B"", ""C"", ""D"", ""E""]"	"{""A"": ""none of the other options is correct"", ""B"": ""4"", ""C"": ""18"", ""D"": ""16"", ""E"": ""20""}"	"[""(A) none of the other options is correct"", ""(B) 4"", ""(C) 18"", ""(D) 16"", ""(E) 20""]"	(B) 4	B
61823b22-e8a4-587e-a9ba-05ac9701e791	6	perception	rhythm	absolute	rhythm-absolute	rhythmic-recognition		note length statistics	What is the total count of {rhythm}-note units in the {voice} line?	"[""rhythm"", ""voice""]"	get_rhythm_count		rhythm	"{""rhythm"": ""half"", ""voice"": ""soprano""}"	What is the total count of half-note units in the soprano line?	Drese_JesuGehVoran	chorale-bricks	Drese_JesuGehVoran	data/chorale-bricks/Drese_JesuGehVoran	4	"[""1"", ""16"", ""18"", ""19"", ""20""]"	"[""16"", ""18"", ""20"", ""19"", ""1""]"	symbolic	symbolic.abc.txt	data/chorale-bricks/Drese_JesuGehVoran/symbolic.abc.txt	none of the other options is correct	"[""none of the other options is correct"", ""16"", ""18"", ""20"", ""19""]"	0.2	1	"[""A"", ""B"", ""C"", ""D"", ""E""]"	"{""A"": ""18"", ""B"": ""19"", ""C"": ""none of the other options is correct"", ""D"": ""20"", ""E"": ""16""}"	"[""(A) 18"", ""(B) 19"", ""(C) none of the other options is correct"", ""(D) 20"", ""(E) 16""]"	(C) none of the other options is correct	C
08f9a8bf-cbf9-57cc-9031-6dce90dba592	6	perception	rhythm	absolute	rhythm-absolute	rhythmic-recognition		note length statistics	What is the total count of {rhythm}-note units in the {voice} line?	"[""rhythm"", ""voice""]"	get_rhythm_count		rhythm	"{""rhythm"": ""half"", ""voice"": ""soprano""}"	What is the total count of half-note units in the soprano line?	Drese_JesuGehVoran	chorale-bricks	Drese_JesuGehVoran	data/chorale-bricks/Drese_JesuGehVoran	4	"[""1"", ""16"", ""18"", ""19"", ""20""]"	"[""16"", ""18"", ""20"", ""19"", ""1""]"	visual	visual.short.png	data/chorale-bricks/Drese_JesuGehVoran/visual.short.png	none of the other options is correct	"[""none of the other options is correct"", ""16"", ""18"", ""20"", ""19""]"	0.2	1	"[""A"", ""B"", ""C"", ""D"", ""E""]"	"{""A"": ""16"", ""B"": ""20"", ""C"": ""19"", ""D"": ""18"", ""E"": ""none of the other options is correct""}"	"[""(A) 16"", ""(B) 20"", ""(C) 19"", ""(D) 18"", ""(E) none of the other options is correct""]"	(E) none of the other options is correct	E
0d051c46-e558-52ce-91cb-55de05757650	6	perception	rhythm	absolute	rhythm-absolute	rhythmic-recognition		note length statistics	What is the total count of {rhythm}-note units in the {voice} line?	"[""rhythm"", ""voice""]"	get_rhythm_count		rhythm	"{""rhythm"": ""quarter"", ""voice"": ""alto""}"	What is the total count of quarter-note units in the alto line?	Jan_DuGrosserSchmerzensmann	chorale-bricks	Jan_DuGrosserSchmerzensmann	data/chorale-bricks/Jan_DuGrosserSchmerzensmann	44	"[""1"", ""2"", ""14"", ""15"", ""40"", ""42""]"	"[""42"", ""40"", ""1"", ""2"", ""15"", ""14""]"	audio	audio.mastermix.wav	data/chorale-bricks/Jan_DuGrosserSchmerzensmann/audio.mastermix.wav	44	"[""44"", ""none of the other options is correct"", ""42"", ""40"", ""1""]"	0.2	0	"[""A"", ""B"", ""C"", ""D"", ""E""]"	"{""A"": ""40"", ""B"": ""none of the other options is correct"", ""C"": ""1"", ""D"": ""42"", ""E"": ""44""}"	"[""(A) 40"", ""(B) none of the other options is correct"", ""(C) 1"", ""(D) 42"", ""(E) 44""]"	(E) 44	E
70974b89-aaed-5e0d-a6ec-793cde16e43a	6	perception	rhythm	absolute	rhythm-absolute	rhythmic-recognition		note length statistics	What is the total count of {rhythm}-note units in the {voice} line?	"[""rhythm"", ""voice""]"	get_rhythm_count		rhythm	"{""rhythm"": ""quarter"", ""voice"": ""alto""}"	What is the total count of quarter-note units in the alto line?	Jan_DuGrosserSchmerzensmann	chorale-bricks	Jan_DuGrosserSchmerzensmann	data/chorale-bricks/Jan_DuGrosserSchmerzensmann	44	"[""1"", ""2"", ""14"", ""15"", ""40"", ""42""]"	"[""42"", ""40"", ""1"", ""2"", ""15"", ""14""]"	symbolic	symbolic.abc.txt	data/chorale-bricks/Jan_DuGrosserSchmerzensmann/symbolic.abc.txt	44	"[""44"", ""none of the other options is correct"", ""42"", ""40"", ""1""]"	0.2	0	"[""A"", ""B"", ""C"", ""D"", ""E""]"	"{""A"": ""44"", ""B"": ""none of the other options is correct"", ""C"": ""42"", ""D"": ""1"", ""E"": ""40""}"	"[""(A) 44"", ""(B) none of the other options is correct"", ""(C) 42"", ""(D) 1"", ""(E) 40""]"	(A) 44	A
be0355c2-80a1-565f-993a-17dc2317ad80	6	perception	rhythm	absolute	rhythm-absolute	rhythmic-recognition		note length statistics	What is the total count of {rhythm}-note units in the {voice} line?	"[""rhythm"", ""voice""]"	get_rhythm_count		rhythm	"{""rhythm"": ""quarter"", ""voice"": ""alto""}"	What is the total count of quarter-note units in the alto line?	Jan_DuGrosserSchmerzensmann	chorale-bricks	Jan_DuGrosserSchmerzensmann	data/chorale-bricks/Jan_DuGrosserSchmerzensmann	44	"[""1"", ""2"", ""14"", ""15"", ""40"", ""42""]"	"[""42"", ""40"", ""1"", ""2"", ""15"", ""14""]"	visual	visual.short.png	data/chorale-bricks/Jan_DuGrosserSchmerzensmann/visual.short.png	44	"[""44"", ""none of the other options is correct"", ""42"", ""40"", ""1""]"	0.2	0	"[""A"", ""B"", ""C"", ""D"", ""E""]"	"{""A"": ""1"", ""B"": ""44"", ""C"": ""none of the other options is correct"", ""D"": ""40"", ""E"": ""42""}"	"[""(A) 1"", ""(B) 44"", ""(C) none of the other options is correct"", ""(D) 40"", ""(E) 42""]"	(B) 44	B
ac1c9fa1-2337-5d84-b9cc-24867fb6a6c3	6	perception	rhythm	absolute	rhythm-absolute	rhythmic-recognition		note length statistics	What is the total count of {rhythm}-note units in the {voice} line?	"[""rhythm"", ""voice""]"	get_rhythm_count		rhythm	"{""rhythm"": ""quarter"", ""voice"": ""soprano""}"	What is the total count of quarter-note units in the soprano line?	Crueger_AufAufMeinHerzMitFreuden	chorale-bricks	Crueger_AufAufMeinHerzMitFreuden	data/chorale-bricks/Crueger_AufAufMeinHerzMitFreuden	31	"[""1"", ""3"", ""4"", ""9"", ""10"", ""15"", ""18"", ""19"", ""35""]"	"[""3"", ""9"", ""15"", ""18"", ""10"", ""4"", ""35"", ""1"", ""19""]"	audio	audio.mastermix.wav	data/chorale-bricks/Crueger_AufAufMeinHerzMitFreuden/audio.mastermix.wav	31	"[""31"", ""none of the other options is correct"", ""3"", ""9"", ""15""]"	0.2	0	"[""A"", ""B"", ""C"", ""D"", ""E""]"	"{""A"": ""none of the other options is correct"", ""B"": ""3"", ""C"": ""15"", ""D"": ""9"", ""E"": ""31""}"	"[""(A) none of the other options is correct"", ""(B) 3"", ""(C) 15"", ""(D) 9"", ""(E) 31""]"	(E) 31	E
62f6718b-0240-50a9-bde1-88a0326f4839	6	perception	rhythm	absolute	rhythm-absolute	rhythmic-recognition		note length statistics	What is the total count of {rhythm}-note units in the {voice} line?	"[""rhythm"", ""voice""]"	get_rhythm_count		rhythm	"{""rhythm"": ""quarter"", ""voice"": ""soprano""}"	What is the total count of quarter-note units in the soprano line?	Crueger_AufAufMeinHerzMitFreuden	chorale-bricks	Crueger_AufAufMeinHerzMitFreuden	data/chorale-bricks/Crueger_AufAufMeinHerzMitFreuden	31	"[""1"", ""3"", ""4"", ""9"", ""10"", ""15"", ""18"", ""19"", ""35""]"	"[""3"", ""9"", ""15"", ""18"", ""10"", ""4"", ""35"", ""1"", ""19""]"	symbolic	symbolic.abc.txt	data/chorale-bricks/Crueger_AufAufMeinHerzMitFreuden/symbolic.abc.txt	none of the other options is correct	"[""none of the other options is correct"", ""3"", ""9"", ""15"", ""18""]"	0.2	1	"[""A"", ""B"", ""C"", ""D"", ""E""]"	"{""A"": ""15"", ""B"": ""none of the other options is correct"", ""C"": ""3"", ""D"": ""9"", ""E"": ""18""}"	"[""(A) 15"", ""(B) none of the other options is correct"", ""(C) 3"", ""(D) 9"", ""(E) 18""]"	(B) none of the other options is correct	B
2ecdf321-670e-5107-8234-6301a5c832e3	6	perception	rhythm	absolute	rhythm-absolute	rhythmic-recognition		note length statistics	What is the total count of {rhythm}-note units in the {voice} line?	"[""rhythm"", ""voice""]"	get_rhythm_count		rhythm	"{""rhythm"": ""quarter"", ""voice"": ""soprano""}"	What is the total count of quarter-note units in the soprano line?	Crueger_AufAufMeinHerzMitFreuden	chorale-bricks	Crueger_AufAufMeinHerzMitFreuden	data/chorale-bricks/Crueger_AufAufMeinHerzMitFreuden	31	"[""1"", ""3"", ""4"", ""9"", ""10"", ""15"", ""18"", ""19"", ""35""]"	"[""3"", ""9"", ""15"", ""18"", ""10"", ""4"", ""35"", ""1"", ""19""]"	visual	visual.short.png	data/chorale-bricks/Crueger_AufAufMeinHerzMitFreuden/visual.short.png	31	"[""31"", ""none of the other options is correct"", ""3"", ""9"", ""15""]"	0.2	0	"[""A"", ""B"", ""C"", ""D"", ""E""]"	"{""A"": ""31"", ""B"": ""3"", ""C"": ""15"", ""D"": ""9"", ""E"": ""none of the other options is correct""}"	"[""(A) 31"", ""(B) 3"", ""(C) 15"", ""(D) 9"", ""(E) none of the other options is correct""]"	(A) 31	A
67e22652-decf-5ae1-83b0-24a54d940144	6	perception	rhythm	absolute	rhythm-absolute	rhythmic-recognition		note length statistics	What is the total count of {rhythm}-note units in the {voice} line?	"[""rhythm"", ""voice""]"	get_rhythm_count		rhythm	"{""rhythm"": ""dotted-breve"", ""voice"": ""bass""}"	What is the total count of dotted-breve-note units in the bass line?	Gesius_BefiehlDuDeineWege	chorale-bricks	Gesius_BefiehlDuDeineWege	data/chorale-bricks/Gesius_BefiehlDuDeineWege	0	"[""1"", ""5"", ""6"", ""7"", ""48"", ""50"", ""52""]"	"[""1"", ""52"", ""50"", ""5"", ""7"", ""48"", ""6""]"	audio	audio.mastermix.wav	data/chorale-bricks/Gesius_BefiehlDuDeineWege/audio.mastermix.wav	0	"[""0"", ""none of the other options is correct"", ""1"", ""52"", ""50""]"	0.2	0	"[""A"", ""B"", ""C"", ""D"", ""E""]"	"{""A"": ""50"", ""B"": ""0"", ""C"": ""1"", ""D"": ""52"", ""E"": ""none of the other options is correct""}"	"[""(A) 50"", ""(B) 0"", ""(C) 1"", ""(D) 52"", ""(E) none of the other options is correct""]"	(B) 0	B
bea880ea-fdf4-500a-96bc-b5f6db8f381c	6	perception	rhythm	absolute	rhythm-absolute	rhythmic-recognition		note length statistics	What is the total count of {rhythm}-note units in the {voice} line?	"[""rhythm"", ""voice""]"	get_rhythm_count		rhythm	"{""rhythm"": ""dotted-breve"", ""voice"": ""bass""}"	What is the total count of dotted-breve-note units in the bass line?	Gesius_BefiehlDuDeineWege	chorale-bricks	Gesius_BefiehlDuDeineWege	data/chorale-bricks/Gesius_BefiehlDuDeineWege	0	"[""1"", ""5"", ""6"", ""7"", ""48"", ""50"", ""52""]"	"[""1"", ""52"", ""50"", ""5"", ""7"", ""48"", ""6""]"	symbolic	symbolic.abc.txt	data/chorale-bricks/Gesius_BefiehlDuDeineWege/symbolic.abc.txt	0	"[""0"", ""none of the other options is correct"", ""1"", ""52"", ""50""]"	0.2	0	"[""A"", ""B"", ""C"", ""D"", ""E""]"	"{""A"": ""52"", ""B"": ""none of the other options is correct"", ""C"": ""50"", ""D"": ""1"", ""E"": ""0""}"	"[""(A) 52"", ""(B) none of the other options is correct"", ""(C) 50"", ""(D) 1"", ""(E) 0""]"	(E) 0	E
e3a35893-053d-55e4-ba32-3ba563bd78b1	6	perception	rhythm	absolute	rhythm-absolute	rhythmic-recognition		note length statistics	What is the total count of {rhythm}-note units in the {voice} line?	"[""rhythm"", ""voice""]"	get_rhythm_count		rhythm	"{""rhythm"": ""dotted-breve"", ""voice"": ""bass""}"	What is the total count of dotted-breve-note units in the bass line?	Gesius_BefiehlDuDeineWege	chorale-bricks	Gesius_BefiehlDuDeineWege	data/chorale-bricks/Gesius_BefiehlDuDeineWege	0	"[""1"", ""5"", ""6"", ""7"", ""48"", ""50"", ""52""]"	"[""1"", ""52"", ""50"", ""5"", ""7"", ""48"", ""6""]"	visual	visual.short.png	data/chorale-bricks/Gesius_BefiehlDuDeineWege/visual.short.png	none of the other options is correct	"[""none of the other options is correct"", ""1"", ""52"", ""50"", ""5""]"	0.2	1	"[""A"", ""B"", ""C"", ""D"", ""E""]"	"{""A"": ""50"", ""B"": ""1"", ""C"": ""52"", ""D"": ""5"", ""E"": ""none of the other options is correct""}"	"[""(A) 50"", ""(B) 1"", ""(C) 52"", ""(D) 5"", ""(E) none of the other options is correct""]"	(E) none of the other options is correct	E
b3da7f10-1d31-5652-a080-346e0fef12a1	6	perception	rhythm	absolute	rhythm-absolute	rhythmic-recognition		note length statistics	What is the total count of {rhythm}-note units in the {voice} line?	"[""rhythm"", ""voice""]"	get_rhythm_count		rhythm	"{""rhythm"": ""quarter"", ""voice"": ""tenor""}"	What is the total count of quarter-note units in the tenor line?	Telemann_DerLiebenSonneLichtUndPracht	chorale-bricks	Telemann_DerLiebenSonneLichtUndPracht	data/chorale-bricks/Telemann_DerLiebenSonneLichtUndPracht	60	"[""1"", ""2"", ""3"", ""4"", ""57"", ""58""]"	"[""4"", ""57"", ""58"", ""3"", ""2"", ""1""]"	audio	audio.mastermix.wav	data/chorale-bricks/Telemann_DerLiebenSonneLichtUndPracht/audio.mastermix.wav	60	"[""60"", ""none of the other options is correct"", ""4"", ""57"", ""58""]"	0.2	0	"[""A"", ""B"", ""C"", ""D"", ""E""]"	"{""A"": ""57"", ""B"": ""58"", ""C"": ""60"", ""D"": ""4"", ""E"": ""none of the other options is correct""}"	"[""(A) 57"", ""(B) 58"", ""(C) 60"", ""(D) 4"", ""(E) none of the other options is correct""]"	(C) 60	C
f19f8897-87cb-5bdc-aa12-d4b54b7230c4	6	perception	rhythm	absolute	rhythm-absolute	rhythmic-recognition		note length statistics	What is the total count of {rhythm}-note units in the {voice} line?	"[""rhythm"", ""voice""]"	get_rhythm_count		rhythm	"{""rhythm"": ""quarter"", ""voice"": ""tenor""}"	What is the total count of quarter-note units in the tenor line?	Telemann_DerLiebenSonneLichtUndPracht	chorale-bricks	Telemann_DerLiebenSonneLichtUndPracht	data/chorale-bricks/Telemann_DerLiebenSonneLichtUndPracht	60	"[""1"", ""2"", ""3"", ""4"", ""57"", ""58""]"	"[""4"", ""57"", ""58"", ""3"", ""2"", ""1""]"	symbolic	symbolic.abc.txt	data/chorale-bricks/Telemann_DerLiebenSonneLichtUndPracht/symbolic.abc.txt	none of the other options is correct	"[""none of the other options is correct"", ""4"", ""57"", ""58"", ""3""]"	0.2	1	"[""A"", ""B"", ""C"", ""D"", ""E""]"	"{""A"": ""4"", ""B"": ""58"", ""C"": ""3"", ""D"": ""none of the other options is correct"", ""E"": ""57""}"	"[""(A) 4"", ""(B) 58"", ""(C) 3"", ""(D) none of the other options is correct"", ""(E) 57""]"	(D) none of the other options is correct	D
b9dd28de-99e7-5ddd-bb61-3dbfb467d643	6	perception	rhythm	absolute	rhythm-absolute	rhythmic-recognition		note length statistics	What is the total count of {rhythm}-note units in the {voice} line?	"[""rhythm"", ""voice""]"	get_rhythm_count		rhythm	"{""rhythm"": ""quarter"", ""voice"": ""tenor""}"	What is the total count of quarter-note units in the tenor line?	Telemann_DerLiebenSonneLichtUndPracht	chorale-bricks	Telemann_DerLiebenSonneLichtUndPracht	data/chorale-bricks/Telemann_DerLiebenSonneLichtUndPracht	60	"[""1"", ""2"", ""3"", ""4"", ""57"", ""58""]"	"[""4"", ""57"", ""58"", ""3"", ""2"", ""1""]"	visual	visual.short.png	data/chorale-bricks/Telemann_DerLiebenSonneLichtUndPracht/visual.short.png	none of the other options is correct	"[""none of the other options is correct"", ""4"", ""57"", ""58"", ""3""]"	0.2	1	"[""A"", ""B"", ""C"", ""D"", ""E""]"	"{""A"": ""57"", ""B"": ""3"", ""C"": ""none of the other options is correct"", ""D"": ""58"", ""E"": ""4""}"	"[""(A) 57"", ""(B) 3"", ""(C) none of the other options is correct"", ""(D) 58"", ""(E) 4""]"	(C) none of the other options is correct	C
f01baf72-bf68-54a6-912c-8c5f877d3fe2	7	perception	rhythm	relative	rhythm-relative	proportion-recognition		rhythm pattern	What is the temporal relationship (e.g., 2:1, 3:1) between the  {target_index} note (or rest) and the next one in the {voice} line?	"[""target_index"", ""voice""]"	get_rhythm_pattern		rhythm	"{""target_index"": ""41st"", ""voice"": ""alto""}"	What is the temporal relationship (e.g., 2:1, 3:1) between the  41st note (or rest) and the next one in the alto line?	Bach_IchStehAnDeinerKrippe	chorale-bricks	Bach_IchStehAnDeinerKrippe	data/chorale-bricks/Bach_IchStehAnDeinerKrippe	1:1	"[""1:2"", ""1:4"", ""2:1"", ""3:1"", ""3:2""]"	"[""3:2"", ""2:1"", ""3:1"", ""1:4"", ""1:2""]"	audio	audio.mastermix.wav	data/chorale-bricks/Bach_IchStehAnDeinerKrippe/audio.mastermix.wav	1:1	"[""1:1"", ""none of the other options is correct"", ""3:2"", ""2:1"", ""3:1""]"	0.2	0	"[""A"", ""B"", ""C"", ""D"", ""E""]"	"{""A"": ""3:2"", ""B"": ""none of the other options is correct"", ""C"": ""1:1"", ""D"": ""2:1"", ""E"": ""3:1""}"	"[""(A) 3:2"", ""(B) none of the other options is correct"", ""(C) 1:1"", ""(D) 2:1"", ""(E) 3:1""]"	(C) 1:1	C
431b5b01-d2cc-56c3-be81-865678482289	7	perception	rhythm	relative	rhythm-relative	proportion-recognition		rhythm pattern	What is the temporal relationship (e.g., 2:1, 3:1) between the  {target_index} note (or rest) and the next one in the {voice} line?	"[""target_index"", ""voice""]"	get_rhythm_pattern		rhythm	"{""target_index"": ""41st"", ""voice"": ""alto""}"	What is the temporal relationship (e.g., 2:1, 3:1) between the  41st note (or rest) and the next one in the alto line?	Bach_IchStehAnDeinerKrippe	chorale-bricks	Bach_IchStehAnDeinerKrippe	data/chorale-bricks/Bach_IchStehAnDeinerKrippe	1:1	"[""1:2"", ""1:4"", ""2:1"", ""3:1"", ""3:2""]"	"[""3:2"", ""2:1"", ""3:1"", ""1:4"", ""1:2""]"	symbolic	symbolic.abc.txt	data/chorale-bricks/Bach_IchStehAnDeinerKrippe/symbolic.abc.txt	none of the other options is correct	"[""none of the other options is correct"", ""3:2"", ""2:1"", ""3:1"", ""1:4""]"	0.2	1	"[""A"", ""B"", ""C"", ""D"", ""E""]"	"{""A"": ""3:1"", ""B"": ""1:4"", ""C"": ""2:1"", ""D"": ""3:2"", ""E"": ""none of the other options is correct""}"	"[""(A) 3:1"", ""(B) 1:4"", ""(C) 2:1"", ""(D) 3:2"", ""(E) none of the other options is correct""]"	(E) none of the other options is correct	E
29abc6f7-9e34-5012-a039-d7f04db796a6	7	perception	rhythm	relative	rhythm-relative	proportion-recognition		rhythm pattern	What is the temporal relationship (e.g., 2:1, 3:1) between the  {target_index} note (or rest) and the next one in the {voice} line?	"[""target_index"", ""voice""]"	get_rhythm_pattern		rhythm	"{""target_index"": ""41st"", ""voice"": ""alto""}"	What is the temporal relationship (e.g., 2:1, 3:1) between the  41st note (or rest) and the next one in the alto line?	Bach_IchStehAnDeinerKrippe	chorale-bricks	Bach_IchStehAnDeinerKrippe	data/chorale-bricks/Bach_IchStehAnDeinerKrippe	1:1	"[""1:2"", ""1:4"", ""2:1"", ""3:1"", ""3:2""]"	"[""3:2"", ""2:1"", ""3:1"", ""1:4"", ""1:2""]"	visual	visual.short.png	data/chorale-bricks/Bach_IchStehAnDeinerKrippe/visual.short.png	1:1	"[""1:1"", ""none of the other options is correct"", ""3:2"", ""2:1"", ""3:1""]"	0.2	0	"[""A"", ""B"", ""C"", ""D"", ""E""]"	"{""A"": ""3:1"", ""B"": ""3:2"", ""C"": ""none of the other options is correct"", ""D"": ""1:1"", ""E"": ""2:1""}"	"[""(A) 3:1"", ""(B) 3:2"", ""(C) none of the other options is correct"", ""(D) 1:1"", ""(E) 2:1""]"	(D) 1:1	D
d20f4fce-e68d-524c-8c22-b2f603ce4a6e	7	perception	rhythm	relative	rhythm-relative	proportion-recognition		rhythm pattern	What is the temporal relationship (e.g., 2:1, 3:1) between the  {target_index} note (or rest) and the next one in the {voice} line?	"[""target_index"", ""voice""]"	get_rhythm_pattern		rhythm	"{""target_index"": ""63rd"", ""voice"": ""alto""}"	What is the temporal relationship (e.g., 2:1, 3:1) between the  63rd note (or rest) and the next one in the alto line?	Telemann_DerLiebenSonneLichtUndPracht	chorale-bricks	Telemann_DerLiebenSonneLichtUndPracht	data/chorale-bricks/Telemann_DerLiebenSonneLichtUndPracht	1:1	"[""1:2"", ""1:3"", ""2:1"", ""3:1""]"	"[""1:3"", ""1:2"", ""2:1"", ""3:1""]"	audio	audio.mastermix.wav	data/chorale-bricks/Telemann_DerLiebenSonneLichtUndPracht/audio.mastermix.wav	1:1	"[""1:1"", ""none of the other options is correct"", ""1:3"", ""1:2"", ""2:1""]"	0.2	0	"[""A"", ""B"", ""C"", ""D"", ""E""]"	"{""A"": ""2:1"", ""B"": ""1:2"", ""C"": ""none of the other options is correct"", ""D"": ""1:1"", ""E"": ""1:3""}"	"[""(A) 2:1"", ""(B) 1:2"", ""(C) none of the other options is correct"", ""(D) 1:1"", ""(E) 1:3""]"	(D) 1:1	D
ce58d285-0b1a-529c-aa2b-dbef1fe31070	7	perception	rhythm	relative	rhythm-relative	proportion-recognition		rhythm pattern	What is the temporal relationship (e.g., 2:1, 3:1) between the  {target_index} note (or rest) and the next one in the {voice} line?	"[""target_index"", ""voice""]"	get_rhythm_pattern		rhythm	"{""target_index"": ""63rd"", ""voice"": ""alto""}"	What is the temporal relationship (e.g., 2:1, 3:1) between the  63rd note (or rest) and the next one in the alto line?	Telemann_DerLiebenSonneLichtUndPracht	chorale-bricks	Telemann_DerLiebenSonneLichtUndPracht	data/chorale-bricks/Telemann_DerLiebenSonneLichtUndPracht	1:1	"[""1:2"", ""1:3"", ""2:1"", ""3:1""]"	"[""1:3"", ""1:2"", ""2:1"", ""3:1""]"	symbolic	symbolic.abc.txt	data/chorale-bricks/Telemann_DerLiebenSonneLichtUndPracht/symbolic.abc.txt	1:1	"[""1:1"", ""none of the other options is correct"", ""1:3"", ""1:2"", ""2:1""]"	0.2	0	"[""A"", ""B"", ""C"", ""D"", ""E""]"	"{""A"": ""1:3"", ""B"": ""none of the other options is correct"", ""C"": ""1:2"", ""D"": ""2:1"", ""E"": ""1:1""}"	"[""(A) 1:3"", ""(B) none of the other options is correct"", ""(C) 1:2"", ""(D) 2:1"", ""(E) 1:1""]"	(E) 1:1	E
f43abc20-0c50-56a1-aa9e-85bf816c05bb	7	perception	rhythm	relative	rhythm-relative	proportion-recognition		rhythm pattern	What is the temporal relationship (e.g., 2:1, 3:1) between the  {target_index} note (or rest) and the next one in the {voice} line?	"[""target_index"", ""voice""]"	get_rhythm_pattern		rhythm	"{""target_index"": ""63rd"", ""voice"": ""alto""}"	What is the temporal relationship (e.g., 2:1, 3:1) between the  63rd note (or rest) and the next one in the alto line?	Telemann_DerLiebenSonneLichtUndPracht	chorale-bricks	Telemann_DerLiebenSonneLichtUndPracht	data/chorale-bricks/Telemann_DerLiebenSonneLichtUndPracht	1:1	"[""1:2"", ""1:3"", ""2:1"", ""3:1""]"	"[""1:3"", ""1:2"", ""2:1"", ""3:1""]"	visual	visual.short.png	data/chorale-bricks/Telemann_DerLiebenSonneLichtUndPracht/visual.short.png	1:1	"[""1:1"", ""none of the other options is correct"", ""1:3"", ""1:2"", ""2:1""]"	0.2	0	"[""A"", ""B"", ""C"", ""D"", ""E""]"	"{""A"": ""1:3"", ""B"": ""1:1"", ""C"": ""none of the other options is correct"", ""D"": ""1:2"", ""E"": ""2:1""}"	"[""(A) 1:3"", ""(B) 1:1"", ""(C) none of the other options is correct"", ""(D) 1:2"", ""(E) 2:1""]"	(B) 1:1	B
fafe37b8-bc7b-5ed3-9ed5-1dfae296bab5	7	perception	rhythm	relative	rhythm-relative	proportion-recognition		rhythm pattern	What is the temporal relationship (e.g., 2:1, 3:1) between the  {target_index} note (or rest) and the next one in the {voice} line?	"[""target_index"", ""voice""]"	get_rhythm_pattern		rhythm	"{""target_index"": ""32nd"", ""voice"": ""soprano""}"	What is the temporal relationship (e.g., 2:1, 3:1) between the  32nd note (or rest) and the next one in the soprano line?	Vulpius_DieHelleSonnLeuchtJetztHerfuer	chorale-bricks	Vulpius_DieHelleSonnLeuchtJetztHerfuer	data/chorale-bricks/Vulpius_DieHelleSonnLeuchtJetztHerfuer	1:2	"[""1:1"", ""1:3"", ""2:1"", ""3:1""]"	"[""3:1"", ""2:1"", ""1:1"", ""1:3""]"	audio	audio.mastermix.wav	data/chorale-bricks/Vulpius_DieHelleSonnLeuchtJetztHerfuer/audio.mastermix.wav	1:2	"[""1:2"", ""none of the other options is correct"", ""3:1"", ""2:1"", ""1:1""]"	0.2	0	"[""A"", ""B"", ""C"", ""D"", ""E""]"	"{""A"": ""none of the other options is correct"", ""B"": ""1:2"", ""C"": ""2:1"", ""D"": ""3:1"", ""E"": ""1:1""}"	"[""(A) none of the other options is correct"", ""(B) 1:2"", ""(C) 2:1"", ""(D) 3:1"", ""(E) 1:1""]"	(B) 1:2	B
99e0c57c-a33f-534a-98b1-663c4b6f753b	7	perception	rhythm	relative	rhythm-relative	proportion-recognition		rhythm pattern	What is the temporal relationship (e.g., 2:1, 3:1) between the  {target_index} note (or rest) and the next one in the {voice} line?	"[""target_index"", ""voice""]"	get_rhythm_pattern		rhythm	"{""target_index"": ""32nd"", ""voice"": ""soprano""}"	What is the temporal relationship (e.g., 2:1, 3:1) between the  32nd note (or rest) and the next one in the soprano line?	Vulpius_DieHelleSonnLeuchtJetztHerfuer	chorale-bricks	Vulpius_DieHelleSonnLeuchtJetztHerfuer	data/chorale-bricks/Vulpius_DieHelleSonnLeuchtJetztHerfuer	1:2	"[""1:1"", ""1:3"", ""2:1"", ""3:1""]"	"[""3:1"", ""2:1"", ""1:1"", ""1:3""]"	symbolic	symbolic.abc.txt	data/chorale-bricks/Vulpius_DieHelleSonnLeuchtJetztHerfuer/symbolic.abc.txt	1:2	"[""1:2"", ""none of the other options is correct"", ""3:1"", ""2:1"", ""1:1""]"	0.2	0	"[""A"", ""B"", ""C"", ""D"", ""E""]"	"{""A"": ""none of the other options is correct"", ""B"": ""1:1"", ""C"": ""1:2"", ""D"": ""2:1"", ""E"": ""3:1""}"	"[""(A) none of the other options is correct"", ""(B) 1:1"", ""(C) 1:2"", ""(D) 2:1"", ""(E) 3:1""]"	(C) 1:2	C
9f74621c-bc62-5b51-8b00-721834aa5af8	7	perception	rhythm	relative	rhythm-relative	proportion-recognition		rhythm pattern	What is the temporal relationship (e.g., 2:1, 3:1) between the  {target_index} note (or rest) and the next one in the {voice} line?	"[""target_index"", ""voice""]"	get_rhythm_pattern		rhythm	"{""target_index"": ""32nd"", ""voice"": ""soprano""}"	What is the temporal relationship (e.g., 2:1, 3:1) between the  32nd note (or rest) and the next one in the soprano line?	Vulpius_DieHelleSonnLeuchtJetztHerfuer	chorale-bricks	Vulpius_DieHelleSonnLeuchtJetztHerfuer	data/chorale-bricks/Vulpius_DieHelleSonnLeuchtJetztHerfuer	1:2	"[""1:1"", ""1:3"", ""2:1"", ""3:1""]"	"[""3:1"", ""2:1"", ""1:1"", ""1:3""]"	visual	visual.short.png	data/chorale-bricks/Vulpius_DieHelleSonnLeuchtJetztHerfuer/visual.short.png	1:2	"[""1:2"", ""none of the other options is correct"", ""3:1"", ""2:1"", ""1:1""]"	0.2	0	"[""A"", ""B"", ""C"", ""D"", ""E""]"	"{""A"": ""2:1"", ""B"": ""3:1"", ""C"": ""none of the other options is correct"", ""D"": ""1:2"", ""E"": ""1:1""}"	"[""(A) 2:1"", ""(B) 3:1"", ""(C) none of the other options is correct"", ""(D) 1:2"", ""(E) 1:1""]"	(D) 1:2	D
642f97d9-9aba-5f1b-b042-5e2190248c80	7	perception	rhythm	relative	rhythm-relative	proportion-recognition		rhythm pattern	What is the temporal relationship (e.g., 2:1, 3:1) between the  {target_index} note (or rest) and the next one in the {voice} line?	"[""target_index"", ""voice""]"	get_rhythm_pattern		rhythm	"{""target_index"": ""9th"", ""voice"": ""bass""}"	What is the temporal relationship (e.g., 2:1, 3:1) between the  9th note (or rest) and the next one in the bass line?	Vulpius_ChristusDerIstMeinLeben	chorale-bricks	Vulpius_ChristusDerIstMeinLeben	data/chorale-bricks/Vulpius_ChristusDerIstMeinLeben	1:1	"[""1:2"", ""1:3"", ""2:1"", ""3:1"", ""3:2""]"	"[""1:2"", ""3:1"", ""3:2"", ""1:3"", ""2:1""]"	audio	audio.mastermix.wav	data/chorale-bricks/Vulpius_ChristusDerIstMeinLeben/audio.mastermix.wav	1:1	"[""1:1"", ""none of the other options is correct"", ""1:2"", ""3:1"", ""3:2""]"	0.2	0	"[""A"", ""B"", ""C"", ""D"", ""E""]"	"{""A"": ""3:1"", ""B"": ""1:2"", ""C"": ""none of the other options is correct"", ""D"": ""3:2"", ""E"": ""1:1""}"	"[""(A) 3:1"", ""(B) 1:2"", ""(C) none of the other options is correct"", ""(D) 3:2"", ""(E) 1:1""]"	(E) 1:1	E
f2be0767-2586-5bd5-85e2-d7129e52acf0	7	perception	rhythm	relative	rhythm-relative	proportion-recognition		rhythm pattern	What is the temporal relationship (e.g., 2:1, 3:1) between the  {target_index} note (or rest) and the next one in the {voice} line?	"[""target_index"", ""voice""]"	get_rhythm_pattern		rhythm	"{""target_index"": ""9th"", ""voice"": ""bass""}"	What is the temporal relationship (e.g., 2:1, 3:1) between the  9th note (or rest) and the next one in the bass line?	Vulpius_ChristusDerIstMeinLeben	chorale-bricks	Vulpius_ChristusDerIstMeinLeben	data/chorale-bricks/Vulpius_ChristusDerIstMeinLeben	1:1	"[""1:2"", ""1:3"", ""2:1"", ""3:1"", ""3:2""]"	"[""1:2"", ""3:1"", ""3:2"", ""1:3"", ""2:1""]"	symbolic	symbolic.abc.txt	data/chorale-bricks/Vulpius_ChristusDerIstMeinLeben/symbolic.abc.txt	1:1	"[""1:1"", ""none of the other options is correct"", ""1:2"", ""3:1"", ""3:2""]"	0.2	0	"[""A"", ""B"", ""C"", ""D"", ""E""]"	"{""A"": ""1:1"", ""B"": ""1:2"", ""C"": ""3:2"", ""D"": ""none of the other options is correct"", ""E"": ""3:1""}"	"[""(A) 1:1"", ""(B) 1:2"", ""(C) 3:2"", ""(D) none of the other options is correct"", ""(E) 3:1""]"	(A) 1:1	A
e445ba3b-2b5a-5f3d-8d13-7a1745b73ae9	7	perception	rhythm	relative	rhythm-relative	proportion-recognition		rhythm pattern	What is the temporal relationship (e.g., 2:1, 3:1) between the  {target_index} note (or rest) and the next one in the {voice} line?	"[""target_index"", ""voice""]"	get_rhythm_pattern		rhythm	"{""target_index"": ""9th"", ""voice"": ""bass""}"	What is the temporal relationship (e.g., 2:1, 3:1) between the  9th note (or rest) and the next one in the bass line?	Vulpius_ChristusDerIstMeinLeben	chorale-bricks	Vulpius_ChristusDerIstMeinLeben	data/chorale-bricks/Vulpius_ChristusDerIstMeinLeben	1:1	"[""1:2"", ""1:3"", ""2:1"", ""3:1"", ""3:2""]"	"[""1:2"", ""3:1"", ""3:2"", ""1:3"", ""2:1""]"	visual	visual.short.png	data/chorale-bricks/Vulpius_ChristusDerIstMeinLeben/visual.short.png	1:1	"[""1:1"", ""none of the other options is correct"", ""1:2"", ""3:1"", ""3:2""]"	0.2	0	"[""A"", ""B"", ""C"", ""D"", ""E""]"	"{""A"": ""1:2"", ""B"": ""none of the other options is correct"", ""C"": ""3:1"", ""D"": ""3:2"", ""E"": ""1:1""}"	"[""(A) 1:2"", ""(B) none of the other options is correct"", ""(C) 3:1"", ""(D) 3:2"", ""(E) 1:1""]"	(E) 1:1	E
7bdb9653-027a-53f6-896b-a413152baef4	7	perception	rhythm	relative	rhythm-relative	proportion-recognition		rhythm pattern	What is the temporal relationship (e.g., 2:1, 3:1) between the  {target_index} note (or rest) and the next one in the {voice} line?	"[""target_index"", ""voice""]"	get_rhythm_pattern		rhythm	"{""target_index"": ""14th"", ""voice"": ""bass""}"	What is the temporal relationship (e.g., 2:1, 3:1) between the  14th note (or rest) and the next one in the bass line?	Gesius_DuFriedensfuerstHerrJesuChrist	chorale-bricks	Gesius_DuFriedensfuerstHerrJesuChrist	data/chorale-bricks/Gesius_DuFriedensfuerstHerrJesuChrist	1:2	"[""1:1"", ""1:3"", ""2:1"", ""3:1""]"	"[""2:1"", ""3:1"", ""1:3"", ""1:1""]"	audio	audio.mastermix.wav	data/chorale-bricks/Gesius_DuFriedensfuerstHerrJesuChrist/audio.mastermix.wav	1:2	"[""1:2"", ""none of the other options is correct"", ""2:1"", ""3:1"", ""1:3""]"	0.2	0	"[""A"", ""B"", ""C"", ""D"", ""E""]"	"{""A"": ""2:1"", ""B"": ""1:2"", ""C"": ""3:1"", ""D"": ""1:3"", ""E"": ""none of the other options is correct""}"	"[""(A) 2:1"", ""(B) 1:2"", ""(C) 3:1"", ""(D) 1:3"", ""(E) none of the other options is correct""]"	(B) 1:2	B
9c385628-ef7a-5d75-b5d0-813d7f37c667	7	perception	rhythm	relative	rhythm-relative	proportion-recognition		rhythm pattern	What is the temporal relationship (e.g., 2:1, 3:1) between the  {target_index} note (or rest) and the next one in the {voice} line?	"[""target_index"", ""voice""]"	get_rhythm_pattern		rhythm	"{""target_index"": ""14th"", ""voice"": ""bass""}"	What is the temporal relationship (e.g., 2:1, 3:1) between the  14th note (or rest) and the next one in the bass line?	Gesius_DuFriedensfuerstHerrJesuChrist	chorale-bricks	Gesius_DuFriedensfuerstHerrJesuChrist	data/chorale-bricks/Gesius_DuFriedensfuerstHerrJesuChrist	1:2	"[""1:1"", ""1:3"", ""2:1"", ""3:1""]"	"[""2:1"", ""3:1"", ""1:3"", ""1:1""]"	symbolic	symbolic.abc.txt	data/chorale-bricks/Gesius_DuFriedensfuerstHerrJesuChrist/symbolic.abc.txt	1:2	"[""1:2"", ""none of the other options is correct"", ""2:1"", ""3:1"", ""1:3""]"	0.2	0	"[""A"", ""B"", ""C"", ""D"", ""E""]"	"{""A"": ""1:3"", ""B"": ""none of the other options is correct"", ""C"": ""1:2"", ""D"": ""2:1"", ""E"": ""3:1""}"	"[""(A) 1:3"", ""(B) none of the other options is correct"", ""(C) 1:2"", ""(D) 2:1"", ""(E) 3:1""]"	(C) 1:2	C
931c8f97-defc-5866-87eb-bf95e6edef46	7	perception	rhythm	relative	rhythm-relative	proportion-recognition		rhythm pattern	What is the temporal relationship (e.g., 2:1, 3:1) between the  {target_index} note (or rest) and the next one in the {voice} line?	"[""target_index"", ""voice""]"	get_rhythm_pattern		rhythm	"{""target_index"": ""14th"", ""voice"": ""bass""}"	What is the temporal relationship (e.g., 2:1, 3:1) between the  14th note (or rest) and the next one in the bass line?	Gesius_DuFriedensfuerstHerrJesuChrist	chorale-bricks	Gesius_DuFriedensfuerstHerrJesuChrist	data/chorale-bricks/Gesius_DuFriedensfuerstHerrJesuChrist	1:2	"[""1:1"", ""1:3"", ""2:1"", ""3:1""]"	"[""2:1"", ""3:1"", ""1:3"", ""1:1""]"	visual	visual.short.png	data/chorale-bricks/Gesius_DuFriedensfuerstHerrJesuChrist/visual.short.png	1:2	"[""1:2"", ""none of the other options is correct"", ""2:1"", ""3:1"", ""1:3""]"	0.2	0	"[""A"", ""B"", ""C"", ""D"", ""E""]"	"{""A"": ""1:2"", ""B"": ""none of the other options is correct"", ""C"": ""3:1"", ""D"": ""1:3"", ""E"": ""2:1""}"	"[""(A) 1:2"", ""(B) none of the other options is correct"", ""(C) 3:1"", ""(D) 1:3"", ""(E) 2:1""]"	(A) 1:2	A
9b0ace3f-3217-5bbd-b8b8-41c26e6d0417	7	perception	rhythm	relative	rhythm-relative	proportion-recognition		rhythm pattern	What is the temporal relationship (e.g., 2:1, 3:1) between the  {target_index} note (or rest) and the next one in the {voice} line?	"[""target_index"", ""voice""]"	get_rhythm_pattern		rhythm	"{""target_index"": ""57th"", ""voice"": ""tenor""}"	What is the temporal relationship (e.g., 2:1, 3:1) between the  57th note (or rest) and the next one in the tenor line?	Anonymous_AusMeinesHerzensGrunde	chorale-bricks	Anonymous_AusMeinesHerzensGrunde	data/chorale-bricks/Anonymous_AusMeinesHerzensGrunde	1:3	"[""1:1"", ""1:2"", ""2:1"", ""2:3"", ""3:1"", ""3:2"", ""4:1""]"	"[""2:1"", ""4:1"", ""1:1"", ""1:2"", ""3:1"", ""3:2"", ""2:3""]"	audio	audio.mastermix.wav	data/chorale-bricks/Anonymous_AusMeinesHerzensGrunde/audio.mastermix.wav	1:3	"[""1:3"", ""none of the other options is correct"", ""2:1"", ""4:1"", ""1:1""]"	0.2	0	"[""A"", ""B"", ""C"", ""D"", ""E""]"	"{""A"": ""4:1"", ""B"": ""1:1"", ""C"": ""none of the other options is correct"", ""D"": ""1:3"", ""E"": ""2:1""}"	"[""(A) 4:1"", ""(B) 1:1"", ""(C) none of the other options is correct"", ""(D) 1:3"", ""(E) 2:1""]"	(D) 1:3	D
6f53690c-5e92-540f-9d0d-d6f68f7812aa	7	perception	rhythm	relative	rhythm-relative	proportion-recognition		rhythm pattern	What is the temporal relationship (e.g., 2:1, 3:1) between the  {target_index} note (or rest) and the next one in the {voice} line?	"[""target_index"", ""voice""]"	get_rhythm_pattern		rhythm	"{""target_index"": ""57th"", ""voice"": ""tenor""}"	What is the temporal relationship (e.g., 2:1, 3:1) between the  57th note (or rest) and the next one in the tenor line?	Anonymous_AusMeinesHerzensGrunde	chorale-bricks	Anonymous_AusMeinesHerzensGrunde	data/chorale-bricks/Anonymous_AusMeinesHerzensGrunde	1:3	"[""1:1"", ""1:2"", ""2:1"", ""2:3"", ""3:1"", ""3:2"", ""4:1""]"	"[""2:1"", ""4:1"", ""1:1"", ""1:2"", ""3:1"", ""3:2"", ""2:3""]"	symbolic	symbolic.abc.txt	data/chorale-bricks/Anonymous_AusMeinesHerzensGrunde/symbolic.abc.txt	1:3	"[""1:3"", ""none of the other options is correct"", ""2:1"", ""4:1"", ""1:1""]"	0.2	0	"[""A"", ""B"", ""C"", ""D"", ""E""]"	"{""A"": ""1:1"", ""B"": ""2:1"", ""C"": ""none of the other options is correct"", ""D"": ""4:1"", ""E"": ""1:3""}"	"[""(A) 1:1"", ""(B) 2:1"", ""(C) none of the other options is correct"", ""(D) 4:1"", ""(E) 1:3""]"	(E) 1:3	E
47090d8f-5c47-5f0f-bbdf-404c2e9aecef	7	perception	rhythm	relative	rhythm-relative	proportion-recognition		rhythm pattern	What is the temporal relationship (e.g., 2:1, 3:1) between the  {target_index} note (or rest) and the next one in the {voice} line?	"[""target_index"", ""voice""]"	get_rhythm_pattern		rhythm	"{""target_index"": ""57th"", ""voice"": ""tenor""}"	What is the temporal relationship (e.g., 2:1, 3:1) between the  57th note (or rest) and the next one in the tenor line?	Anonymous_AusMeinesHerzensGrunde	chorale-bricks	Anonymous_AusMeinesHerzensGrunde	data/chorale-bricks/Anonymous_AusMeinesHerzensGrunde	1:3	"[""1:1"", ""1:2"", ""2:1"", ""2:3"", ""3:1"", ""3:2"", ""4:1""]"	"[""2:1"", ""4:1"", ""1:1"", ""1:2"", ""3:1"", ""3:2"", ""2:3""]"	visual	visual.short.png	data/chorale-bricks/Anonymous_AusMeinesHerzensGrunde/visual.short.png	1:3	"[""1:3"", ""none of the other options is correct"", ""2:1"", ""4:1"", ""1:1""]"	0.2	0	"[""A"", ""B"", ""C"", ""D"", ""E""]"	"{""A"": ""none of the other options is correct"", ""B"": ""1:1"", ""C"": ""2:1"", ""D"": ""4:1"", ""E"": ""1:3""}"	"[""(A) none of the other options is correct"", ""(B) 1:1"", ""(C) 2:1"", ""(D) 4:1"", ""(E) 1:3""]"	(E) 1:3	E
060a938b-347d-502a-89e6-ea6599d35c73	7	perception	rhythm	relative	rhythm-relative	proportion-recognition		rhythm pattern	What is the temporal relationship (e.g., 2:1, 3:1) between the  {target_index} note (or rest) and the next one in the {voice} line?	"[""target_index"", ""voice""]"	get_rhythm_pattern		rhythm	"{""target_index"": ""29th"", ""voice"": ""tenor""}"	What is the temporal relationship (e.g., 2:1, 3:1) between the  29th note (or rest) and the next one in the tenor line?	Jan_DuGrosserSchmerzensmann	chorale-bricks	Jan_DuGrosserSchmerzensmann	data/chorale-bricks/Jan_DuGrosserSchmerzensmann	1:1	"[""1:2"", ""1:3"", ""2:1"", ""3:1"", ""3:2""]"	"[""2:1"", ""3:2"", ""1:3"", ""1:2"", ""3:1""]"	audio	audio.mastermix.wav	data/chorale-bricks/Jan_DuGrosserSchmerzensmann/audio.mastermix.wav	1:1	"[""1:1"", ""none of the other options is correct"", ""2:1"", ""3:2"", ""1:3""]"	0.2	0	"[""A"", ""B"", ""C"", ""D"", ""E""]"	"{""A"": ""1:1"", ""B"": ""3:2"", ""C"": ""1:3"", ""D"": ""2:1"", ""E"": ""none of the other options is correct""}"	"[""(A) 1:1"", ""(B) 3:2"", ""(C) 1:3"", ""(D) 2:1"", ""(E) none of the other options is correct""]"	(A) 1:1	A
b4bdf0a6-831f-5fe4-9f66-37abd9a5c3ff	7	perception	rhythm	relative	rhythm-relative	proportion-recognition		rhythm pattern	What is the temporal relationship (e.g., 2:1, 3:1) between the  {target_index} note (or rest) and the next one in the {voice} line?	"[""target_index"", ""voice""]"	get_rhythm_pattern		rhythm	"{""target_index"": ""29th"", ""voice"": ""tenor""}"	What is the temporal relationship (e.g., 2:1, 3:1) between the  29th note (or rest) and the next one in the tenor line?	Jan_DuGrosserSchmerzensmann	chorale-bricks	Jan_DuGrosserSchmerzensmann	data/chorale-bricks/Jan_DuGrosserSchmerzensmann	1:1	"[""1:2"", ""1:3"", ""2:1"", ""3:1"", ""3:2""]"	"[""2:1"", ""3:2"", ""1:3"", ""1:2"", ""3:1""]"	symbolic	symbolic.abc.txt	data/chorale-bricks/Jan_DuGrosserSchmerzensmann/symbolic.abc.txt	1:1	"[""1:1"", ""none of the other options is correct"", ""2:1"", ""3:2"", ""1:3""]"	0.2	0	"[""A"", ""B"", ""C"", ""D"", ""E""]"	"{""A"": ""3:2"", ""B"": ""1:1"", ""C"": ""2:1"", ""D"": ""1:3"", ""E"": ""none of the other options is correct""}"	"[""(A) 3:2"", ""(B) 1:1"", ""(C) 2:1"", ""(D) 1:3"", ""(E) none of the other options is correct""]"	(B) 1:1	B
54d1f916-9248-566a-a55b-5aba875d751e	7	perception	rhythm	relative	rhythm-relative	proportion-recognition		rhythm pattern	What is the temporal relationship (e.g., 2:1, 3:1) between the  {target_index} note (or rest) and the next one in the {voice} line?	"[""target_index"", ""voice""]"	get_rhythm_pattern		rhythm	"{""target_index"": ""29th"", ""voice"": ""tenor""}"	What is the temporal relationship (e.g., 2:1, 3:1) between the  29th note (or rest) and the next one in the tenor line?	Jan_DuGrosserSchmerzensmann	chorale-bricks	Jan_DuGrosserSchmerzensmann	data/chorale-bricks/Jan_DuGrosserSchmerzensmann	1:1	"[""1:2"", ""1:3"", ""2:1"", ""3:1"", ""3:2""]"	"[""2:1"", ""3:2"", ""1:3"", ""1:2"", ""3:1""]"	visual	visual.short.png	data/chorale-bricks/Jan_DuGrosserSchmerzensmann/visual.short.png	1:1	"[""1:1"", ""none of the other options is correct"", ""2:1"", ""3:2"", ""1:3""]"	0.2	0	"[""A"", ""B"", ""C"", ""D"", ""E""]"	"{""A"": ""none of the other options is correct"", ""B"": ""3:2"", ""C"": ""1:3"", ""D"": ""2:1"", ""E"": ""1:1""}"	"[""(A) none of the other options is correct"", ""(B) 3:2"", ""(C) 1:3"", ""(D) 2:1"", ""(E) 1:1""]"	(E) 1:1	E
5d763604-b148-551d-9975-61ec1c4faa81	7	perception	rhythm	relative	rhythm-relative	proportion-recognition		rhythm pattern	What is the temporal relationship (e.g., 2:1, 3:1) between the  {target_index} note (or rest) and the next one in the {voice} line?	"[""target_index"", ""voice""]"	get_rhythm_pattern		rhythm	"{""target_index"": ""44th"", ""voice"": ""alto""}"	What is the temporal relationship (e.g., 2:1, 3:1) between the  44th note (or rest) and the next one in the alto line?	Bach_IchStehAnDeinerKrippe	chorale-bricks	Bach_IchStehAnDeinerKrippe	data/chorale-bricks/Bach_IchStehAnDeinerKrippe	3:1	"[""1:1"", ""1:2"", ""1:4"", ""2:1"", ""3:2""]"	"[""3:2"", ""1:2"", ""2:1"", ""1:1"", ""1:4""]"	audio	audio.mastermix.wav	data/chorale-bricks/Bach_IchStehAnDeinerKrippe/audio.mastermix.wav	3:1	"[""3:1"", ""none of the other options is correct"", ""3:2"", ""1:2"", ""2:1""]"	0.2	0	"[""A"", ""B"", ""C"", ""D"", ""E""]"	"{""A"": ""2:1"", ""B"": ""none of the other options is correct"", ""C"": ""1:2"", ""D"": ""3:1"", ""E"": ""3:2""}"	"[""(A) 2:1"", ""(B) none of the other options is correct"", ""(C) 1:2"", ""(D) 3:1"", ""(E) 3:2""]"	(D) 3:1	D
7a9b7594-d195-5601-88c8-ab4fc1a866c6	7	perception	rhythm	relative	rhythm-relative	proportion-recognition		rhythm pattern	What is the temporal relationship (e.g., 2:1, 3:1) between the  {target_index} note (or rest) and the next one in the {voice} line?	"[""target_index"", ""voice""]"	get_rhythm_pattern		rhythm	"{""target_index"": ""44th"", ""voice"": ""alto""}"	What is the temporal relationship (e.g., 2:1, 3:1) between the  44th note (or rest) and the next one in the alto line?	Bach_IchStehAnDeinerKrippe	chorale-bricks	Bach_IchStehAnDeinerKrippe	data/chorale-bricks/Bach_IchStehAnDeinerKrippe	3:1	"[""1:1"", ""1:2"", ""1:4"", ""2:1"", ""3:2""]"	"[""3:2"", ""1:2"", ""2:1"", ""1:1"", ""1:4""]"	symbolic	symbolic.abc.txt	data/chorale-bricks/Bach_IchStehAnDeinerKrippe/symbolic.abc.txt	3:1	"[""3:1"", ""none of the other options is correct"", ""3:2"", ""1:2"", ""2:1""]"	0.2	0	"[""A"", ""B"", ""C"", ""D"", ""E""]"	"{""A"": ""1:2"", ""B"": ""3:2"", ""C"": ""2:1"", ""D"": ""none of the other options is correct"", ""E"": ""3:1""}"	"[""(A) 1:2"", ""(B) 3:2"", ""(C) 2:1"", ""(D) none of the other options is correct"", ""(E) 3:1""]"	(E) 3:1	E
a8f894be-0863-5bd2-93f0-83411123f09b	7	perception	rhythm	relative	rhythm-relative	proportion-recognition		rhythm pattern	What is the temporal relationship (e.g., 2:1, 3:1) between the  {target_index} note (or rest) and the next one in the {voice} line?	"[""target_index"", ""voice""]"	get_rhythm_pattern		rhythm	"{""target_index"": ""44th"", ""voice"": ""alto""}"	What is the temporal relationship (e.g., 2:1, 3:1) between the  44th note (or rest) and the next one in the alto line?	Bach_IchStehAnDeinerKrippe	chorale-bricks	Bach_IchStehAnDeinerKrippe	data/chorale-bricks/Bach_IchStehAnDeinerKrippe	3:1	"[""1:1"", ""1:2"", ""1:4"", ""2:1"", ""3:2""]"	"[""3:2"", ""1:2"", ""2:1"", ""1:1"", ""1:4""]"	visual	visual.short.png	data/chorale-bricks/Bach_IchStehAnDeinerKrippe/visual.short.png	3:1	"[""3:1"", ""none of the other options is correct"", ""3:2"", ""1:2"", ""2:1""]"	0.2	0	"[""A"", ""B"", ""C"", ""D"", ""E""]"	"{""A"": ""2:1"", ""B"": ""3:2"", ""C"": ""none of the other options is correct"", ""D"": ""1:2"", ""E"": ""3:1""}"	"[""(A) 2:1"", ""(B) 3:2"", ""(C) none of the other options is correct"", ""(D) 1:2"", ""(E) 3:1""]"	(E) 3:1	E
d78803ce-b755-50cb-b2fe-6c9c734a90c2	7	perception	rhythm	relative	rhythm-relative	proportion-recognition		rhythm pattern	What is the temporal relationship (e.g., 2:1, 3:1) between the  {target_index} note (or rest) and the next one in the {voice} line?	"[""target_index"", ""voice""]"	get_rhythm_pattern		rhythm	"{""target_index"": ""18th"", ""voice"": ""bass""}"	What is the temporal relationship (e.g., 2:1, 3:1) between the  18th note (or rest) and the next one in the bass line?	Anonymous_AusMeinesHerzensGrunde	chorale-bricks	Anonymous_AusMeinesHerzensGrunde	data/chorale-bricks/Anonymous_AusMeinesHerzensGrunde	2:1	"[""1:1"", ""1:2"", ""1:3"", ""2:3"", ""3:1"", ""3:2"", ""4:1""]"	"[""1:3"", ""1:1"", ""4:1"", ""2:3"", ""1:2"", ""3:1"", ""3:2""]"	audio	audio.mastermix.wav	data/chorale-bricks/Anonymous_AusMeinesHerzensGrunde/audio.mastermix.wav	2:1	"[""2:1"", ""none of the other options is correct"", ""1:3"", ""1:1"", ""4:1""]"	0.2	0	"[""A"", ""B"", ""C"", ""D"", ""E""]"	"{""A"": ""1:1"", ""B"": ""2:1"", ""C"": ""1:3"", ""D"": ""none of the other options is correct"", ""E"": ""4:1""}"	"[""(A) 1:1"", ""(B) 2:1"", ""(C) 1:3"", ""(D) none of the other options is correct"", ""(E) 4:1""]"	(B) 2:1	B
a5646eb0-c650-5ef7-9789-1600c2f1ce0d	7	perception	rhythm	relative	rhythm-relative	proportion-recognition		rhythm pattern	What is the temporal relationship (e.g., 2:1, 3:1) between the  {target_index} note (or rest) and the next one in the {voice} line?	"[""target_index"", ""voice""]"	get_rhythm_pattern		rhythm	"{""target_index"": ""18th"", ""voice"": ""bass""}"	What is the temporal relationship (e.g., 2:1, 3:1) between the  18th note (or rest) and the next one in the bass line?	Anonymous_AusMeinesHerzensGrunde	chorale-bricks	Anonymous_AusMeinesHerzensGrunde	data/chorale-bricks/Anonymous_AusMeinesHerzensGrunde	2:1	"[""1:1"", ""1:2"", ""1:3"", ""2:3"", ""3:1"", ""3:2"", ""4:1""]"	"[""1:3"", ""1:1"", ""4:1"", ""2:3"", ""1:2"", ""3:1"", ""3:2""]"	symbolic	symbolic.abc.txt	data/chorale-bricks/Anonymous_AusMeinesHerzensGrunde/symbolic.abc.txt	2:1	"[""2:1"", ""none of the other options is correct"", ""1:3"", ""1:1"", ""4:1""]"	0.2	0	"[""A"", ""B"", ""C"", ""D"", ""E""]"	"{""A"": ""2:1"", ""B"": ""1:1"", ""C"": ""4:1"", ""D"": ""none of the other options is correct"", ""E"": ""1:3""}"	"[""(A) 2:1"", ""(B) 1:1"", ""(C) 4:1"", ""(D) none of the other options is correct"", ""(E) 1:3""]"	(A) 2:1	A
eaa6de36-ddd0-54f7-a403-0eca8b6e2172	7	perception	rhythm	relative	rhythm-relative	proportion-recognition		rhythm pattern	What is the temporal relationship (e.g., 2:1, 3:1) between the  {target_index} note (or rest) and the next one in the {voice} line?	"[""target_index"", ""voice""]"	get_rhythm_pattern		rhythm	"{""target_index"": ""18th"", ""voice"": ""bass""}"	What is the temporal relationship (e.g., 2:1, 3:1) between the  18th note (or rest) and the next one in the bass line?	Anonymous_AusMeinesHerzensGrunde	chorale-bricks	Anonymous_AusMeinesHerzensGrunde	data/chorale-bricks/Anonymous_AusMeinesHerzensGrunde	2:1	"[""1:1"", ""1:2"", ""1:3"", ""2:3"", ""3:1"", ""3:2"", ""4:1""]"	"[""1:3"", ""1:1"", ""4:1"", ""2:3"", ""1:2"", ""3:1"", ""3:2""]"	visual	visual.short.png	data/chorale-bricks/Anonymous_AusMeinesHerzensGrunde/visual.short.png	2:1	"[""2:1"", ""none of the other options is correct"", ""1:3"", ""1:1"", ""4:1""]"	0.2	0	"[""A"", ""B"", ""C"", ""D"", ""E""]"	"{""A"": ""none of the other options is correct"", ""B"": ""4:1"", ""C"": ""1:3"", ""D"": ""1:1"", ""E"": ""2:1""}"	"[""(A) none of the other options is correct"", ""(B) 4:1"", ""(C) 1:3"", ""(D) 1:1"", ""(E) 2:1""]"	(E) 2:1	E
65f678b1-9135-5dd3-b78a-c8aab91be03c	7	perception	rhythm	relative	rhythm-relative	proportion-recognition		rhythm pattern	What is the temporal relationship (e.g., 2:1, 3:1) between the  {target_index} note (or rest) and the next one in the {voice} line?	"[""target_index"", ""voice""]"	get_rhythm_pattern		rhythm	"{""target_index"": ""46th"", ""voice"": ""tenor""}"	What is the temporal relationship (e.g., 2:1, 3:1) between the  46th note (or rest) and the next one in the tenor line?	Gesius_DuFriedensfuerstHerrJesuChrist	chorale-bricks	Gesius_DuFriedensfuerstHerrJesuChrist	data/chorale-bricks/Gesius_DuFriedensfuerstHerrJesuChrist	1:1	"[""1:2"", ""1:3"", ""2:1"", ""3:1""]"	"[""1:3"", ""2:1"", ""1:2"", ""3:1""]"	audio	audio.mastermix.wav	data/chorale-bricks/Gesius_DuFriedensfuerstHerrJesuChrist/audio.mastermix.wav	none of the other options is correct	"[""none of the other options is correct"", ""1:3"", ""2:1"", ""1:2"", ""3:1""]"	0.2	1	"[""A"", ""B"", ""C"", ""D"", ""E""]"	"{""A"": ""1:3"", ""B"": ""1:2"", ""C"": ""2:1"", ""D"": ""3:1"", ""E"": ""none of the other options is correct""}"	"[""(A) 1:3"", ""(B) 1:2"", ""(C) 2:1"", ""(D) 3:1"", ""(E) none of the other options is correct""]"	(E) none of the other options is correct	E
421f0558-4c6e-5cbb-b85e-d36041e8c996	7	perception	rhythm	relative	rhythm-relative	proportion-recognition		rhythm pattern	What is the temporal relationship (e.g., 2:1, 3:1) between the  {target_index} note (or rest) and the next one in the {voice} line?	"[""target_index"", ""voice""]"	get_rhythm_pattern		rhythm	"{""target_index"": ""46th"", ""voice"": ""tenor""}"	What is the temporal relationship (e.g., 2:1, 3:1) between the  46th note (or rest) and the next one in the tenor line?	Gesius_DuFriedensfuerstHerrJesuChrist	chorale-bricks	Gesius_DuFriedensfuerstHerrJesuChrist	data/chorale-bricks/Gesius_DuFriedensfuerstHerrJesuChrist	1:1	"[""1:2"", ""1:3"", ""2:1"", ""3:1""]"	"[""1:3"", ""2:1"", ""1:2"", ""3:1""]"	symbolic	symbolic.abc.txt	data/chorale-bricks/Gesius_DuFriedensfuerstHerrJesuChrist/symbolic.abc.txt	1:1	"[""1:1"", ""none of the other options is correct"", ""1:3"", ""2:1"", ""1:2""]"	0.2	0	"[""A"", ""B"", ""C"", ""D"", ""E""]"	"{""A"": ""1:2"", ""B"": ""none of the other options is correct"", ""C"": ""1:1"", ""D"": ""1:3"", ""E"": ""2:1""}"	"[""(A) 1:2"", ""(B) none of the other options is correct"", ""(C) 1:1"", ""(D) 1:3"", ""(E) 2:1""]"	(C) 1:1	C
39c36e93-1a30-597c-bbec-fbbd90857c25	7	perception	rhythm	relative	rhythm-relative	proportion-recognition		rhythm pattern	What is the temporal relationship (e.g., 2:1, 3:1) between the  {target_index} note (or rest) and the next one in the {voice} line?	"[""target_index"", ""voice""]"	get_rhythm_pattern		rhythm	"{""target_index"": ""46th"", ""voice"": ""tenor""}"	What is the temporal relationship (e.g., 2:1, 3:1) between the  46th note (or rest) and the next one in the tenor line?	Gesius_DuFriedensfuerstHerrJesuChrist	chorale-bricks	Gesius_DuFriedensfuerstHerrJesuChrist	data/chorale-bricks/Gesius_DuFriedensfuerstHerrJesuChrist	1:1	"[""1:2"", ""1:3"", ""2:1"", ""3:1""]"	"[""1:3"", ""2:1"", ""1:2"", ""3:1""]"	visual	visual.short.png	data/chorale-bricks/Gesius_DuFriedensfuerstHerrJesuChrist/visual.short.png	1:1	"[""1:1"", ""none of the other options is correct"", ""1:3"", ""2:1"", ""1:2""]"	0.2	0	"[""A"", ""B"", ""C"", ""D"", ""E""]"	"{""A"": ""1:2"", ""B"": ""1:3"", ""C"": ""1:1"", ""D"": ""2:1"", ""E"": ""none of the other options is correct""}"	"[""(A) 1:2"", ""(B) 1:3"", ""(C) 1:1"", ""(D) 2:1"", ""(E) none of the other options is correct""]"	(C) 1:1	C
60d34a79-ad00-54f6-9ae6-bdab97bd6809	8	perception	rhythm	relative	rhythm-relative	proportion-recognition		rhythm pattern statistics	How many rhythmic figures with a strict {rhythm_proportion} proportionality are there in the {voice} line?	"[""rhythm_proportion"", ""voice""]"	get_rhythm_pattern_count		rhythm	"{""rhythm_proportion"": ""1:2"", ""voice"": ""bass""}"	How many rhythmic figures with a strict 1:2 proportionality are there in the bass line?	Anonymous_AusMeinesHerzensGrunde	chorale-bricks	Anonymous_AusMeinesHerzensGrunde	data/chorale-bricks/Anonymous_AusMeinesHerzensGrunde	22	"[""0"", ""1"", ""2"", ""3""]"	"[""3"", ""0"", ""2"", ""1""]"	audio	audio.mastermix.wav	data/chorale-bricks/Anonymous_AusMeinesHerzensGrunde/audio.mastermix.wav	22	"[""22"", ""none of the other options is correct"", ""3"", ""0"", ""2""]"	0.2	0	"[""A"", ""B"", ""C"", ""D"", ""E""]"	"{""A"": ""none of the other options is correct"", ""B"": ""22"", ""C"": ""2"", ""D"": ""0"", ""E"": ""3""}"	"[""(A) none of the other options is correct"", ""(B) 22"", ""(C) 2"", ""(D) 0"", ""(E) 3""]"	(B) 22	B
4a4aace6-70a8-517a-b4ec-0404e31ca5ea	8	perception	rhythm	relative	rhythm-relative	proportion-recognition		rhythm pattern statistics	How many rhythmic figures with a strict {rhythm_proportion} proportionality are there in the {voice} line?	"[""rhythm_proportion"", ""voice""]"	get_rhythm_pattern_count		rhythm	"{""rhythm_proportion"": ""1:2"", ""voice"": ""bass""}"	How many rhythmic figures with a strict 1:2 proportionality are there in the bass line?	Anonymous_AusMeinesHerzensGrunde	chorale-bricks	Anonymous_AusMeinesHerzensGrunde	data/chorale-bricks/Anonymous_AusMeinesHerzensGrunde	22	"[""0"", ""1"", ""2"", ""3""]"	"[""3"", ""0"", ""2"", ""1""]"	symbolic	symbolic.abc.txt	data/chorale-bricks/Anonymous_AusMeinesHerzensGrunde/symbolic.abc.txt	22	"[""22"", ""none of the other options is correct"", ""3"", ""0"", ""2""]"	0.2	0	"[""A"", ""B"", ""C"", ""D"", ""E""]"	"{""A"": ""none of the other options is correct"", ""B"": ""3"", ""C"": ""22"", ""D"": ""0"", ""E"": ""2""}"	"[""(A) none of the other options is correct"", ""(B) 3"", ""(C) 22"", ""(D) 0"", ""(E) 2""]"	(C) 22	C
d91555ef-b56b-58d6-a9b5-898578756cf1	8	perception	rhythm	relative	rhythm-relative	proportion-recognition		rhythm pattern statistics	How many rhythmic figures with a strict {rhythm_proportion} proportionality are there in the {voice} line?	"[""rhythm_proportion"", ""voice""]"	get_rhythm_pattern_count		rhythm	"{""rhythm_proportion"": ""1:2"", ""voice"": ""bass""}"	How many rhythmic figures with a strict 1:2 proportionality are there in the bass line?	Anonymous_AusMeinesHerzensGrunde	chorale-bricks	Anonymous_AusMeinesHerzensGrunde	data/chorale-bricks/Anonymous_AusMeinesHerzensGrunde	22	"[""0"", ""1"", ""2"", ""3""]"	"[""3"", ""0"", ""2"", ""1""]"	visual	visual.short.png	data/chorale-bricks/Anonymous_AusMeinesHerzensGrunde/visual.short.png	22	"[""22"", ""none of the other options is correct"", ""3"", ""0"", ""2""]"	0.2	0	"[""A"", ""B"", ""C"", ""D"", ""E""]"	"{""A"": ""0"", ""B"": ""2"", ""C"": ""none of the other options is correct"", ""D"": ""3"", ""E"": ""22""}"	"[""(A) 0"", ""(B) 2"", ""(C) none of the other options is correct"", ""(D) 3"", ""(E) 22""]"	(E) 22	E
affb6314-60ab-5741-a6dd-066c9865773b	8	perception	rhythm	relative	rhythm-relative	proportion-recognition		rhythm pattern statistics	How many rhythmic figures with a strict {rhythm_proportion} proportionality are there in the {voice} line?	"[""rhythm_proportion"", ""voice""]"	get_rhythm_pattern_count		rhythm	"{""rhythm_proportion"": ""1:6"", ""voice"": ""alto""}"	How many rhythmic figures with a strict 1:6 proportionality are there in the alto line?	Bach_IchStehAnDeinerKrippe	chorale-bricks	Bach_IchStehAnDeinerKrippe	data/chorale-bricks/Bach_IchStehAnDeinerKrippe	0	"[""1"", ""2"", ""3"", ""4""]"	"[""2"", ""1"", ""4"", ""3""]"	audio	audio.mastermix.wav	data/chorale-bricks/Bach_IchStehAnDeinerKrippe/audio.mastermix.wav	0	"[""0"", ""none of the other options is correct"", ""2"", ""1"", ""4""]"	0.2	0	"[""A"", ""B"", ""C"", ""D"", ""E""]"	"{""A"": ""1"", ""B"": ""2"", ""C"": ""4"", ""D"": ""0"", ""E"": ""none of the other options is correct""}"	"[""(A) 1"", ""(B) 2"", ""(C) 4"", ""(D) 0"", ""(E) none of the other options is correct""]"	(D) 0	D
04d67f62-0725-5280-926f-38d3e107bff9	8	perception	rhythm	relative	rhythm-relative	proportion-recognition		rhythm pattern statistics	How many rhythmic figures with a strict {rhythm_proportion} proportionality are there in the {voice} line?	"[""rhythm_proportion"", ""voice""]"	get_rhythm_pattern_count		rhythm	"{""rhythm_proportion"": ""1:6"", ""voice"": ""alto""}"	How many rhythmic figures with a strict 1:6 proportionality are there in the alto line?	Bach_IchStehAnDeinerKrippe	chorale-bricks	Bach_IchStehAnDeinerKrippe	data/chorale-bricks/Bach_IchStehAnDeinerKrippe	0	"[""1"", ""2"", ""3"", ""4""]"	"[""2"", ""1"", ""4"", ""3""]"	symbolic	symbolic.abc.txt	data/chorale-bricks/Bach_IchStehAnDeinerKrippe/symbolic.abc.txt	0	"[""0"", ""none of the other options is correct"", ""2"", ""1"", ""4""]"	0.2	0	"[""A"", ""B"", ""C"", ""D"", ""E""]"	"{""A"": ""1"", ""B"": ""4"", ""C"": ""0"", ""D"": ""none of the other options is correct"", ""E"": ""2""}"	"[""(A) 1"", ""(B) 4"", ""(C) 0"", ""(D) none of the other options is correct"", ""(E) 2""]"	(C) 0	C
762b2fcb-ee91-5411-8cdd-9af71b01a43b	8	perception	rhythm	relative	rhythm-relative	proportion-recognition		rhythm pattern statistics	How many rhythmic figures with a strict {rhythm_proportion} proportionality are there in the {voice} line?	"[""rhythm_proportion"", ""voice""]"	get_rhythm_pattern_count		rhythm	"{""rhythm_proportion"": ""1:6"", ""voice"": ""alto""}"	How many rhythmic figures with a strict 1:6 proportionality are there in the alto line?	Bach_IchStehAnDeinerKrippe	chorale-bricks	Bach_IchStehAnDeinerKrippe	data/chorale-bricks/Bach_IchStehAnDeinerKrippe	0	"[""1"", ""2"", ""3"", ""4""]"	"[""2"", ""1"", ""4"", ""3""]"	visual	visual.short.png	data/chorale-bricks/Bach_IchStehAnDeinerKrippe/visual.short.png	0	"[""0"", ""none of the other options is correct"", ""2"", ""1"", ""4""]"	0.2	0	"[""A"", ""B"", ""C"", ""D"", ""E""]"	"{""A"": ""2"", ""B"": ""4"", ""C"": ""1"", ""D"": ""0"", ""E"": ""none of the other options is correct""}"	"[""(A) 2"", ""(B) 4"", ""(C) 1"", ""(D) 0"", ""(E) none of the other options is correct""]"	(D) 0	D
0bcf1315-328f-5300-9ecf-367bc5602cc1	8	perception	rhythm	relative	rhythm-relative	proportion-recognition		rhythm pattern statistics	How many rhythmic figures with a strict {rhythm_proportion} proportionality are there in the {voice} line?	"[""rhythm_proportion"", ""voice""]"	get_rhythm_pattern_count		rhythm	"{""rhythm_proportion"": ""2:1"", ""voice"": ""alto""}"	How many rhythmic figures with a strict 2:1 proportionality are there in the alto line?	Vulpius_DieHelleSonnLeuchtJetztHerfuer	chorale-bricks	Vulpius_DieHelleSonnLeuchtJetztHerfuer	data/chorale-bricks/Vulpius_DieHelleSonnLeuchtJetztHerfuer	12	"[""0"", ""1"", ""2"", ""4""]"	"[""4"", ""2"", ""1"", ""0""]"	audio	audio.mastermix.wav	data/chorale-bricks/Vulpius_DieHelleSonnLeuchtJetztHerfuer/audio.mastermix.wav	12	"[""12"", ""none of the other options is correct"", ""4"", ""2"", ""1""]"	0.2	0	"[""A"", ""B"", ""C"", ""D"", ""E""]"	"{""A"": ""none of the other options is correct"", ""B"": ""12"", ""C"": ""4"", ""D"": ""1"", ""E"": ""2""}"	"[""(A) none of the other options is correct"", ""(B) 12"", ""(C) 4"", ""(D) 1"", ""(E) 2""]"	(B) 12	B
9a45994e-3de6-5ad0-a1ae-737daf444287	8	perception	rhythm	relative	rhythm-relative	proportion-recognition		rhythm pattern statistics	How many rhythmic figures with a strict {rhythm_proportion} proportionality are there in the {voice} line?	"[""rhythm_proportion"", ""voice""]"	get_rhythm_pattern_count		rhythm	"{""rhythm_proportion"": ""2:1"", ""voice"": ""alto""}"	How many rhythmic figures with a strict 2:1 proportionality are there in the alto line?	Vulpius_DieHelleSonnLeuchtJetztHerfuer	chorale-bricks	Vulpius_DieHelleSonnLeuchtJetztHerfuer	data/chorale-bricks/Vulpius_DieHelleSonnLeuchtJetztHerfuer	12	"[""0"", ""1"", ""2"", ""4""]"	"[""4"", ""2"", ""1"", ""0""]"	symbolic	symbolic.abc.txt	data/chorale-bricks/Vulpius_DieHelleSonnLeuchtJetztHerfuer/symbolic.abc.txt	12	"[""12"", ""none of the other options is correct"", ""4"", ""2"", ""1""]"	0.2	0	"[""A"", ""B"", ""C"", ""D"", ""E""]"	"{""A"": ""1"", ""B"": ""12"", ""C"": ""4"", ""D"": ""none of the other options is correct"", ""E"": ""2""}"	"[""(A) 1"", ""(B) 12"", ""(C) 4"", ""(D) none of the other options is correct"", ""(E) 2""]"	(B) 12	B
22f0e7bc-a491-510a-8615-ce43ff0a70da	8	perception	rhythm	relative	rhythm-relative	proportion-recognition		rhythm pattern statistics	How many rhythmic figures with a strict {rhythm_proportion} proportionality are there in the {voice} line?	"[""rhythm_proportion"", ""voice""]"	get_rhythm_pattern_count		rhythm	"{""rhythm_proportion"": ""2:1"", ""voice"": ""alto""}"	How many rhythmic figures with a strict 2:1 proportionality are there in the alto line?	Vulpius_DieHelleSonnLeuchtJetztHerfuer	chorale-bricks	Vulpius_DieHelleSonnLeuchtJetztHerfuer	data/chorale-bricks/Vulpius_DieHelleSonnLeuchtJetztHerfuer	12	"[""0"", ""1"", ""2"", ""4""]"	"[""4"", ""2"", ""1"", ""0""]"	visual	visual.short.png	data/chorale-bricks/Vulpius_DieHelleSonnLeuchtJetztHerfuer/visual.short.png	12	"[""12"", ""none of the other options is correct"", ""4"", ""2"", ""1""]"	0.2	0	"[""A"", ""B"", ""C"", ""D"", ""E""]"	"{""A"": ""1"", ""B"": ""2"", ""C"": ""4"", ""D"": ""none of the other options is correct"", ""E"": ""12""}"	"[""(A) 1"", ""(B) 2"", ""(C) 4"", ""(D) none of the other options is correct"", ""(E) 12""]"	(E) 12	E
09d19d3d-2b42-5710-bd1a-4d17e7ad72bf	8	perception	rhythm	relative	rhythm-relative	proportion-recognition		rhythm pattern statistics	How many rhythmic figures with a strict {rhythm_proportion} proportionality are there in the {voice} line?	"[""rhythm_proportion"", ""voice""]"	get_rhythm_pattern_count		rhythm	"{""rhythm_proportion"": ""1:1"", ""voice"": ""alto""}"	How many rhythmic figures with a strict 1:1 proportionality are there in the alto line?	Gesius_BefiehlDuDeineWege	chorale-bricks	Gesius_BefiehlDuDeineWege	data/chorale-bricks/Gesius_BefiehlDuDeineWege	42	"[""0"", ""1"", ""2"", ""3""]"	"[""3"", ""1"", ""2"", ""0""]"	audio	audio.mastermix.wav	data/chorale-bricks/Gesius_BefiehlDuDeineWege/audio.mastermix.wav	42	"[""42"", ""none of the other options is correct"", ""3"", ""1"", ""2""]"	0.2	0	"[""A"", ""B"", ""C"", ""D"", ""E""]"	"{""A"": ""none of the other options is correct"", ""B"": ""3"", ""C"": ""1"", ""D"": ""2"", ""E"": ""42""}"	"[""(A) none of the other options is correct"", ""(B) 3"", ""(C) 1"", ""(D) 2"", ""(E) 42""]"	(E) 42	E
7bf61b04-e792-542f-a8cd-75dbe6f857f3	8	perception	rhythm	relative	rhythm-relative	proportion-recognition		rhythm pattern statistics	How many rhythmic figures with a strict {rhythm_proportion} proportionality are there in the {voice} line?	"[""rhythm_proportion"", ""voice""]"	get_rhythm_pattern_count		rhythm	"{""rhythm_proportion"": ""1:1"", ""voice"": ""alto""}"	How many rhythmic figures with a strict 1:1 proportionality are there in the alto line?	Gesius_BefiehlDuDeineWege	chorale-bricks	Gesius_BefiehlDuDeineWege	data/chorale-bricks/Gesius_BefiehlDuDeineWege	42	"[""0"", ""1"", ""2"", ""3""]"	"[""3"", ""1"", ""2"", ""0""]"	symbolic	symbolic.abc.txt	data/chorale-bricks/Gesius_BefiehlDuDeineWege/symbolic.abc.txt	none of the other options is correct	"[""none of the other options is correct"", ""3"", ""1"", ""2"", ""0""]"	0.2	1	"[""A"", ""B"", ""C"", ""D"", ""E""]"	"{""A"": ""2"", ""B"": ""none of the other options is correct"", ""C"": ""3"", ""D"": ""0"", ""E"": ""1""}"	"[""(A) 2"", ""(B) none of the other options is correct"", ""(C) 3"", ""(D) 0"", ""(E) 1""]"	(B) none of the other options is correct	B
3e20094f-5117-5f71-91ba-72961dc1a4b0	8	perception	rhythm	relative	rhythm-relative	proportion-recognition		rhythm pattern statistics	How many rhythmic figures with a strict {rhythm_proportion} proportionality are there in the {voice} line?	"[""rhythm_proportion"", ""voice""]"	get_rhythm_pattern_count		rhythm	"{""rhythm_proportion"": ""1:1"", ""voice"": ""alto""}"	How many rhythmic figures with a strict 1:1 proportionality are there in the alto line?	Gesius_BefiehlDuDeineWege	chorale-bricks	Gesius_BefiehlDuDeineWege	data/chorale-bricks/Gesius_BefiehlDuDeineWege	42	"[""0"", ""1"", ""2"", ""3""]"	"[""3"", ""1"", ""2"", ""0""]"	visual	visual.short.png	data/chorale-bricks/Gesius_BefiehlDuDeineWege/visual.short.png	42	"[""42"", ""none of the other options is correct"", ""3"", ""1"", ""2""]"	0.2	0	"[""A"", ""B"", ""C"", ""D"", ""E""]"	"{""A"": ""1"", ""B"": ""2"", ""C"": ""3"", ""D"": ""none of the other options is correct"", ""E"": ""42""}"	"[""(A) 1"", ""(B) 2"", ""(C) 3"", ""(D) none of the other options is correct"", ""(E) 42""]"	(E) 42	E
fe1aaf90-a863-5397-9fc4-0d78b7d5cfef	8	perception	rhythm	relative	rhythm-relative	proportion-recognition		rhythm pattern statistics	How many rhythmic figures with a strict {rhythm_proportion} proportionality are there in the {voice} line?	"[""rhythm_proportion"", ""voice""]"	get_rhythm_pattern_count		rhythm	"{""rhythm_proportion"": ""1:3"", ""voice"": ""soprano""}"	How many rhythmic figures with a strict 1:3 proportionality are there in the soprano line?	Jan_DuGrosserSchmerzensmann	chorale-bricks	Jan_DuGrosserSchmerzensmann	data/chorale-bricks/Jan_DuGrosserSchmerzensmann	2	"[""0"", ""1"", ""3"", ""4""]"	"[""3"", ""4"", ""1"", ""0""]"	audio	audio.mastermix.wav	data/chorale-bricks/Jan_DuGrosserSchmerzensmann/audio.mastermix.wav	2	"[""2"", ""none of the other options is correct"", ""3"", ""4"", ""1""]"	0.2	0	"[""A"", ""B"", ""C"", ""D"", ""E""]"	"{""A"": ""4"", ""B"": ""3"", ""C"": ""1"", ""D"": ""none of the other options is correct"", ""E"": ""2""}"	"[""(A) 4"", ""(B) 3"", ""(C) 1"", ""(D) none of the other options is correct"", ""(E) 2""]"	(E) 2	E
5d33e49d-9727-5bdb-911d-b24cd503a135	8	perception	rhythm	relative	rhythm-relative	proportion-recognition		rhythm pattern statistics	How many rhythmic figures with a strict {rhythm_proportion} proportionality are there in the {voice} line?	"[""rhythm_proportion"", ""voice""]"	get_rhythm_pattern_count		rhythm	"{""rhythm_proportion"": ""1:3"", ""voice"": ""soprano""}"	How many rhythmic figures with a strict 1:3 proportionality are there in the soprano line?	Jan_DuGrosserSchmerzensmann	chorale-bricks	Jan_DuGrosserSchmerzensmann	data/chorale-bricks/Jan_DuGrosserSchmerzensmann	2	"[""0"", ""1"", ""3"", ""4""]"	"[""3"", ""4"", ""1"", ""0""]"	symbolic	symbolic.abc.txt	data/chorale-bricks/Jan_DuGrosserSchmerzensmann/symbolic.abc.txt	2	"[""2"", ""none of the other options is correct"", ""3"", ""4"", ""1""]"	0.2	0	"[""A"", ""B"", ""C"", ""D"", ""E""]"	"{""A"": ""none of the other options is correct"", ""B"": ""3"", ""C"": ""1"", ""D"": ""2"", ""E"": ""4""}"	"[""(A) none of the other options is correct"", ""(B) 3"", ""(C) 1"", ""(D) 2"", ""(E) 4""]"	(D) 2	D
0449d026-62f1-5103-984a-a2e896c4ad2e	8	perception	rhythm	relative	rhythm-relative	proportion-recognition		rhythm pattern statistics	How many rhythmic figures with a strict {rhythm_proportion} proportionality are there in the {voice} line?	"[""rhythm_proportion"", ""voice""]"	get_rhythm_pattern_count		rhythm	"{""rhythm_proportion"": ""1:3"", ""voice"": ""soprano""}"	How many rhythmic figures with a strict 1:3 proportionality are there in the soprano line?	Jan_DuGrosserSchmerzensmann	chorale-bricks	Jan_DuGrosserSchmerzensmann	data/chorale-bricks/Jan_DuGrosserSchmerzensmann	2	"[""0"", ""1"", ""3"", ""4""]"	"[""3"", ""4"", ""1"", ""0""]"	visual	visual.short.png	data/chorale-bricks/Jan_DuGrosserSchmerzensmann/visual.short.png	2	"[""2"", ""none of the other options is correct"", ""3"", ""4"", ""1""]"	0.2	0	"[""A"", ""B"", ""C"", ""D"", ""E""]"	"{""A"": ""4"", ""B"": ""3"", ""C"": ""1"", ""D"": ""none of the other options is correct"", ""E"": ""2""}"	"[""(A) 4"", ""(B) 3"", ""(C) 1"", ""(D) none of the other options is correct"", ""(E) 2""]"	(E) 2	E
9474aa59-0027-58fc-94d7-935eccf67203	8	perception	rhythm	relative	rhythm-relative	proportion-recognition		rhythm pattern statistics	How many rhythmic figures with a strict {rhythm_proportion} proportionality are there in the {voice} line?	"[""rhythm_proportion"", ""voice""]"	get_rhythm_pattern_count		rhythm	"{""rhythm_proportion"": ""1:2"", ""voice"": ""bass""}"	How many rhythmic figures with a strict 1:2 proportionality are there in the bass line?	Vulpius_DieHelleSonnLeuchtJetztHerfuer	chorale-bricks	Vulpius_DieHelleSonnLeuchtJetztHerfuer	data/chorale-bricks/Vulpius_DieHelleSonnLeuchtJetztHerfuer	10	"[""0"", ""1"", ""2"", ""3""]"	"[""3"", ""0"", ""2"", ""1""]"	audio	audio.mastermix.wav	data/chorale-bricks/Vulpius_DieHelleSonnLeuchtJetztHerfuer/audio.mastermix.wav	none of the other options is correct	"[""none of the other options is correct"", ""3"", ""0"", ""2"", ""1""]"	0.2	1	"[""A"", ""B"", ""C"", ""D"", ""E""]"	"{""A"": ""2"", ""B"": ""none of the other options is correct"", ""C"": ""1"", ""D"": ""0"", ""E"": ""3""}"	"[""(A) 2"", ""(B) none of the other options is correct"", ""(C) 1"", ""(D) 0"", ""(E) 3""]"	(B) none of the other options is correct	B
2440c91c-680e-5254-8c2d-5c2594ac449f	8	perception	rhythm	relative	rhythm-relative	proportion-recognition		rhythm pattern statistics	How many rhythmic figures with a strict {rhythm_proportion} proportionality are there in the {voice} line?	"[""rhythm_proportion"", ""voice""]"	get_rhythm_pattern_count		rhythm	"{""rhythm_proportion"": ""1:2"", ""voice"": ""bass""}"	How many rhythmic figures with a strict 1:2 proportionality are there in the bass line?	Vulpius_DieHelleSonnLeuchtJetztHerfuer	chorale-bricks	Vulpius_DieHelleSonnLeuchtJetztHerfuer	data/chorale-bricks/Vulpius_DieHelleSonnLeuchtJetztHerfuer	10	"[""0"", ""1"", ""2"", ""3""]"	"[""3"", ""0"", ""2"", ""1""]"	symbolic	symbolic.abc.txt	data/chorale-bricks/Vulpius_DieHelleSonnLeuchtJetztHerfuer/symbolic.abc.txt	10	"[""10"", ""none of the other options is correct"", ""3"", ""0"", ""2""]"	0.2	0	"[""A"", ""B"", ""C"", ""D"", ""E""]"	"{""A"": ""10"", ""B"": ""0"", ""C"": ""2"", ""D"": ""none of the other options is correct"", ""E"": ""3""}"	"[""(A) 10"", ""(B) 0"", ""(C) 2"", ""(D) none of the other options is correct"", ""(E) 3""]"	(A) 10	A
c77ed05f-9aa8-52bf-855f-02e43dfbe0f6	8	perception	rhythm	relative	rhythm-relative	proportion-recognition		rhythm pattern statistics	How many rhythmic figures with a strict {rhythm_proportion} proportionality are there in the {voice} line?	"[""rhythm_proportion"", ""voice""]"	get_rhythm_pattern_count		rhythm	"{""rhythm_proportion"": ""1:2"", ""voice"": ""bass""}"	How many rhythmic figures with a strict 1:2 proportionality are there in the bass line?	Vulpius_DieHelleSonnLeuchtJetztHerfuer	chorale-bricks	Vulpius_DieHelleSonnLeuchtJetztHerfuer	data/chorale-bricks/Vulpius_DieHelleSonnLeuchtJetztHerfuer	10	"[""0"", ""1"", ""2"", ""3""]"	"[""3"", ""0"", ""2"", ""1""]"	visual	visual.short.png	data/chorale-bricks/Vulpius_DieHelleSonnLeuchtJetztHerfuer/visual.short.png	10	"[""10"", ""none of the other options is correct"", ""3"", ""0"", ""2""]"	0.2	0	"[""A"", ""B"", ""C"", ""D"", ""E""]"	"{""A"": ""3"", ""B"": ""none of the other options is correct"", ""C"": ""0"", ""D"": ""10"", ""E"": ""2""}"	"[""(A) 3"", ""(B) none of the other options is correct"", ""(C) 0"", ""(D) 10"", ""(E) 2""]"	(D) 10	D
b359f07a-9d34-5621-b6a9-5f6f0337de2a	8	perception	rhythm	relative	rhythm-relative	proportion-recognition		rhythm pattern statistics	How many rhythmic figures with a strict {rhythm_proportion} proportionality are there in the {voice} line?	"[""rhythm_proportion"", ""voice""]"	get_rhythm_pattern_count		rhythm	"{""rhythm_proportion"": ""2:1"", ""voice"": ""alto""}"	How many rhythmic figures with a strict 2:1 proportionality are there in the alto line?	Drese_JesuGehVoran	chorale-bricks	Drese_JesuGehVoran	data/chorale-bricks/Drese_JesuGehVoran	11	"[""0"", ""1"", ""3"", ""4""]"	"[""0"", ""3"", ""4"", ""1""]"	audio	audio.mastermix.wav	data/chorale-bricks/Drese_JesuGehVoran/audio.mastermix.wav	11	"[""11"", ""none of the other options is correct"", ""0"", ""3"", ""4""]"	0.2	0	"[""A"", ""B"", ""C"", ""D"", ""E""]"	"{""A"": ""0"", ""B"": ""3"", ""C"": ""4"", ""D"": ""none of the other options is correct"", ""E"": ""11""}"	"[""(A) 0"", ""(B) 3"", ""(C) 4"", ""(D) none of the other options is correct"", ""(E) 11""]"	(E) 11	E
65ae1045-8302-5ad9-b1bc-ae0ef746d71d	8	perception	rhythm	relative	rhythm-relative	proportion-recognition		rhythm pattern statistics	How many rhythmic figures with a strict {rhythm_proportion} proportionality are there in the {voice} line?	"[""rhythm_proportion"", ""voice""]"	get_rhythm_pattern_count		rhythm	"{""rhythm_proportion"": ""2:1"", ""voice"": ""alto""}"	How many rhythmic figures with a strict 2:1 proportionality are there in the alto line?	Drese_JesuGehVoran	chorale-bricks	Drese_JesuGehVoran	data/chorale-bricks/Drese_JesuGehVoran	11	"[""0"", ""1"", ""3"", ""4""]"	"[""0"", ""3"", ""4"", ""1""]"	symbolic	symbolic.abc.txt	data/chorale-bricks/Drese_JesuGehVoran/symbolic.abc.txt	11	"[""11"", ""none of the other options is correct"", ""0"", ""3"", ""4""]"	0.2	0	"[""A"", ""B"", ""C"", ""D"", ""E""]"	"{""A"": ""11"", ""B"": ""3"", ""C"": ""none of the other options is correct"", ""D"": ""0"", ""E"": ""4""}"	"[""(A) 11"", ""(B) 3"", ""(C) none of the other options is correct"", ""(D) 0"", ""(E) 4""]"	(A) 11	A
60c4adba-e143-5158-bd9e-0d023d3e2122	8	perception	rhythm	relative	rhythm-relative	proportion-recognition		rhythm pattern statistics	How many rhythmic figures with a strict {rhythm_proportion} proportionality are there in the {voice} line?	"[""rhythm_proportion"", ""voice""]"	get_rhythm_pattern_count		rhythm	"{""rhythm_proportion"": ""2:1"", ""voice"": ""alto""}"	How many rhythmic figures with a strict 2:1 proportionality are there in the alto line?	Drese_JesuGehVoran	chorale-bricks	Drese_JesuGehVoran	data/chorale-bricks/Drese_JesuGehVoran	11	"[""0"", ""1"", ""3"", ""4""]"	"[""0"", ""3"", ""4"", ""1""]"	visual	visual.short.png	data/chorale-bricks/Drese_JesuGehVoran/visual.short.png	11	"[""11"", ""none of the other options is correct"", ""0"", ""3"", ""4""]"	0.2	0	"[""A"", ""B"", ""C"", ""D"", ""E""]"	"{""A"": ""11"", ""B"": ""3"", ""C"": ""0"", ""D"": ""none of the other options is correct"", ""E"": ""4""}"	"[""(A) 11"", ""(B) 3"", ""(C) 0"", ""(D) none of the other options is correct"", ""(E) 4""]"	(A) 11	A
e96494e4-34a3-5910-96db-1d63d8b07785	8	perception	rhythm	relative	rhythm-relative	proportion-recognition		rhythm pattern statistics	How many rhythmic figures with a strict {rhythm_proportion} proportionality are there in the {voice} line?	"[""rhythm_proportion"", ""voice""]"	get_rhythm_pattern_count		rhythm	"{""rhythm_proportion"": ""3:1"", ""voice"": ""soprano""}"	How many rhythmic figures with a strict 3:1 proportionality are there in the soprano line?	Jan_DuGrosserSchmerzensmann	chorale-bricks	Jan_DuGrosserSchmerzensmann	data/chorale-bricks/Jan_DuGrosserSchmerzensmann	2	"[""0"", ""1"", ""3"", ""4""]"	"[""0"", ""1"", ""3"", ""4""]"	audio	audio.mastermix.wav	data/chorale-bricks/Jan_DuGrosserSchmerzensmann/audio.mastermix.wav	2	"[""2"", ""none of the other options is correct"", ""0"", ""1"", ""3""]"	0.2	0	"[""A"", ""B"", ""C"", ""D"", ""E""]"	"{""A"": ""2"", ""B"": ""1"", ""C"": ""3"", ""D"": ""0"", ""E"": ""none of the other options is correct""}"	"[""(A) 2"", ""(B) 1"", ""(C) 3"", ""(D) 0"", ""(E) none of the other options is correct""]"	(A) 2	A
a2c34d02-4643-5d27-8b89-7371e57c0932	8	perception	rhythm	relative	rhythm-relative	proportion-recognition		rhythm pattern statistics	How many rhythmic figures with a strict {rhythm_proportion} proportionality are there in the {voice} line?	"[""rhythm_proportion"", ""voice""]"	get_rhythm_pattern_count		rhythm	"{""rhythm_proportion"": ""3:1"", ""voice"": ""soprano""}"	How many rhythmic figures with a strict 3:1 proportionality are there in the soprano line?	Jan_DuGrosserSchmerzensmann	chorale-bricks	Jan_DuGrosserSchmerzensmann	data/chorale-bricks/Jan_DuGrosserSchmerzensmann	2	"[""0"", ""1"", ""3"", ""4""]"	"[""0"", ""1"", ""3"", ""4""]"	symbolic	symbolic.abc.txt	data/chorale-bricks/Jan_DuGrosserSchmerzensmann/symbolic.abc.txt	2	"[""2"", ""none of the other options is correct"", ""0"", ""1"", ""3""]"	0.2	0	"[""A"", ""B"", ""C"", ""D"", ""E""]"	"{""A"": ""0"", ""B"": ""3"", ""C"": ""2"", ""D"": ""none of the other options is correct"", ""E"": ""1""}"	"[""(A) 0"", ""(B) 3"", ""(C) 2"", ""(D) none of the other options is correct"", ""(E) 1""]"	(C) 2	C
2555ada9-1287-5f3b-b2db-b7c30bde2ff1	8	perception	rhythm	relative	rhythm-relative	proportion-recognition		rhythm pattern statistics	How many rhythmic figures with a strict {rhythm_proportion} proportionality are there in the {voice} line?	"[""rhythm_proportion"", ""voice""]"	get_rhythm_pattern_count		rhythm	"{""rhythm_proportion"": ""3:1"", ""voice"": ""soprano""}"	How many rhythmic figures with a strict 3:1 proportionality are there in the soprano line?	Jan_DuGrosserSchmerzensmann	chorale-bricks	Jan_DuGrosserSchmerzensmann	data/chorale-bricks/Jan_DuGrosserSchmerzensmann	2	"[""0"", ""1"", ""3"", ""4""]"	"[""0"", ""1"", ""3"", ""4""]"	visual	visual.short.png	data/chorale-bricks/Jan_DuGrosserSchmerzensmann/visual.short.png	2	"[""2"", ""none of the other options is correct"", ""0"", ""1"", ""3""]"	0.2	0	"[""A"", ""B"", ""C"", ""D"", ""E""]"	"{""A"": ""0"", ""B"": ""none of the other options is correct"", ""C"": ""2"", ""D"": ""1"", ""E"": ""3""}"	"[""(A) 0"", ""(B) none of the other options is correct"", ""(C) 2"", ""(D) 1"", ""(E) 3""]"	(C) 2	C
a857e449-d7d5-5a4c-836e-d53e75590afb	8	perception	rhythm	relative	rhythm-relative	proportion-recognition		rhythm pattern statistics	How many rhythmic figures with a strict {rhythm_proportion} proportionality are there in the {voice} line?	"[""rhythm_proportion"", ""voice""]"	get_rhythm_pattern_count		rhythm	"{""rhythm_proportion"": ""1:2"", ""voice"": ""bass""}"	How many rhythmic figures with a strict 1:2 proportionality are there in the bass line?	Bach_IchStehAnDeinerKrippe	chorale-bricks	Bach_IchStehAnDeinerKrippe	data/chorale-bricks/Bach_IchStehAnDeinerKrippe	7	"[""0"", ""1"", ""2"", ""3""]"	"[""0"", ""1"", ""3"", ""2""]"	audio	audio.mastermix.wav	data/chorale-bricks/Bach_IchStehAnDeinerKrippe/audio.mastermix.wav	none of the other options is correct	"[""none of the other options is correct"", ""0"", ""1"", ""3"", ""2""]"	0.2	1	"[""A"", ""B"", ""C"", ""D"", ""E""]"	"{""A"": ""2"", ""B"": ""1"", ""C"": ""3"", ""D"": ""0"", ""E"": ""none of the other options is correct""}"	"[""(A) 2"", ""(B) 1"", ""(C) 3"", ""(D) 0"", ""(E) none of the other options is correct""]"	(E) none of the other options is correct	E
63725cd5-810b-5404-81de-aa21212a86ee	8	perception	rhythm	relative	rhythm-relative	proportion-recognition		rhythm pattern statistics	How many rhythmic figures with a strict {rhythm_proportion} proportionality are there in the {voice} line?	"[""rhythm_proportion"", ""voice""]"	get_rhythm_pattern_count		rhythm	"{""rhythm_proportion"": ""1:2"", ""voice"": ""bass""}"	How many rhythmic figures with a strict 1:2 proportionality are there in the bass line?	Bach_IchStehAnDeinerKrippe	chorale-bricks	Bach_IchStehAnDeinerKrippe	data/chorale-bricks/Bach_IchStehAnDeinerKrippe	7	"[""0"", ""1"", ""2"", ""3""]"	"[""0"", ""1"", ""3"", ""2""]"	symbolic	symbolic.abc.txt	data/chorale-bricks/Bach_IchStehAnDeinerKrippe/symbolic.abc.txt	7	"[""7"", ""none of the other options is correct"", ""0"", ""1"", ""3""]"	0.2	0	"[""A"", ""B"", ""C"", ""D"", ""E""]"	"{""A"": ""none of the other options is correct"", ""B"": ""0"", ""C"": ""3"", ""D"": ""7"", ""E"": ""1""}"	"[""(A) none of the other options is correct"", ""(B) 0"", ""(C) 3"", ""(D) 7"", ""(E) 1""]"	(D) 7	D
e423279b-30db-5112-9e7a-37f8580bac54	8	perception	rhythm	relative	rhythm-relative	proportion-recognition		rhythm pattern statistics	How many rhythmic figures with a strict {rhythm_proportion} proportionality are there in the {voice} line?	"[""rhythm_proportion"", ""voice""]"	get_rhythm_pattern_count		rhythm	"{""rhythm_proportion"": ""1:2"", ""voice"": ""bass""}"	How many rhythmic figures with a strict 1:2 proportionality are there in the bass line?	Bach_IchStehAnDeinerKrippe	chorale-bricks	Bach_IchStehAnDeinerKrippe	data/chorale-bricks/Bach_IchStehAnDeinerKrippe	7	"[""0"", ""1"", ""2"", ""3""]"	"[""0"", ""1"", ""3"", ""2""]"	visual	visual.short.png	data/chorale-bricks/Bach_IchStehAnDeinerKrippe/visual.short.png	none of the other options is correct	"[""none of the other options is correct"", ""0"", ""1"", ""3"", ""2""]"	0.2	1	"[""A"", ""B"", ""C"", ""D"", ""E""]"	"{""A"": ""2"", ""B"": ""0"", ""C"": ""1"", ""D"": ""3"", ""E"": ""none of the other options is correct""}"	"[""(A) 2"", ""(B) 0"", ""(C) 1"", ""(D) 3"", ""(E) none of the other options is correct""]"	(E) none of the other options is correct	E
04089f00-9686-502a-bc9f-89d02a241511	8	perception	rhythm	relative	rhythm-relative	proportion-recognition		rhythm pattern statistics	How many rhythmic figures with a strict {rhythm_proportion} proportionality are there in the {voice} line?	"[""rhythm_proportion"", ""voice""]"	get_rhythm_pattern_count		rhythm	"{""rhythm_proportion"": ""1:4"", ""voice"": ""tenor""}"	How many rhythmic figures with a strict 1:4 proportionality are there in the tenor line?	Bach_IchStehAnDeinerKrippe	chorale-bricks	Bach_IchStehAnDeinerKrippe	data/chorale-bricks/Bach_IchStehAnDeinerKrippe	0	"[""1"", ""2"", ""3"", ""4""]"	"[""3"", ""4"", ""1"", ""2""]"	audio	audio.mastermix.wav	data/chorale-bricks/Bach_IchStehAnDeinerKrippe/audio.mastermix.wav	0	"[""0"", ""none of the other options is correct"", ""3"", ""4"", ""1""]"	0.2	0	"[""A"", ""B"", ""C"", ""D"", ""E""]"	"{""A"": ""4"", ""B"": ""0"", ""C"": ""3"", ""D"": ""none of the other options is correct"", ""E"": ""1""}"	"[""(A) 4"", ""(B) 0"", ""(C) 3"", ""(D) none of the other options is correct"", ""(E) 1""]"	(B) 0	B
c1fff659-de18-5292-a5d3-40526150165f	8	perception	rhythm	relative	rhythm-relative	proportion-recognition		rhythm pattern statistics	How many rhythmic figures with a strict {rhythm_proportion} proportionality are there in the {voice} line?	"[""rhythm_proportion"", ""voice""]"	get_rhythm_pattern_count		rhythm	"{""rhythm_proportion"": ""1:4"", ""voice"": ""tenor""}"	How many rhythmic figures with a strict 1:4 proportionality are there in the tenor line?	Bach_IchStehAnDeinerKrippe	chorale-bricks	Bach_IchStehAnDeinerKrippe	data/chorale-bricks/Bach_IchStehAnDeinerKrippe	0	"[""1"", ""2"", ""3"", ""4""]"	"[""3"", ""4"", ""1"", ""2""]"	symbolic	symbolic.abc.txt	data/chorale-bricks/Bach_IchStehAnDeinerKrippe/symbolic.abc.txt	0	"[""0"", ""none of the other options is correct"", ""3"", ""4"", ""1""]"	0.2	0	"[""A"", ""B"", ""C"", ""D"", ""E""]"	"{""A"": ""1"", ""B"": ""none of the other options is correct"", ""C"": ""4"", ""D"": ""0"", ""E"": ""3""}"	"[""(A) 1"", ""(B) none of the other options is correct"", ""(C) 4"", ""(D) 0"", ""(E) 3""]"	(D) 0	D
1d407674-6f99-5792-82a2-f3e811f0f435	8	perception	rhythm	relative	rhythm-relative	proportion-recognition		rhythm pattern statistics	How many rhythmic figures with a strict {rhythm_proportion} proportionality are there in the {voice} line?	"[""rhythm_proportion"", ""voice""]"	get_rhythm_pattern_count		rhythm	"{""rhythm_proportion"": ""1:4"", ""voice"": ""tenor""}"	How many rhythmic figures with a strict 1:4 proportionality are there in the tenor line?	Bach_IchStehAnDeinerKrippe	chorale-bricks	Bach_IchStehAnDeinerKrippe	data/chorale-bricks/Bach_IchStehAnDeinerKrippe	0	"[""1"", ""2"", ""3"", ""4""]"	"[""3"", ""4"", ""1"", ""2""]"	visual	visual.short.png	data/chorale-bricks/Bach_IchStehAnDeinerKrippe/visual.short.png	0	"[""0"", ""none of the other options is correct"", ""3"", ""4"", ""1""]"	0.2	0	"[""A"", ""B"", ""C"", ""D"", ""E""]"	"{""A"": ""none of the other options is correct"", ""B"": ""3"", ""C"": ""0"", ""D"": ""4"", ""E"": ""1""}"	"[""(A) none of the other options is correct"", ""(B) 3"", ""(C) 0"", ""(D) 4"", ""(E) 1""]"	(C) 0	C
8605518d-7fd4-5357-b1b8-836762772453	9	perception	harmony	relative	harmony-relative	harmonic-recognition		tonality recognition	What is the {function} harmony of the primary key of this piece?	"[""function""]"	get_harmonic_tonality			"{""function"": ""relative minor/major""}"	What is the relative minor/major harmony of the primary key of this piece?	Drese_JesuGehVoran	chorale-bricks	Drese_JesuGehVoran	data/chorale-bricks/Drese_JesuGehVoran	E minor	"[""D"", ""E-"", ""E- minor"", ""G major""]"	"[""E-"", ""D"", ""E- minor"", ""G major""]"	audio	audio.mastermix.wav	data/chorale-bricks/Drese_JesuGehVoran/audio.mastermix.wav	E minor	"[""E minor"", ""none of the other options is correct"", ""E-"", ""D"", ""E- minor""]"	0.2	0	"[""A"", ""B"", ""C"", ""D"", ""E""]"	"{""A"": ""E-"", ""B"": ""D"", ""C"": ""none of the other options is correct"", ""D"": ""E- minor"", ""E"": ""E minor""}"	"[""(A) E-"", ""(B) D"", ""(C) none of the other options is correct"", ""(D) E- minor"", ""(E) E minor""]"	(E) E minor	E
fea57828-f0ed-5500-afff-342fe4057c92	9	perception	harmony	relative	harmony-relative	harmonic-recognition		tonality recognition	What is the {function} harmony of the primary key of this piece?	"[""function""]"	get_harmonic_tonality			"{""function"": ""relative minor/major""}"	What is the relative minor/major harmony of the primary key of this piece?	Drese_JesuGehVoran	chorale-bricks	Drese_JesuGehVoran	data/chorale-bricks/Drese_JesuGehVoran	E minor	"[""D"", ""E-"", ""E- minor"", ""G major""]"	"[""E-"", ""D"", ""E- minor"", ""G major""]"	symbolic	symbolic.abc.txt	data/chorale-bricks/Drese_JesuGehVoran/symbolic.abc.txt	E minor	"[""E minor"", ""none of the other options is correct"", ""E-"", ""D"", ""E- minor""]"	0.2	0	"[""A"", ""B"", ""C"", ""D"", ""E""]"	"{""A"": ""E- minor"", ""B"": ""D"", ""C"": ""E minor"", ""D"": ""none of the other options is correct"", ""E"": ""E-""}"	"[""(A) E- minor"", ""(B) D"", ""(C) E minor"", ""(D) none of the other options is correct"", ""(E) E-""]"	(C) E minor	C
d6c82af5-5d60-5e2c-8dcf-4ae125f18931	9	perception	harmony	relative	harmony-relative	harmonic-recognition		tonality recognition	What is the {function} harmony of the primary key of this piece?	"[""function""]"	get_harmonic_tonality			"{""function"": ""relative minor/major""}"	What is the relative minor/major harmony of the primary key of this piece?	Drese_JesuGehVoran	chorale-bricks	Drese_JesuGehVoran	data/chorale-bricks/Drese_JesuGehVoran	E minor	"[""D"", ""E-"", ""E- minor"", ""G major""]"	"[""E-"", ""D"", ""E- minor"", ""G major""]"	visual	visual.short.png	data/chorale-bricks/Drese_JesuGehVoran/visual.short.png	none of the other options is correct	"[""none of the other options is correct"", ""E-"", ""D"", ""E- minor"", ""G major""]"	0.2	1	"[""A"", ""B"", ""C"", ""D"", ""E""]"	"{""A"": ""E-"", ""B"": ""G major"", ""C"": ""none of the other options is correct"", ""D"": ""E- minor"", ""E"": ""D""}"	"[""(A) E-"", ""(B) G major"", ""(C) none of the other options is correct"", ""(D) E- minor"", ""(E) D""]"	(C) none of the other options is correct	C
8f4a0011-1d25-5464-a1ed-6db2f2d5139b	9	perception	harmony	relative	harmony-relative	harmonic-recognition		tonality recognition	What is the {function} harmony of the primary key of this piece?	"[""function""]"	get_harmonic_tonality			"{""function"": ""tonic""}"	What is the tonic harmony of the primary key of this piece?	Vulpius_DieHelleSonnLeuchtJetztHerfuer	chorale-bricks	Vulpius_DieHelleSonnLeuchtJetztHerfuer	data/chorale-bricks/Vulpius_DieHelleSonnLeuchtJetztHerfuer	D major	"[""A"", ""B minor"", ""B- major"", ""G#""]"	"[""G#"", ""B- major"", ""B minor"", ""A""]"	audio	audio.mastermix.wav	data/chorale-bricks/Vulpius_DieHelleSonnLeuchtJetztHerfuer/audio.mastermix.wav	D major	"[""D major"", ""none of the other options is correct"", ""G#"", ""B- major"", ""B minor""]"	0.2	0	"[""A"", ""B"", ""C"", ""D"", ""E""]"	"{""A"": ""D major"", ""B"": ""B minor"", ""C"": ""G#"", ""D"": ""B- major"", ""E"": ""none of the other options is correct""}"	"[""(A) D major"", ""(B) B minor"", ""(C) G#"", ""(D) B- major"", ""(E) none of the other options is correct""]"	(A) D major	A
7dff332f-2a3b-51b2-b98b-5a9a6d47c522	9	perception	harmony	relative	harmony-relative	harmonic-recognition		tonality recognition	What is the {function} harmony of the primary key of this piece?	"[""function""]"	get_harmonic_tonality			"{""function"": ""tonic""}"	What is the tonic harmony of the primary key of this piece?	Vulpius_DieHelleSonnLeuchtJetztHerfuer	chorale-bricks	Vulpius_DieHelleSonnLeuchtJetztHerfuer	data/chorale-bricks/Vulpius_DieHelleSonnLeuchtJetztHerfuer	D major	"[""A"", ""B minor"", ""B- major"", ""G#""]"	"[""G#"", ""B- major"", ""B minor"", ""A""]"	symbolic	symbolic.abc.txt	data/chorale-bricks/Vulpius_DieHelleSonnLeuchtJetztHerfuer/symbolic.abc.txt	D major	"[""D major"", ""none of the other options is correct"", ""G#"", ""B- major"", ""B minor""]"	0.2	0	"[""A"", ""B"", ""C"", ""D"", ""E""]"	"{""A"": ""G#"", ""B"": ""B- major"", ""C"": ""D major"", ""D"": ""B minor"", ""E"": ""none of the other options is correct""}"	"[""(A) G#"", ""(B) B- major"", ""(C) D major"", ""(D) B minor"", ""(E) none of the other options is correct""]"	(C) D major	C
83139877-c53e-5dca-8020-a342255f43b3	9	perception	harmony	relative	harmony-relative	harmonic-recognition		tonality recognition	What is the {function} harmony of the primary key of this piece?	"[""function""]"	get_harmonic_tonality			"{""function"": ""tonic""}"	What is the tonic harmony of the primary key of this piece?	Vulpius_DieHelleSonnLeuchtJetztHerfuer	chorale-bricks	Vulpius_DieHelleSonnLeuchtJetztHerfuer	data/chorale-bricks/Vulpius_DieHelleSonnLeuchtJetztHerfuer	D major	"[""A"", ""B minor"", ""B- major"", ""G#""]"	"[""G#"", ""B- major"", ""B minor"", ""A""]"	visual	visual.short.png	data/chorale-bricks/Vulpius_DieHelleSonnLeuchtJetztHerfuer/visual.short.png	none of the other options is correct	"[""none of the other options is correct"", ""G#"", ""B- major"", ""B minor"", ""A""]"	0.2	1	"[""A"", ""B"", ""C"", ""D"", ""E""]"	"{""A"": ""B- major"", ""B"": ""B minor"", ""C"": ""none of the other options is correct"", ""D"": ""G#"", ""E"": ""A""}"	"[""(A) B- major"", ""(B) B minor"", ""(C) none of the other options is correct"", ""(D) G#"", ""(E) A""]"	(C) none of the other options is correct	C
31e8afe4-21d0-52d0-99fe-9e8adde6cdaf	9	perception	harmony	relative	harmony-relative	harmonic-recognition		tonality recognition	What is the {function} harmony of the primary key of this piece?	"[""function""]"	get_harmonic_tonality			"{""function"": ""tonic""}"	What is the tonic harmony of the primary key of this piece?	Jan_DuGrosserSchmerzensmann	chorale-bricks	Jan_DuGrosserSchmerzensmann	data/chorale-bricks/Jan_DuGrosserSchmerzensmann	E minor	"[""A major"", ""B"", ""G"", ""G major""]"	"[""G"", ""B"", ""A major"", ""G major""]"	audio	audio.mastermix.wav	data/chorale-bricks/Jan_DuGrosserSchmerzensmann/audio.mastermix.wav	none of the other options is correct	"[""none of the other options is correct"", ""G"", ""B"", ""A major"", ""G major""]"	0.2	1	"[""A"", ""B"", ""C"", ""D"", ""E""]"	"{""A"": ""A major"", ""B"": ""B"", ""C"": ""G major"", ""D"": ""G"", ""E"": ""none of the other options is correct""}"	"[""(A) A major"", ""(B) B"", ""(C) G major"", ""(D) G"", ""(E) none of the other options is correct""]"	(E) none of the other options is correct	E
34e8f9e8-5305-5168-938d-84a81cd3522a	9	perception	harmony	relative	harmony-relative	harmonic-recognition		tonality recognition	What is the {function} harmony of the primary key of this piece?	"[""function""]"	get_harmonic_tonality			"{""function"": ""tonic""}"	What is the tonic harmony of the primary key of this piece?	Jan_DuGrosserSchmerzensmann	chorale-bricks	Jan_DuGrosserSchmerzensmann	data/chorale-bricks/Jan_DuGrosserSchmerzensmann	E minor	"[""A major"", ""B"", ""G"", ""G major""]"	"[""G"", ""B"", ""A major"", ""G major""]"	symbolic	symbolic.abc.txt	data/chorale-bricks/Jan_DuGrosserSchmerzensmann/symbolic.abc.txt	E minor	"[""E minor"", ""none of the other options is correct"", ""G"", ""B"", ""A major""]"	0.2	0	"[""A"", ""B"", ""C"", ""D"", ""E""]"	"{""A"": ""G"", ""B"": ""E minor"", ""C"": ""none of the other options is correct"", ""D"": ""B"", ""E"": ""A major""}"	"[""(A) G"", ""(B) E minor"", ""(C) none of the other options is correct"", ""(D) B"", ""(E) A major""]"	(B) E minor	B
9c65927c-38dc-5455-a0e8-4f30785b911c	9	perception	harmony	relative	harmony-relative	harmonic-recognition		tonality recognition	What is the {function} harmony of the primary key of this piece?	"[""function""]"	get_harmonic_tonality			"{""function"": ""tonic""}"	What is the tonic harmony of the primary key of this piece?	Jan_DuGrosserSchmerzensmann	chorale-bricks	Jan_DuGrosserSchmerzensmann	data/chorale-bricks/Jan_DuGrosserSchmerzensmann	E minor	"[""A major"", ""B"", ""G"", ""G major""]"	"[""G"", ""B"", ""A major"", ""G major""]"	visual	visual.short.png	data/chorale-bricks/Jan_DuGrosserSchmerzensmann/visual.short.png	E minor	"[""E minor"", ""none of the other options is correct"", ""G"", ""B"", ""A major""]"	0.2	0	"[""A"", ""B"", ""C"", ""D"", ""E""]"	"{""A"": ""G"", ""B"": ""B"", ""C"": ""A major"", ""D"": ""none of the other options is correct"", ""E"": ""E minor""}"	"[""(A) G"", ""(B) B"", ""(C) A major"", ""(D) none of the other options is correct"", ""(E) E minor""]"	(E) E minor	E
74d3e2c4-f17e-5f57-a98c-3841a9768c01	9	perception	harmony	relative	harmony-relative	harmonic-recognition		tonality recognition	What is the {function} harmony of the primary key of this piece?	"[""function""]"	get_harmonic_tonality			"{""function"": ""tonic""}"	What is the tonic harmony of the primary key of this piece?	Anonymous_AusMeinesHerzensGrunde	chorale-bricks	Anonymous_AusMeinesHerzensGrunde	data/chorale-bricks/Anonymous_AusMeinesHerzensGrunde	G major	"[""B-"", ""D"", ""E minor"", ""G minor""]"	"[""D"", ""G minor"", ""E minor"", ""B-""]"	audio	audio.mastermix.wav	data/chorale-bricks/Anonymous_AusMeinesHerzensGrunde/audio.mastermix.wav	none of the other options is correct	"[""none of the other options is correct"", ""D"", ""G minor"", ""E minor"", ""B-""]"	0.2	1	"[""A"", ""B"", ""C"", ""D"", ""E""]"	"{""A"": ""none of the other options is correct"", ""B"": ""G minor"", ""C"": ""D"", ""D"": ""E minor"", ""E"": ""B-""}"	"[""(A) none of the other options is correct"", ""(B) G minor"", ""(C) D"", ""(D) E minor"", ""(E) B-""]"	(A) none of the other options is correct	A
fb45894d-66d4-5a3a-837c-90008b961163	9	perception	harmony	relative	harmony-relative	harmonic-recognition		tonality recognition	What is the {function} harmony of the primary key of this piece?	"[""function""]"	get_harmonic_tonality			"{""function"": ""tonic""}"	What is the tonic harmony of the primary key of this piece?	Anonymous_AusMeinesHerzensGrunde	chorale-bricks	Anonymous_AusMeinesHerzensGrunde	data/chorale-bricks/Anonymous_AusMeinesHerzensGrunde	G major	"[""B-"", ""D"", ""E minor"", ""G minor""]"	"[""D"", ""G minor"", ""E minor"", ""B-""]"	symbolic	symbolic.abc.txt	data/chorale-bricks/Anonymous_AusMeinesHerzensGrunde/symbolic.abc.txt	G major	"[""G major"", ""none of the other options is correct"", ""D"", ""G minor"", ""E minor""]"	0.2	0	"[""A"", ""B"", ""C"", ""D"", ""E""]"	"{""A"": ""D"", ""B"": ""E minor"", ""C"": ""G minor"", ""D"": ""G major"", ""E"": ""none of the other options is correct""}"	"[""(A) D"", ""(B) E minor"", ""(C) G minor"", ""(D) G major"", ""(E) none of the other options is correct""]"	(D) G major	D
ecd09f7c-165c-5099-ad69-3479e9401117	9	perception	harmony	relative	harmony-relative	harmonic-recognition		tonality recognition	What is the {function} harmony of the primary key of this piece?	"[""function""]"	get_harmonic_tonality			"{""function"": ""tonic""}"	What is the tonic harmony of the primary key of this piece?	Anonymous_AusMeinesHerzensGrunde	chorale-bricks	Anonymous_AusMeinesHerzensGrunde	data/chorale-bricks/Anonymous_AusMeinesHerzensGrunde	G major	"[""B-"", ""D"", ""E minor"", ""G minor""]"	"[""D"", ""G minor"", ""E minor"", ""B-""]"	visual	visual.short.png	data/chorale-bricks/Anonymous_AusMeinesHerzensGrunde/visual.short.png	G major	"[""G major"", ""none of the other options is correct"", ""D"", ""G minor"", ""E minor""]"	0.2	0	"[""A"", ""B"", ""C"", ""D"", ""E""]"	"{""A"": ""G minor"", ""B"": ""none of the other options is correct"", ""C"": ""D"", ""D"": ""E minor"", ""E"": ""G major""}"	"[""(A) G minor"", ""(B) none of the other options is correct"", ""(C) D"", ""(D) E minor"", ""(E) G major""]"	(E) G major	E
9e9b0d16-c88b-57f0-8a01-d7ccf37a9167	9	perception	harmony	relative	harmony-relative	harmonic-recognition		tonality recognition	What is the {function} harmony of the primary key of this piece?	"[""function""]"	get_harmonic_tonality			"{""function"": ""relative minor/major""}"	What is the relative minor/major harmony of the primary key of this piece?	Gesius_BefiehlDuDeineWege	chorale-bricks	Gesius_BefiehlDuDeineWege	data/chorale-bricks/Gesius_BefiehlDuDeineWege	F major	"[""A"", ""D minor"", ""E- minor"", ""F""]"	"[""A"", ""E- minor"", ""F"", ""D minor""]"	audio	audio.mastermix.wav	data/chorale-bricks/Gesius_BefiehlDuDeineWege/audio.mastermix.wav	none of the other options is correct	"[""none of the other options is correct"", ""A"", ""E- minor"", ""F"", ""D minor""]"	0.2	1	"[""A"", ""B"", ""C"", ""D"", ""E""]"	"{""A"": ""A"", ""B"": ""F"", ""C"": ""E- minor"", ""D"": ""D minor"", ""E"": ""none of the other options is correct""}"	"[""(A) A"", ""(B) F"", ""(C) E- minor"", ""(D) D minor"", ""(E) none of the other options is correct""]"	(E) none of the other options is correct	E
398f06bb-5b3d-50b8-bb1d-6150dffa8546	9	perception	harmony	relative	harmony-relative	harmonic-recognition		tonality recognition	What is the {function} harmony of the primary key of this piece?	"[""function""]"	get_harmonic_tonality			"{""function"": ""relative minor/major""}"	What is the relative minor/major harmony of the primary key of this piece?	Gesius_BefiehlDuDeineWege	chorale-bricks	Gesius_BefiehlDuDeineWege	data/chorale-bricks/Gesius_BefiehlDuDeineWege	F major	"[""A"", ""D minor"", ""E- minor"", ""F""]"	"[""A"", ""E- minor"", ""F"", ""D minor""]"	symbolic	symbolic.abc.txt	data/chorale-bricks/Gesius_BefiehlDuDeineWege/symbolic.abc.txt	none of the other options is correct	"[""none of the other options is correct"", ""A"", ""E- minor"", ""F"", ""D minor""]"	0.2	1	"[""A"", ""B"", ""C"", ""D"", ""E""]"	"{""A"": ""none of the other options is correct"", ""B"": ""F"", ""C"": ""E- minor"", ""D"": ""D minor"", ""E"": ""A""}"	"[""(A) none of the other options is correct"", ""(B) F"", ""(C) E- minor"", ""(D) D minor"", ""(E) A""]"	(A) none of the other options is correct	A
436cddcc-e9eb-5a90-b2bb-faf6f346a777	9	perception	harmony	relative	harmony-relative	harmonic-recognition		tonality recognition	What is the {function} harmony of the primary key of this piece?	"[""function""]"	get_harmonic_tonality			"{""function"": ""relative minor/major""}"	What is the relative minor/major harmony of the primary key of this piece?	Gesius_BefiehlDuDeineWege	chorale-bricks	Gesius_BefiehlDuDeineWege	data/chorale-bricks/Gesius_BefiehlDuDeineWege	F major	"[""A"", ""D minor"", ""E- minor"", ""F""]"	"[""A"", ""E- minor"", ""F"", ""D minor""]"	visual	visual.short.png	data/chorale-bricks/Gesius_BefiehlDuDeineWege/visual.short.png	F major	"[""F major"", ""none of the other options is correct"", ""A"", ""E- minor"", ""F""]"	0.2	0	"[""A"", ""B"", ""C"", ""D"", ""E""]"	"{""A"": ""F"", ""B"": ""A"", ""C"": ""none of the other options is correct"", ""D"": ""F major"", ""E"": ""E- minor""}"	"[""(A) F"", ""(B) A"", ""(C) none of the other options is correct"", ""(D) F major"", ""(E) E- minor""]"	(D) F major	D
085d2cc9-fecc-5a14-a2d9-893326ded314	9	perception	harmony	relative	harmony-relative	harmonic-recognition		tonality recognition	What is the {function} harmony of the primary key of this piece?	"[""function""]"	get_harmonic_tonality			"{""function"": ""tonic""}"	What is the tonic harmony of the primary key of this piece?	Gesius_BefiehlDuDeineWege	chorale-bricks	Gesius_BefiehlDuDeineWege	data/chorale-bricks/Gesius_BefiehlDuDeineWege	D minor	"[""A"", ""B-"", ""F major"", ""G major""]"	"[""F major"", ""G major"", ""B-"", ""A""]"	audio	audio.mastermix.wav	data/chorale-bricks/Gesius_BefiehlDuDeineWege/audio.mastermix.wav	D minor	"[""D minor"", ""none of the other options is correct"", ""F major"", ""G major"", ""B-""]"	0.2	0	"[""A"", ""B"", ""C"", ""D"", ""E""]"	"{""A"": ""none of the other options is correct"", ""B"": ""D minor"", ""C"": ""F major"", ""D"": ""G major"", ""E"": ""B-""}"	"[""(A) none of the other options is correct"", ""(B) D minor"", ""(C) F major"", ""(D) G major"", ""(E) B-""]"	(B) D minor	B
97557d0c-7e9d-578e-a1f3-13a99bfc6a1f	9	perception	harmony	relative	harmony-relative	harmonic-recognition		tonality recognition	What is the {function} harmony of the primary key of this piece?	"[""function""]"	get_harmonic_tonality			"{""function"": ""tonic""}"	What is the tonic harmony of the primary key of this piece?	Gesius_BefiehlDuDeineWege	chorale-bricks	Gesius_BefiehlDuDeineWege	data/chorale-bricks/Gesius_BefiehlDuDeineWege	D minor	"[""A"", ""B-"", ""F major"", ""G major""]"	"[""F major"", ""G major"", ""B-"", ""A""]"	symbolic	symbolic.abc.txt	data/chorale-bricks/Gesius_BefiehlDuDeineWege/symbolic.abc.txt	D minor	"[""D minor"", ""none of the other options is correct"", ""F major"", ""G major"", ""B-""]"	0.2	0	"[""A"", ""B"", ""C"", ""D"", ""E""]"	"{""A"": ""none of the other options is correct"", ""B"": ""D minor"", ""C"": ""F major"", ""D"": ""B-"", ""E"": ""G major""}"	"[""(A) none of the other options is correct"", ""(B) D minor"", ""(C) F major"", ""(D) B-"", ""(E) G major""]"	(B) D minor	B
91e93395-52e5-507e-ae20-7bc141ba8cb7	9	perception	harmony	relative	harmony-relative	harmonic-recognition		tonality recognition	What is the {function} harmony of the primary key of this piece?	"[""function""]"	get_harmonic_tonality			"{""function"": ""tonic""}"	What is the tonic harmony of the primary key of this piece?	Gesius_BefiehlDuDeineWege	chorale-bricks	Gesius_BefiehlDuDeineWege	data/chorale-bricks/Gesius_BefiehlDuDeineWege	D minor	"[""A"", ""B-"", ""F major"", ""G major""]"	"[""F major"", ""G major"", ""B-"", ""A""]"	visual	visual.short.png	data/chorale-bricks/Gesius_BefiehlDuDeineWege/visual.short.png	D minor	"[""D minor"", ""none of the other options is correct"", ""F major"", ""G major"", ""B-""]"	0.2	0	"[""A"", ""B"", ""C"", ""D"", ""E""]"	"{""A"": ""none of the other options is correct"", ""B"": ""G major"", ""C"": ""F major"", ""D"": ""B-"", ""E"": ""D minor""}"	"[""(A) none of the other options is correct"", ""(B) G major"", ""(C) F major"", ""(D) B-"", ""(E) D minor""]"	(E) D minor	E
f0a4f590-1cef-51e5-95a2-891f9d21a57f	9	perception	harmony	relative	harmony-relative	harmonic-recognition		tonality recognition	What is the {function} harmony of the primary key of this piece?	"[""function""]"	get_harmonic_tonality			"{""function"": ""tonic""}"	What is the tonic harmony of the primary key of this piece?	Vulpius_ChristusDerIstMeinLeben	chorale-bricks	Vulpius_ChristusDerIstMeinLeben	data/chorale-bricks/Vulpius_ChristusDerIstMeinLeben	D major	"[""A"", ""B minor"", ""C major"", ""E- major""]"	"[""E- major"", ""A"", ""C major"", ""B minor""]"	audio	audio.mastermix.wav	data/chorale-bricks/Vulpius_ChristusDerIstMeinLeben/audio.mastermix.wav	D major	"[""D major"", ""none of the other options is correct"", ""E- major"", ""A"", ""C major""]"	0.2	0	"[""A"", ""B"", ""C"", ""D"", ""E""]"	"{""A"": ""D major"", ""B"": ""C major"", ""C"": ""E- major"", ""D"": ""none of the other options is correct"", ""E"": ""A""}"	"[""(A) D major"", ""(B) C major"", ""(C) E- major"", ""(D) none of the other options is correct"", ""(E) A""]"	(A) D major	A
9ac34578-e37d-5c56-8aeb-ef64249a0ad1	9	perception	harmony	relative	harmony-relative	harmonic-recognition		tonality recognition	What is the {function} harmony of the primary key of this piece?	"[""function""]"	get_harmonic_tonality			"{""function"": ""tonic""}"	What is the tonic harmony of the primary key of this piece?	Vulpius_ChristusDerIstMeinLeben	chorale-bricks	Vulpius_ChristusDerIstMeinLeben	data/chorale-bricks/Vulpius_ChristusDerIstMeinLeben	D major	"[""A"", ""B minor"", ""C major"", ""E- major""]"	"[""E- major"", ""A"", ""C major"", ""B minor""]"	symbolic	symbolic.abc.txt	data/chorale-bricks/Vulpius_ChristusDerIstMeinLeben/symbolic.abc.txt	D major	"[""D major"", ""none of the other options is correct"", ""E- major"", ""A"", ""C major""]"	0.2	0	"[""A"", ""B"", ""C"", ""D"", ""E""]"	"{""A"": ""E- major"", ""B"": ""A"", ""C"": ""D major"", ""D"": ""C major"", ""E"": ""none of the other options is correct""}"	"[""(A) E- major"", ""(B) A"", ""(C) D major"", ""(D) C major"", ""(E) none of the other options is correct""]"	(C) D major	C
2a7cf706-ff42-5b9b-98c4-d3da5f424054	9	perception	harmony	relative	harmony-relative	harmonic-recognition		tonality recognition	What is the {function} harmony of the primary key of this piece?	"[""function""]"	get_harmonic_tonality			"{""function"": ""tonic""}"	What is the tonic harmony of the primary key of this piece?	Vulpius_ChristusDerIstMeinLeben	chorale-bricks	Vulpius_ChristusDerIstMeinLeben	data/chorale-bricks/Vulpius_ChristusDerIstMeinLeben	D major	"[""A"", ""B minor"", ""C major"", ""E- major""]"	"[""E- major"", ""A"", ""C major"", ""B minor""]"	visual	visual.short.png	data/chorale-bricks/Vulpius_ChristusDerIstMeinLeben/visual.short.png	D major	"[""D major"", ""none of the other options is correct"", ""E- major"", ""A"", ""C major""]"	0.2	0	"[""A"", ""B"", ""C"", ""D"", ""E""]"	"{""A"": ""A"", ""B"": ""E- major"", ""C"": ""C major"", ""D"": ""D major"", ""E"": ""none of the other options is correct""}"	"[""(A) A"", ""(B) E- major"", ""(C) C major"", ""(D) D major"", ""(E) none of the other options is correct""]"	(D) D major	D
a9fa89e6-e8ca-5098-8eb6-63039bf326a6	10	perception	harmony	absolute	harmony-absolute	harmonic-recognition		chord recognition	What is the chord at the {target_index} position considering all the voices?	"[""target_index""]"	get_harmonic_chord			"{""target_index"": ""27th""}"	What is the chord at the 27th position considering all the voices?	Drese_JesuGehVoran	chorale-bricks	Drese_JesuGehVoran	data/chorale-bricks/Drese_JesuGehVoran	minor triad	"[""Major Third"", ""diminished triad"", ""major triad"", ""perfect-fourth major tetrachord"", ""quartal trichord""]"	"[""major triad"", ""diminished triad"", ""perfect-fourth major tetrachord"", ""quartal trichord"", ""Major Third""]"	audio	audio.mastermix.wav	data/chorale-bricks/Drese_JesuGehVoran/audio.mastermix.wav	minor triad	"[""minor triad"", ""none of the other options is correct"", ""major triad"", ""diminished triad"", ""perfect-fourth major tetrachord""]"	0.2	0	"[""A"", ""B"", ""C"", ""D"", ""E""]"	"{""A"": ""major triad"", ""B"": ""diminished triad"", ""C"": ""perfect-fourth major tetrachord"", ""D"": ""none of the other options is correct"", ""E"": ""minor triad""}"	"[""(A) major triad"", ""(B) diminished triad"", ""(C) perfect-fourth major tetrachord"", ""(D) none of the other options is correct"", ""(E) minor triad""]"	(E) minor triad	E
bfd3cd7c-c63c-5017-a2cd-7e9fd46c3c18	10	perception	harmony	absolute	harmony-absolute	harmonic-recognition		chord recognition	What is the chord at the {target_index} position considering all the voices?	"[""target_index""]"	get_harmonic_chord			"{""target_index"": ""27th""}"	What is the chord at the 27th position considering all the voices?	Drese_JesuGehVoran	chorale-bricks	Drese_JesuGehVoran	data/chorale-bricks/Drese_JesuGehVoran	minor triad	"[""Major Third"", ""diminished triad"", ""major triad"", ""perfect-fourth major tetrachord"", ""quartal trichord""]"	"[""major triad"", ""diminished triad"", ""perfect-fourth major tetrachord"", ""quartal trichord"", ""Major Third""]"	symbolic	symbolic.abc.txt	data/chorale-bricks/Drese_JesuGehVoran/symbolic.abc.txt	minor triad	"[""minor triad"", ""none of the other options is correct"", ""major triad"", ""diminished triad"", ""perfect-fourth major tetrachord""]"	0.2	0	"[""A"", ""B"", ""C"", ""D"", ""E""]"	"{""A"": ""diminished triad"", ""B"": ""major triad"", ""C"": ""perfect-fourth major tetrachord"", ""D"": ""minor triad"", ""E"": ""none of the other options is correct""}"	"[""(A) diminished triad"", ""(B) major triad"", ""(C) perfect-fourth major tetrachord"", ""(D) minor triad"", ""(E) none of the other options is correct""]"	(D) minor triad	D
6f2ff077-882b-5089-848d-cfeab203b5ac	10	perception	harmony	absolute	harmony-absolute	harmonic-recognition		chord recognition	What is the chord at the {target_index} position considering all the voices?	"[""target_index""]"	get_harmonic_chord			"{""target_index"": ""27th""}"	What is the chord at the 27th position considering all the voices?	Drese_JesuGehVoran	chorale-bricks	Drese_JesuGehVoran	data/chorale-bricks/Drese_JesuGehVoran	minor triad	"[""Major Third"", ""diminished triad"", ""major triad"", ""perfect-fourth major tetrachord"", ""quartal trichord""]"	"[""major triad"", ""diminished triad"", ""perfect-fourth major tetrachord"", ""quartal trichord"", ""Major Third""]"	visual	visual.short.png	data/chorale-bricks/Drese_JesuGehVoran/visual.short.png	none of the other options is correct	"[""none of the other options is correct"", ""major triad"", ""diminished triad"", ""perfect-fourth major tetrachord"", ""quartal trichord""]"	0.2	1	"[""A"", ""B"", ""C"", ""D"", ""E""]"	"{""A"": ""diminished triad"", ""B"": ""quartal trichord"", ""C"": ""major triad"", ""D"": ""none of the other options is correct"", ""E"": ""perfect-fourth major tetrachord""}"	"[""(A) diminished triad"", ""(B) quartal trichord"", ""(C) major triad"", ""(D) none of the other options is correct"", ""(E) perfect-fourth major tetrachord""]"	(D) none of the other options is correct	D
c0af1d61-ede7-5543-998f-28dfcd8bf57c	10	perception	harmony	absolute	harmony-absolute	harmonic-recognition		chord recognition	What is the chord at the {target_index} position considering all the voices?	"[""target_index""]"	get_harmonic_chord			"{""target_index"": ""19th""}"	What is the chord at the 19th position considering all the voices?	Vulpius_DieHelleSonnLeuchtJetztHerfuer	chorale-bricks	Vulpius_DieHelleSonnLeuchtJetztHerfuer	data/chorale-bricks/Vulpius_DieHelleSonnLeuchtJetztHerfuer	minor triad	"[""Augmented Third"", ""Major Third"", ""Perfect Fifth"", ""major triad""]"	"[""Perfect Fifth"", ""Augmented Third"", ""Major Third"", ""major triad""]"	audio	audio.mastermix.wav	data/chorale-bricks/Vulpius_DieHelleSonnLeuchtJetztHerfuer/audio.mastermix.wav	minor triad	"[""minor triad"", ""none of the other options is correct"", ""Perfect Fifth"", ""Augmented Third"", ""Major Third""]"	0.2	0	"[""A"", ""B"", ""C"", ""D"", ""E""]"	"{""A"": ""none of the other options is correct"", ""B"": ""Major Third"", ""C"": ""Augmented Third"", ""D"": ""minor triad"", ""E"": ""Perfect Fifth""}"	"[""(A) none of the other options is correct"", ""(B) Major Third"", ""(C) Augmented Third"", ""(D) minor triad"", ""(E) Perfect Fifth""]"	(D) minor triad	D
f168f1b7-c7d7-53bd-9a2a-27eff9c870b2	10	perception	harmony	absolute	harmony-absolute	harmonic-recognition		chord recognition	What is the chord at the {target_index} position considering all the voices?	"[""target_index""]"	get_harmonic_chord			"{""target_index"": ""19th""}"	What is the chord at the 19th position considering all the voices?	Vulpius_DieHelleSonnLeuchtJetztHerfuer	chorale-bricks	Vulpius_DieHelleSonnLeuchtJetztHerfuer	data/chorale-bricks/Vulpius_DieHelleSonnLeuchtJetztHerfuer	minor triad	"[""Augmented Third"", ""Major Third"", ""Perfect Fifth"", ""major triad""]"	"[""Perfect Fifth"", ""Augmented Third"", ""Major Third"", ""major triad""]"	symbolic	symbolic.abc.txt	data/chorale-bricks/Vulpius_DieHelleSonnLeuchtJetztHerfuer/symbolic.abc.txt	minor triad	"[""minor triad"", ""none of the other options is correct"", ""Perfect Fifth"", ""Augmented Third"", ""Major Third""]"	0.2	0	"[""A"", ""B"", ""C"", ""D"", ""E""]"	"{""A"": ""Perfect Fifth"", ""B"": ""minor triad"", ""C"": ""Major Third"", ""D"": ""Augmented Third"", ""E"": ""none of the other options is correct""}"	"[""(A) Perfect Fifth"", ""(B) minor triad"", ""(C) Major Third"", ""(D) Augmented Third"", ""(E) none of the other options is correct""]"	(B) minor triad	B
32e17b0f-34af-5e59-9209-d2afbd675703	10	perception	harmony	absolute	harmony-absolute	harmonic-recognition		chord recognition	What is the chord at the {target_index} position considering all the voices?	"[""target_index""]"	get_harmonic_chord			"{""target_index"": ""19th""}"	What is the chord at the 19th position considering all the voices?	Vulpius_DieHelleSonnLeuchtJetztHerfuer	chorale-bricks	Vulpius_DieHelleSonnLeuchtJetztHerfuer	data/chorale-bricks/Vulpius_DieHelleSonnLeuchtJetztHerfuer	minor triad	"[""Augmented Third"", ""Major Third"", ""Perfect Fifth"", ""major triad""]"	"[""Perfect Fifth"", ""Augmented Third"", ""Major Third"", ""major triad""]"	visual	visual.short.png	data/chorale-bricks/Vulpius_DieHelleSonnLeuchtJetztHerfuer/visual.short.png	minor triad	"[""minor triad"", ""none of the other options is correct"", ""Perfect Fifth"", ""Augmented Third"", ""Major Third""]"	0.2	0	"[""A"", ""B"", ""C"", ""D"", ""E""]"	"{""A"": ""Augmented Third"", ""B"": ""minor triad"", ""C"": ""Perfect Fifth"", ""D"": ""Major Third"", ""E"": ""none of the other options is correct""}"	"[""(A) Augmented Third"", ""(B) minor triad"", ""(C) Perfect Fifth"", ""(D) Major Third"", ""(E) none of the other options is correct""]"	(B) minor triad	B
150242fa-8058-5693-bfe4-9cfd24f92698	10	perception	harmony	absolute	harmony-absolute	harmonic-recognition		chord recognition	What is the chord at the {target_index} position considering all the voices?	"[""target_index""]"	get_harmonic_chord			"{""target_index"": ""13th""}"	What is the chord at the 13th position considering all the voices?	Gesius_DuFriedensfuerstHerrJesuChrist	chorale-bricks	Gesius_DuFriedensfuerstHerrJesuChrist	data/chorale-bricks/Gesius_DuFriedensfuerstHerrJesuChrist	major triad	"[""Major Third"", ""diminished triad"", ""minor triad"", ""quartal trichord""]"	"[""quartal trichord"", ""diminished triad"", ""Major Third"", ""minor triad""]"	audio	audio.mastermix.wav	data/chorale-bricks/Gesius_DuFriedensfuerstHerrJesuChrist/audio.mastermix.wav	major triad	"[""major triad"", ""none of the other options is correct"", ""quartal trichord"", ""diminished triad"", ""Major Third""]"	0.2	0	"[""A"", ""B"", ""C"", ""D"", ""E""]"	"{""A"": ""quartal trichord"", ""B"": ""none of the other options is correct"", ""C"": ""diminished triad"", ""D"": ""major triad"", ""E"": ""Major Third""}"	"[""(A) quartal trichord"", ""(B) none of the other options is correct"", ""(C) diminished triad"", ""(D) major triad"", ""(E) Major Third""]"	(D) major triad	D
67fa57ce-f9a9-530a-99d9-7f745ed4f3cc	10	perception	harmony	absolute	harmony-absolute	harmonic-recognition		chord recognition	What is the chord at the {target_index} position considering all the voices?	"[""target_index""]"	get_harmonic_chord			"{""target_index"": ""13th""}"	What is the chord at the 13th position considering all the voices?	Gesius_DuFriedensfuerstHerrJesuChrist	chorale-bricks	Gesius_DuFriedensfuerstHerrJesuChrist	data/chorale-bricks/Gesius_DuFriedensfuerstHerrJesuChrist	major triad	"[""Major Third"", ""diminished triad"", ""minor triad"", ""quartal trichord""]"	"[""quartal trichord"", ""diminished triad"", ""Major Third"", ""minor triad""]"	symbolic	symbolic.abc.txt	data/chorale-bricks/Gesius_DuFriedensfuerstHerrJesuChrist/symbolic.abc.txt	major triad	"[""major triad"", ""none of the other options is correct"", ""quartal trichord"", ""diminished triad"", ""Major Third""]"	0.2	0	"[""A"", ""B"", ""C"", ""D"", ""E""]"	"{""A"": ""quartal trichord"", ""B"": ""major triad"", ""C"": ""none of the other options is correct"", ""D"": ""diminished triad"", ""E"": ""Major Third""}"	"[""(A) quartal trichord"", ""(B) major triad"", ""(C) none of the other options is correct"", ""(D) diminished triad"", ""(E) Major Third""]"	(B) major triad	B
5b07dc3d-5220-51ca-a7ea-13af999f9be2	10	perception	harmony	absolute	harmony-absolute	harmonic-recognition		chord recognition	What is the chord at the {target_index} position considering all the voices?	"[""target_index""]"	get_harmonic_chord			"{""target_index"": ""13th""}"	What is the chord at the 13th position considering all the voices?	Gesius_DuFriedensfuerstHerrJesuChrist	chorale-bricks	Gesius_DuFriedensfuerstHerrJesuChrist	data/chorale-bricks/Gesius_DuFriedensfuerstHerrJesuChrist	major triad	"[""Major Third"", ""diminished triad"", ""minor triad"", ""quartal trichord""]"	"[""quartal trichord"", ""diminished triad"", ""Major Third"", ""minor triad""]"	visual	visual.short.png	data/chorale-bricks/Gesius_DuFriedensfuerstHerrJesuChrist/visual.short.png	none of the other options is correct	"[""none of the other options is correct"", ""quartal trichord"", ""diminished triad"", ""Major Third"", ""minor triad""]"	0.2	1	"[""A"", ""B"", ""C"", ""D"", ""E""]"	"{""A"": ""none of the other options is correct"", ""B"": ""diminished triad"", ""C"": ""quartal trichord"", ""D"": ""Major Third"", ""E"": ""minor triad""}"	"[""(A) none of the other options is correct"", ""(B) diminished triad"", ""(C) quartal trichord"", ""(D) Major Third"", ""(E) minor triad""]"	(A) none of the other options is correct	A
c72fd5a8-baf8-5c05-b24c-8a749c8400f5	10	perception	harmony	absolute	harmony-absolute	harmonic-recognition		chord recognition	What is the chord at the {target_index} position considering all the voices?	"[""target_index""]"	get_harmonic_chord			"{""target_index"": ""52nd""}"	What is the chord at the 52nd position considering all the voices?	Bach_IchStehAnDeinerKrippe	chorale-bricks	Bach_IchStehAnDeinerKrippe	data/chorale-bricks/Bach_IchStehAnDeinerKrippe	minor triad	"[""Major Third"", ""diminished triad"", ""incomplete dominant-seventh chord"", ""major triad"", ""quartal trichord""]"	"[""quartal trichord"", ""Major Third"", ""incomplete dominant-seventh chord"", ""major triad"", ""diminished triad""]"	audio	audio.mastermix.wav	data/chorale-bricks/Bach_IchStehAnDeinerKrippe/audio.mastermix.wav	none of the other options is correct	"[""none of the other options is correct"", ""quartal trichord"", ""Major Third"", ""incomplete dominant-seventh chord"", ""major triad""]"	0.2	1	"[""A"", ""B"", ""C"", ""D"", ""E""]"	"{""A"": ""quartal trichord"", ""B"": ""incomplete dominant-seventh chord"", ""C"": ""none of the other options is correct"", ""D"": ""Major Third"", ""E"": ""major triad""}"	"[""(A) quartal trichord"", ""(B) incomplete dominant-seventh chord"", ""(C) none of the other options is correct"", ""(D) Major Third"", ""(E) major triad""]"	(C) none of the other options is correct	C
52c949fb-6885-5ab7-9dfa-383df2910611	10	perception	harmony	absolute	harmony-absolute	harmonic-recognition		chord recognition	What is the chord at the {target_index} position considering all the voices?	"[""target_index""]"	get_harmonic_chord			"{""target_index"": ""52nd""}"	What is the chord at the 52nd position considering all the voices?	Bach_IchStehAnDeinerKrippe	chorale-bricks	Bach_IchStehAnDeinerKrippe	data/chorale-bricks/Bach_IchStehAnDeinerKrippe	minor triad	"[""Major Third"", ""diminished triad"", ""incomplete dominant-seventh chord"", ""major triad"", ""quartal trichord""]"	"[""quartal trichord"", ""Major Third"", ""incomplete dominant-seventh chord"", ""major triad"", ""diminished triad""]"	symbolic	symbolic.abc.txt	data/chorale-bricks/Bach_IchStehAnDeinerKrippe/symbolic.abc.txt	minor triad	"[""minor triad"", ""none of the other options is correct"", ""quartal trichord"", ""Major Third"", ""incomplete dominant-seventh chord""]"	0.2	0	"[""A"", ""B"", ""C"", ""D"", ""E""]"	"{""A"": ""none of the other options is correct"", ""B"": ""Major Third"", ""C"": ""quartal trichord"", ""D"": ""minor triad"", ""E"": ""incomplete dominant-seventh chord""}"	"[""(A) none of the other options is correct"", ""(B) Major Third"", ""(C) quartal trichord"", ""(D) minor triad"", ""(E) incomplete dominant-seventh chord""]"	(D) minor triad	D
47500641-6459-591a-bc94-a4216e4b172c	10	perception	harmony	absolute	harmony-absolute	harmonic-recognition		chord recognition	What is the chord at the {target_index} position considering all the voices?	"[""target_index""]"	get_harmonic_chord			"{""target_index"": ""52nd""}"	What is the chord at the 52nd position considering all the voices?	Bach_IchStehAnDeinerKrippe	chorale-bricks	Bach_IchStehAnDeinerKrippe	data/chorale-bricks/Bach_IchStehAnDeinerKrippe	minor triad	"[""Major Third"", ""diminished triad"", ""incomplete dominant-seventh chord"", ""major triad"", ""quartal trichord""]"	"[""quartal trichord"", ""Major Third"", ""incomplete dominant-seventh chord"", ""major triad"", ""diminished triad""]"	visual	visual.short.png	data/chorale-bricks/Bach_IchStehAnDeinerKrippe/visual.short.png	minor triad	"[""minor triad"", ""none of the other options is correct"", ""quartal trichord"", ""Major Third"", ""incomplete dominant-seventh chord""]"	0.2	0	"[""A"", ""B"", ""C"", ""D"", ""E""]"	"{""A"": ""none of the other options is correct"", ""B"": ""quartal trichord"", ""C"": ""minor triad"", ""D"": ""incomplete dominant-seventh chord"", ""E"": ""Major Third""}"	"[""(A) none of the other options is correct"", ""(B) quartal trichord"", ""(C) minor triad"", ""(D) incomplete dominant-seventh chord"", ""(E) Major Third""]"	(C) minor triad	C
ce260402-2e44-5a15-bf61-6cc1d2e16746	10	perception	harmony	absolute	harmony-absolute	harmonic-recognition		chord recognition	What is the chord at the {target_index} position considering all the voices?	"[""target_index""]"	get_harmonic_chord			"{""target_index"": ""7th""}"	What is the chord at the 7th position considering all the voices?	Jan_DuGrosserSchmerzensmann	chorale-bricks	Jan_DuGrosserSchmerzensmann	data/chorale-bricks/Jan_DuGrosserSchmerzensmann	major triad	"[""Minor Third"", ""diminished triad"", ""minor seventh chord"", ""minor triad"", ""quartal trichord""]"	"[""minor seventh chord"", ""minor triad"", ""diminished triad"", ""quartal trichord"", ""Minor Third""]"	audio	audio.mastermix.wav	data/chorale-bricks/Jan_DuGrosserSchmerzensmann/audio.mastermix.wav	major triad	"[""major triad"", ""none of the other options is correct"", ""minor seventh chord"", ""minor triad"", ""diminished triad""]"	0.2	0	"[""A"", ""B"", ""C"", ""D"", ""E""]"	"{""A"": ""minor triad"", ""B"": ""major triad"", ""C"": ""minor seventh chord"", ""D"": ""none of the other options is correct"", ""E"": ""diminished triad""}"	"[""(A) minor triad"", ""(B) major triad"", ""(C) minor seventh chord"", ""(D) none of the other options is correct"", ""(E) diminished triad""]"	(B) major triad	B
76475438-9a5d-53e2-98da-07082ae57950	10	perception	harmony	absolute	harmony-absolute	harmonic-recognition		chord recognition	What is the chord at the {target_index} position considering all the voices?	"[""target_index""]"	get_harmonic_chord			"{""target_index"": ""7th""}"	What is the chord at the 7th position considering all the voices?	Jan_DuGrosserSchmerzensmann	chorale-bricks	Jan_DuGrosserSchmerzensmann	data/chorale-bricks/Jan_DuGrosserSchmerzensmann	major triad	"[""Minor Third"", ""diminished triad"", ""minor seventh chord"", ""minor triad"", ""quartal trichord""]"	"[""minor seventh chord"", ""minor triad"", ""diminished triad"", ""quartal trichord"", ""Minor Third""]"	symbolic	symbolic.abc.txt	data/chorale-bricks/Jan_DuGrosserSchmerzensmann/symbolic.abc.txt	major triad	"[""major triad"", ""none of the other options is correct"", ""minor seventh chord"", ""minor triad"", ""diminished triad""]"	0.2	0	"[""A"", ""B"", ""C"", ""D"", ""E""]"	"{""A"": ""diminished triad"", ""B"": ""major triad"", ""C"": ""minor seventh chord"", ""D"": ""none of the other options is correct"", ""E"": ""minor triad""}"	"[""(A) diminished triad"", ""(B) major triad"", ""(C) minor seventh chord"", ""(D) none of the other options is correct"", ""(E) minor triad""]"	(B) major triad	B
f4c761d7-f388-5f99-986e-468951f1143e	10	perception	harmony	absolute	harmony-absolute	harmonic-recognition		chord recognition	What is the chord at the {target_index} position considering all the voices?	"[""target_index""]"	get_harmonic_chord			"{""target_index"": ""7th""}"	What is the chord at the 7th position considering all the voices?	Jan_DuGrosserSchmerzensmann	chorale-bricks	Jan_DuGrosserSchmerzensmann	data/chorale-bricks/Jan_DuGrosserSchmerzensmann	major triad	"[""Minor Third"", ""diminished triad"", ""minor seventh chord"", ""minor triad"", ""quartal trichord""]"	"[""minor seventh chord"", ""minor triad"", ""diminished triad"", ""quartal trichord"", ""Minor Third""]"	visual	visual.short.png	data/chorale-bricks/Jan_DuGrosserSchmerzensmann/visual.short.png	none of the other options is correct	"[""none of the other options is correct"", ""minor seventh chord"", ""minor triad"", ""diminished triad"", ""quartal trichord""]"	0.2	1	"[""A"", ""B"", ""C"", ""D"", ""E""]"	"{""A"": ""quartal trichord"", ""B"": ""diminished triad"", ""C"": ""minor triad"", ""D"": ""minor seventh chord"", ""E"": ""none of the other options is correct""}"	"[""(A) quartal trichord"", ""(B) diminished triad"", ""(C) minor triad"", ""(D) minor seventh chord"", ""(E) none of the other options is correct""]"	(E) none of the other options is correct	E
9f0365e8-3ad3-5ea7-bfbe-56b8dbe83948	10	perception	harmony	absolute	harmony-absolute	harmonic-recognition		chord recognition	What is the chord at the {target_index} position considering all the voices?	"[""target_index""]"	get_harmonic_chord			"{""target_index"": ""40th""}"	What is the chord at the 40th position considering all the voices?	Bach_IchStehAnDeinerKrippe	chorale-bricks	Bach_IchStehAnDeinerKrippe	data/chorale-bricks/Bach_IchStehAnDeinerKrippe	major triad	"[""Major Third"", ""diminished triad"", ""incomplete dominant-seventh chord"", ""minor triad"", ""quartal trichord""]"	"[""minor triad"", ""quartal trichord"", ""incomplete dominant-seventh chord"", ""Major Third"", ""diminished triad""]"	audio	audio.mastermix.wav	data/chorale-bricks/Bach_IchStehAnDeinerKrippe/audio.mastermix.wav	major triad	"[""major triad"", ""none of the other options is correct"", ""minor triad"", ""quartal trichord"", ""incomplete dominant-seventh chord""]"	0.2	0	"[""A"", ""B"", ""C"", ""D"", ""E""]"	"{""A"": ""minor triad"", ""B"": ""none of the other options is correct"", ""C"": ""quartal trichord"", ""D"": ""major triad"", ""E"": ""incomplete dominant-seventh chord""}"	"[""(A) minor triad"", ""(B) none of the other options is correct"", ""(C) quartal trichord"", ""(D) major triad"", ""(E) incomplete dominant-seventh chord""]"	(D) major triad	D
16674353-cc7c-5f38-9708-4c60544e75e5	10	perception	harmony	absolute	harmony-absolute	harmonic-recognition		chord recognition	What is the chord at the {target_index} position considering all the voices?	"[""target_index""]"	get_harmonic_chord			"{""target_index"": ""40th""}"	What is the chord at the 40th position considering all the voices?	Bach_IchStehAnDeinerKrippe	chorale-bricks	Bach_IchStehAnDeinerKrippe	data/chorale-bricks/Bach_IchStehAnDeinerKrippe	major triad	"[""Major Third"", ""diminished triad"", ""incomplete dominant-seventh chord"", ""minor triad"", ""quartal trichord""]"	"[""minor triad"", ""quartal trichord"", ""incomplete dominant-seventh chord"", ""Major Third"", ""diminished triad""]"	symbolic	symbolic.abc.txt	data/chorale-bricks/Bach_IchStehAnDeinerKrippe/symbolic.abc.txt	major triad	"[""major triad"", ""none of the other options is correct"", ""minor triad"", ""quartal trichord"", ""incomplete dominant-seventh chord""]"	0.2	0	"[""A"", ""B"", ""C"", ""D"", ""E""]"	"{""A"": ""major triad"", ""B"": ""quartal trichord"", ""C"": ""none of the other options is correct"", ""D"": ""incomplete dominant-seventh chord"", ""E"": ""minor triad""}"	"[""(A) major triad"", ""(B) quartal trichord"", ""(C) none of the other options is correct"", ""(D) incomplete dominant-seventh chord"", ""(E) minor triad""]"	(A) major triad	A
b75a8ca9-8cb8-5823-b87b-a989371b84ad	10	perception	harmony	absolute	harmony-absolute	harmonic-recognition		chord recognition	What is the chord at the {target_index} position considering all the voices?	"[""target_index""]"	get_harmonic_chord			"{""target_index"": ""40th""}"	What is the chord at the 40th position considering all the voices?	Bach_IchStehAnDeinerKrippe	chorale-bricks	Bach_IchStehAnDeinerKrippe	data/chorale-bricks/Bach_IchStehAnDeinerKrippe	major triad	"[""Major Third"", ""diminished triad"", ""incomplete dominant-seventh chord"", ""minor triad"", ""quartal trichord""]"	"[""minor triad"", ""quartal trichord"", ""incomplete dominant-seventh chord"", ""Major Third"", ""diminished triad""]"	visual	visual.short.png	data/chorale-bricks/Bach_IchStehAnDeinerKrippe/visual.short.png	major triad	"[""major triad"", ""none of the other options is correct"", ""minor triad"", ""quartal trichord"", ""incomplete dominant-seventh chord""]"	0.2	0	"[""A"", ""B"", ""C"", ""D"", ""E""]"	"{""A"": ""quartal trichord"", ""B"": ""none of the other options is correct"", ""C"": ""major triad"", ""D"": ""incomplete dominant-seventh chord"", ""E"": ""minor triad""}"	"[""(A) quartal trichord"", ""(B) none of the other options is correct"", ""(C) major triad"", ""(D) incomplete dominant-seventh chord"", ""(E) minor triad""]"	(C) major triad	C
65cd3073-9986-5802-9078-3b3624a780c6	10	perception	harmony	absolute	harmony-absolute	harmonic-recognition		chord recognition	What is the chord at the {target_index} position considering all the voices?	"[""target_index""]"	get_harmonic_chord			"{""target_index"": ""26th""}"	What is the chord at the 26th position considering all the voices?	Jan_DuGrosserSchmerzensmann	chorale-bricks	Jan_DuGrosserSchmerzensmann	data/chorale-bricks/Jan_DuGrosserSchmerzensmann	minor triad	"[""Minor Third"", ""diminished triad"", ""major triad"", ""minor seventh chord"", ""quartal trichord""]"	"[""minor seventh chord"", ""quartal trichord"", ""Minor Third"", ""diminished triad"", ""major triad""]"	audio	audio.mastermix.wav	data/chorale-bricks/Jan_DuGrosserSchmerzensmann/audio.mastermix.wav	none of the other options is correct	"[""none of the other options is correct"", ""minor seventh chord"", ""quartal trichord"", ""Minor Third"", ""diminished triad""]"	0.2	1	"[""A"", ""B"", ""C"", ""D"", ""E""]"	"{""A"": ""none of the other options is correct"", ""B"": ""minor seventh chord"", ""C"": ""Minor Third"", ""D"": ""diminished triad"", ""E"": ""quartal trichord""}"	"[""(A) none of the other options is correct"", ""(B) minor seventh chord"", ""(C) Minor Third"", ""(D) diminished triad"", ""(E) quartal trichord""]"	(A) none of the other options is correct	A
455e316d-8c63-5f4f-8cd1-5ab661371e66	10	perception	harmony	absolute	harmony-absolute	harmonic-recognition		chord recognition	What is the chord at the {target_index} position considering all the voices?	"[""target_index""]"	get_harmonic_chord			"{""target_index"": ""26th""}"	What is the chord at the 26th position considering all the voices?	Jan_DuGrosserSchmerzensmann	chorale-bricks	Jan_DuGrosserSchmerzensmann	data/chorale-bricks/Jan_DuGrosserSchmerzensmann	minor triad	"[""Minor Third"", ""diminished triad"", ""major triad"", ""minor seventh chord"", ""quartal trichord""]"	"[""minor seventh chord"", ""quartal trichord"", ""Minor Third"", ""diminished triad"", ""major triad""]"	symbolic	symbolic.abc.txt	data/chorale-bricks/Jan_DuGrosserSchmerzensmann/symbolic.abc.txt	minor triad	"[""minor triad"", ""none of the other options is correct"", ""minor seventh chord"", ""quartal trichord"", ""Minor Third""]"	0.2	0	"[""A"", ""B"", ""C"", ""D"", ""E""]"	"{""A"": ""quartal trichord"", ""B"": ""minor seventh chord"", ""C"": ""Minor Third"", ""D"": ""none of the other options is correct"", ""E"": ""minor triad""}"	"[""(A) quartal trichord"", ""(B) minor seventh chord"", ""(C) Minor Third"", ""(D) none of the other options is correct"", ""(E) minor triad""]"	(E) minor triad	E
49e535f6-7353-5565-95d3-add630e58f87	10	perception	harmony	absolute	harmony-absolute	harmonic-recognition		chord recognition	What is the chord at the {target_index} position considering all the voices?	"[""target_index""]"	get_harmonic_chord			"{""target_index"": ""26th""}"	What is the chord at the 26th position considering all the voices?	Jan_DuGrosserSchmerzensmann	chorale-bricks	Jan_DuGrosserSchmerzensmann	data/chorale-bricks/Jan_DuGrosserSchmerzensmann	minor triad	"[""Minor Third"", ""diminished triad"", ""major triad"", ""minor seventh chord"", ""quartal trichord""]"	"[""minor seventh chord"", ""quartal trichord"", ""Minor Third"", ""diminished triad"", ""major triad""]"	visual	visual.short.png	data/chorale-bricks/Jan_DuGrosserSchmerzensmann/visual.short.png	minor triad	"[""minor triad"", ""none of the other options is correct"", ""minor seventh chord"", ""quartal trichord"", ""Minor Third""]"	0.2	0	"[""A"", ""B"", ""C"", ""D"", ""E""]"	"{""A"": ""minor seventh chord"", ""B"": ""minor triad"", ""C"": ""Minor Third"", ""D"": ""none of the other options is correct"", ""E"": ""quartal trichord""}"	"[""(A) minor seventh chord"", ""(B) minor triad"", ""(C) Minor Third"", ""(D) none of the other options is correct"", ""(E) quartal trichord""]"	(B) minor triad	B
f7543092-8c0d-5830-9b93-7cd06a7fb04c	11	perception	harmony	relative	harmony-relative	harmonic-recognition		cadence recognition	What is the chord progression between the {target_index} chord and the next one?	"[""target_index""]"	get_harmonic_cadence			"{""target_index"": ""11th""}"	What is the chord progression between the 11th chord and the next one?	Vulpius_ChristusDerIstMeinLeben	chorale-bricks	Vulpius_ChristusDerIstMeinLeben	data/chorale-bricks/Vulpius_ChristusDerIstMeinLeben	V - i	"[""I - I"", ""I - IV"", ""I - V"", ""I - fI"", ""I - i"", ""I - v"", ""I - vi"", ""II - v"", ""III - III"", ""III - IV"", ""III - VI"", ""III - VII"", ""III - fIII"", ""III - iv"", ""IV - I"", ""IV - V"", ""IV - VII"", ""IV - fIV"", ""IV - i"", ""IV - ii"", ""V - I"", ""V - IV"", ""V - V"", ""V - VI"", ""V - fV"", ""V - iv"", ""V - v"", ""V - vi"", ""V7 - I"", ""V7 - VI"", ""V7 - fV7"", ""V7 - i"", ""V7 - vi"", ""VI - III"", ""VI - V"", ""VI - VII"", ""VI - fVI"", ""VI - ii"", ""VI - iv"", ""VII - III"", ""VII - IV"", ""VII - VII"", ""VII - i"", ""VII - ii"", ""VII - iv"", ""VII - v"", ""i - I"", ""i - III"", ""i - IV"", ""i - V"", ""i - VI"", ""i - VII"", ""i - fi"", ""i - i"", ""i - iv"", ""ii - III"", ""ii - IV"", ""ii - V"", ""ii - V7"", ""ii - fii"", ""ii - iv"", ""ii - v"", ""ii - vi"", ""ii7 - V"", ""ii7 - fii7"", ""iii - IV"", ""iii - fiii"", ""iii - vi"", ""iv - I"", ""iv - III"", ""iv - V"", ""iv - VII"", ""iv - fiv"", ""iv - i"", ""iv - ii"", ""v - II"", ""v - III"", ""v - IV"", ""v - V"", ""v - VI"", ""v - fv"", ""v - i"", ""v - v"", ""vi - I"", ""vi - V"", ""vi - fvi"", ""vi - ii"", ""vi - iv"", ""vi - vi"", ""vii - I"", ""vii - fvii"", ""vii - i"", ""vii7 - I"", ""vii7 - fvii7"", ""vii7 - i""]"	"[""VI - III"", ""IV - ii"", ""ii - iv"", ""vi - vi"", ""i - VI"", ""i - iv"", ""ii7 - fii7"", ""V7 - VI"", ""VII - ii"", ""V - IV"", ""V - I"", ""iii - IV"", ""I - fI"", ""V - VI"", ""vii - I"", ""ii7 - V"", ""IV - I"", ""iv - ii"", ""vi - I"", ""v - IV"", ""v - VI"", ""vii7 - I"", ""iv - III"", ""V - v"", ""iv - I"", ""VII - VII"", ""vii7 - fvii7"", ""III - VII"", ""v - II"", ""I - V"", ""vi - V"", ""IV - VII"", ""ii - v"", ""iv - V"", ""v - fv"", ""III - III"", ""I - IV"", ""iv - VII"", ""III - IV"", ""ii - III"", ""VI - VII"", ""I - i"", ""VII - IV"", ""V7 - vi"", ""i - III"", ""v - v"", ""vi - fvi"", ""V - vi"", ""VII - v"", ""v - V"", ""II - v"", ""ii - V"", ""III - VI"", ""iii - vi"", ""i - i"", ""vii7 - i"", ""i - fi"", ""VII - III"", ""V - fV"", ""i - I"", ""VI - iv"", ""I - I"", ""V7 - i"", ""V - iv"", ""iv - i"", ""V7 - fV7"", ""V - V"", ""III - iv"", ""VI - fVI"", ""I - v"", ""iii - fiii"", ""i - V"", ""IV - i"", ""ii - IV"", ""iv - fiv"", ""IV - V"", ""IV - fIV"", ""vii - i"", ""vii - fvii"", ""VI - V"", ""VII - iv"", ""i - VII"", ""v - III"", ""VI - ii"", ""vi - iv"", ""vi - ii"", ""VII - i"", ""ii - fii"", ""i - IV"", ""ii - vi"", ""I - vi"", ""ii - V7"", ""V7 - I"", ""III - fIII"", ""v - i""]"	audio	audio.mastermix.wav	data/chorale-bricks/Vulpius_ChristusDerIstMeinLeben/audio.mastermix.wav	none of the other options is correct	"[""none of the other options is correct"", ""VI - III"", ""IV - ii"", ""ii - iv"", ""vi - vi""]"	0.2	1	"[""A"", ""B"", ""C"", ""D"", ""E""]"	"{""A"": ""ii - iv"", ""B"": ""VI - III"", ""C"": ""vi - vi"", ""D"": ""none of the other options is correct"", ""E"": ""IV - ii""}"	"[""(A) ii - iv"", ""(B) VI - III"", ""(C) vi - vi"", ""(D) none of the other options is correct"", ""(E) IV - ii""]"	(D) none of the other options is correct	D
9b55ff6c-c5e6-5aed-9d1c-12896895a1d6	11	perception	harmony	relative	harmony-relative	harmonic-recognition		cadence recognition	What is the chord progression between the {target_index} chord and the next one?	"[""target_index""]"	get_harmonic_cadence			"{""target_index"": ""11th""}"	What is the chord progression between the 11th chord and the next one?	Vulpius_ChristusDerIstMeinLeben	chorale-bricks	Vulpius_ChristusDerIstMeinLeben	data/chorale-bricks/Vulpius_ChristusDerIstMeinLeben	V - i	"[""I - I"", ""I - IV"", ""I - V"", ""I - fI"", ""I - i"", ""I - v"", ""I - vi"", ""II - v"", ""III - III"", ""III - IV"", ""III - VI"", ""III - VII"", ""III - fIII"", ""III - iv"", ""IV - I"", ""IV - V"", ""IV - VII"", ""IV - fIV"", ""IV - i"", ""IV - ii"", ""V - I"", ""V - IV"", ""V - V"", ""V - VI"", ""V - fV"", ""V - iv"", ""V - v"", ""V - vi"", ""V7 - I"", ""V7 - VI"", ""V7 - fV7"", ""V7 - i"", ""V7 - vi"", ""VI - III"", ""VI - V"", ""VI - VII"", ""VI - fVI"", ""VI - ii"", ""VI - iv"", ""VII - III"", ""VII - IV"", ""VII - VII"", ""VII - i"", ""VII - ii"", ""VII - iv"", ""VII - v"", ""i - I"", ""i - III"", ""i - IV"", ""i - V"", ""i - VI"", ""i - VII"", ""i - fi"", ""i - i"", ""i - iv"", ""ii - III"", ""ii - IV"", ""ii - V"", ""ii - V7"", ""ii - fii"", ""ii - iv"", ""ii - v"", ""ii - vi"", ""ii7 - V"", ""ii7 - fii7"", ""iii - IV"", ""iii - fiii"", ""iii - vi"", ""iv - I"", ""iv - III"", ""iv - V"", ""iv - VII"", ""iv - fiv"", ""iv - i"", ""iv - ii"", ""v - II"", ""v - III"", ""v - IV"", ""v - V"", ""v - VI"", ""v - fv"", ""v - i"", ""v - v"", ""vi - I"", ""vi - V"", ""vi - fvi"", ""vi - ii"", ""vi - iv"", ""vi - vi"", ""vii - I"", ""vii - fvii"", ""vii - i"", ""vii7 - I"", ""vii7 - fvii7"", ""vii7 - i""]"	"[""VI - III"", ""IV - ii"", ""ii - iv"", ""vi - vi"", ""i - VI"", ""i - iv"", ""ii7 - fii7"", ""V7 - VI"", ""VII - ii"", ""V - IV"", ""V - I"", ""iii - IV"", ""I - fI"", ""V - VI"", ""vii - I"", ""ii7 - V"", ""IV - I"", ""iv - ii"", ""vi - I"", ""v - IV"", ""v - VI"", ""vii7 - I"", ""iv - III"", ""V - v"", ""iv - I"", ""VII - VII"", ""vii7 - fvii7"", ""III - VII"", ""v - II"", ""I - V"", ""vi - V"", ""IV - VII"", ""ii - v"", ""iv - V"", ""v - fv"", ""III - III"", ""I - IV"", ""iv - VII"", ""III - IV"", ""ii - III"", ""VI - VII"", ""I - i"", ""VII - IV"", ""V7 - vi"", ""i - III"", ""v - v"", ""vi - fvi"", ""V - vi"", ""VII - v"", ""v - V"", ""II - v"", ""ii - V"", ""III - VI"", ""iii - vi"", ""i - i"", ""vii7 - i"", ""i - fi"", ""VII - III"", ""V - fV"", ""i - I"", ""VI - iv"", ""I - I"", ""V7 - i"", ""V - iv"", ""iv - i"", ""V7 - fV7"", ""V - V"", ""III - iv"", ""VI - fVI"", ""I - v"", ""iii - fiii"", ""i - V"", ""IV - i"", ""ii - IV"", ""iv - fiv"", ""IV - V"", ""IV - fIV"", ""vii - i"", ""vii - fvii"", ""VI - V"", ""VII - iv"", ""i - VII"", ""v - III"", ""VI - ii"", ""vi - iv"", ""vi - ii"", ""VII - i"", ""ii - fii"", ""i - IV"", ""ii - vi"", ""I - vi"", ""ii - V7"", ""V7 - I"", ""III - fIII"", ""v - i""]"	symbolic	symbolic.abc.txt	data/chorale-bricks/Vulpius_ChristusDerIstMeinLeben/symbolic.abc.txt	none of the other options is correct	"[""none of the other options is correct"", ""VI - III"", ""IV - ii"", ""ii - iv"", ""vi - vi""]"	0.2	1	"[""A"", ""B"", ""C"", ""D"", ""E""]"	"{""A"": ""VI - III"", ""B"": ""ii - iv"", ""C"": ""none of the other options is correct"", ""D"": ""vi - vi"", ""E"": ""IV - ii""}"	"[""(A) VI - III"", ""(B) ii - iv"", ""(C) none of the other options is correct"", ""(D) vi - vi"", ""(E) IV - ii""]"	(C) none of the other options is correct	C
33e0d301-5e61-54dc-b7b1-969bccb72ab3	11	perception	harmony	relative	harmony-relative	harmonic-recognition		cadence recognition	What is the chord progression between the {target_index} chord and the next one?	"[""target_index""]"	get_harmonic_cadence			"{""target_index"": ""11th""}"	What is the chord progression between the 11th chord and the next one?	Vulpius_ChristusDerIstMeinLeben	chorale-bricks	Vulpius_ChristusDerIstMeinLeben	data/chorale-bricks/Vulpius_ChristusDerIstMeinLeben	V - i	"[""I - I"", ""I - IV"", ""I - V"", ""I - fI"", ""I - i"", ""I - v"", ""I - vi"", ""II - v"", ""III - III"", ""III - IV"", ""III - VI"", ""III - VII"", ""III - fIII"", ""III - iv"", ""IV - I"", ""IV - V"", ""IV - VII"", ""IV - fIV"", ""IV - i"", ""IV - ii"", ""V - I"", ""V - IV"", ""V - V"", ""V - VI"", ""V - fV"", ""V - iv"", ""V - v"", ""V - vi"", ""V7 - I"", ""V7 - VI"", ""V7 - fV7"", ""V7 - i"", ""V7 - vi"", ""VI - III"", ""VI - V"", ""VI - VII"", ""VI - fVI"", ""VI - ii"", ""VI - iv"", ""VII - III"", ""VII - IV"", ""VII - VII"", ""VII - i"", ""VII - ii"", ""VII - iv"", ""VII - v"", ""i - I"", ""i - III"", ""i - IV"", ""i - V"", ""i - VI"", ""i - VII"", ""i - fi"", ""i - i"", ""i - iv"", ""ii - III"", ""ii - IV"", ""ii - V"", ""ii - V7"", ""ii - fii"", ""ii - iv"", ""ii - v"", ""ii - vi"", ""ii7 - V"", ""ii7 - fii7"", ""iii - IV"", ""iii - fiii"", ""iii - vi"", ""iv - I"", ""iv - III"", ""iv - V"", ""iv - VII"", ""iv - fiv"", ""iv - i"", ""iv - ii"", ""v - II"", ""v - III"", ""v - IV"", ""v - V"", ""v - VI"", ""v - fv"", ""v - i"", ""v - v"", ""vi - I"", ""vi - V"", ""vi - fvi"", ""vi - ii"", ""vi - iv"", ""vi - vi"", ""vii - I"", ""vii - fvii"", ""vii - i"", ""vii7 - I"", ""vii7 - fvii7"", ""vii7 - i""]"	"[""VI - III"", ""IV - ii"", ""ii - iv"", ""vi - vi"", ""i - VI"", ""i - iv"", ""ii7 - fii7"", ""V7 - VI"", ""VII - ii"", ""V - IV"", ""V - I"", ""iii - IV"", ""I - fI"", ""V - VI"", ""vii - I"", ""ii7 - V"", ""IV - I"", ""iv - ii"", ""vi - I"", ""v - IV"", ""v - VI"", ""vii7 - I"", ""iv - III"", ""V - v"", ""iv - I"", ""VII - VII"", ""vii7 - fvii7"", ""III - VII"", ""v - II"", ""I - V"", ""vi - V"", ""IV - VII"", ""ii - v"", ""iv - V"", ""v - fv"", ""III - III"", ""I - IV"", ""iv - VII"", ""III - IV"", ""ii - III"", ""VI - VII"", ""I - i"", ""VII - IV"", ""V7 - vi"", ""i - III"", ""v - v"", ""vi - fvi"", ""V - vi"", ""VII - v"", ""v - V"", ""II - v"", ""ii - V"", ""III - VI"", ""iii - vi"", ""i - i"", ""vii7 - i"", ""i - fi"", ""VII - III"", ""V - fV"", ""i - I"", ""VI - iv"", ""I - I"", ""V7 - i"", ""V - iv"", ""iv - i"", ""V7 - fV7"", ""V - V"", ""III - iv"", ""VI - fVI"", ""I - v"", ""iii - fiii"", ""i - V"", ""IV - i"", ""ii - IV"", ""iv - fiv"", ""IV - V"", ""IV - fIV"", ""vii - i"", ""vii - fvii"", ""VI - V"", ""VII - iv"", ""i - VII"", ""v - III"", ""VI - ii"", ""vi - iv"", ""vi - ii"", ""VII - i"", ""ii - fii"", ""i - IV"", ""ii - vi"", ""I - vi"", ""ii - V7"", ""V7 - I"", ""III - fIII"", ""v - i""]"	visual	visual.short.png	data/chorale-bricks/Vulpius_ChristusDerIstMeinLeben/visual.short.png	V - i	"[""V - i"", ""none of the other options is correct"", ""VI - III"", ""IV - ii"", ""ii - iv""]"	0.2	0	"[""A"", ""B"", ""C"", ""D"", ""E""]"	"{""A"": ""VI - III"", ""B"": ""ii - iv"", ""C"": ""none of the other options is correct"", ""D"": ""IV - ii"", ""E"": ""V - i""}"	"[""(A) VI - III"", ""(B) ii - iv"", ""(C) none of the other options is correct"", ""(D) IV - ii"", ""(E) V - i""]"	(E) V - i	E
e171e8d3-e0ec-50d6-ac5e-a6a75a668a38	11	perception	harmony	relative	harmony-relative	harmonic-recognition		cadence recognition	What is the chord progression between the {target_index} chord and the next one?	"[""target_index""]"	get_harmonic_cadence			"{""target_index"": ""16th""}"	What is the chord progression between the 16th chord and the next one?	Jan_DuGrosserSchmerzensmann	chorale-bricks	Jan_DuGrosserSchmerzensmann	data/chorale-bricks/Jan_DuGrosserSchmerzensmann	III - VII	"[""I - I"", ""I - IV"", ""I - V"", ""I - fI"", ""I - i"", ""I - v"", ""I - vi"", ""II - v"", ""III - III"", ""III - IV"", ""III - VI"", ""III - fIII"", ""III - iv"", ""IV - I"", ""IV - V"", ""IV - VII"", ""IV - fIV"", ""IV - i"", ""IV - ii"", ""V - I"", ""V - IV"", ""V - V"", ""V - VI"", ""V - fV"", ""V - i"", ""V - iv"", ""V - v"", ""V - vi"", ""V7 - I"", ""V7 - VI"", ""V7 - fV7"", ""V7 - i"", ""V7 - vi"", ""VI - III"", ""VI - V"", ""VI - VII"", ""VI - fVI"", ""VI - ii"", ""VI - iv"", ""VII - III"", ""VII - IV"", ""VII - VII"", ""VII - i"", ""VII - ii"", ""VII - iv"", ""VII - v"", ""i - I"", ""i - III"", ""i - IV"", ""i - V"", ""i - VI"", ""i - VII"", ""i - fi"", ""i - i"", ""i - iv"", ""ii - III"", ""ii - IV"", ""ii - V"", ""ii - V7"", ""ii - fii"", ""ii - iv"", ""ii - v"", ""ii - vi"", ""ii7 - V"", ""ii7 - fii7"", ""iii - IV"", ""iii - fiii"", ""iii - vi"", ""iv - I"", ""iv - III"", ""iv - V"", ""iv - VII"", ""iv - fiv"", ""iv - i"", ""iv - ii"", ""v - II"", ""v - III"", ""v - IV"", ""v - V"", ""v - VI"", ""v - fv"", ""v - i"", ""v - v"", ""vi - I"", ""vi - V"", ""vi - fvi"", ""vi - ii"", ""vi - iv"", ""vi - vi"", ""vii - I"", ""vii - fvii"", ""vii - i"", ""vii7 - I"", ""vii7 - fvii7"", ""vii7 - i""]"	"[""iv - ii"", ""vi - I"", ""IV - fIV"", ""I - V"", ""VII - III"", ""iv - III"", ""V - iv"", ""VII - ii"", ""i - i"", ""I - fI"", ""ii - vi"", ""iv - fiv"", ""vi - vi"", ""i - V"", ""i - VII"", ""V7 - VI"", ""iii - fiii"", ""ii7 - fii7"", ""III - VI"", ""VI - III"", ""IV - i"", ""vii - I"", ""I - I"", ""I - v"", ""i - VI"", ""vi - fvi"", ""VI - iv"", ""VII - iv"", ""ii - III"", ""i - fi"", ""ii - v"", ""V7 - i"", ""v - v"", ""V - I"", ""vii - fvii"", ""IV - I"", ""ii - V7"", ""VII - IV"", ""III - III"", ""I - vi"", ""VI - ii"", ""v - VI"", ""III - iv"", ""II - v"", ""III - IV"", ""VI - fVI"", ""iv - VII"", ""V - v"", ""iv - i"", ""v - V"", ""i - III"", ""v - IV"", ""V - V"", ""V - VI"", ""VI - V"", ""vii - i"", ""i - IV"", ""ii - fii"", ""vii7 - i"", ""V - vi"", ""v - fv"", ""VI - VII"", ""V - fV"", ""vi - ii"", ""V7 - fV7"", ""III - fIII"", ""IV - ii"", ""ii - IV"", ""v - III"", ""ii - iv"", ""ii7 - V"", ""IV - V"", ""vi - V"", ""vii7 - fvii7"", ""I - i"", ""v - II"", ""ii - V"", ""iv - I"", ""V - IV"", ""V7 - vi"", ""VII - VII"", ""I - IV"", ""i - iv"", ""iii - IV"", ""iv - V"", ""V - i"", ""VII - i"", ""v - i"", ""iii - vi"", ""VII - v"", ""vi - iv"", ""V7 - I"", ""i - I"", ""IV - VII"", ""vii7 - I""]"	audio	audio.mastermix.wav	data/chorale-bricks/Jan_DuGrosserSchmerzensmann/audio.mastermix.wav	III - VII	"[""III - VII"", ""none of the other options is correct"", ""iv - ii"", ""vi - I"", ""IV - fIV""]"	0.2	0	"[""A"", ""B"", ""C"", ""D"", ""E""]"	"{""A"": ""none of the other options is correct"", ""B"": ""vi - I"", ""C"": ""IV - fIV"", ""D"": ""iv - ii"", ""E"": ""III - VII""}"	"[""(A) none of the other options is correct"", ""(B) vi - I"", ""(C) IV - fIV"", ""(D) iv - ii"", ""(E) III - VII""]"	(E) III - VII	E
b1cebfcf-02e6-5f5e-9d68-ae08bf3cc8d7	11	perception	harmony	relative	harmony-relative	harmonic-recognition		cadence recognition	What is the chord progression between the {target_index} chord and the next one?	"[""target_index""]"	get_harmonic_cadence			"{""target_index"": ""16th""}"	What is the chord progression between the 16th chord and the next one?	Jan_DuGrosserSchmerzensmann	chorale-bricks	Jan_DuGrosserSchmerzensmann	data/chorale-bricks/Jan_DuGrosserSchmerzensmann	III - VII	"[""I - I"", ""I - IV"", ""I - V"", ""I - fI"", ""I - i"", ""I - v"", ""I - vi"", ""II - v"", ""III - III"", ""III - IV"", ""III - VI"", ""III - fIII"", ""III - iv"", ""IV - I"", ""IV - V"", ""IV - VII"", ""IV - fIV"", ""IV - i"", ""IV - ii"", ""V - I"", ""V - IV"", ""V - V"", ""V - VI"", ""V - fV"", ""V - i"", ""V - iv"", ""V - v"", ""V - vi"", ""V7 - I"", ""V7 - VI"", ""V7 - fV7"", ""V7 - i"", ""V7 - vi"", ""VI - III"", ""VI - V"", ""VI - VII"", ""VI - fVI"", ""VI - ii"", ""VI - iv"", ""VII - III"", ""VII - IV"", ""VII - VII"", ""VII - i"", ""VII - ii"", ""VII - iv"", ""VII - v"", ""i - I"", ""i - III"", ""i - IV"", ""i - V"", ""i - VI"", ""i - VII"", ""i - fi"", ""i - i"", ""i - iv"", ""ii - III"", ""ii - IV"", ""ii - V"", ""ii - V7"", ""ii - fii"", ""ii - iv"", ""ii - v"", ""ii - vi"", ""ii7 - V"", ""ii7 - fii7"", ""iii - IV"", ""iii - fiii"", ""iii - vi"", ""iv - I"", ""iv - III"", ""iv - V"", ""iv - VII"", ""iv - fiv"", ""iv - i"", ""iv - ii"", ""v - II"", ""v - III"", ""v - IV"", ""v - V"", ""v - VI"", ""v - fv"", ""v - i"", ""v - v"", ""vi - I"", ""vi - V"", ""vi - fvi"", ""vi - ii"", ""vi - iv"", ""vi - vi"", ""vii - I"", ""vii - fvii"", ""vii - i"", ""vii7 - I"", ""vii7 - fvii7"", ""vii7 - i""]"	"[""iv - ii"", ""vi - I"", ""IV - fIV"", ""I - V"", ""VII - III"", ""iv - III"", ""V - iv"", ""VII - ii"", ""i - i"", ""I - fI"", ""ii - vi"", ""iv - fiv"", ""vi - vi"", ""i - V"", ""i - VII"", ""V7 - VI"", ""iii - fiii"", ""ii7 - fii7"", ""III - VI"", ""VI - III"", ""IV - i"", ""vii - I"", ""I - I"", ""I - v"", ""i - VI"", ""vi - fvi"", ""VI - iv"", ""VII - iv"", ""ii - III"", ""i - fi"", ""ii - v"", ""V7 - i"", ""v - v"", ""V - I"", ""vii - fvii"", ""IV - I"", ""ii - V7"", ""VII - IV"", ""III - III"", ""I - vi"", ""VI - ii"", ""v - VI"", ""III - iv"", ""II - v"", ""III - IV"", ""VI - fVI"", ""iv - VII"", ""V - v"", ""iv - i"", ""v - V"", ""i - III"", ""v - IV"", ""V - V"", ""V - VI"", ""VI - V"", ""vii - i"", ""i - IV"", ""ii - fii"", ""vii7 - i"", ""V - vi"", ""v - fv"", ""VI - VII"", ""V - fV"", ""vi - ii"", ""V7 - fV7"", ""III - fIII"", ""IV - ii"", ""ii - IV"", ""v - III"", ""ii - iv"", ""ii7 - V"", ""IV - V"", ""vi - V"", ""vii7 - fvii7"", ""I - i"", ""v - II"", ""ii - V"", ""iv - I"", ""V - IV"", ""V7 - vi"", ""VII - VII"", ""I - IV"", ""i - iv"", ""iii - IV"", ""iv - V"", ""V - i"", ""VII - i"", ""v - i"", ""iii - vi"", ""VII - v"", ""vi - iv"", ""V7 - I"", ""i - I"", ""IV - VII"", ""vii7 - I""]"	symbolic	symbolic.abc.txt	data/chorale-bricks/Jan_DuGrosserSchmerzensmann/symbolic.abc.txt	III - VII	"[""III - VII"", ""none of the other options is correct"", ""iv - ii"", ""vi - I"", ""IV - fIV""]"	0.2	0	"[""A"", ""B"", ""C"", ""D"", ""E""]"	"{""A"": ""none of the other options is correct"", ""B"": ""III - VII"", ""C"": ""IV - fIV"", ""D"": ""vi - I"", ""E"": ""iv - ii""}"	"[""(A) none of the other options is correct"", ""(B) III - VII"", ""(C) IV - fIV"", ""(D) vi - I"", ""(E) iv - ii""]"	(B) III - VII	B
1845b838-3b10-5252-b5b0-a707e1855ec2	11	perception	harmony	relative	harmony-relative	harmonic-recognition		cadence recognition	What is the chord progression between the {target_index} chord and the next one?	"[""target_index""]"	get_harmonic_cadence			"{""target_index"": ""16th""}"	What is the chord progression between the 16th chord and the next one?	Jan_DuGrosserSchmerzensmann	chorale-bricks	Jan_DuGrosserSchmerzensmann	data/chorale-bricks/Jan_DuGrosserSchmerzensmann	III - VII	"[""I - I"", ""I - IV"", ""I - V"", ""I - fI"", ""I - i"", ""I - v"", ""I - vi"", ""II - v"", ""III - III"", ""III - IV"", ""III - VI"", ""III - fIII"", ""III - iv"", ""IV - I"", ""IV - V"", ""IV - VII"", ""IV - fIV"", ""IV - i"", ""IV - ii"", ""V - I"", ""V - IV"", ""V - V"", ""V - VI"", ""V - fV"", ""V - i"", ""V - iv"", ""V - v"", ""V - vi"", ""V7 - I"", ""V7 - VI"", ""V7 - fV7"", ""V7 - i"", ""V7 - vi"", ""VI - III"", ""VI - V"", ""VI - VII"", ""VI - fVI"", ""VI - ii"", ""VI - iv"", ""VII - III"", ""VII - IV"", ""VII - VII"", ""VII - i"", ""VII - ii"", ""VII - iv"", ""VII - v"", ""i - I"", ""i - III"", ""i - IV"", ""i - V"", ""i - VI"", ""i - VII"", ""i - fi"", ""i - i"", ""i - iv"", ""ii - III"", ""ii - IV"", ""ii - V"", ""ii - V7"", ""ii - fii"", ""ii - iv"", ""ii - v"", ""ii - vi"", ""ii7 - V"", ""ii7 - fii7"", ""iii - IV"", ""iii - fiii"", ""iii - vi"", ""iv - I"", ""iv - III"", ""iv - V"", ""iv - VII"", ""iv - fiv"", ""iv - i"", ""iv - ii"", ""v - II"", ""v - III"", ""v - IV"", ""v - V"", ""v - VI"", ""v - fv"", ""v - i"", ""v - v"", ""vi - I"", ""vi - V"", ""vi - fvi"", ""vi - ii"", ""vi - iv"", ""vi - vi"", ""vii - I"", ""vii - fvii"", ""vii - i"", ""vii7 - I"", ""vii7 - fvii7"", ""vii7 - i""]"	"[""iv - ii"", ""vi - I"", ""IV - fIV"", ""I - V"", ""VII - III"", ""iv - III"", ""V - iv"", ""VII - ii"", ""i - i"", ""I - fI"", ""ii - vi"", ""iv - fiv"", ""vi - vi"", ""i - V"", ""i - VII"", ""V7 - VI"", ""iii - fiii"", ""ii7 - fii7"", ""III - VI"", ""VI - III"", ""IV - i"", ""vii - I"", ""I - I"", ""I - v"", ""i - VI"", ""vi - fvi"", ""VI - iv"", ""VII - iv"", ""ii - III"", ""i - fi"", ""ii - v"", ""V7 - i"", ""v - v"", ""V - I"", ""vii - fvii"", ""IV - I"", ""ii - V7"", ""VII - IV"", ""III - III"", ""I - vi"", ""VI - ii"", ""v - VI"", ""III - iv"", ""II - v"", ""III - IV"", ""VI - fVI"", ""iv - VII"", ""V - v"", ""iv - i"", ""v - V"", ""i - III"", ""v - IV"", ""V - V"", ""V - VI"", ""VI - V"", ""vii - i"", ""i - IV"", ""ii - fii"", ""vii7 - i"", ""V - vi"", ""v - fv"", ""VI - VII"", ""V - fV"", ""vi - ii"", ""V7 - fV7"", ""III - fIII"", ""IV - ii"", ""ii - IV"", ""v - III"", ""ii - iv"", ""ii7 - V"", ""IV - V"", ""vi - V"", ""vii7 - fvii7"", ""I - i"", ""v - II"", ""ii - V"", ""iv - I"", ""V - IV"", ""V7 - vi"", ""VII - VII"", ""I - IV"", ""i - iv"", ""iii - IV"", ""iv - V"", ""V - i"", ""VII - i"", ""v - i"", ""iii - vi"", ""VII - v"", ""vi - iv"", ""V7 - I"", ""i - I"", ""IV - VII"", ""vii7 - I""]"	visual	visual.short.png	data/chorale-bricks/Jan_DuGrosserSchmerzensmann/visual.short.png	none of the other options is correct	"[""none of the other options is correct"", ""iv - ii"", ""vi - I"", ""IV - fIV"", ""I - V""]"	0.2	1	"[""A"", ""B"", ""C"", ""D"", ""E""]"	"{""A"": ""vi - I"", ""B"": ""I - V"", ""C"": ""none of the other options is correct"", ""D"": ""iv - ii"", ""E"": ""IV - fIV""}"	"[""(A) vi - I"", ""(B) I - V"", ""(C) none of the other options is correct"", ""(D) iv - ii"", ""(E) IV - fIV""]"	(C) none of the other options is correct	C
afc5ba65-a481-5d45-aab7-5e8cdf6f6b7d	11	perception	harmony	relative	harmony-relative	harmonic-recognition		cadence recognition	What is the chord progression between the {target_index} chord and the next one?	"[""target_index""]"	get_harmonic_cadence			"{""target_index"": ""33rd""}"	What is the chord progression between the 33rd chord and the next one?	Crueger_AufAufMeinHerzMitFreuden	chorale-bricks	Crueger_AufAufMeinHerzMitFreuden	data/chorale-bricks/Crueger_AufAufMeinHerzMitFreuden	III - iv	"[""I - I"", ""I - IV"", ""I - V"", ""I - fI"", ""I - i"", ""I - v"", ""I - vi"", ""II - v"", ""III - III"", ""III - IV"", ""III - VI"", ""III - VII"", ""III - fIII"", ""IV - I"", ""IV - V"", ""IV - VII"", ""IV - fIV"", ""IV - i"", ""IV - ii"", ""V - I"", ""V - IV"", ""V - V"", ""V - VI"", ""V - fV"", ""V - i"", ""V - iv"", ""V - v"", ""V - vi"", ""V7 - I"", ""V7 - VI"", ""V7 - fV7"", ""V7 - i"", ""V7 - vi"", ""VI - III"", ""VI - V"", ""VI - VII"", ""VI - fVI"", ""VI - ii"", ""VI - iv"", ""VII - III"", ""VII - IV"", ""VII - VII"", ""VII - i"", ""VII - ii"", ""VII - iv"", ""VII - v"", ""i - I"", ""i - III"", ""i - IV"", ""i - V"", ""i - VI"", ""i - VII"", ""i - fi"", ""i - i"", ""i - iv"", ""ii - III"", ""ii - IV"", ""ii - V"", ""ii - V7"", ""ii - fii"", ""ii - iv"", ""ii - v"", ""ii - vi"", ""ii7 - V"", ""ii7 - fii7"", ""iii - IV"", ""iii - fiii"", ""iii - vi"", ""iv - I"", ""iv - III"", ""iv - V"", ""iv - VII"", ""iv - fiv"", ""iv - i"", ""iv - ii"", ""v - II"", ""v - III"", ""v - IV"", ""v - V"", ""v - VI"", ""v - fv"", ""v - i"", ""v - v"", ""vi - I"", ""vi - V"", ""vi - fvi"", ""vi - ii"", ""vi - iv"", ""vi - vi"", ""vii - I"", ""vii - fvii"", ""vii - i"", ""vii7 - I"", ""vii7 - fvii7"", ""vii7 - i""]"	"[""i - III"", ""V7 - vi"", ""VI - ii"", ""vi - vi"", ""VII - IV"", ""VII - v"", ""VI - VII"", ""i - IV"", ""iv - fiv"", ""iii - vi"", ""V - V"", ""ii - vi"", ""V - IV"", ""iv - V"", ""ii7 - V"", ""IV - i"", ""v - i"", ""V7 - I"", ""v - V"", ""V - fV"", ""v - v"", ""I - vi"", ""i - VII"", ""vii - fvii"", ""i - iv"", ""v - fv"", ""v - IV"", ""iii - fiii"", ""vi - I"", ""V7 - i"", ""vi - iv"", ""I - V"", ""V - vi"", ""iv - ii"", ""ii - IV"", ""v - II"", ""III - fIII"", ""IV - I"", ""IV - ii"", ""v - III"", ""vi - fvi"", ""VII - ii"", ""vii - i"", ""vii - I"", ""III - III"", ""V7 - VI"", ""IV - V"", ""vii7 - i"", ""V - I"", ""ii - v"", ""iv - VII"", ""vi - V"", ""ii - V"", ""iv - i"", ""i - i"", ""vii7 - fvii7"", ""IV - fIV"", ""VII - VII"", ""VI - V"", ""III - IV"", ""iii - IV"", ""i - fi"", ""v - VI"", ""III - VI"", ""IV - VII"", ""VI - iv"", ""VI - fVI"", ""I - I"", ""i - VI"", ""VII - III"", ""V7 - fV7"", ""i - V"", ""VI - III"", ""ii - iv"", ""V - VI"", ""ii - III"", ""V - i"", ""V - v"", ""ii7 - fii7"", ""V - iv"", ""iv - I"", ""ii - V7"", ""i - I"", ""ii - fii"", ""iv - III"", ""II - v"", ""vi - ii"", ""VII - i"", ""I - v"", ""I - i"", ""I - fI"", ""III - VII"", ""I - IV"", ""vii7 - I"", ""VII - iv""]"	audio	audio.mastermix.wav	data/chorale-bricks/Crueger_AufAufMeinHerzMitFreuden/audio.mastermix.wav	III - iv	"[""III - iv"", ""none of the other options is correct"", ""i - III"", ""V7 - vi"", ""VI - ii""]"	0.2	0	"[""A"", ""B"", ""C"", ""D"", ""E""]"	"{""A"": ""III - iv"", ""B"": ""V7 - vi"", ""C"": ""VI - ii"", ""D"": ""i - III"", ""E"": ""none of the other options is correct""}"	"[""(A) III - iv"", ""(B) V7 - vi"", ""(C) VI - ii"", ""(D) i - III"", ""(E) none of the other options is correct""]"	(A) III - iv	A
dd6434a6-710c-5626-b14c-90e970321a19	11	perception	harmony	relative	harmony-relative	harmonic-recognition		cadence recognition	What is the chord progression between the {target_index} chord and the next one?	"[""target_index""]"	get_harmonic_cadence			"{""target_index"": ""33rd""}"	What is the chord progression between the 33rd chord and the next one?	Crueger_AufAufMeinHerzMitFreuden	chorale-bricks	Crueger_AufAufMeinHerzMitFreuden	data/chorale-bricks/Crueger_AufAufMeinHerzMitFreuden	III - iv	"[""I - I"", ""I - IV"", ""I - V"", ""I - fI"", ""I - i"", ""I - v"", ""I - vi"", ""II - v"", ""III - III"", ""III - IV"", ""III - VI"", ""III - VII"", ""III - fIII"", ""IV - I"", ""IV - V"", ""IV - VII"", ""IV - fIV"", ""IV - i"", ""IV - ii"", ""V - I"", ""V - IV"", ""V - V"", ""V - VI"", ""V - fV"", ""V - i"", ""V - iv"", ""V - v"", ""V - vi"", ""V7 - I"", ""V7 - VI"", ""V7 - fV7"", ""V7 - i"", ""V7 - vi"", ""VI - III"", ""VI - V"", ""VI - VII"", ""VI - fVI"", ""VI - ii"", ""VI - iv"", ""VII - III"", ""VII - IV"", ""VII - VII"", ""VII - i"", ""VII - ii"", ""VII - iv"", ""VII - v"", ""i - I"", ""i - III"", ""i - IV"", ""i - V"", ""i - VI"", ""i - VII"", ""i - fi"", ""i - i"", ""i - iv"", ""ii - III"", ""ii - IV"", ""ii - V"", ""ii - V7"", ""ii - fii"", ""ii - iv"", ""ii - v"", ""ii - vi"", ""ii7 - V"", ""ii7 - fii7"", ""iii - IV"", ""iii - fiii"", ""iii - vi"", ""iv - I"", ""iv - III"", ""iv - V"", ""iv - VII"", ""iv - fiv"", ""iv - i"", ""iv - ii"", ""v - II"", ""v - III"", ""v - IV"", ""v - V"", ""v - VI"", ""v - fv"", ""v - i"", ""v - v"", ""vi - I"", ""vi - V"", ""vi - fvi"", ""vi - ii"", ""vi - iv"", ""vi - vi"", ""vii - I"", ""vii - fvii"", ""vii - i"", ""vii7 - I"", ""vii7 - fvii7"", ""vii7 - i""]"	"[""i - III"", ""V7 - vi"", ""VI - ii"", ""vi - vi"", ""VII - IV"", ""VII - v"", ""VI - VII"", ""i - IV"", ""iv - fiv"", ""iii - vi"", ""V - V"", ""ii - vi"", ""V - IV"", ""iv - V"", ""ii7 - V"", ""IV - i"", ""v - i"", ""V7 - I"", ""v - V"", ""V - fV"", ""v - v"", ""I - vi"", ""i - VII"", ""vii - fvii"", ""i - iv"", ""v - fv"", ""v - IV"", ""iii - fiii"", ""vi - I"", ""V7 - i"", ""vi - iv"", ""I - V"", ""V - vi"", ""iv - ii"", ""ii - IV"", ""v - II"", ""III - fIII"", ""IV - I"", ""IV - ii"", ""v - III"", ""vi - fvi"", ""VII - ii"", ""vii - i"", ""vii - I"", ""III - III"", ""V7 - VI"", ""IV - V"", ""vii7 - i"", ""V - I"", ""ii - v"", ""iv - VII"", ""vi - V"", ""ii - V"", ""iv - i"", ""i - i"", ""vii7 - fvii7"", ""IV - fIV"", ""VII - VII"", ""VI - V"", ""III - IV"", ""iii - IV"", ""i - fi"", ""v - VI"", ""III - VI"", ""IV - VII"", ""VI - iv"", ""VI - fVI"", ""I - I"", ""i - VI"", ""VII - III"", ""V7 - fV7"", ""i - V"", ""VI - III"", ""ii - iv"", ""V - VI"", ""ii - III"", ""V - i"", ""V - v"", ""ii7 - fii7"", ""V - iv"", ""iv - I"", ""ii - V7"", ""i - I"", ""ii - fii"", ""iv - III"", ""II - v"", ""vi - ii"", ""VII - i"", ""I - v"", ""I - i"", ""I - fI"", ""III - VII"", ""I - IV"", ""vii7 - I"", ""VII - iv""]"	symbolic	symbolic.abc.txt	data/chorale-bricks/Crueger_AufAufMeinHerzMitFreuden/symbolic.abc.txt	III - iv	"[""III - iv"", ""none of the other options is correct"", ""i - III"", ""V7 - vi"", ""VI - ii""]"	0.2	0	"[""A"", ""B"", ""C"", ""D"", ""E""]"	"{""A"": ""VI - ii"", ""B"": ""V7 - vi"", ""C"": ""none of the other options is correct"", ""D"": ""i - III"", ""E"": ""III - iv""}"	"[""(A) VI - ii"", ""(B) V7 - vi"", ""(C) none of the other options is correct"", ""(D) i - III"", ""(E) III - iv""]"	(E) III - iv	E
14de617e-0726-58b7-b043-d4598243c25a	11	perception	harmony	relative	harmony-relative	harmonic-recognition		cadence recognition	What is the chord progression between the {target_index} chord and the next one?	"[""target_index""]"	get_harmonic_cadence			"{""target_index"": ""33rd""}"	What is the chord progression between the 33rd chord and the next one?	Crueger_AufAufMeinHerzMitFreuden	chorale-bricks	Crueger_AufAufMeinHerzMitFreuden	data/chorale-bricks/Crueger_AufAufMeinHerzMitFreuden	III - iv	"[""I - I"", ""I - IV"", ""I - V"", ""I - fI"", ""I - i"", ""I - v"", ""I - vi"", ""II - v"", ""III - III"", ""III - IV"", ""III - VI"", ""III - VII"", ""III - fIII"", ""IV - I"", ""IV - V"", ""IV - VII"", ""IV - fIV"", ""IV - i"", ""IV - ii"", ""V - I"", ""V - IV"", ""V - V"", ""V - VI"", ""V - fV"", ""V - i"", ""V - iv"", ""V - v"", ""V - vi"", ""V7 - I"", ""V7 - VI"", ""V7 - fV7"", ""V7 - i"", ""V7 - vi"", ""VI - III"", ""VI - V"", ""VI - VII"", ""VI - fVI"", ""VI - ii"", ""VI - iv"", ""VII - III"", ""VII - IV"", ""VII - VII"", ""VII - i"", ""VII - ii"", ""VII - iv"", ""VII - v"", ""i - I"", ""i - III"", ""i - IV"", ""i - V"", ""i - VI"", ""i - VII"", ""i - fi"", ""i - i"", ""i - iv"", ""ii - III"", ""ii - IV"", ""ii - V"", ""ii - V7"", ""ii - fii"", ""ii - iv"", ""ii - v"", ""ii - vi"", ""ii7 - V"", ""ii7 - fii7"", ""iii - IV"", ""iii - fiii"", ""iii - vi"", ""iv - I"", ""iv - III"", ""iv - V"", ""iv - VII"", ""iv - fiv"", ""iv - i"", ""iv - ii"", ""v - II"", ""v - III"", ""v - IV"", ""v - V"", ""v - VI"", ""v - fv"", ""v - i"", ""v - v"", ""vi - I"", ""vi - V"", ""vi - fvi"", ""vi - ii"", ""vi - iv"", ""vi - vi"", ""vii - I"", ""vii - fvii"", ""vii - i"", ""vii7 - I"", ""vii7 - fvii7"", ""vii7 - i""]"	"[""i - III"", ""V7 - vi"", ""VI - ii"", ""vi - vi"", ""VII - IV"", ""VII - v"", ""VI - VII"", ""i - IV"", ""iv - fiv"", ""iii - vi"", ""V - V"", ""ii - vi"", ""V - IV"", ""iv - V"", ""ii7 - V"", ""IV - i"", ""v - i"", ""V7 - I"", ""v - V"", ""V - fV"", ""v - v"", ""I - vi"", ""i - VII"", ""vii - fvii"", ""i - iv"", ""v - fv"", ""v - IV"", ""iii - fiii"", ""vi - I"", ""V7 - i"", ""vi - iv"", ""I - V"", ""V - vi"", ""iv - ii"", ""ii - IV"", ""v - II"", ""III - fIII"", ""IV - I"", ""IV - ii"", ""v - III"", ""vi - fvi"", ""VII - ii"", ""vii - i"", ""vii - I"", ""III - III"", ""V7 - VI"", ""IV - V"", ""vii7 - i"", ""V - I"", ""ii - v"", ""iv - VII"", ""vi - V"", ""ii - V"", ""iv - i"", ""i - i"", ""vii7 - fvii7"", ""IV - fIV"", ""VII - VII"", ""VI - V"", ""III - IV"", ""iii - IV"", ""i - fi"", ""v - VI"", ""III - VI"", ""IV - VII"", ""VI - iv"", ""VI - fVI"", ""I - I"", ""i - VI"", ""VII - III"", ""V7 - fV7"", ""i - V"", ""VI - III"", ""ii - iv"", ""V - VI"", ""ii - III"", ""V - i"", ""V - v"", ""ii7 - fii7"", ""V - iv"", ""iv - I"", ""ii - V7"", ""i - I"", ""ii - fii"", ""iv - III"", ""II - v"", ""vi - ii"", ""VII - i"", ""I - v"", ""I - i"", ""I - fI"", ""III - VII"", ""I - IV"", ""vii7 - I"", ""VII - iv""]"	visual	visual.short.png	data/chorale-bricks/Crueger_AufAufMeinHerzMitFreuden/visual.short.png	none of the other options is correct	"[""none of the other options is correct"", ""i - III"", ""V7 - vi"", ""VI - ii"", ""vi - vi""]"	0.2	1	"[""A"", ""B"", ""C"", ""D"", ""E""]"	"{""A"": ""V7 - vi"", ""B"": ""i - III"", ""C"": ""vi - vi"", ""D"": ""VI - ii"", ""E"": ""none of the other options is correct""}"	"[""(A) V7 - vi"", ""(B) i - III"", ""(C) vi - vi"", ""(D) VI - ii"", ""(E) none of the other options is correct""]"	(E) none of the other options is correct	E
0463ebdd-1a88-5a4f-b745-ce4e3b65468f	11	perception	harmony	relative	harmony-relative	harmonic-recognition		cadence recognition	What is the chord progression between the {target_index} chord and the next one?	"[""target_index""]"	get_harmonic_cadence			"{""target_index"": ""4th""}"	What is the chord progression between the 4th chord and the next one?	Jan_DuGrosserSchmerzensmann	chorale-bricks	Jan_DuGrosserSchmerzensmann	data/chorale-bricks/Jan_DuGrosserSchmerzensmann	VI - iv	"[""I - I"", ""I - IV"", ""I - V"", ""I - fI"", ""I - i"", ""I - v"", ""I - vi"", ""II - v"", ""III - III"", ""III - IV"", ""III - VI"", ""III - VII"", ""III - fIII"", ""III - iv"", ""IV - I"", ""IV - V"", ""IV - VII"", ""IV - fIV"", ""IV - i"", ""IV - ii"", ""V - I"", ""V - IV"", ""V - V"", ""V - VI"", ""V - fV"", ""V - i"", ""V - iv"", ""V - v"", ""V - vi"", ""V7 - I"", ""V7 - VI"", ""V7 - fV7"", ""V7 - i"", ""V7 - vi"", ""VI - III"", ""VI - V"", ""VI - VII"", ""VI - fVI"", ""VI - ii"", ""VII - III"", ""VII - IV"", ""VII - VII"", ""VII - i"", ""VII - ii"", ""VII - iv"", ""VII - v"", ""i - I"", ""i - III"", ""i - IV"", ""i - V"", ""i - VI"", ""i - VII"", ""i - fi"", ""i - i"", ""i - iv"", ""ii - III"", ""ii - IV"", ""ii - V"", ""ii - V7"", ""ii - fii"", ""ii - iv"", ""ii - v"", ""ii - vi"", ""ii7 - V"", ""ii7 - fii7"", ""iii - IV"", ""iii - fiii"", ""iii - vi"", ""iv - I"", ""iv - III"", ""iv - V"", ""iv - VII"", ""iv - fiv"", ""iv - i"", ""iv - ii"", ""v - II"", ""v - III"", ""v - IV"", ""v - V"", ""v - VI"", ""v - fv"", ""v - i"", ""v - v"", ""vi - I"", ""vi - V"", ""vi - fvi"", ""vi - ii"", ""vi - iv"", ""vi - vi"", ""vii - I"", ""vii - fvii"", ""vii - i"", ""vii7 - I"", ""vii7 - fvii7"", ""vii7 - i""]"	"[""v - VI"", ""i - VII"", ""vii - fvii"", ""i - I"", ""vi - iv"", ""v - IV"", ""III - IV"", ""III - VI"", ""V7 - i"", ""IV - i"", ""ii7 - V"", ""IV - ii"", ""i - III"", ""V - I"", ""VII - III"", ""vii7 - I"", ""vi - ii"", ""V7 - vi"", ""vii - I"", ""I - IV"", ""VII - VII"", ""vii - i"", ""V - V"", ""VI - fVI"", ""iv - VII"", ""VII - ii"", ""ii - fii"", ""VI - III"", ""iv - V"", ""I - v"", ""i - fi"", ""II - v"", ""iii - IV"", ""V - IV"", ""I - fI"", ""III - VII"", ""ii - V7"", ""III - III"", ""i - V"", ""ii - v"", ""VII - iv"", ""V7 - VI"", ""VII - v"", ""I - I"", ""I - vi"", ""V7 - I"", ""V - fV"", ""v - i"", ""v - II"", ""iv - III"", ""III - iv"", ""VI - V"", ""ii - vi"", ""ii - V"", ""i - IV"", ""V - vi"", ""iv - ii"", ""iv - i"", ""V - i"", ""v - fv"", ""V - VI"", ""i - i"", ""I - i"", ""ii - III"", ""v - v"", ""V - v"", ""VI - ii"", ""IV - VII"", ""iii - vi"", ""III - fIII"", ""ii7 - fii7"", ""iii - fiii"", ""VII - i"", ""vii7 - fvii7"", ""VI - VII"", ""v - V"", ""V - iv"", ""IV - I"", ""vi - I"", ""vii7 - i"", ""V7 - fV7"", ""i - VI"", ""vi - vi"", ""IV - V"", ""v - III"", ""VII - IV"", ""ii - iv"", ""IV - fIV"", ""vi - fvi"", ""I - V"", ""iv - fiv"", ""i - iv"", ""ii - IV"", ""vi - V"", ""iv - I""]"	audio	audio.mastermix.wav	data/chorale-bricks/Jan_DuGrosserSchmerzensmann/audio.mastermix.wav	none of the other options is correct	"[""none of the other options is correct"", ""v - VI"", ""i - VII"", ""vii - fvii"", ""i - I""]"	0.2	1	"[""A"", ""B"", ""C"", ""D"", ""E""]"	"{""A"": ""i - I"", ""B"": ""vii - fvii"", ""C"": ""none of the other options is correct"", ""D"": ""i - VII"", ""E"": ""v - VI""}"	"[""(A) i - I"", ""(B) vii - fvii"", ""(C) none of the other options is correct"", ""(D) i - VII"", ""(E) v - VI""]"	(C) none of the other options is correct	C
a3fc15d3-9a3c-543f-a33a-817adc79f868	11	perception	harmony	relative	harmony-relative	harmonic-recognition		cadence recognition	What is the chord progression between the {target_index} chord and the next one?	"[""target_index""]"	get_harmonic_cadence			"{""target_index"": ""4th""}"	What is the chord progression between the 4th chord and the next one?	Jan_DuGrosserSchmerzensmann	chorale-bricks	Jan_DuGrosserSchmerzensmann	data/chorale-bricks/Jan_DuGrosserSchmerzensmann	VI - iv	"[""I - I"", ""I - IV"", ""I - V"", ""I - fI"", ""I - i"", ""I - v"", ""I - vi"", ""II - v"", ""III - III"", ""III - IV"", ""III - VI"", ""III - VII"", ""III - fIII"", ""III - iv"", ""IV - I"", ""IV - V"", ""IV - VII"", ""IV - fIV"", ""IV - i"", ""IV - ii"", ""V - I"", ""V - IV"", ""V - V"", ""V - VI"", ""V - fV"", ""V - i"", ""V - iv"", ""V - v"", ""V - vi"", ""V7 - I"", ""V7 - VI"", ""V7 - fV7"", ""V7 - i"", ""V7 - vi"", ""VI - III"", ""VI - V"", ""VI - VII"", ""VI - fVI"", ""VI - ii"", ""VII - III"", ""VII - IV"", ""VII - VII"", ""VII - i"", ""VII - ii"", ""VII - iv"", ""VII - v"", ""i - I"", ""i - III"", ""i - IV"", ""i - V"", ""i - VI"", ""i - VII"", ""i - fi"", ""i - i"", ""i - iv"", ""ii - III"", ""ii - IV"", ""ii - V"", ""ii - V7"", ""ii - fii"", ""ii - iv"", ""ii - v"", ""ii - vi"", ""ii7 - V"", ""ii7 - fii7"", ""iii - IV"", ""iii - fiii"", ""iii - vi"", ""iv - I"", ""iv - III"", ""iv - V"", ""iv - VII"", ""iv - fiv"", ""iv - i"", ""iv - ii"", ""v - II"", ""v - III"", ""v - IV"", ""v - V"", ""v - VI"", ""v - fv"", ""v - i"", ""v - v"", ""vi - I"", ""vi - V"", ""vi - fvi"", ""vi - ii"", ""vi - iv"", ""vi - vi"", ""vii - I"", ""vii - fvii"", ""vii - i"", ""vii7 - I"", ""vii7 - fvii7"", ""vii7 - i""]"	"[""v - VI"", ""i - VII"", ""vii - fvii"", ""i - I"", ""vi - iv"", ""v - IV"", ""III - IV"", ""III - VI"", ""V7 - i"", ""IV - i"", ""ii7 - V"", ""IV - ii"", ""i - III"", ""V - I"", ""VII - III"", ""vii7 - I"", ""vi - ii"", ""V7 - vi"", ""vii - I"", ""I - IV"", ""VII - VII"", ""vii - i"", ""V - V"", ""VI - fVI"", ""iv - VII"", ""VII - ii"", ""ii - fii"", ""VI - III"", ""iv - V"", ""I - v"", ""i - fi"", ""II - v"", ""iii - IV"", ""V - IV"", ""I - fI"", ""III - VII"", ""ii - V7"", ""III - III"", ""i - V"", ""ii - v"", ""VII - iv"", ""V7 - VI"", ""VII - v"", ""I - I"", ""I - vi"", ""V7 - I"", ""V - fV"", ""v - i"", ""v - II"", ""iv - III"", ""III - iv"", ""VI - V"", ""ii - vi"", ""ii - V"", ""i - IV"", ""V - vi"", ""iv - ii"", ""iv - i"", ""V - i"", ""v - fv"", ""V - VI"", ""i - i"", ""I - i"", ""ii - III"", ""v - v"", ""V - v"", ""VI - ii"", ""IV - VII"", ""iii - vi"", ""III - fIII"", ""ii7 - fii7"", ""iii - fiii"", ""VII - i"", ""vii7 - fvii7"", ""VI - VII"", ""v - V"", ""V - iv"", ""IV - I"", ""vi - I"", ""vii7 - i"", ""V7 - fV7"", ""i - VI"", ""vi - vi"", ""IV - V"", ""v - III"", ""VII - IV"", ""ii - iv"", ""IV - fIV"", ""vi - fvi"", ""I - V"", ""iv - fiv"", ""i - iv"", ""ii - IV"", ""vi - V"", ""iv - I""]"	symbolic	symbolic.abc.txt	data/chorale-bricks/Jan_DuGrosserSchmerzensmann/symbolic.abc.txt	none of the other options is correct	"[""none of the other options is correct"", ""v - VI"", ""i - VII"", ""vii - fvii"", ""i - I""]"	0.2	1	"[""A"", ""B"", ""C"", ""D"", ""E""]"	"{""A"": ""vii - fvii"", ""B"": ""none of the other options is correct"", ""C"": ""v - VI"", ""D"": ""i - I"", ""E"": ""i - VII""}"	"[""(A) vii - fvii"", ""(B) none of the other options is correct"", ""(C) v - VI"", ""(D) i - I"", ""(E) i - VII""]"	(B) none of the other options is correct	B
9e7a91b1-7b14-57b8-b3fa-b270caa7c969	11	perception	harmony	relative	harmony-relative	harmonic-recognition		cadence recognition	What is the chord progression between the {target_index} chord and the next one?	"[""target_index""]"	get_harmonic_cadence			"{""target_index"": ""4th""}"	What is the chord progression between the 4th chord and the next one?	Jan_DuGrosserSchmerzensmann	chorale-bricks	Jan_DuGrosserSchmerzensmann	data/chorale-bricks/Jan_DuGrosserSchmerzensmann	VI - iv	"[""I - I"", ""I - IV"", ""I - V"", ""I - fI"", ""I - i"", ""I - v"", ""I - vi"", ""II - v"", ""III - III"", ""III - IV"", ""III - VI"", ""III - VII"", ""III - fIII"", ""III - iv"", ""IV - I"", ""IV - V"", ""IV - VII"", ""IV - fIV"", ""IV - i"", ""IV - ii"", ""V - I"", ""V - IV"", ""V - V"", ""V - VI"", ""V - fV"", ""V - i"", ""V - iv"", ""V - v"", ""V - vi"", ""V7 - I"", ""V7 - VI"", ""V7 - fV7"", ""V7 - i"", ""V7 - vi"", ""VI - III"", ""VI - V"", ""VI - VII"", ""VI - fVI"", ""VI - ii"", ""VII - III"", ""VII - IV"", ""VII - VII"", ""VII - i"", ""VII - ii"", ""VII - iv"", ""VII - v"", ""i - I"", ""i - III"", ""i - IV"", ""i - V"", ""i - VI"", ""i - VII"", ""i - fi"", ""i - i"", ""i - iv"", ""ii - III"", ""ii - IV"", ""ii - V"", ""ii - V7"", ""ii - fii"", ""ii - iv"", ""ii - v"", ""ii - vi"", ""ii7 - V"", ""ii7 - fii7"", ""iii - IV"", ""iii - fiii"", ""iii - vi"", ""iv - I"", ""iv - III"", ""iv - V"", ""iv - VII"", ""iv - fiv"", ""iv - i"", ""iv - ii"", ""v - II"", ""v - III"", ""v - IV"", ""v - V"", ""v - VI"", ""v - fv"", ""v - i"", ""v - v"", ""vi - I"", ""vi - V"", ""vi - fvi"", ""vi - ii"", ""vi - iv"", ""vi - vi"", ""vii - I"", ""vii - fvii"", ""vii - i"", ""vii7 - I"", ""vii7 - fvii7"", ""vii7 - i""]"	"[""v - VI"", ""i - VII"", ""vii - fvii"", ""i - I"", ""vi - iv"", ""v - IV"", ""III - IV"", ""III - VI"", ""V7 - i"", ""IV - i"", ""ii7 - V"", ""IV - ii"", ""i - III"", ""V - I"", ""VII - III"", ""vii7 - I"", ""vi - ii"", ""V7 - vi"", ""vii - I"", ""I - IV"", ""VII - VII"", ""vii - i"", ""V - V"", ""VI - fVI"", ""iv - VII"", ""VII - ii"", ""ii - fii"", ""VI - III"", ""iv - V"", ""I - v"", ""i - fi"", ""II - v"", ""iii - IV"", ""V - IV"", ""I - fI"", ""III - VII"", ""ii - V7"", ""III - III"", ""i - V"", ""ii - v"", ""VII - iv"", ""V7 - VI"", ""VII - v"", ""I - I"", ""I - vi"", ""V7 - I"", ""V - fV"", ""v - i"", ""v - II"", ""iv - III"", ""III - iv"", ""VI - V"", ""ii - vi"", ""ii - V"", ""i - IV"", ""V - vi"", ""iv - ii"", ""iv - i"", ""V - i"", ""v - fv"", ""V - VI"", ""i - i"", ""I - i"", ""ii - III"", ""v - v"", ""V - v"", ""VI - ii"", ""IV - VII"", ""iii - vi"", ""III - fIII"", ""ii7 - fii7"", ""iii - fiii"", ""VII - i"", ""vii7 - fvii7"", ""VI - VII"", ""v - V"", ""V - iv"", ""IV - I"", ""vi - I"", ""vii7 - i"", ""V7 - fV7"", ""i - VI"", ""vi - vi"", ""IV - V"", ""v - III"", ""VII - IV"", ""ii - iv"", ""IV - fIV"", ""vi - fvi"", ""I - V"", ""iv - fiv"", ""i - iv"", ""ii - IV"", ""vi - V"", ""iv - I""]"	visual	visual.short.png	data/chorale-bricks/Jan_DuGrosserSchmerzensmann/visual.short.png	VI - iv	"[""VI - iv"", ""none of the other options is correct"", ""v - VI"", ""i - VII"", ""vii - fvii""]"	0.2	0	"[""A"", ""B"", ""C"", ""D"", ""E""]"	"{""A"": ""i - VII"", ""B"": ""vii - fvii"", ""C"": ""VI - iv"", ""D"": ""none of the other options is correct"", ""E"": ""v - VI""}"	"[""(A) i - VII"", ""(B) vii - fvii"", ""(C) VI - iv"", ""(D) none of the other options is correct"", ""(E) v - VI""]"	(C) VI - iv	C
e9e223e6-5e27-5511-beba-502f54a10fe8	11	perception	harmony	relative	harmony-relative	harmonic-recognition		cadence recognition	What is the chord progression between the {target_index} chord and the next one?	"[""target_index""]"	get_harmonic_cadence			"{""target_index"": ""24th""}"	What is the chord progression between the 24th chord and the next one?	Drese_JesuGehVoran	chorale-bricks	Drese_JesuGehVoran	data/chorale-bricks/Drese_JesuGehVoran	V - vi	"[""I - I"", ""I - IV"", ""I - V"", ""I - fI"", ""I - i"", ""I - v"", ""I - vi"", ""II - v"", ""III - III"", ""III - IV"", ""III - VI"", ""III - VII"", ""III - fIII"", ""III - iv"", ""IV - I"", ""IV - V"", ""IV - VII"", ""IV - fIV"", ""IV - i"", ""IV - ii"", ""V - I"", ""V - IV"", ""V - V"", ""V - VI"", ""V - fV"", ""V - i"", ""V - iv"", ""V - v"", ""V7 - I"", ""V7 - VI"", ""V7 - fV7"", ""V7 - i"", ""V7 - vi"", ""VI - III"", ""VI - V"", ""VI - VII"", ""VI - fVI"", ""VI - ii"", ""VI - iv"", ""VII - III"", ""VII - IV"", ""VII - VII"", ""VII - i"", ""VII - ii"", ""VII - iv"", ""VII - v"", ""i - I"", ""i - III"", ""i - IV"", ""i - V"", ""i - VI"", ""i - VII"", ""i - fi"", ""i - i"", ""i - iv"", ""ii - III"", ""ii - IV"", ""ii - V"", ""ii - V7"", ""ii - fii"", ""ii - iv"", ""ii - v"", ""ii - vi"", ""ii7 - V"", ""ii7 - fii7"", ""iii - IV"", ""iii - fiii"", ""iii - vi"", ""iv - I"", ""iv - III"", ""iv - V"", ""iv - VII"", ""iv - fiv"", ""iv - i"", ""iv - ii"", ""v - II"", ""v - III"", ""v - IV"", ""v - V"", ""v - VI"", ""v - fv"", ""v - i"", ""v - v"", ""vi - I"", ""vi - V"", ""vi - fvi"", ""vi - ii"", ""vi - iv"", ""vi - vi"", ""vii - I"", ""vii - fvii"", ""vii - i"", ""vii7 - I"", ""vii7 - fvii7"", ""vii7 - i""]"	"[""IV - I"", ""IV - V"", ""i - iv"", ""V - VI"", ""v - IV"", ""iv - VII"", ""V - fV"", ""VI - fVI"", ""iv - ii"", ""vii - i"", ""iii - fiii"", ""III - VI"", ""VII - iv"", ""V - V"", ""i - V"", ""vii7 - fvii7"", ""I - v"", ""i - I"", ""V7 - fV7"", ""iv - V"", ""VI - VII"", ""V - IV"", ""III - IV"", ""IV - i"", ""vii7 - I"", ""iv - i"", ""I - fI"", ""VII - i"", ""VI - iv"", ""vi - I"", ""VII - IV"", ""i - IV"", ""iv - I"", ""V7 - vi"", ""VI - III"", ""V - i"", ""I - vi"", ""VII - III"", ""VI - ii"", ""ii - v"", ""vi - vi"", ""vii - I"", ""I - I"", ""ii - V"", ""VII - v"", ""i - VI"", ""i - III"", ""iii - vi"", ""v - v"", ""VII - ii"", ""VI - V"", ""V - I"", ""iv - III"", ""v - III"", ""V7 - VI"", ""I - i"", ""ii - V7"", ""vii7 - i"", ""V - iv"", ""II - v"", ""vi - ii"", ""V7 - I"", ""ii7 - fii7"", ""i - fi"", ""v - V"", ""I - V"", ""v - fv"", ""III - iv"", ""vi - fvi"", ""V - v"", ""i - i"", ""V7 - i"", ""vii - fvii"", ""v - VI"", ""v - i"", ""IV - VII"", ""VII - VII"", ""ii - fii"", ""ii - iv"", ""vi - iv"", ""iv - fiv"", ""I - IV"", ""III - fIII"", ""ii - vi"", ""vi - V"", ""i - VII"", ""ii - IV"", ""iii - IV"", ""IV - fIV"", ""ii - III"", ""ii7 - V"", ""III - VII"", ""IV - ii"", ""v - II"", ""III - III""]"	audio	audio.mastermix.wav	data/chorale-bricks/Drese_JesuGehVoran/audio.mastermix.wav	V - vi	"[""V - vi"", ""none of the other options is correct"", ""IV - I"", ""IV - V"", ""i - iv""]"	0.2	0	"[""A"", ""B"", ""C"", ""D"", ""E""]"	"{""A"": ""IV - V"", ""B"": ""V - vi"", ""C"": ""IV - I"", ""D"": ""none of the other options is correct"", ""E"": ""i - iv""}"	"[""(A) IV - V"", ""(B) V - vi"", ""(C) IV - I"", ""(D) none of the other options is correct"", ""(E) i - iv""]"	(B) V - vi	B
895807f1-e9a0-59cd-aecc-366aa67e1b50	11	perception	harmony	relative	harmony-relative	harmonic-recognition		cadence recognition	What is the chord progression between the {target_index} chord and the next one?	"[""target_index""]"	get_harmonic_cadence			"{""target_index"": ""24th""}"	What is the chord progression between the 24th chord and the next one?	Drese_JesuGehVoran	chorale-bricks	Drese_JesuGehVoran	data/chorale-bricks/Drese_JesuGehVoran	V - vi	"[""I - I"", ""I - IV"", ""I - V"", ""I - fI"", ""I - i"", ""I - v"", ""I - vi"", ""II - v"", ""III - III"", ""III - IV"", ""III - VI"", ""III - VII"", ""III - fIII"", ""III - iv"", ""IV - I"", ""IV - V"", ""IV - VII"", ""IV - fIV"", ""IV - i"", ""IV - ii"", ""V - I"", ""V - IV"", ""V - V"", ""V - VI"", ""V - fV"", ""V - i"", ""V - iv"", ""V - v"", ""V7 - I"", ""V7 - VI"", ""V7 - fV7"", ""V7 - i"", ""V7 - vi"", ""VI - III"", ""VI - V"", ""VI - VII"", ""VI - fVI"", ""VI - ii"", ""VI - iv"", ""VII - III"", ""VII - IV"", ""VII - VII"", ""VII - i"", ""VII - ii"", ""VII - iv"", ""VII - v"", ""i - I"", ""i - III"", ""i - IV"", ""i - V"", ""i - VI"", ""i - VII"", ""i - fi"", ""i - i"", ""i - iv"", ""ii - III"", ""ii - IV"", ""ii - V"", ""ii - V7"", ""ii - fii"", ""ii - iv"", ""ii - v"", ""ii - vi"", ""ii7 - V"", ""ii7 - fii7"", ""iii - IV"", ""iii - fiii"", ""iii - vi"", ""iv - I"", ""iv - III"", ""iv - V"", ""iv - VII"", ""iv - fiv"", ""iv - i"", ""iv - ii"", ""v - II"", ""v - III"", ""v - IV"", ""v - V"", ""v - VI"", ""v - fv"", ""v - i"", ""v - v"", ""vi - I"", ""vi - V"", ""vi - fvi"", ""vi - ii"", ""vi - iv"", ""vi - vi"", ""vii - I"", ""vii - fvii"", ""vii - i"", ""vii7 - I"", ""vii7 - fvii7"", ""vii7 - i""]"	"[""IV - I"", ""IV - V"", ""i - iv"", ""V - VI"", ""v - IV"", ""iv - VII"", ""V - fV"", ""VI - fVI"", ""iv - ii"", ""vii - i"", ""iii - fiii"", ""III - VI"", ""VII - iv"", ""V - V"", ""i - V"", ""vii7 - fvii7"", ""I - v"", ""i - I"", ""V7 - fV7"", ""iv - V"", ""VI - VII"", ""V - IV"", ""III - IV"", ""IV - i"", ""vii7 - I"", ""iv - i"", ""I - fI"", ""VII - i"", ""VI - iv"", ""vi - I"", ""VII - IV"", ""i - IV"", ""iv - I"", ""V7 - vi"", ""VI - III"", ""V - i"", ""I - vi"", ""VII - III"", ""VI - ii"", ""ii - v"", ""vi - vi"", ""vii - I"", ""I - I"", ""ii - V"", ""VII - v"", ""i - VI"", ""i - III"", ""iii - vi"", ""v - v"", ""VII - ii"", ""VI - V"", ""V - I"", ""iv - III"", ""v - III"", ""V7 - VI"", ""I - i"", ""ii - V7"", ""vii7 - i"", ""V - iv"", ""II - v"", ""vi - ii"", ""V7 - I"", ""ii7 - fii7"", ""i - fi"", ""v - V"", ""I - V"", ""v - fv"", ""III - iv"", ""vi - fvi"", ""V - v"", ""i - i"", ""V7 - i"", ""vii - fvii"", ""v - VI"", ""v - i"", ""IV - VII"", ""VII - VII"", ""ii - fii"", ""ii - iv"", ""vi - iv"", ""iv - fiv"", ""I - IV"", ""III - fIII"", ""ii - vi"", ""vi - V"", ""i - VII"", ""ii - IV"", ""iii - IV"", ""IV - fIV"", ""ii - III"", ""ii7 - V"", ""III - VII"", ""IV - ii"", ""v - II"", ""III - III""]"	symbolic	symbolic.abc.txt	data/chorale-bricks/Drese_JesuGehVoran/symbolic.abc.txt	V - vi	"[""V - vi"", ""none of the other options is correct"", ""IV - I"", ""IV - V"", ""i - iv""]"	0.2	0	"[""A"", ""B"", ""C"", ""D"", ""E""]"	"{""A"": ""i - iv"", ""B"": ""IV - V"", ""C"": ""none of the other options is correct"", ""D"": ""IV - I"", ""E"": ""V - vi""}"	"[""(A) i - iv"", ""(B) IV - V"", ""(C) none of the other options is correct"", ""(D) IV - I"", ""(E) V - vi""]"	(E) V - vi	E
5bc395c5-2c43-5b2e-b987-a7cc2760206f	11	perception	harmony	relative	harmony-relative	harmonic-recognition		cadence recognition	What is the chord progression between the {target_index} chord and the next one?	"[""target_index""]"	get_harmonic_cadence			"{""target_index"": ""24th""}"	What is the chord progression between the 24th chord and the next one?	Drese_JesuGehVoran	chorale-bricks	Drese_JesuGehVoran	data/chorale-bricks/Drese_JesuGehVoran	V - vi	"[""I - I"", ""I - IV"", ""I - V"", ""I - fI"", ""I - i"", ""I - v"", ""I - vi"", ""II - v"", ""III - III"", ""III - IV"", ""III - VI"", ""III - VII"", ""III - fIII"", ""III - iv"", ""IV - I"", ""IV - V"", ""IV - VII"", ""IV - fIV"", ""IV - i"", ""IV - ii"", ""V - I"", ""V - IV"", ""V - V"", ""V - VI"", ""V - fV"", ""V - i"", ""V - iv"", ""V - v"", ""V7 - I"", ""V7 - VI"", ""V7 - fV7"", ""V7 - i"", ""V7 - vi"", ""VI - III"", ""VI - V"", ""VI - VII"", ""VI - fVI"", ""VI - ii"", ""VI - iv"", ""VII - III"", ""VII - IV"", ""VII - VII"", ""VII - i"", ""VII - ii"", ""VII - iv"", ""VII - v"", ""i - I"", ""i - III"", ""i - IV"", ""i - V"", ""i - VI"", ""i - VII"", ""i - fi"", ""i - i"", ""i - iv"", ""ii - III"", ""ii - IV"", ""ii - V"", ""ii - V7"", ""ii - fii"", ""ii - iv"", ""ii - v"", ""ii - vi"", ""ii7 - V"", ""ii7 - fii7"", ""iii - IV"", ""iii - fiii"", ""iii - vi"", ""iv - I"", ""iv - III"", ""iv - V"", ""iv - VII"", ""iv - fiv"", ""iv - i"", ""iv - ii"", ""v - II"", ""v - III"", ""v - IV"", ""v - V"", ""v - VI"", ""v - fv"", ""v - i"", ""v - v"", ""vi - I"", ""vi - V"", ""vi - fvi"", ""vi - ii"", ""vi - iv"", ""vi - vi"", ""vii - I"", ""vii - fvii"", ""vii - i"", ""vii7 - I"", ""vii7 - fvii7"", ""vii7 - i""]"	"[""IV - I"", ""IV - V"", ""i - iv"", ""V - VI"", ""v - IV"", ""iv - VII"", ""V - fV"", ""VI - fVI"", ""iv - ii"", ""vii - i"", ""iii - fiii"", ""III - VI"", ""VII - iv"", ""V - V"", ""i - V"", ""vii7 - fvii7"", ""I - v"", ""i - I"", ""V7 - fV7"", ""iv - V"", ""VI - VII"", ""V - IV"", ""III - IV"", ""IV - i"", ""vii7 - I"", ""iv - i"", ""I - fI"", ""VII - i"", ""VI - iv"", ""vi - I"", ""VII - IV"", ""i - IV"", ""iv - I"", ""V7 - vi"", ""VI - III"", ""V - i"", ""I - vi"", ""VII - III"", ""VI - ii"", ""ii - v"", ""vi - vi"", ""vii - I"", ""I - I"", ""ii - V"", ""VII - v"", ""i - VI"", ""i - III"", ""iii - vi"", ""v - v"", ""VII - ii"", ""VI - V"", ""V - I"", ""iv - III"", ""v - III"", ""V7 - VI"", ""I - i"", ""ii - V7"", ""vii7 - i"", ""V - iv"", ""II - v"", ""vi - ii"", ""V7 - I"", ""ii7 - fii7"", ""i - fi"", ""v - V"", ""I - V"", ""v - fv"", ""III - iv"", ""vi - fvi"", ""V - v"", ""i - i"", ""V7 - i"", ""vii - fvii"", ""v - VI"", ""v - i"", ""IV - VII"", ""VII - VII"", ""ii - fii"", ""ii - iv"", ""vi - iv"", ""iv - fiv"", ""I - IV"", ""III - fIII"", ""ii - vi"", ""vi - V"", ""i - VII"", ""ii - IV"", ""iii - IV"", ""IV - fIV"", ""ii - III"", ""ii7 - V"", ""III - VII"", ""IV - ii"", ""v - II"", ""III - III""]"	visual	visual.short.png	data/chorale-bricks/Drese_JesuGehVoran/visual.short.png	V - vi	"[""V - vi"", ""none of the other options is correct"", ""IV - I"", ""IV - V"", ""i - iv""]"	0.2	0	"[""A"", ""B"", ""C"", ""D"", ""E""]"	"{""A"": ""none of the other options is correct"", ""B"": ""IV - V"", ""C"": ""V - vi"", ""D"": ""i - iv"", ""E"": ""IV - I""}"	"[""(A) none of the other options is correct"", ""(B) IV - V"", ""(C) V - vi"", ""(D) i - iv"", ""(E) IV - I""]"	(C) V - vi	C
adb885fb-5337-5482-b880-9265998f787d	11	perception	harmony	relative	harmony-relative	harmonic-recognition		cadence recognition	What is the chord progression between the {target_index} chord and the next one?	"[""target_index""]"	get_harmonic_cadence			"{""target_index"": ""34th""}"	What is the chord progression between the 34th chord and the next one?	Crueger_AufAufMeinHerzMitFreuden	chorale-bricks	Crueger_AufAufMeinHerzMitFreuden	data/chorale-bricks/Crueger_AufAufMeinHerzMitFreuden	iv - III	"[""I - I"", ""I - IV"", ""I - V"", ""I - fI"", ""I - i"", ""I - v"", ""I - vi"", ""II - v"", ""III - III"", ""III - IV"", ""III - VI"", ""III - VII"", ""III - fIII"", ""III - iv"", ""IV - I"", ""IV - V"", ""IV - VII"", ""IV - fIV"", ""IV - i"", ""IV - ii"", ""V - I"", ""V - IV"", ""V - V"", ""V - VI"", ""V - fV"", ""V - i"", ""V - iv"", ""V - v"", ""V - vi"", ""V7 - I"", ""V7 - VI"", ""V7 - fV7"", ""V7 - i"", ""V7 - vi"", ""VI - III"", ""VI - V"", ""VI - VII"", ""VI - fVI"", ""VI - ii"", ""VI - iv"", ""VII - III"", ""VII - IV"", ""VII - VII"", ""VII - i"", ""VII - ii"", ""VII - iv"", ""VII - v"", ""i - I"", ""i - III"", ""i - IV"", ""i - V"", ""i - VI"", ""i - VII"", ""i - fi"", ""i - i"", ""i - iv"", ""ii - III"", ""ii - IV"", ""ii - V"", ""ii - V7"", ""ii - fii"", ""ii - iv"", ""ii - v"", ""ii - vi"", ""ii7 - V"", ""ii7 - fii7"", ""iii - IV"", ""iii - fiii"", ""iii - vi"", ""iv - I"", ""iv - V"", ""iv - VII"", ""iv - fiv"", ""iv - i"", ""iv - ii"", ""v - II"", ""v - III"", ""v - IV"", ""v - V"", ""v - VI"", ""v - fv"", ""v - i"", ""v - v"", ""vi - I"", ""vi - V"", ""vi - fvi"", ""vi - ii"", ""vi - iv"", ""vi - vi"", ""vii - I"", ""vii - fvii"", ""vii - i"", ""vii7 - I"", ""vii7 - fvii7"", ""vii7 - i""]"	"[""I - vi"", ""V7 - I"", ""IV - fIV"", ""ii - V7"", ""v - II"", ""iii - vi"", ""V7 - fV7"", ""iv - ii"", ""vii - I"", ""vi - I"", ""vi - V"", ""ii - vi"", ""v - VI"", ""vi - fvi"", ""VII - VII"", ""III - III"", ""i - I"", ""IV - V"", ""III - VI"", ""V - i"", ""VI - fVI"", ""ii - V"", ""i - VII"", ""VI - V"", ""III - IV"", ""I - v"", ""VII - v"", ""vi - iv"", ""vii7 - fvii7"", ""v - fv"", ""vii7 - I"", ""iii - fiii"", ""v - V"", ""IV - VII"", ""V - iv"", ""v - IV"", ""V - vi"", ""i - i"", ""i - V"", ""i - fi"", ""i - IV"", ""vi - vi"", ""iv - fiv"", ""V - IV"", ""vii7 - i"", ""III - VII"", ""iv - VII"", ""III - fIII"", ""i - VI"", ""V7 - i"", ""i - iv"", ""VI - ii"", ""ii - v"", ""I - i"", ""iv - V"", ""VI - VII"", ""VII - iv"", ""vii - i"", ""v - i"", ""VII - i"", ""II - v"", ""ii7 - fii7"", ""vi - ii"", ""V7 - vi"", ""V - VI"", ""IV - ii"", ""V7 - VI"", ""v - III"", ""VII - ii"", ""I - V"", ""iii - IV"", ""ii - IV"", ""iv - I"", ""IV - I"", ""ii - fii"", ""VII - IV"", ""VI - iv"", ""I - I"", ""VII - III"", ""IV - i"", ""iv - i"", ""I - IV"", ""III - iv"", ""V - fV"", ""V - I"", ""V - v"", ""ii7 - V"", ""VI - III"", ""ii - III"", ""v - v"", ""vii - fvii"", ""ii - iv"", ""i - III"", ""V - V"", ""I - fI""]"	audio	audio.mastermix.wav	data/chorale-bricks/Crueger_AufAufMeinHerzMitFreuden/audio.mastermix.wav	iv - III	"[""iv - III"", ""none of the other options is correct"", ""I - vi"", ""V7 - I"", ""IV - fIV""]"	0.2	0	"[""A"", ""B"", ""C"", ""D"", ""E""]"	"{""A"": ""none of the other options is correct"", ""B"": ""I - vi"", ""C"": ""IV - fIV"", ""D"": ""iv - III"", ""E"": ""V7 - I""}"	"[""(A) none of the other options is correct"", ""(B) I - vi"", ""(C) IV - fIV"", ""(D) iv - III"", ""(E) V7 - I""]"	(D) iv - III	D
157924b7-7f39-52f2-aa63-c1e19f01ca7a	11	perception	harmony	relative	harmony-relative	harmonic-recognition		cadence recognition	What is the chord progression between the {target_index} chord and the next one?	"[""target_index""]"	get_harmonic_cadence			"{""target_index"": ""34th""}"	What is the chord progression between the 34th chord and the next one?	Crueger_AufAufMeinHerzMitFreuden	chorale-bricks	Crueger_AufAufMeinHerzMitFreuden	data/chorale-bricks/Crueger_AufAufMeinHerzMitFreuden	iv - III	"[""I - I"", ""I - IV"", ""I - V"", ""I - fI"", ""I - i"", ""I - v"", ""I - vi"", ""II - v"", ""III - III"", ""III - IV"", ""III - VI"", ""III - VII"", ""III - fIII"", ""III - iv"", ""IV - I"", ""IV - V"", ""IV - VII"", ""IV - fIV"", ""IV - i"", ""IV - ii"", ""V - I"", ""V - IV"", ""V - V"", ""V - VI"", ""V - fV"", ""V - i"", ""V - iv"", ""V - v"", ""V - vi"", ""V7 - I"", ""V7 - VI"", ""V7 - fV7"", ""V7 - i"", ""V7 - vi"", ""VI - III"", ""VI - V"", ""VI - VII"", ""VI - fVI"", ""VI - ii"", ""VI - iv"", ""VII - III"", ""VII - IV"", ""VII - VII"", ""VII - i"", ""VII - ii"", ""VII - iv"", ""VII - v"", ""i - I"", ""i - III"", ""i - IV"", ""i - V"", ""i - VI"", ""i - VII"", ""i - fi"", ""i - i"", ""i - iv"", ""ii - III"", ""ii - IV"", ""ii - V"", ""ii - V7"", ""ii - fii"", ""ii - iv"", ""ii - v"", ""ii - vi"", ""ii7 - V"", ""ii7 - fii7"", ""iii - IV"", ""iii - fiii"", ""iii - vi"", ""iv - I"", ""iv - V"", ""iv - VII"", ""iv - fiv"", ""iv - i"", ""iv - ii"", ""v - II"", ""v - III"", ""v - IV"", ""v - V"", ""v - VI"", ""v - fv"", ""v - i"", ""v - v"", ""vi - I"", ""vi - V"", ""vi - fvi"", ""vi - ii"", ""vi - iv"", ""vi - vi"", ""vii - I"", ""vii - fvii"", ""vii - i"", ""vii7 - I"", ""vii7 - fvii7"", ""vii7 - i""]"	"[""I - vi"", ""V7 - I"", ""IV - fIV"", ""ii - V7"", ""v - II"", ""iii - vi"", ""V7 - fV7"", ""iv - ii"", ""vii - I"", ""vi - I"", ""vi - V"", ""ii - vi"", ""v - VI"", ""vi - fvi"", ""VII - VII"", ""III - III"", ""i - I"", ""IV - V"", ""III - VI"", ""V - i"", ""VI - fVI"", ""ii - V"", ""i - VII"", ""VI - V"", ""III - IV"", ""I - v"", ""VII - v"", ""vi - iv"", ""vii7 - fvii7"", ""v - fv"", ""vii7 - I"", ""iii - fiii"", ""v - V"", ""IV - VII"", ""V - iv"", ""v - IV"", ""V - vi"", ""i - i"", ""i - V"", ""i - fi"", ""i - IV"", ""vi - vi"", ""iv - fiv"", ""V - IV"", ""vii7 - i"", ""III - VII"", ""iv - VII"", ""III - fIII"", ""i - VI"", ""V7 - i"", ""i - iv"", ""VI - ii"", ""ii - v"", ""I - i"", ""iv - V"", ""VI - VII"", ""VII - iv"", ""vii - i"", ""v - i"", ""VII - i"", ""II - v"", ""ii7 - fii7"", ""vi - ii"", ""V7 - vi"", ""V - VI"", ""IV - ii"", ""V7 - VI"", ""v - III"", ""VII - ii"", ""I - V"", ""iii - IV"", ""ii - IV"", ""iv - I"", ""IV - I"", ""ii - fii"", ""VII - IV"", ""VI - iv"", ""I - I"", ""VII - III"", ""IV - i"", ""iv - i"", ""I - IV"", ""III - iv"", ""V - fV"", ""V - I"", ""V - v"", ""ii7 - V"", ""VI - III"", ""ii - III"", ""v - v"", ""vii - fvii"", ""ii - iv"", ""i - III"", ""V - V"", ""I - fI""]"	symbolic	symbolic.abc.txt	data/chorale-bricks/Crueger_AufAufMeinHerzMitFreuden/symbolic.abc.txt	iv - III	"[""iv - III"", ""none of the other options is correct"", ""I - vi"", ""V7 - I"", ""IV - fIV""]"	0.2	0	"[""A"", ""B"", ""C"", ""D"", ""E""]"	"{""A"": ""iv - III"", ""B"": ""V7 - I"", ""C"": ""none of the other options is correct"", ""D"": ""IV - fIV"", ""E"": ""I - vi""}"	"[""(A) iv - III"", ""(B) V7 - I"", ""(C) none of the other options is correct"", ""(D) IV - fIV"", ""(E) I - vi""]"	(A) iv - III	A
ab5040d7-2767-545b-8cbc-5a75e9b7c300	11	perception	harmony	relative	harmony-relative	harmonic-recognition		cadence recognition	What is the chord progression between the {target_index} chord and the next one?	"[""target_index""]"	get_harmonic_cadence			"{""target_index"": ""34th""}"	What is the chord progression between the 34th chord and the next one?	Crueger_AufAufMeinHerzMitFreuden	chorale-bricks	Crueger_AufAufMeinHerzMitFreuden	data/chorale-bricks/Crueger_AufAufMeinHerzMitFreuden	iv - III	"[""I - I"", ""I - IV"", ""I - V"", ""I - fI"", ""I - i"", ""I - v"", ""I - vi"", ""II - v"", ""III - III"", ""III - IV"", ""III - VI"", ""III - VII"", ""III - fIII"", ""III - iv"", ""IV - I"", ""IV - V"", ""IV - VII"", ""IV - fIV"", ""IV - i"", ""IV - ii"", ""V - I"", ""V - IV"", ""V - V"", ""V - VI"", ""V - fV"", ""V - i"", ""V - iv"", ""V - v"", ""V - vi"", ""V7 - I"", ""V7 - VI"", ""V7 - fV7"", ""V7 - i"", ""V7 - vi"", ""VI - III"", ""VI - V"", ""VI - VII"", ""VI - fVI"", ""VI - ii"", ""VI - iv"", ""VII - III"", ""VII - IV"", ""VII - VII"", ""VII - i"", ""VII - ii"", ""VII - iv"", ""VII - v"", ""i - I"", ""i - III"", ""i - IV"", ""i - V"", ""i - VI"", ""i - VII"", ""i - fi"", ""i - i"", ""i - iv"", ""ii - III"", ""ii - IV"", ""ii - V"", ""ii - V7"", ""ii - fii"", ""ii - iv"", ""ii - v"", ""ii - vi"", ""ii7 - V"", ""ii7 - fii7"", ""iii - IV"", ""iii - fiii"", ""iii - vi"", ""iv - I"", ""iv - V"", ""iv - VII"", ""iv - fiv"", ""iv - i"", ""iv - ii"", ""v - II"", ""v - III"", ""v - IV"", ""v - V"", ""v - VI"", ""v - fv"", ""v - i"", ""v - v"", ""vi - I"", ""vi - V"", ""vi - fvi"", ""vi - ii"", ""vi - iv"", ""vi - vi"", ""vii - I"", ""vii - fvii"", ""vii - i"", ""vii7 - I"", ""vii7 - fvii7"", ""vii7 - i""]"	"[""I - vi"", ""V7 - I"", ""IV - fIV"", ""ii - V7"", ""v - II"", ""iii - vi"", ""V7 - fV7"", ""iv - ii"", ""vii - I"", ""vi - I"", ""vi - V"", ""ii - vi"", ""v - VI"", ""vi - fvi"", ""VII - VII"", ""III - III"", ""i - I"", ""IV - V"", ""III - VI"", ""V - i"", ""VI - fVI"", ""ii - V"", ""i - VII"", ""VI - V"", ""III - IV"", ""I - v"", ""VII - v"", ""vi - iv"", ""vii7 - fvii7"", ""v - fv"", ""vii7 - I"", ""iii - fiii"", ""v - V"", ""IV - VII"", ""V - iv"", ""v - IV"", ""V - vi"", ""i - i"", ""i - V"", ""i - fi"", ""i - IV"", ""vi - vi"", ""iv - fiv"", ""V - IV"", ""vii7 - i"", ""III - VII"", ""iv - VII"", ""III - fIII"", ""i - VI"", ""V7 - i"", ""i - iv"", ""VI - ii"", ""ii - v"", ""I - i"", ""iv - V"", ""VI - VII"", ""VII - iv"", ""vii - i"", ""v - i"", ""VII - i"", ""II - v"", ""ii7 - fii7"", ""vi - ii"", ""V7 - vi"", ""V - VI"", ""IV - ii"", ""V7 - VI"", ""v - III"", ""VII - ii"", ""I - V"", ""iii - IV"", ""ii - IV"", ""iv - I"", ""IV - I"", ""ii - fii"", ""VII - IV"", ""VI - iv"", ""I - I"", ""VII - III"", ""IV - i"", ""iv - i"", ""I - IV"", ""III - iv"", ""V - fV"", ""V - I"", ""V - v"", ""ii7 - V"", ""VI - III"", ""ii - III"", ""v - v"", ""vii - fvii"", ""ii - iv"", ""i - III"", ""V - V"", ""I - fI""]"	visual	visual.short.png	data/chorale-bricks/Crueger_AufAufMeinHerzMitFreuden/visual.short.png	iv - III	"[""iv - III"", ""none of the other options is correct"", ""I - vi"", ""V7 - I"", ""IV - fIV""]"	0.2	0	"[""A"", ""B"", ""C"", ""D"", ""E""]"	"{""A"": ""none of the other options is correct"", ""B"": ""V7 - I"", ""C"": ""I - vi"", ""D"": ""iv - III"", ""E"": ""IV - fIV""}"	"[""(A) none of the other options is correct"", ""(B) V7 - I"", ""(C) I - vi"", ""(D) iv - III"", ""(E) IV - fIV""]"	(D) iv - III	D
