item_id	meta-question_id	perception	category	rel/abs	specification	subcategory	simul/seq	skill	text_with_wildcards	question_keys	method_for_ground_truth_extraction	requires	ontology_key	values	question	piece_id	dataset	name	path	ground_truth	distractor_pool	sorted_distractors	modality	submodality	path_to_question_context_file	final_correct_option	final_options	random_guess_performance_accuracy	is_nota_correct	all_choices	index2ans	labeled_final_options	labeled_final_correct_option	label_of_final_correct_option
9bdf425c-e8aa-57ba-8bcb-43bdca62ec59	1	perception	pitch	absolute	pitch-absolute	pitch-recognition		pitch recognition	What is the pitch name of the {target_index} {voice} note in the provided excerpt?	"[""target_index"", ""voice""]"	get_nth_note	symbolic.musicxml	pitch	"{""target_index"": ""19th"", ""voice"": ""alto""}"	What is the pitch name of the 19th alto note in the provided excerpt?	Gesius_DuFriedensfuerstHerrJesuChrist	chorale-bricks	Gesius_DuFriedensfuerstHerrJesuChrist	data/chorale-bricks/Gesius_DuFriedensfuerstHerrJesuChrist	E	"[""A"", ""B"", ""B flat"", ""C"", ""D"", ""F"", ""G""]"	"[""D"", ""G"", ""F"", ""A"", ""B flat"", ""C"", ""B""]"	audio	audio.mastermix.wav	data/chorale-bricks/Gesius_DuFriedensfuerstHerrJesuChrist/audio.mastermix.wav	E	"[""E"", ""none of the other options is correct"", ""D"", ""G"", ""F""]"	0.2	0	"[""A"", ""B"", ""C"", ""D"", ""E""]"	"{""A"": ""D"", ""B"": ""F"", ""C"": ""none of the other options is correct"", ""D"": ""E"", ""E"": ""G""}"	"[""(A) D"", ""(B) F"", ""(C) none of the other options is correct"", ""(D) E"", ""(E) G""]"	(D) E	D
e0d1bc30-41fb-5cbe-a497-85c514d6b854	1	perception	pitch	absolute	pitch-absolute	pitch-recognition		pitch recognition	What is the pitch name of the {target_index} {voice} note in the provided excerpt?	"[""target_index"", ""voice""]"	get_nth_note	symbolic.musicxml	pitch	"{""target_index"": ""19th"", ""voice"": ""alto""}"	What is the pitch name of the 19th alto note in the provided excerpt?	Gesius_DuFriedensfuerstHerrJesuChrist	chorale-bricks	Gesius_DuFriedensfuerstHerrJesuChrist	data/chorale-bricks/Gesius_DuFriedensfuerstHerrJesuChrist	E	"[""A"", ""B"", ""B flat"", ""C"", ""D"", ""F"", ""G""]"	"[""D"", ""G"", ""F"", ""A"", ""B flat"", ""C"", ""B""]"	symbolic	symbolic.abc.txt	data/chorale-bricks/Gesius_DuFriedensfuerstHerrJesuChrist/symbolic.abc.txt	E	"[""E"", ""none of the other options is correct"", ""D"", ""G"", ""F""]"	0.2	0	"[""A"", ""B"", ""C"", ""D"", ""E""]"	"{""A"": ""E"", ""B"": ""D"", ""C"": ""none of the other options is correct"", ""D"": ""G"", ""E"": ""F""}"	"[""(A) E"", ""(B) D"", ""(C) none of the other options is correct"", ""(D) G"", ""(E) F""]"	(A) E	A
c5faf087-d566-50a8-bce4-a23e0d5888f3	1	perception	pitch	absolute	pitch-absolute	pitch-recognition		pitch recognition	What is the pitch name of the {target_index} {voice} note in the provided excerpt?	"[""target_index"", ""voice""]"	get_nth_note	symbolic.musicxml	pitch	"{""target_index"": ""19th"", ""voice"": ""alto""}"	What is the pitch name of the 19th alto note in the provided excerpt?	Gesius_DuFriedensfuerstHerrJesuChrist	chorale-bricks	Gesius_DuFriedensfuerstHerrJesuChrist	data/chorale-bricks/Gesius_DuFriedensfuerstHerrJesuChrist	E	"[""A"", ""B"", ""B flat"", ""C"", ""D"", ""F"", ""G""]"	"[""D"", ""G"", ""F"", ""A"", ""B flat"", ""C"", ""B""]"	visual	visual.short.png	data/chorale-bricks/Gesius_DuFriedensfuerstHerrJesuChrist/visual.short.png	E	"[""E"", ""none of the other options is correct"", ""D"", ""G"", ""F""]"	0.2	0	"[""A"", ""B"", ""C"", ""D"", ""E""]"	"{""A"": ""F"", ""B"": ""none of the other options is correct"", ""C"": ""G"", ""D"": ""E"", ""E"": ""D""}"	"[""(A) F"", ""(B) none of the other options is correct"", ""(C) G"", ""(D) E"", ""(E) D""]"	(D) E	D
92638623-9fa7-56f9-b8c9-583d2d302ba6	1	perception	pitch	absolute	pitch-absolute	pitch-recognition		pitch recognition	What is the pitch name of the {target_index} {voice} note in the provided excerpt?	"[""target_index"", ""voice""]"	get_nth_note	symbolic.musicxml	pitch	"{""target_index"": ""21st"", ""voice"": ""tenor""}"	What is the pitch name of the 21st tenor note in the provided excerpt?	Gesius_BefiehlDuDeineWege	chorale-bricks	Gesius_BefiehlDuDeineWege	data/chorale-bricks/Gesius_BefiehlDuDeineWege	C sharp	"[""A"", ""B"", ""C"", ""D"", ""E"", ""F"", ""G"", ""G sharp""]"	"[""D"", ""G sharp"", ""C"", ""B"", ""F"", ""A"", ""E"", ""G""]"	audio	audio.mastermix.wav	data/chorale-bricks/Gesius_BefiehlDuDeineWege/audio.mastermix.wav	C sharp	"[""C sharp"", ""none of the other options is correct"", ""D"", ""G sharp"", ""C""]"	0.2	0	"[""A"", ""B"", ""C"", ""D"", ""E""]"	"{""A"": ""C"", ""B"": ""none of the other options is correct"", ""C"": ""C sharp"", ""D"": ""D"", ""E"": ""G sharp""}"	"[""(A) C"", ""(B) none of the other options is correct"", ""(C) C sharp"", ""(D) D"", ""(E) G sharp""]"	(C) C sharp	C
591fb61d-b0d0-513b-89d5-6a4e07ed85e9	1	perception	pitch	absolute	pitch-absolute	pitch-recognition		pitch recognition	What is the pitch name of the {target_index} {voice} note in the provided excerpt?	"[""target_index"", ""voice""]"	get_nth_note	symbolic.musicxml	pitch	"{""target_index"": ""21st"", ""voice"": ""tenor""}"	What is the pitch name of the 21st tenor note in the provided excerpt?	Gesius_BefiehlDuDeineWege	chorale-bricks	Gesius_BefiehlDuDeineWege	data/chorale-bricks/Gesius_BefiehlDuDeineWege	C sharp	"[""A"", ""B"", ""C"", ""D"", ""E"", ""F"", ""G"", ""G sharp""]"	"[""D"", ""G sharp"", ""C"", ""B"", ""F"", ""A"", ""E"", ""G""]"	symbolic	symbolic.abc.txt	data/chorale-bricks/Gesius_BefiehlDuDeineWege/symbolic.abc.txt	C sharp	"[""C sharp"", ""none of the other options is correct"", ""D"", ""G sharp"", ""C""]"	0.2	0	"[""A"", ""B"", ""C"", ""D"", ""E""]"	"{""A"": ""C sharp"", ""B"": ""C"", ""C"": ""none of the other options is correct"", ""D"": ""D"", ""E"": ""G sharp""}"	"[""(A) C sharp"", ""(B) C"", ""(C) none of the other options is correct"", ""(D) D"", ""(E) G sharp""]"	(A) C sharp	A
f5f906cb-eaf5-5afa-b7ff-7e8c7f548e42	1	perception	pitch	absolute	pitch-absolute	pitch-recognition		pitch recognition	What is the pitch name of the {target_index} {voice} note in the provided excerpt?	"[""target_index"", ""voice""]"	get_nth_note	symbolic.musicxml	pitch	"{""target_index"": ""21st"", ""voice"": ""tenor""}"	What is the pitch name of the 21st tenor note in the provided excerpt?	Gesius_BefiehlDuDeineWege	chorale-bricks	Gesius_BefiehlDuDeineWege	data/chorale-bricks/Gesius_BefiehlDuDeineWege	C sharp	"[""A"", ""B"", ""C"", ""D"", ""E"", ""F"", ""G"", ""G sharp""]"	"[""D"", ""G sharp"", ""C"", ""B"", ""F"", ""A"", ""E"", ""G""]"	visual	visual.short.png	data/chorale-bricks/Gesius_BefiehlDuDeineWege/visual.short.png	C sharp	"[""C sharp"", ""none of the other options is correct"", ""D"", ""G sharp"", ""C""]"	0.2	0	"[""A"", ""B"", ""C"", ""D"", ""E""]"	"{""A"": ""none of the other options is correct"", ""B"": ""C"", ""C"": ""C sharp"", ""D"": ""D"", ""E"": ""G sharp""}"	"[""(A) none of the other options is correct"", ""(B) C"", ""(C) C sharp"", ""(D) D"", ""(E) G sharp""]"	(C) C sharp	C
9a5b357f-7dec-5376-9de3-bf502a44c8b2	1	perception	pitch	absolute	pitch-absolute	pitch-recognition		pitch recognition	What is the pitch name of the {target_index} {voice} note in the provided excerpt?	"[""target_index"", ""voice""]"	get_nth_note	symbolic.musicxml	pitch	"{""target_index"": ""37th"", ""voice"": ""alto""}"	What is the pitch name of the 37th alto note in the provided excerpt?	Gesius_BefiehlDuDeineWege	chorale-bricks	Gesius_BefiehlDuDeineWege	data/chorale-bricks/Gesius_BefiehlDuDeineWege	C	"[""A"", ""B"", ""C sharp"", ""D"", ""E"", ""F"", ""G"", ""G sharp""]"	"[""B"", ""E"", ""A"", ""G"", ""D"", ""G sharp"", ""F"", ""C sharp""]"	audio	audio.mastermix.wav	data/chorale-bricks/Gesius_BefiehlDuDeineWege/audio.mastermix.wav	C	"[""C"", ""none of the other options is correct"", ""B"", ""E"", ""A""]"	0.2	0	"[""A"", ""B"", ""C"", ""D"", ""E""]"	"{""A"": ""C"", ""B"": ""none of the other options is correct"", ""C"": ""B"", ""D"": ""A"", ""E"": ""E""}"	"[""(A) C"", ""(B) none of the other options is correct"", ""(C) B"", ""(D) A"", ""(E) E""]"	(A) C	A
3309131f-13b9-5b80-a62b-686b7ddbf098	1	perception	pitch	absolute	pitch-absolute	pitch-recognition		pitch recognition	What is the pitch name of the {target_index} {voice} note in the provided excerpt?	"[""target_index"", ""voice""]"	get_nth_note	symbolic.musicxml	pitch	"{""target_index"": ""37th"", ""voice"": ""alto""}"	What is the pitch name of the 37th alto note in the provided excerpt?	Gesius_BefiehlDuDeineWege	chorale-bricks	Gesius_BefiehlDuDeineWege	data/chorale-bricks/Gesius_BefiehlDuDeineWege	C	"[""A"", ""B"", ""C sharp"", ""D"", ""E"", ""F"", ""G"", ""G sharp""]"	"[""B"", ""E"", ""A"", ""G"", ""D"", ""G sharp"", ""F"", ""C sharp""]"	symbolic	symbolic.abc.txt	data/chorale-bricks/Gesius_BefiehlDuDeineWege/symbolic.abc.txt	C	"[""C"", ""none of the other options is correct"", ""B"", ""E"", ""A""]"	0.2	0	"[""A"", ""B"", ""C"", ""D"", ""E""]"	"{""A"": ""E"", ""B"": ""none of the other options is correct"", ""C"": ""C"", ""D"": ""B"", ""E"": ""A""}"	"[""(A) E"", ""(B) none of the other options is correct"", ""(C) C"", ""(D) B"", ""(E) A""]"	(C) C	C
4527a1a6-9959-5376-87f2-7be39fa394ca	1	perception	pitch	absolute	pitch-absolute	pitch-recognition		pitch recognition	What is the pitch name of the {target_index} {voice} note in the provided excerpt?	"[""target_index"", ""voice""]"	get_nth_note	symbolic.musicxml	pitch	"{""target_index"": ""37th"", ""voice"": ""alto""}"	What is the pitch name of the 37th alto note in the provided excerpt?	Gesius_BefiehlDuDeineWege	chorale-bricks	Gesius_BefiehlDuDeineWege	data/chorale-bricks/Gesius_BefiehlDuDeineWege	C	"[""A"", ""B"", ""C sharp"", ""D"", ""E"", ""F"", ""G"", ""G sharp""]"	"[""B"", ""E"", ""A"", ""G"", ""D"", ""G sharp"", ""F"", ""C sharp""]"	visual	visual.short.png	data/chorale-bricks/Gesius_BefiehlDuDeineWege/visual.short.png	C	"[""C"", ""none of the other options is correct"", ""B"", ""E"", ""A""]"	0.2	0	"[""A"", ""B"", ""C"", ""D"", ""E""]"	"{""A"": ""A"", ""B"": ""C"", ""C"": ""E"", ""D"": ""B"", ""E"": ""none of the other options is correct""}"	"[""(A) A"", ""(B) C"", ""(C) E"", ""(D) B"", ""(E) none of the other options is correct""]"	(B) C	B
5d39d0dd-feea-5bbb-82e4-b0d1de0a0c48	1	perception	pitch	absolute	pitch-absolute	pitch-recognition		pitch recognition	What is the pitch name of the {target_index} {voice} note in the provided excerpt?	"[""target_index"", ""voice""]"	get_nth_note	symbolic.musicxml	pitch	"{""target_index"": ""27th"", ""voice"": ""alto""}"	What is the pitch name of the 27th alto note in the provided excerpt?	Telemann_DerLiebenSonneLichtUndPracht	chorale-bricks	Telemann_DerLiebenSonneLichtUndPracht	data/chorale-bricks/Telemann_DerLiebenSonneLichtUndPracht	D	"[""A"", ""B"", ""C"", ""C sharp"", ""D sharp"", ""E"", ""F sharp"", ""G""]"	"[""D sharp"", ""A"", ""B"", ""E"", ""C"", ""C sharp"", ""G"", ""F sharp""]"	audio	audio.mastermix.wav	data/chorale-bricks/Telemann_DerLiebenSonneLichtUndPracht/audio.mastermix.wav	none of the other options is correct	"[""none of the other options is correct"", ""D sharp"", ""A"", ""B"", ""E""]"	0.2	1	"[""A"", ""B"", ""C"", ""D"", ""E""]"	"{""A"": ""A"", ""B"": ""none of the other options is correct"", ""C"": ""E"", ""D"": ""D sharp"", ""E"": ""B""}"	"[""(A) A"", ""(B) none of the other options is correct"", ""(C) E"", ""(D) D sharp"", ""(E) B""]"	(B) none of the other options is correct	B
b819fbdc-d55c-555d-a348-aa9e4102d86b	1	perception	pitch	absolute	pitch-absolute	pitch-recognition		pitch recognition	What is the pitch name of the {target_index} {voice} note in the provided excerpt?	"[""target_index"", ""voice""]"	get_nth_note	symbolic.musicxml	pitch	"{""target_index"": ""27th"", ""voice"": ""alto""}"	What is the pitch name of the 27th alto note in the provided excerpt?	Telemann_DerLiebenSonneLichtUndPracht	chorale-bricks	Telemann_DerLiebenSonneLichtUndPracht	data/chorale-bricks/Telemann_DerLiebenSonneLichtUndPracht	D	"[""A"", ""B"", ""C"", ""C sharp"", ""D sharp"", ""E"", ""F sharp"", ""G""]"	"[""D sharp"", ""A"", ""B"", ""E"", ""C"", ""C sharp"", ""G"", ""F sharp""]"	symbolic	symbolic.abc.txt	data/chorale-bricks/Telemann_DerLiebenSonneLichtUndPracht/symbolic.abc.txt	D	"[""D"", ""none of the other options is correct"", ""D sharp"", ""A"", ""B""]"	0.2	0	"[""A"", ""B"", ""C"", ""D"", ""E""]"	"{""A"": ""A"", ""B"": ""none of the other options is correct"", ""C"": ""D"", ""D"": ""D sharp"", ""E"": ""B""}"	"[""(A) A"", ""(B) none of the other options is correct"", ""(C) D"", ""(D) D sharp"", ""(E) B""]"	(C) D	C
12337c4b-d007-5918-9dc6-af0f46115441	1	perception	pitch	absolute	pitch-absolute	pitch-recognition		pitch recognition	What is the pitch name of the {target_index} {voice} note in the provided excerpt?	"[""target_index"", ""voice""]"	get_nth_note	symbolic.musicxml	pitch	"{""target_index"": ""27th"", ""voice"": ""alto""}"	What is the pitch name of the 27th alto note in the provided excerpt?	Telemann_DerLiebenSonneLichtUndPracht	chorale-bricks	Telemann_DerLiebenSonneLichtUndPracht	data/chorale-bricks/Telemann_DerLiebenSonneLichtUndPracht	D	"[""A"", ""B"", ""C"", ""C sharp"", ""D sharp"", ""E"", ""F sharp"", ""G""]"	"[""D sharp"", ""A"", ""B"", ""E"", ""C"", ""C sharp"", ""G"", ""F sharp""]"	visual	visual.short.png	data/chorale-bricks/Telemann_DerLiebenSonneLichtUndPracht/visual.short.png	D	"[""D"", ""none of the other options is correct"", ""D sharp"", ""A"", ""B""]"	0.2	0	"[""A"", ""B"", ""C"", ""D"", ""E""]"	"{""A"": ""D sharp"", ""B"": ""D"", ""C"": ""A"", ""D"": ""none of the other options is correct"", ""E"": ""B""}"	"[""(A) D sharp"", ""(B) D"", ""(C) A"", ""(D) none of the other options is correct"", ""(E) B""]"	(B) D	B
0eb1631b-67fc-5a7e-baa3-ab82b6632328	1	perception	pitch	absolute	pitch-absolute	pitch-recognition		pitch recognition	What is the pitch name of the {target_index} {voice} note in the provided excerpt?	"[""target_index"", ""voice""]"	get_nth_note	symbolic.musicxml	pitch	"{""target_index"": ""14th"", ""voice"": ""soprano""}"	What is the pitch name of the 14th soprano note in the provided excerpt?	Drese_JesuGehVoran	chorale-bricks	Drese_JesuGehVoran	data/chorale-bricks/Drese_JesuGehVoran	C	"[""A"", ""B"", ""D"", ""D sharp"", ""E"", ""F sharp"", ""G""]"	"[""B"", ""D"", ""D sharp"", ""G"", ""F sharp"", ""E"", ""A""]"	audio	audio.mastermix.wav	data/chorale-bricks/Drese_JesuGehVoran/audio.mastermix.wav	C	"[""C"", ""none of the other options is correct"", ""B"", ""D"", ""D sharp""]"	0.2	0	"[""A"", ""B"", ""C"", ""D"", ""E""]"	"{""A"": ""D sharp"", ""B"": ""C"", ""C"": ""D"", ""D"": ""B"", ""E"": ""none of the other options is correct""}"	"[""(A) D sharp"", ""(B) C"", ""(C) D"", ""(D) B"", ""(E) none of the other options is correct""]"	(B) C	B
532dd936-7771-5a56-8157-afa3dabeefb2	1	perception	pitch	absolute	pitch-absolute	pitch-recognition		pitch recognition	What is the pitch name of the {target_index} {voice} note in the provided excerpt?	"[""target_index"", ""voice""]"	get_nth_note	symbolic.musicxml	pitch	"{""target_index"": ""14th"", ""voice"": ""soprano""}"	What is the pitch name of the 14th soprano note in the provided excerpt?	Drese_JesuGehVoran	chorale-bricks	Drese_JesuGehVoran	data/chorale-bricks/Drese_JesuGehVoran	C	"[""A"", ""B"", ""D"", ""D sharp"", ""E"", ""F sharp"", ""G""]"	"[""B"", ""D"", ""D sharp"", ""G"", ""F sharp"", ""E"", ""A""]"	symbolic	symbolic.abc.txt	data/chorale-bricks/Drese_JesuGehVoran/symbolic.abc.txt	C	"[""C"", ""none of the other options is correct"", ""B"", ""D"", ""D sharp""]"	0.2	0	"[""A"", ""B"", ""C"", ""D"", ""E""]"	"{""A"": ""D"", ""B"": ""none of the other options is correct"", ""C"": ""C"", ""D"": ""D sharp"", ""E"": ""B""}"	"[""(A) D"", ""(B) none of the other options is correct"", ""(C) C"", ""(D) D sharp"", ""(E) B""]"	(C) C	C
649254de-94ae-5300-844c-87840edf1663	1	perception	pitch	absolute	pitch-absolute	pitch-recognition		pitch recognition	What is the pitch name of the {target_index} {voice} note in the provided excerpt?	"[""target_index"", ""voice""]"	get_nth_note	symbolic.musicxml	pitch	"{""target_index"": ""14th"", ""voice"": ""soprano""}"	What is the pitch name of the 14th soprano note in the provided excerpt?	Drese_JesuGehVoran	chorale-bricks	Drese_JesuGehVoran	data/chorale-bricks/Drese_JesuGehVoran	C	"[""A"", ""B"", ""D"", ""D sharp"", ""E"", ""F sharp"", ""G""]"	"[""B"", ""D"", ""D sharp"", ""G"", ""F sharp"", ""E"", ""A""]"	visual	visual.short.png	data/chorale-bricks/Drese_JesuGehVoran/visual.short.png	none of the other options is correct	"[""none of the other options is correct"", ""B"", ""D"", ""D sharp"", ""G""]"	0.2	1	"[""A"", ""B"", ""C"", ""D"", ""E""]"	"{""A"": ""D sharp"", ""B"": ""D"", ""C"": ""none of the other options is correct"", ""D"": ""G"", ""E"": ""B""}"	"[""(A) D sharp"", ""(B) D"", ""(C) none of the other options is correct"", ""(D) G"", ""(E) B""]"	(C) none of the other options is correct	C
19e3ddc3-a348-589a-b547-293f59f22061	1	perception	pitch	absolute	pitch-absolute	pitch-recognition		pitch recognition	What is the pitch name of the {target_index} {voice} note in the provided excerpt?	"[""target_index"", ""voice""]"	get_nth_note	symbolic.musicxml	pitch	"{""target_index"": ""51st"", ""voice"": ""bass""}"	What is the pitch name of the 51st bass note in the provided excerpt?	Jan_DuGrosserSchmerzensmann	chorale-bricks	Jan_DuGrosserSchmerzensmann	data/chorale-bricks/Jan_DuGrosserSchmerzensmann	G	"[""A"", ""B"", ""C"", ""C sharp"", ""D"", ""D sharp"", ""E"", ""F sharp""]"	"[""C"", ""D"", ""B"", ""D sharp"", ""C sharp"", ""E"", ""A"", ""F sharp""]"	audio	audio.mastermix.wav	data/chorale-bricks/Jan_DuGrosserSchmerzensmann/audio.mastermix.wav	G	"[""G"", ""none of the other options is correct"", ""C"", ""D"", ""B""]"	0.2	0	"[""A"", ""B"", ""C"", ""D"", ""E""]"	"{""A"": ""D"", ""B"": ""none of the other options is correct"", ""C"": ""G"", ""D"": ""B"", ""E"": ""C""}"	"[""(A) D"", ""(B) none of the other options is correct"", ""(C) G"", ""(D) B"", ""(E) C""]"	(C) G	C
19819ea2-51c6-51ff-952b-f4019bf30b0a	1	perception	pitch	absolute	pitch-absolute	pitch-recognition		pitch recognition	What is the pitch name of the {target_index} {voice} note in the provided excerpt?	"[""target_index"", ""voice""]"	get_nth_note	symbolic.musicxml	pitch	"{""target_index"": ""51st"", ""voice"": ""bass""}"	What is the pitch name of the 51st bass note in the provided excerpt?	Jan_DuGrosserSchmerzensmann	chorale-bricks	Jan_DuGrosserSchmerzensmann	data/chorale-bricks/Jan_DuGrosserSchmerzensmann	G	"[""A"", ""B"", ""C"", ""C sharp"", ""D"", ""D sharp"", ""E"", ""F sharp""]"	"[""C"", ""D"", ""B"", ""D sharp"", ""C sharp"", ""E"", ""A"", ""F sharp""]"	symbolic	symbolic.abc.txt	data/chorale-bricks/Jan_DuGrosserSchmerzensmann/symbolic.abc.txt	none of the other options is correct	"[""none of the other options is correct"", ""C"", ""D"", ""B"", ""D sharp""]"	0.2	1	"[""A"", ""B"", ""C"", ""D"", ""E""]"	"{""A"": ""D sharp"", ""B"": ""none of the other options is correct"", ""C"": ""C"", ""D"": ""B"", ""E"": ""D""}"	"[""(A) D sharp"", ""(B) none of the other options is correct"", ""(C) C"", ""(D) B"", ""(E) D""]"	(B) none of the other options is correct	B
849e3722-eb7d-5049-bbdd-e0cb47066043	1	perception	pitch	absolute	pitch-absolute	pitch-recognition		pitch recognition	What is the pitch name of the {target_index} {voice} note in the provided excerpt?	"[""target_index"", ""voice""]"	get_nth_note	symbolic.musicxml	pitch	"{""target_index"": ""51st"", ""voice"": ""bass""}"	What is the pitch name of the 51st bass note in the provided excerpt?	Jan_DuGrosserSchmerzensmann	chorale-bricks	Jan_DuGrosserSchmerzensmann	data/chorale-bricks/Jan_DuGrosserSchmerzensmann	G	"[""A"", ""B"", ""C"", ""C sharp"", ""D"", ""D sharp"", ""E"", ""F sharp""]"	"[""C"", ""D"", ""B"", ""D sharp"", ""C sharp"", ""E"", ""A"", ""F sharp""]"	visual	visual.short.png	data/chorale-bricks/Jan_DuGrosserSchmerzensmann/visual.short.png	G	"[""G"", ""none of the other options is correct"", ""C"", ""D"", ""B""]"	0.2	0	"[""A"", ""B"", ""C"", ""D"", ""E""]"	"{""A"": ""none of the other options is correct"", ""B"": ""B"", ""C"": ""D"", ""D"": ""C"", ""E"": ""G""}"	"[""(A) none of the other options is correct"", ""(B) B"", ""(C) D"", ""(D) C"", ""(E) G""]"	(E) G	E
599c692c-adc8-5d7d-b5db-9aa5bd815a21	1	perception	pitch	absolute	pitch-absolute	pitch-recognition		pitch recognition	What is the pitch name of the {target_index} {voice} note in the provided excerpt?	"[""target_index"", ""voice""]"	get_nth_note	symbolic.musicxml	pitch	"{""target_index"": ""10th"", ""voice"": ""bass""}"	What is the pitch name of the 10th bass note in the provided excerpt?	Telemann_DerLiebenSonneLichtUndPracht	chorale-bricks	Telemann_DerLiebenSonneLichtUndPracht	data/chorale-bricks/Telemann_DerLiebenSonneLichtUndPracht	G	"[""A"", ""B"", ""C"", ""C sharp"", ""D"", ""D sharp"", ""E"", ""F sharp""]"	"[""F sharp"", ""C"", ""C sharp"", ""B"", ""D"", ""E"", ""A"", ""D sharp""]"	audio	audio.mastermix.wav	data/chorale-bricks/Telemann_DerLiebenSonneLichtUndPracht/audio.mastermix.wav	G	"[""G"", ""none of the other options is correct"", ""F sharp"", ""C"", ""C sharp""]"	0.2	0	"[""A"", ""B"", ""C"", ""D"", ""E""]"	"{""A"": ""C"", ""B"": ""F sharp"", ""C"": ""none of the other options is correct"", ""D"": ""C sharp"", ""E"": ""G""}"	"[""(A) C"", ""(B) F sharp"", ""(C) none of the other options is correct"", ""(D) C sharp"", ""(E) G""]"	(E) G	E
d82d0b68-51a9-5ca6-bcdd-b5f9cc1bfbe7	1	perception	pitch	absolute	pitch-absolute	pitch-recognition		pitch recognition	What is the pitch name of the {target_index} {voice} note in the provided excerpt?	"[""target_index"", ""voice""]"	get_nth_note	symbolic.musicxml	pitch	"{""target_index"": ""10th"", ""voice"": ""bass""}"	What is the pitch name of the 10th bass note in the provided excerpt?	Telemann_DerLiebenSonneLichtUndPracht	chorale-bricks	Telemann_DerLiebenSonneLichtUndPracht	data/chorale-bricks/Telemann_DerLiebenSonneLichtUndPracht	G	"[""A"", ""B"", ""C"", ""C sharp"", ""D"", ""D sharp"", ""E"", ""F sharp""]"	"[""F sharp"", ""C"", ""C sharp"", ""B"", ""D"", ""E"", ""A"", ""D sharp""]"	symbolic	symbolic.abc.txt	data/chorale-bricks/Telemann_DerLiebenSonneLichtUndPracht/symbolic.abc.txt	none of the other options is correct	"[""none of the other options is correct"", ""F sharp"", ""C"", ""C sharp"", ""B""]"	0.2	1	"[""A"", ""B"", ""C"", ""D"", ""E""]"	"{""A"": ""C"", ""B"": ""B"", ""C"": ""none of the other options is correct"", ""D"": ""F sharp"", ""E"": ""C sharp""}"	"[""(A) C"", ""(B) B"", ""(C) none of the other options is correct"", ""(D) F sharp"", ""(E) C sharp""]"	(C) none of the other options is correct	C
e7a7cc29-8cda-5104-b746-61152cad452f	1	perception	pitch	absolute	pitch-absolute	pitch-recognition		pitch recognition	What is the pitch name of the {target_index} {voice} note in the provided excerpt?	"[""target_index"", ""voice""]"	get_nth_note	symbolic.musicxml	pitch	"{""target_index"": ""10th"", ""voice"": ""bass""}"	What is the pitch name of the 10th bass note in the provided excerpt?	Telemann_DerLiebenSonneLichtUndPracht	chorale-bricks	Telemann_DerLiebenSonneLichtUndPracht	data/chorale-bricks/Telemann_DerLiebenSonneLichtUndPracht	G	"[""A"", ""B"", ""C"", ""C sharp"", ""D"", ""D sharp"", ""E"", ""F sharp""]"	"[""F sharp"", ""C"", ""C sharp"", ""B"", ""D"", ""E"", ""A"", ""D sharp""]"	visual	visual.short.png	data/chorale-bricks/Telemann_DerLiebenSonneLichtUndPracht/visual.short.png	G	"[""G"", ""none of the other options is correct"", ""F sharp"", ""C"", ""C sharp""]"	0.2	0	"[""A"", ""B"", ""C"", ""D"", ""E""]"	"{""A"": ""C sharp"", ""B"": ""G"", ""C"": ""none of the other options is correct"", ""D"": ""F sharp"", ""E"": ""C""}"	"[""(A) C sharp"", ""(B) G"", ""(C) none of the other options is correct"", ""(D) F sharp"", ""(E) C""]"	(B) G	B
488d45bd-01fd-5617-b95a-a9165afb170d	1	perception	pitch	absolute	pitch-absolute	pitch-recognition		pitch recognition	What is the pitch name of the {target_index} {voice} note in the provided excerpt?	"[""target_index"", ""voice""]"	get_nth_note	symbolic.musicxml	pitch	"{""target_index"": ""43rd"", ""voice"": ""soprano""}"	What is the pitch name of the 43rd soprano note in the provided excerpt?	Bach_IchStehAnDeinerKrippe	chorale-bricks	Bach_IchStehAnDeinerKrippe	data/chorale-bricks/Bach_IchStehAnDeinerKrippe	A	"[""A sharp"", ""B"", ""C sharp"", ""D"", ""D sharp"", ""E"", ""F sharp"", ""G"", ""G sharp""]"	"[""G"", ""G sharp"", ""E"", ""A sharp"", ""B"", ""D"", ""C sharp"", ""F sharp"", ""D sharp""]"	audio	audio.mastermix.wav	data/chorale-bricks/Bach_IchStehAnDeinerKrippe/audio.mastermix.wav	A	"[""A"", ""none of the other options is correct"", ""G"", ""G sharp"", ""E""]"	0.2	0	"[""A"", ""B"", ""C"", ""D"", ""E""]"	"{""A"": ""G"", ""B"": ""none of the other options is correct"", ""C"": ""E"", ""D"": ""A"", ""E"": ""G sharp""}"	"[""(A) G"", ""(B) none of the other options is correct"", ""(C) E"", ""(D) A"", ""(E) G sharp""]"	(D) A	D
686c6738-5dcb-511d-b358-1e69907efd60	1	perception	pitch	absolute	pitch-absolute	pitch-recognition		pitch recognition	What is the pitch name of the {target_index} {voice} note in the provided excerpt?	"[""target_index"", ""voice""]"	get_nth_note	symbolic.musicxml	pitch	"{""target_index"": ""43rd"", ""voice"": ""soprano""}"	What is the pitch name of the 43rd soprano note in the provided excerpt?	Bach_IchStehAnDeinerKrippe	chorale-bricks	Bach_IchStehAnDeinerKrippe	data/chorale-bricks/Bach_IchStehAnDeinerKrippe	A	"[""A sharp"", ""B"", ""C sharp"", ""D"", ""D sharp"", ""E"", ""F sharp"", ""G"", ""G sharp""]"	"[""G"", ""G sharp"", ""E"", ""A sharp"", ""B"", ""D"", ""C sharp"", ""F sharp"", ""D sharp""]"	symbolic	symbolic.abc.txt	data/chorale-bricks/Bach_IchStehAnDeinerKrippe/symbolic.abc.txt	A	"[""A"", ""none of the other options is correct"", ""G"", ""G sharp"", ""E""]"	0.2	0	"[""A"", ""B"", ""C"", ""D"", ""E""]"	"{""A"": ""E"", ""B"": ""G"", ""C"": ""A"", ""D"": ""none of the other options is correct"", ""E"": ""G sharp""}"	"[""(A) E"", ""(B) G"", ""(C) A"", ""(D) none of the other options is correct"", ""(E) G sharp""]"	(C) A	C
c913556b-8f23-5e37-9959-f9adce418403	1	perception	pitch	absolute	pitch-absolute	pitch-recognition		pitch recognition	What is the pitch name of the {target_index} {voice} note in the provided excerpt?	"[""target_index"", ""voice""]"	get_nth_note	symbolic.musicxml	pitch	"{""target_index"": ""43rd"", ""voice"": ""soprano""}"	What is the pitch name of the 43rd soprano note in the provided excerpt?	Bach_IchStehAnDeinerKrippe	chorale-bricks	Bach_IchStehAnDeinerKrippe	data/chorale-bricks/Bach_IchStehAnDeinerKrippe	A	"[""A sharp"", ""B"", ""C sharp"", ""D"", ""D sharp"", ""E"", ""F sharp"", ""G"", ""G sharp""]"	"[""G"", ""G sharp"", ""E"", ""A sharp"", ""B"", ""D"", ""C sharp"", ""F sharp"", ""D sharp""]"	visual	visual.short.png	data/chorale-bricks/Bach_IchStehAnDeinerKrippe/visual.short.png	A	"[""A"", ""none of the other options is correct"", ""G"", ""G sharp"", ""E""]"	0.2	0	"[""A"", ""B"", ""C"", ""D"", ""E""]"	"{""A"": ""G sharp"", ""B"": ""G"", ""C"": ""E"", ""D"": ""none of the other options is correct"", ""E"": ""A""}"	"[""(A) G sharp"", ""(B) G"", ""(C) E"", ""(D) none of the other options is correct"", ""(E) A""]"	(E) A	E
9b2b191d-1f28-5814-9444-d5ab0c412868	1	perception	pitch	absolute	pitch-absolute	pitch-recognition		pitch recognition	What is the pitch name of the {target_index} {voice} note in the provided excerpt?	"[""target_index"", ""voice""]"	get_nth_note	symbolic.musicxml	pitch	"{""target_index"": ""26th"", ""voice"": ""tenor""}"	What is the pitch name of the 26th tenor note in the provided excerpt?	Vulpius_ChristusDerIstMeinLeben	chorale-bricks	Vulpius_ChristusDerIstMeinLeben	data/chorale-bricks/Vulpius_ChristusDerIstMeinLeben	G	"[""A"", ""B"", ""C sharp"", ""D"", ""E"", ""F sharp"", ""G sharp""]"	"[""D"", ""C sharp"", ""F sharp"", ""G sharp"", ""B"", ""E"", ""A""]"	audio	audio.mastermix.wav	data/chorale-bricks/Vulpius_ChristusDerIstMeinLeben/audio.mastermix.wav	G	"[""G"", ""none of the other options is correct"", ""D"", ""C sharp"", ""F sharp""]"	0.2	0	"[""A"", ""B"", ""C"", ""D"", ""E""]"	"{""A"": ""D"", ""B"": ""G"", ""C"": ""F sharp"", ""D"": ""C sharp"", ""E"": ""none of the other options is correct""}"	"[""(A) D"", ""(B) G"", ""(C) F sharp"", ""(D) C sharp"", ""(E) none of the other options is correct""]"	(B) G	B
12e1988a-bd99-557c-814a-32c33d9b207f	1	perception	pitch	absolute	pitch-absolute	pitch-recognition		pitch recognition	What is the pitch name of the {target_index} {voice} note in the provided excerpt?	"[""target_index"", ""voice""]"	get_nth_note	symbolic.musicxml	pitch	"{""target_index"": ""26th"", ""voice"": ""tenor""}"	What is the pitch name of the 26th tenor note in the provided excerpt?	Vulpius_ChristusDerIstMeinLeben	chorale-bricks	Vulpius_ChristusDerIstMeinLeben	data/chorale-bricks/Vulpius_ChristusDerIstMeinLeben	G	"[""A"", ""B"", ""C sharp"", ""D"", ""E"", ""F sharp"", ""G sharp""]"	"[""D"", ""C sharp"", ""F sharp"", ""G sharp"", ""B"", ""E"", ""A""]"	symbolic	symbolic.abc.txt	data/chorale-bricks/Vulpius_ChristusDerIstMeinLeben/symbolic.abc.txt	G	"[""G"", ""none of the other options is correct"", ""D"", ""C sharp"", ""F sharp""]"	0.2	0	"[""A"", ""B"", ""C"", ""D"", ""E""]"	"{""A"": ""G"", ""B"": ""C sharp"", ""C"": ""F sharp"", ""D"": ""D"", ""E"": ""none of the other options is correct""}"	"[""(A) G"", ""(B) C sharp"", ""(C) F sharp"", ""(D) D"", ""(E) none of the other options is correct""]"	(A) G	A
e9495556-d96a-5514-ad14-30c651c478e0	1	perception	pitch	absolute	pitch-absolute	pitch-recognition		pitch recognition	What is the pitch name of the {target_index} {voice} note in the provided excerpt?	"[""target_index"", ""voice""]"	get_nth_note	symbolic.musicxml	pitch	"{""target_index"": ""26th"", ""voice"": ""tenor""}"	What is the pitch name of the 26th tenor note in the provided excerpt?	Vulpius_ChristusDerIstMeinLeben	chorale-bricks	Vulpius_ChristusDerIstMeinLeben	data/chorale-bricks/Vulpius_ChristusDerIstMeinLeben	G	"[""A"", ""B"", ""C sharp"", ""D"", ""E"", ""F sharp"", ""G sharp""]"	"[""D"", ""C sharp"", ""F sharp"", ""G sharp"", ""B"", ""E"", ""A""]"	visual	visual.short.png	data/chorale-bricks/Vulpius_ChristusDerIstMeinLeben/visual.short.png	G	"[""G"", ""none of the other options is correct"", ""D"", ""C sharp"", ""F sharp""]"	0.2	0	"[""A"", ""B"", ""C"", ""D"", ""E""]"	"{""A"": ""none of the other options is correct"", ""B"": ""G"", ""C"": ""C sharp"", ""D"": ""F sharp"", ""E"": ""D""}"	"[""(A) none of the other options is correct"", ""(B) G"", ""(C) C sharp"", ""(D) F sharp"", ""(E) D""]"	(B) G	B
32c5f0a6-ba28-56f4-a431-6ffc979f5399	1	perception	pitch	absolute	pitch-absolute	pitch-recognition		pitch recognition	What is the pitch name of the {target_index} {voice} note in the provided excerpt?	"[""target_index"", ""voice""]"	get_nth_note	symbolic.musicxml	pitch	"{""target_index"": ""40th"", ""voice"": ""bass""}"	What is the pitch name of the 40th bass note in the provided excerpt?	Bach_IchStehAnDeinerKrippe	chorale-bricks	Bach_IchStehAnDeinerKrippe	data/chorale-bricks/Bach_IchStehAnDeinerKrippe	B	"[""A"", ""A sharp"", ""C sharp"", ""D"", ""D sharp"", ""E"", ""F sharp"", ""G"", ""G sharp""]"	"[""F sharp"", ""G sharp"", ""G"", ""E"", ""D sharp"", ""C sharp"", ""A sharp"", ""D"", ""A""]"	audio	audio.mastermix.wav	data/chorale-bricks/Bach_IchStehAnDeinerKrippe/audio.mastermix.wav	B	"[""B"", ""none of the other options is correct"", ""F sharp"", ""G sharp"", ""G""]"	0.2	0	"[""A"", ""B"", ""C"", ""D"", ""E""]"	"{""A"": ""G"", ""B"": ""F sharp"", ""C"": ""G sharp"", ""D"": ""B"", ""E"": ""none of the other options is correct""}"	"[""(A) G"", ""(B) F sharp"", ""(C) G sharp"", ""(D) B"", ""(E) none of the other options is correct""]"	(D) B	D
db505b05-12cb-5d7f-b32e-7b986be8df76	1	perception	pitch	absolute	pitch-absolute	pitch-recognition		pitch recognition	What is the pitch name of the {target_index} {voice} note in the provided excerpt?	"[""target_index"", ""voice""]"	get_nth_note	symbolic.musicxml	pitch	"{""target_index"": ""40th"", ""voice"": ""bass""}"	What is the pitch name of the 40th bass note in the provided excerpt?	Bach_IchStehAnDeinerKrippe	chorale-bricks	Bach_IchStehAnDeinerKrippe	data/chorale-bricks/Bach_IchStehAnDeinerKrippe	B	"[""A"", ""A sharp"", ""C sharp"", ""D"", ""D sharp"", ""E"", ""F sharp"", ""G"", ""G sharp""]"	"[""F sharp"", ""G sharp"", ""G"", ""E"", ""D sharp"", ""C sharp"", ""A sharp"", ""D"", ""A""]"	symbolic	symbolic.abc.txt	data/chorale-bricks/Bach_IchStehAnDeinerKrippe/symbolic.abc.txt	none of the other options is correct	"[""none of the other options is correct"", ""F sharp"", ""G sharp"", ""G"", ""E""]"	0.2	1	"[""A"", ""B"", ""C"", ""D"", ""E""]"	"{""A"": ""G"", ""B"": ""F sharp"", ""C"": ""none of the other options is correct"", ""D"": ""E"", ""E"": ""G sharp""}"	"[""(A) G"", ""(B) F sharp"", ""(C) none of the other options is correct"", ""(D) E"", ""(E) G sharp""]"	(C) none of the other options is correct	C
691fc965-efe6-5378-aca6-624be2845ab5	1	perception	pitch	absolute	pitch-absolute	pitch-recognition		pitch recognition	What is the pitch name of the {target_index} {voice} note in the provided excerpt?	"[""target_index"", ""voice""]"	get_nth_note	symbolic.musicxml	pitch	"{""target_index"": ""40th"", ""voice"": ""bass""}"	What is the pitch name of the 40th bass note in the provided excerpt?	Bach_IchStehAnDeinerKrippe	chorale-bricks	Bach_IchStehAnDeinerKrippe	data/chorale-bricks/Bach_IchStehAnDeinerKrippe	B	"[""A"", ""A sharp"", ""C sharp"", ""D"", ""D sharp"", ""E"", ""F sharp"", ""G"", ""G sharp""]"	"[""F sharp"", ""G sharp"", ""G"", ""E"", ""D sharp"", ""C sharp"", ""A sharp"", ""D"", ""A""]"	visual	visual.short.png	data/chorale-bricks/Bach_IchStehAnDeinerKrippe/visual.short.png	B	"[""B"", ""none of the other options is correct"", ""F sharp"", ""G sharp"", ""G""]"	0.2	0	"[""A"", ""B"", ""C"", ""D"", ""E""]"	"{""A"": ""G sharp"", ""B"": ""G"", ""C"": ""none of the other options is correct"", ""D"": ""B"", ""E"": ""F sharp""}"	"[""(A) G sharp"", ""(B) G"", ""(C) none of the other options is correct"", ""(D) B"", ""(E) F sharp""]"	(D) B	D
88921758-bef4-582e-b94c-ebe5c7bb280e	1	perception	pitch	absolute	pitch-absolute	pitch-recognition		pitch recognition	What is the pitch name of the {target_index} {voice} note in the provided excerpt?	"[""target_index"", ""voice""]"	get_nth_note	symbolic.musicxml	pitch	"{""target_index"": ""27th"", ""voice"": ""alto""}"	What is the pitch name of the 27th alto note in the provided excerpt?	Gesius_BefiehlDuDeineWege	chorale-bricks	Gesius_BefiehlDuDeineWege	data/chorale-bricks/Gesius_BefiehlDuDeineWege	E	"[""A"", ""B"", ""C"", ""C sharp"", ""D"", ""F"", ""G"", ""G sharp""]"	"[""F"", ""B"", ""C sharp"", ""D"", ""C"", ""G"", ""G sharp"", ""A""]"	audio	audio.mastermix.wav	data/chorale-bricks/Gesius_BefiehlDuDeineWege/audio.mastermix.wav	E	"[""E"", ""none of the other options is correct"", ""F"", ""B"", ""C sharp""]"	0.2	0	"[""A"", ""B"", ""C"", ""D"", ""E""]"	"{""A"": ""C sharp"", ""B"": ""E"", ""C"": ""F"", ""D"": ""B"", ""E"": ""none of the other options is correct""}"	"[""(A) C sharp"", ""(B) E"", ""(C) F"", ""(D) B"", ""(E) none of the other options is correct""]"	(B) E	B
2f4d7d82-9c98-50c1-8eec-46df3d537b41	1	perception	pitch	absolute	pitch-absolute	pitch-recognition		pitch recognition	What is the pitch name of the {target_index} {voice} note in the provided excerpt?	"[""target_index"", ""voice""]"	get_nth_note	symbolic.musicxml	pitch	"{""target_index"": ""27th"", ""voice"": ""alto""}"	What is the pitch name of the 27th alto note in the provided excerpt?	Gesius_BefiehlDuDeineWege	chorale-bricks	Gesius_BefiehlDuDeineWege	data/chorale-bricks/Gesius_BefiehlDuDeineWege	E	"[""A"", ""B"", ""C"", ""C sharp"", ""D"", ""F"", ""G"", ""G sharp""]"	"[""F"", ""B"", ""C sharp"", ""D"", ""C"", ""G"", ""G sharp"", ""A""]"	symbolic	symbolic.abc.txt	data/chorale-bricks/Gesius_BefiehlDuDeineWege/symbolic.abc.txt	E	"[""E"", ""none of the other options is correct"", ""F"", ""B"", ""C sharp""]"	0.2	0	"[""A"", ""B"", ""C"", ""D"", ""E""]"	"{""A"": ""none of the other options is correct"", ""B"": ""E"", ""C"": ""C sharp"", ""D"": ""B"", ""E"": ""F""}"	"[""(A) none of the other options is correct"", ""(B) E"", ""(C) C sharp"", ""(D) B"", ""(E) F""]"	(B) E	B
3bcff99c-b994-5c8d-92e1-7573e732c0e7	1	perception	pitch	absolute	pitch-absolute	pitch-recognition		pitch recognition	What is the pitch name of the {target_index} {voice} note in the provided excerpt?	"[""target_index"", ""voice""]"	get_nth_note	symbolic.musicxml	pitch	"{""target_index"": ""27th"", ""voice"": ""alto""}"	What is the pitch name of the 27th alto note in the provided excerpt?	Gesius_BefiehlDuDeineWege	chorale-bricks	Gesius_BefiehlDuDeineWege	data/chorale-bricks/Gesius_BefiehlDuDeineWege	E	"[""A"", ""B"", ""C"", ""C sharp"", ""D"", ""F"", ""G"", ""G sharp""]"	"[""F"", ""B"", ""C sharp"", ""D"", ""C"", ""G"", ""G sharp"", ""A""]"	visual	visual.short.png	data/chorale-bricks/Gesius_BefiehlDuDeineWege/visual.short.png	E	"[""E"", ""none of the other options is correct"", ""F"", ""B"", ""C sharp""]"	0.2	0	"[""A"", ""B"", ""C"", ""D"", ""E""]"	"{""A"": ""B"", ""B"": ""F"", ""C"": ""E"", ""D"": ""C sharp"", ""E"": ""none of the other options is correct""}"	"[""(A) B"", ""(B) F"", ""(C) E"", ""(D) C sharp"", ""(E) none of the other options is correct""]"	(C) E	C
5890249c-fe9e-54ec-985d-9f6018b47b29	1	perception	pitch	absolute	pitch-absolute	pitch-recognition		pitch recognition	What is the pitch name of the {target_index} {voice} note in the provided excerpt?	"[""target_index"", ""voice""]"	get_nth_note	symbolic.musicxml	pitch	"{""target_index"": ""15th"", ""voice"": ""soprano""}"	What is the pitch name of the 15th soprano note in the provided excerpt?	Bach_IchStehAnDeinerKrippe	chorale-bricks	Bach_IchStehAnDeinerKrippe	data/chorale-bricks/Bach_IchStehAnDeinerKrippe	F sharp	"[""A"", ""A sharp"", ""B"", ""C sharp"", ""D"", ""D sharp"", ""E"", ""G"", ""G sharp""]"	"[""E"", ""G"", ""A sharp"", ""G sharp"", ""B"", ""D"", ""A"", ""C sharp"", ""D sharp""]"	audio	audio.mastermix.wav	data/chorale-bricks/Bach_IchStehAnDeinerKrippe/audio.mastermix.wav	F sharp	"[""F sharp"", ""none of the other options is correct"", ""E"", ""G"", ""A sharp""]"	0.2	0	"[""A"", ""B"", ""C"", ""D"", ""E""]"	"{""A"": ""E"", ""B"": ""G"", ""C"": ""F sharp"", ""D"": ""none of the other options is correct"", ""E"": ""A sharp""}"	"[""(A) E"", ""(B) G"", ""(C) F sharp"", ""(D) none of the other options is correct"", ""(E) A sharp""]"	(C) F sharp	C
f0d496cb-ccfb-578b-b77e-5ea0c6539d60	1	perception	pitch	absolute	pitch-absolute	pitch-recognition		pitch recognition	What is the pitch name of the {target_index} {voice} note in the provided excerpt?	"[""target_index"", ""voice""]"	get_nth_note	symbolic.musicxml	pitch	"{""target_index"": ""15th"", ""voice"": ""soprano""}"	What is the pitch name of the 15th soprano note in the provided excerpt?	Bach_IchStehAnDeinerKrippe	chorale-bricks	Bach_IchStehAnDeinerKrippe	data/chorale-bricks/Bach_IchStehAnDeinerKrippe	F sharp	"[""A"", ""A sharp"", ""B"", ""C sharp"", ""D"", ""D sharp"", ""E"", ""G"", ""G sharp""]"	"[""E"", ""G"", ""A sharp"", ""G sharp"", ""B"", ""D"", ""A"", ""C sharp"", ""D sharp""]"	symbolic	symbolic.abc.txt	data/chorale-bricks/Bach_IchStehAnDeinerKrippe/symbolic.abc.txt	F sharp	"[""F sharp"", ""none of the other options is correct"", ""E"", ""G"", ""A sharp""]"	0.2	0	"[""A"", ""B"", ""C"", ""D"", ""E""]"	"{""A"": ""none of the other options is correct"", ""B"": ""E"", ""C"": ""F sharp"", ""D"": ""G"", ""E"": ""A sharp""}"	"[""(A) none of the other options is correct"", ""(B) E"", ""(C) F sharp"", ""(D) G"", ""(E) A sharp""]"	(C) F sharp	C
7902c60f-faa3-5646-9850-85191c8b1a27	1	perception	pitch	absolute	pitch-absolute	pitch-recognition		pitch recognition	What is the pitch name of the {target_index} {voice} note in the provided excerpt?	"[""target_index"", ""voice""]"	get_nth_note	symbolic.musicxml	pitch	"{""target_index"": ""15th"", ""voice"": ""soprano""}"	What is the pitch name of the 15th soprano note in the provided excerpt?	Bach_IchStehAnDeinerKrippe	chorale-bricks	Bach_IchStehAnDeinerKrippe	data/chorale-bricks/Bach_IchStehAnDeinerKrippe	F sharp	"[""A"", ""A sharp"", ""B"", ""C sharp"", ""D"", ""D sharp"", ""E"", ""G"", ""G sharp""]"	"[""E"", ""G"", ""A sharp"", ""G sharp"", ""B"", ""D"", ""A"", ""C sharp"", ""D sharp""]"	visual	visual.short.png	data/chorale-bricks/Bach_IchStehAnDeinerKrippe/visual.short.png	F sharp	"[""F sharp"", ""none of the other options is correct"", ""E"", ""G"", ""A sharp""]"	0.2	0	"[""A"", ""B"", ""C"", ""D"", ""E""]"	"{""A"": ""F sharp"", ""B"": ""E"", ""C"": ""G"", ""D"": ""A sharp"", ""E"": ""none of the other options is correct""}"	"[""(A) F sharp"", ""(B) E"", ""(C) G"", ""(D) A sharp"", ""(E) none of the other options is correct""]"	(A) F sharp	A
01ef839b-372e-5cc8-889d-1accd45fb640	1	perception	pitch	absolute	pitch-absolute	pitch-recognition		pitch recognition	What is the pitch name of the {target_index} {voice} note in the provided excerpt?	"[""target_index"", ""voice""]"	get_nth_note	symbolic.musicxml	pitch	"{""target_index"": ""27th"", ""voice"": ""soprano""}"	What is the pitch name of the 27th soprano note in the provided excerpt?	Anonymous_AusMeinesHerzensGrunde	chorale-bricks	Anonymous_AusMeinesHerzensGrunde	data/chorale-bricks/Anonymous_AusMeinesHerzensGrunde	D	"[""A"", ""B"", ""C"", ""D sharp"", ""E"", ""F sharp"", ""G""]"	"[""G"", ""A"", ""B"", ""D sharp"", ""E"", ""F sharp"", ""C""]"	audio	audio.mastermix.wav	data/chorale-bricks/Anonymous_AusMeinesHerzensGrunde/audio.mastermix.wav	D	"[""D"", ""none of the other options is correct"", ""G"", ""A"", ""B""]"	0.2	0	"[""A"", ""B"", ""C"", ""D"", ""E""]"	"{""A"": ""A"", ""B"": ""D"", ""C"": ""none of the other options is correct"", ""D"": ""B"", ""E"": ""G""}"	"[""(A) A"", ""(B) D"", ""(C) none of the other options is correct"", ""(D) B"", ""(E) G""]"	(B) D	B
40581ef9-601d-50f4-ac33-c937a1905297	1	perception	pitch	absolute	pitch-absolute	pitch-recognition		pitch recognition	What is the pitch name of the {target_index} {voice} note in the provided excerpt?	"[""target_index"", ""voice""]"	get_nth_note	symbolic.musicxml	pitch	"{""target_index"": ""27th"", ""voice"": ""soprano""}"	What is the pitch name of the 27th soprano note in the provided excerpt?	Anonymous_AusMeinesHerzensGrunde	chorale-bricks	Anonymous_AusMeinesHerzensGrunde	data/chorale-bricks/Anonymous_AusMeinesHerzensGrunde	D	"[""A"", ""B"", ""C"", ""D sharp"", ""E"", ""F sharp"", ""G""]"	"[""G"", ""A"", ""B"", ""D sharp"", ""E"", ""F sharp"", ""C""]"	symbolic	symbolic.abc.txt	data/chorale-bricks/Anonymous_AusMeinesHerzensGrunde/symbolic.abc.txt	none of the other options is correct	"[""none of the other options is correct"", ""G"", ""A"", ""B"", ""D sharp""]"	0.2	1	"[""A"", ""B"", ""C"", ""D"", ""E""]"	"{""A"": ""B"", ""B"": ""none of the other options is correct"", ""C"": ""D sharp"", ""D"": ""G"", ""E"": ""A""}"	"[""(A) B"", ""(B) none of the other options is correct"", ""(C) D sharp"", ""(D) G"", ""(E) A""]"	(B) none of the other options is correct	B
880979da-0a4f-58fb-84ca-d86fd135872a	1	perception	pitch	absolute	pitch-absolute	pitch-recognition		pitch recognition	What is the pitch name of the {target_index} {voice} note in the provided excerpt?	"[""target_index"", ""voice""]"	get_nth_note	symbolic.musicxml	pitch	"{""target_index"": ""27th"", ""voice"": ""soprano""}"	What is the pitch name of the 27th soprano note in the provided excerpt?	Anonymous_AusMeinesHerzensGrunde	chorale-bricks	Anonymous_AusMeinesHerzensGrunde	data/chorale-bricks/Anonymous_AusMeinesHerzensGrunde	D	"[""A"", ""B"", ""C"", ""D sharp"", ""E"", ""F sharp"", ""G""]"	"[""G"", ""A"", ""B"", ""D sharp"", ""E"", ""F sharp"", ""C""]"	visual	visual.short.png	data/chorale-bricks/Anonymous_AusMeinesHerzensGrunde/visual.short.png	D	"[""D"", ""none of the other options is correct"", ""G"", ""A"", ""B""]"	0.2	0	"[""A"", ""B"", ""C"", ""D"", ""E""]"	"{""A"": ""A"", ""B"": ""G"", ""C"": ""D"", ""D"": ""B"", ""E"": ""none of the other options is correct""}"	"[""(A) A"", ""(B) G"", ""(C) D"", ""(D) B"", ""(E) none of the other options is correct""]"	(C) D	C
b86a2bfa-8d2b-55ee-8ad5-8dd656e5f9b5	1	perception	pitch	absolute	pitch-absolute	pitch-recognition		pitch recognition	What is the pitch name of the {target_index} {voice} note in the provided excerpt?	"[""target_index"", ""voice""]"	get_nth_note	symbolic.musicxml	pitch	"{""target_index"": ""20th"", ""voice"": ""tenor""}"	What is the pitch name of the 20th tenor note in the provided excerpt?	Telemann_DerLiebenSonneLichtUndPracht	chorale-bricks	Telemann_DerLiebenSonneLichtUndPracht	data/chorale-bricks/Telemann_DerLiebenSonneLichtUndPracht	B	"[""A"", ""C"", ""C sharp"", ""D"", ""D sharp"", ""E"", ""F sharp"", ""G""]"	"[""F sharp"", ""D sharp"", ""C sharp"", ""E"", ""D"", ""G"", ""C"", ""A""]"	audio	audio.mastermix.wav	data/chorale-bricks/Telemann_DerLiebenSonneLichtUndPracht/audio.mastermix.wav	B	"[""B"", ""none of the other options is correct"", ""F sharp"", ""D sharp"", ""C sharp""]"	0.2	0	"[""A"", ""B"", ""C"", ""D"", ""E""]"	"{""A"": ""C sharp"", ""B"": ""none of the other options is correct"", ""C"": ""B"", ""D"": ""F sharp"", ""E"": ""D sharp""}"	"[""(A) C sharp"", ""(B) none of the other options is correct"", ""(C) B"", ""(D) F sharp"", ""(E) D sharp""]"	(C) B	C
6c6a6847-2822-58e4-a526-18a753313ebf	1	perception	pitch	absolute	pitch-absolute	pitch-recognition		pitch recognition	What is the pitch name of the {target_index} {voice} note in the provided excerpt?	"[""target_index"", ""voice""]"	get_nth_note	symbolic.musicxml	pitch	"{""target_index"": ""20th"", ""voice"": ""tenor""}"	What is the pitch name of the 20th tenor note in the provided excerpt?	Telemann_DerLiebenSonneLichtUndPracht	chorale-bricks	Telemann_DerLiebenSonneLichtUndPracht	data/chorale-bricks/Telemann_DerLiebenSonneLichtUndPracht	B	"[""A"", ""C"", ""C sharp"", ""D"", ""D sharp"", ""E"", ""F sharp"", ""G""]"	"[""F sharp"", ""D sharp"", ""C sharp"", ""E"", ""D"", ""G"", ""C"", ""A""]"	symbolic	symbolic.abc.txt	data/chorale-bricks/Telemann_DerLiebenSonneLichtUndPracht/symbolic.abc.txt	B	"[""B"", ""none of the other options is correct"", ""F sharp"", ""D sharp"", ""C sharp""]"	0.2	0	"[""A"", ""B"", ""C"", ""D"", ""E""]"	"{""A"": ""C sharp"", ""B"": ""D sharp"", ""C"": ""B"", ""D"": ""F sharp"", ""E"": ""none of the other options is correct""}"	"[""(A) C sharp"", ""(B) D sharp"", ""(C) B"", ""(D) F sharp"", ""(E) none of the other options is correct""]"	(C) B	C
7089d89b-ee55-5c4d-9435-0d2dce27053d	1	perception	pitch	absolute	pitch-absolute	pitch-recognition		pitch recognition	What is the pitch name of the {target_index} {voice} note in the provided excerpt?	"[""target_index"", ""voice""]"	get_nth_note	symbolic.musicxml	pitch	"{""target_index"": ""20th"", ""voice"": ""tenor""}"	What is the pitch name of the 20th tenor note in the provided excerpt?	Telemann_DerLiebenSonneLichtUndPracht	chorale-bricks	Telemann_DerLiebenSonneLichtUndPracht	data/chorale-bricks/Telemann_DerLiebenSonneLichtUndPracht	B	"[""A"", ""C"", ""C sharp"", ""D"", ""D sharp"", ""E"", ""F sharp"", ""G""]"	"[""F sharp"", ""D sharp"", ""C sharp"", ""E"", ""D"", ""G"", ""C"", ""A""]"	visual	visual.short.png	data/chorale-bricks/Telemann_DerLiebenSonneLichtUndPracht/visual.short.png	none of the other options is correct	"[""none of the other options is correct"", ""F sharp"", ""D sharp"", ""C sharp"", ""E""]"	0.2	1	"[""A"", ""B"", ""C"", ""D"", ""E""]"	"{""A"": ""none of the other options is correct"", ""B"": ""C sharp"", ""C"": ""F sharp"", ""D"": ""E"", ""E"": ""D sharp""}"	"[""(A) none of the other options is correct"", ""(B) C sharp"", ""(C) F sharp"", ""(D) E"", ""(E) D sharp""]"	(A) none of the other options is correct	A
079f66ec-4051-5ec3-a306-8f7e56f7940d	1	perception	pitch	absolute	pitch-absolute	pitch-recognition		pitch recognition	What is the pitch name of the {target_index} {voice} note in the provided excerpt?	"[""target_index"", ""voice""]"	get_nth_note	symbolic.musicxml	pitch	"{""target_index"": ""36th"", ""voice"": ""bass""}"	What is the pitch name of the 36th bass note in the provided excerpt?	Crueger_AufAufMeinHerzMitFreuden	chorale-bricks	Crueger_AufAufMeinHerzMitFreuden	data/chorale-bricks/Crueger_AufAufMeinHerzMitFreuden	A	"[""B"", ""B flat"", ""C"", ""C sharp"", ""D"", ""E"", ""F"", ""F sharp"", ""G"", ""G sharp""]"	"[""F"", ""F sharp"", ""C"", ""G"", ""B flat"", ""D"", ""E"", ""C sharp"", ""G sharp"", ""B""]"	audio	audio.mastermix.wav	data/chorale-bricks/Crueger_AufAufMeinHerzMitFreuden/audio.mastermix.wav	A	"[""A"", ""none of the other options is correct"", ""F"", ""F sharp"", ""C""]"	0.2	0	"[""A"", ""B"", ""C"", ""D"", ""E""]"	"{""A"": ""C"", ""B"": ""none of the other options is correct"", ""C"": ""F"", ""D"": ""F sharp"", ""E"": ""A""}"	"[""(A) C"", ""(B) none of the other options is correct"", ""(C) F"", ""(D) F sharp"", ""(E) A""]"	(E) A	E
0be7d382-5dc5-55dc-8b22-4a35245178bc	1	perception	pitch	absolute	pitch-absolute	pitch-recognition		pitch recognition	What is the pitch name of the {target_index} {voice} note in the provided excerpt?	"[""target_index"", ""voice""]"	get_nth_note	symbolic.musicxml	pitch	"{""target_index"": ""36th"", ""voice"": ""bass""}"	What is the pitch name of the 36th bass note in the provided excerpt?	Crueger_AufAufMeinHerzMitFreuden	chorale-bricks	Crueger_AufAufMeinHerzMitFreuden	data/chorale-bricks/Crueger_AufAufMeinHerzMitFreuden	A	"[""B"", ""B flat"", ""C"", ""C sharp"", ""D"", ""E"", ""F"", ""F sharp"", ""G"", ""G sharp""]"	"[""F"", ""F sharp"", ""C"", ""G"", ""B flat"", ""D"", ""E"", ""C sharp"", ""G sharp"", ""B""]"	symbolic	symbolic.abc.txt	data/chorale-bricks/Crueger_AufAufMeinHerzMitFreuden/symbolic.abc.txt	A	"[""A"", ""none of the other options is correct"", ""F"", ""F sharp"", ""C""]"	0.2	0	"[""A"", ""B"", ""C"", ""D"", ""E""]"	"{""A"": ""A"", ""B"": ""C"", ""C"": ""F sharp"", ""D"": ""F"", ""E"": ""none of the other options is correct""}"	"[""(A) A"", ""(B) C"", ""(C) F sharp"", ""(D) F"", ""(E) none of the other options is correct""]"	(A) A	A
41e72b18-6133-5111-9988-e0a7fb20b34e	1	perception	pitch	absolute	pitch-absolute	pitch-recognition		pitch recognition	What is the pitch name of the {target_index} {voice} note in the provided excerpt?	"[""target_index"", ""voice""]"	get_nth_note	symbolic.musicxml	pitch	"{""target_index"": ""36th"", ""voice"": ""bass""}"	What is the pitch name of the 36th bass note in the provided excerpt?	Crueger_AufAufMeinHerzMitFreuden	chorale-bricks	Crueger_AufAufMeinHerzMitFreuden	data/chorale-bricks/Crueger_AufAufMeinHerzMitFreuden	A	"[""B"", ""B flat"", ""C"", ""C sharp"", ""D"", ""E"", ""F"", ""F sharp"", ""G"", ""G sharp""]"	"[""F"", ""F sharp"", ""C"", ""G"", ""B flat"", ""D"", ""E"", ""C sharp"", ""G sharp"", ""B""]"	visual	visual.short.png	data/chorale-bricks/Crueger_AufAufMeinHerzMitFreuden/visual.short.png	A	"[""A"", ""none of the other options is correct"", ""F"", ""F sharp"", ""C""]"	0.2	0	"[""A"", ""B"", ""C"", ""D"", ""E""]"	"{""A"": ""C"", ""B"": ""A"", ""C"": ""F sharp"", ""D"": ""none of the other options is correct"", ""E"": ""F""}"	"[""(A) C"", ""(B) A"", ""(C) F sharp"", ""(D) none of the other options is correct"", ""(E) F""]"	(B) A	B
3ed2cea8-2e3a-5b57-843e-200ee4a512e0	1	perception	pitch	absolute	pitch-absolute	pitch-recognition		pitch recognition	What is the pitch name of the {target_index} {voice} note in the provided excerpt?	"[""target_index"", ""voice""]"	get_nth_note	symbolic.musicxml	pitch	"{""target_index"": ""27th"", ""voice"": ""bass""}"	What is the pitch name of the 27th bass note in the provided excerpt?	Anonymous_AusMeinesHerzensGrunde	chorale-bricks	Anonymous_AusMeinesHerzensGrunde	data/chorale-bricks/Anonymous_AusMeinesHerzensGrunde	D	"[""A"", ""B"", ""C"", ""D sharp"", ""E"", ""F sharp"", ""G""]"	"[""B"", ""D sharp"", ""G"", ""E"", ""F sharp"", ""A"", ""C""]"	audio	audio.mastermix.wav	data/chorale-bricks/Anonymous_AusMeinesHerzensGrunde/audio.mastermix.wav	D	"[""D"", ""none of the other options is correct"", ""B"", ""D sharp"", ""G""]"	0.2	0	"[""A"", ""B"", ""C"", ""D"", ""E""]"	"{""A"": ""G"", ""B"": ""D"", ""C"": ""D sharp"", ""D"": ""B"", ""E"": ""none of the other options is correct""}"	"[""(A) G"", ""(B) D"", ""(C) D sharp"", ""(D) B"", ""(E) none of the other options is correct""]"	(B) D	B
9bdff9de-e5b0-5697-8af2-79715f4cd194	1	perception	pitch	absolute	pitch-absolute	pitch-recognition		pitch recognition	What is the pitch name of the {target_index} {voice} note in the provided excerpt?	"[""target_index"", ""voice""]"	get_nth_note	symbolic.musicxml	pitch	"{""target_index"": ""27th"", ""voice"": ""bass""}"	What is the pitch name of the 27th bass note in the provided excerpt?	Anonymous_AusMeinesHerzensGrunde	chorale-bricks	Anonymous_AusMeinesHerzensGrunde	data/chorale-bricks/Anonymous_AusMeinesHerzensGrunde	D	"[""A"", ""B"", ""C"", ""D sharp"", ""E"", ""F sharp"", ""G""]"	"[""B"", ""D sharp"", ""G"", ""E"", ""F sharp"", ""A"", ""C""]"	symbolic	symbolic.abc.txt	data/chorale-bricks/Anonymous_AusMeinesHerzensGrunde/symbolic.abc.txt	none of the other options is correct	"[""none of the other options is correct"", ""B"", ""D sharp"", ""G"", ""E""]"	0.2	1	"[""A"", ""B"", ""C"", ""D"", ""E""]"	"{""A"": ""B"", ""B"": ""D sharp"", ""C"": ""E"", ""D"": ""none of the other options is correct"", ""E"": ""G""}"	"[""(A) B"", ""(B) D sharp"", ""(C) E"", ""(D) none of the other options is correct"", ""(E) G""]"	(D) none of the other options is correct	D
6cb6412b-1ec6-5f9f-8379-5a8de4dec880	1	perception	pitch	absolute	pitch-absolute	pitch-recognition		pitch recognition	What is the pitch name of the {target_index} {voice} note in the provided excerpt?	"[""target_index"", ""voice""]"	get_nth_note	symbolic.musicxml	pitch	"{""target_index"": ""27th"", ""voice"": ""bass""}"	What is the pitch name of the 27th bass note in the provided excerpt?	Anonymous_AusMeinesHerzensGrunde	chorale-bricks	Anonymous_AusMeinesHerzensGrunde	data/chorale-bricks/Anonymous_AusMeinesHerzensGrunde	D	"[""A"", ""B"", ""C"", ""D sharp"", ""E"", ""F sharp"", ""G""]"	"[""B"", ""D sharp"", ""G"", ""E"", ""F sharp"", ""A"", ""C""]"	visual	visual.short.png	data/chorale-bricks/Anonymous_AusMeinesHerzensGrunde/visual.short.png	none of the other options is correct	"[""none of the other options is correct"", ""B"", ""D sharp"", ""G"", ""E""]"	0.2	1	"[""A"", ""B"", ""C"", ""D"", ""E""]"	"{""A"": ""none of the other options is correct"", ""B"": ""G"", ""C"": ""D sharp"", ""D"": ""E"", ""E"": ""B""}"	"[""(A) none of the other options is correct"", ""(B) G"", ""(C) D sharp"", ""(D) E"", ""(E) B""]"	(A) none of the other options is correct	A
e03b26de-022f-5d7a-af8f-844f81c7800b	1	perception	pitch	absolute	pitch-absolute	pitch-recognition		pitch recognition	What is the pitch name of the {target_index} {voice} note in the provided excerpt?	"[""target_index"", ""voice""]"	get_nth_note	symbolic.musicxml	pitch	"{""target_index"": ""26th"", ""voice"": ""bass""}"	What is the pitch name of the 26th bass note in the provided excerpt?	Telemann_DerLiebenSonneLichtUndPracht	chorale-bricks	Telemann_DerLiebenSonneLichtUndPracht	data/chorale-bricks/Telemann_DerLiebenSonneLichtUndPracht	G	"[""A"", ""B"", ""C"", ""C sharp"", ""D"", ""D sharp"", ""E"", ""F sharp""]"	"[""A"", ""C sharp"", ""D"", ""F sharp"", ""B"", ""C"", ""D sharp"", ""E""]"	audio	audio.mastermix.wav	data/chorale-bricks/Telemann_DerLiebenSonneLichtUndPracht/audio.mastermix.wav	G	"[""G"", ""none of the other options is correct"", ""A"", ""C sharp"", ""D""]"	0.2	0	"[""A"", ""B"", ""C"", ""D"", ""E""]"	"{""A"": ""A"", ""B"": ""D"", ""C"": ""none of the other options is correct"", ""D"": ""C sharp"", ""E"": ""G""}"	"[""(A) A"", ""(B) D"", ""(C) none of the other options is correct"", ""(D) C sharp"", ""(E) G""]"	(E) G	E
c7532fc5-ff1b-551a-ac51-11b46ddcea19	1	perception	pitch	absolute	pitch-absolute	pitch-recognition		pitch recognition	What is the pitch name of the {target_index} {voice} note in the provided excerpt?	"[""target_index"", ""voice""]"	get_nth_note	symbolic.musicxml	pitch	"{""target_index"": ""26th"", ""voice"": ""bass""}"	What is the pitch name of the 26th bass note in the provided excerpt?	Telemann_DerLiebenSonneLichtUndPracht	chorale-bricks	Telemann_DerLiebenSonneLichtUndPracht	data/chorale-bricks/Telemann_DerLiebenSonneLichtUndPracht	G	"[""A"", ""B"", ""C"", ""C sharp"", ""D"", ""D sharp"", ""E"", ""F sharp""]"	"[""A"", ""C sharp"", ""D"", ""F sharp"", ""B"", ""C"", ""D sharp"", ""E""]"	symbolic	symbolic.abc.txt	data/chorale-bricks/Telemann_DerLiebenSonneLichtUndPracht/symbolic.abc.txt	none of the other options is correct	"[""none of the other options is correct"", ""A"", ""C sharp"", ""D"", ""F sharp""]"	0.2	1	"[""A"", ""B"", ""C"", ""D"", ""E""]"	"{""A"": ""C sharp"", ""B"": ""A"", ""C"": ""none of the other options is correct"", ""D"": ""D"", ""E"": ""F sharp""}"	"[""(A) C sharp"", ""(B) A"", ""(C) none of the other options is correct"", ""(D) D"", ""(E) F sharp""]"	(C) none of the other options is correct	C
9c974382-58ed-539d-960d-748412948159	1	perception	pitch	absolute	pitch-absolute	pitch-recognition		pitch recognition	What is the pitch name of the {target_index} {voice} note in the provided excerpt?	"[""target_index"", ""voice""]"	get_nth_note	symbolic.musicxml	pitch	"{""target_index"": ""26th"", ""voice"": ""bass""}"	What is the pitch name of the 26th bass note in the provided excerpt?	Telemann_DerLiebenSonneLichtUndPracht	chorale-bricks	Telemann_DerLiebenSonneLichtUndPracht	data/chorale-bricks/Telemann_DerLiebenSonneLichtUndPracht	G	"[""A"", ""B"", ""C"", ""C sharp"", ""D"", ""D sharp"", ""E"", ""F sharp""]"	"[""A"", ""C sharp"", ""D"", ""F sharp"", ""B"", ""C"", ""D sharp"", ""E""]"	visual	visual.short.png	data/chorale-bricks/Telemann_DerLiebenSonneLichtUndPracht/visual.short.png	G	"[""G"", ""none of the other options is correct"", ""A"", ""C sharp"", ""D""]"	0.2	0	"[""A"", ""B"", ""C"", ""D"", ""E""]"	"{""A"": ""none of the other options is correct"", ""B"": ""G"", ""C"": ""D"", ""D"": ""C sharp"", ""E"": ""A""}"	"[""(A) none of the other options is correct"", ""(B) G"", ""(C) D"", ""(D) C sharp"", ""(E) A""]"	(B) G	B
51d7477e-89c7-5f60-9137-53d497885d0d	1	perception	pitch	absolute	pitch-absolute	pitch-recognition		pitch recognition	What is the pitch name of the {target_index} {voice} note in the provided excerpt?	"[""target_index"", ""voice""]"	get_nth_note	symbolic.musicxml	pitch	"{""target_index"": ""37th"", ""voice"": ""bass""}"	What is the pitch name of the 37th bass note in the provided excerpt?	Crueger_AufAufMeinHerzMitFreuden	chorale-bricks	Crueger_AufAufMeinHerzMitFreuden	data/chorale-bricks/Crueger_AufAufMeinHerzMitFreuden	A	"[""B"", ""B flat"", ""C"", ""C sharp"", ""D"", ""E"", ""F"", ""F sharp"", ""G"", ""G sharp""]"	"[""E"", ""G sharp"", ""B flat"", ""C sharp"", ""G"", ""F"", ""D"", ""B"", ""C"", ""F sharp""]"	audio	audio.mastermix.wav	data/chorale-bricks/Crueger_AufAufMeinHerzMitFreuden/audio.mastermix.wav	A	"[""A"", ""none of the other options is correct"", ""E"", ""G sharp"", ""B flat""]"	0.2	0	"[""A"", ""B"", ""C"", ""D"", ""E""]"	"{""A"": ""A"", ""B"": ""none of the other options is correct"", ""C"": ""E"", ""D"": ""G sharp"", ""E"": ""B flat""}"	"[""(A) A"", ""(B) none of the other options is correct"", ""(C) E"", ""(D) G sharp"", ""(E) B flat""]"	(A) A	A
919cfaf9-c110-5be9-b034-f7c74cb8f906	1	perception	pitch	absolute	pitch-absolute	pitch-recognition		pitch recognition	What is the pitch name of the {target_index} {voice} note in the provided excerpt?	"[""target_index"", ""voice""]"	get_nth_note	symbolic.musicxml	pitch	"{""target_index"": ""37th"", ""voice"": ""bass""}"	What is the pitch name of the 37th bass note in the provided excerpt?	Crueger_AufAufMeinHerzMitFreuden	chorale-bricks	Crueger_AufAufMeinHerzMitFreuden	data/chorale-bricks/Crueger_AufAufMeinHerzMitFreuden	A	"[""B"", ""B flat"", ""C"", ""C sharp"", ""D"", ""E"", ""F"", ""F sharp"", ""G"", ""G sharp""]"	"[""E"", ""G sharp"", ""B flat"", ""C sharp"", ""G"", ""F"", ""D"", ""B"", ""C"", ""F sharp""]"	symbolic	symbolic.abc.txt	data/chorale-bricks/Crueger_AufAufMeinHerzMitFreuden/symbolic.abc.txt	A	"[""A"", ""none of the other options is correct"", ""E"", ""G sharp"", ""B flat""]"	0.2	0	"[""A"", ""B"", ""C"", ""D"", ""E""]"	"{""A"": ""E"", ""B"": ""G sharp"", ""C"": ""none of the other options is correct"", ""D"": ""A"", ""E"": ""B flat""}"	"[""(A) E"", ""(B) G sharp"", ""(C) none of the other options is correct"", ""(D) A"", ""(E) B flat""]"	(D) A	D
de4db769-b609-53a8-8257-2f441a85ce68	1	perception	pitch	absolute	pitch-absolute	pitch-recognition		pitch recognition	What is the pitch name of the {target_index} {voice} note in the provided excerpt?	"[""target_index"", ""voice""]"	get_nth_note	symbolic.musicxml	pitch	"{""target_index"": ""37th"", ""voice"": ""bass""}"	What is the pitch name of the 37th bass note in the provided excerpt?	Crueger_AufAufMeinHerzMitFreuden	chorale-bricks	Crueger_AufAufMeinHerzMitFreuden	data/chorale-bricks/Crueger_AufAufMeinHerzMitFreuden	A	"[""B"", ""B flat"", ""C"", ""C sharp"", ""D"", ""E"", ""F"", ""F sharp"", ""G"", ""G sharp""]"	"[""E"", ""G sharp"", ""B flat"", ""C sharp"", ""G"", ""F"", ""D"", ""B"", ""C"", ""F sharp""]"	visual	visual.short.png	data/chorale-bricks/Crueger_AufAufMeinHerzMitFreuden/visual.short.png	none of the other options is correct	"[""none of the other options is correct"", ""E"", ""G sharp"", ""B flat"", ""C sharp""]"	0.2	1	"[""A"", ""B"", ""C"", ""D"", ""E""]"	"{""A"": ""C sharp"", ""B"": ""E"", ""C"": ""B flat"", ""D"": ""G sharp"", ""E"": ""none of the other options is correct""}"	"[""(A) C sharp"", ""(B) E"", ""(C) B flat"", ""(D) G sharp"", ""(E) none of the other options is correct""]"	(E) none of the other options is correct	E
96a2b33c-da98-52d8-9f19-622283aec1f2	1	perception	pitch	absolute	pitch-absolute	pitch-recognition		pitch recognition	What is the pitch name of the {target_index} {voice} note in the provided excerpt?	"[""target_index"", ""voice""]"	get_nth_note	symbolic.musicxml	pitch	"{""target_index"": ""18th"", ""voice"": ""soprano""}"	What is the pitch name of the 18th soprano note in the provided excerpt?	Vulpius_DieHelleSonnLeuchtJetztHerfuer	chorale-bricks	Vulpius_DieHelleSonnLeuchtJetztHerfuer	data/chorale-bricks/Vulpius_DieHelleSonnLeuchtJetztHerfuer	D	"[""A"", ""A sharp"", ""B"", ""C sharp"", ""E"", ""F sharp"", ""G"", ""G sharp""]"	"[""F sharp"", ""E"", ""C sharp"", ""A sharp"", ""G sharp"", ""B"", ""G"", ""A""]"	audio	audio.mastermix.wav	data/chorale-bricks/Vulpius_DieHelleSonnLeuchtJetztHerfuer/audio.mastermix.wav	D	"[""D"", ""none of the other options is correct"", ""F sharp"", ""E"", ""C sharp""]"	0.2	0	"[""A"", ""B"", ""C"", ""D"", ""E""]"	"{""A"": ""D"", ""B"": ""none of the other options is correct"", ""C"": ""C sharp"", ""D"": ""E"", ""E"": ""F sharp""}"	"[""(A) D"", ""(B) none of the other options is correct"", ""(C) C sharp"", ""(D) E"", ""(E) F sharp""]"	(A) D	A
3d963018-8fef-534a-b398-d628165f715a	1	perception	pitch	absolute	pitch-absolute	pitch-recognition		pitch recognition	What is the pitch name of the {target_index} {voice} note in the provided excerpt?	"[""target_index"", ""voice""]"	get_nth_note	symbolic.musicxml	pitch	"{""target_index"": ""18th"", ""voice"": ""soprano""}"	What is the pitch name of the 18th soprano note in the provided excerpt?	Vulpius_DieHelleSonnLeuchtJetztHerfuer	chorale-bricks	Vulpius_DieHelleSonnLeuchtJetztHerfuer	data/chorale-bricks/Vulpius_DieHelleSonnLeuchtJetztHerfuer	D	"[""A"", ""A sharp"", ""B"", ""C sharp"", ""E"", ""F sharp"", ""G"", ""G sharp""]"	"[""F sharp"", ""E"", ""C sharp"", ""A sharp"", ""G sharp"", ""B"", ""G"", ""A""]"	symbolic	symbolic.abc.txt	data/chorale-bricks/Vulpius_DieHelleSonnLeuchtJetztHerfuer/symbolic.abc.txt	D	"[""D"", ""none of the other options is correct"", ""F sharp"", ""E"", ""C sharp""]"	0.2	0	"[""A"", ""B"", ""C"", ""D"", ""E""]"	"{""A"": ""E"", ""B"": ""F sharp"", ""C"": ""none of the other options is correct"", ""D"": ""D"", ""E"": ""C sharp""}"	"[""(A) E"", ""(B) F sharp"", ""(C) none of the other options is correct"", ""(D) D"", ""(E) C sharp""]"	(D) D	D
32199eaf-4aaf-5747-aa3a-548df921ba16	1	perception	pitch	absolute	pitch-absolute	pitch-recognition		pitch recognition	What is the pitch name of the {target_index} {voice} note in the provided excerpt?	"[""target_index"", ""voice""]"	get_nth_note	symbolic.musicxml	pitch	"{""target_index"": ""18th"", ""voice"": ""soprano""}"	What is the pitch name of the 18th soprano note in the provided excerpt?	Vulpius_DieHelleSonnLeuchtJetztHerfuer	chorale-bricks	Vulpius_DieHelleSonnLeuchtJetztHerfuer	data/chorale-bricks/Vulpius_DieHelleSonnLeuchtJetztHerfuer	D	"[""A"", ""A sharp"", ""B"", ""C sharp"", ""E"", ""F sharp"", ""G"", ""G sharp""]"	"[""F sharp"", ""E"", ""C sharp"", ""A sharp"", ""G sharp"", ""B"", ""G"", ""A""]"	visual	visual.short.png	data/chorale-bricks/Vulpius_DieHelleSonnLeuchtJetztHerfuer/visual.short.png	D	"[""D"", ""none of the other options is correct"", ""F sharp"", ""E"", ""C sharp""]"	0.2	0	"[""A"", ""B"", ""C"", ""D"", ""E""]"	"{""A"": ""D"", ""B"": ""none of the other options is correct"", ""C"": ""F sharp"", ""D"": ""E"", ""E"": ""C sharp""}"	"[""(A) D"", ""(B) none of the other options is correct"", ""(C) F sharp"", ""(D) E"", ""(E) C sharp""]"	(A) D	A
1cc22401-3c74-5eea-a27c-72e8ef74d2c1	1	perception	pitch	absolute	pitch-absolute	pitch-recognition		pitch recognition	What is the pitch name of the {target_index} {voice} note in the provided excerpt?	"[""target_index"", ""voice""]"	get_nth_note	symbolic.musicxml	pitch	"{""target_index"": ""5th"", ""voice"": ""soprano""}"	What is the pitch name of the 5th soprano note in the provided excerpt?	Vulpius_DieHelleSonnLeuchtJetztHerfuer	chorale-bricks	Vulpius_DieHelleSonnLeuchtJetztHerfuer	data/chorale-bricks/Vulpius_DieHelleSonnLeuchtJetztHerfuer	D	"[""A"", ""A sharp"", ""B"", ""C sharp"", ""E"", ""F sharp"", ""G"", ""G sharp""]"	"[""B"", ""A"", ""G"", ""C sharp"", ""G sharp"", ""E"", ""F sharp"", ""A sharp""]"	audio	audio.mastermix.wav	data/chorale-bricks/Vulpius_DieHelleSonnLeuchtJetztHerfuer/audio.mastermix.wav	D	"[""D"", ""none of the other options is correct"", ""B"", ""A"", ""G""]"	0.2	0	"[""A"", ""B"", ""C"", ""D"", ""E""]"	"{""A"": ""A"", ""B"": ""G"", ""C"": ""none of the other options is correct"", ""D"": ""D"", ""E"": ""B""}"	"[""(A) A"", ""(B) G"", ""(C) none of the other options is correct"", ""(D) D"", ""(E) B""]"	(D) D	D
d1bf8574-388b-5e5a-b2fd-d2e89b587da0	1	perception	pitch	absolute	pitch-absolute	pitch-recognition		pitch recognition	What is the pitch name of the {target_index} {voice} note in the provided excerpt?	"[""target_index"", ""voice""]"	get_nth_note	symbolic.musicxml	pitch	"{""target_index"": ""5th"", ""voice"": ""soprano""}"	What is the pitch name of the 5th soprano note in the provided excerpt?	Vulpius_DieHelleSonnLeuchtJetztHerfuer	chorale-bricks	Vulpius_DieHelleSonnLeuchtJetztHerfuer	data/chorale-bricks/Vulpius_DieHelleSonnLeuchtJetztHerfuer	D	"[""A"", ""A sharp"", ""B"", ""C sharp"", ""E"", ""F sharp"", ""G"", ""G sharp""]"	"[""B"", ""A"", ""G"", ""C sharp"", ""G sharp"", ""E"", ""F sharp"", ""A sharp""]"	symbolic	symbolic.abc.txt	data/chorale-bricks/Vulpius_DieHelleSonnLeuchtJetztHerfuer/symbolic.abc.txt	D	"[""D"", ""none of the other options is correct"", ""B"", ""A"", ""G""]"	0.2	0	"[""A"", ""B"", ""C"", ""D"", ""E""]"	"{""A"": ""none of the other options is correct"", ""B"": ""G"", ""C"": ""D"", ""D"": ""B"", ""E"": ""A""}"	"[""(A) none of the other options is correct"", ""(B) G"", ""(C) D"", ""(D) B"", ""(E) A""]"	(C) D	C
f6dd0ff9-7dd2-5458-89d2-3fb164971afb	1	perception	pitch	absolute	pitch-absolute	pitch-recognition		pitch recognition	What is the pitch name of the {target_index} {voice} note in the provided excerpt?	"[""target_index"", ""voice""]"	get_nth_note	symbolic.musicxml	pitch	"{""target_index"": ""5th"", ""voice"": ""soprano""}"	What is the pitch name of the 5th soprano note in the provided excerpt?	Vulpius_DieHelleSonnLeuchtJetztHerfuer	chorale-bricks	Vulpius_DieHelleSonnLeuchtJetztHerfuer	data/chorale-bricks/Vulpius_DieHelleSonnLeuchtJetztHerfuer	D	"[""A"", ""A sharp"", ""B"", ""C sharp"", ""E"", ""F sharp"", ""G"", ""G sharp""]"	"[""B"", ""A"", ""G"", ""C sharp"", ""G sharp"", ""E"", ""F sharp"", ""A sharp""]"	visual	visual.short.png	data/chorale-bricks/Vulpius_DieHelleSonnLeuchtJetztHerfuer/visual.short.png	D	"[""D"", ""none of the other options is correct"", ""B"", ""A"", ""G""]"	0.2	0	"[""A"", ""B"", ""C"", ""D"", ""E""]"	"{""A"": ""D"", ""B"": ""A"", ""C"": ""G"", ""D"": ""none of the other options is correct"", ""E"": ""B""}"	"[""(A) D"", ""(B) A"", ""(C) G"", ""(D) none of the other options is correct"", ""(E) B""]"	(A) D	A
a9f202f1-57fc-5089-84c2-0ceb8b80caa6	1	perception	pitch	absolute	pitch-absolute	pitch-recognition		pitch recognition	What is the pitch name of the {target_index} {voice} note in the provided excerpt?	"[""target_index"", ""voice""]"	get_nth_note	symbolic.musicxml	pitch	"{""target_index"": ""34th"", ""voice"": ""alto""}"	What is the pitch name of the 34th alto note in the provided excerpt?	Gesius_DuFriedensfuerstHerrJesuChrist	chorale-bricks	Gesius_DuFriedensfuerstHerrJesuChrist	data/chorale-bricks/Gesius_DuFriedensfuerstHerrJesuChrist	D	"[""A"", ""B"", ""B flat"", ""C"", ""E"", ""F"", ""G""]"	"[""G"", ""C"", ""F"", ""B"", ""B flat"", ""E"", ""A""]"	audio	audio.mastermix.wav	data/chorale-bricks/Gesius_DuFriedensfuerstHerrJesuChrist/audio.mastermix.wav	D	"[""D"", ""none of the other options is correct"", ""G"", ""C"", ""F""]"	0.2	0	"[""A"", ""B"", ""C"", ""D"", ""E""]"	"{""A"": ""G"", ""B"": ""none of the other options is correct"", ""C"": ""C"", ""D"": ""D"", ""E"": ""F""}"	"[""(A) G"", ""(B) none of the other options is correct"", ""(C) C"", ""(D) D"", ""(E) F""]"	(D) D	D
429ea370-7252-5618-8921-7da9a1740388	1	perception	pitch	absolute	pitch-absolute	pitch-recognition		pitch recognition	What is the pitch name of the {target_index} {voice} note in the provided excerpt?	"[""target_index"", ""voice""]"	get_nth_note	symbolic.musicxml	pitch	"{""target_index"": ""34th"", ""voice"": ""alto""}"	What is the pitch name of the 34th alto note in the provided excerpt?	Gesius_DuFriedensfuerstHerrJesuChrist	chorale-bricks	Gesius_DuFriedensfuerstHerrJesuChrist	data/chorale-bricks/Gesius_DuFriedensfuerstHerrJesuChrist	D	"[""A"", ""B"", ""B flat"", ""C"", ""E"", ""F"", ""G""]"	"[""G"", ""C"", ""F"", ""B"", ""B flat"", ""E"", ""A""]"	symbolic	symbolic.abc.txt	data/chorale-bricks/Gesius_DuFriedensfuerstHerrJesuChrist/symbolic.abc.txt	D	"[""D"", ""none of the other options is correct"", ""G"", ""C"", ""F""]"	0.2	0	"[""A"", ""B"", ""C"", ""D"", ""E""]"	"{""A"": ""D"", ""B"": ""G"", ""C"": ""none of the other options is correct"", ""D"": ""C"", ""E"": ""F""}"	"[""(A) D"", ""(B) G"", ""(C) none of the other options is correct"", ""(D) C"", ""(E) F""]"	(A) D	A
8f71d938-4b08-5b75-bda2-3dbe5f381260	1	perception	pitch	absolute	pitch-absolute	pitch-recognition		pitch recognition	What is the pitch name of the {target_index} {voice} note in the provided excerpt?	"[""target_index"", ""voice""]"	get_nth_note	symbolic.musicxml	pitch	"{""target_index"": ""34th"", ""voice"": ""alto""}"	What is the pitch name of the 34th alto note in the provided excerpt?	Gesius_DuFriedensfuerstHerrJesuChrist	chorale-bricks	Gesius_DuFriedensfuerstHerrJesuChrist	data/chorale-bricks/Gesius_DuFriedensfuerstHerrJesuChrist	D	"[""A"", ""B"", ""B flat"", ""C"", ""E"", ""F"", ""G""]"	"[""G"", ""C"", ""F"", ""B"", ""B flat"", ""E"", ""A""]"	visual	visual.short.png	data/chorale-bricks/Gesius_DuFriedensfuerstHerrJesuChrist/visual.short.png	D	"[""D"", ""none of the other options is correct"", ""G"", ""C"", ""F""]"	0.2	0	"[""A"", ""B"", ""C"", ""D"", ""E""]"	"{""A"": ""F"", ""B"": ""C"", ""C"": ""none of the other options is correct"", ""D"": ""G"", ""E"": ""D""}"	"[""(A) F"", ""(B) C"", ""(C) none of the other options is correct"", ""(D) G"", ""(E) D""]"	(E) D	E
b51f2072-9b26-5908-8498-f02865452d9c	1	perception	pitch	absolute	pitch-absolute	pitch-recognition		pitch recognition	What is the pitch name of the {target_index} {voice} note in the provided excerpt?	"[""target_index"", ""voice""]"	get_nth_note	symbolic.musicxml	pitch	"{""target_index"": ""41st"", ""voice"": ""tenor""}"	What is the pitch name of the 41st tenor note in the provided excerpt?	Telemann_DerLiebenSonneLichtUndPracht	chorale-bricks	Telemann_DerLiebenSonneLichtUndPracht	data/chorale-bricks/Telemann_DerLiebenSonneLichtUndPracht	B	"[""A"", ""C"", ""C sharp"", ""D"", ""D sharp"", ""E"", ""F sharp"", ""G""]"	"[""C"", ""G"", ""D"", ""D sharp"", ""E"", ""C sharp"", ""F sharp"", ""A""]"	audio	audio.mastermix.wav	data/chorale-bricks/Telemann_DerLiebenSonneLichtUndPracht/audio.mastermix.wav	B	"[""B"", ""none of the other options is correct"", ""C"", ""G"", ""D""]"	0.2	0	"[""A"", ""B"", ""C"", ""D"", ""E""]"	"{""A"": ""B"", ""B"": ""G"", ""C"": ""none of the other options is correct"", ""D"": ""D"", ""E"": ""C""}"	"[""(A) B"", ""(B) G"", ""(C) none of the other options is correct"", ""(D) D"", ""(E) C""]"	(A) B	A
fecb8606-686a-52cf-b1cf-385021714ea9	1	perception	pitch	absolute	pitch-absolute	pitch-recognition		pitch recognition	What is the pitch name of the {target_index} {voice} note in the provided excerpt?	"[""target_index"", ""voice""]"	get_nth_note	symbolic.musicxml	pitch	"{""target_index"": ""41st"", ""voice"": ""tenor""}"	What is the pitch name of the 41st tenor note in the provided excerpt?	Telemann_DerLiebenSonneLichtUndPracht	chorale-bricks	Telemann_DerLiebenSonneLichtUndPracht	data/chorale-bricks/Telemann_DerLiebenSonneLichtUndPracht	B	"[""A"", ""C"", ""C sharp"", ""D"", ""D sharp"", ""E"", ""F sharp"", ""G""]"	"[""C"", ""G"", ""D"", ""D sharp"", ""E"", ""C sharp"", ""F sharp"", ""A""]"	symbolic	symbolic.abc.txt	data/chorale-bricks/Telemann_DerLiebenSonneLichtUndPracht/symbolic.abc.txt	B	"[""B"", ""none of the other options is correct"", ""C"", ""G"", ""D""]"	0.2	0	"[""A"", ""B"", ""C"", ""D"", ""E""]"	"{""A"": ""D"", ""B"": ""none of the other options is correct"", ""C"": ""C"", ""D"": ""B"", ""E"": ""G""}"	"[""(A) D"", ""(B) none of the other options is correct"", ""(C) C"", ""(D) B"", ""(E) G""]"	(D) B	D
06ffa583-1694-5d9e-897f-f7b37336d001	1	perception	pitch	absolute	pitch-absolute	pitch-recognition		pitch recognition	What is the pitch name of the {target_index} {voice} note in the provided excerpt?	"[""target_index"", ""voice""]"	get_nth_note	symbolic.musicxml	pitch	"{""target_index"": ""41st"", ""voice"": ""tenor""}"	What is the pitch name of the 41st tenor note in the provided excerpt?	Telemann_DerLiebenSonneLichtUndPracht	chorale-bricks	Telemann_DerLiebenSonneLichtUndPracht	data/chorale-bricks/Telemann_DerLiebenSonneLichtUndPracht	B	"[""A"", ""C"", ""C sharp"", ""D"", ""D sharp"", ""E"", ""F sharp"", ""G""]"	"[""C"", ""G"", ""D"", ""D sharp"", ""E"", ""C sharp"", ""F sharp"", ""A""]"	visual	visual.short.png	data/chorale-bricks/Telemann_DerLiebenSonneLichtUndPracht/visual.short.png	B	"[""B"", ""none of the other options is correct"", ""C"", ""G"", ""D""]"	0.2	0	"[""A"", ""B"", ""C"", ""D"", ""E""]"	"{""A"": ""C"", ""B"": ""none of the other options is correct"", ""C"": ""G"", ""D"": ""D"", ""E"": ""B""}"	"[""(A) C"", ""(B) none of the other options is correct"", ""(C) G"", ""(D) D"", ""(E) B""]"	(E) B	E
df78df7d-bb9f-585a-b6c6-ce3d0063fa7f	1	perception	pitch	absolute	pitch-absolute	pitch-recognition		pitch recognition	What is the pitch name of the {target_index} {voice} note in the provided excerpt?	"[""target_index"", ""voice""]"	get_nth_note	symbolic.musicxml	pitch	"{""target_index"": ""24th"", ""voice"": ""alto""}"	What is the pitch name of the 24th alto note in the provided excerpt?	Jan_DuGrosserSchmerzensmann	chorale-bricks	Jan_DuGrosserSchmerzensmann	data/chorale-bricks/Jan_DuGrosserSchmerzensmann	E	"[""A"", ""B"", ""C"", ""C sharp"", ""D"", ""D sharp"", ""F sharp"", ""G""]"	"[""B"", ""D sharp"", ""C sharp"", ""A"", ""C"", ""D"", ""F sharp"", ""G""]"	audio	audio.mastermix.wav	data/chorale-bricks/Jan_DuGrosserSchmerzensmann/audio.mastermix.wav	E	"[""E"", ""none of the other options is correct"", ""B"", ""D sharp"", ""C sharp""]"	0.2	0	"[""A"", ""B"", ""C"", ""D"", ""E""]"	"{""A"": ""none of the other options is correct"", ""B"": ""E"", ""C"": ""D sharp"", ""D"": ""C sharp"", ""E"": ""B""}"	"[""(A) none of the other options is correct"", ""(B) E"", ""(C) D sharp"", ""(D) C sharp"", ""(E) B""]"	(B) E	B
c731c178-9e6a-5ffd-a2c8-dfcff8fb1428	1	perception	pitch	absolute	pitch-absolute	pitch-recognition		pitch recognition	What is the pitch name of the {target_index} {voice} note in the provided excerpt?	"[""target_index"", ""voice""]"	get_nth_note	symbolic.musicxml	pitch	"{""target_index"": ""24th"", ""voice"": ""alto""}"	What is the pitch name of the 24th alto note in the provided excerpt?	Jan_DuGrosserSchmerzensmann	chorale-bricks	Jan_DuGrosserSchmerzensmann	data/chorale-bricks/Jan_DuGrosserSchmerzensmann	E	"[""A"", ""B"", ""C"", ""C sharp"", ""D"", ""D sharp"", ""F sharp"", ""G""]"	"[""B"", ""D sharp"", ""C sharp"", ""A"", ""C"", ""D"", ""F sharp"", ""G""]"	symbolic	symbolic.abc.txt	data/chorale-bricks/Jan_DuGrosserSchmerzensmann/symbolic.abc.txt	E	"[""E"", ""none of the other options is correct"", ""B"", ""D sharp"", ""C sharp""]"	0.2	0	"[""A"", ""B"", ""C"", ""D"", ""E""]"	"{""A"": ""C sharp"", ""B"": ""none of the other options is correct"", ""C"": ""B"", ""D"": ""E"", ""E"": ""D sharp""}"	"[""(A) C sharp"", ""(B) none of the other options is correct"", ""(C) B"", ""(D) E"", ""(E) D sharp""]"	(D) E	D
b47337ea-1132-5ee1-a182-72b99e72c7fc	1	perception	pitch	absolute	pitch-absolute	pitch-recognition		pitch recognition	What is the pitch name of the {target_index} {voice} note in the provided excerpt?	"[""target_index"", ""voice""]"	get_nth_note	symbolic.musicxml	pitch	"{""target_index"": ""24th"", ""voice"": ""alto""}"	What is the pitch name of the 24th alto note in the provided excerpt?	Jan_DuGrosserSchmerzensmann	chorale-bricks	Jan_DuGrosserSchmerzensmann	data/chorale-bricks/Jan_DuGrosserSchmerzensmann	E	"[""A"", ""B"", ""C"", ""C sharp"", ""D"", ""D sharp"", ""F sharp"", ""G""]"	"[""B"", ""D sharp"", ""C sharp"", ""A"", ""C"", ""D"", ""F sharp"", ""G""]"	visual	visual.short.png	data/chorale-bricks/Jan_DuGrosserSchmerzensmann/visual.short.png	E	"[""E"", ""none of the other options is correct"", ""B"", ""D sharp"", ""C sharp""]"	0.2	0	"[""A"", ""B"", ""C"", ""D"", ""E""]"	"{""A"": ""B"", ""B"": ""none of the other options is correct"", ""C"": ""D sharp"", ""D"": ""C sharp"", ""E"": ""E""}"	"[""(A) B"", ""(B) none of the other options is correct"", ""(C) D sharp"", ""(D) C sharp"", ""(E) E""]"	(E) E	E
6f8f1458-3040-566c-b4a2-1459af0b1318	1	perception	pitch	absolute	pitch-absolute	pitch-recognition		pitch recognition	What is the pitch name of the {target_index} {voice} note in the provided excerpt?	"[""target_index"", ""voice""]"	get_nth_note	symbolic.musicxml	pitch	"{""target_index"": ""35th"", ""voice"": ""tenor""}"	What is the pitch name of the 35th tenor note in the provided excerpt?	Telemann_DerLiebenSonneLichtUndPracht	chorale-bricks	Telemann_DerLiebenSonneLichtUndPracht	data/chorale-bricks/Telemann_DerLiebenSonneLichtUndPracht	E	"[""A"", ""B"", ""C"", ""C sharp"", ""D"", ""D sharp"", ""F sharp"", ""G""]"	"[""F sharp"", ""G"", ""D sharp"", ""B"", ""C sharp"", ""C"", ""A"", ""D""]"	audio	audio.mastermix.wav	data/chorale-bricks/Telemann_DerLiebenSonneLichtUndPracht/audio.mastermix.wav	E	"[""E"", ""none of the other options is correct"", ""F sharp"", ""G"", ""D sharp""]"	0.2	0	"[""A"", ""B"", ""C"", ""D"", ""E""]"	"{""A"": ""E"", ""B"": ""G"", ""C"": ""F sharp"", ""D"": ""D sharp"", ""E"": ""none of the other options is correct""}"	"[""(A) E"", ""(B) G"", ""(C) F sharp"", ""(D) D sharp"", ""(E) none of the other options is correct""]"	(A) E	A
9deb4d38-a4cb-5350-a1e2-c10ccee58837	1	perception	pitch	absolute	pitch-absolute	pitch-recognition		pitch recognition	What is the pitch name of the {target_index} {voice} note in the provided excerpt?	"[""target_index"", ""voice""]"	get_nth_note	symbolic.musicxml	pitch	"{""target_index"": ""35th"", ""voice"": ""tenor""}"	What is the pitch name of the 35th tenor note in the provided excerpt?	Telemann_DerLiebenSonneLichtUndPracht	chorale-bricks	Telemann_DerLiebenSonneLichtUndPracht	data/chorale-bricks/Telemann_DerLiebenSonneLichtUndPracht	E	"[""A"", ""B"", ""C"", ""C sharp"", ""D"", ""D sharp"", ""F sharp"", ""G""]"	"[""F sharp"", ""G"", ""D sharp"", ""B"", ""C sharp"", ""C"", ""A"", ""D""]"	symbolic	symbolic.abc.txt	data/chorale-bricks/Telemann_DerLiebenSonneLichtUndPracht/symbolic.abc.txt	E	"[""E"", ""none of the other options is correct"", ""F sharp"", ""G"", ""D sharp""]"	0.2	0	"[""A"", ""B"", ""C"", ""D"", ""E""]"	"{""A"": ""none of the other options is correct"", ""B"": ""G"", ""C"": ""D sharp"", ""D"": ""F sharp"", ""E"": ""E""}"	"[""(A) none of the other options is correct"", ""(B) G"", ""(C) D sharp"", ""(D) F sharp"", ""(E) E""]"	(E) E	E
519b4128-4f6e-5750-8ef7-d9c76c4ae4d7	1	perception	pitch	absolute	pitch-absolute	pitch-recognition		pitch recognition	What is the pitch name of the {target_index} {voice} note in the provided excerpt?	"[""target_index"", ""voice""]"	get_nth_note	symbolic.musicxml	pitch	"{""target_index"": ""35th"", ""voice"": ""tenor""}"	What is the pitch name of the 35th tenor note in the provided excerpt?	Telemann_DerLiebenSonneLichtUndPracht	chorale-bricks	Telemann_DerLiebenSonneLichtUndPracht	data/chorale-bricks/Telemann_DerLiebenSonneLichtUndPracht	E	"[""A"", ""B"", ""C"", ""C sharp"", ""D"", ""D sharp"", ""F sharp"", ""G""]"	"[""F sharp"", ""G"", ""D sharp"", ""B"", ""C sharp"", ""C"", ""A"", ""D""]"	visual	visual.short.png	data/chorale-bricks/Telemann_DerLiebenSonneLichtUndPracht/visual.short.png	E	"[""E"", ""none of the other options is correct"", ""F sharp"", ""G"", ""D sharp""]"	0.2	0	"[""A"", ""B"", ""C"", ""D"", ""E""]"	"{""A"": ""E"", ""B"": ""F sharp"", ""C"": ""D sharp"", ""D"": ""none of the other options is correct"", ""E"": ""G""}"	"[""(A) E"", ""(B) F sharp"", ""(C) D sharp"", ""(D) none of the other options is correct"", ""(E) G""]"	(A) E	A
c39988ae-5a30-54b1-aa45-47f12ab0559a	1	perception	pitch	absolute	pitch-absolute	pitch-recognition		pitch recognition	What is the pitch name of the {target_index} {voice} note in the provided excerpt?	"[""target_index"", ""voice""]"	get_nth_note	symbolic.musicxml	pitch	"{""target_index"": ""8th"", ""voice"": ""soprano""}"	What is the pitch name of the 8th soprano note in the provided excerpt?	Vulpius_DieHelleSonnLeuchtJetztHerfuer	chorale-bricks	Vulpius_DieHelleSonnLeuchtJetztHerfuer	data/chorale-bricks/Vulpius_DieHelleSonnLeuchtJetztHerfuer	A	"[""A sharp"", ""B"", ""C sharp"", ""D"", ""E"", ""F sharp"", ""G"", ""G sharp""]"	"[""F sharp"", ""G"", ""G sharp"", ""C sharp"", ""E"", ""A sharp"", ""B"", ""D""]"	audio	audio.mastermix.wav	data/chorale-bricks/Vulpius_DieHelleSonnLeuchtJetztHerfuer/audio.mastermix.wav	A	"[""A"", ""none of the other options is correct"", ""F sharp"", ""G"", ""G sharp""]"	0.2	0	"[""A"", ""B"", ""C"", ""D"", ""E""]"	"{""A"": ""G sharp"", ""B"": ""G"", ""C"": ""F sharp"", ""D"": ""none of the other options is correct"", ""E"": ""A""}"	"[""(A) G sharp"", ""(B) G"", ""(C) F sharp"", ""(D) none of the other options is correct"", ""(E) A""]"	(E) A	E
d2126b8c-2f41-55db-b831-5ad453e8c8e3	1	perception	pitch	absolute	pitch-absolute	pitch-recognition		pitch recognition	What is the pitch name of the {target_index} {voice} note in the provided excerpt?	"[""target_index"", ""voice""]"	get_nth_note	symbolic.musicxml	pitch	"{""target_index"": ""8th"", ""voice"": ""soprano""}"	What is the pitch name of the 8th soprano note in the provided excerpt?	Vulpius_DieHelleSonnLeuchtJetztHerfuer	chorale-bricks	Vulpius_DieHelleSonnLeuchtJetztHerfuer	data/chorale-bricks/Vulpius_DieHelleSonnLeuchtJetztHerfuer	A	"[""A sharp"", ""B"", ""C sharp"", ""D"", ""E"", ""F sharp"", ""G"", ""G sharp""]"	"[""F sharp"", ""G"", ""G sharp"", ""C sharp"", ""E"", ""A sharp"", ""B"", ""D""]"	symbolic	symbolic.abc.txt	data/chorale-bricks/Vulpius_DieHelleSonnLeuchtJetztHerfuer/symbolic.abc.txt	A	"[""A"", ""none of the other options is correct"", ""F sharp"", ""G"", ""G sharp""]"	0.2	0	"[""A"", ""B"", ""C"", ""D"", ""E""]"	"{""A"": ""F sharp"", ""B"": ""G sharp"", ""C"": ""none of the other options is correct"", ""D"": ""A"", ""E"": ""G""}"	"[""(A) F sharp"", ""(B) G sharp"", ""(C) none of the other options is correct"", ""(D) A"", ""(E) G""]"	(D) A	D
4274d9f7-d3c1-5e15-9705-686a9457884b	1	perception	pitch	absolute	pitch-absolute	pitch-recognition		pitch recognition	What is the pitch name of the {target_index} {voice} note in the provided excerpt?	"[""target_index"", ""voice""]"	get_nth_note	symbolic.musicxml	pitch	"{""target_index"": ""8th"", ""voice"": ""soprano""}"	What is the pitch name of the 8th soprano note in the provided excerpt?	Vulpius_DieHelleSonnLeuchtJetztHerfuer	chorale-bricks	Vulpius_DieHelleSonnLeuchtJetztHerfuer	data/chorale-bricks/Vulpius_DieHelleSonnLeuchtJetztHerfuer	A	"[""A sharp"", ""B"", ""C sharp"", ""D"", ""E"", ""F sharp"", ""G"", ""G sharp""]"	"[""F sharp"", ""G"", ""G sharp"", ""C sharp"", ""E"", ""A sharp"", ""B"", ""D""]"	visual	visual.short.png	data/chorale-bricks/Vulpius_DieHelleSonnLeuchtJetztHerfuer/visual.short.png	A	"[""A"", ""none of the other options is correct"", ""F sharp"", ""G"", ""G sharp""]"	0.2	0	"[""A"", ""B"", ""C"", ""D"", ""E""]"	"{""A"": ""G"", ""B"": ""none of the other options is correct"", ""C"": ""A"", ""D"": ""F sharp"", ""E"": ""G sharp""}"	"[""(A) G"", ""(B) none of the other options is correct"", ""(C) A"", ""(D) F sharp"", ""(E) G sharp""]"	(C) A	C
75eecc98-af93-569e-a70d-d1020329e192	2	perception	pitch	absolute	pitch-absolute	pitch-recognition		pitch statistics	How many times is the note {pitch} present in the {voice} line?	"[""voice"", ""pitch""]"	get_note_quantity		pitch	"{""voice"": ""soprano"", ""pitch"": ""D""}"	How many times is the note D present in the soprano line?	Drese_JesuGehVoran	chorale-bricks	Drese_JesuGehVoran	data/chorale-bricks/Drese_JesuGehVoran	1	"[""2"", ""3"", ""4"", ""5"", ""6"", ""7"", ""8"", ""9"", ""10"", ""12"", ""13"", ""17""]"	"[""4"", ""5"", ""8"", ""17"", ""6"", ""9"", ""12"", ""13"", ""7"", ""10"", ""3"", ""2""]"	audio	audio.mastermix.wav	data/chorale-bricks/Drese_JesuGehVoran/audio.mastermix.wav	1	"[""1"", ""none of the other options is correct"", ""4"", ""5"", ""8""]"	0.2	0	"[""A"", ""B"", ""C"", ""D"", ""E""]"	"{""A"": ""1"", ""B"": ""5"", ""C"": ""none of the other options is correct"", ""D"": ""8"", ""E"": ""4""}"	"[""(A) 1"", ""(B) 5"", ""(C) none of the other options is correct"", ""(D) 8"", ""(E) 4""]"	(A) 1	A
03f62fc4-5c49-564d-9e81-259f36df02c2	2	perception	pitch	absolute	pitch-absolute	pitch-recognition		pitch statistics	How many times is the note {pitch} present in the {voice} line?	"[""voice"", ""pitch""]"	get_note_quantity		pitch	"{""voice"": ""soprano"", ""pitch"": ""D""}"	How many times is the note D present in the soprano line?	Drese_JesuGehVoran	chorale-bricks	Drese_JesuGehVoran	data/chorale-bricks/Drese_JesuGehVoran	1	"[""2"", ""3"", ""4"", ""5"", ""6"", ""7"", ""8"", ""9"", ""10"", ""12"", ""13"", ""17""]"	"[""4"", ""5"", ""8"", ""17"", ""6"", ""9"", ""12"", ""13"", ""7"", ""10"", ""3"", ""2""]"	symbolic	symbolic.abc.txt	data/chorale-bricks/Drese_JesuGehVoran/symbolic.abc.txt	1	"[""1"", ""none of the other options is correct"", ""4"", ""5"", ""8""]"	0.2	0	"[""A"", ""B"", ""C"", ""D"", ""E""]"	"{""A"": ""4"", ""B"": ""8"", ""C"": ""5"", ""D"": ""none of the other options is correct"", ""E"": ""1""}"	"[""(A) 4"", ""(B) 8"", ""(C) 5"", ""(D) none of the other options is correct"", ""(E) 1""]"	(E) 1	E
7a2f8ca3-09ed-5279-b048-f138c930f1bd	2	perception	pitch	absolute	pitch-absolute	pitch-recognition		pitch statistics	How many times is the note {pitch} present in the {voice} line?	"[""voice"", ""pitch""]"	get_note_quantity		pitch	"{""voice"": ""soprano"", ""pitch"": ""D""}"	How many times is the note D present in the soprano line?	Drese_JesuGehVoran	chorale-bricks	Drese_JesuGehVoran	data/chorale-bricks/Drese_JesuGehVoran	1	"[""2"", ""3"", ""4"", ""5"", ""6"", ""7"", ""8"", ""9"", ""10"", ""12"", ""13"", ""17""]"	"[""4"", ""5"", ""8"", ""17"", ""6"", ""9"", ""12"", ""13"", ""7"", ""10"", ""3"", ""2""]"	visual	visual.short.png	data/chorale-bricks/Drese_JesuGehVoran/visual.short.png	1	"[""1"", ""none of the other options is correct"", ""4"", ""5"", ""8""]"	0.2	0	"[""A"", ""B"", ""C"", ""D"", ""E""]"	"{""A"": ""none of the other options is correct"", ""B"": ""5"", ""C"": ""4"", ""D"": ""8"", ""E"": ""1""}"	"[""(A) none of the other options is correct"", ""(B) 5"", ""(C) 4"", ""(D) 8"", ""(E) 1""]"	(E) 1	E
b26a4044-b827-59fb-b845-52273c8f3a7a	2	perception	pitch	absolute	pitch-absolute	pitch-recognition		pitch statistics	How many times is the note {pitch} present in the {voice} line?	"[""voice"", ""pitch""]"	get_note_quantity		pitch	"{""voice"": ""alto"", ""pitch"": ""C sharp""}"	How many times is the note C sharp present in the alto line?	Drese_JesuGehVoran	chorale-bricks	Drese_JesuGehVoran	data/chorale-bricks/Drese_JesuGehVoran	0	"[""1"", ""2"", ""3"", ""4"", ""5"", ""6"", ""7"", ""8"", ""9"", ""10"", ""12"", ""13"", ""17""]"	"[""4"", ""9"", ""1"", ""5"", ""2"", ""17"", ""6"", ""8"", ""13"", ""7"", ""10"", ""12"", ""3""]"	audio	audio.mastermix.wav	data/chorale-bricks/Drese_JesuGehVoran/audio.mastermix.wav	0	"[""0"", ""none of the other options is correct"", ""4"", ""9"", ""1""]"	0.2	0	"[""A"", ""B"", ""C"", ""D"", ""E""]"	"{""A"": ""none of the other options is correct"", ""B"": ""9"", ""C"": ""1"", ""D"": ""4"", ""E"": ""0""}"	"[""(A) none of the other options is correct"", ""(B) 9"", ""(C) 1"", ""(D) 4"", ""(E) 0""]"	(E) 0	E
dab19637-b6e4-5ca8-b0ef-2cdf7f2327af	2	perception	pitch	absolute	pitch-absolute	pitch-recognition		pitch statistics	How many times is the note {pitch} present in the {voice} line?	"[""voice"", ""pitch""]"	get_note_quantity		pitch	"{""voice"": ""alto"", ""pitch"": ""C sharp""}"	How many times is the note C sharp present in the alto line?	Drese_JesuGehVoran	chorale-bricks	Drese_JesuGehVoran	data/chorale-bricks/Drese_JesuGehVoran	0	"[""1"", ""2"", ""3"", ""4"", ""5"", ""6"", ""7"", ""8"", ""9"", ""10"", ""12"", ""13"", ""17""]"	"[""4"", ""9"", ""1"", ""5"", ""2"", ""17"", ""6"", ""8"", ""13"", ""7"", ""10"", ""12"", ""3""]"	symbolic	symbolic.abc.txt	data/chorale-bricks/Drese_JesuGehVoran/symbolic.abc.txt	0	"[""0"", ""none of the other options is correct"", ""4"", ""9"", ""1""]"	0.2	0	"[""A"", ""B"", ""C"", ""D"", ""E""]"	"{""A"": ""none of the other options is correct"", ""B"": ""4"", ""C"": ""9"", ""D"": ""0"", ""E"": ""1""}"	"[""(A) none of the other options is correct"", ""(B) 4"", ""(C) 9"", ""(D) 0"", ""(E) 1""]"	(D) 0	D
99ca5c4a-d3a4-5d67-8d92-f7245eddc50d	2	perception	pitch	absolute	pitch-absolute	pitch-recognition		pitch statistics	How many times is the note {pitch} present in the {voice} line?	"[""voice"", ""pitch""]"	get_note_quantity		pitch	"{""voice"": ""alto"", ""pitch"": ""C sharp""}"	How many times is the note C sharp present in the alto line?	Drese_JesuGehVoran	chorale-bricks	Drese_JesuGehVoran	data/chorale-bricks/Drese_JesuGehVoran	0	"[""1"", ""2"", ""3"", ""4"", ""5"", ""6"", ""7"", ""8"", ""9"", ""10"", ""12"", ""13"", ""17""]"	"[""4"", ""9"", ""1"", ""5"", ""2"", ""17"", ""6"", ""8"", ""13"", ""7"", ""10"", ""12"", ""3""]"	visual	visual.short.png	data/chorale-bricks/Drese_JesuGehVoran/visual.short.png	0	"[""0"", ""none of the other options is correct"", ""4"", ""9"", ""1""]"	0.2	0	"[""A"", ""B"", ""C"", ""D"", ""E""]"	"{""A"": ""1"", ""B"": ""none of the other options is correct"", ""C"": ""0"", ""D"": ""9"", ""E"": ""4""}"	"[""(A) 1"", ""(B) none of the other options is correct"", ""(C) 0"", ""(D) 9"", ""(E) 4""]"	(C) 0	C
91bb4531-90c4-5dbf-84d1-f040a33f0f02	2	perception	pitch	absolute	pitch-absolute	pitch-recognition		pitch statistics	How many times is the note {pitch} present in the {voice} line?	"[""voice"", ""pitch""]"	get_note_quantity		pitch	"{""voice"": ""bass"", ""pitch"": ""E""}"	How many times is the note E present in the bass line?	Anonymous_AusMeinesHerzensGrunde	chorale-bricks	Anonymous_AusMeinesHerzensGrunde	data/chorale-bricks/Anonymous_AusMeinesHerzensGrunde	8	"[""1"", ""2"", ""3"", ""5"", ""6"", ""7"", ""9"", ""13"", ""15"", ""16"", ""18"", ""23"", ""25""]"	"[""1"", ""15"", ""3"", ""9"", ""7"", ""25"", ""16"", ""5"", ""13"", ""18"", ""23"", ""2"", ""6""]"	audio	audio.mastermix.wav	data/chorale-bricks/Anonymous_AusMeinesHerzensGrunde/audio.mastermix.wav	8	"[""8"", ""none of the other options is correct"", ""1"", ""15"", ""3""]"	0.2	0	"[""A"", ""B"", ""C"", ""D"", ""E""]"	"{""A"": ""8"", ""B"": ""none of the other options is correct"", ""C"": ""1"", ""D"": ""3"", ""E"": ""15""}"	"[""(A) 8"", ""(B) none of the other options is correct"", ""(C) 1"", ""(D) 3"", ""(E) 15""]"	(A) 8	A
93ae9f57-71c9-5ed3-9869-b82ffea24acc	2	perception	pitch	absolute	pitch-absolute	pitch-recognition		pitch statistics	How many times is the note {pitch} present in the {voice} line?	"[""voice"", ""pitch""]"	get_note_quantity		pitch	"{""voice"": ""bass"", ""pitch"": ""E""}"	How many times is the note E present in the bass line?	Anonymous_AusMeinesHerzensGrunde	chorale-bricks	Anonymous_AusMeinesHerzensGrunde	data/chorale-bricks/Anonymous_AusMeinesHerzensGrunde	8	"[""1"", ""2"", ""3"", ""5"", ""6"", ""7"", ""9"", ""13"", ""15"", ""16"", ""18"", ""23"", ""25""]"	"[""1"", ""15"", ""3"", ""9"", ""7"", ""25"", ""16"", ""5"", ""13"", ""18"", ""23"", ""2"", ""6""]"	symbolic	symbolic.abc.txt	data/chorale-bricks/Anonymous_AusMeinesHerzensGrunde/symbolic.abc.txt	8	"[""8"", ""none of the other options is correct"", ""1"", ""15"", ""3""]"	0.2	0	"[""A"", ""B"", ""C"", ""D"", ""E""]"	"{""A"": ""1"", ""B"": ""3"", ""C"": ""8"", ""D"": ""none of the other options is correct"", ""E"": ""15""}"	"[""(A) 1"", ""(B) 3"", ""(C) 8"", ""(D) none of the other options is correct"", ""(E) 15""]"	(C) 8	C
362f15a0-7700-5fa4-99d8-0b4ea7bc4ceb	2	perception	pitch	absolute	pitch-absolute	pitch-recognition		pitch statistics	How many times is the note {pitch} present in the {voice} line?	"[""voice"", ""pitch""]"	get_note_quantity		pitch	"{""voice"": ""bass"", ""pitch"": ""E""}"	How many times is the note E present in the bass line?	Anonymous_AusMeinesHerzensGrunde	chorale-bricks	Anonymous_AusMeinesHerzensGrunde	data/chorale-bricks/Anonymous_AusMeinesHerzensGrunde	8	"[""1"", ""2"", ""3"", ""5"", ""6"", ""7"", ""9"", ""13"", ""15"", ""16"", ""18"", ""23"", ""25""]"	"[""1"", ""15"", ""3"", ""9"", ""7"", ""25"", ""16"", ""5"", ""13"", ""18"", ""23"", ""2"", ""6""]"	visual	visual.short.png	data/chorale-bricks/Anonymous_AusMeinesHerzensGrunde/visual.short.png	8	"[""8"", ""none of the other options is correct"", ""1"", ""15"", ""3""]"	0.2	0	"[""A"", ""B"", ""C"", ""D"", ""E""]"	"{""A"": ""none of the other options is correct"", ""B"": ""1"", ""C"": ""15"", ""D"": ""8"", ""E"": ""3""}"	"[""(A) none of the other options is correct"", ""(B) 1"", ""(C) 15"", ""(D) 8"", ""(E) 3""]"	(D) 8	D
c833c7e6-3f69-5c13-a145-d6aa8ed1ef08	2	perception	pitch	absolute	pitch-absolute	pitch-recognition		pitch statistics	How many times is the note {pitch} present in the {voice} line?	"[""voice"", ""pitch""]"	get_note_quantity		pitch	"{""voice"": ""soprano"", ""pitch"": ""A sharp""}"	How many times is the note A sharp present in the soprano line?	Bach_IchStehAnDeinerKrippe	chorale-bricks	Bach_IchStehAnDeinerKrippe	data/chorale-bricks/Bach_IchStehAnDeinerKrippe	2	"[""1"", ""3"", ""4"", ""5"", ""6"", ""7"", ""8"", ""9"", ""11"", ""12"", ""13"", ""14""]"	"[""4"", ""3"", ""13"", ""5"", ""7"", ""8"", ""1"", ""9"", ""14"", ""12"", ""6"", ""11""]"	audio	audio.mastermix.wav	data/chorale-bricks/Bach_IchStehAnDeinerKrippe/audio.mastermix.wav	2	"[""2"", ""none of the other options is correct"", ""4"", ""3"", ""13""]"	0.2	0	"[""A"", ""B"", ""C"", ""D"", ""E""]"	"{""A"": ""3"", ""B"": ""13"", ""C"": ""4"", ""D"": ""none of the other options is correct"", ""E"": ""2""}"	"[""(A) 3"", ""(B) 13"", ""(C) 4"", ""(D) none of the other options is correct"", ""(E) 2""]"	(E) 2	E
88dea68f-c2ed-5625-ae1d-55e611c37392	2	perception	pitch	absolute	pitch-absolute	pitch-recognition		pitch statistics	How many times is the note {pitch} present in the {voice} line?	"[""voice"", ""pitch""]"	get_note_quantity		pitch	"{""voice"": ""soprano"", ""pitch"": ""A sharp""}"	How many times is the note A sharp present in the soprano line?	Bach_IchStehAnDeinerKrippe	chorale-bricks	Bach_IchStehAnDeinerKrippe	data/chorale-bricks/Bach_IchStehAnDeinerKrippe	2	"[""1"", ""3"", ""4"", ""5"", ""6"", ""7"", ""8"", ""9"", ""11"", ""12"", ""13"", ""14""]"	"[""4"", ""3"", ""13"", ""5"", ""7"", ""8"", ""1"", ""9"", ""14"", ""12"", ""6"", ""11""]"	symbolic	symbolic.abc.txt	data/chorale-bricks/Bach_IchStehAnDeinerKrippe/symbolic.abc.txt	2	"[""2"", ""none of the other options is correct"", ""4"", ""3"", ""13""]"	0.2	0	"[""A"", ""B"", ""C"", ""D"", ""E""]"	"{""A"": ""3"", ""B"": ""13"", ""C"": ""none of the other options is correct"", ""D"": ""2"", ""E"": ""4""}"	"[""(A) 3"", ""(B) 13"", ""(C) none of the other options is correct"", ""(D) 2"", ""(E) 4""]"	(D) 2	D
3ff94c34-96eb-51e6-ab30-ba9a89254351	2	perception	pitch	absolute	pitch-absolute	pitch-recognition		pitch statistics	How many times is the note {pitch} present in the {voice} line?	"[""voice"", ""pitch""]"	get_note_quantity		pitch	"{""voice"": ""soprano"", ""pitch"": ""A sharp""}"	How many times is the note A sharp present in the soprano line?	Bach_IchStehAnDeinerKrippe	chorale-bricks	Bach_IchStehAnDeinerKrippe	data/chorale-bricks/Bach_IchStehAnDeinerKrippe	2	"[""1"", ""3"", ""4"", ""5"", ""6"", ""7"", ""8"", ""9"", ""11"", ""12"", ""13"", ""14""]"	"[""4"", ""3"", ""13"", ""5"", ""7"", ""8"", ""1"", ""9"", ""14"", ""12"", ""6"", ""11""]"	visual	visual.short.png	data/chorale-bricks/Bach_IchStehAnDeinerKrippe/visual.short.png	2	"[""2"", ""none of the other options is correct"", ""4"", ""3"", ""13""]"	0.2	0	"[""A"", ""B"", ""C"", ""D"", ""E""]"	"{""A"": ""3"", ""B"": ""2"", ""C"": ""none of the other options is correct"", ""D"": ""13"", ""E"": ""4""}"	"[""(A) 3"", ""(B) 2"", ""(C) none of the other options is correct"", ""(D) 13"", ""(E) 4""]"	(B) 2	B
49051008-0fe5-5e00-8a68-d3243678a75c	2	perception	pitch	absolute	pitch-absolute	pitch-recognition		pitch statistics	How many times is the note {pitch} present in the {voice} line?	"[""voice"", ""pitch""]"	get_note_quantity		pitch	"{""voice"": ""tenor"", ""pitch"": ""A sharp""}"	How many times is the note A sharp present in the tenor line?	Bach_IchStehAnDeinerKrippe	chorale-bricks	Bach_IchStehAnDeinerKrippe	data/chorale-bricks/Bach_IchStehAnDeinerKrippe	4	"[""1"", ""2"", ""3"", ""5"", ""6"", ""7"", ""8"", ""9"", ""11"", ""12"", ""13"", ""14""]"	"[""8"", ""13"", ""7"", ""1"", ""5"", ""11"", ""6"", ""9"", ""3"", ""12"", ""2"", ""14""]"	audio	audio.mastermix.wav	data/chorale-bricks/Bach_IchStehAnDeinerKrippe/audio.mastermix.wav	4	"[""4"", ""none of the other options is correct"", ""8"", ""13"", ""7""]"	0.2	0	"[""A"", ""B"", ""C"", ""D"", ""E""]"	"{""A"": ""4"", ""B"": ""13"", ""C"": ""none of the other options is correct"", ""D"": ""7"", ""E"": ""8""}"	"[""(A) 4"", ""(B) 13"", ""(C) none of the other options is correct"", ""(D) 7"", ""(E) 8""]"	(A) 4	A
a6446a73-085d-5114-bf3c-09dfd8940953	2	perception	pitch	absolute	pitch-absolute	pitch-recognition		pitch statistics	How many times is the note {pitch} present in the {voice} line?	"[""voice"", ""pitch""]"	get_note_quantity		pitch	"{""voice"": ""tenor"", ""pitch"": ""A sharp""}"	How many times is the note A sharp present in the tenor line?	Bach_IchStehAnDeinerKrippe	chorale-bricks	Bach_IchStehAnDeinerKrippe	data/chorale-bricks/Bach_IchStehAnDeinerKrippe	4	"[""1"", ""2"", ""3"", ""5"", ""6"", ""7"", ""8"", ""9"", ""11"", ""12"", ""13"", ""14""]"	"[""8"", ""13"", ""7"", ""1"", ""5"", ""11"", ""6"", ""9"", ""3"", ""12"", ""2"", ""14""]"	symbolic	symbolic.abc.txt	data/chorale-bricks/Bach_IchStehAnDeinerKrippe/symbolic.abc.txt	4	"[""4"", ""none of the other options is correct"", ""8"", ""13"", ""7""]"	0.2	0	"[""A"", ""B"", ""C"", ""D"", ""E""]"	"{""A"": ""none of the other options is correct"", ""B"": ""7"", ""C"": ""13"", ""D"": ""8"", ""E"": ""4""}"	"[""(A) none of the other options is correct"", ""(B) 7"", ""(C) 13"", ""(D) 8"", ""(E) 4""]"	(E) 4	E
f7f980dc-866a-5007-889f-ab072550ec41	2	perception	pitch	absolute	pitch-absolute	pitch-recognition		pitch statistics	How many times is the note {pitch} present in the {voice} line?	"[""voice"", ""pitch""]"	get_note_quantity		pitch	"{""voice"": ""tenor"", ""pitch"": ""A sharp""}"	How many times is the note A sharp present in the tenor line?	Bach_IchStehAnDeinerKrippe	chorale-bricks	Bach_IchStehAnDeinerKrippe	data/chorale-bricks/Bach_IchStehAnDeinerKrippe	4	"[""1"", ""2"", ""3"", ""5"", ""6"", ""7"", ""8"", ""9"", ""11"", ""12"", ""13"", ""14""]"	"[""8"", ""13"", ""7"", ""1"", ""5"", ""11"", ""6"", ""9"", ""3"", ""12"", ""2"", ""14""]"	visual	visual.short.png	data/chorale-bricks/Bach_IchStehAnDeinerKrippe/visual.short.png	4	"[""4"", ""none of the other options is correct"", ""8"", ""13"", ""7""]"	0.2	0	"[""A"", ""B"", ""C"", ""D"", ""E""]"	"{""A"": ""7"", ""B"": ""none of the other options is correct"", ""C"": ""13"", ""D"": ""4"", ""E"": ""8""}"	"[""(A) 7"", ""(B) none of the other options is correct"", ""(C) 13"", ""(D) 4"", ""(E) 8""]"	(D) 4	D
c7b8983c-6d98-5c9f-b93e-15a551bf8672	2	perception	pitch	absolute	pitch-absolute	pitch-recognition		pitch statistics	How many times is the note {pitch} present in the {voice} line?	"[""voice"", ""pitch""]"	get_note_quantity		pitch	"{""voice"": ""tenor"", ""pitch"": ""G""}"	How many times is the note G present in the tenor line?	Crueger_AufAufMeinHerzMitFreuden	chorale-bricks	Crueger_AufAufMeinHerzMitFreuden	data/chorale-bricks/Crueger_AufAufMeinHerzMitFreuden	16	"[""1"", ""2"", ""4"", ""5"", ""7"", ""8"", ""9"", ""10"", ""11"", ""13"", ""18""]"	"[""4"", ""9"", ""18"", ""8"", ""2"", ""10"", ""13"", ""7"", ""11"", ""1"", ""5""]"	audio	audio.mastermix.wav	data/chorale-bricks/Crueger_AufAufMeinHerzMitFreuden/audio.mastermix.wav	16	"[""16"", ""none of the other options is correct"", ""4"", ""9"", ""18""]"	0.2	0	"[""A"", ""B"", ""C"", ""D"", ""E""]"	"{""A"": ""16"", ""B"": ""4"", ""C"": ""18"", ""D"": ""none of the other options is correct"", ""E"": ""9""}"	"[""(A) 16"", ""(B) 4"", ""(C) 18"", ""(D) none of the other options is correct"", ""(E) 9""]"	(A) 16	A
a038f172-66dc-56c3-bea6-2a0eaeee5841	2	perception	pitch	absolute	pitch-absolute	pitch-recognition		pitch statistics	How many times is the note {pitch} present in the {voice} line?	"[""voice"", ""pitch""]"	get_note_quantity		pitch	"{""voice"": ""tenor"", ""pitch"": ""G""}"	How many times is the note G present in the tenor line?	Crueger_AufAufMeinHerzMitFreuden	chorale-bricks	Crueger_AufAufMeinHerzMitFreuden	data/chorale-bricks/Crueger_AufAufMeinHerzMitFreuden	16	"[""1"", ""2"", ""4"", ""5"", ""7"", ""8"", ""9"", ""10"", ""11"", ""13"", ""18""]"	"[""4"", ""9"", ""18"", ""8"", ""2"", ""10"", ""13"", ""7"", ""11"", ""1"", ""5""]"	symbolic	symbolic.abc.txt	data/chorale-bricks/Crueger_AufAufMeinHerzMitFreuden/symbolic.abc.txt	none of the other options is correct	"[""none of the other options is correct"", ""4"", ""9"", ""18"", ""8""]"	0.2	1	"[""A"", ""B"", ""C"", ""D"", ""E""]"	"{""A"": ""18"", ""B"": ""8"", ""C"": ""4"", ""D"": ""9"", ""E"": ""none of the other options is correct""}"	"[""(A) 18"", ""(B) 8"", ""(C) 4"", ""(D) 9"", ""(E) none of the other options is correct""]"	(E) none of the other options is correct	E
ac904486-525a-5218-90b3-142e8d235502	2	perception	pitch	absolute	pitch-absolute	pitch-recognition		pitch statistics	How many times is the note {pitch} present in the {voice} line?	"[""voice"", ""pitch""]"	get_note_quantity		pitch	"{""voice"": ""tenor"", ""pitch"": ""G""}"	How many times is the note G present in the tenor line?	Crueger_AufAufMeinHerzMitFreuden	chorale-bricks	Crueger_AufAufMeinHerzMitFreuden	data/chorale-bricks/Crueger_AufAufMeinHerzMitFreuden	16	"[""1"", ""2"", ""4"", ""5"", ""7"", ""8"", ""9"", ""10"", ""11"", ""13"", ""18""]"	"[""4"", ""9"", ""18"", ""8"", ""2"", ""10"", ""13"", ""7"", ""11"", ""1"", ""5""]"	visual	visual.short.png	data/chorale-bricks/Crueger_AufAufMeinHerzMitFreuden/visual.short.png	none of the other options is correct	"[""none of the other options is correct"", ""4"", ""9"", ""18"", ""8""]"	0.2	1	"[""A"", ""B"", ""C"", ""D"", ""E""]"	"{""A"": ""9"", ""B"": ""8"", ""C"": ""18"", ""D"": ""4"", ""E"": ""none of the other options is correct""}"	"[""(A) 9"", ""(B) 8"", ""(C) 18"", ""(D) 4"", ""(E) none of the other options is correct""]"	(E) none of the other options is correct	E
50556f41-74a5-54a3-9eb2-438d4662cb70	2	perception	pitch	absolute	pitch-absolute	pitch-recognition		pitch statistics	How many times is the note {pitch} present in the {voice} line?	"[""voice"", ""pitch""]"	get_note_quantity		pitch	"{""voice"": ""alto"", ""pitch"": ""G double flat""}"	How many times is the note G double flat present in the alto line?	Anonymous_AusMeinesHerzensGrunde	chorale-bricks	Anonymous_AusMeinesHerzensGrunde	data/chorale-bricks/Anonymous_AusMeinesHerzensGrunde	0	"[""1"", ""2"", ""3"", ""5"", ""6"", ""7"", ""8"", ""9"", ""13"", ""15"", ""16"", ""18"", ""23"", ""25""]"	"[""7"", ""18"", ""13"", ""6"", ""2"", ""15"", ""9"", ""1"", ""3"", ""5"", ""8"", ""23"", ""25"", ""16""]"	audio	audio.mastermix.wav	data/chorale-bricks/Anonymous_AusMeinesHerzensGrunde/audio.mastermix.wav	0	"[""0"", ""none of the other options is correct"", ""7"", ""18"", ""13""]"	0.2	0	"[""A"", ""B"", ""C"", ""D"", ""E""]"	"{""A"": ""13"", ""B"": ""7"", ""C"": ""0"", ""D"": ""18"", ""E"": ""none of the other options is correct""}"	"[""(A) 13"", ""(B) 7"", ""(C) 0"", ""(D) 18"", ""(E) none of the other options is correct""]"	(C) 0	C
cc9b5afa-f02e-5554-ac81-b8cc41493221	2	perception	pitch	absolute	pitch-absolute	pitch-recognition		pitch statistics	How many times is the note {pitch} present in the {voice} line?	"[""voice"", ""pitch""]"	get_note_quantity		pitch	"{""voice"": ""alto"", ""pitch"": ""G double flat""}"	How many times is the note G double flat present in the alto line?	Anonymous_AusMeinesHerzensGrunde	chorale-bricks	Anonymous_AusMeinesHerzensGrunde	data/chorale-bricks/Anonymous_AusMeinesHerzensGrunde	0	"[""1"", ""2"", ""3"", ""5"", ""6"", ""7"", ""8"", ""9"", ""13"", ""15"", ""16"", ""18"", ""23"", ""25""]"	"[""7"", ""18"", ""13"", ""6"", ""2"", ""15"", ""9"", ""1"", ""3"", ""5"", ""8"", ""23"", ""25"", ""16""]"	symbolic	symbolic.abc.txt	data/chorale-bricks/Anonymous_AusMeinesHerzensGrunde/symbolic.abc.txt	0	"[""0"", ""none of the other options is correct"", ""7"", ""18"", ""13""]"	0.2	0	"[""A"", ""B"", ""C"", ""D"", ""E""]"	"{""A"": ""13"", ""B"": ""0"", ""C"": ""none of the other options is correct"", ""D"": ""7"", ""E"": ""18""}"	"[""(A) 13"", ""(B) 0"", ""(C) none of the other options is correct"", ""(D) 7"", ""(E) 18""]"	(B) 0	B
2c26181b-ab81-59b6-b5bd-78848822a88f	2	perception	pitch	absolute	pitch-absolute	pitch-recognition		pitch statistics	How many times is the note {pitch} present in the {voice} line?	"[""voice"", ""pitch""]"	get_note_quantity		pitch	"{""voice"": ""alto"", ""pitch"": ""G double flat""}"	How many times is the note G double flat present in the alto line?	Anonymous_AusMeinesHerzensGrunde	chorale-bricks	Anonymous_AusMeinesHerzensGrunde	data/chorale-bricks/Anonymous_AusMeinesHerzensGrunde	0	"[""1"", ""2"", ""3"", ""5"", ""6"", ""7"", ""8"", ""9"", ""13"", ""15"", ""16"", ""18"", ""23"", ""25""]"	"[""7"", ""18"", ""13"", ""6"", ""2"", ""15"", ""9"", ""1"", ""3"", ""5"", ""8"", ""23"", ""25"", ""16""]"	visual	visual.short.png	data/chorale-bricks/Anonymous_AusMeinesHerzensGrunde/visual.short.png	0	"[""0"", ""none of the other options is correct"", ""7"", ""18"", ""13""]"	0.2	0	"[""A"", ""B"", ""C"", ""D"", ""E""]"	"{""A"": ""13"", ""B"": ""none of the other options is correct"", ""C"": ""0"", ""D"": ""18"", ""E"": ""7""}"	"[""(A) 13"", ""(B) none of the other options is correct"", ""(C) 0"", ""(D) 18"", ""(E) 7""]"	(C) 0	C
060e351a-283d-5790-b7bf-6542775f86f9	2	perception	pitch	absolute	pitch-absolute	pitch-recognition		pitch statistics	How many times is the note {pitch} present in the {voice} line?	"[""voice"", ""pitch""]"	get_note_quantity		pitch	"{""voice"": ""soprano"", ""pitch"": ""A""}"	How many times is the note A present in the soprano line?	Drese_JesuGehVoran	chorale-bricks	Drese_JesuGehVoran	data/chorale-bricks/Drese_JesuGehVoran	10	"[""1"", ""2"", ""3"", ""4"", ""5"", ""6"", ""7"", ""8"", ""9"", ""12"", ""13"", ""17""]"	"[""2"", ""9"", ""12"", ""1"", ""17"", ""5"", ""13"", ""3"", ""8"", ""6"", ""7"", ""4""]"	audio	audio.mastermix.wav	data/chorale-bricks/Drese_JesuGehVoran/audio.mastermix.wav	10	"[""10"", ""none of the other options is correct"", ""2"", ""9"", ""12""]"	0.2	0	"[""A"", ""B"", ""C"", ""D"", ""E""]"	"{""A"": ""10"", ""B"": ""12"", ""C"": ""none of the other options is correct"", ""D"": ""2"", ""E"": ""9""}"	"[""(A) 10"", ""(B) 12"", ""(C) none of the other options is correct"", ""(D) 2"", ""(E) 9""]"	(A) 10	A
0081cbf1-d0fd-5445-9380-85f16f9b243d	2	perception	pitch	absolute	pitch-absolute	pitch-recognition		pitch statistics	How many times is the note {pitch} present in the {voice} line?	"[""voice"", ""pitch""]"	get_note_quantity		pitch	"{""voice"": ""soprano"", ""pitch"": ""A""}"	How many times is the note A present in the soprano line?	Drese_JesuGehVoran	chorale-bricks	Drese_JesuGehVoran	data/chorale-bricks/Drese_JesuGehVoran	10	"[""1"", ""2"", ""3"", ""4"", ""5"", ""6"", ""7"", ""8"", ""9"", ""12"", ""13"", ""17""]"	"[""2"", ""9"", ""12"", ""1"", ""17"", ""5"", ""13"", ""3"", ""8"", ""6"", ""7"", ""4""]"	symbolic	symbolic.abc.txt	data/chorale-bricks/Drese_JesuGehVoran/symbolic.abc.txt	none of the other options is correct	"[""none of the other options is correct"", ""2"", ""9"", ""12"", ""1""]"	0.2	1	"[""A"", ""B"", ""C"", ""D"", ""E""]"	"{""A"": ""none of the other options is correct"", ""B"": ""12"", ""C"": ""9"", ""D"": ""1"", ""E"": ""2""}"	"[""(A) none of the other options is correct"", ""(B) 12"", ""(C) 9"", ""(D) 1"", ""(E) 2""]"	(A) none of the other options is correct	A
bb548638-c37a-52ce-a4dd-78f98749ead9	2	perception	pitch	absolute	pitch-absolute	pitch-recognition		pitch statistics	How many times is the note {pitch} present in the {voice} line?	"[""voice"", ""pitch""]"	get_note_quantity		pitch	"{""voice"": ""soprano"", ""pitch"": ""A""}"	How many times is the note A present in the soprano line?	Drese_JesuGehVoran	chorale-bricks	Drese_JesuGehVoran	data/chorale-bricks/Drese_JesuGehVoran	10	"[""1"", ""2"", ""3"", ""4"", ""5"", ""6"", ""7"", ""8"", ""9"", ""12"", ""13"", ""17""]"	"[""2"", ""9"", ""12"", ""1"", ""17"", ""5"", ""13"", ""3"", ""8"", ""6"", ""7"", ""4""]"	visual	visual.short.png	data/chorale-bricks/Drese_JesuGehVoran/visual.short.png	10	"[""10"", ""none of the other options is correct"", ""2"", ""9"", ""12""]"	0.2	0	"[""A"", ""B"", ""C"", ""D"", ""E""]"	"{""A"": ""none of the other options is correct"", ""B"": ""9"", ""C"": ""10"", ""D"": ""12"", ""E"": ""2""}"	"[""(A) none of the other options is correct"", ""(B) 9"", ""(C) 10"", ""(D) 12"", ""(E) 2""]"	(C) 10	C
f01c7f88-1bdd-5b53-b96e-196784839d69	2	perception	pitch	absolute	pitch-absolute	pitch-recognition		pitch statistics	How many times is the note {pitch} present in the {voice} line?	"[""voice"", ""pitch""]"	get_note_quantity		pitch	"{""voice"": ""alto"", ""pitch"": ""B""}"	How many times is the note B present in the alto line?	Drese_JesuGehVoran	chorale-bricks	Drese_JesuGehVoran	data/chorale-bricks/Drese_JesuGehVoran	7	"[""1"", ""2"", ""3"", ""4"", ""5"", ""6"", ""8"", ""9"", ""10"", ""12"", ""13"", ""17""]"	"[""1"", ""3"", ""6"", ""9"", ""4"", ""8"", ""10"", ""12"", ""17"", ""13"", ""2"", ""5""]"	audio	audio.mastermix.wav	data/chorale-bricks/Drese_JesuGehVoran/audio.mastermix.wav	none of the other options is correct	"[""none of the other options is correct"", ""1"", ""3"", ""6"", ""9""]"	0.2	1	"[""A"", ""B"", ""C"", ""D"", ""E""]"	"{""A"": ""3"", ""B"": ""1"", ""C"": ""9"", ""D"": ""6"", ""E"": ""none of the other options is correct""}"	"[""(A) 3"", ""(B) 1"", ""(C) 9"", ""(D) 6"", ""(E) none of the other options is correct""]"	(E) none of the other options is correct	E
90a7cbb3-cb80-5a1a-b2ab-134885bdf948	2	perception	pitch	absolute	pitch-absolute	pitch-recognition		pitch statistics	How many times is the note {pitch} present in the {voice} line?	"[""voice"", ""pitch""]"	get_note_quantity		pitch	"{""voice"": ""alto"", ""pitch"": ""B""}"	How many times is the note B present in the alto line?	Drese_JesuGehVoran	chorale-bricks	Drese_JesuGehVoran	data/chorale-bricks/Drese_JesuGehVoran	7	"[""1"", ""2"", ""3"", ""4"", ""5"", ""6"", ""8"", ""9"", ""10"", ""12"", ""13"", ""17""]"	"[""1"", ""3"", ""6"", ""9"", ""4"", ""8"", ""10"", ""12"", ""17"", ""13"", ""2"", ""5""]"	symbolic	symbolic.abc.txt	data/chorale-bricks/Drese_JesuGehVoran/symbolic.abc.txt	7	"[""7"", ""none of the other options is correct"", ""1"", ""3"", ""6""]"	0.2	0	"[""A"", ""B"", ""C"", ""D"", ""E""]"	"{""A"": ""7"", ""B"": ""none of the other options is correct"", ""C"": ""6"", ""D"": ""1"", ""E"": ""3""}"	"[""(A) 7"", ""(B) none of the other options is correct"", ""(C) 6"", ""(D) 1"", ""(E) 3""]"	(A) 7	A
cffb3cc9-5e79-599d-840c-55487648ac55	2	perception	pitch	absolute	pitch-absolute	pitch-recognition		pitch statistics	How many times is the note {pitch} present in the {voice} line?	"[""voice"", ""pitch""]"	get_note_quantity		pitch	"{""voice"": ""alto"", ""pitch"": ""B""}"	How many times is the note B present in the alto line?	Drese_JesuGehVoran	chorale-bricks	Drese_JesuGehVoran	data/chorale-bricks/Drese_JesuGehVoran	7	"[""1"", ""2"", ""3"", ""4"", ""5"", ""6"", ""8"", ""9"", ""10"", ""12"", ""13"", ""17""]"	"[""1"", ""3"", ""6"", ""9"", ""4"", ""8"", ""10"", ""12"", ""17"", ""13"", ""2"", ""5""]"	visual	visual.short.png	data/chorale-bricks/Drese_JesuGehVoran/visual.short.png	7	"[""7"", ""none of the other options is correct"", ""1"", ""3"", ""6""]"	0.2	0	"[""A"", ""B"", ""C"", ""D"", ""E""]"	"{""A"": ""3"", ""B"": ""none of the other options is correct"", ""C"": ""1"", ""D"": ""7"", ""E"": ""6""}"	"[""(A) 3"", ""(B) none of the other options is correct"", ""(C) 1"", ""(D) 7"", ""(E) 6""]"	(D) 7	D
a76698ec-6e3a-50d8-bdec-99f94f9ae74c	2	perception	pitch	absolute	pitch-absolute	pitch-recognition		pitch statistics	How many times is the note {pitch} present in the {voice} line?	"[""voice"", ""pitch""]"	get_note_quantity		pitch	"{""voice"": ""soprano"", ""pitch"": ""E""}"	How many times is the note E present in the soprano line?	Jan_DuGrosserSchmerzensmann	chorale-bricks	Jan_DuGrosserSchmerzensmann	data/chorale-bricks/Jan_DuGrosserSchmerzensmann	2	"[""1"", ""3"", ""5"", ""6"", ""7"", ""8"", ""9"", ""12"", ""13"", ""14"", ""19""]"	"[""7"", ""8"", ""6"", ""5"", ""14"", ""3"", ""1"", ""9"", ""19"", ""12"", ""13""]"	audio	audio.mastermix.wav	data/chorale-bricks/Jan_DuGrosserSchmerzensmann/audio.mastermix.wav	2	"[""2"", ""none of the other options is correct"", ""7"", ""8"", ""6""]"	0.2	0	"[""A"", ""B"", ""C"", ""D"", ""E""]"	"{""A"": ""8"", ""B"": ""6"", ""C"": ""7"", ""D"": ""2"", ""E"": ""none of the other options is correct""}"	"[""(A) 8"", ""(B) 6"", ""(C) 7"", ""(D) 2"", ""(E) none of the other options is correct""]"	(D) 2	D
5361936c-9526-5c07-9b86-d828617609a9	2	perception	pitch	absolute	pitch-absolute	pitch-recognition		pitch statistics	How many times is the note {pitch} present in the {voice} line?	"[""voice"", ""pitch""]"	get_note_quantity		pitch	"{""voice"": ""soprano"", ""pitch"": ""E""}"	How many times is the note E present in the soprano line?	Jan_DuGrosserSchmerzensmann	chorale-bricks	Jan_DuGrosserSchmerzensmann	data/chorale-bricks/Jan_DuGrosserSchmerzensmann	2	"[""1"", ""3"", ""5"", ""6"", ""7"", ""8"", ""9"", ""12"", ""13"", ""14"", ""19""]"	"[""7"", ""8"", ""6"", ""5"", ""14"", ""3"", ""1"", ""9"", ""19"", ""12"", ""13""]"	symbolic	symbolic.abc.txt	data/chorale-bricks/Jan_DuGrosserSchmerzensmann/symbolic.abc.txt	2	"[""2"", ""none of the other options is correct"", ""7"", ""8"", ""6""]"	0.2	0	"[""A"", ""B"", ""C"", ""D"", ""E""]"	"{""A"": ""2"", ""B"": ""6"", ""C"": ""8"", ""D"": ""7"", ""E"": ""none of the other options is correct""}"	"[""(A) 2"", ""(B) 6"", ""(C) 8"", ""(D) 7"", ""(E) none of the other options is correct""]"	(A) 2	A
d9f27ce1-d44b-55da-9f7d-8844343d38b9	2	perception	pitch	absolute	pitch-absolute	pitch-recognition		pitch statistics	How many times is the note {pitch} present in the {voice} line?	"[""voice"", ""pitch""]"	get_note_quantity		pitch	"{""voice"": ""soprano"", ""pitch"": ""E""}"	How many times is the note E present in the soprano line?	Jan_DuGrosserSchmerzensmann	chorale-bricks	Jan_DuGrosserSchmerzensmann	data/chorale-bricks/Jan_DuGrosserSchmerzensmann	2	"[""1"", ""3"", ""5"", ""6"", ""7"", ""8"", ""9"", ""12"", ""13"", ""14"", ""19""]"	"[""7"", ""8"", ""6"", ""5"", ""14"", ""3"", ""1"", ""9"", ""19"", ""12"", ""13""]"	visual	visual.short.png	data/chorale-bricks/Jan_DuGrosserSchmerzensmann/visual.short.png	2	"[""2"", ""none of the other options is correct"", ""7"", ""8"", ""6""]"	0.2	0	"[""A"", ""B"", ""C"", ""D"", ""E""]"	"{""A"": ""none of the other options is correct"", ""B"": ""2"", ""C"": ""7"", ""D"": ""6"", ""E"": ""8""}"	"[""(A) none of the other options is correct"", ""(B) 2"", ""(C) 7"", ""(D) 6"", ""(E) 8""]"	(B) 2	B
fa23e512-e432-5fc6-be1d-e32b6b7f39b3	2	perception	pitch	absolute	pitch-absolute	pitch-recognition		pitch statistics	How many times is the note {pitch} present in the {voice} line?	"[""voice"", ""pitch""]"	get_note_quantity		pitch	"{""voice"": ""tenor"", ""pitch"": ""A""}"	How many times is the note A present in the tenor line?	Vulpius_ChristusDerIstMeinLeben	chorale-bricks	Vulpius_ChristusDerIstMeinLeben	data/chorale-bricks/Vulpius_ChristusDerIstMeinLeben	14	"[""1"", ""2"", ""3"", ""4"", ""5"", ""6"", ""7"", ""8"", ""10"", ""11""]"	"[""1"", ""11"", ""10"", ""7"", ""2"", ""3"", ""4"", ""5"", ""8"", ""6""]"	audio	audio.mastermix.wav	data/chorale-bricks/Vulpius_ChristusDerIstMeinLeben/audio.mastermix.wav	14	"[""14"", ""none of the other options is correct"", ""1"", ""11"", ""10""]"	0.2	0	"[""A"", ""B"", ""C"", ""D"", ""E""]"	"{""A"": ""1"", ""B"": ""11"", ""C"": ""none of the other options is correct"", ""D"": ""14"", ""E"": ""10""}"	"[""(A) 1"", ""(B) 11"", ""(C) none of the other options is correct"", ""(D) 14"", ""(E) 10""]"	(D) 14	D
33aa6456-4630-5d72-a8f7-78eeeb41e90b	2	perception	pitch	absolute	pitch-absolute	pitch-recognition		pitch statistics	How many times is the note {pitch} present in the {voice} line?	"[""voice"", ""pitch""]"	get_note_quantity		pitch	"{""voice"": ""tenor"", ""pitch"": ""A""}"	How many times is the note A present in the tenor line?	Vulpius_ChristusDerIstMeinLeben	chorale-bricks	Vulpius_ChristusDerIstMeinLeben	data/chorale-bricks/Vulpius_ChristusDerIstMeinLeben	14	"[""1"", ""2"", ""3"", ""4"", ""5"", ""6"", ""7"", ""8"", ""10"", ""11""]"	"[""1"", ""11"", ""10"", ""7"", ""2"", ""3"", ""4"", ""5"", ""8"", ""6""]"	symbolic	symbolic.abc.txt	data/chorale-bricks/Vulpius_ChristusDerIstMeinLeben/symbolic.abc.txt	14	"[""14"", ""none of the other options is correct"", ""1"", ""11"", ""10""]"	0.2	0	"[""A"", ""B"", ""C"", ""D"", ""E""]"	"{""A"": ""10"", ""B"": ""1"", ""C"": ""11"", ""D"": ""14"", ""E"": ""none of the other options is correct""}"	"[""(A) 10"", ""(B) 1"", ""(C) 11"", ""(D) 14"", ""(E) none of the other options is correct""]"	(D) 14	D
da6d8c44-959a-5fbe-8b97-8dc50630fa98	2	perception	pitch	absolute	pitch-absolute	pitch-recognition		pitch statistics	How many times is the note {pitch} present in the {voice} line?	"[""voice"", ""pitch""]"	get_note_quantity		pitch	"{""voice"": ""tenor"", ""pitch"": ""A""}"	How many times is the note A present in the tenor line?	Vulpius_ChristusDerIstMeinLeben	chorale-bricks	Vulpius_ChristusDerIstMeinLeben	data/chorale-bricks/Vulpius_ChristusDerIstMeinLeben	14	"[""1"", ""2"", ""3"", ""4"", ""5"", ""6"", ""7"", ""8"", ""10"", ""11""]"	"[""1"", ""11"", ""10"", ""7"", ""2"", ""3"", ""4"", ""5"", ""8"", ""6""]"	visual	visual.short.png	data/chorale-bricks/Vulpius_ChristusDerIstMeinLeben/visual.short.png	14	"[""14"", ""none of the other options is correct"", ""1"", ""11"", ""10""]"	0.2	0	"[""A"", ""B"", ""C"", ""D"", ""E""]"	"{""A"": ""11"", ""B"": ""none of the other options is correct"", ""C"": ""10"", ""D"": ""14"", ""E"": ""1""}"	"[""(A) 11"", ""(B) none of the other options is correct"", ""(C) 10"", ""(D) 14"", ""(E) 1""]"	(D) 14	D
1b939940-634e-591e-915b-91a8609401c9	2	perception	pitch	absolute	pitch-absolute	pitch-recognition		pitch statistics	How many times is the note {pitch} present in the {voice} line?	"[""voice"", ""pitch""]"	get_note_quantity		pitch	"{""voice"": ""alto"", ""pitch"": ""C""}"	How many times is the note C present in the alto line?	Gesius_BefiehlDuDeineWege	chorale-bricks	Gesius_BefiehlDuDeineWege	data/chorale-bricks/Gesius_BefiehlDuDeineWege	5	"[""1"", ""2"", ""3"", ""4"", ""6"", ""7"", ""8"", ""10"", ""11"", ""12"", ""13"", ""16"", ""17""]"	"[""12"", ""17"", ""1"", ""13"", ""7"", ""4"", ""2"", ""10"", ""3"", ""8"", ""16"", ""6"", ""11""]"	audio	audio.mastermix.wav	data/chorale-bricks/Gesius_BefiehlDuDeineWege/audio.mastermix.wav	none of the other options is correct	"[""none of the other options is correct"", ""12"", ""17"", ""1"", ""13""]"	0.2	1	"[""A"", ""B"", ""C"", ""D"", ""E""]"	"{""A"": ""17"", ""B"": ""1"", ""C"": ""12"", ""D"": ""none of the other options is correct"", ""E"": ""13""}"	"[""(A) 17"", ""(B) 1"", ""(C) 12"", ""(D) none of the other options is correct"", ""(E) 13""]"	(D) none of the other options is correct	D
487a577c-4ff0-5fc0-a57d-8719448a423e	2	perception	pitch	absolute	pitch-absolute	pitch-recognition		pitch statistics	How many times is the note {pitch} present in the {voice} line?	"[""voice"", ""pitch""]"	get_note_quantity		pitch	"{""voice"": ""alto"", ""pitch"": ""C""}"	How many times is the note C present in the alto line?	Gesius_BefiehlDuDeineWege	chorale-bricks	Gesius_BefiehlDuDeineWege	data/chorale-bricks/Gesius_BefiehlDuDeineWege	5	"[""1"", ""2"", ""3"", ""4"", ""6"", ""7"", ""8"", ""10"", ""11"", ""12"", ""13"", ""16"", ""17""]"	"[""12"", ""17"", ""1"", ""13"", ""7"", ""4"", ""2"", ""10"", ""3"", ""8"", ""16"", ""6"", ""11""]"	symbolic	symbolic.abc.txt	data/chorale-bricks/Gesius_BefiehlDuDeineWege/symbolic.abc.txt	5	"[""5"", ""none of the other options is correct"", ""12"", ""17"", ""1""]"	0.2	0	"[""A"", ""B"", ""C"", ""D"", ""E""]"	"{""A"": ""17"", ""B"": ""5"", ""C"": ""none of the other options is correct"", ""D"": ""12"", ""E"": ""1""}"	"[""(A) 17"", ""(B) 5"", ""(C) none of the other options is correct"", ""(D) 12"", ""(E) 1""]"	(B) 5	B
a2f74ba1-c2a8-50e2-bb4b-8fa696e1ccb9	2	perception	pitch	absolute	pitch-absolute	pitch-recognition		pitch statistics	How many times is the note {pitch} present in the {voice} line?	"[""voice"", ""pitch""]"	get_note_quantity		pitch	"{""voice"": ""alto"", ""pitch"": ""C""}"	How many times is the note C present in the alto line?	Gesius_BefiehlDuDeineWege	chorale-bricks	Gesius_BefiehlDuDeineWege	data/chorale-bricks/Gesius_BefiehlDuDeineWege	5	"[""1"", ""2"", ""3"", ""4"", ""6"", ""7"", ""8"", ""10"", ""11"", ""12"", ""13"", ""16"", ""17""]"	"[""12"", ""17"", ""1"", ""13"", ""7"", ""4"", ""2"", ""10"", ""3"", ""8"", ""16"", ""6"", ""11""]"	visual	visual.short.png	data/chorale-bricks/Gesius_BefiehlDuDeineWege/visual.short.png	5	"[""5"", ""none of the other options is correct"", ""12"", ""17"", ""1""]"	0.2	0	"[""A"", ""B"", ""C"", ""D"", ""E""]"	"{""A"": ""5"", ""B"": ""17"", ""C"": ""12"", ""D"": ""none of the other options is correct"", ""E"": ""1""}"	"[""(A) 5"", ""(B) 17"", ""(C) 12"", ""(D) none of the other options is correct"", ""(E) 1""]"	(A) 5	A
c7a54421-5efb-5257-825d-85d45ca9ef86	2	perception	pitch	absolute	pitch-absolute	pitch-recognition		pitch statistics	How many times is the note {pitch} present in the {voice} line?	"[""voice"", ""pitch""]"	get_note_quantity		pitch	"{""voice"": ""soprano"", ""pitch"": ""G""}"	How many times is the note G present in the soprano line?	Telemann_DerLiebenSonneLichtUndPracht	chorale-bricks	Telemann_DerLiebenSonneLichtUndPracht	data/chorale-bricks/Telemann_DerLiebenSonneLichtUndPracht	14	"[""2"", ""3"", ""4"", ""5"", ""6"", ""7"", ""8"", ""9"", ""10"", ""11"", ""12"", ""13"", ""19"", ""21""]"	"[""13"", ""9"", ""12"", ""8"", ""2"", ""10"", ""5"", ""21"", ""7"", ""6"", ""19"", ""11"", ""4"", ""3""]"	audio	audio.mastermix.wav	data/chorale-bricks/Telemann_DerLiebenSonneLichtUndPracht/audio.mastermix.wav	14	"[""14"", ""none of the other options is correct"", ""13"", ""9"", ""12""]"	0.2	0	"[""A"", ""B"", ""C"", ""D"", ""E""]"	"{""A"": ""9"", ""B"": ""14"", ""C"": ""12"", ""D"": ""none of the other options is correct"", ""E"": ""13""}"	"[""(A) 9"", ""(B) 14"", ""(C) 12"", ""(D) none of the other options is correct"", ""(E) 13""]"	(B) 14	B
4d99ba85-e523-5832-9490-6817252554e3	2	perception	pitch	absolute	pitch-absolute	pitch-recognition		pitch statistics	How many times is the note {pitch} present in the {voice} line?	"[""voice"", ""pitch""]"	get_note_quantity		pitch	"{""voice"": ""soprano"", ""pitch"": ""G""}"	How many times is the note G present in the soprano line?	Telemann_DerLiebenSonneLichtUndPracht	chorale-bricks	Telemann_DerLiebenSonneLichtUndPracht	data/chorale-bricks/Telemann_DerLiebenSonneLichtUndPracht	14	"[""2"", ""3"", ""4"", ""5"", ""6"", ""7"", ""8"", ""9"", ""10"", ""11"", ""12"", ""13"", ""19"", ""21""]"	"[""13"", ""9"", ""12"", ""8"", ""2"", ""10"", ""5"", ""21"", ""7"", ""6"", ""19"", ""11"", ""4"", ""3""]"	symbolic	symbolic.abc.txt	data/chorale-bricks/Telemann_DerLiebenSonneLichtUndPracht/symbolic.abc.txt	none of the other options is correct	"[""none of the other options is correct"", ""13"", ""9"", ""12"", ""8""]"	0.2	1	"[""A"", ""B"", ""C"", ""D"", ""E""]"	"{""A"": ""9"", ""B"": ""none of the other options is correct"", ""C"": ""12"", ""D"": ""8"", ""E"": ""13""}"	"[""(A) 9"", ""(B) none of the other options is correct"", ""(C) 12"", ""(D) 8"", ""(E) 13""]"	(B) none of the other options is correct	B
7e63684b-24b6-566b-b4e3-397493ac4512	2	perception	pitch	absolute	pitch-absolute	pitch-recognition		pitch statistics	How many times is the note {pitch} present in the {voice} line?	"[""voice"", ""pitch""]"	get_note_quantity		pitch	"{""voice"": ""soprano"", ""pitch"": ""G""}"	How many times is the note G present in the soprano line?	Telemann_DerLiebenSonneLichtUndPracht	chorale-bricks	Telemann_DerLiebenSonneLichtUndPracht	data/chorale-bricks/Telemann_DerLiebenSonneLichtUndPracht	14	"[""2"", ""3"", ""4"", ""5"", ""6"", ""7"", ""8"", ""9"", ""10"", ""11"", ""12"", ""13"", ""19"", ""21""]"	"[""13"", ""9"", ""12"", ""8"", ""2"", ""10"", ""5"", ""21"", ""7"", ""6"", ""19"", ""11"", ""4"", ""3""]"	visual	visual.short.png	data/chorale-bricks/Telemann_DerLiebenSonneLichtUndPracht/visual.short.png	14	"[""14"", ""none of the other options is correct"", ""13"", ""9"", ""12""]"	0.2	0	"[""A"", ""B"", ""C"", ""D"", ""E""]"	"{""A"": ""9"", ""B"": ""13"", ""C"": ""12"", ""D"": ""14"", ""E"": ""none of the other options is correct""}"	"[""(A) 9"", ""(B) 13"", ""(C) 12"", ""(D) 14"", ""(E) none of the other options is correct""]"	(D) 14	D
5898fe8b-87d5-5fb0-a6ad-e882baaff819	2	perception	pitch	absolute	pitch-absolute	pitch-recognition		pitch statistics	How many times is the note {pitch} present in the {voice} line?	"[""voice"", ""pitch""]"	get_note_quantity		pitch	"{""voice"": ""bass"", ""pitch"": ""C""}"	How many times is the note C present in the bass line?	Jan_DuGrosserSchmerzensmann	chorale-bricks	Jan_DuGrosserSchmerzensmann	data/chorale-bricks/Jan_DuGrosserSchmerzensmann	7	"[""1"", ""2"", ""3"", ""5"", ""6"", ""8"", ""9"", ""12"", ""13"", ""14"", ""19""]"	"[""14"", ""2"", ""8"", ""13"", ""3"", ""9"", ""19"", ""6"", ""12"", ""5"", ""1""]"	audio	audio.mastermix.wav	data/chorale-bricks/Jan_DuGrosserSchmerzensmann/audio.mastermix.wav	7	"[""7"", ""none of the other options is correct"", ""14"", ""2"", ""8""]"	0.2	0	"[""A"", ""B"", ""C"", ""D"", ""E""]"	"{""A"": ""14"", ""B"": ""2"", ""C"": ""7"", ""D"": ""none of the other options is correct"", ""E"": ""8""}"	"[""(A) 14"", ""(B) 2"", ""(C) 7"", ""(D) none of the other options is correct"", ""(E) 8""]"	(C) 7	C
1616edf4-e57c-5078-b5f1-eb38937f2f98	2	perception	pitch	absolute	pitch-absolute	pitch-recognition		pitch statistics	How many times is the note {pitch} present in the {voice} line?	"[""voice"", ""pitch""]"	get_note_quantity		pitch	"{""voice"": ""bass"", ""pitch"": ""C""}"	How many times is the note C present in the bass line?	Jan_DuGrosserSchmerzensmann	chorale-bricks	Jan_DuGrosserSchmerzensmann	data/chorale-bricks/Jan_DuGrosserSchmerzensmann	7	"[""1"", ""2"", ""3"", ""5"", ""6"", ""8"", ""9"", ""12"", ""13"", ""14"", ""19""]"	"[""14"", ""2"", ""8"", ""13"", ""3"", ""9"", ""19"", ""6"", ""12"", ""5"", ""1""]"	symbolic	symbolic.abc.txt	data/chorale-bricks/Jan_DuGrosserSchmerzensmann/symbolic.abc.txt	7	"[""7"", ""none of the other options is correct"", ""14"", ""2"", ""8""]"	0.2	0	"[""A"", ""B"", ""C"", ""D"", ""E""]"	"{""A"": ""14"", ""B"": ""none of the other options is correct"", ""C"": ""7"", ""D"": ""8"", ""E"": ""2""}"	"[""(A) 14"", ""(B) none of the other options is correct"", ""(C) 7"", ""(D) 8"", ""(E) 2""]"	(C) 7	C
5cfbe4b8-ef2b-5792-bf10-88b9f6c7cebe	2	perception	pitch	absolute	pitch-absolute	pitch-recognition		pitch statistics	How many times is the note {pitch} present in the {voice} line?	"[""voice"", ""pitch""]"	get_note_quantity		pitch	"{""voice"": ""bass"", ""pitch"": ""C""}"	How many times is the note C present in the bass line?	Jan_DuGrosserSchmerzensmann	chorale-bricks	Jan_DuGrosserSchmerzensmann	data/chorale-bricks/Jan_DuGrosserSchmerzensmann	7	"[""1"", ""2"", ""3"", ""5"", ""6"", ""8"", ""9"", ""12"", ""13"", ""14"", ""19""]"	"[""14"", ""2"", ""8"", ""13"", ""3"", ""9"", ""19"", ""6"", ""12"", ""5"", ""1""]"	visual	visual.short.png	data/chorale-bricks/Jan_DuGrosserSchmerzensmann/visual.short.png	7	"[""7"", ""none of the other options is correct"", ""14"", ""2"", ""8""]"	0.2	0	"[""A"", ""B"", ""C"", ""D"", ""E""]"	"{""A"": ""8"", ""B"": ""none of the other options is correct"", ""C"": ""2"", ""D"": ""14"", ""E"": ""7""}"	"[""(A) 8"", ""(B) none of the other options is correct"", ""(C) 2"", ""(D) 14"", ""(E) 7""]"	(E) 7	E
ee22e34f-a9ab-5992-bfcf-8e870b17d2cf	2	perception	pitch	absolute	pitch-absolute	pitch-recognition		pitch statistics	How many times is the note {pitch} present in the {voice} line?	"[""voice"", ""pitch""]"	get_note_quantity		pitch	"{""voice"": ""bass"", ""pitch"": ""E""}"	How many times is the note E present in the bass line?	Crueger_AufAufMeinHerzMitFreuden	chorale-bricks	Crueger_AufAufMeinHerzMitFreuden	data/chorale-bricks/Crueger_AufAufMeinHerzMitFreuden	7	"[""1"", ""2"", ""4"", ""5"", ""8"", ""9"", ""10"", ""11"", ""13"", ""16"", ""18""]"	"[""18"", ""10"", ""16"", ""8"", ""11"", ""1"", ""4"", ""2"", ""5"", ""9"", ""13""]"	audio	audio.mastermix.wav	data/chorale-bricks/Crueger_AufAufMeinHerzMitFreuden/audio.mastermix.wav	7	"[""7"", ""none of the other options is correct"", ""18"", ""10"", ""16""]"	0.2	0	"[""A"", ""B"", ""C"", ""D"", ""E""]"	"{""A"": ""18"", ""B"": ""7"", ""C"": ""16"", ""D"": ""10"", ""E"": ""none of the other options is correct""}"	"[""(A) 18"", ""(B) 7"", ""(C) 16"", ""(D) 10"", ""(E) none of the other options is correct""]"	(B) 7	B
f4860cf2-ff7b-582b-9300-49d0aebb0734	2	perception	pitch	absolute	pitch-absolute	pitch-recognition		pitch statistics	How many times is the note {pitch} present in the {voice} line?	"[""voice"", ""pitch""]"	get_note_quantity		pitch	"{""voice"": ""bass"", ""pitch"": ""E""}"	How many times is the note E present in the bass line?	Crueger_AufAufMeinHerzMitFreuden	chorale-bricks	Crueger_AufAufMeinHerzMitFreuden	data/chorale-bricks/Crueger_AufAufMeinHerzMitFreuden	7	"[""1"", ""2"", ""4"", ""5"", ""8"", ""9"", ""10"", ""11"", ""13"", ""16"", ""18""]"	"[""18"", ""10"", ""16"", ""8"", ""11"", ""1"", ""4"", ""2"", ""5"", ""9"", ""13""]"	symbolic	symbolic.abc.txt	data/chorale-bricks/Crueger_AufAufMeinHerzMitFreuden/symbolic.abc.txt	7	"[""7"", ""none of the other options is correct"", ""18"", ""10"", ""16""]"	0.2	0	"[""A"", ""B"", ""C"", ""D"", ""E""]"	"{""A"": ""none of the other options is correct"", ""B"": ""18"", ""C"": ""7"", ""D"": ""16"", ""E"": ""10""}"	"[""(A) none of the other options is correct"", ""(B) 18"", ""(C) 7"", ""(D) 16"", ""(E) 10""]"	(C) 7	C
ca1fffd8-c27a-501c-a33a-daf9e3c866be	2	perception	pitch	absolute	pitch-absolute	pitch-recognition		pitch statistics	How many times is the note {pitch} present in the {voice} line?	"[""voice"", ""pitch""]"	get_note_quantity		pitch	"{""voice"": ""bass"", ""pitch"": ""E""}"	How many times is the note E present in the bass line?	Crueger_AufAufMeinHerzMitFreuden	chorale-bricks	Crueger_AufAufMeinHerzMitFreuden	data/chorale-bricks/Crueger_AufAufMeinHerzMitFreuden	7	"[""1"", ""2"", ""4"", ""5"", ""8"", ""9"", ""10"", ""11"", ""13"", ""16"", ""18""]"	"[""18"", ""10"", ""16"", ""8"", ""11"", ""1"", ""4"", ""2"", ""5"", ""9"", ""13""]"	visual	visual.short.png	data/chorale-bricks/Crueger_AufAufMeinHerzMitFreuden/visual.short.png	7	"[""7"", ""none of the other options is correct"", ""18"", ""10"", ""16""]"	0.2	0	"[""A"", ""B"", ""C"", ""D"", ""E""]"	"{""A"": ""18"", ""B"": ""16"", ""C"": ""none of the other options is correct"", ""D"": ""7"", ""E"": ""10""}"	"[""(A) 18"", ""(B) 16"", ""(C) none of the other options is correct"", ""(D) 7"", ""(E) 10""]"	(D) 7	D
ae8b95e0-83d7-5266-8c03-4c299197cf88	2	perception	pitch	absolute	pitch-absolute	pitch-recognition		pitch statistics	How many times is the note {pitch} present in the {voice} line?	"[""voice"", ""pitch""]"	get_note_quantity		pitch	"{""voice"": ""bass"", ""pitch"": ""G""}"	How many times is the note G present in the bass line?	Gesius_DuFriedensfuerstHerrJesuChrist	chorale-bricks	Gesius_DuFriedensfuerstHerrJesuChrist	data/chorale-bricks/Gesius_DuFriedensfuerstHerrJesuChrist	7	"[""1"", ""2"", ""3"", ""4"", ""5"", ""6"", ""8"", ""9"", ""12"", ""13"", ""14"", ""15""]"	"[""9"", ""1"", ""4"", ""14"", ""5"", ""8"", ""12"", ""6"", ""15"", ""3"", ""13"", ""2""]"	audio	audio.mastermix.wav	data/chorale-bricks/Gesius_DuFriedensfuerstHerrJesuChrist/audio.mastermix.wav	7	"[""7"", ""none of the other options is correct"", ""9"", ""1"", ""4""]"	0.2	0	"[""A"", ""B"", ""C"", ""D"", ""E""]"	"{""A"": ""7"", ""B"": ""1"", ""C"": ""9"", ""D"": ""none of the other options is correct"", ""E"": ""4""}"	"[""(A) 7"", ""(B) 1"", ""(C) 9"", ""(D) none of the other options is correct"", ""(E) 4""]"	(A) 7	A
d94e65d6-eefe-5f21-a02e-069d4bc1f162	2	perception	pitch	absolute	pitch-absolute	pitch-recognition		pitch statistics	How many times is the note {pitch} present in the {voice} line?	"[""voice"", ""pitch""]"	get_note_quantity		pitch	"{""voice"": ""bass"", ""pitch"": ""G""}"	How many times is the note G present in the bass line?	Gesius_DuFriedensfuerstHerrJesuChrist	chorale-bricks	Gesius_DuFriedensfuerstHerrJesuChrist	data/chorale-bricks/Gesius_DuFriedensfuerstHerrJesuChrist	7	"[""1"", ""2"", ""3"", ""4"", ""5"", ""6"", ""8"", ""9"", ""12"", ""13"", ""14"", ""15""]"	"[""9"", ""1"", ""4"", ""14"", ""5"", ""8"", ""12"", ""6"", ""15"", ""3"", ""13"", ""2""]"	symbolic	symbolic.abc.txt	data/chorale-bricks/Gesius_DuFriedensfuerstHerrJesuChrist/symbolic.abc.txt	7	"[""7"", ""none of the other options is correct"", ""9"", ""1"", ""4""]"	0.2	0	"[""A"", ""B"", ""C"", ""D"", ""E""]"	"{""A"": ""none of the other options is correct"", ""B"": ""9"", ""C"": ""7"", ""D"": ""1"", ""E"": ""4""}"	"[""(A) none of the other options is correct"", ""(B) 9"", ""(C) 7"", ""(D) 1"", ""(E) 4""]"	(C) 7	C
c3ee25ac-54ff-53ae-86a6-309bad7b6673	2	perception	pitch	absolute	pitch-absolute	pitch-recognition		pitch statistics	How many times is the note {pitch} present in the {voice} line?	"[""voice"", ""pitch""]"	get_note_quantity		pitch	"{""voice"": ""bass"", ""pitch"": ""G""}"	How many times is the note G present in the bass line?	Gesius_DuFriedensfuerstHerrJesuChrist	chorale-bricks	Gesius_DuFriedensfuerstHerrJesuChrist	data/chorale-bricks/Gesius_DuFriedensfuerstHerrJesuChrist	7	"[""1"", ""2"", ""3"", ""4"", ""5"", ""6"", ""8"", ""9"", ""12"", ""13"", ""14"", ""15""]"	"[""9"", ""1"", ""4"", ""14"", ""5"", ""8"", ""12"", ""6"", ""15"", ""3"", ""13"", ""2""]"	visual	visual.short.png	data/chorale-bricks/Gesius_DuFriedensfuerstHerrJesuChrist/visual.short.png	7	"[""7"", ""none of the other options is correct"", ""9"", ""1"", ""4""]"	0.2	0	"[""A"", ""B"", ""C"", ""D"", ""E""]"	"{""A"": ""none of the other options is correct"", ""B"": ""1"", ""C"": ""4"", ""D"": ""9"", ""E"": ""7""}"	"[""(A) none of the other options is correct"", ""(B) 1"", ""(C) 4"", ""(D) 9"", ""(E) 7""]"	(E) 7	E
17e2e685-c97b-52da-aa79-ee61d22f46c8	2	perception	pitch	absolute	pitch-absolute	pitch-recognition		pitch statistics	How many times is the note {pitch} present in the {voice} line?	"[""voice"", ""pitch""]"	get_note_quantity		pitch	"{""voice"": ""bass"", ""pitch"": ""F sharp""}"	How many times is the note F sharp present in the bass line?	Anonymous_AusMeinesHerzensGrunde	chorale-bricks	Anonymous_AusMeinesHerzensGrunde	data/chorale-bricks/Anonymous_AusMeinesHerzensGrunde	7	"[""1"", ""2"", ""3"", ""5"", ""6"", ""8"", ""9"", ""13"", ""15"", ""16"", ""18"", ""23"", ""25""]"	"[""5"", ""3"", ""25"", ""18"", ""16"", ""8"", ""23"", ""1"", ""15"", ""13"", ""9"", ""2"", ""6""]"	audio	audio.mastermix.wav	data/chorale-bricks/Anonymous_AusMeinesHerzensGrunde/audio.mastermix.wav	7	"[""7"", ""none of the other options is correct"", ""5"", ""3"", ""25""]"	0.2	0	"[""A"", ""B"", ""C"", ""D"", ""E""]"	"{""A"": ""none of the other options is correct"", ""B"": ""7"", ""C"": ""25"", ""D"": ""5"", ""E"": ""3""}"	"[""(A) none of the other options is correct"", ""(B) 7"", ""(C) 25"", ""(D) 5"", ""(E) 3""]"	(B) 7	B
3ab754d3-f8fc-56ff-9094-2a63a0e9e8f1	2	perception	pitch	absolute	pitch-absolute	pitch-recognition		pitch statistics	How many times is the note {pitch} present in the {voice} line?	"[""voice"", ""pitch""]"	get_note_quantity		pitch	"{""voice"": ""bass"", ""pitch"": ""F sharp""}"	How many times is the note F sharp present in the bass line?	Anonymous_AusMeinesHerzensGrunde	chorale-bricks	Anonymous_AusMeinesHerzensGrunde	data/chorale-bricks/Anonymous_AusMeinesHerzensGrunde	7	"[""1"", ""2"", ""3"", ""5"", ""6"", ""8"", ""9"", ""13"", ""15"", ""16"", ""18"", ""23"", ""25""]"	"[""5"", ""3"", ""25"", ""18"", ""16"", ""8"", ""23"", ""1"", ""15"", ""13"", ""9"", ""2"", ""6""]"	symbolic	symbolic.abc.txt	data/chorale-bricks/Anonymous_AusMeinesHerzensGrunde/symbolic.abc.txt	7	"[""7"", ""none of the other options is correct"", ""5"", ""3"", ""25""]"	0.2	0	"[""A"", ""B"", ""C"", ""D"", ""E""]"	"{""A"": ""25"", ""B"": ""5"", ""C"": ""3"", ""D"": ""none of the other options is correct"", ""E"": ""7""}"	"[""(A) 25"", ""(B) 5"", ""(C) 3"", ""(D) none of the other options is correct"", ""(E) 7""]"	(E) 7	E
77ded0dc-14f6-5dd0-970c-1e03858e6ed6	2	perception	pitch	absolute	pitch-absolute	pitch-recognition		pitch statistics	How many times is the note {pitch} present in the {voice} line?	"[""voice"", ""pitch""]"	get_note_quantity		pitch	"{""voice"": ""bass"", ""pitch"": ""F sharp""}"	How many times is the note F sharp present in the bass line?	Anonymous_AusMeinesHerzensGrunde	chorale-bricks	Anonymous_AusMeinesHerzensGrunde	data/chorale-bricks/Anonymous_AusMeinesHerzensGrunde	7	"[""1"", ""2"", ""3"", ""5"", ""6"", ""8"", ""9"", ""13"", ""15"", ""16"", ""18"", ""23"", ""25""]"	"[""5"", ""3"", ""25"", ""18"", ""16"", ""8"", ""23"", ""1"", ""15"", ""13"", ""9"", ""2"", ""6""]"	visual	visual.short.png	data/chorale-bricks/Anonymous_AusMeinesHerzensGrunde/visual.short.png	none of the other options is correct	"[""none of the other options is correct"", ""5"", ""3"", ""25"", ""18""]"	0.2	1	"[""A"", ""B"", ""C"", ""D"", ""E""]"	"{""A"": ""3"", ""B"": ""18"", ""C"": ""none of the other options is correct"", ""D"": ""5"", ""E"": ""25""}"	"[""(A) 3"", ""(B) 18"", ""(C) none of the other options is correct"", ""(D) 5"", ""(E) 25""]"	(C) none of the other options is correct	C
be7e8fd4-b71a-571c-ad7a-d0c3a0551fca	2	perception	pitch	absolute	pitch-absolute	pitch-recognition		pitch statistics	How many times is the note {pitch} present in the {voice} line?	"[""voice"", ""pitch""]"	get_note_quantity		pitch	"{""voice"": ""bass"", ""pitch"": ""G""}"	How many times is the note G present in the bass line?	Drese_JesuGehVoran	chorale-bricks	Drese_JesuGehVoran	data/chorale-bricks/Drese_JesuGehVoran	8	"[""1"", ""2"", ""3"", ""4"", ""5"", ""6"", ""7"", ""9"", ""10"", ""12"", ""13"", ""17""]"	"[""9"", ""10"", ""17"", ""3"", ""1"", ""13"", ""5"", ""6"", ""2"", ""4"", ""12"", ""7""]"	audio	audio.mastermix.wav	data/chorale-bricks/Drese_JesuGehVoran/audio.mastermix.wav	8	"[""8"", ""none of the other options is correct"", ""9"", ""10"", ""17""]"	0.2	0	"[""A"", ""B"", ""C"", ""D"", ""E""]"	"{""A"": ""9"", ""B"": ""8"", ""C"": ""17"", ""D"": ""none of the other options is correct"", ""E"": ""10""}"	"[""(A) 9"", ""(B) 8"", ""(C) 17"", ""(D) none of the other options is correct"", ""(E) 10""]"	(B) 8	B
9c30f90d-9f41-5ec9-af7b-05b0362c9443	2	perception	pitch	absolute	pitch-absolute	pitch-recognition		pitch statistics	How many times is the note {pitch} present in the {voice} line?	"[""voice"", ""pitch""]"	get_note_quantity		pitch	"{""voice"": ""bass"", ""pitch"": ""G""}"	How many times is the note G present in the bass line?	Drese_JesuGehVoran	chorale-bricks	Drese_JesuGehVoran	data/chorale-bricks/Drese_JesuGehVoran	8	"[""1"", ""2"", ""3"", ""4"", ""5"", ""6"", ""7"", ""9"", ""10"", ""12"", ""13"", ""17""]"	"[""9"", ""10"", ""17"", ""3"", ""1"", ""13"", ""5"", ""6"", ""2"", ""4"", ""12"", ""7""]"	symbolic	symbolic.abc.txt	data/chorale-bricks/Drese_JesuGehVoran/symbolic.abc.txt	8	"[""8"", ""none of the other options is correct"", ""9"", ""10"", ""17""]"	0.2	0	"[""A"", ""B"", ""C"", ""D"", ""E""]"	"{""A"": ""9"", ""B"": ""8"", ""C"": ""none of the other options is correct"", ""D"": ""10"", ""E"": ""17""}"	"[""(A) 9"", ""(B) 8"", ""(C) none of the other options is correct"", ""(D) 10"", ""(E) 17""]"	(B) 8	B
a5c1458f-cc7a-54f1-b4d4-787d809f5a5c	2	perception	pitch	absolute	pitch-absolute	pitch-recognition		pitch statistics	How many times is the note {pitch} present in the {voice} line?	"[""voice"", ""pitch""]"	get_note_quantity		pitch	"{""voice"": ""bass"", ""pitch"": ""G""}"	How many times is the note G present in the bass line?	Drese_JesuGehVoran	chorale-bricks	Drese_JesuGehVoran	data/chorale-bricks/Drese_JesuGehVoran	8	"[""1"", ""2"", ""3"", ""4"", ""5"", ""6"", ""7"", ""9"", ""10"", ""12"", ""13"", ""17""]"	"[""9"", ""10"", ""17"", ""3"", ""1"", ""13"", ""5"", ""6"", ""2"", ""4"", ""12"", ""7""]"	visual	visual.short.png	data/chorale-bricks/Drese_JesuGehVoran/visual.short.png	none of the other options is correct	"[""none of the other options is correct"", ""9"", ""10"", ""17"", ""3""]"	0.2	1	"[""A"", ""B"", ""C"", ""D"", ""E""]"	"{""A"": ""9"", ""B"": ""17"", ""C"": ""3"", ""D"": ""none of the other options is correct"", ""E"": ""10""}"	"[""(A) 9"", ""(B) 17"", ""(C) 3"", ""(D) none of the other options is correct"", ""(E) 10""]"	(D) none of the other options is correct	D
04f383f5-5d96-5bf8-826d-415a15434314	2	perception	pitch	absolute	pitch-absolute	pitch-recognition		pitch statistics	How many times is the note {pitch} present in the {voice} line?	"[""voice"", ""pitch""]"	get_note_quantity		pitch	"{""voice"": ""soprano"", ""pitch"": ""B""}"	How many times is the note B present in the soprano line?	Vulpius_ChristusDerIstMeinLeben	chorale-bricks	Vulpius_ChristusDerIstMeinLeben	data/chorale-bricks/Vulpius_ChristusDerIstMeinLeben	4	"[""1"", ""2"", ""3"", ""5"", ""6"", ""7"", ""8"", ""10"", ""11"", ""14""]"	"[""2"", ""3"", ""8"", ""7"", ""14"", ""11"", ""6"", ""1"", ""10"", ""5""]"	audio	audio.mastermix.wav	data/chorale-bricks/Vulpius_ChristusDerIstMeinLeben/audio.mastermix.wav	4	"[""4"", ""none of the other options is correct"", ""2"", ""3"", ""8""]"	0.2	0	"[""A"", ""B"", ""C"", ""D"", ""E""]"	"{""A"": ""3"", ""B"": ""2"", ""C"": ""8"", ""D"": ""none of the other options is correct"", ""E"": ""4""}"	"[""(A) 3"", ""(B) 2"", ""(C) 8"", ""(D) none of the other options is correct"", ""(E) 4""]"	(E) 4	E
bc4a9689-c00b-55dd-9ef9-2992338e3e0f	2	perception	pitch	absolute	pitch-absolute	pitch-recognition		pitch statistics	How many times is the note {pitch} present in the {voice} line?	"[""voice"", ""pitch""]"	get_note_quantity		pitch	"{""voice"": ""soprano"", ""pitch"": ""B""}"	How many times is the note B present in the soprano line?	Vulpius_ChristusDerIstMeinLeben	chorale-bricks	Vulpius_ChristusDerIstMeinLeben	data/chorale-bricks/Vulpius_ChristusDerIstMeinLeben	4	"[""1"", ""2"", ""3"", ""5"", ""6"", ""7"", ""8"", ""10"", ""11"", ""14""]"	"[""2"", ""3"", ""8"", ""7"", ""14"", ""11"", ""6"", ""1"", ""10"", ""5""]"	symbolic	symbolic.abc.txt	data/chorale-bricks/Vulpius_ChristusDerIstMeinLeben/symbolic.abc.txt	4	"[""4"", ""none of the other options is correct"", ""2"", ""3"", ""8""]"	0.2	0	"[""A"", ""B"", ""C"", ""D"", ""E""]"	"{""A"": ""none of the other options is correct"", ""B"": ""3"", ""C"": ""2"", ""D"": ""8"", ""E"": ""4""}"	"[""(A) none of the other options is correct"", ""(B) 3"", ""(C) 2"", ""(D) 8"", ""(E) 4""]"	(E) 4	E
17d33817-801c-5fe4-9476-ff8cfbea4d95	2	perception	pitch	absolute	pitch-absolute	pitch-recognition		pitch statistics	How many times is the note {pitch} present in the {voice} line?	"[""voice"", ""pitch""]"	get_note_quantity		pitch	"{""voice"": ""soprano"", ""pitch"": ""B""}"	How many times is the note B present in the soprano line?	Vulpius_ChristusDerIstMeinLeben	chorale-bricks	Vulpius_ChristusDerIstMeinLeben	data/chorale-bricks/Vulpius_ChristusDerIstMeinLeben	4	"[""1"", ""2"", ""3"", ""5"", ""6"", ""7"", ""8"", ""10"", ""11"", ""14""]"	"[""2"", ""3"", ""8"", ""7"", ""14"", ""11"", ""6"", ""1"", ""10"", ""5""]"	visual	visual.short.png	data/chorale-bricks/Vulpius_ChristusDerIstMeinLeben/visual.short.png	none of the other options is correct	"[""none of the other options is correct"", ""2"", ""3"", ""8"", ""7""]"	0.2	1	"[""A"", ""B"", ""C"", ""D"", ""E""]"	"{""A"": ""3"", ""B"": ""7"", ""C"": ""2"", ""D"": ""none of the other options is correct"", ""E"": ""8""}"	"[""(A) 3"", ""(B) 7"", ""(C) 2"", ""(D) none of the other options is correct"", ""(E) 8""]"	(D) none of the other options is correct	D
6206892b-4994-572c-a5bb-f056e0d1e23f	2	perception	pitch	absolute	pitch-absolute	pitch-recognition		pitch statistics	How many times is the note {pitch} present in the {voice} line?	"[""voice"", ""pitch""]"	get_note_quantity		pitch	"{""voice"": ""alto"", ""pitch"": ""F sharp""}"	How many times is the note F sharp present in the alto line?	Telemann_DerLiebenSonneLichtUndPracht	chorale-bricks	Telemann_DerLiebenSonneLichtUndPracht	data/chorale-bricks/Telemann_DerLiebenSonneLichtUndPracht	7	"[""2"", ""3"", ""4"", ""5"", ""6"", ""8"", ""9"", ""10"", ""11"", ""12"", ""13"", ""14"", ""19"", ""21""]"	"[""12"", ""8"", ""3"", ""19"", ""21"", ""11"", ""10"", ""4"", ""2"", ""5"", ""13"", ""14"", ""6"", ""9""]"	audio	audio.mastermix.wav	data/chorale-bricks/Telemann_DerLiebenSonneLichtUndPracht/audio.mastermix.wav	none of the other options is correct	"[""none of the other options is correct"", ""12"", ""8"", ""3"", ""19""]"	0.2	1	"[""A"", ""B"", ""C"", ""D"", ""E""]"	"{""A"": ""none of the other options is correct"", ""B"": ""8"", ""C"": ""19"", ""D"": ""3"", ""E"": ""12""}"	"[""(A) none of the other options is correct"", ""(B) 8"", ""(C) 19"", ""(D) 3"", ""(E) 12""]"	(A) none of the other options is correct	A
8ae5b1ef-217b-518f-a043-60b51c7f747d	2	perception	pitch	absolute	pitch-absolute	pitch-recognition		pitch statistics	How many times is the note {pitch} present in the {voice} line?	"[""voice"", ""pitch""]"	get_note_quantity		pitch	"{""voice"": ""alto"", ""pitch"": ""F sharp""}"	How many times is the note F sharp present in the alto line?	Telemann_DerLiebenSonneLichtUndPracht	chorale-bricks	Telemann_DerLiebenSonneLichtUndPracht	data/chorale-bricks/Telemann_DerLiebenSonneLichtUndPracht	7	"[""2"", ""3"", ""4"", ""5"", ""6"", ""8"", ""9"", ""10"", ""11"", ""12"", ""13"", ""14"", ""19"", ""21""]"	"[""12"", ""8"", ""3"", ""19"", ""21"", ""11"", ""10"", ""4"", ""2"", ""5"", ""13"", ""14"", ""6"", ""9""]"	symbolic	symbolic.abc.txt	data/chorale-bricks/Telemann_DerLiebenSonneLichtUndPracht/symbolic.abc.txt	7	"[""7"", ""none of the other options is correct"", ""12"", ""8"", ""3""]"	0.2	0	"[""A"", ""B"", ""C"", ""D"", ""E""]"	"{""A"": ""12"", ""B"": ""none of the other options is correct"", ""C"": ""7"", ""D"": ""3"", ""E"": ""8""}"	"[""(A) 12"", ""(B) none of the other options is correct"", ""(C) 7"", ""(D) 3"", ""(E) 8""]"	(C) 7	C
5d8611bd-cc81-56d4-9933-e5b5f5262f46	2	perception	pitch	absolute	pitch-absolute	pitch-recognition		pitch statistics	How many times is the note {pitch} present in the {voice} line?	"[""voice"", ""pitch""]"	get_note_quantity		pitch	"{""voice"": ""alto"", ""pitch"": ""F sharp""}"	How many times is the note F sharp present in the alto line?	Telemann_DerLiebenSonneLichtUndPracht	chorale-bricks	Telemann_DerLiebenSonneLichtUndPracht	data/chorale-bricks/Telemann_DerLiebenSonneLichtUndPracht	7	"[""2"", ""3"", ""4"", ""5"", ""6"", ""8"", ""9"", ""10"", ""11"", ""12"", ""13"", ""14"", ""19"", ""21""]"	"[""12"", ""8"", ""3"", ""19"", ""21"", ""11"", ""10"", ""4"", ""2"", ""5"", ""13"", ""14"", ""6"", ""9""]"	visual	visual.short.png	data/chorale-bricks/Telemann_DerLiebenSonneLichtUndPracht/visual.short.png	7	"[""7"", ""none of the other options is correct"", ""12"", ""8"", ""3""]"	0.2	0	"[""A"", ""B"", ""C"", ""D"", ""E""]"	"{""A"": ""3"", ""B"": ""7"", ""C"": ""none of the other options is correct"", ""D"": ""8"", ""E"": ""12""}"	"[""(A) 3"", ""(B) 7"", ""(C) none of the other options is correct"", ""(D) 8"", ""(E) 12""]"	(B) 7	B
59d047f3-94ff-516a-9366-3453de253ba5	2	perception	pitch	absolute	pitch-absolute	pitch-recognition		pitch statistics	How many times is the note {pitch} present in the {voice} line?	"[""voice"", ""pitch""]"	get_note_quantity		pitch	"{""voice"": ""bass"", ""pitch"": ""C""}"	How many times is the note C present in the bass line?	Anonymous_AusMeinesHerzensGrunde	chorale-bricks	Anonymous_AusMeinesHerzensGrunde	data/chorale-bricks/Anonymous_AusMeinesHerzensGrunde	1	"[""2"", ""3"", ""5"", ""6"", ""7"", ""8"", ""9"", ""13"", ""15"", ""16"", ""18"", ""23"", ""25""]"	"[""6"", ""7"", ""3"", ""8"", ""13"", ""2"", ""16"", ""15"", ""23"", ""5"", ""18"", ""9"", ""25""]"	audio	audio.mastermix.wav	data/chorale-bricks/Anonymous_AusMeinesHerzensGrunde/audio.mastermix.wav	none of the other options is correct	"[""none of the other options is correct"", ""6"", ""7"", ""3"", ""8""]"	0.2	1	"[""A"", ""B"", ""C"", ""D"", ""E""]"	"{""A"": ""6"", ""B"": ""7"", ""C"": ""3"", ""D"": ""none of the other options is correct"", ""E"": ""8""}"	"[""(A) 6"", ""(B) 7"", ""(C) 3"", ""(D) none of the other options is correct"", ""(E) 8""]"	(D) none of the other options is correct	D
a104f39c-0c5e-541a-af23-d7b9d0aece28	2	perception	pitch	absolute	pitch-absolute	pitch-recognition		pitch statistics	How many times is the note {pitch} present in the {voice} line?	"[""voice"", ""pitch""]"	get_note_quantity		pitch	"{""voice"": ""bass"", ""pitch"": ""C""}"	How many times is the note C present in the bass line?	Anonymous_AusMeinesHerzensGrunde	chorale-bricks	Anonymous_AusMeinesHerzensGrunde	data/chorale-bricks/Anonymous_AusMeinesHerzensGrunde	1	"[""2"", ""3"", ""5"", ""6"", ""7"", ""8"", ""9"", ""13"", ""15"", ""16"", ""18"", ""23"", ""25""]"	"[""6"", ""7"", ""3"", ""8"", ""13"", ""2"", ""16"", ""15"", ""23"", ""5"", ""18"", ""9"", ""25""]"	symbolic	symbolic.abc.txt	data/chorale-bricks/Anonymous_AusMeinesHerzensGrunde/symbolic.abc.txt	1	"[""1"", ""none of the other options is correct"", ""6"", ""7"", ""3""]"	0.2	0	"[""A"", ""B"", ""C"", ""D"", ""E""]"	"{""A"": ""6"", ""B"": ""1"", ""C"": ""none of the other options is correct"", ""D"": ""7"", ""E"": ""3""}"	"[""(A) 6"", ""(B) 1"", ""(C) none of the other options is correct"", ""(D) 7"", ""(E) 3""]"	(B) 1	B
797c31bf-1fd3-576e-8907-5012e6b91998	2	perception	pitch	absolute	pitch-absolute	pitch-recognition		pitch statistics	How many times is the note {pitch} present in the {voice} line?	"[""voice"", ""pitch""]"	get_note_quantity		pitch	"{""voice"": ""bass"", ""pitch"": ""C""}"	How many times is the note C present in the bass line?	Anonymous_AusMeinesHerzensGrunde	chorale-bricks	Anonymous_AusMeinesHerzensGrunde	data/chorale-bricks/Anonymous_AusMeinesHerzensGrunde	1	"[""2"", ""3"", ""5"", ""6"", ""7"", ""8"", ""9"", ""13"", ""15"", ""16"", ""18"", ""23"", ""25""]"	"[""6"", ""7"", ""3"", ""8"", ""13"", ""2"", ""16"", ""15"", ""23"", ""5"", ""18"", ""9"", ""25""]"	visual	visual.short.png	data/chorale-bricks/Anonymous_AusMeinesHerzensGrunde/visual.short.png	1	"[""1"", ""none of the other options is correct"", ""6"", ""7"", ""3""]"	0.2	0	"[""A"", ""B"", ""C"", ""D"", ""E""]"	"{""A"": ""6"", ""B"": ""7"", ""C"": ""3"", ""D"": ""1"", ""E"": ""none of the other options is correct""}"	"[""(A) 6"", ""(B) 7"", ""(C) 3"", ""(D) 1"", ""(E) none of the other options is correct""]"	(D) 1	D
497b64ce-c61f-5613-b2b6-c84086d04d06	2	perception	pitch	absolute	pitch-absolute	pitch-recognition		pitch statistics	How many times is the note {pitch} present in the {voice} line?	"[""voice"", ""pitch""]"	get_note_quantity		pitch	"{""voice"": ""soprano"", ""pitch"": ""A""}"	How many times is the note A present in the soprano line?	Jan_DuGrosserSchmerzensmann	chorale-bricks	Jan_DuGrosserSchmerzensmann	data/chorale-bricks/Jan_DuGrosserSchmerzensmann	13	"[""1"", ""2"", ""3"", ""5"", ""6"", ""7"", ""8"", ""9"", ""12"", ""14"", ""19""]"	"[""2"", ""6"", ""8"", ""1"", ""12"", ""3"", ""5"", ""14"", ""7"", ""19"", ""9""]"	audio	audio.mastermix.wav	data/chorale-bricks/Jan_DuGrosserSchmerzensmann/audio.mastermix.wav	13	"[""13"", ""none of the other options is correct"", ""2"", ""6"", ""8""]"	0.2	0	"[""A"", ""B"", ""C"", ""D"", ""E""]"	"{""A"": ""13"", ""B"": ""6"", ""C"": ""none of the other options is correct"", ""D"": ""2"", ""E"": ""8""}"	"[""(A) 13"", ""(B) 6"", ""(C) none of the other options is correct"", ""(D) 2"", ""(E) 8""]"	(A) 13	A
57421228-0277-55e7-af90-4d9fcefdc29f	2	perception	pitch	absolute	pitch-absolute	pitch-recognition		pitch statistics	How many times is the note {pitch} present in the {voice} line?	"[""voice"", ""pitch""]"	get_note_quantity		pitch	"{""voice"": ""soprano"", ""pitch"": ""A""}"	How many times is the note A present in the soprano line?	Jan_DuGrosserSchmerzensmann	chorale-bricks	Jan_DuGrosserSchmerzensmann	data/chorale-bricks/Jan_DuGrosserSchmerzensmann	13	"[""1"", ""2"", ""3"", ""5"", ""6"", ""7"", ""8"", ""9"", ""12"", ""14"", ""19""]"	"[""2"", ""6"", ""8"", ""1"", ""12"", ""3"", ""5"", ""14"", ""7"", ""19"", ""9""]"	symbolic	symbolic.abc.txt	data/chorale-bricks/Jan_DuGrosserSchmerzensmann/symbolic.abc.txt	13	"[""13"", ""none of the other options is correct"", ""2"", ""6"", ""8""]"	0.2	0	"[""A"", ""B"", ""C"", ""D"", ""E""]"	"{""A"": ""13"", ""B"": ""none of the other options is correct"", ""C"": ""8"", ""D"": ""2"", ""E"": ""6""}"	"[""(A) 13"", ""(B) none of the other options is correct"", ""(C) 8"", ""(D) 2"", ""(E) 6""]"	(A) 13	A
c8567ae2-cc23-5296-8ca2-95151fc18fa9	2	perception	pitch	absolute	pitch-absolute	pitch-recognition		pitch statistics	How many times is the note {pitch} present in the {voice} line?	"[""voice"", ""pitch""]"	get_note_quantity		pitch	"{""voice"": ""soprano"", ""pitch"": ""A""}"	How many times is the note A present in the soprano line?	Jan_DuGrosserSchmerzensmann	chorale-bricks	Jan_DuGrosserSchmerzensmann	data/chorale-bricks/Jan_DuGrosserSchmerzensmann	13	"[""1"", ""2"", ""3"", ""5"", ""6"", ""7"", ""8"", ""9"", ""12"", ""14"", ""19""]"	"[""2"", ""6"", ""8"", ""1"", ""12"", ""3"", ""5"", ""14"", ""7"", ""19"", ""9""]"	visual	visual.short.png	data/chorale-bricks/Jan_DuGrosserSchmerzensmann/visual.short.png	13	"[""13"", ""none of the other options is correct"", ""2"", ""6"", ""8""]"	0.2	0	"[""A"", ""B"", ""C"", ""D"", ""E""]"	"{""A"": ""2"", ""B"": ""8"", ""C"": ""6"", ""D"": ""13"", ""E"": ""none of the other options is correct""}"	"[""(A) 2"", ""(B) 8"", ""(C) 6"", ""(D) 13"", ""(E) none of the other options is correct""]"	(D) 13	D
aa271cfd-95b9-51ce-bf8d-2821eb687bf9	2	perception	pitch	absolute	pitch-absolute	pitch-recognition		pitch statistics	How many times is the note {pitch} present in the {voice} line?	"[""voice"", ""pitch""]"	get_note_quantity		pitch	"{""voice"": ""soprano"", ""pitch"": ""A""}"	How many times is the note A present in the soprano line?	Vulpius_ChristusDerIstMeinLeben	chorale-bricks	Vulpius_ChristusDerIstMeinLeben	data/chorale-bricks/Vulpius_ChristusDerIstMeinLeben	4	"[""1"", ""2"", ""3"", ""5"", ""6"", ""7"", ""8"", ""10"", ""11"", ""14""]"	"[""6"", ""2"", ""3"", ""14"", ""8"", ""1"", ""11"", ""10"", ""5"", ""7""]"	audio	audio.mastermix.wav	data/chorale-bricks/Vulpius_ChristusDerIstMeinLeben/audio.mastermix.wav	4	"[""4"", ""none of the other options is correct"", ""6"", ""2"", ""3""]"	0.2	0	"[""A"", ""B"", ""C"", ""D"", ""E""]"	"{""A"": ""4"", ""B"": ""2"", ""C"": ""none of the other options is correct"", ""D"": ""6"", ""E"": ""3""}"	"[""(A) 4"", ""(B) 2"", ""(C) none of the other options is correct"", ""(D) 6"", ""(E) 3""]"	(A) 4	A
f5a581bc-d3c0-5d71-afad-900033644774	2	perception	pitch	absolute	pitch-absolute	pitch-recognition		pitch statistics	How many times is the note {pitch} present in the {voice} line?	"[""voice"", ""pitch""]"	get_note_quantity		pitch	"{""voice"": ""soprano"", ""pitch"": ""A""}"	How many times is the note A present in the soprano line?	Vulpius_ChristusDerIstMeinLeben	chorale-bricks	Vulpius_ChristusDerIstMeinLeben	data/chorale-bricks/Vulpius_ChristusDerIstMeinLeben	4	"[""1"", ""2"", ""3"", ""5"", ""6"", ""7"", ""8"", ""10"", ""11"", ""14""]"	"[""6"", ""2"", ""3"", ""14"", ""8"", ""1"", ""11"", ""10"", ""5"", ""7""]"	symbolic	symbolic.abc.txt	data/chorale-bricks/Vulpius_ChristusDerIstMeinLeben/symbolic.abc.txt	4	"[""4"", ""none of the other options is correct"", ""6"", ""2"", ""3""]"	0.2	0	"[""A"", ""B"", ""C"", ""D"", ""E""]"	"{""A"": ""4"", ""B"": ""none of the other options is correct"", ""C"": ""3"", ""D"": ""2"", ""E"": ""6""}"	"[""(A) 4"", ""(B) none of the other options is correct"", ""(C) 3"", ""(D) 2"", ""(E) 6""]"	(A) 4	A
4735ecfa-bdb0-5d41-a06a-617b7a3c0124	2	perception	pitch	absolute	pitch-absolute	pitch-recognition		pitch statistics	How many times is the note {pitch} present in the {voice} line?	"[""voice"", ""pitch""]"	get_note_quantity		pitch	"{""voice"": ""soprano"", ""pitch"": ""A""}"	How many times is the note A present in the soprano line?	Vulpius_ChristusDerIstMeinLeben	chorale-bricks	Vulpius_ChristusDerIstMeinLeben	data/chorale-bricks/Vulpius_ChristusDerIstMeinLeben	4	"[""1"", ""2"", ""3"", ""5"", ""6"", ""7"", ""8"", ""10"", ""11"", ""14""]"	"[""6"", ""2"", ""3"", ""14"", ""8"", ""1"", ""11"", ""10"", ""5"", ""7""]"	visual	visual.short.png	data/chorale-bricks/Vulpius_ChristusDerIstMeinLeben/visual.short.png	4	"[""4"", ""none of the other options is correct"", ""6"", ""2"", ""3""]"	0.2	0	"[""A"", ""B"", ""C"", ""D"", ""E""]"	"{""A"": ""2"", ""B"": ""3"", ""C"": ""none of the other options is correct"", ""D"": ""6"", ""E"": ""4""}"	"[""(A) 2"", ""(B) 3"", ""(C) none of the other options is correct"", ""(D) 6"", ""(E) 4""]"	(E) 4	E
0c37b8d0-a363-534c-9a2c-d9071b7ad047	2	perception	pitch	absolute	pitch-absolute	pitch-recognition		pitch statistics	How many times is the note {pitch} present in the {voice} line?	"[""voice"", ""pitch""]"	get_note_quantity		pitch	"{""voice"": ""soprano"", ""pitch"": ""B sharp""}"	How many times is the note B sharp present in the soprano line?	Telemann_DerLiebenSonneLichtUndPracht	chorale-bricks	Telemann_DerLiebenSonneLichtUndPracht	data/chorale-bricks/Telemann_DerLiebenSonneLichtUndPracht	0	"[""2"", ""3"", ""4"", ""5"", ""6"", ""7"", ""8"", ""9"", ""10"", ""11"", ""12"", ""13"", ""14"", ""19"", ""21""]"	"[""2"", ""5"", ""13"", ""12"", ""11"", ""14"", ""6"", ""3"", ""19"", ""21"", ""8"", ""10"", ""9"", ""4"", ""7""]"	audio	audio.mastermix.wav	data/chorale-bricks/Telemann_DerLiebenSonneLichtUndPracht/audio.mastermix.wav	0	"[""0"", ""none of the other options is correct"", ""2"", ""5"", ""13""]"	0.2	0	"[""A"", ""B"", ""C"", ""D"", ""E""]"	"{""A"": ""2"", ""B"": ""none of the other options is correct"", ""C"": ""13"", ""D"": ""0"", ""E"": ""5""}"	"[""(A) 2"", ""(B) none of the other options is correct"", ""(C) 13"", ""(D) 0"", ""(E) 5""]"	(D) 0	D
1fa8dee1-cca1-56e8-b804-4551b760b8ab	2	perception	pitch	absolute	pitch-absolute	pitch-recognition		pitch statistics	How many times is the note {pitch} present in the {voice} line?	"[""voice"", ""pitch""]"	get_note_quantity		pitch	"{""voice"": ""soprano"", ""pitch"": ""B sharp""}"	How many times is the note B sharp present in the soprano line?	Telemann_DerLiebenSonneLichtUndPracht	chorale-bricks	Telemann_DerLiebenSonneLichtUndPracht	data/chorale-bricks/Telemann_DerLiebenSonneLichtUndPracht	0	"[""2"", ""3"", ""4"", ""5"", ""6"", ""7"", ""8"", ""9"", ""10"", ""11"", ""12"", ""13"", ""14"", ""19"", ""21""]"	"[""2"", ""5"", ""13"", ""12"", ""11"", ""14"", ""6"", ""3"", ""19"", ""21"", ""8"", ""10"", ""9"", ""4"", ""7""]"	symbolic	symbolic.abc.txt	data/chorale-bricks/Telemann_DerLiebenSonneLichtUndPracht/symbolic.abc.txt	0	"[""0"", ""none of the other options is correct"", ""2"", ""5"", ""13""]"	0.2	0	"[""A"", ""B"", ""C"", ""D"", ""E""]"	"{""A"": ""none of the other options is correct"", ""B"": ""5"", ""C"": ""13"", ""D"": ""2"", ""E"": ""0""}"	"[""(A) none of the other options is correct"", ""(B) 5"", ""(C) 13"", ""(D) 2"", ""(E) 0""]"	(E) 0	E
188cc1bf-359a-5618-a3a8-dd55da4e2d0c	2	perception	pitch	absolute	pitch-absolute	pitch-recognition		pitch statistics	How many times is the note {pitch} present in the {voice} line?	"[""voice"", ""pitch""]"	get_note_quantity		pitch	"{""voice"": ""soprano"", ""pitch"": ""B sharp""}"	How many times is the note B sharp present in the soprano line?	Telemann_DerLiebenSonneLichtUndPracht	chorale-bricks	Telemann_DerLiebenSonneLichtUndPracht	data/chorale-bricks/Telemann_DerLiebenSonneLichtUndPracht	0	"[""2"", ""3"", ""4"", ""5"", ""6"", ""7"", ""8"", ""9"", ""10"", ""11"", ""12"", ""13"", ""14"", ""19"", ""21""]"	"[""2"", ""5"", ""13"", ""12"", ""11"", ""14"", ""6"", ""3"", ""19"", ""21"", ""8"", ""10"", ""9"", ""4"", ""7""]"	visual	visual.short.png	data/chorale-bricks/Telemann_DerLiebenSonneLichtUndPracht/visual.short.png	0	"[""0"", ""none of the other options is correct"", ""2"", ""5"", ""13""]"	0.2	0	"[""A"", ""B"", ""C"", ""D"", ""E""]"	"{""A"": ""2"", ""B"": ""none of the other options is correct"", ""C"": ""5"", ""D"": ""13"", ""E"": ""0""}"	"[""(A) 2"", ""(B) none of the other options is correct"", ""(C) 5"", ""(D) 13"", ""(E) 0""]"	(E) 0	E
489b74f6-faa8-5494-98d0-4c4452559010	2	perception	pitch	absolute	pitch-absolute	pitch-recognition		pitch statistics	How many times is the note {pitch} present in the {voice} line?	"[""voice"", ""pitch""]"	get_note_quantity		pitch	"{""voice"": ""bass"", ""pitch"": ""E flat""}"	How many times is the note E flat present in the bass line?	Bach_IchStehAnDeinerKrippe	chorale-bricks	Bach_IchStehAnDeinerKrippe	data/chorale-bricks/Bach_IchStehAnDeinerKrippe	0	"[""1"", ""2"", ""3"", ""4"", ""5"", ""6"", ""7"", ""8"", ""9"", ""11"", ""12"", ""13"", ""14""]"	"[""9"", ""3"", ""7"", ""4"", ""11"", ""2"", ""14"", ""1"", ""8"", ""5"", ""13"", ""12"", ""6""]"	audio	audio.mastermix.wav	data/chorale-bricks/Bach_IchStehAnDeinerKrippe/audio.mastermix.wav	none of the other options is correct	"[""none of the other options is correct"", ""9"", ""3"", ""7"", ""4""]"	0.2	1	"[""A"", ""B"", ""C"", ""D"", ""E""]"	"{""A"": ""9"", ""B"": ""4"", ""C"": ""3"", ""D"": ""7"", ""E"": ""none of the other options is correct""}"	"[""(A) 9"", ""(B) 4"", ""(C) 3"", ""(D) 7"", ""(E) none of the other options is correct""]"	(E) none of the other options is correct	E
acdcb59d-01cd-5c99-be10-75eec95a36f3	2	perception	pitch	absolute	pitch-absolute	pitch-recognition		pitch statistics	How many times is the note {pitch} present in the {voice} line?	"[""voice"", ""pitch""]"	get_note_quantity		pitch	"{""voice"": ""bass"", ""pitch"": ""E flat""}"	How many times is the note E flat present in the bass line?	Bach_IchStehAnDeinerKrippe	chorale-bricks	Bach_IchStehAnDeinerKrippe	data/chorale-bricks/Bach_IchStehAnDeinerKrippe	0	"[""1"", ""2"", ""3"", ""4"", ""5"", ""6"", ""7"", ""8"", ""9"", ""11"", ""12"", ""13"", ""14""]"	"[""9"", ""3"", ""7"", ""4"", ""11"", ""2"", ""14"", ""1"", ""8"", ""5"", ""13"", ""12"", ""6""]"	symbolic	symbolic.abc.txt	data/chorale-bricks/Bach_IchStehAnDeinerKrippe/symbolic.abc.txt	0	"[""0"", ""none of the other options is correct"", ""9"", ""3"", ""7""]"	0.2	0	"[""A"", ""B"", ""C"", ""D"", ""E""]"	"{""A"": ""0"", ""B"": ""none of the other options is correct"", ""C"": ""7"", ""D"": ""9"", ""E"": ""3""}"	"[""(A) 0"", ""(B) none of the other options is correct"", ""(C) 7"", ""(D) 9"", ""(E) 3""]"	(A) 0	A
00e0ae78-3ca5-5feb-9318-8da4043609f7	2	perception	pitch	absolute	pitch-absolute	pitch-recognition		pitch statistics	How many times is the note {pitch} present in the {voice} line?	"[""voice"", ""pitch""]"	get_note_quantity		pitch	"{""voice"": ""bass"", ""pitch"": ""E flat""}"	How many times is the note E flat present in the bass line?	Bach_IchStehAnDeinerKrippe	chorale-bricks	Bach_IchStehAnDeinerKrippe	data/chorale-bricks/Bach_IchStehAnDeinerKrippe	0	"[""1"", ""2"", ""3"", ""4"", ""5"", ""6"", ""7"", ""8"", ""9"", ""11"", ""12"", ""13"", ""14""]"	"[""9"", ""3"", ""7"", ""4"", ""11"", ""2"", ""14"", ""1"", ""8"", ""5"", ""13"", ""12"", ""6""]"	visual	visual.short.png	data/chorale-bricks/Bach_IchStehAnDeinerKrippe/visual.short.png	none of the other options is correct	"[""none of the other options is correct"", ""9"", ""3"", ""7"", ""4""]"	0.2	1	"[""A"", ""B"", ""C"", ""D"", ""E""]"	"{""A"": ""7"", ""B"": ""none of the other options is correct"", ""C"": ""4"", ""D"": ""9"", ""E"": ""3""}"	"[""(A) 7"", ""(B) none of the other options is correct"", ""(C) 4"", ""(D) 9"", ""(E) 3""]"	(B) none of the other options is correct	B
6cac34f3-81a9-5059-a8bf-3b10b0f37c42	3	perception	pitch	relative	pitch-relative	interval-recognition		interval recognition	What is the {target_index} interval in the {voice} line?	"[""target_index"", ""voice""]"	get_nth_interval		interval	"{""target_index"": ""9th"", ""voice"": ""bass""}"	What is the 9th interval in the bass line?	Bach_IchStehAnDeinerKrippe	chorale-bricks	Bach_IchStehAnDeinerKrippe	data/chorale-bricks/Bach_IchStehAnDeinerKrippe	Minor Second	"[""Diminished Unison"", ""Major Second"", ""Major Third"", ""Minor Sixth"", ""Minor Third"", ""Perfect Fifth"", ""Perfect Fourth"", ""Perfect Unison""]"	"[""Diminished Unison"", ""Perfect Unison"", ""Major Second"", ""Minor Sixth"", ""Minor Third"", ""Perfect Fourth"", ""Perfect Fifth"", ""Major Third""]"	audio	audio.mastermix.wav	data/chorale-bricks/Bach_IchStehAnDeinerKrippe/audio.mastermix.wav	none of the other options is correct	"[""none of the other options is correct"", ""Diminished Unison"", ""Perfect Unison"", ""Major Second"", ""Minor Sixth""]"	0.2	1	"[""A"", ""B"", ""C"", ""D"", ""E""]"	"{""A"": ""Major Second"", ""B"": ""none of the other options is correct"", ""C"": ""Diminished Unison"", ""D"": ""Perfect Unison"", ""E"": ""Minor Sixth""}"	"[""(A) Major Second"", ""(B) none of the other options is correct"", ""(C) Diminished Unison"", ""(D) Perfect Unison"", ""(E) Minor Sixth""]"	(B) none of the other options is correct	B
510d50e9-6c08-52f7-bb37-a7f7621076c2	3	perception	pitch	relative	pitch-relative	interval-recognition		interval recognition	What is the {target_index} interval in the {voice} line?	"[""target_index"", ""voice""]"	get_nth_interval		interval	"{""target_index"": ""9th"", ""voice"": ""bass""}"	What is the 9th interval in the bass line?	Bach_IchStehAnDeinerKrippe	chorale-bricks	Bach_IchStehAnDeinerKrippe	data/chorale-bricks/Bach_IchStehAnDeinerKrippe	Minor Second	"[""Diminished Unison"", ""Major Second"", ""Major Third"", ""Minor Sixth"", ""Minor Third"", ""Perfect Fifth"", ""Perfect Fourth"", ""Perfect Unison""]"	"[""Diminished Unison"", ""Perfect Unison"", ""Major Second"", ""Minor Sixth"", ""Minor Third"", ""Perfect Fourth"", ""Perfect Fifth"", ""Major Third""]"	symbolic	symbolic.abc.txt	data/chorale-bricks/Bach_IchStehAnDeinerKrippe/symbolic.abc.txt	Minor Second	"[""Minor Second"", ""none of the other options is correct"", ""Diminished Unison"", ""Perfect Unison"", ""Major Second""]"	0.2	0	"[""A"", ""B"", ""C"", ""D"", ""E""]"	"{""A"": ""Diminished Unison"", ""B"": ""Major Second"", ""C"": ""none of the other options is correct"", ""D"": ""Minor Second"", ""E"": ""Perfect Unison""}"	"[""(A) Diminished Unison"", ""(B) Major Second"", ""(C) none of the other options is correct"", ""(D) Minor Second"", ""(E) Perfect Unison""]"	(D) Minor Second	D
6cd125b1-2f93-5b34-9eac-aa13c932e75b	3	perception	pitch	relative	pitch-relative	interval-recognition		interval recognition	What is the {target_index} interval in the {voice} line?	"[""target_index"", ""voice""]"	get_nth_interval		interval	"{""target_index"": ""9th"", ""voice"": ""bass""}"	What is the 9th interval in the bass line?	Bach_IchStehAnDeinerKrippe	chorale-bricks	Bach_IchStehAnDeinerKrippe	data/chorale-bricks/Bach_IchStehAnDeinerKrippe	Minor Second	"[""Diminished Unison"", ""Major Second"", ""Major Third"", ""Minor Sixth"", ""Minor Third"", ""Perfect Fifth"", ""Perfect Fourth"", ""Perfect Unison""]"	"[""Diminished Unison"", ""Perfect Unison"", ""Major Second"", ""Minor Sixth"", ""Minor Third"", ""Perfect Fourth"", ""Perfect Fifth"", ""Major Third""]"	visual	visual.short.png	data/chorale-bricks/Bach_IchStehAnDeinerKrippe/visual.short.png	Minor Second	"[""Minor Second"", ""none of the other options is correct"", ""Diminished Unison"", ""Perfect Unison"", ""Major Second""]"	0.2	0	"[""A"", ""B"", ""C"", ""D"", ""E""]"	"{""A"": ""Perfect Unison"", ""B"": ""Major Second"", ""C"": ""Minor Second"", ""D"": ""none of the other options is correct"", ""E"": ""Diminished Unison""}"	"[""(A) Perfect Unison"", ""(B) Major Second"", ""(C) Minor Second"", ""(D) none of the other options is correct"", ""(E) Diminished Unison""]"	(C) Minor Second	C
ea15ce7a-a13c-54f8-a5ab-e6ca54db7a95	3	perception	pitch	relative	pitch-relative	interval-recognition		interval recognition	What is the {target_index} interval in the {voice} line?	"[""target_index"", ""voice""]"	get_nth_interval		interval	"{""target_index"": ""16th"", ""voice"": ""tenor""}"	What is the 16th interval in the tenor line?	Anonymous_AusMeinesHerzensGrunde	chorale-bricks	Anonymous_AusMeinesHerzensGrunde	data/chorale-bricks/Anonymous_AusMeinesHerzensGrunde	Perfect Unison	"[""Major Second"", ""Major Third"", ""Minor Second"", ""Minor Sixth"", ""Minor Third"", ""Perfect Fifth"", ""Perfect Fourth""]"	"[""Minor Second"", ""Minor Third"", ""Perfect Fifth"", ""Perfect Fourth"", ""Minor Sixth"", ""Major Second"", ""Major Third""]"	audio	audio.mastermix.wav	data/chorale-bricks/Anonymous_AusMeinesHerzensGrunde/audio.mastermix.wav	Perfect Unison	"[""Perfect Unison"", ""none of the other options is correct"", ""Minor Second"", ""Minor Third"", ""Perfect Fifth""]"	0.2	0	"[""A"", ""B"", ""C"", ""D"", ""E""]"	"{""A"": ""Perfect Fifth"", ""B"": ""Perfect Unison"", ""C"": ""Minor Second"", ""D"": ""Minor Third"", ""E"": ""none of the other options is correct""}"	"[""(A) Perfect Fifth"", ""(B) Perfect Unison"", ""(C) Minor Second"", ""(D) Minor Third"", ""(E) none of the other options is correct""]"	(B) Perfect Unison	B
be054a3e-a31f-5909-aa1f-0d6214d6d883	3	perception	pitch	relative	pitch-relative	interval-recognition		interval recognition	What is the {target_index} interval in the {voice} line?	"[""target_index"", ""voice""]"	get_nth_interval		interval	"{""target_index"": ""16th"", ""voice"": ""tenor""}"	What is the 16th interval in the tenor line?	Anonymous_AusMeinesHerzensGrunde	chorale-bricks	Anonymous_AusMeinesHerzensGrunde	data/chorale-bricks/Anonymous_AusMeinesHerzensGrunde	Perfect Unison	"[""Major Second"", ""Major Third"", ""Minor Second"", ""Minor Sixth"", ""Minor Third"", ""Perfect Fifth"", ""Perfect Fourth""]"	"[""Minor Second"", ""Minor Third"", ""Perfect Fifth"", ""Perfect Fourth"", ""Minor Sixth"", ""Major Second"", ""Major Third""]"	symbolic	symbolic.abc.txt	data/chorale-bricks/Anonymous_AusMeinesHerzensGrunde/symbolic.abc.txt	Perfect Unison	"[""Perfect Unison"", ""none of the other options is correct"", ""Minor Second"", ""Minor Third"", ""Perfect Fifth""]"	0.2	0	"[""A"", ""B"", ""C"", ""D"", ""E""]"	"{""A"": ""Minor Third"", ""B"": ""Minor Second"", ""C"": ""Perfect Unison"", ""D"": ""Perfect Fifth"", ""E"": ""none of the other options is correct""}"	"[""(A) Minor Third"", ""(B) Minor Second"", ""(C) Perfect Unison"", ""(D) Perfect Fifth"", ""(E) none of the other options is correct""]"	(C) Perfect Unison	C
0d06d800-8749-56fe-9b84-ed523b046150	3	perception	pitch	relative	pitch-relative	interval-recognition		interval recognition	What is the {target_index} interval in the {voice} line?	"[""target_index"", ""voice""]"	get_nth_interval		interval	"{""target_index"": ""16th"", ""voice"": ""tenor""}"	What is the 16th interval in the tenor line?	Anonymous_AusMeinesHerzensGrunde	chorale-bricks	Anonymous_AusMeinesHerzensGrunde	data/chorale-bricks/Anonymous_AusMeinesHerzensGrunde	Perfect Unison	"[""Major Second"", ""Major Third"", ""Minor Second"", ""Minor Sixth"", ""Minor Third"", ""Perfect Fifth"", ""Perfect Fourth""]"	"[""Minor Second"", ""Minor Third"", ""Perfect Fifth"", ""Perfect Fourth"", ""Minor Sixth"", ""Major Second"", ""Major Third""]"	visual	visual.short.png	data/chorale-bricks/Anonymous_AusMeinesHerzensGrunde/visual.short.png	Perfect Unison	"[""Perfect Unison"", ""none of the other options is correct"", ""Minor Second"", ""Minor Third"", ""Perfect Fifth""]"	0.2	0	"[""A"", ""B"", ""C"", ""D"", ""E""]"	"{""A"": ""Perfect Unison"", ""B"": ""Perfect Fifth"", ""C"": ""none of the other options is correct"", ""D"": ""Minor Second"", ""E"": ""Minor Third""}"	"[""(A) Perfect Unison"", ""(B) Perfect Fifth"", ""(C) none of the other options is correct"", ""(D) Minor Second"", ""(E) Minor Third""]"	(A) Perfect Unison	A
94412035-eee0-5eba-8aab-22cf2fb6ae91	3	perception	pitch	relative	pitch-relative	interval-recognition		interval recognition	What is the {target_index} interval in the {voice} line?	"[""target_index"", ""voice""]"	get_nth_interval		interval	"{""target_index"": ""30th"", ""voice"": ""soprano""}"	What is the 30th interval in the soprano line?	Vulpius_DieHelleSonnLeuchtJetztHerfuer	chorale-bricks	Vulpius_DieHelleSonnLeuchtJetztHerfuer	data/chorale-bricks/Vulpius_DieHelleSonnLeuchtJetztHerfuer	Minor Second	"[""Diminished Unison"", ""Major Second"", ""Major Third"", ""Minor Third"", ""Perfect Fifth"", ""Perfect Fourth"", ""Perfect Unison""]"	"[""Minor Third"", ""Perfect Fifth"", ""Diminished Unison"", ""Perfect Unison"", ""Major Second"", ""Major Third"", ""Perfect Fourth""]"	audio	audio.mastermix.wav	data/chorale-bricks/Vulpius_DieHelleSonnLeuchtJetztHerfuer/audio.mastermix.wav	Minor Second	"[""Minor Second"", ""none of the other options is correct"", ""Minor Third"", ""Perfect Fifth"", ""Diminished Unison""]"	0.2	0	"[""A"", ""B"", ""C"", ""D"", ""E""]"	"{""A"": ""Perfect Fifth"", ""B"": ""Minor Second"", ""C"": ""Diminished Unison"", ""D"": ""none of the other options is correct"", ""E"": ""Minor Third""}"	"[""(A) Perfect Fifth"", ""(B) Minor Second"", ""(C) Diminished Unison"", ""(D) none of the other options is correct"", ""(E) Minor Third""]"	(B) Minor Second	B
7b7a0498-9dba-54c7-bfe1-5543b39262cd	3	perception	pitch	relative	pitch-relative	interval-recognition		interval recognition	What is the {target_index} interval in the {voice} line?	"[""target_index"", ""voice""]"	get_nth_interval		interval	"{""target_index"": ""30th"", ""voice"": ""soprano""}"	What is the 30th interval in the soprano line?	Vulpius_DieHelleSonnLeuchtJetztHerfuer	chorale-bricks	Vulpius_DieHelleSonnLeuchtJetztHerfuer	data/chorale-bricks/Vulpius_DieHelleSonnLeuchtJetztHerfuer	Minor Second	"[""Diminished Unison"", ""Major Second"", ""Major Third"", ""Minor Third"", ""Perfect Fifth"", ""Perfect Fourth"", ""Perfect Unison""]"	"[""Minor Third"", ""Perfect Fifth"", ""Diminished Unison"", ""Perfect Unison"", ""Major Second"", ""Major Third"", ""Perfect Fourth""]"	symbolic	symbolic.abc.txt	data/chorale-bricks/Vulpius_DieHelleSonnLeuchtJetztHerfuer/symbolic.abc.txt	Minor Second	"[""Minor Second"", ""none of the other options is correct"", ""Minor Third"", ""Perfect Fifth"", ""Diminished Unison""]"	0.2	0	"[""A"", ""B"", ""C"", ""D"", ""E""]"	"{""A"": ""none of the other options is correct"", ""B"": ""Minor Third"", ""C"": ""Minor Second"", ""D"": ""Diminished Unison"", ""E"": ""Perfect Fifth""}"	"[""(A) none of the other options is correct"", ""(B) Minor Third"", ""(C) Minor Second"", ""(D) Diminished Unison"", ""(E) Perfect Fifth""]"	(C) Minor Second	C
0d332b3f-e5d5-5e99-bbda-a89b5ebe38fd	3	perception	pitch	relative	pitch-relative	interval-recognition		interval recognition	What is the {target_index} interval in the {voice} line?	"[""target_index"", ""voice""]"	get_nth_interval		interval	"{""target_index"": ""30th"", ""voice"": ""soprano""}"	What is the 30th interval in the soprano line?	Vulpius_DieHelleSonnLeuchtJetztHerfuer	chorale-bricks	Vulpius_DieHelleSonnLeuchtJetztHerfuer	data/chorale-bricks/Vulpius_DieHelleSonnLeuchtJetztHerfuer	Minor Second	"[""Diminished Unison"", ""Major Second"", ""Major Third"", ""Minor Third"", ""Perfect Fifth"", ""Perfect Fourth"", ""Perfect Unison""]"	"[""Minor Third"", ""Perfect Fifth"", ""Diminished Unison"", ""Perfect Unison"", ""Major Second"", ""Major Third"", ""Perfect Fourth""]"	visual	visual.short.png	data/chorale-bricks/Vulpius_DieHelleSonnLeuchtJetztHerfuer/visual.short.png	Minor Second	"[""Minor Second"", ""none of the other options is correct"", ""Minor Third"", ""Perfect Fifth"", ""Diminished Unison""]"	0.2	0	"[""A"", ""B"", ""C"", ""D"", ""E""]"	"{""A"": ""Minor Second"", ""B"": ""Perfect Fifth"", ""C"": ""Minor Third"", ""D"": ""none of the other options is correct"", ""E"": ""Diminished Unison""}"	"[""(A) Minor Second"", ""(B) Perfect Fifth"", ""(C) Minor Third"", ""(D) none of the other options is correct"", ""(E) Diminished Unison""]"	(A) Minor Second	A
403b6e2d-3ebe-56ba-91e1-5b5a2b54a9cf	3	perception	pitch	relative	pitch-relative	interval-recognition		interval recognition	What is the {target_index} interval in the {voice} line?	"[""target_index"", ""voice""]"	get_nth_interval		interval	"{""target_index"": ""43rd"", ""voice"": ""alto""}"	What is the 43rd interval in the alto line?	Bach_IchStehAnDeinerKrippe	chorale-bricks	Bach_IchStehAnDeinerKrippe	data/chorale-bricks/Bach_IchStehAnDeinerKrippe	Major Second	"[""Diminished Unison"", ""Major Third"", ""Minor Second"", ""Minor Sixth"", ""Minor Third"", ""Perfect Fifth"", ""Perfect Fourth"", ""Perfect Unison""]"	"[""Major Third"", ""Perfect Fourth"", ""Diminished Unison"", ""Minor Sixth"", ""Minor Second"", ""Minor Third"", ""Perfect Unison"", ""Perfect Fifth""]"	audio	audio.mastermix.wav	data/chorale-bricks/Bach_IchStehAnDeinerKrippe/audio.mastermix.wav	Major Second	"[""Major Second"", ""none of the other options is correct"", ""Major Third"", ""Perfect Fourth"", ""Diminished Unison""]"	0.2	0	"[""A"", ""B"", ""C"", ""D"", ""E""]"	"{""A"": ""Major Third"", ""B"": ""Diminished Unison"", ""C"": ""none of the other options is correct"", ""D"": ""Perfect Fourth"", ""E"": ""Major Second""}"	"[""(A) Major Third"", ""(B) Diminished Unison"", ""(C) none of the other options is correct"", ""(D) Perfect Fourth"", ""(E) Major Second""]"	(E) Major Second	E
366f7911-98ab-51c6-9787-4e84e0e3f336	3	perception	pitch	relative	pitch-relative	interval-recognition		interval recognition	What is the {target_index} interval in the {voice} line?	"[""target_index"", ""voice""]"	get_nth_interval		interval	"{""target_index"": ""43rd"", ""voice"": ""alto""}"	What is the 43rd interval in the alto line?	Bach_IchStehAnDeinerKrippe	chorale-bricks	Bach_IchStehAnDeinerKrippe	data/chorale-bricks/Bach_IchStehAnDeinerKrippe	Major Second	"[""Diminished Unison"", ""Major Third"", ""Minor Second"", ""Minor Sixth"", ""Minor Third"", ""Perfect Fifth"", ""Perfect Fourth"", ""Perfect Unison""]"	"[""Major Third"", ""Perfect Fourth"", ""Diminished Unison"", ""Minor Sixth"", ""Minor Second"", ""Minor Third"", ""Perfect Unison"", ""Perfect Fifth""]"	symbolic	symbolic.abc.txt	data/chorale-bricks/Bach_IchStehAnDeinerKrippe/symbolic.abc.txt	Major Second	"[""Major Second"", ""none of the other options is correct"", ""Major Third"", ""Perfect Fourth"", ""Diminished Unison""]"	0.2	0	"[""A"", ""B"", ""C"", ""D"", ""E""]"	"{""A"": ""Perfect Fourth"", ""B"": ""Diminished Unison"", ""C"": ""none of the other options is correct"", ""D"": ""Major Third"", ""E"": ""Major Second""}"	"[""(A) Perfect Fourth"", ""(B) Diminished Unison"", ""(C) none of the other options is correct"", ""(D) Major Third"", ""(E) Major Second""]"	(E) Major Second	E
e991a084-9cad-53ca-8d77-008db47c56c5	3	perception	pitch	relative	pitch-relative	interval-recognition		interval recognition	What is the {target_index} interval in the {voice} line?	"[""target_index"", ""voice""]"	get_nth_interval		interval	"{""target_index"": ""43rd"", ""voice"": ""alto""}"	What is the 43rd interval in the alto line?	Bach_IchStehAnDeinerKrippe	chorale-bricks	Bach_IchStehAnDeinerKrippe	data/chorale-bricks/Bach_IchStehAnDeinerKrippe	Major Second	"[""Diminished Unison"", ""Major Third"", ""Minor Second"", ""Minor Sixth"", ""Minor Third"", ""Perfect Fifth"", ""Perfect Fourth"", ""Perfect Unison""]"	"[""Major Third"", ""Perfect Fourth"", ""Diminished Unison"", ""Minor Sixth"", ""Minor Second"", ""Minor Third"", ""Perfect Unison"", ""Perfect Fifth""]"	visual	visual.short.png	data/chorale-bricks/Bach_IchStehAnDeinerKrippe/visual.short.png	Major Second	"[""Major Second"", ""none of the other options is correct"", ""Major Third"", ""Perfect Fourth"", ""Diminished Unison""]"	0.2	0	"[""A"", ""B"", ""C"", ""D"", ""E""]"	"{""A"": ""Diminished Unison"", ""B"": ""Perfect Fourth"", ""C"": ""none of the other options is correct"", ""D"": ""Major Third"", ""E"": ""Major Second""}"	"[""(A) Diminished Unison"", ""(B) Perfect Fourth"", ""(C) none of the other options is correct"", ""(D) Major Third"", ""(E) Major Second""]"	(E) Major Second	E
0650395e-c887-5870-8643-8ebe7f980639	3	perception	pitch	relative	pitch-relative	interval-recognition		interval recognition	What is the {target_index} interval in the {voice} line?	"[""target_index"", ""voice""]"	get_nth_interval		interval	"{""target_index"": ""54th"", ""voice"": ""soprano""}"	What is the 54th interval in the soprano line?	Crueger_AufAufMeinHerzMitFreuden	chorale-bricks	Crueger_AufAufMeinHerzMitFreuden	data/chorale-bricks/Crueger_AufAufMeinHerzMitFreuden	Major Second	"[""Diminished Fifth"", ""Major Sixth"", ""Major Third"", ""Minor Second"", ""Minor Sixth"", ""Minor Third"", ""Perfect Fifth"", ""Perfect Fourth"", ""Perfect Unison""]"	"[""Diminished Fifth"", ""Major Third"", ""Minor Second"", ""Major Sixth"", ""Perfect Fourth"", ""Perfect Unison"", ""Minor Third"", ""Perfect Fifth"", ""Minor Sixth""]"	audio	audio.mastermix.wav	data/chorale-bricks/Crueger_AufAufMeinHerzMitFreuden/audio.mastermix.wav	Major Second	"[""Major Second"", ""none of the other options is correct"", ""Diminished Fifth"", ""Major Third"", ""Minor Second""]"	0.2	0	"[""A"", ""B"", ""C"", ""D"", ""E""]"	"{""A"": ""none of the other options is correct"", ""B"": ""Diminished Fifth"", ""C"": ""Major Third"", ""D"": ""Minor Second"", ""E"": ""Major Second""}"	"[""(A) none of the other options is correct"", ""(B) Diminished Fifth"", ""(C) Major Third"", ""(D) Minor Second"", ""(E) Major Second""]"	(E) Major Second	E
aa009b09-b30e-589d-bef1-785f6e97fd5a	3	perception	pitch	relative	pitch-relative	interval-recognition		interval recognition	What is the {target_index} interval in the {voice} line?	"[""target_index"", ""voice""]"	get_nth_interval		interval	"{""target_index"": ""54th"", ""voice"": ""soprano""}"	What is the 54th interval in the soprano line?	Crueger_AufAufMeinHerzMitFreuden	chorale-bricks	Crueger_AufAufMeinHerzMitFreuden	data/chorale-bricks/Crueger_AufAufMeinHerzMitFreuden	Major Second	"[""Diminished Fifth"", ""Major Sixth"", ""Major Third"", ""Minor Second"", ""Minor Sixth"", ""Minor Third"", ""Perfect Fifth"", ""Perfect Fourth"", ""Perfect Unison""]"	"[""Diminished Fifth"", ""Major Third"", ""Minor Second"", ""Major Sixth"", ""Perfect Fourth"", ""Perfect Unison"", ""Minor Third"", ""Perfect Fifth"", ""Minor Sixth""]"	symbolic	symbolic.abc.txt	data/chorale-bricks/Crueger_AufAufMeinHerzMitFreuden/symbolic.abc.txt	Major Second	"[""Major Second"", ""none of the other options is correct"", ""Diminished Fifth"", ""Major Third"", ""Minor Second""]"	0.2	0	"[""A"", ""B"", ""C"", ""D"", ""E""]"	"{""A"": ""none of the other options is correct"", ""B"": ""Minor Second"", ""C"": ""Major Second"", ""D"": ""Diminished Fifth"", ""E"": ""Major Third""}"	"[""(A) none of the other options is correct"", ""(B) Minor Second"", ""(C) Major Second"", ""(D) Diminished Fifth"", ""(E) Major Third""]"	(C) Major Second	C
718d9692-7bbf-5aa5-86c9-02b562f3eb15	3	perception	pitch	relative	pitch-relative	interval-recognition		interval recognition	What is the {target_index} interval in the {voice} line?	"[""target_index"", ""voice""]"	get_nth_interval		interval	"{""target_index"": ""54th"", ""voice"": ""soprano""}"	What is the 54th interval in the soprano line?	Crueger_AufAufMeinHerzMitFreuden	chorale-bricks	Crueger_AufAufMeinHerzMitFreuden	data/chorale-bricks/Crueger_AufAufMeinHerzMitFreuden	Major Second	"[""Diminished Fifth"", ""Major Sixth"", ""Major Third"", ""Minor Second"", ""Minor Sixth"", ""Minor Third"", ""Perfect Fifth"", ""Perfect Fourth"", ""Perfect Unison""]"	"[""Diminished Fifth"", ""Major Third"", ""Minor Second"", ""Major Sixth"", ""Perfect Fourth"", ""Perfect Unison"", ""Minor Third"", ""Perfect Fifth"", ""Minor Sixth""]"	visual	visual.short.png	data/chorale-bricks/Crueger_AufAufMeinHerzMitFreuden/visual.short.png	Major Second	"[""Major Second"", ""none of the other options is correct"", ""Diminished Fifth"", ""Major Third"", ""Minor Second""]"	0.2	0	"[""A"", ""B"", ""C"", ""D"", ""E""]"	"{""A"": ""none of the other options is correct"", ""B"": ""Minor Second"", ""C"": ""Diminished Fifth"", ""D"": ""Major Third"", ""E"": ""Major Second""}"	"[""(A) none of the other options is correct"", ""(B) Minor Second"", ""(C) Diminished Fifth"", ""(D) Major Third"", ""(E) Major Second""]"	(E) Major Second	E
6d17ee5b-7573-5eae-bff2-783348a92ad4	3	perception	pitch	relative	pitch-relative	interval-recognition		interval recognition	What is the {target_index} interval in the {voice} line?	"[""target_index"", ""voice""]"	get_nth_interval		interval	"{""target_index"": ""27th"", ""voice"": ""tenor""}"	What is the 27th interval in the tenor line?	Anonymous_AusMeinesHerzensGrunde	chorale-bricks	Anonymous_AusMeinesHerzensGrunde	data/chorale-bricks/Anonymous_AusMeinesHerzensGrunde	Perfect Fourth	"[""Major Second"", ""Major Third"", ""Minor Second"", ""Minor Sixth"", ""Minor Third"", ""Perfect Fifth"", ""Perfect Unison""]"	"[""Minor Second"", ""Major Second"", ""Minor Sixth"", ""Major Third"", ""Perfect Unison"", ""Minor Third"", ""Perfect Fifth""]"	audio	audio.mastermix.wav	data/chorale-bricks/Anonymous_AusMeinesHerzensGrunde/audio.mastermix.wav	Perfect Fourth	"[""Perfect Fourth"", ""none of the other options is correct"", ""Minor Second"", ""Major Second"", ""Minor Sixth""]"	0.2	0	"[""A"", ""B"", ""C"", ""D"", ""E""]"	"{""A"": ""Minor Second"", ""B"": ""Minor Sixth"", ""C"": ""none of the other options is correct"", ""D"": ""Major Second"", ""E"": ""Perfect Fourth""}"	"[""(A) Minor Second"", ""(B) Minor Sixth"", ""(C) none of the other options is correct"", ""(D) Major Second"", ""(E) Perfect Fourth""]"	(E) Perfect Fourth	E
d3ed1bdb-428c-5179-a96b-4f9bdf3fa345	3	perception	pitch	relative	pitch-relative	interval-recognition		interval recognition	What is the {target_index} interval in the {voice} line?	"[""target_index"", ""voice""]"	get_nth_interval		interval	"{""target_index"": ""27th"", ""voice"": ""tenor""}"	What is the 27th interval in the tenor line?	Anonymous_AusMeinesHerzensGrunde	chorale-bricks	Anonymous_AusMeinesHerzensGrunde	data/chorale-bricks/Anonymous_AusMeinesHerzensGrunde	Perfect Fourth	"[""Major Second"", ""Major Third"", ""Minor Second"", ""Minor Sixth"", ""Minor Third"", ""Perfect Fifth"", ""Perfect Unison""]"	"[""Minor Second"", ""Major Second"", ""Minor Sixth"", ""Major Third"", ""Perfect Unison"", ""Minor Third"", ""Perfect Fifth""]"	symbolic	symbolic.abc.txt	data/chorale-bricks/Anonymous_AusMeinesHerzensGrunde/symbolic.abc.txt	Perfect Fourth	"[""Perfect Fourth"", ""none of the other options is correct"", ""Minor Second"", ""Major Second"", ""Minor Sixth""]"	0.2	0	"[""A"", ""B"", ""C"", ""D"", ""E""]"	"{""A"": ""none of the other options is correct"", ""B"": ""Major Second"", ""C"": ""Minor Second"", ""D"": ""Minor Sixth"", ""E"": ""Perfect Fourth""}"	"[""(A) none of the other options is correct"", ""(B) Major Second"", ""(C) Minor Second"", ""(D) Minor Sixth"", ""(E) Perfect Fourth""]"	(E) Perfect Fourth	E
87387edb-2c0a-550d-8ffd-eaafc5e301a7	3	perception	pitch	relative	pitch-relative	interval-recognition		interval recognition	What is the {target_index} interval in the {voice} line?	"[""target_index"", ""voice""]"	get_nth_interval		interval	"{""target_index"": ""27th"", ""voice"": ""tenor""}"	What is the 27th interval in the tenor line?	Anonymous_AusMeinesHerzensGrunde	chorale-bricks	Anonymous_AusMeinesHerzensGrunde	data/chorale-bricks/Anonymous_AusMeinesHerzensGrunde	Perfect Fourth	"[""Major Second"", ""Major Third"", ""Minor Second"", ""Minor Sixth"", ""Minor Third"", ""Perfect Fifth"", ""Perfect Unison""]"	"[""Minor Second"", ""Major Second"", ""Minor Sixth"", ""Major Third"", ""Perfect Unison"", ""Minor Third"", ""Perfect Fifth""]"	visual	visual.short.png	data/chorale-bricks/Anonymous_AusMeinesHerzensGrunde/visual.short.png	Perfect Fourth	"[""Perfect Fourth"", ""none of the other options is correct"", ""Minor Second"", ""Major Second"", ""Minor Sixth""]"	0.2	0	"[""A"", ""B"", ""C"", ""D"", ""E""]"	"{""A"": ""none of the other options is correct"", ""B"": ""Major Second"", ""C"": ""Perfect Fourth"", ""D"": ""Minor Second"", ""E"": ""Minor Sixth""}"	"[""(A) none of the other options is correct"", ""(B) Major Second"", ""(C) Perfect Fourth"", ""(D) Minor Second"", ""(E) Minor Sixth""]"	(C) Perfect Fourth	C
aec9816b-3112-5838-a3d7-b326811ddbcb	3	perception	pitch	relative	pitch-relative	interval-recognition		interval recognition	What is the {target_index} interval in the {voice} line?	"[""target_index"", ""voice""]"	get_nth_interval		interval	"{""target_index"": ""21st"", ""voice"": ""soprano""}"	What is the 21st interval in the soprano line?	Gesius_BefiehlDuDeineWege	chorale-bricks	Gesius_BefiehlDuDeineWege	data/chorale-bricks/Gesius_BefiehlDuDeineWege	Minor Second	"[""Major Second"", ""Major Third"", ""Minor Sixth"", ""Minor Third"", ""Perfect Fifth"", ""Perfect Fourth"", ""Perfect Unison""]"	"[""Minor Sixth"", ""Perfect Fourth"", ""Perfect Fifth"", ""Minor Third"", ""Perfect Unison"", ""Major Third"", ""Major Second""]"	audio	audio.mastermix.wav	data/chorale-bricks/Gesius_BefiehlDuDeineWege/audio.mastermix.wav	Minor Second	"[""Minor Second"", ""none of the other options is correct"", ""Minor Sixth"", ""Perfect Fourth"", ""Perfect Fifth""]"	0.2	0	"[""A"", ""B"", ""C"", ""D"", ""E""]"	"{""A"": ""Minor Second"", ""B"": ""Minor Sixth"", ""C"": ""none of the other options is correct"", ""D"": ""Perfect Fourth"", ""E"": ""Perfect Fifth""}"	"[""(A) Minor Second"", ""(B) Minor Sixth"", ""(C) none of the other options is correct"", ""(D) Perfect Fourth"", ""(E) Perfect Fifth""]"	(A) Minor Second	A
4444501d-8bf6-55c8-b43d-b15ef37c3989	3	perception	pitch	relative	pitch-relative	interval-recognition		interval recognition	What is the {target_index} interval in the {voice} line?	"[""target_index"", ""voice""]"	get_nth_interval		interval	"{""target_index"": ""21st"", ""voice"": ""soprano""}"	What is the 21st interval in the soprano line?	Gesius_BefiehlDuDeineWege	chorale-bricks	Gesius_BefiehlDuDeineWege	data/chorale-bricks/Gesius_BefiehlDuDeineWege	Minor Second	"[""Major Second"", ""Major Third"", ""Minor Sixth"", ""Minor Third"", ""Perfect Fifth"", ""Perfect Fourth"", ""Perfect Unison""]"	"[""Minor Sixth"", ""Perfect Fourth"", ""Perfect Fifth"", ""Minor Third"", ""Perfect Unison"", ""Major Third"", ""Major Second""]"	symbolic	symbolic.abc.txt	data/chorale-bricks/Gesius_BefiehlDuDeineWege/symbolic.abc.txt	Minor Second	"[""Minor Second"", ""none of the other options is correct"", ""Minor Sixth"", ""Perfect Fourth"", ""Perfect Fifth""]"	0.2	0	"[""A"", ""B"", ""C"", ""D"", ""E""]"	"{""A"": ""Minor Second"", ""B"": ""none of the other options is correct"", ""C"": ""Perfect Fifth"", ""D"": ""Minor Sixth"", ""E"": ""Perfect Fourth""}"	"[""(A) Minor Second"", ""(B) none of the other options is correct"", ""(C) Perfect Fifth"", ""(D) Minor Sixth"", ""(E) Perfect Fourth""]"	(A) Minor Second	A
c64d7f6d-763b-53bc-916f-e232e975ed1a	3	perception	pitch	relative	pitch-relative	interval-recognition		interval recognition	What is the {target_index} interval in the {voice} line?	"[""target_index"", ""voice""]"	get_nth_interval		interval	"{""target_index"": ""21st"", ""voice"": ""soprano""}"	What is the 21st interval in the soprano line?	Gesius_BefiehlDuDeineWege	chorale-bricks	Gesius_BefiehlDuDeineWege	data/chorale-bricks/Gesius_BefiehlDuDeineWege	Minor Second	"[""Major Second"", ""Major Third"", ""Minor Sixth"", ""Minor Third"", ""Perfect Fifth"", ""Perfect Fourth"", ""Perfect Unison""]"	"[""Minor Sixth"", ""Perfect Fourth"", ""Perfect Fifth"", ""Minor Third"", ""Perfect Unison"", ""Major Third"", ""Major Second""]"	visual	visual.short.png	data/chorale-bricks/Gesius_BefiehlDuDeineWege/visual.short.png	Minor Second	"[""Minor Second"", ""none of the other options is correct"", ""Minor Sixth"", ""Perfect Fourth"", ""Perfect Fifth""]"	0.2	0	"[""A"", ""B"", ""C"", ""D"", ""E""]"	"{""A"": ""Perfect Fourth"", ""B"": ""none of the other options is correct"", ""C"": ""Minor Second"", ""D"": ""Perfect Fifth"", ""E"": ""Minor Sixth""}"	"[""(A) Perfect Fourth"", ""(B) none of the other options is correct"", ""(C) Minor Second"", ""(D) Perfect Fifth"", ""(E) Minor Sixth""]"	(C) Minor Second	C
4d1a48f1-e0b4-50f9-bcf2-0dbf4516918a	3	perception	pitch	relative	pitch-relative	interval-recognition		interval recognition	What is the {target_index} interval in the {voice} line?	"[""target_index"", ""voice""]"	get_nth_interval		interval	"{""target_index"": ""4th"", ""voice"": ""bass""}"	What is the 4th interval in the bass line?	Anonymous_AusMeinesHerzensGrunde	chorale-bricks	Anonymous_AusMeinesHerzensGrunde	data/chorale-bricks/Anonymous_AusMeinesHerzensGrunde	Minor Sixth	"[""Major Second"", ""Major Third"", ""Minor Second"", ""Minor Third"", ""Perfect Fifth"", ""Perfect Fourth"", ""Perfect Unison""]"	"[""Major Third"", ""Perfect Fifth"", ""Minor Second"", ""Perfect Fourth"", ""Major Second"", ""Perfect Unison"", ""Minor Third""]"	audio	audio.mastermix.wav	data/chorale-bricks/Anonymous_AusMeinesHerzensGrunde/audio.mastermix.wav	Minor Sixth	"[""Minor Sixth"", ""none of the other options is correct"", ""Major Third"", ""Perfect Fifth"", ""Minor Second""]"	0.2	0	"[""A"", ""B"", ""C"", ""D"", ""E""]"	"{""A"": ""Minor Sixth"", ""B"": ""Perfect Fifth"", ""C"": ""Minor Second"", ""D"": ""Major Third"", ""E"": ""none of the other options is correct""}"	"[""(A) Minor Sixth"", ""(B) Perfect Fifth"", ""(C) Minor Second"", ""(D) Major Third"", ""(E) none of the other options is correct""]"	(A) Minor Sixth	A
f2efd070-dc57-5fc9-a313-d8b60be70e10	3	perception	pitch	relative	pitch-relative	interval-recognition		interval recognition	What is the {target_index} interval in the {voice} line?	"[""target_index"", ""voice""]"	get_nth_interval		interval	"{""target_index"": ""4th"", ""voice"": ""bass""}"	What is the 4th interval in the bass line?	Anonymous_AusMeinesHerzensGrunde	chorale-bricks	Anonymous_AusMeinesHerzensGrunde	data/chorale-bricks/Anonymous_AusMeinesHerzensGrunde	Minor Sixth	"[""Major Second"", ""Major Third"", ""Minor Second"", ""Minor Third"", ""Perfect Fifth"", ""Perfect Fourth"", ""Perfect Unison""]"	"[""Major Third"", ""Perfect Fifth"", ""Minor Second"", ""Perfect Fourth"", ""Major Second"", ""Perfect Unison"", ""Minor Third""]"	symbolic	symbolic.abc.txt	data/chorale-bricks/Anonymous_AusMeinesHerzensGrunde/symbolic.abc.txt	Minor Sixth	"[""Minor Sixth"", ""none of the other options is correct"", ""Major Third"", ""Perfect Fifth"", ""Minor Second""]"	0.2	0	"[""A"", ""B"", ""C"", ""D"", ""E""]"	"{""A"": ""none of the other options is correct"", ""B"": ""Perfect Fifth"", ""C"": ""Major Third"", ""D"": ""Minor Sixth"", ""E"": ""Minor Second""}"	"[""(A) none of the other options is correct"", ""(B) Perfect Fifth"", ""(C) Major Third"", ""(D) Minor Sixth"", ""(E) Minor Second""]"	(D) Minor Sixth	D
235855bd-ddc7-5e01-979d-38ddaf872191	3	perception	pitch	relative	pitch-relative	interval-recognition		interval recognition	What is the {target_index} interval in the {voice} line?	"[""target_index"", ""voice""]"	get_nth_interval		interval	"{""target_index"": ""4th"", ""voice"": ""bass""}"	What is the 4th interval in the bass line?	Anonymous_AusMeinesHerzensGrunde	chorale-bricks	Anonymous_AusMeinesHerzensGrunde	data/chorale-bricks/Anonymous_AusMeinesHerzensGrunde	Minor Sixth	"[""Major Second"", ""Major Third"", ""Minor Second"", ""Minor Third"", ""Perfect Fifth"", ""Perfect Fourth"", ""Perfect Unison""]"	"[""Major Third"", ""Perfect Fifth"", ""Minor Second"", ""Perfect Fourth"", ""Major Second"", ""Perfect Unison"", ""Minor Third""]"	visual	visual.short.png	data/chorale-bricks/Anonymous_AusMeinesHerzensGrunde/visual.short.png	none of the other options is correct	"[""none of the other options is correct"", ""Major Third"", ""Perfect Fifth"", ""Minor Second"", ""Perfect Fourth""]"	0.2	1	"[""A"", ""B"", ""C"", ""D"", ""E""]"	"{""A"": ""Minor Second"", ""B"": ""Perfect Fourth"", ""C"": ""Perfect Fifth"", ""D"": ""Major Third"", ""E"": ""none of the other options is correct""}"	"[""(A) Minor Second"", ""(B) Perfect Fourth"", ""(C) Perfect Fifth"", ""(D) Major Third"", ""(E) none of the other options is correct""]"	(E) none of the other options is correct	E
ac01c583-c65f-57be-9d24-2bbe32191350	3	perception	pitch	relative	pitch-relative	interval-recognition		interval recognition	What is the {target_index} interval in the {voice} line?	"[""target_index"", ""voice""]"	get_nth_interval		interval	"{""target_index"": ""8th"", ""voice"": ""tenor""}"	What is the 8th interval in the tenor line?	Jan_DuGrosserSchmerzensmann	chorale-bricks	Jan_DuGrosserSchmerzensmann	data/chorale-bricks/Jan_DuGrosserSchmerzensmann	Perfect Unison	"[""Major Second"", ""Major Sixth"", ""Major Third"", ""Minor Second"", ""Minor Sixth"", ""Minor Third"", ""Perfect Fifth"", ""Perfect Fourth""]"	"[""Minor Sixth"", ""Perfect Fifth"", ""Major Third"", ""Perfect Fourth"", ""Minor Second"", ""Major Sixth"", ""Minor Third"", ""Major Second""]"	audio	audio.mastermix.wav	data/chorale-bricks/Jan_DuGrosserSchmerzensmann/audio.mastermix.wav	Perfect Unison	"[""Perfect Unison"", ""none of the other options is correct"", ""Minor Sixth"", ""Perfect Fifth"", ""Major Third""]"	0.2	0	"[""A"", ""B"", ""C"", ""D"", ""E""]"	"{""A"": ""Minor Sixth"", ""B"": ""Major Third"", ""C"": ""Perfect Fifth"", ""D"": ""none of the other options is correct"", ""E"": ""Perfect Unison""}"	"[""(A) Minor Sixth"", ""(B) Major Third"", ""(C) Perfect Fifth"", ""(D) none of the other options is correct"", ""(E) Perfect Unison""]"	(E) Perfect Unison	E
1bcfde6a-62a6-57be-99c7-a44362020412	3	perception	pitch	relative	pitch-relative	interval-recognition		interval recognition	What is the {target_index} interval in the {voice} line?	"[""target_index"", ""voice""]"	get_nth_interval		interval	"{""target_index"": ""8th"", ""voice"": ""tenor""}"	What is the 8th interval in the tenor line?	Jan_DuGrosserSchmerzensmann	chorale-bricks	Jan_DuGrosserSchmerzensmann	data/chorale-bricks/Jan_DuGrosserSchmerzensmann	Perfect Unison	"[""Major Second"", ""Major Sixth"", ""Major Third"", ""Minor Second"", ""Minor Sixth"", ""Minor Third"", ""Perfect Fifth"", ""Perfect Fourth""]"	"[""Minor Sixth"", ""Perfect Fifth"", ""Major Third"", ""Perfect Fourth"", ""Minor Second"", ""Major Sixth"", ""Minor Third"", ""Major Second""]"	symbolic	symbolic.abc.txt	data/chorale-bricks/Jan_DuGrosserSchmerzensmann/symbolic.abc.txt	none of the other options is correct	"[""none of the other options is correct"", ""Minor Sixth"", ""Perfect Fifth"", ""Major Third"", ""Perfect Fourth""]"	0.2	1	"[""A"", ""B"", ""C"", ""D"", ""E""]"	"{""A"": ""none of the other options is correct"", ""B"": ""Perfect Fourth"", ""C"": ""Minor Sixth"", ""D"": ""Major Third"", ""E"": ""Perfect Fifth""}"	"[""(A) none of the other options is correct"", ""(B) Perfect Fourth"", ""(C) Minor Sixth"", ""(D) Major Third"", ""(E) Perfect Fifth""]"	(A) none of the other options is correct	A
6ee628ed-f701-5659-acfc-6a71bcc343e1	3	perception	pitch	relative	pitch-relative	interval-recognition		interval recognition	What is the {target_index} interval in the {voice} line?	"[""target_index"", ""voice""]"	get_nth_interval		interval	"{""target_index"": ""8th"", ""voice"": ""tenor""}"	What is the 8th interval in the tenor line?	Jan_DuGrosserSchmerzensmann	chorale-bricks	Jan_DuGrosserSchmerzensmann	data/chorale-bricks/Jan_DuGrosserSchmerzensmann	Perfect Unison	"[""Major Second"", ""Major Sixth"", ""Major Third"", ""Minor Second"", ""Minor Sixth"", ""Minor Third"", ""Perfect Fifth"", ""Perfect Fourth""]"	"[""Minor Sixth"", ""Perfect Fifth"", ""Major Third"", ""Perfect Fourth"", ""Minor Second"", ""Major Sixth"", ""Minor Third"", ""Major Second""]"	visual	visual.short.png	data/chorale-bricks/Jan_DuGrosserSchmerzensmann/visual.short.png	none of the other options is correct	"[""none of the other options is correct"", ""Minor Sixth"", ""Perfect Fifth"", ""Major Third"", ""Perfect Fourth""]"	0.2	1	"[""A"", ""B"", ""C"", ""D"", ""E""]"	"{""A"": ""Perfect Fourth"", ""B"": ""Major Third"", ""C"": ""none of the other options is correct"", ""D"": ""Minor Sixth"", ""E"": ""Perfect Fifth""}"	"[""(A) Perfect Fourth"", ""(B) Major Third"", ""(C) none of the other options is correct"", ""(D) Minor Sixth"", ""(E) Perfect Fifth""]"	(C) none of the other options is correct	C
1abbac02-8e48-5f8d-b3f3-d99267ca28be	3	perception	pitch	relative	pitch-relative	interval-recognition		interval recognition	What is the {target_index} interval in the {voice} line?	"[""target_index"", ""voice""]"	get_nth_interval		interval	"{""target_index"": ""39th"", ""voice"": ""alto""}"	What is the 39th interval in the alto line?	Telemann_DerLiebenSonneLichtUndPracht	chorale-bricks	Telemann_DerLiebenSonneLichtUndPracht	data/chorale-bricks/Telemann_DerLiebenSonneLichtUndPracht	Minor Third	"[""Diminished Unison"", ""Major Second"", ""Major Third"", ""Minor Second"", ""Minor Sixth"", ""Perfect Fifth"", ""Perfect Fourth"", ""Perfect Unison""]"	"[""Perfect Fifth"", ""Major Second"", ""Minor Sixth"", ""Minor Second"", ""Perfect Unison"", ""Major Third"", ""Perfect Fourth"", ""Diminished Unison""]"	audio	audio.mastermix.wav	data/chorale-bricks/Telemann_DerLiebenSonneLichtUndPracht/audio.mastermix.wav	none of the other options is correct	"[""none of the other options is correct"", ""Perfect Fifth"", ""Major Second"", ""Minor Sixth"", ""Minor Second""]"	0.2	1	"[""A"", ""B"", ""C"", ""D"", ""E""]"	"{""A"": ""Major Second"", ""B"": ""Minor Sixth"", ""C"": ""none of the other options is correct"", ""D"": ""Perfect Fifth"", ""E"": ""Minor Second""}"	"[""(A) Major Second"", ""(B) Minor Sixth"", ""(C) none of the other options is correct"", ""(D) Perfect Fifth"", ""(E) Minor Second""]"	(C) none of the other options is correct	C
f81f1d58-0926-5ff4-9302-b3b285397038	3	perception	pitch	relative	pitch-relative	interval-recognition		interval recognition	What is the {target_index} interval in the {voice} line?	"[""target_index"", ""voice""]"	get_nth_interval		interval	"{""target_index"": ""39th"", ""voice"": ""alto""}"	What is the 39th interval in the alto line?	Telemann_DerLiebenSonneLichtUndPracht	chorale-bricks	Telemann_DerLiebenSonneLichtUndPracht	data/chorale-bricks/Telemann_DerLiebenSonneLichtUndPracht	Minor Third	"[""Diminished Unison"", ""Major Second"", ""Major Third"", ""Minor Second"", ""Minor Sixth"", ""Perfect Fifth"", ""Perfect Fourth"", ""Perfect Unison""]"	"[""Perfect Fifth"", ""Major Second"", ""Minor Sixth"", ""Minor Second"", ""Perfect Unison"", ""Major Third"", ""Perfect Fourth"", ""Diminished Unison""]"	symbolic	symbolic.abc.txt	data/chorale-bricks/Telemann_DerLiebenSonneLichtUndPracht/symbolic.abc.txt	Minor Third	"[""Minor Third"", ""none of the other options is correct"", ""Perfect Fifth"", ""Major Second"", ""Minor Sixth""]"	0.2	0	"[""A"", ""B"", ""C"", ""D"", ""E""]"	"{""A"": ""Perfect Fifth"", ""B"": ""Major Second"", ""C"": ""Minor Sixth"", ""D"": ""Minor Third"", ""E"": ""none of the other options is correct""}"	"[""(A) Perfect Fifth"", ""(B) Major Second"", ""(C) Minor Sixth"", ""(D) Minor Third"", ""(E) none of the other options is correct""]"	(D) Minor Third	D
e0caa90d-413c-5657-a8b5-81866dd8061d	3	perception	pitch	relative	pitch-relative	interval-recognition		interval recognition	What is the {target_index} interval in the {voice} line?	"[""target_index"", ""voice""]"	get_nth_interval		interval	"{""target_index"": ""39th"", ""voice"": ""alto""}"	What is the 39th interval in the alto line?	Telemann_DerLiebenSonneLichtUndPracht	chorale-bricks	Telemann_DerLiebenSonneLichtUndPracht	data/chorale-bricks/Telemann_DerLiebenSonneLichtUndPracht	Minor Third	"[""Diminished Unison"", ""Major Second"", ""Major Third"", ""Minor Second"", ""Minor Sixth"", ""Perfect Fifth"", ""Perfect Fourth"", ""Perfect Unison""]"	"[""Perfect Fifth"", ""Major Second"", ""Minor Sixth"", ""Minor Second"", ""Perfect Unison"", ""Major Third"", ""Perfect Fourth"", ""Diminished Unison""]"	visual	visual.short.png	data/chorale-bricks/Telemann_DerLiebenSonneLichtUndPracht/visual.short.png	Minor Third	"[""Minor Third"", ""none of the other options is correct"", ""Perfect Fifth"", ""Major Second"", ""Minor Sixth""]"	0.2	0	"[""A"", ""B"", ""C"", ""D"", ""E""]"	"{""A"": ""Minor Sixth"", ""B"": ""Major Second"", ""C"": ""Minor Third"", ""D"": ""Perfect Fifth"", ""E"": ""none of the other options is correct""}"	"[""(A) Minor Sixth"", ""(B) Major Second"", ""(C) Minor Third"", ""(D) Perfect Fifth"", ""(E) none of the other options is correct""]"	(C) Minor Third	C
d1b53e11-a872-58be-b629-1911f7f4d1ae	3	perception	pitch	relative	pitch-relative	interval-recognition		interval recognition	What is the {target_index} interval in the {voice} line?	"[""target_index"", ""voice""]"	get_nth_interval		interval	"{""target_index"": ""30th"", ""voice"": ""bass""}"	What is the 30th interval in the bass line?	Drese_JesuGehVoran	chorale-bricks	Drese_JesuGehVoran	data/chorale-bricks/Drese_JesuGehVoran	Minor Third	"[""Major Second"", ""Major Sixth"", ""Major Third"", ""Minor Second"", ""Perfect Fifth"", ""Perfect Fourth"", ""Perfect Unison""]"	"[""Major Third"", ""Perfect Fourth"", ""Perfect Unison"", ""Perfect Fifth"", ""Minor Second"", ""Major Sixth"", ""Major Second""]"	audio	audio.mastermix.wav	data/chorale-bricks/Drese_JesuGehVoran/audio.mastermix.wav	none of the other options is correct	"[""none of the other options is correct"", ""Major Third"", ""Perfect Fourth"", ""Perfect Unison"", ""Perfect Fifth""]"	0.2	1	"[""A"", ""B"", ""C"", ""D"", ""E""]"	"{""A"": ""none of the other options is correct"", ""B"": ""Major Third"", ""C"": ""Perfect Unison"", ""D"": ""Perfect Fourth"", ""E"": ""Perfect Fifth""}"	"[""(A) none of the other options is correct"", ""(B) Major Third"", ""(C) Perfect Unison"", ""(D) Perfect Fourth"", ""(E) Perfect Fifth""]"	(A) none of the other options is correct	A
d598b474-7d04-5a96-8561-a0745b402590	3	perception	pitch	relative	pitch-relative	interval-recognition		interval recognition	What is the {target_index} interval in the {voice} line?	"[""target_index"", ""voice""]"	get_nth_interval		interval	"{""target_index"": ""30th"", ""voice"": ""bass""}"	What is the 30th interval in the bass line?	Drese_JesuGehVoran	chorale-bricks	Drese_JesuGehVoran	data/chorale-bricks/Drese_JesuGehVoran	Minor Third	"[""Major Second"", ""Major Sixth"", ""Major Third"", ""Minor Second"", ""Perfect Fifth"", ""Perfect Fourth"", ""Perfect Unison""]"	"[""Major Third"", ""Perfect Fourth"", ""Perfect Unison"", ""Perfect Fifth"", ""Minor Second"", ""Major Sixth"", ""Major Second""]"	symbolic	symbolic.abc.txt	data/chorale-bricks/Drese_JesuGehVoran/symbolic.abc.txt	Minor Third	"[""Minor Third"", ""none of the other options is correct"", ""Major Third"", ""Perfect Fourth"", ""Perfect Unison""]"	0.2	0	"[""A"", ""B"", ""C"", ""D"", ""E""]"	"{""A"": ""Perfect Fourth"", ""B"": ""Perfect Unison"", ""C"": ""Minor Third"", ""D"": ""none of the other options is correct"", ""E"": ""Major Third""}"	"[""(A) Perfect Fourth"", ""(B) Perfect Unison"", ""(C) Minor Third"", ""(D) none of the other options is correct"", ""(E) Major Third""]"	(C) Minor Third	C
e44bb516-386c-561c-a2d7-15e20f8c0afd	3	perception	pitch	relative	pitch-relative	interval-recognition		interval recognition	What is the {target_index} interval in the {voice} line?	"[""target_index"", ""voice""]"	get_nth_interval		interval	"{""target_index"": ""30th"", ""voice"": ""bass""}"	What is the 30th interval in the bass line?	Drese_JesuGehVoran	chorale-bricks	Drese_JesuGehVoran	data/chorale-bricks/Drese_JesuGehVoran	Minor Third	"[""Major Second"", ""Major Sixth"", ""Major Third"", ""Minor Second"", ""Perfect Fifth"", ""Perfect Fourth"", ""Perfect Unison""]"	"[""Major Third"", ""Perfect Fourth"", ""Perfect Unison"", ""Perfect Fifth"", ""Minor Second"", ""Major Sixth"", ""Major Second""]"	visual	visual.short.png	data/chorale-bricks/Drese_JesuGehVoran/visual.short.png	none of the other options is correct	"[""none of the other options is correct"", ""Major Third"", ""Perfect Fourth"", ""Perfect Unison"", ""Perfect Fifth""]"	0.2	1	"[""A"", ""B"", ""C"", ""D"", ""E""]"	"{""A"": ""none of the other options is correct"", ""B"": ""Perfect Fourth"", ""C"": ""Perfect Fifth"", ""D"": ""Major Third"", ""E"": ""Perfect Unison""}"	"[""(A) none of the other options is correct"", ""(B) Perfect Fourth"", ""(C) Perfect Fifth"", ""(D) Major Third"", ""(E) Perfect Unison""]"	(A) none of the other options is correct	A
8885d483-316a-504d-9b7a-054172562b7b	3	perception	pitch	relative	pitch-relative	interval-recognition		interval recognition	What is the {target_index} interval in the {voice} line?	"[""target_index"", ""voice""]"	get_nth_interval		interval	"{""target_index"": ""40th"", ""voice"": ""bass""}"	What is the 40th interval in the bass line?	Jan_DuGrosserSchmerzensmann	chorale-bricks	Jan_DuGrosserSchmerzensmann	data/chorale-bricks/Jan_DuGrosserSchmerzensmann	Minor Third	"[""Major Second"", ""Major Sixth"", ""Major Third"", ""Minor Second"", ""Minor Sixth"", ""Perfect Fifth"", ""Perfect Fourth"", ""Perfect Unison""]"	"[""Perfect Unison"", ""Major Third"", ""Major Sixth"", ""Perfect Fourth"", ""Major Second"", ""Perfect Fifth"", ""Minor Sixth"", ""Minor Second""]"	audio	audio.mastermix.wav	data/chorale-bricks/Jan_DuGrosserSchmerzensmann/audio.mastermix.wav	Minor Third	"[""Minor Third"", ""none of the other options is correct"", ""Perfect Unison"", ""Major Third"", ""Major Sixth""]"	0.2	0	"[""A"", ""B"", ""C"", ""D"", ""E""]"	"{""A"": ""none of the other options is correct"", ""B"": ""Minor Third"", ""C"": ""Major Sixth"", ""D"": ""Perfect Unison"", ""E"": ""Major Third""}"	"[""(A) none of the other options is correct"", ""(B) Minor Third"", ""(C) Major Sixth"", ""(D) Perfect Unison"", ""(E) Major Third""]"	(B) Minor Third	B
e9287f2c-d611-56dd-952d-34f4290e4f03	3	perception	pitch	relative	pitch-relative	interval-recognition		interval recognition	What is the {target_index} interval in the {voice} line?	"[""target_index"", ""voice""]"	get_nth_interval		interval	"{""target_index"": ""40th"", ""voice"": ""bass""}"	What is the 40th interval in the bass line?	Jan_DuGrosserSchmerzensmann	chorale-bricks	Jan_DuGrosserSchmerzensmann	data/chorale-bricks/Jan_DuGrosserSchmerzensmann	Minor Third	"[""Major Second"", ""Major Sixth"", ""Major Third"", ""Minor Second"", ""Minor Sixth"", ""Perfect Fifth"", ""Perfect Fourth"", ""Perfect Unison""]"	"[""Perfect Unison"", ""Major Third"", ""Major Sixth"", ""Perfect Fourth"", ""Major Second"", ""Perfect Fifth"", ""Minor Sixth"", ""Minor Second""]"	symbolic	symbolic.abc.txt	data/chorale-bricks/Jan_DuGrosserSchmerzensmann/symbolic.abc.txt	none of the other options is correct	"[""none of the other options is correct"", ""Perfect Unison"", ""Major Third"", ""Major Sixth"", ""Perfect Fourth""]"	0.2	1	"[""A"", ""B"", ""C"", ""D"", ""E""]"	"{""A"": ""Major Sixth"", ""B"": ""none of the other options is correct"", ""C"": ""Major Third"", ""D"": ""Perfect Unison"", ""E"": ""Perfect Fourth""}"	"[""(A) Major Sixth"", ""(B) none of the other options is correct"", ""(C) Major Third"", ""(D) Perfect Unison"", ""(E) Perfect Fourth""]"	(B) none of the other options is correct	B
d3b8d178-ea2f-50ea-8cac-5f3e77f7465c	3	perception	pitch	relative	pitch-relative	interval-recognition		interval recognition	What is the {target_index} interval in the {voice} line?	"[""target_index"", ""voice""]"	get_nth_interval		interval	"{""target_index"": ""40th"", ""voice"": ""bass""}"	What is the 40th interval in the bass line?	Jan_DuGrosserSchmerzensmann	chorale-bricks	Jan_DuGrosserSchmerzensmann	data/chorale-bricks/Jan_DuGrosserSchmerzensmann	Minor Third	"[""Major Second"", ""Major Sixth"", ""Major Third"", ""Minor Second"", ""Minor Sixth"", ""Perfect Fifth"", ""Perfect Fourth"", ""Perfect Unison""]"	"[""Perfect Unison"", ""Major Third"", ""Major Sixth"", ""Perfect Fourth"", ""Major Second"", ""Perfect Fifth"", ""Minor Sixth"", ""Minor Second""]"	visual	visual.short.png	data/chorale-bricks/Jan_DuGrosserSchmerzensmann/visual.short.png	Minor Third	"[""Minor Third"", ""none of the other options is correct"", ""Perfect Unison"", ""Major Third"", ""Major Sixth""]"	0.2	0	"[""A"", ""B"", ""C"", ""D"", ""E""]"	"{""A"": ""Perfect Unison"", ""B"": ""Major Sixth"", ""C"": ""none of the other options is correct"", ""D"": ""Minor Third"", ""E"": ""Major Third""}"	"[""(A) Perfect Unison"", ""(B) Major Sixth"", ""(C) none of the other options is correct"", ""(D) Minor Third"", ""(E) Major Third""]"	(D) Minor Third	D
2c8f66d0-622e-568d-bc52-0d6546bd6ca5	3	perception	pitch	relative	pitch-relative	interval-recognition		interval recognition	What is the {target_index} interval in the {voice} line?	"[""target_index"", ""voice""]"	get_nth_interval		interval	"{""target_index"": ""22nd"", ""voice"": ""alto""}"	What is the 22nd interval in the alto line?	Drese_JesuGehVoran	chorale-bricks	Drese_JesuGehVoran	data/chorale-bricks/Drese_JesuGehVoran	Perfect Unison	"[""Major Second"", ""Major Sixth"", ""Major Third"", ""Minor Second"", ""Minor Third"", ""Perfect Fifth"", ""Perfect Fourth""]"	"[""Minor Second"", ""Perfect Fifth"", ""Minor Third"", ""Major Sixth"", ""Perfect Fourth"", ""Major Second"", ""Major Third""]"	audio	audio.mastermix.wav	data/chorale-bricks/Drese_JesuGehVoran/audio.mastermix.wav	Perfect Unison	"[""Perfect Unison"", ""none of the other options is correct"", ""Minor Second"", ""Perfect Fifth"", ""Minor Third""]"	0.2	0	"[""A"", ""B"", ""C"", ""D"", ""E""]"	"{""A"": ""Perfect Fifth"", ""B"": ""Minor Third"", ""C"": ""Minor Second"", ""D"": ""Perfect Unison"", ""E"": ""none of the other options is correct""}"	"[""(A) Perfect Fifth"", ""(B) Minor Third"", ""(C) Minor Second"", ""(D) Perfect Unison"", ""(E) none of the other options is correct""]"	(D) Perfect Unison	D
879ae1bb-967c-5825-a71a-9e0ffadc555a	3	perception	pitch	relative	pitch-relative	interval-recognition		interval recognition	What is the {target_index} interval in the {voice} line?	"[""target_index"", ""voice""]"	get_nth_interval		interval	"{""target_index"": ""22nd"", ""voice"": ""alto""}"	What is the 22nd interval in the alto line?	Drese_JesuGehVoran	chorale-bricks	Drese_JesuGehVoran	data/chorale-bricks/Drese_JesuGehVoran	Perfect Unison	"[""Major Second"", ""Major Sixth"", ""Major Third"", ""Minor Second"", ""Minor Third"", ""Perfect Fifth"", ""Perfect Fourth""]"	"[""Minor Second"", ""Perfect Fifth"", ""Minor Third"", ""Major Sixth"", ""Perfect Fourth"", ""Major Second"", ""Major Third""]"	symbolic	symbolic.abc.txt	data/chorale-bricks/Drese_JesuGehVoran/symbolic.abc.txt	Perfect Unison	"[""Perfect Unison"", ""none of the other options is correct"", ""Minor Second"", ""Perfect Fifth"", ""Minor Third""]"	0.2	0	"[""A"", ""B"", ""C"", ""D"", ""E""]"	"{""A"": ""none of the other options is correct"", ""B"": ""Minor Third"", ""C"": ""Perfect Unison"", ""D"": ""Perfect Fifth"", ""E"": ""Minor Second""}"	"[""(A) none of the other options is correct"", ""(B) Minor Third"", ""(C) Perfect Unison"", ""(D) Perfect Fifth"", ""(E) Minor Second""]"	(C) Perfect Unison	C
6bf18f7e-e37a-5564-8565-0b62c671f92f	3	perception	pitch	relative	pitch-relative	interval-recognition		interval recognition	What is the {target_index} interval in the {voice} line?	"[""target_index"", ""voice""]"	get_nth_interval		interval	"{""target_index"": ""22nd"", ""voice"": ""alto""}"	What is the 22nd interval in the alto line?	Drese_JesuGehVoran	chorale-bricks	Drese_JesuGehVoran	data/chorale-bricks/Drese_JesuGehVoran	Perfect Unison	"[""Major Second"", ""Major Sixth"", ""Major Third"", ""Minor Second"", ""Minor Third"", ""Perfect Fifth"", ""Perfect Fourth""]"	"[""Minor Second"", ""Perfect Fifth"", ""Minor Third"", ""Major Sixth"", ""Perfect Fourth"", ""Major Second"", ""Major Third""]"	visual	visual.short.png	data/chorale-bricks/Drese_JesuGehVoran/visual.short.png	Perfect Unison	"[""Perfect Unison"", ""none of the other options is correct"", ""Minor Second"", ""Perfect Fifth"", ""Minor Third""]"	0.2	0	"[""A"", ""B"", ""C"", ""D"", ""E""]"	"{""A"": ""Minor Third"", ""B"": ""none of the other options is correct"", ""C"": ""Perfect Fifth"", ""D"": ""Minor Second"", ""E"": ""Perfect Unison""}"	"[""(A) Minor Third"", ""(B) none of the other options is correct"", ""(C) Perfect Fifth"", ""(D) Minor Second"", ""(E) Perfect Unison""]"	(E) Perfect Unison	E
db42a2a0-44f5-51ab-84af-a53c4a9735b1	3	perception	pitch	relative	pitch-relative	interval-recognition		interval recognition	What is the {target_index} interval in the {voice} line?	"[""target_index"", ""voice""]"	get_nth_interval		interval	"{""target_index"": ""20th"", ""voice"": ""tenor""}"	What is the 20th interval in the tenor line?	Vulpius_ChristusDerIstMeinLeben	chorale-bricks	Vulpius_ChristusDerIstMeinLeben	data/chorale-bricks/Vulpius_ChristusDerIstMeinLeben	Minor Second	"[""Major Second"", ""Major Third"", ""Minor Third"", ""Perfect Fifth"", ""Perfect Fourth"", ""Perfect Unison""]"	"[""Perfect Fourth"", ""Perfect Unison"", ""Perfect Fifth"", ""Major Third"", ""Minor Third"", ""Major Second""]"	audio	audio.mastermix.wav	data/chorale-bricks/Vulpius_ChristusDerIstMeinLeben/audio.mastermix.wav	Minor Second	"[""Minor Second"", ""none of the other options is correct"", ""Perfect Fourth"", ""Perfect Unison"", ""Perfect Fifth""]"	0.2	0	"[""A"", ""B"", ""C"", ""D"", ""E""]"	"{""A"": ""Perfect Fifth"", ""B"": ""Minor Second"", ""C"": ""none of the other options is correct"", ""D"": ""Perfect Fourth"", ""E"": ""Perfect Unison""}"	"[""(A) Perfect Fifth"", ""(B) Minor Second"", ""(C) none of the other options is correct"", ""(D) Perfect Fourth"", ""(E) Perfect Unison""]"	(B) Minor Second	B
976ff6cc-c867-5370-9a30-372e29b162c3	3	perception	pitch	relative	pitch-relative	interval-recognition		interval recognition	What is the {target_index} interval in the {voice} line?	"[""target_index"", ""voice""]"	get_nth_interval		interval	"{""target_index"": ""20th"", ""voice"": ""tenor""}"	What is the 20th interval in the tenor line?	Vulpius_ChristusDerIstMeinLeben	chorale-bricks	Vulpius_ChristusDerIstMeinLeben	data/chorale-bricks/Vulpius_ChristusDerIstMeinLeben	Minor Second	"[""Major Second"", ""Major Third"", ""Minor Third"", ""Perfect Fifth"", ""Perfect Fourth"", ""Perfect Unison""]"	"[""Perfect Fourth"", ""Perfect Unison"", ""Perfect Fifth"", ""Major Third"", ""Minor Third"", ""Major Second""]"	symbolic	symbolic.abc.txt	data/chorale-bricks/Vulpius_ChristusDerIstMeinLeben/symbolic.abc.txt	Minor Second	"[""Minor Second"", ""none of the other options is correct"", ""Perfect Fourth"", ""Perfect Unison"", ""Perfect Fifth""]"	0.2	0	"[""A"", ""B"", ""C"", ""D"", ""E""]"	"{""A"": ""Perfect Unison"", ""B"": ""Minor Second"", ""C"": ""Perfect Fifth"", ""D"": ""Perfect Fourth"", ""E"": ""none of the other options is correct""}"	"[""(A) Perfect Unison"", ""(B) Minor Second"", ""(C) Perfect Fifth"", ""(D) Perfect Fourth"", ""(E) none of the other options is correct""]"	(B) Minor Second	B
356ea289-727c-5679-9435-b3c1500ed23b	3	perception	pitch	relative	pitch-relative	interval-recognition		interval recognition	What is the {target_index} interval in the {voice} line?	"[""target_index"", ""voice""]"	get_nth_interval		interval	"{""target_index"": ""20th"", ""voice"": ""tenor""}"	What is the 20th interval in the tenor line?	Vulpius_ChristusDerIstMeinLeben	chorale-bricks	Vulpius_ChristusDerIstMeinLeben	data/chorale-bricks/Vulpius_ChristusDerIstMeinLeben	Minor Second	"[""Major Second"", ""Major Third"", ""Minor Third"", ""Perfect Fifth"", ""Perfect Fourth"", ""Perfect Unison""]"	"[""Perfect Fourth"", ""Perfect Unison"", ""Perfect Fifth"", ""Major Third"", ""Minor Third"", ""Major Second""]"	visual	visual.short.png	data/chorale-bricks/Vulpius_ChristusDerIstMeinLeben/visual.short.png	Minor Second	"[""Minor Second"", ""none of the other options is correct"", ""Perfect Fourth"", ""Perfect Unison"", ""Perfect Fifth""]"	0.2	0	"[""A"", ""B"", ""C"", ""D"", ""E""]"	"{""A"": ""Minor Second"", ""B"": ""none of the other options is correct"", ""C"": ""Perfect Fifth"", ""D"": ""Perfect Unison"", ""E"": ""Perfect Fourth""}"	"[""(A) Minor Second"", ""(B) none of the other options is correct"", ""(C) Perfect Fifth"", ""(D) Perfect Unison"", ""(E) Perfect Fourth""]"	(A) Minor Second	A
fa964dae-5567-5ba3-8657-19390cfafb5c	3	perception	pitch	relative	pitch-relative	interval-recognition		interval recognition	What is the {target_index} interval in the {voice} line?	"[""target_index"", ""voice""]"	get_nth_interval		interval	"{""target_index"": ""7th"", ""voice"": ""soprano""}"	What is the 7th interval in the soprano line?	Jan_DuGrosserSchmerzensmann	chorale-bricks	Jan_DuGrosserSchmerzensmann	data/chorale-bricks/Jan_DuGrosserSchmerzensmann	Perfect Unison	"[""Major Second"", ""Major Sixth"", ""Major Third"", ""Minor Second"", ""Minor Sixth"", ""Minor Third"", ""Perfect Fifth"", ""Perfect Fourth""]"	"[""Perfect Fifth"", ""Minor Sixth"", ""Minor Third"", ""Perfect Fourth"", ""Major Sixth"", ""Major Third"", ""Major Second"", ""Minor Second""]"	audio	audio.mastermix.wav	data/chorale-bricks/Jan_DuGrosserSchmerzensmann/audio.mastermix.wav	Perfect Unison	"[""Perfect Unison"", ""none of the other options is correct"", ""Perfect Fifth"", ""Minor Sixth"", ""Minor Third""]"	0.2	0	"[""A"", ""B"", ""C"", ""D"", ""E""]"	"{""A"": ""Perfect Fifth"", ""B"": ""Minor Sixth"", ""C"": ""Perfect Unison"", ""D"": ""Minor Third"", ""E"": ""none of the other options is correct""}"	"[""(A) Perfect Fifth"", ""(B) Minor Sixth"", ""(C) Perfect Unison"", ""(D) Minor Third"", ""(E) none of the other options is correct""]"	(C) Perfect Unison	C
300a7dde-160f-5b7f-ac31-e303684448d9	3	perception	pitch	relative	pitch-relative	interval-recognition		interval recognition	What is the {target_index} interval in the {voice} line?	"[""target_index"", ""voice""]"	get_nth_interval		interval	"{""target_index"": ""7th"", ""voice"": ""soprano""}"	What is the 7th interval in the soprano line?	Jan_DuGrosserSchmerzensmann	chorale-bricks	Jan_DuGrosserSchmerzensmann	data/chorale-bricks/Jan_DuGrosserSchmerzensmann	Perfect Unison	"[""Major Second"", ""Major Sixth"", ""Major Third"", ""Minor Second"", ""Minor Sixth"", ""Minor Third"", ""Perfect Fifth"", ""Perfect Fourth""]"	"[""Perfect Fifth"", ""Minor Sixth"", ""Minor Third"", ""Perfect Fourth"", ""Major Sixth"", ""Major Third"", ""Major Second"", ""Minor Second""]"	symbolic	symbolic.abc.txt	data/chorale-bricks/Jan_DuGrosserSchmerzensmann/symbolic.abc.txt	Perfect Unison	"[""Perfect Unison"", ""none of the other options is correct"", ""Perfect Fifth"", ""Minor Sixth"", ""Minor Third""]"	0.2	0	"[""A"", ""B"", ""C"", ""D"", ""E""]"	"{""A"": ""none of the other options is correct"", ""B"": ""Minor Sixth"", ""C"": ""Minor Third"", ""D"": ""Perfect Unison"", ""E"": ""Perfect Fifth""}"	"[""(A) none of the other options is correct"", ""(B) Minor Sixth"", ""(C) Minor Third"", ""(D) Perfect Unison"", ""(E) Perfect Fifth""]"	(D) Perfect Unison	D
05189644-0d7e-587f-b1a6-4531999fa8e8	3	perception	pitch	relative	pitch-relative	interval-recognition		interval recognition	What is the {target_index} interval in the {voice} line?	"[""target_index"", ""voice""]"	get_nth_interval		interval	"{""target_index"": ""7th"", ""voice"": ""soprano""}"	What is the 7th interval in the soprano line?	Jan_DuGrosserSchmerzensmann	chorale-bricks	Jan_DuGrosserSchmerzensmann	data/chorale-bricks/Jan_DuGrosserSchmerzensmann	Perfect Unison	"[""Major Second"", ""Major Sixth"", ""Major Third"", ""Minor Second"", ""Minor Sixth"", ""Minor Third"", ""Perfect Fifth"", ""Perfect Fourth""]"	"[""Perfect Fifth"", ""Minor Sixth"", ""Minor Third"", ""Perfect Fourth"", ""Major Sixth"", ""Major Third"", ""Major Second"", ""Minor Second""]"	visual	visual.short.png	data/chorale-bricks/Jan_DuGrosserSchmerzensmann/visual.short.png	Perfect Unison	"[""Perfect Unison"", ""none of the other options is correct"", ""Perfect Fifth"", ""Minor Sixth"", ""Minor Third""]"	0.2	0	"[""A"", ""B"", ""C"", ""D"", ""E""]"	"{""A"": ""Perfect Fifth"", ""B"": ""Perfect Unison"", ""C"": ""Minor Third"", ""D"": ""none of the other options is correct"", ""E"": ""Minor Sixth""}"	"[""(A) Perfect Fifth"", ""(B) Perfect Unison"", ""(C) Minor Third"", ""(D) none of the other options is correct"", ""(E) Minor Sixth""]"	(B) Perfect Unison	B
af4902f9-cc05-5f03-a0e2-02f5e3708fbb	3	perception	pitch	relative	pitch-relative	interval-recognition		interval recognition	What is the {target_index} interval in the {voice} line?	"[""target_index"", ""voice""]"	get_nth_interval		interval	"{""target_index"": ""18th"", ""voice"": ""bass""}"	What is the 18th interval in the bass line?	Bach_IchStehAnDeinerKrippe	chorale-bricks	Bach_IchStehAnDeinerKrippe	data/chorale-bricks/Bach_IchStehAnDeinerKrippe	Perfect Fourth	"[""Diminished Unison"", ""Major Second"", ""Major Third"", ""Minor Second"", ""Minor Sixth"", ""Minor Third"", ""Perfect Fifth"", ""Perfect Unison""]"	"[""Perfect Fifth"", ""Diminished Unison"", ""Minor Second"", ""Perfect Unison"", ""Minor Third"", ""Major Third"", ""Minor Sixth"", ""Major Second""]"	audio	audio.mastermix.wav	data/chorale-bricks/Bach_IchStehAnDeinerKrippe/audio.mastermix.wav	Perfect Fourth	"[""Perfect Fourth"", ""none of the other options is correct"", ""Perfect Fifth"", ""Diminished Unison"", ""Minor Second""]"	0.2	0	"[""A"", ""B"", ""C"", ""D"", ""E""]"	"{""A"": ""Diminished Unison"", ""B"": ""Perfect Fourth"", ""C"": ""Minor Second"", ""D"": ""Perfect Fifth"", ""E"": ""none of the other options is correct""}"	"[""(A) Diminished Unison"", ""(B) Perfect Fourth"", ""(C) Minor Second"", ""(D) Perfect Fifth"", ""(E) none of the other options is correct""]"	(B) Perfect Fourth	B
d2a702f9-950b-58b8-9c15-9f4261643f95	3	perception	pitch	relative	pitch-relative	interval-recognition		interval recognition	What is the {target_index} interval in the {voice} line?	"[""target_index"", ""voice""]"	get_nth_interval		interval	"{""target_index"": ""18th"", ""voice"": ""bass""}"	What is the 18th interval in the bass line?	Bach_IchStehAnDeinerKrippe	chorale-bricks	Bach_IchStehAnDeinerKrippe	data/chorale-bricks/Bach_IchStehAnDeinerKrippe	Perfect Fourth	"[""Diminished Unison"", ""Major Second"", ""Major Third"", ""Minor Second"", ""Minor Sixth"", ""Minor Third"", ""Perfect Fifth"", ""Perfect Unison""]"	"[""Perfect Fifth"", ""Diminished Unison"", ""Minor Second"", ""Perfect Unison"", ""Minor Third"", ""Major Third"", ""Minor Sixth"", ""Major Second""]"	symbolic	symbolic.abc.txt	data/chorale-bricks/Bach_IchStehAnDeinerKrippe/symbolic.abc.txt	Perfect Fourth	"[""Perfect Fourth"", ""none of the other options is correct"", ""Perfect Fifth"", ""Diminished Unison"", ""Minor Second""]"	0.2	0	"[""A"", ""B"", ""C"", ""D"", ""E""]"	"{""A"": ""Perfect Fourth"", ""B"": ""none of the other options is correct"", ""C"": ""Diminished Unison"", ""D"": ""Minor Second"", ""E"": ""Perfect Fifth""}"	"[""(A) Perfect Fourth"", ""(B) none of the other options is correct"", ""(C) Diminished Unison"", ""(D) Minor Second"", ""(E) Perfect Fifth""]"	(A) Perfect Fourth	A
4c2d5689-1546-538f-b64a-61b4830c7346	3	perception	pitch	relative	pitch-relative	interval-recognition		interval recognition	What is the {target_index} interval in the {voice} line?	"[""target_index"", ""voice""]"	get_nth_interval		interval	"{""target_index"": ""18th"", ""voice"": ""bass""}"	What is the 18th interval in the bass line?	Bach_IchStehAnDeinerKrippe	chorale-bricks	Bach_IchStehAnDeinerKrippe	data/chorale-bricks/Bach_IchStehAnDeinerKrippe	Perfect Fourth	"[""Diminished Unison"", ""Major Second"", ""Major Third"", ""Minor Second"", ""Minor Sixth"", ""Minor Third"", ""Perfect Fifth"", ""Perfect Unison""]"	"[""Perfect Fifth"", ""Diminished Unison"", ""Minor Second"", ""Perfect Unison"", ""Minor Third"", ""Major Third"", ""Minor Sixth"", ""Major Second""]"	visual	visual.short.png	data/chorale-bricks/Bach_IchStehAnDeinerKrippe/visual.short.png	none of the other options is correct	"[""none of the other options is correct"", ""Perfect Fifth"", ""Diminished Unison"", ""Minor Second"", ""Perfect Unison""]"	0.2	1	"[""A"", ""B"", ""C"", ""D"", ""E""]"	"{""A"": ""Perfect Fifth"", ""B"": ""none of the other options is correct"", ""C"": ""Diminished Unison"", ""D"": ""Perfect Unison"", ""E"": ""Minor Second""}"	"[""(A) Perfect Fifth"", ""(B) none of the other options is correct"", ""(C) Diminished Unison"", ""(D) Perfect Unison"", ""(E) Minor Second""]"	(B) none of the other options is correct	B
01afd296-e29d-547e-9424-dd8eca0c0524	3	perception	pitch	relative	pitch-relative	interval-recognition		interval recognition	What is the {target_index} interval in the {voice} line?	"[""target_index"", ""voice""]"	get_nth_interval		interval	"{""target_index"": ""58th"", ""voice"": ""soprano""}"	What is the 58th interval in the soprano line?	Crueger_AufAufMeinHerzMitFreuden	chorale-bricks	Crueger_AufAufMeinHerzMitFreuden	data/chorale-bricks/Crueger_AufAufMeinHerzMitFreuden	Major Second	"[""Diminished Fifth"", ""Major Sixth"", ""Major Third"", ""Minor Second"", ""Minor Sixth"", ""Minor Third"", ""Perfect Fifth"", ""Perfect Fourth"", ""Perfect Unison""]"	"[""Perfect Fourth"", ""Perfect Unison"", ""Perfect Fifth"", ""Major Third"", ""Diminished Fifth"", ""Minor Second"", ""Minor Third"", ""Minor Sixth"", ""Major Sixth""]"	audio	audio.mastermix.wav	data/chorale-bricks/Crueger_AufAufMeinHerzMitFreuden/audio.mastermix.wav	Major Second	"[""Major Second"", ""none of the other options is correct"", ""Perfect Fourth"", ""Perfect Unison"", ""Perfect Fifth""]"	0.2	0	"[""A"", ""B"", ""C"", ""D"", ""E""]"	"{""A"": ""none of the other options is correct"", ""B"": ""Perfect Fourth"", ""C"": ""Perfect Unison"", ""D"": ""Perfect Fifth"", ""E"": ""Major Second""}"	"[""(A) none of the other options is correct"", ""(B) Perfect Fourth"", ""(C) Perfect Unison"", ""(D) Perfect Fifth"", ""(E) Major Second""]"	(E) Major Second	E
7471126a-89e9-556a-85e8-3fa1bab6333c	3	perception	pitch	relative	pitch-relative	interval-recognition		interval recognition	What is the {target_index} interval in the {voice} line?	"[""target_index"", ""voice""]"	get_nth_interval		interval	"{""target_index"": ""58th"", ""voice"": ""soprano""}"	What is the 58th interval in the soprano line?	Crueger_AufAufMeinHerzMitFreuden	chorale-bricks	Crueger_AufAufMeinHerzMitFreuden	data/chorale-bricks/Crueger_AufAufMeinHerzMitFreuden	Major Second	"[""Diminished Fifth"", ""Major Sixth"", ""Major Third"", ""Minor Second"", ""Minor Sixth"", ""Minor Third"", ""Perfect Fifth"", ""Perfect Fourth"", ""Perfect Unison""]"	"[""Perfect Fourth"", ""Perfect Unison"", ""Perfect Fifth"", ""Major Third"", ""Diminished Fifth"", ""Minor Second"", ""Minor Third"", ""Minor Sixth"", ""Major Sixth""]"	symbolic	symbolic.abc.txt	data/chorale-bricks/Crueger_AufAufMeinHerzMitFreuden/symbolic.abc.txt	none of the other options is correct	"[""none of the other options is correct"", ""Perfect Fourth"", ""Perfect Unison"", ""Perfect Fifth"", ""Major Third""]"	0.2	1	"[""A"", ""B"", ""C"", ""D"", ""E""]"	"{""A"": ""Perfect Fifth"", ""B"": ""none of the other options is correct"", ""C"": ""Perfect Unison"", ""D"": ""Major Third"", ""E"": ""Perfect Fourth""}"	"[""(A) Perfect Fifth"", ""(B) none of the other options is correct"", ""(C) Perfect Unison"", ""(D) Major Third"", ""(E) Perfect Fourth""]"	(B) none of the other options is correct	B
be255edc-5b58-5958-9fee-b5220ec1999a	3	perception	pitch	relative	pitch-relative	interval-recognition		interval recognition	What is the {target_index} interval in the {voice} line?	"[""target_index"", ""voice""]"	get_nth_interval		interval	"{""target_index"": ""58th"", ""voice"": ""soprano""}"	What is the 58th interval in the soprano line?	Crueger_AufAufMeinHerzMitFreuden	chorale-bricks	Crueger_AufAufMeinHerzMitFreuden	data/chorale-bricks/Crueger_AufAufMeinHerzMitFreuden	Major Second	"[""Diminished Fifth"", ""Major Sixth"", ""Major Third"", ""Minor Second"", ""Minor Sixth"", ""Minor Third"", ""Perfect Fifth"", ""Perfect Fourth"", ""Perfect Unison""]"	"[""Perfect Fourth"", ""Perfect Unison"", ""Perfect Fifth"", ""Major Third"", ""Diminished Fifth"", ""Minor Second"", ""Minor Third"", ""Minor Sixth"", ""Major Sixth""]"	visual	visual.short.png	data/chorale-bricks/Crueger_AufAufMeinHerzMitFreuden/visual.short.png	Major Second	"[""Major Second"", ""none of the other options is correct"", ""Perfect Fourth"", ""Perfect Unison"", ""Perfect Fifth""]"	0.2	0	"[""A"", ""B"", ""C"", ""D"", ""E""]"	"{""A"": ""Perfect Fourth"", ""B"": ""Major Second"", ""C"": ""Perfect Fifth"", ""D"": ""none of the other options is correct"", ""E"": ""Perfect Unison""}"	"[""(A) Perfect Fourth"", ""(B) Major Second"", ""(C) Perfect Fifth"", ""(D) none of the other options is correct"", ""(E) Perfect Unison""]"	(B) Major Second	B
2c8bce25-c626-549b-bbed-fca91b25575e	3	perception	pitch	relative	pitch-relative	interval-recognition		interval recognition	What is the {target_index} interval in the {voice} line?	"[""target_index"", ""voice""]"	get_nth_interval		interval	"{""target_index"": ""9th"", ""voice"": ""bass""}"	What is the 9th interval in the bass line?	Crueger_AufAufMeinHerzMitFreuden	chorale-bricks	Crueger_AufAufMeinHerzMitFreuden	data/chorale-bricks/Crueger_AufAufMeinHerzMitFreuden	Perfect Unison	"[""Diminished Fifth"", ""Major Second"", ""Major Sixth"", ""Major Third"", ""Minor Second"", ""Minor Sixth"", ""Minor Third"", ""Perfect Fifth"", ""Perfect Fourth""]"	"[""Major Second"", ""Minor Sixth"", ""Minor Third"", ""Perfect Fourth"", ""Diminished Fifth"", ""Minor Second"", ""Major Sixth"", ""Perfect Fifth"", ""Major Third""]"	audio	audio.mastermix.wav	data/chorale-bricks/Crueger_AufAufMeinHerzMitFreuden/audio.mastermix.wav	Perfect Unison	"[""Perfect Unison"", ""none of the other options is correct"", ""Major Second"", ""Minor Sixth"", ""Minor Third""]"	0.2	0	"[""A"", ""B"", ""C"", ""D"", ""E""]"	"{""A"": ""Minor Third"", ""B"": ""Perfect Unison"", ""C"": ""none of the other options is correct"", ""D"": ""Major Second"", ""E"": ""Minor Sixth""}"	"[""(A) Minor Third"", ""(B) Perfect Unison"", ""(C) none of the other options is correct"", ""(D) Major Second"", ""(E) Minor Sixth""]"	(B) Perfect Unison	B
8bb4eb32-cf1e-58f6-9bb6-220569c0431a	3	perception	pitch	relative	pitch-relative	interval-recognition		interval recognition	What is the {target_index} interval in the {voice} line?	"[""target_index"", ""voice""]"	get_nth_interval		interval	"{""target_index"": ""9th"", ""voice"": ""bass""}"	What is the 9th interval in the bass line?	Crueger_AufAufMeinHerzMitFreuden	chorale-bricks	Crueger_AufAufMeinHerzMitFreuden	data/chorale-bricks/Crueger_AufAufMeinHerzMitFreuden	Perfect Unison	"[""Diminished Fifth"", ""Major Second"", ""Major Sixth"", ""Major Third"", ""Minor Second"", ""Minor Sixth"", ""Minor Third"", ""Perfect Fifth"", ""Perfect Fourth""]"	"[""Major Second"", ""Minor Sixth"", ""Minor Third"", ""Perfect Fourth"", ""Diminished Fifth"", ""Minor Second"", ""Major Sixth"", ""Perfect Fifth"", ""Major Third""]"	symbolic	symbolic.abc.txt	data/chorale-bricks/Crueger_AufAufMeinHerzMitFreuden/symbolic.abc.txt	none of the other options is correct	"[""none of the other options is correct"", ""Major Second"", ""Minor Sixth"", ""Minor Third"", ""Perfect Fourth""]"	0.2	1	"[""A"", ""B"", ""C"", ""D"", ""E""]"	"{""A"": ""none of the other options is correct"", ""B"": ""Major Second"", ""C"": ""Perfect Fourth"", ""D"": ""Minor Sixth"", ""E"": ""Minor Third""}"	"[""(A) none of the other options is correct"", ""(B) Major Second"", ""(C) Perfect Fourth"", ""(D) Minor Sixth"", ""(E) Minor Third""]"	(A) none of the other options is correct	A
b475c9aa-3bcb-58d8-be4b-83f420aa3e14	3	perception	pitch	relative	pitch-relative	interval-recognition		interval recognition	What is the {target_index} interval in the {voice} line?	"[""target_index"", ""voice""]"	get_nth_interval		interval	"{""target_index"": ""9th"", ""voice"": ""bass""}"	What is the 9th interval in the bass line?	Crueger_AufAufMeinHerzMitFreuden	chorale-bricks	Crueger_AufAufMeinHerzMitFreuden	data/chorale-bricks/Crueger_AufAufMeinHerzMitFreuden	Perfect Unison	"[""Diminished Fifth"", ""Major Second"", ""Major Sixth"", ""Major Third"", ""Minor Second"", ""Minor Sixth"", ""Minor Third"", ""Perfect Fifth"", ""Perfect Fourth""]"	"[""Major Second"", ""Minor Sixth"", ""Minor Third"", ""Perfect Fourth"", ""Diminished Fifth"", ""Minor Second"", ""Major Sixth"", ""Perfect Fifth"", ""Major Third""]"	visual	visual.short.png	data/chorale-bricks/Crueger_AufAufMeinHerzMitFreuden/visual.short.png	Perfect Unison	"[""Perfect Unison"", ""none of the other options is correct"", ""Major Second"", ""Minor Sixth"", ""Minor Third""]"	0.2	0	"[""A"", ""B"", ""C"", ""D"", ""E""]"	"{""A"": ""Minor Sixth"", ""B"": ""Major Second"", ""C"": ""none of the other options is correct"", ""D"": ""Minor Third"", ""E"": ""Perfect Unison""}"	"[""(A) Minor Sixth"", ""(B) Major Second"", ""(C) none of the other options is correct"", ""(D) Minor Third"", ""(E) Perfect Unison""]"	(E) Perfect Unison	E
e7c06b81-2ca1-52cd-aa65-6b88e20b219b	3	perception	pitch	relative	pitch-relative	interval-recognition		interval recognition	What is the {target_index} interval in the {voice} line?	"[""target_index"", ""voice""]"	get_nth_interval		interval	"{""target_index"": ""25th"", ""voice"": ""soprano""}"	What is the 25th interval in the soprano line?	Jan_DuGrosserSchmerzensmann	chorale-bricks	Jan_DuGrosserSchmerzensmann	data/chorale-bricks/Jan_DuGrosserSchmerzensmann	Major Second	"[""Major Sixth"", ""Major Third"", ""Minor Second"", ""Minor Sixth"", ""Minor Third"", ""Perfect Fifth"", ""Perfect Fourth"", ""Perfect Unison""]"	"[""Major Sixth"", ""Minor Sixth"", ""Minor Third"", ""Perfect Fifth"", ""Major Third"", ""Perfect Fourth"", ""Perfect Unison"", ""Minor Second""]"	audio	audio.mastermix.wav	data/chorale-bricks/Jan_DuGrosserSchmerzensmann/audio.mastermix.wav	Major Second	"[""Major Second"", ""none of the other options is correct"", ""Major Sixth"", ""Minor Sixth"", ""Minor Third""]"	0.2	0	"[""A"", ""B"", ""C"", ""D"", ""E""]"	"{""A"": ""none of the other options is correct"", ""B"": ""Minor Sixth"", ""C"": ""Major Sixth"", ""D"": ""Major Second"", ""E"": ""Minor Third""}"	"[""(A) none of the other options is correct"", ""(B) Minor Sixth"", ""(C) Major Sixth"", ""(D) Major Second"", ""(E) Minor Third""]"	(D) Major Second	D
49c0bf2d-e441-5f67-997c-41b0f18dcc4a	3	perception	pitch	relative	pitch-relative	interval-recognition		interval recognition	What is the {target_index} interval in the {voice} line?	"[""target_index"", ""voice""]"	get_nth_interval		interval	"{""target_index"": ""25th"", ""voice"": ""soprano""}"	What is the 25th interval in the soprano line?	Jan_DuGrosserSchmerzensmann	chorale-bricks	Jan_DuGrosserSchmerzensmann	data/chorale-bricks/Jan_DuGrosserSchmerzensmann	Major Second	"[""Major Sixth"", ""Major Third"", ""Minor Second"", ""Minor Sixth"", ""Minor Third"", ""Perfect Fifth"", ""Perfect Fourth"", ""Perfect Unison""]"	"[""Major Sixth"", ""Minor Sixth"", ""Minor Third"", ""Perfect Fifth"", ""Major Third"", ""Perfect Fourth"", ""Perfect Unison"", ""Minor Second""]"	symbolic	symbolic.abc.txt	data/chorale-bricks/Jan_DuGrosserSchmerzensmann/symbolic.abc.txt	Major Second	"[""Major Second"", ""none of the other options is correct"", ""Major Sixth"", ""Minor Sixth"", ""Minor Third""]"	0.2	0	"[""A"", ""B"", ""C"", ""D"", ""E""]"	"{""A"": ""Minor Sixth"", ""B"": ""Major Sixth"", ""C"": ""Minor Third"", ""D"": ""none of the other options is correct"", ""E"": ""Major Second""}"	"[""(A) Minor Sixth"", ""(B) Major Sixth"", ""(C) Minor Third"", ""(D) none of the other options is correct"", ""(E) Major Second""]"	(E) Major Second	E
464891ae-4e68-5326-96c9-50ef0540f652	3	perception	pitch	relative	pitch-relative	interval-recognition		interval recognition	What is the {target_index} interval in the {voice} line?	"[""target_index"", ""voice""]"	get_nth_interval		interval	"{""target_index"": ""25th"", ""voice"": ""soprano""}"	What is the 25th interval in the soprano line?	Jan_DuGrosserSchmerzensmann	chorale-bricks	Jan_DuGrosserSchmerzensmann	data/chorale-bricks/Jan_DuGrosserSchmerzensmann	Major Second	"[""Major Sixth"", ""Major Third"", ""Minor Second"", ""Minor Sixth"", ""Minor Third"", ""Perfect Fifth"", ""Perfect Fourth"", ""Perfect Unison""]"	"[""Major Sixth"", ""Minor Sixth"", ""Minor Third"", ""Perfect Fifth"", ""Major Third"", ""Perfect Fourth"", ""Perfect Unison"", ""Minor Second""]"	visual	visual.short.png	data/chorale-bricks/Jan_DuGrosserSchmerzensmann/visual.short.png	Major Second	"[""Major Second"", ""none of the other options is correct"", ""Major Sixth"", ""Minor Sixth"", ""Minor Third""]"	0.2	0	"[""A"", ""B"", ""C"", ""D"", ""E""]"	"{""A"": ""Minor Sixth"", ""B"": ""Minor Third"", ""C"": ""none of the other options is correct"", ""D"": ""Major Second"", ""E"": ""Major Sixth""}"	"[""(A) Minor Sixth"", ""(B) Minor Third"", ""(C) none of the other options is correct"", ""(D) Major Second"", ""(E) Major Sixth""]"	(D) Major Second	D
8317afe9-9a09-5112-883f-6dd7fb66138f	3	perception	pitch	relative	pitch-relative	interval-recognition		interval recognition	What is the {target_index} interval in the {voice} line?	"[""target_index"", ""voice""]"	get_nth_interval		interval	"{""target_index"": ""52nd"", ""voice"": ""alto""}"	What is the 52nd interval in the alto line?	Gesius_BefiehlDuDeineWege	chorale-bricks	Gesius_BefiehlDuDeineWege	data/chorale-bricks/Gesius_BefiehlDuDeineWege	Minor Second	"[""Major Second"", ""Major Third"", ""Minor Sixth"", ""Minor Third"", ""Perfect Fifth"", ""Perfect Fourth"", ""Perfect Unison""]"	"[""Minor Third"", ""Perfect Fourth"", ""Perfect Fifth"", ""Minor Sixth"", ""Perfect Unison"", ""Major Third"", ""Major Second""]"	audio	audio.mastermix.wav	data/chorale-bricks/Gesius_BefiehlDuDeineWege/audio.mastermix.wav	Minor Second	"[""Minor Second"", ""none of the other options is correct"", ""Minor Third"", ""Perfect Fourth"", ""Perfect Fifth""]"	0.2	0	"[""A"", ""B"", ""C"", ""D"", ""E""]"	"{""A"": ""Minor Third"", ""B"": ""Perfect Fifth"", ""C"": ""Minor Second"", ""D"": ""none of the other options is correct"", ""E"": ""Perfect Fourth""}"	"[""(A) Minor Third"", ""(B) Perfect Fifth"", ""(C) Minor Second"", ""(D) none of the other options is correct"", ""(E) Perfect Fourth""]"	(C) Minor Second	C
7813bcf8-a38f-53fe-af84-437b10d96899	3	perception	pitch	relative	pitch-relative	interval-recognition		interval recognition	What is the {target_index} interval in the {voice} line?	"[""target_index"", ""voice""]"	get_nth_interval		interval	"{""target_index"": ""52nd"", ""voice"": ""alto""}"	What is the 52nd interval in the alto line?	Gesius_BefiehlDuDeineWege	chorale-bricks	Gesius_BefiehlDuDeineWege	data/chorale-bricks/Gesius_BefiehlDuDeineWege	Minor Second	"[""Major Second"", ""Major Third"", ""Minor Sixth"", ""Minor Third"", ""Perfect Fifth"", ""Perfect Fourth"", ""Perfect Unison""]"	"[""Minor Third"", ""Perfect Fourth"", ""Perfect Fifth"", ""Minor Sixth"", ""Perfect Unison"", ""Major Third"", ""Major Second""]"	symbolic	symbolic.abc.txt	data/chorale-bricks/Gesius_BefiehlDuDeineWege/symbolic.abc.txt	Minor Second	"[""Minor Second"", ""none of the other options is correct"", ""Minor Third"", ""Perfect Fourth"", ""Perfect Fifth""]"	0.2	0	"[""A"", ""B"", ""C"", ""D"", ""E""]"	"{""A"": ""Perfect Fifth"", ""B"": ""Minor Third"", ""C"": ""none of the other options is correct"", ""D"": ""Perfect Fourth"", ""E"": ""Minor Second""}"	"[""(A) Perfect Fifth"", ""(B) Minor Third"", ""(C) none of the other options is correct"", ""(D) Perfect Fourth"", ""(E) Minor Second""]"	(E) Minor Second	E
c2caebf1-4257-5e12-a307-dabd4981324d	3	perception	pitch	relative	pitch-relative	interval-recognition		interval recognition	What is the {target_index} interval in the {voice} line?	"[""target_index"", ""voice""]"	get_nth_interval		interval	"{""target_index"": ""52nd"", ""voice"": ""alto""}"	What is the 52nd interval in the alto line?	Gesius_BefiehlDuDeineWege	chorale-bricks	Gesius_BefiehlDuDeineWege	data/chorale-bricks/Gesius_BefiehlDuDeineWege	Minor Second	"[""Major Second"", ""Major Third"", ""Minor Sixth"", ""Minor Third"", ""Perfect Fifth"", ""Perfect Fourth"", ""Perfect Unison""]"	"[""Minor Third"", ""Perfect Fourth"", ""Perfect Fifth"", ""Minor Sixth"", ""Perfect Unison"", ""Major Third"", ""Major Second""]"	visual	visual.short.png	data/chorale-bricks/Gesius_BefiehlDuDeineWege/visual.short.png	Minor Second	"[""Minor Second"", ""none of the other options is correct"", ""Minor Third"", ""Perfect Fourth"", ""Perfect Fifth""]"	0.2	0	"[""A"", ""B"", ""C"", ""D"", ""E""]"	"{""A"": ""Minor Second"", ""B"": ""Minor Third"", ""C"": ""Perfect Fourth"", ""D"": ""none of the other options is correct"", ""E"": ""Perfect Fifth""}"	"[""(A) Minor Second"", ""(B) Minor Third"", ""(C) Perfect Fourth"", ""(D) none of the other options is correct"", ""(E) Perfect Fifth""]"	(A) Minor Second	A
22a5dc58-83af-5cae-b4e8-64cd117595ed	3	perception	pitch	relative	pitch-relative	interval-recognition		interval recognition	What is the {target_index} interval in the {voice} line?	"[""target_index"", ""voice""]"	get_nth_interval		interval	"{""target_index"": ""20th"", ""voice"": ""soprano""}"	What is the 20th interval in the soprano line?	Drese_JesuGehVoran	chorale-bricks	Drese_JesuGehVoran	data/chorale-bricks/Drese_JesuGehVoran	Major Second	"[""Major Sixth"", ""Major Third"", ""Minor Second"", ""Minor Third"", ""Perfect Fifth"", ""Perfect Fourth"", ""Perfect Unison""]"	"[""Minor Second"", ""Perfect Unison"", ""Minor Third"", ""Perfect Fourth"", ""Perfect Fifth"", ""Major Third"", ""Major Sixth""]"	audio	audio.mastermix.wav	data/chorale-bricks/Drese_JesuGehVoran/audio.mastermix.wav	none of the other options is correct	"[""none of the other options is correct"", ""Minor Second"", ""Perfect Unison"", ""Minor Third"", ""Perfect Fourth""]"	0.2	1	"[""A"", ""B"", ""C"", ""D"", ""E""]"	"{""A"": ""Perfect Fourth"", ""B"": ""Minor Second"", ""C"": ""Perfect Unison"", ""D"": ""Minor Third"", ""E"": ""none of the other options is correct""}"	"[""(A) Perfect Fourth"", ""(B) Minor Second"", ""(C) Perfect Unison"", ""(D) Minor Third"", ""(E) none of the other options is correct""]"	(E) none of the other options is correct	E
c4922ece-c89a-545b-838f-97cb2c7d88a6	3	perception	pitch	relative	pitch-relative	interval-recognition		interval recognition	What is the {target_index} interval in the {voice} line?	"[""target_index"", ""voice""]"	get_nth_interval		interval	"{""target_index"": ""20th"", ""voice"": ""soprano""}"	What is the 20th interval in the soprano line?	Drese_JesuGehVoran	chorale-bricks	Drese_JesuGehVoran	data/chorale-bricks/Drese_JesuGehVoran	Major Second	"[""Major Sixth"", ""Major Third"", ""Minor Second"", ""Minor Third"", ""Perfect Fifth"", ""Perfect Fourth"", ""Perfect Unison""]"	"[""Minor Second"", ""Perfect Unison"", ""Minor Third"", ""Perfect Fourth"", ""Perfect Fifth"", ""Major Third"", ""Major Sixth""]"	symbolic	symbolic.abc.txt	data/chorale-bricks/Drese_JesuGehVoran/symbolic.abc.txt	Major Second	"[""Major Second"", ""none of the other options is correct"", ""Minor Second"", ""Perfect Unison"", ""Minor Third""]"	0.2	0	"[""A"", ""B"", ""C"", ""D"", ""E""]"	"{""A"": ""none of the other options is correct"", ""B"": ""Minor Second"", ""C"": ""Perfect Unison"", ""D"": ""Minor Third"", ""E"": ""Major Second""}"	"[""(A) none of the other options is correct"", ""(B) Minor Second"", ""(C) Perfect Unison"", ""(D) Minor Third"", ""(E) Major Second""]"	(E) Major Second	E
bd44c65f-1590-5f3f-b51f-4a6727c54aa1	3	perception	pitch	relative	pitch-relative	interval-recognition		interval recognition	What is the {target_index} interval in the {voice} line?	"[""target_index"", ""voice""]"	get_nth_interval		interval	"{""target_index"": ""20th"", ""voice"": ""soprano""}"	What is the 20th interval in the soprano line?	Drese_JesuGehVoran	chorale-bricks	Drese_JesuGehVoran	data/chorale-bricks/Drese_JesuGehVoran	Major Second	"[""Major Sixth"", ""Major Third"", ""Minor Second"", ""Minor Third"", ""Perfect Fifth"", ""Perfect Fourth"", ""Perfect Unison""]"	"[""Minor Second"", ""Perfect Unison"", ""Minor Third"", ""Perfect Fourth"", ""Perfect Fifth"", ""Major Third"", ""Major Sixth""]"	visual	visual.short.png	data/chorale-bricks/Drese_JesuGehVoran/visual.short.png	Major Second	"[""Major Second"", ""none of the other options is correct"", ""Minor Second"", ""Perfect Unison"", ""Minor Third""]"	0.2	0	"[""A"", ""B"", ""C"", ""D"", ""E""]"	"{""A"": ""Minor Third"", ""B"": ""Perfect Unison"", ""C"": ""Major Second"", ""D"": ""none of the other options is correct"", ""E"": ""Minor Second""}"	"[""(A) Minor Third"", ""(B) Perfect Unison"", ""(C) Major Second"", ""(D) none of the other options is correct"", ""(E) Minor Second""]"	(C) Major Second	C
be168e75-df2e-5a16-af98-c9e1a93da987	3	perception	pitch	relative	pitch-relative	interval-recognition		interval recognition	What is the {target_index} interval in the {voice} line?	"[""target_index"", ""voice""]"	get_nth_interval		interval	"{""target_index"": ""16th"", ""voice"": ""bass""}"	What is the 16th interval in the bass line?	Vulpius_DieHelleSonnLeuchtJetztHerfuer	chorale-bricks	Vulpius_DieHelleSonnLeuchtJetztHerfuer	data/chorale-bricks/Vulpius_DieHelleSonnLeuchtJetztHerfuer	Minor Third	"[""Diminished Unison"", ""Major Second"", ""Major Third"", ""Minor Second"", ""Perfect Fifth"", ""Perfect Fourth"", ""Perfect Unison""]"	"[""Perfect Unison"", ""Perfect Fifth"", ""Major Second"", ""Diminished Unison"", ""Minor Second"", ""Major Third"", ""Perfect Fourth""]"	audio	audio.mastermix.wav	data/chorale-bricks/Vulpius_DieHelleSonnLeuchtJetztHerfuer/audio.mastermix.wav	Minor Third	"[""Minor Third"", ""none of the other options is correct"", ""Perfect Unison"", ""Perfect Fifth"", ""Major Second""]"	0.2	0	"[""A"", ""B"", ""C"", ""D"", ""E""]"	"{""A"": ""Minor Third"", ""B"": ""none of the other options is correct"", ""C"": ""Major Second"", ""D"": ""Perfect Fifth"", ""E"": ""Perfect Unison""}"	"[""(A) Minor Third"", ""(B) none of the other options is correct"", ""(C) Major Second"", ""(D) Perfect Fifth"", ""(E) Perfect Unison""]"	(A) Minor Third	A
a1c352bd-73c1-5f4a-9ec6-caad082653f4	3	perception	pitch	relative	pitch-relative	interval-recognition		interval recognition	What is the {target_index} interval in the {voice} line?	"[""target_index"", ""voice""]"	get_nth_interval		interval	"{""target_index"": ""16th"", ""voice"": ""bass""}"	What is the 16th interval in the bass line?	Vulpius_DieHelleSonnLeuchtJetztHerfuer	chorale-bricks	Vulpius_DieHelleSonnLeuchtJetztHerfuer	data/chorale-bricks/Vulpius_DieHelleSonnLeuchtJetztHerfuer	Minor Third	"[""Diminished Unison"", ""Major Second"", ""Major Third"", ""Minor Second"", ""Perfect Fifth"", ""Perfect Fourth"", ""Perfect Unison""]"	"[""Perfect Unison"", ""Perfect Fifth"", ""Major Second"", ""Diminished Unison"", ""Minor Second"", ""Major Third"", ""Perfect Fourth""]"	symbolic	symbolic.abc.txt	data/chorale-bricks/Vulpius_DieHelleSonnLeuchtJetztHerfuer/symbolic.abc.txt	Minor Third	"[""Minor Third"", ""none of the other options is correct"", ""Perfect Unison"", ""Perfect Fifth"", ""Major Second""]"	0.2	0	"[""A"", ""B"", ""C"", ""D"", ""E""]"	"{""A"": ""Perfect Unison"", ""B"": ""Perfect Fifth"", ""C"": ""Major Second"", ""D"": ""Minor Third"", ""E"": ""none of the other options is correct""}"	"[""(A) Perfect Unison"", ""(B) Perfect Fifth"", ""(C) Major Second"", ""(D) Minor Third"", ""(E) none of the other options is correct""]"	(D) Minor Third	D
6757ea14-1f1d-5d70-81d9-aed50cfd59cb	3	perception	pitch	relative	pitch-relative	interval-recognition		interval recognition	What is the {target_index} interval in the {voice} line?	"[""target_index"", ""voice""]"	get_nth_interval		interval	"{""target_index"": ""16th"", ""voice"": ""bass""}"	What is the 16th interval in the bass line?	Vulpius_DieHelleSonnLeuchtJetztHerfuer	chorale-bricks	Vulpius_DieHelleSonnLeuchtJetztHerfuer	data/chorale-bricks/Vulpius_DieHelleSonnLeuchtJetztHerfuer	Minor Third	"[""Diminished Unison"", ""Major Second"", ""Major Third"", ""Minor Second"", ""Perfect Fifth"", ""Perfect Fourth"", ""Perfect Unison""]"	"[""Perfect Unison"", ""Perfect Fifth"", ""Major Second"", ""Diminished Unison"", ""Minor Second"", ""Major Third"", ""Perfect Fourth""]"	visual	visual.short.png	data/chorale-bricks/Vulpius_DieHelleSonnLeuchtJetztHerfuer/visual.short.png	none of the other options is correct	"[""none of the other options is correct"", ""Perfect Unison"", ""Perfect Fifth"", ""Major Second"", ""Diminished Unison""]"	0.2	1	"[""A"", ""B"", ""C"", ""D"", ""E""]"	"{""A"": ""Perfect Unison"", ""B"": ""Diminished Unison"", ""C"": ""none of the other options is correct"", ""D"": ""Perfect Fifth"", ""E"": ""Major Second""}"	"[""(A) Perfect Unison"", ""(B) Diminished Unison"", ""(C) none of the other options is correct"", ""(D) Perfect Fifth"", ""(E) Major Second""]"	(C) none of the other options is correct	C
ba689621-ec91-523f-81e2-40f971dd0150	3	perception	pitch	relative	pitch-relative	interval-recognition		interval recognition	What is the {target_index} interval in the {voice} line?	"[""target_index"", ""voice""]"	get_nth_interval		interval	"{""target_index"": ""12th"", ""voice"": ""alto""}"	What is the 12th interval in the alto line?	Gesius_BefiehlDuDeineWege	chorale-bricks	Gesius_BefiehlDuDeineWege	data/chorale-bricks/Gesius_BefiehlDuDeineWege	Perfect Unison	"[""Major Second"", ""Major Third"", ""Minor Second"", ""Minor Sixth"", ""Minor Third"", ""Perfect Fifth"", ""Perfect Fourth""]"	"[""Minor Second"", ""Minor Third"", ""Major Third"", ""Major Second"", ""Perfect Fourth"", ""Minor Sixth"", ""Perfect Fifth""]"	audio	audio.mastermix.wav	data/chorale-bricks/Gesius_BefiehlDuDeineWege/audio.mastermix.wav	Perfect Unison	"[""Perfect Unison"", ""none of the other options is correct"", ""Minor Second"", ""Minor Third"", ""Major Third""]"	0.2	0	"[""A"", ""B"", ""C"", ""D"", ""E""]"	"{""A"": ""Major Third"", ""B"": ""Perfect Unison"", ""C"": ""Minor Third"", ""D"": ""none of the other options is correct"", ""E"": ""Minor Second""}"	"[""(A) Major Third"", ""(B) Perfect Unison"", ""(C) Minor Third"", ""(D) none of the other options is correct"", ""(E) Minor Second""]"	(B) Perfect Unison	B
ed95350c-41f9-572f-8933-68a40e32296c	3	perception	pitch	relative	pitch-relative	interval-recognition		interval recognition	What is the {target_index} interval in the {voice} line?	"[""target_index"", ""voice""]"	get_nth_interval		interval	"{""target_index"": ""12th"", ""voice"": ""alto""}"	What is the 12th interval in the alto line?	Gesius_BefiehlDuDeineWege	chorale-bricks	Gesius_BefiehlDuDeineWege	data/chorale-bricks/Gesius_BefiehlDuDeineWege	Perfect Unison	"[""Major Second"", ""Major Third"", ""Minor Second"", ""Minor Sixth"", ""Minor Third"", ""Perfect Fifth"", ""Perfect Fourth""]"	"[""Minor Second"", ""Minor Third"", ""Major Third"", ""Major Second"", ""Perfect Fourth"", ""Minor Sixth"", ""Perfect Fifth""]"	symbolic	symbolic.abc.txt	data/chorale-bricks/Gesius_BefiehlDuDeineWege/symbolic.abc.txt	Perfect Unison	"[""Perfect Unison"", ""none of the other options is correct"", ""Minor Second"", ""Minor Third"", ""Major Third""]"	0.2	0	"[""A"", ""B"", ""C"", ""D"", ""E""]"	"{""A"": ""none of the other options is correct"", ""B"": ""Perfect Unison"", ""C"": ""Major Third"", ""D"": ""Minor Second"", ""E"": ""Minor Third""}"	"[""(A) none of the other options is correct"", ""(B) Perfect Unison"", ""(C) Major Third"", ""(D) Minor Second"", ""(E) Minor Third""]"	(B) Perfect Unison	B
cf53a945-dfd3-58d3-9eac-5c1f07034590	3	perception	pitch	relative	pitch-relative	interval-recognition		interval recognition	What is the {target_index} interval in the {voice} line?	"[""target_index"", ""voice""]"	get_nth_interval		interval	"{""target_index"": ""12th"", ""voice"": ""alto""}"	What is the 12th interval in the alto line?	Gesius_BefiehlDuDeineWege	chorale-bricks	Gesius_BefiehlDuDeineWege	data/chorale-bricks/Gesius_BefiehlDuDeineWege	Perfect Unison	"[""Major Second"", ""Major Third"", ""Minor Second"", ""Minor Sixth"", ""Minor Third"", ""Perfect Fifth"", ""Perfect Fourth""]"	"[""Minor Second"", ""Minor Third"", ""Major Third"", ""Major Second"", ""Perfect Fourth"", ""Minor Sixth"", ""Perfect Fifth""]"	visual	visual.short.png	data/chorale-bricks/Gesius_BefiehlDuDeineWege/visual.short.png	none of the other options is correct	"[""none of the other options is correct"", ""Minor Second"", ""Minor Third"", ""Major Third"", ""Major Second""]"	0.2	1	"[""A"", ""B"", ""C"", ""D"", ""E""]"	"{""A"": ""Minor Second"", ""B"": ""Major Third"", ""C"": ""Minor Third"", ""D"": ""none of the other options is correct"", ""E"": ""Major Second""}"	"[""(A) Minor Second"", ""(B) Major Third"", ""(C) Minor Third"", ""(D) none of the other options is correct"", ""(E) Major Second""]"	(D) none of the other options is correct	D
77a0c730-76c7-570e-81b5-7e68699bcdbb	3	perception	pitch	relative	pitch-relative	interval-recognition		interval recognition	What is the {target_index} interval in the {voice} line?	"[""target_index"", ""voice""]"	get_nth_interval		interval	"{""target_index"": ""26th"", ""voice"": ""soprano""}"	What is the 26th interval in the soprano line?	Jan_DuGrosserSchmerzensmann	chorale-bricks	Jan_DuGrosserSchmerzensmann	data/chorale-bricks/Jan_DuGrosserSchmerzensmann	Minor Second	"[""Major Second"", ""Major Sixth"", ""Major Third"", ""Minor Sixth"", ""Minor Third"", ""Perfect Fifth"", ""Perfect Fourth"", ""Perfect Unison""]"	"[""Perfect Unison"", ""Perfect Fifth"", ""Perfect Fourth"", ""Major Second"", ""Major Sixth"", ""Major Third"", ""Minor Sixth"", ""Minor Third""]"	audio	audio.mastermix.wav	data/chorale-bricks/Jan_DuGrosserSchmerzensmann/audio.mastermix.wav	Minor Second	"[""Minor Second"", ""none of the other options is correct"", ""Perfect Unison"", ""Perfect Fifth"", ""Perfect Fourth""]"	0.2	0	"[""A"", ""B"", ""C"", ""D"", ""E""]"	"{""A"": ""none of the other options is correct"", ""B"": ""Perfect Fifth"", ""C"": ""Minor Second"", ""D"": ""Perfect Unison"", ""E"": ""Perfect Fourth""}"	"[""(A) none of the other options is correct"", ""(B) Perfect Fifth"", ""(C) Minor Second"", ""(D) Perfect Unison"", ""(E) Perfect Fourth""]"	(C) Minor Second	C
832c3fe0-952e-52f2-9767-f22f29519b86	3	perception	pitch	relative	pitch-relative	interval-recognition		interval recognition	What is the {target_index} interval in the {voice} line?	"[""target_index"", ""voice""]"	get_nth_interval		interval	"{""target_index"": ""26th"", ""voice"": ""soprano""}"	What is the 26th interval in the soprano line?	Jan_DuGrosserSchmerzensmann	chorale-bricks	Jan_DuGrosserSchmerzensmann	data/chorale-bricks/Jan_DuGrosserSchmerzensmann	Minor Second	"[""Major Second"", ""Major Sixth"", ""Major Third"", ""Minor Sixth"", ""Minor Third"", ""Perfect Fifth"", ""Perfect Fourth"", ""Perfect Unison""]"	"[""Perfect Unison"", ""Perfect Fifth"", ""Perfect Fourth"", ""Major Second"", ""Major Sixth"", ""Major Third"", ""Minor Sixth"", ""Minor Third""]"	symbolic	symbolic.abc.txt	data/chorale-bricks/Jan_DuGrosserSchmerzensmann/symbolic.abc.txt	Minor Second	"[""Minor Second"", ""none of the other options is correct"", ""Perfect Unison"", ""Perfect Fifth"", ""Perfect Fourth""]"	0.2	0	"[""A"", ""B"", ""C"", ""D"", ""E""]"	"{""A"": ""Minor Second"", ""B"": ""Perfect Unison"", ""C"": ""none of the other options is correct"", ""D"": ""Perfect Fifth"", ""E"": ""Perfect Fourth""}"	"[""(A) Minor Second"", ""(B) Perfect Unison"", ""(C) none of the other options is correct"", ""(D) Perfect Fifth"", ""(E) Perfect Fourth""]"	(A) Minor Second	A
c0c25090-09b9-57e4-8fd8-4ec30137d5cf	3	perception	pitch	relative	pitch-relative	interval-recognition		interval recognition	What is the {target_index} interval in the {voice} line?	"[""target_index"", ""voice""]"	get_nth_interval		interval	"{""target_index"": ""26th"", ""voice"": ""soprano""}"	What is the 26th interval in the soprano line?	Jan_DuGrosserSchmerzensmann	chorale-bricks	Jan_DuGrosserSchmerzensmann	data/chorale-bricks/Jan_DuGrosserSchmerzensmann	Minor Second	"[""Major Second"", ""Major Sixth"", ""Major Third"", ""Minor Sixth"", ""Minor Third"", ""Perfect Fifth"", ""Perfect Fourth"", ""Perfect Unison""]"	"[""Perfect Unison"", ""Perfect Fifth"", ""Perfect Fourth"", ""Major Second"", ""Major Sixth"", ""Major Third"", ""Minor Sixth"", ""Minor Third""]"	visual	visual.short.png	data/chorale-bricks/Jan_DuGrosserSchmerzensmann/visual.short.png	none of the other options is correct	"[""none of the other options is correct"", ""Perfect Unison"", ""Perfect Fifth"", ""Perfect Fourth"", ""Major Second""]"	0.2	1	"[""A"", ""B"", ""C"", ""D"", ""E""]"	"{""A"": ""Perfect Fifth"", ""B"": ""Perfect Unison"", ""C"": ""Perfect Fourth"", ""D"": ""Major Second"", ""E"": ""none of the other options is correct""}"	"[""(A) Perfect Fifth"", ""(B) Perfect Unison"", ""(C) Perfect Fourth"", ""(D) Major Second"", ""(E) none of the other options is correct""]"	(E) none of the other options is correct	E
b99bf514-0b59-5516-9df2-926a7a50fc97	3	perception	pitch	relative	pitch-relative	interval-recognition		interval recognition	What is the {target_index} interval in the {voice} line?	"[""target_index"", ""voice""]"	get_nth_interval		interval	"{""target_index"": ""37th"", ""voice"": ""tenor""}"	What is the 37th interval in the tenor line?	Bach_IchStehAnDeinerKrippe	chorale-bricks	Bach_IchStehAnDeinerKrippe	data/chorale-bricks/Bach_IchStehAnDeinerKrippe	Perfect Unison	"[""Diminished Unison"", ""Major Second"", ""Major Third"", ""Minor Second"", ""Minor Sixth"", ""Minor Third"", ""Perfect Fifth"", ""Perfect Fourth""]"	"[""Minor Third"", ""Perfect Fourth"", ""Diminished Unison"", ""Major Second"", ""Minor Second"", ""Major Third"", ""Perfect Fifth"", ""Minor Sixth""]"	audio	audio.mastermix.wav	data/chorale-bricks/Bach_IchStehAnDeinerKrippe/audio.mastermix.wav	Perfect Unison	"[""Perfect Unison"", ""none of the other options is correct"", ""Minor Third"", ""Perfect Fourth"", ""Diminished Unison""]"	0.2	0	"[""A"", ""B"", ""C"", ""D"", ""E""]"	"{""A"": ""none of the other options is correct"", ""B"": ""Diminished Unison"", ""C"": ""Perfect Fourth"", ""D"": ""Minor Third"", ""E"": ""Perfect Unison""}"	"[""(A) none of the other options is correct"", ""(B) Diminished Unison"", ""(C) Perfect Fourth"", ""(D) Minor Third"", ""(E) Perfect Unison""]"	(E) Perfect Unison	E
9d07288f-8c16-5dba-a2cc-c265e1a9c352	3	perception	pitch	relative	pitch-relative	interval-recognition		interval recognition	What is the {target_index} interval in the {voice} line?	"[""target_index"", ""voice""]"	get_nth_interval		interval	"{""target_index"": ""37th"", ""voice"": ""tenor""}"	What is the 37th interval in the tenor line?	Bach_IchStehAnDeinerKrippe	chorale-bricks	Bach_IchStehAnDeinerKrippe	data/chorale-bricks/Bach_IchStehAnDeinerKrippe	Perfect Unison	"[""Diminished Unison"", ""Major Second"", ""Major Third"", ""Minor Second"", ""Minor Sixth"", ""Minor Third"", ""Perfect Fifth"", ""Perfect Fourth""]"	"[""Minor Third"", ""Perfect Fourth"", ""Diminished Unison"", ""Major Second"", ""Minor Second"", ""Major Third"", ""Perfect Fifth"", ""Minor Sixth""]"	symbolic	symbolic.abc.txt	data/chorale-bricks/Bach_IchStehAnDeinerKrippe/symbolic.abc.txt	Perfect Unison	"[""Perfect Unison"", ""none of the other options is correct"", ""Minor Third"", ""Perfect Fourth"", ""Diminished Unison""]"	0.2	0	"[""A"", ""B"", ""C"", ""D"", ""E""]"	"{""A"": ""Minor Third"", ""B"": ""none of the other options is correct"", ""C"": ""Diminished Unison"", ""D"": ""Perfect Unison"", ""E"": ""Perfect Fourth""}"	"[""(A) Minor Third"", ""(B) none of the other options is correct"", ""(C) Diminished Unison"", ""(D) Perfect Unison"", ""(E) Perfect Fourth""]"	(D) Perfect Unison	D
c492eb84-6675-52e9-ac06-20ac7c33b24a	3	perception	pitch	relative	pitch-relative	interval-recognition		interval recognition	What is the {target_index} interval in the {voice} line?	"[""target_index"", ""voice""]"	get_nth_interval		interval	"{""target_index"": ""37th"", ""voice"": ""tenor""}"	What is the 37th interval in the tenor line?	Bach_IchStehAnDeinerKrippe	chorale-bricks	Bach_IchStehAnDeinerKrippe	data/chorale-bricks/Bach_IchStehAnDeinerKrippe	Perfect Unison	"[""Diminished Unison"", ""Major Second"", ""Major Third"", ""Minor Second"", ""Minor Sixth"", ""Minor Third"", ""Perfect Fifth"", ""Perfect Fourth""]"	"[""Minor Third"", ""Perfect Fourth"", ""Diminished Unison"", ""Major Second"", ""Minor Second"", ""Major Third"", ""Perfect Fifth"", ""Minor Sixth""]"	visual	visual.short.png	data/chorale-bricks/Bach_IchStehAnDeinerKrippe/visual.short.png	Perfect Unison	"[""Perfect Unison"", ""none of the other options is correct"", ""Minor Third"", ""Perfect Fourth"", ""Diminished Unison""]"	0.2	0	"[""A"", ""B"", ""C"", ""D"", ""E""]"	"{""A"": ""Diminished Unison"", ""B"": ""Perfect Fourth"", ""C"": ""Perfect Unison"", ""D"": ""none of the other options is correct"", ""E"": ""Minor Third""}"	"[""(A) Diminished Unison"", ""(B) Perfect Fourth"", ""(C) Perfect Unison"", ""(D) none of the other options is correct"", ""(E) Minor Third""]"	(C) Perfect Unison	C
74d47730-3d6a-5a6a-a9b4-71dfebc46fa7	4	perception	pitch	relative	pitch-relative	interval-recognition		interval statistics	How many times is the interval {interval} present in the {voice} line?	"[""voice"", ""interval""]"	get_interval_quantity		interval	"{""voice"": ""bass"", ""interval"": ""Perfect Unison""}"	How many times is the interval Perfect Unison present in the bass line?	Vulpius_DieHelleSonnLeuchtJetztHerfuer	chorale-bricks	Vulpius_DieHelleSonnLeuchtJetztHerfuer	data/chorale-bricks/Vulpius_DieHelleSonnLeuchtJetztHerfuer	3	"[""1"", ""2"", ""17"", ""21"", ""24"", ""25"", ""47""]"	"[""21"", ""17"", ""24"", ""47"", ""2"", ""25"", ""1""]"	audio	audio.mastermix.wav	data/chorale-bricks/Vulpius_DieHelleSonnLeuchtJetztHerfuer/audio.mastermix.wav	3	"[""3"", ""none of the other options is correct"", ""21"", ""17"", ""24""]"	0.2	0	"[""A"", ""B"", ""C"", ""D"", ""E""]"	"{""A"": ""21"", ""B"": ""17"", ""C"": ""none of the other options is correct"", ""D"": ""3"", ""E"": ""24""}"	"[""(A) 21"", ""(B) 17"", ""(C) none of the other options is correct"", ""(D) 3"", ""(E) 24""]"	(D) 3	D
02c49a73-5e30-5085-a71c-3e4151a2e5e4	4	perception	pitch	relative	pitch-relative	interval-recognition		interval statistics	How many times is the interval {interval} present in the {voice} line?	"[""voice"", ""interval""]"	get_interval_quantity		interval	"{""voice"": ""bass"", ""interval"": ""Perfect Unison""}"	How many times is the interval Perfect Unison present in the bass line?	Vulpius_DieHelleSonnLeuchtJetztHerfuer	chorale-bricks	Vulpius_DieHelleSonnLeuchtJetztHerfuer	data/chorale-bricks/Vulpius_DieHelleSonnLeuchtJetztHerfuer	3	"[""1"", ""2"", ""17"", ""21"", ""24"", ""25"", ""47""]"	"[""21"", ""17"", ""24"", ""47"", ""2"", ""25"", ""1""]"	symbolic	symbolic.abc.txt	data/chorale-bricks/Vulpius_DieHelleSonnLeuchtJetztHerfuer/symbolic.abc.txt	3	"[""3"", ""none of the other options is correct"", ""21"", ""17"", ""24""]"	0.2	0	"[""A"", ""B"", ""C"", ""D"", ""E""]"	"{""A"": ""21"", ""B"": ""3"", ""C"": ""24"", ""D"": ""none of the other options is correct"", ""E"": ""17""}"	"[""(A) 21"", ""(B) 3"", ""(C) 24"", ""(D) none of the other options is correct"", ""(E) 17""]"	(B) 3	B
d48327df-f566-5c07-9d65-2678395d3202	4	perception	pitch	relative	pitch-relative	interval-recognition		interval statistics	How many times is the interval {interval} present in the {voice} line?	"[""voice"", ""interval""]"	get_interval_quantity		interval	"{""voice"": ""bass"", ""interval"": ""Perfect Unison""}"	How many times is the interval Perfect Unison present in the bass line?	Vulpius_DieHelleSonnLeuchtJetztHerfuer	chorale-bricks	Vulpius_DieHelleSonnLeuchtJetztHerfuer	data/chorale-bricks/Vulpius_DieHelleSonnLeuchtJetztHerfuer	3	"[""1"", ""2"", ""17"", ""21"", ""24"", ""25"", ""47""]"	"[""21"", ""17"", ""24"", ""47"", ""2"", ""25"", ""1""]"	visual	visual.short.png	data/chorale-bricks/Vulpius_DieHelleSonnLeuchtJetztHerfuer/visual.short.png	3	"[""3"", ""none of the other options is correct"", ""21"", ""17"", ""24""]"	0.2	0	"[""A"", ""B"", ""C"", ""D"", ""E""]"	"{""A"": ""21"", ""B"": ""17"", ""C"": ""24"", ""D"": ""3"", ""E"": ""none of the other options is correct""}"	"[""(A) 21"", ""(B) 17"", ""(C) 24"", ""(D) 3"", ""(E) none of the other options is correct""]"	(D) 3	D
a9dc0f58-c6a7-5fc4-b0be-e6e2e1e72b0a	4	perception	pitch	relative	pitch-relative	interval-recognition		interval statistics	How many times is the interval {interval} present in the {voice} line?	"[""voice"", ""interval""]"	get_interval_quantity		interval	"{""voice"": ""alto"", ""interval"": ""Perfect Unison""}"	How many times is the interval Perfect Unison present in the alto line?	Jan_DuGrosserSchmerzensmann	chorale-bricks	Jan_DuGrosserSchmerzensmann	data/chorale-bricks/Jan_DuGrosserSchmerzensmann	21	"[""1"", ""10"", ""16"", ""18"", ""20"", ""45"", ""63"", ""84""]"	"[""63"", ""16"", ""45"", ""10"", ""20"", ""18"", ""84"", ""1""]"	audio	audio.mastermix.wav	data/chorale-bricks/Jan_DuGrosserSchmerzensmann/audio.mastermix.wav	21	"[""21"", ""none of the other options is correct"", ""63"", ""16"", ""45""]"	0.2	0	"[""A"", ""B"", ""C"", ""D"", ""E""]"	"{""A"": ""21"", ""B"": ""45"", ""C"": ""63"", ""D"": ""16"", ""E"": ""none of the other options is correct""}"	"[""(A) 21"", ""(B) 45"", ""(C) 63"", ""(D) 16"", ""(E) none of the other options is correct""]"	(A) 21	A
0a361d62-3438-52c7-a730-b14bb5310aae	4	perception	pitch	relative	pitch-relative	interval-recognition		interval statistics	How many times is the interval {interval} present in the {voice} line?	"[""voice"", ""interval""]"	get_interval_quantity		interval	"{""voice"": ""alto"", ""interval"": ""Perfect Unison""}"	How many times is the interval Perfect Unison present in the alto line?	Jan_DuGrosserSchmerzensmann	chorale-bricks	Jan_DuGrosserSchmerzensmann	data/chorale-bricks/Jan_DuGrosserSchmerzensmann	21	"[""1"", ""10"", ""16"", ""18"", ""20"", ""45"", ""63"", ""84""]"	"[""63"", ""16"", ""45"", ""10"", ""20"", ""18"", ""84"", ""1""]"	symbolic	symbolic.abc.txt	data/chorale-bricks/Jan_DuGrosserSchmerzensmann/symbolic.abc.txt	none of the other options is correct	"[""none of the other options is correct"", ""63"", ""16"", ""45"", ""10""]"	0.2	1	"[""A"", ""B"", ""C"", ""D"", ""E""]"	"{""A"": ""16"", ""B"": ""63"", ""C"": ""45"", ""D"": ""none of the other options is correct"", ""E"": ""10""}"	"[""(A) 16"", ""(B) 63"", ""(C) 45"", ""(D) none of the other options is correct"", ""(E) 10""]"	(D) none of the other options is correct	D
5ac3c694-0d1f-57b7-accd-8aa4d45bee4a	4	perception	pitch	relative	pitch-relative	interval-recognition		interval statistics	How many times is the interval {interval} present in the {voice} line?	"[""voice"", ""interval""]"	get_interval_quantity		interval	"{""voice"": ""alto"", ""interval"": ""Perfect Unison""}"	How many times is the interval Perfect Unison present in the alto line?	Jan_DuGrosserSchmerzensmann	chorale-bricks	Jan_DuGrosserSchmerzensmann	data/chorale-bricks/Jan_DuGrosserSchmerzensmann	21	"[""1"", ""10"", ""16"", ""18"", ""20"", ""45"", ""63"", ""84""]"	"[""63"", ""16"", ""45"", ""10"", ""20"", ""18"", ""84"", ""1""]"	visual	visual.short.png	data/chorale-bricks/Jan_DuGrosserSchmerzensmann/visual.short.png	21	"[""21"", ""none of the other options is correct"", ""63"", ""16"", ""45""]"	0.2	0	"[""A"", ""B"", ""C"", ""D"", ""E""]"	"{""A"": ""21"", ""B"": ""45"", ""C"": ""16"", ""D"": ""none of the other options is correct"", ""E"": ""63""}"	"[""(A) 21"", ""(B) 45"", ""(C) 16"", ""(D) none of the other options is correct"", ""(E) 63""]"	(A) 21	A
949cd73d-d036-5ef1-a5ea-ed1c0c927bd1	4	perception	pitch	relative	pitch-relative	interval-recognition		interval statistics	How many times is the interval {interval} present in the {voice} line?	"[""voice"", ""interval""]"	get_interval_quantity		interval	"{""voice"": ""alto"", ""interval"": ""Major Third""}"	How many times is the interval Major Third present in the alto line?	Gesius_DuFriedensfuerstHerrJesuChrist	chorale-bricks	Gesius_DuFriedensfuerstHerrJesuChrist	data/chorale-bricks/Gesius_DuFriedensfuerstHerrJesuChrist	0	"[""11"", ""13"", ""18"", ""26"", ""43"", ""44"", ""56""]"	"[""56"", ""44"", ""26"", ""18"", ""43"", ""13"", ""11""]"	audio	audio.mastermix.wav	data/chorale-bricks/Gesius_DuFriedensfuerstHerrJesuChrist/audio.mastermix.wav	0	"[""0"", ""none of the other options is correct"", ""56"", ""44"", ""26""]"	0.2	0	"[""A"", ""B"", ""C"", ""D"", ""E""]"	"{""A"": ""0"", ""B"": ""56"", ""C"": ""44"", ""D"": ""none of the other options is correct"", ""E"": ""26""}"	"[""(A) 0"", ""(B) 56"", ""(C) 44"", ""(D) none of the other options is correct"", ""(E) 26""]"	(A) 0	A
85b3f81c-a9cc-532f-84b8-4db007c87c18	4	perception	pitch	relative	pitch-relative	interval-recognition		interval statistics	How many times is the interval {interval} present in the {voice} line?	"[""voice"", ""interval""]"	get_interval_quantity		interval	"{""voice"": ""alto"", ""interval"": ""Major Third""}"	How many times is the interval Major Third present in the alto line?	Gesius_DuFriedensfuerstHerrJesuChrist	chorale-bricks	Gesius_DuFriedensfuerstHerrJesuChrist	data/chorale-bricks/Gesius_DuFriedensfuerstHerrJesuChrist	0	"[""11"", ""13"", ""18"", ""26"", ""43"", ""44"", ""56""]"	"[""56"", ""44"", ""26"", ""18"", ""43"", ""13"", ""11""]"	symbolic	symbolic.abc.txt	data/chorale-bricks/Gesius_DuFriedensfuerstHerrJesuChrist/symbolic.abc.txt	0	"[""0"", ""none of the other options is correct"", ""56"", ""44"", ""26""]"	0.2	0	"[""A"", ""B"", ""C"", ""D"", ""E""]"	"{""A"": ""56"", ""B"": ""none of the other options is correct"", ""C"": ""44"", ""D"": ""26"", ""E"": ""0""}"	"[""(A) 56"", ""(B) none of the other options is correct"", ""(C) 44"", ""(D) 26"", ""(E) 0""]"	(E) 0	E
9ec0512c-98bb-5cee-bbca-de36b4f74683	4	perception	pitch	relative	pitch-relative	interval-recognition		interval statistics	How many times is the interval {interval} present in the {voice} line?	"[""voice"", ""interval""]"	get_interval_quantity		interval	"{""voice"": ""alto"", ""interval"": ""Major Third""}"	How many times is the interval Major Third present in the alto line?	Gesius_DuFriedensfuerstHerrJesuChrist	chorale-bricks	Gesius_DuFriedensfuerstHerrJesuChrist	data/chorale-bricks/Gesius_DuFriedensfuerstHerrJesuChrist	0	"[""11"", ""13"", ""18"", ""26"", ""43"", ""44"", ""56""]"	"[""56"", ""44"", ""26"", ""18"", ""43"", ""13"", ""11""]"	visual	visual.short.png	data/chorale-bricks/Gesius_DuFriedensfuerstHerrJesuChrist/visual.short.png	0	"[""0"", ""none of the other options is correct"", ""56"", ""44"", ""26""]"	0.2	0	"[""A"", ""B"", ""C"", ""D"", ""E""]"	"{""A"": ""0"", ""B"": ""56"", ""C"": ""44"", ""D"": ""none of the other options is correct"", ""E"": ""26""}"	"[""(A) 0"", ""(B) 56"", ""(C) 44"", ""(D) none of the other options is correct"", ""(E) 26""]"	(A) 0	A
67bdb4c6-17e4-5939-8299-552762316e0c	4	perception	pitch	relative	pitch-relative	interval-recognition		interval statistics	How many times is the interval {interval} present in the {voice} line?	"[""voice"", ""interval""]"	get_interval_quantity		interval	"{""voice"": ""tenor"", ""interval"": ""Major Second""}"	How many times is the interval Major Second present in the tenor line?	Anonymous_AusMeinesHerzensGrunde	chorale-bricks	Anonymous_AusMeinesHerzensGrunde	data/chorale-bricks/Anonymous_AusMeinesHerzensGrunde	27	"[""2"", ""5"", ""7"", ""26"", ""39"", ""42"", ""81"", ""103""]"	"[""39"", ""2"", ""103"", ""26"", ""7"", ""81"", ""42"", ""5""]"	audio	audio.mastermix.wav	data/chorale-bricks/Anonymous_AusMeinesHerzensGrunde/audio.mastermix.wav	27	"[""27"", ""none of the other options is correct"", ""39"", ""2"", ""103""]"	0.2	0	"[""A"", ""B"", ""C"", ""D"", ""E""]"	"{""A"": ""none of the other options is correct"", ""B"": ""2"", ""C"": ""39"", ""D"": ""103"", ""E"": ""27""}"	"[""(A) none of the other options is correct"", ""(B) 2"", ""(C) 39"", ""(D) 103"", ""(E) 27""]"	(E) 27	E
d0f01248-df62-56ac-ba3c-eb42893683ba	4	perception	pitch	relative	pitch-relative	interval-recognition		interval statistics	How many times is the interval {interval} present in the {voice} line?	"[""voice"", ""interval""]"	get_interval_quantity		interval	"{""voice"": ""tenor"", ""interval"": ""Major Second""}"	How many times is the interval Major Second present in the tenor line?	Anonymous_AusMeinesHerzensGrunde	chorale-bricks	Anonymous_AusMeinesHerzensGrunde	data/chorale-bricks/Anonymous_AusMeinesHerzensGrunde	27	"[""2"", ""5"", ""7"", ""26"", ""39"", ""42"", ""81"", ""103""]"	"[""39"", ""2"", ""103"", ""26"", ""7"", ""81"", ""42"", ""5""]"	symbolic	symbolic.abc.txt	data/chorale-bricks/Anonymous_AusMeinesHerzensGrunde/symbolic.abc.txt	none of the other options is correct	"[""none of the other options is correct"", ""39"", ""2"", ""103"", ""26""]"	0.2	1	"[""A"", ""B"", ""C"", ""D"", ""E""]"	"{""A"": ""103"", ""B"": ""39"", ""C"": ""none of the other options is correct"", ""D"": ""26"", ""E"": ""2""}"	"[""(A) 103"", ""(B) 39"", ""(C) none of the other options is correct"", ""(D) 26"", ""(E) 2""]"	(C) none of the other options is correct	C
71c00893-e74a-5ec9-82f4-f4698a3cb5fb	4	perception	pitch	relative	pitch-relative	interval-recognition		interval statistics	How many times is the interval {interval} present in the {voice} line?	"[""voice"", ""interval""]"	get_interval_quantity		interval	"{""voice"": ""tenor"", ""interval"": ""Major Second""}"	How many times is the interval Major Second present in the tenor line?	Anonymous_AusMeinesHerzensGrunde	chorale-bricks	Anonymous_AusMeinesHerzensGrunde	data/chorale-bricks/Anonymous_AusMeinesHerzensGrunde	27	"[""2"", ""5"", ""7"", ""26"", ""39"", ""42"", ""81"", ""103""]"	"[""39"", ""2"", ""103"", ""26"", ""7"", ""81"", ""42"", ""5""]"	visual	visual.short.png	data/chorale-bricks/Anonymous_AusMeinesHerzensGrunde/visual.short.png	none of the other options is correct	"[""none of the other options is correct"", ""39"", ""2"", ""103"", ""26""]"	0.2	1	"[""A"", ""B"", ""C"", ""D"", ""E""]"	"{""A"": ""103"", ""B"": ""2"", ""C"": ""none of the other options is correct"", ""D"": ""26"", ""E"": ""39""}"	"[""(A) 103"", ""(B) 2"", ""(C) none of the other options is correct"", ""(D) 26"", ""(E) 39""]"	(C) none of the other options is correct	C
cb51d56f-cbc5-5596-be66-62626d3dd3fe	4	perception	pitch	relative	pitch-relative	interval-recognition		interval statistics	How many times is the interval {interval} present in the {voice} line?	"[""voice"", ""interval""]"	get_interval_quantity		interval	"{""voice"": ""alto"", ""interval"": ""Minor Third""}"	How many times is the interval Minor Third present in the alto line?	Gesius_DuFriedensfuerstHerrJesuChrist	chorale-bricks	Gesius_DuFriedensfuerstHerrJesuChrist	data/chorale-bricks/Gesius_DuFriedensfuerstHerrJesuChrist	8	"[""11"", ""13"", ""18"", ""26"", ""43"", ""44"", ""56""]"	"[""56"", ""11"", ""43"", ""44"", ""13"", ""26"", ""18""]"	audio	audio.mastermix.wav	data/chorale-bricks/Gesius_DuFriedensfuerstHerrJesuChrist/audio.mastermix.wav	8	"[""8"", ""none of the other options is correct"", ""56"", ""11"", ""43""]"	0.2	0	"[""A"", ""B"", ""C"", ""D"", ""E""]"	"{""A"": ""none of the other options is correct"", ""B"": ""56"", ""C"": ""43"", ""D"": ""8"", ""E"": ""11""}"	"[""(A) none of the other options is correct"", ""(B) 56"", ""(C) 43"", ""(D) 8"", ""(E) 11""]"	(D) 8	D
c2eb2413-c4c4-5f01-b5c5-300ddcf57bc1	4	perception	pitch	relative	pitch-relative	interval-recognition		interval statistics	How many times is the interval {interval} present in the {voice} line?	"[""voice"", ""interval""]"	get_interval_quantity		interval	"{""voice"": ""alto"", ""interval"": ""Minor Third""}"	How many times is the interval Minor Third present in the alto line?	Gesius_DuFriedensfuerstHerrJesuChrist	chorale-bricks	Gesius_DuFriedensfuerstHerrJesuChrist	data/chorale-bricks/Gesius_DuFriedensfuerstHerrJesuChrist	8	"[""11"", ""13"", ""18"", ""26"", ""43"", ""44"", ""56""]"	"[""56"", ""11"", ""43"", ""44"", ""13"", ""26"", ""18""]"	symbolic	symbolic.abc.txt	data/chorale-bricks/Gesius_DuFriedensfuerstHerrJesuChrist/symbolic.abc.txt	8	"[""8"", ""none of the other options is correct"", ""56"", ""11"", ""43""]"	0.2	0	"[""A"", ""B"", ""C"", ""D"", ""E""]"	"{""A"": ""8"", ""B"": ""none of the other options is correct"", ""C"": ""43"", ""D"": ""56"", ""E"": ""11""}"	"[""(A) 8"", ""(B) none of the other options is correct"", ""(C) 43"", ""(D) 56"", ""(E) 11""]"	(A) 8	A
c970e5e0-04c4-559e-950d-d30d32c91344	4	perception	pitch	relative	pitch-relative	interval-recognition		interval statistics	How many times is the interval {interval} present in the {voice} line?	"[""voice"", ""interval""]"	get_interval_quantity		interval	"{""voice"": ""alto"", ""interval"": ""Minor Third""}"	How many times is the interval Minor Third present in the alto line?	Gesius_DuFriedensfuerstHerrJesuChrist	chorale-bricks	Gesius_DuFriedensfuerstHerrJesuChrist	data/chorale-bricks/Gesius_DuFriedensfuerstHerrJesuChrist	8	"[""11"", ""13"", ""18"", ""26"", ""43"", ""44"", ""56""]"	"[""56"", ""11"", ""43"", ""44"", ""13"", ""26"", ""18""]"	visual	visual.short.png	data/chorale-bricks/Gesius_DuFriedensfuerstHerrJesuChrist/visual.short.png	8	"[""8"", ""none of the other options is correct"", ""56"", ""11"", ""43""]"	0.2	0	"[""A"", ""B"", ""C"", ""D"", ""E""]"	"{""A"": ""11"", ""B"": ""43"", ""C"": ""56"", ""D"": ""none of the other options is correct"", ""E"": ""8""}"	"[""(A) 11"", ""(B) 43"", ""(C) 56"", ""(D) none of the other options is correct"", ""(E) 8""]"	(E) 8	E
08dad404-9823-5074-9871-3198415aab0e	4	perception	pitch	relative	pitch-relative	interval-recognition		interval statistics	How many times is the interval {interval} present in the {voice} line?	"[""voice"", ""interval""]"	get_interval_quantity		interval	"{""voice"": ""alto"", ""interval"": ""Minor Third""}"	How many times is the interval Minor Third present in the alto line?	Vulpius_ChristusDerIstMeinLeben	chorale-bricks	Vulpius_ChristusDerIstMeinLeben	data/chorale-bricks/Vulpius_ChristusDerIstMeinLeben	1	"[""2"", ""5"", ""14"", ""29"", ""30"", ""37""]"	"[""37"", ""30"", ""5"", ""2"", ""29"", ""14""]"	audio	audio.mastermix.wav	data/chorale-bricks/Vulpius_ChristusDerIstMeinLeben/audio.mastermix.wav	1	"[""1"", ""none of the other options is correct"", ""37"", ""30"", ""5""]"	0.2	0	"[""A"", ""B"", ""C"", ""D"", ""E""]"	"{""A"": ""none of the other options is correct"", ""B"": ""30"", ""C"": ""5"", ""D"": ""1"", ""E"": ""37""}"	"[""(A) none of the other options is correct"", ""(B) 30"", ""(C) 5"", ""(D) 1"", ""(E) 37""]"	(D) 1	D
4f00dfd9-2bb3-535e-b3f2-5aba4d3a2369	4	perception	pitch	relative	pitch-relative	interval-recognition		interval statistics	How many times is the interval {interval} present in the {voice} line?	"[""voice"", ""interval""]"	get_interval_quantity		interval	"{""voice"": ""alto"", ""interval"": ""Minor Third""}"	How many times is the interval Minor Third present in the alto line?	Vulpius_ChristusDerIstMeinLeben	chorale-bricks	Vulpius_ChristusDerIstMeinLeben	data/chorale-bricks/Vulpius_ChristusDerIstMeinLeben	1	"[""2"", ""5"", ""14"", ""29"", ""30"", ""37""]"	"[""37"", ""30"", ""5"", ""2"", ""29"", ""14""]"	symbolic	symbolic.abc.txt	data/chorale-bricks/Vulpius_ChristusDerIstMeinLeben/symbolic.abc.txt	1	"[""1"", ""none of the other options is correct"", ""37"", ""30"", ""5""]"	0.2	0	"[""A"", ""B"", ""C"", ""D"", ""E""]"	"{""A"": ""5"", ""B"": ""37"", ""C"": ""30"", ""D"": ""1"", ""E"": ""none of the other options is correct""}"	"[""(A) 5"", ""(B) 37"", ""(C) 30"", ""(D) 1"", ""(E) none of the other options is correct""]"	(D) 1	D
a6da1a33-c956-5797-bc35-8e4d9b1c7c67	4	perception	pitch	relative	pitch-relative	interval-recognition		interval statistics	How many times is the interval {interval} present in the {voice} line?	"[""voice"", ""interval""]"	get_interval_quantity		interval	"{""voice"": ""alto"", ""interval"": ""Minor Third""}"	How many times is the interval Minor Third present in the alto line?	Vulpius_ChristusDerIstMeinLeben	chorale-bricks	Vulpius_ChristusDerIstMeinLeben	data/chorale-bricks/Vulpius_ChristusDerIstMeinLeben	1	"[""2"", ""5"", ""14"", ""29"", ""30"", ""37""]"	"[""37"", ""30"", ""5"", ""2"", ""29"", ""14""]"	visual	visual.short.png	data/chorale-bricks/Vulpius_ChristusDerIstMeinLeben/visual.short.png	1	"[""1"", ""none of the other options is correct"", ""37"", ""30"", ""5""]"	0.2	0	"[""A"", ""B"", ""C"", ""D"", ""E""]"	"{""A"": ""1"", ""B"": ""5"", ""C"": ""37"", ""D"": ""none of the other options is correct"", ""E"": ""30""}"	"[""(A) 1"", ""(B) 5"", ""(C) 37"", ""(D) none of the other options is correct"", ""(E) 30""]"	(A) 1	A
5a91b69f-60e1-53ac-9e99-fcaa1313f923	4	perception	pitch	relative	pitch-relative	interval-recognition		interval statistics	How many times is the interval {interval} present in the {voice} line?	"[""voice"", ""interval""]"	get_interval_quantity		interval	"{""voice"": ""bass"", ""interval"": ""Minor Second""}"	How many times is the interval Minor Second present in the bass line?	Crueger_AufAufMeinHerzMitFreuden	chorale-bricks	Crueger_AufAufMeinHerzMitFreuden	data/chorale-bricks/Crueger_AufAufMeinHerzMitFreuden	7	"[""1"", ""2"", ""15"", ""20"", ""41"", ""42"", ""51"", ""73""]"	"[""73"", ""15"", ""20"", ""2"", ""42"", ""41"", ""51"", ""1""]"	audio	audio.mastermix.wav	data/chorale-bricks/Crueger_AufAufMeinHerzMitFreuden/audio.mastermix.wav	7	"[""7"", ""none of the other options is correct"", ""73"", ""15"", ""20""]"	0.2	0	"[""A"", ""B"", ""C"", ""D"", ""E""]"	"{""A"": ""none of the other options is correct"", ""B"": ""15"", ""C"": ""7"", ""D"": ""20"", ""E"": ""73""}"	"[""(A) none of the other options is correct"", ""(B) 15"", ""(C) 7"", ""(D) 20"", ""(E) 73""]"	(C) 7	C
dcf97cbd-c7a0-5f6d-b319-74ce036f943a	4	perception	pitch	relative	pitch-relative	interval-recognition		interval statistics	How many times is the interval {interval} present in the {voice} line?	"[""voice"", ""interval""]"	get_interval_quantity		interval	"{""voice"": ""bass"", ""interval"": ""Minor Second""}"	How many times is the interval Minor Second present in the bass line?	Crueger_AufAufMeinHerzMitFreuden	chorale-bricks	Crueger_AufAufMeinHerzMitFreuden	data/chorale-bricks/Crueger_AufAufMeinHerzMitFreuden	7	"[""1"", ""2"", ""15"", ""20"", ""41"", ""42"", ""51"", ""73""]"	"[""73"", ""15"", ""20"", ""2"", ""42"", ""41"", ""51"", ""1""]"	symbolic	symbolic.abc.txt	data/chorale-bricks/Crueger_AufAufMeinHerzMitFreuden/symbolic.abc.txt	7	"[""7"", ""none of the other options is correct"", ""73"", ""15"", ""20""]"	0.2	0	"[""A"", ""B"", ""C"", ""D"", ""E""]"	"{""A"": ""20"", ""B"": ""none of the other options is correct"", ""C"": ""73"", ""D"": ""7"", ""E"": ""15""}"	"[""(A) 20"", ""(B) none of the other options is correct"", ""(C) 73"", ""(D) 7"", ""(E) 15""]"	(D) 7	D
c059ab56-4468-57d6-9bb0-72b3ba120e7c	4	perception	pitch	relative	pitch-relative	interval-recognition		interval statistics	How many times is the interval {interval} present in the {voice} line?	"[""voice"", ""interval""]"	get_interval_quantity		interval	"{""voice"": ""bass"", ""interval"": ""Minor Second""}"	How many times is the interval Minor Second present in the bass line?	Crueger_AufAufMeinHerzMitFreuden	chorale-bricks	Crueger_AufAufMeinHerzMitFreuden	data/chorale-bricks/Crueger_AufAufMeinHerzMitFreuden	7	"[""1"", ""2"", ""15"", ""20"", ""41"", ""42"", ""51"", ""73""]"	"[""73"", ""15"", ""20"", ""2"", ""42"", ""41"", ""51"", ""1""]"	visual	visual.short.png	data/chorale-bricks/Crueger_AufAufMeinHerzMitFreuden/visual.short.png	7	"[""7"", ""none of the other options is correct"", ""73"", ""15"", ""20""]"	0.2	0	"[""A"", ""B"", ""C"", ""D"", ""E""]"	"{""A"": ""none of the other options is correct"", ""B"": ""7"", ""C"": ""20"", ""D"": ""15"", ""E"": ""73""}"	"[""(A) none of the other options is correct"", ""(B) 7"", ""(C) 20"", ""(D) 15"", ""(E) 73""]"	(B) 7	B
b09a325d-fbeb-56aa-adb6-4eae8945cf8a	4	perception	pitch	relative	pitch-relative	interval-recognition		interval statistics	How many times is the interval {interval} present in the {voice} line?	"[""voice"", ""interval""]"	get_interval_quantity		interval	"{""voice"": ""bass"", ""interval"": ""Major Third""}"	How many times is the interval Major Third present in the bass line?	Crueger_AufAufMeinHerzMitFreuden	chorale-bricks	Crueger_AufAufMeinHerzMitFreuden	data/chorale-bricks/Crueger_AufAufMeinHerzMitFreuden	2	"[""1"", ""15"", ""20"", ""41"", ""42"", ""51"", ""73""]"	"[""15"", ""73"", ""20"", ""42"", ""51"", ""1"", ""41""]"	audio	audio.mastermix.wav	data/chorale-bricks/Crueger_AufAufMeinHerzMitFreuden/audio.mastermix.wav	2	"[""2"", ""none of the other options is correct"", ""15"", ""73"", ""20""]"	0.2	0	"[""A"", ""B"", ""C"", ""D"", ""E""]"	"{""A"": ""2"", ""B"": ""15"", ""C"": ""20"", ""D"": ""none of the other options is correct"", ""E"": ""73""}"	"[""(A) 2"", ""(B) 15"", ""(C) 20"", ""(D) none of the other options is correct"", ""(E) 73""]"	(A) 2	A
607fe47a-158d-5cdd-af2f-d0451e6bd798	4	perception	pitch	relative	pitch-relative	interval-recognition		interval statistics	How many times is the interval {interval} present in the {voice} line?	"[""voice"", ""interval""]"	get_interval_quantity		interval	"{""voice"": ""bass"", ""interval"": ""Major Third""}"	How many times is the interval Major Third present in the bass line?	Crueger_AufAufMeinHerzMitFreuden	chorale-bricks	Crueger_AufAufMeinHerzMitFreuden	data/chorale-bricks/Crueger_AufAufMeinHerzMitFreuden	2	"[""1"", ""15"", ""20"", ""41"", ""42"", ""51"", ""73""]"	"[""15"", ""73"", ""20"", ""42"", ""51"", ""1"", ""41""]"	symbolic	symbolic.abc.txt	data/chorale-bricks/Crueger_AufAufMeinHerzMitFreuden/symbolic.abc.txt	2	"[""2"", ""none of the other options is correct"", ""15"", ""73"", ""20""]"	0.2	0	"[""A"", ""B"", ""C"", ""D"", ""E""]"	"{""A"": ""73"", ""B"": ""2"", ""C"": ""20"", ""D"": ""none of the other options is correct"", ""E"": ""15""}"	"[""(A) 73"", ""(B) 2"", ""(C) 20"", ""(D) none of the other options is correct"", ""(E) 15""]"	(B) 2	B
a8e0f9db-c724-5ec7-9c90-9ffaf0c9ce89	4	perception	pitch	relative	pitch-relative	interval-recognition		interval statistics	How many times is the interval {interval} present in the {voice} line?	"[""voice"", ""interval""]"	get_interval_quantity		interval	"{""voice"": ""bass"", ""interval"": ""Major Third""}"	How many times is the interval Major Third present in the bass line?	Crueger_AufAufMeinHerzMitFreuden	chorale-bricks	Crueger_AufAufMeinHerzMitFreuden	data/chorale-bricks/Crueger_AufAufMeinHerzMitFreuden	2	"[""1"", ""15"", ""20"", ""41"", ""42"", ""51"", ""73""]"	"[""15"", ""73"", ""20"", ""42"", ""51"", ""1"", ""41""]"	visual	visual.short.png	data/chorale-bricks/Crueger_AufAufMeinHerzMitFreuden/visual.short.png	2	"[""2"", ""none of the other options is correct"", ""15"", ""73"", ""20""]"	0.2	0	"[""A"", ""B"", ""C"", ""D"", ""E""]"	"{""A"": ""15"", ""B"": ""20"", ""C"": ""2"", ""D"": ""none of the other options is correct"", ""E"": ""73""}"	"[""(A) 15"", ""(B) 20"", ""(C) 2"", ""(D) none of the other options is correct"", ""(E) 73""]"	(C) 2	C
2abf0f5e-0ac0-5072-9239-d7667ac028d1	4	perception	pitch	relative	pitch-relative	interval-recognition		interval statistics	How many times is the interval {interval} present in the {voice} line?	"[""voice"", ""interval""]"	get_interval_quantity		interval	"{""voice"": ""tenor"", ""interval"": ""Perfect Unison""}"	How many times is the interval Perfect Unison present in the tenor line?	Jan_DuGrosserSchmerzensmann	chorale-bricks	Jan_DuGrosserSchmerzensmann	data/chorale-bricks/Jan_DuGrosserSchmerzensmann	19	"[""1"", ""2"", ""11"", ""16"", ""17"", ""24"", ""42"", ""62"", ""82""]"	"[""17"", ""11"", ""62"", ""24"", ""16"", ""2"", ""82"", ""42"", ""1""]"	audio	audio.mastermix.wav	data/chorale-bricks/Jan_DuGrosserSchmerzensmann/audio.mastermix.wav	19	"[""19"", ""none of the other options is correct"", ""17"", ""11"", ""62""]"	0.2	0	"[""A"", ""B"", ""C"", ""D"", ""E""]"	"{""A"": ""19"", ""B"": ""62"", ""C"": ""17"", ""D"": ""11"", ""E"": ""none of the other options is correct""}"	"[""(A) 19"", ""(B) 62"", ""(C) 17"", ""(D) 11"", ""(E) none of the other options is correct""]"	(A) 19	A
c0c402b5-719f-5fdc-a7aa-f71f9c733cc6	4	perception	pitch	relative	pitch-relative	interval-recognition		interval statistics	How many times is the interval {interval} present in the {voice} line?	"[""voice"", ""interval""]"	get_interval_quantity		interval	"{""voice"": ""tenor"", ""interval"": ""Perfect Unison""}"	How many times is the interval Perfect Unison present in the tenor line?	Jan_DuGrosserSchmerzensmann	chorale-bricks	Jan_DuGrosserSchmerzensmann	data/chorale-bricks/Jan_DuGrosserSchmerzensmann	19	"[""1"", ""2"", ""11"", ""16"", ""17"", ""24"", ""42"", ""62"", ""82""]"	"[""17"", ""11"", ""62"", ""24"", ""16"", ""2"", ""82"", ""42"", ""1""]"	symbolic	symbolic.abc.txt	data/chorale-bricks/Jan_DuGrosserSchmerzensmann/symbolic.abc.txt	19	"[""19"", ""none of the other options is correct"", ""17"", ""11"", ""62""]"	0.2	0	"[""A"", ""B"", ""C"", ""D"", ""E""]"	"{""A"": ""19"", ""B"": ""11"", ""C"": ""17"", ""D"": ""62"", ""E"": ""none of the other options is correct""}"	"[""(A) 19"", ""(B) 11"", ""(C) 17"", ""(D) 62"", ""(E) none of the other options is correct""]"	(A) 19	A
3371b263-6856-56f5-9c51-6894a7732bd1	4	perception	pitch	relative	pitch-relative	interval-recognition		interval statistics	How many times is the interval {interval} present in the {voice} line?	"[""voice"", ""interval""]"	get_interval_quantity		interval	"{""voice"": ""tenor"", ""interval"": ""Perfect Unison""}"	How many times is the interval Perfect Unison present in the tenor line?	Jan_DuGrosserSchmerzensmann	chorale-bricks	Jan_DuGrosserSchmerzensmann	data/chorale-bricks/Jan_DuGrosserSchmerzensmann	19	"[""1"", ""2"", ""11"", ""16"", ""17"", ""24"", ""42"", ""62"", ""82""]"	"[""17"", ""11"", ""62"", ""24"", ""16"", ""2"", ""82"", ""42"", ""1""]"	visual	visual.short.png	data/chorale-bricks/Jan_DuGrosserSchmerzensmann/visual.short.png	19	"[""19"", ""none of the other options is correct"", ""17"", ""11"", ""62""]"	0.2	0	"[""A"", ""B"", ""C"", ""D"", ""E""]"	"{""A"": ""none of the other options is correct"", ""B"": ""19"", ""C"": ""17"", ""D"": ""11"", ""E"": ""62""}"	"[""(A) none of the other options is correct"", ""(B) 19"", ""(C) 17"", ""(D) 11"", ""(E) 62""]"	(B) 19	B
e6a9e78d-07bf-562b-9533-8521ab08c8ad	4	perception	pitch	relative	pitch-relative	interval-recognition		interval statistics	How many times is the interval {interval} present in the {voice} line?	"[""voice"", ""interval""]"	get_interval_quantity		interval	"{""voice"": ""soprano"", ""interval"": ""Perfect Unison""}"	How many times is the interval Perfect Unison present in the soprano line?	Bach_IchStehAnDeinerKrippe	chorale-bricks	Bach_IchStehAnDeinerKrippe	data/chorale-bricks/Bach_IchStehAnDeinerKrippe	4	"[""1"", ""2"", ""9"", ""10"", ""31"", ""36"", ""41"", ""55"", ""79""]"	"[""10"", ""2"", ""79"", ""1"", ""41"", ""55"", ""36"", ""31"", ""9""]"	audio	audio.mastermix.wav	data/chorale-bricks/Bach_IchStehAnDeinerKrippe/audio.mastermix.wav	4	"[""4"", ""none of the other options is correct"", ""10"", ""2"", ""79""]"	0.2	0	"[""A"", ""B"", ""C"", ""D"", ""E""]"	"{""A"": ""10"", ""B"": ""79"", ""C"": ""none of the other options is correct"", ""D"": ""2"", ""E"": ""4""}"	"[""(A) 10"", ""(B) 79"", ""(C) none of the other options is correct"", ""(D) 2"", ""(E) 4""]"	(E) 4	E
405d1965-5028-512f-af5e-3d22ef435390	4	perception	pitch	relative	pitch-relative	interval-recognition		interval statistics	How many times is the interval {interval} present in the {voice} line?	"[""voice"", ""interval""]"	get_interval_quantity		interval	"{""voice"": ""soprano"", ""interval"": ""Perfect Unison""}"	How many times is the interval Perfect Unison present in the soprano line?	Bach_IchStehAnDeinerKrippe	chorale-bricks	Bach_IchStehAnDeinerKrippe	data/chorale-bricks/Bach_IchStehAnDeinerKrippe	4	"[""1"", ""2"", ""9"", ""10"", ""31"", ""36"", ""41"", ""55"", ""79""]"	"[""10"", ""2"", ""79"", ""1"", ""41"", ""55"", ""36"", ""31"", ""9""]"	symbolic	symbolic.abc.txt	data/chorale-bricks/Bach_IchStehAnDeinerKrippe/symbolic.abc.txt	4	"[""4"", ""none of the other options is correct"", ""10"", ""2"", ""79""]"	0.2	0	"[""A"", ""B"", ""C"", ""D"", ""E""]"	"{""A"": ""79"", ""B"": ""none of the other options is correct"", ""C"": ""4"", ""D"": ""10"", ""E"": ""2""}"	"[""(A) 79"", ""(B) none of the other options is correct"", ""(C) 4"", ""(D) 10"", ""(E) 2""]"	(C) 4	C
1d989844-fbe5-5caa-9a3e-48958acb6cb2	4	perception	pitch	relative	pitch-relative	interval-recognition		interval statistics	How many times is the interval {interval} present in the {voice} line?	"[""voice"", ""interval""]"	get_interval_quantity		interval	"{""voice"": ""soprano"", ""interval"": ""Perfect Unison""}"	How many times is the interval Perfect Unison present in the soprano line?	Bach_IchStehAnDeinerKrippe	chorale-bricks	Bach_IchStehAnDeinerKrippe	data/chorale-bricks/Bach_IchStehAnDeinerKrippe	4	"[""1"", ""2"", ""9"", ""10"", ""31"", ""36"", ""41"", ""55"", ""79""]"	"[""10"", ""2"", ""79"", ""1"", ""41"", ""55"", ""36"", ""31"", ""9""]"	visual	visual.short.png	data/chorale-bricks/Bach_IchStehAnDeinerKrippe/visual.short.png	4	"[""4"", ""none of the other options is correct"", ""10"", ""2"", ""79""]"	0.2	0	"[""A"", ""B"", ""C"", ""D"", ""E""]"	"{""A"": ""none of the other options is correct"", ""B"": ""2"", ""C"": ""10"", ""D"": ""4"", ""E"": ""79""}"	"[""(A) none of the other options is correct"", ""(B) 2"", ""(C) 10"", ""(D) 4"", ""(E) 79""]"	(D) 4	D
75bd678d-2d22-5112-a721-f956c9e0bc1c	4	perception	pitch	relative	pitch-relative	interval-recognition		interval statistics	How many times is the interval {interval} present in the {voice} line?	"[""voice"", ""interval""]"	get_interval_quantity		interval	"{""voice"": ""alto"", ""interval"": ""Augmented Unison""}"	How many times is the interval Augmented Unison present in the alto line?	Gesius_BefiehlDuDeineWege	chorale-bricks	Gesius_BefiehlDuDeineWege	data/chorale-bricks/Gesius_BefiehlDuDeineWege	0	"[""1"", ""7"", ""12"", ""25"", ""57"", ""58"", ""74""]"	"[""57"", ""25"", ""12"", ""7"", ""74"", ""58"", ""1""]"	audio	audio.mastermix.wav	data/chorale-bricks/Gesius_BefiehlDuDeineWege/audio.mastermix.wav	0	"[""0"", ""none of the other options is correct"", ""57"", ""25"", ""12""]"	0.2	0	"[""A"", ""B"", ""C"", ""D"", ""E""]"	"{""A"": ""57"", ""B"": ""0"", ""C"": ""12"", ""D"": ""none of the other options is correct"", ""E"": ""25""}"	"[""(A) 57"", ""(B) 0"", ""(C) 12"", ""(D) none of the other options is correct"", ""(E) 25""]"	(B) 0	B
a77ca3b0-5df9-57f3-96c8-614644857327	4	perception	pitch	relative	pitch-relative	interval-recognition		interval statistics	How many times is the interval {interval} present in the {voice} line?	"[""voice"", ""interval""]"	get_interval_quantity		interval	"{""voice"": ""alto"", ""interval"": ""Augmented Unison""}"	How many times is the interval Augmented Unison present in the alto line?	Gesius_BefiehlDuDeineWege	chorale-bricks	Gesius_BefiehlDuDeineWege	data/chorale-bricks/Gesius_BefiehlDuDeineWege	0	"[""1"", ""7"", ""12"", ""25"", ""57"", ""58"", ""74""]"	"[""57"", ""25"", ""12"", ""7"", ""74"", ""58"", ""1""]"	symbolic	symbolic.abc.txt	data/chorale-bricks/Gesius_BefiehlDuDeineWege/symbolic.abc.txt	0	"[""0"", ""none of the other options is correct"", ""57"", ""25"", ""12""]"	0.2	0	"[""A"", ""B"", ""C"", ""D"", ""E""]"	"{""A"": ""12"", ""B"": ""0"", ""C"": ""57"", ""D"": ""none of the other options is correct"", ""E"": ""25""}"	"[""(A) 12"", ""(B) 0"", ""(C) 57"", ""(D) none of the other options is correct"", ""(E) 25""]"	(B) 0	B
59ac95c6-91ce-577a-a157-9e60928cf107	4	perception	pitch	relative	pitch-relative	interval-recognition		interval statistics	How many times is the interval {interval} present in the {voice} line?	"[""voice"", ""interval""]"	get_interval_quantity		interval	"{""voice"": ""alto"", ""interval"": ""Augmented Unison""}"	How many times is the interval Augmented Unison present in the alto line?	Gesius_BefiehlDuDeineWege	chorale-bricks	Gesius_BefiehlDuDeineWege	data/chorale-bricks/Gesius_BefiehlDuDeineWege	0	"[""1"", ""7"", ""12"", ""25"", ""57"", ""58"", ""74""]"	"[""57"", ""25"", ""12"", ""7"", ""74"", ""58"", ""1""]"	visual	visual.short.png	data/chorale-bricks/Gesius_BefiehlDuDeineWege/visual.short.png	0	"[""0"", ""none of the other options is correct"", ""57"", ""25"", ""12""]"	0.2	0	"[""A"", ""B"", ""C"", ""D"", ""E""]"	"{""A"": ""25"", ""B"": ""12"", ""C"": ""0"", ""D"": ""none of the other options is correct"", ""E"": ""57""}"	"[""(A) 25"", ""(B) 12"", ""(C) 0"", ""(D) none of the other options is correct"", ""(E) 57""]"	(C) 0	C
9a66b590-b340-5861-bca0-782765bf80df	4	perception	pitch	relative	pitch-relative	interval-recognition		interval statistics	How many times is the interval {interval} present in the {voice} line?	"[""voice"", ""interval""]"	get_interval_quantity		interval	"{""voice"": ""bass"", ""interval"": ""Perfect Octave""}"	How many times is the interval Perfect Octave present in the bass line?	Vulpius_DieHelleSonnLeuchtJetztHerfuer	chorale-bricks	Vulpius_DieHelleSonnLeuchtJetztHerfuer	data/chorale-bricks/Vulpius_DieHelleSonnLeuchtJetztHerfuer	0	"[""1"", ""2"", ""17"", ""21"", ""24"", ""25"", ""47""]"	"[""24"", ""25"", ""1"", ""47"", ""21"", ""17"", ""2""]"	audio	audio.mastermix.wav	data/chorale-bricks/Vulpius_DieHelleSonnLeuchtJetztHerfuer/audio.mastermix.wav	0	"[""0"", ""none of the other options is correct"", ""24"", ""25"", ""1""]"	0.2	0	"[""A"", ""B"", ""C"", ""D"", ""E""]"	"{""A"": ""1"", ""B"": ""24"", ""C"": ""0"", ""D"": ""none of the other options is correct"", ""E"": ""25""}"	"[""(A) 1"", ""(B) 24"", ""(C) 0"", ""(D) none of the other options is correct"", ""(E) 25""]"	(C) 0	C
a9a3ac14-21ca-5edf-8aab-a7ff44057b3d	4	perception	pitch	relative	pitch-relative	interval-recognition		interval statistics	How many times is the interval {interval} present in the {voice} line?	"[""voice"", ""interval""]"	get_interval_quantity		interval	"{""voice"": ""bass"", ""interval"": ""Perfect Octave""}"	How many times is the interval Perfect Octave present in the bass line?	Vulpius_DieHelleSonnLeuchtJetztHerfuer	chorale-bricks	Vulpius_DieHelleSonnLeuchtJetztHerfuer	data/chorale-bricks/Vulpius_DieHelleSonnLeuchtJetztHerfuer	0	"[""1"", ""2"", ""17"", ""21"", ""24"", ""25"", ""47""]"	"[""24"", ""25"", ""1"", ""47"", ""21"", ""17"", ""2""]"	symbolic	symbolic.abc.txt	data/chorale-bricks/Vulpius_DieHelleSonnLeuchtJetztHerfuer/symbolic.abc.txt	0	"[""0"", ""none of the other options is correct"", ""24"", ""25"", ""1""]"	0.2	0	"[""A"", ""B"", ""C"", ""D"", ""E""]"	"{""A"": ""24"", ""B"": ""25"", ""C"": ""1"", ""D"": ""none of the other options is correct"", ""E"": ""0""}"	"[""(A) 24"", ""(B) 25"", ""(C) 1"", ""(D) none of the other options is correct"", ""(E) 0""]"	(E) 0	E
c7b5215c-d54c-57f2-9542-f7431400cf63	4	perception	pitch	relative	pitch-relative	interval-recognition		interval statistics	How many times is the interval {interval} present in the {voice} line?	"[""voice"", ""interval""]"	get_interval_quantity		interval	"{""voice"": ""bass"", ""interval"": ""Perfect Octave""}"	How many times is the interval Perfect Octave present in the bass line?	Vulpius_DieHelleSonnLeuchtJetztHerfuer	chorale-bricks	Vulpius_DieHelleSonnLeuchtJetztHerfuer	data/chorale-bricks/Vulpius_DieHelleSonnLeuchtJetztHerfuer	0	"[""1"", ""2"", ""17"", ""21"", ""24"", ""25"", ""47""]"	"[""24"", ""25"", ""1"", ""47"", ""21"", ""17"", ""2""]"	visual	visual.short.png	data/chorale-bricks/Vulpius_DieHelleSonnLeuchtJetztHerfuer/visual.short.png	none of the other options is correct	"[""none of the other options is correct"", ""24"", ""25"", ""1"", ""47""]"	0.2	1	"[""A"", ""B"", ""C"", ""D"", ""E""]"	"{""A"": ""1"", ""B"": ""none of the other options is correct"", ""C"": ""24"", ""D"": ""25"", ""E"": ""47""}"	"[""(A) 1"", ""(B) none of the other options is correct"", ""(C) 24"", ""(D) 25"", ""(E) 47""]"	(B) none of the other options is correct	B
1c873238-586c-593f-8dce-dd37e83b1cde	4	perception	pitch	relative	pitch-relative	interval-recognition		interval statistics	How many times is the interval {interval} present in the {voice} line?	"[""voice"", ""interval""]"	get_interval_quantity		interval	"{""voice"": ""tenor"", ""interval"": ""Perfect Unison""}"	How many times is the interval Perfect Unison present in the tenor line?	Vulpius_DieHelleSonnLeuchtJetztHerfuer	chorale-bricks	Vulpius_DieHelleSonnLeuchtJetztHerfuer	data/chorale-bricks/Vulpius_DieHelleSonnLeuchtJetztHerfuer	4	"[""1"", ""2"", ""14"", ""16"", ""22"", ""28"", ""47""]"	"[""16"", ""28"", ""14"", ""2"", ""22"", ""1"", ""47""]"	audio	audio.mastermix.wav	data/chorale-bricks/Vulpius_DieHelleSonnLeuchtJetztHerfuer/audio.mastermix.wav	4	"[""4"", ""none of the other options is correct"", ""16"", ""28"", ""14""]"	0.2	0	"[""A"", ""B"", ""C"", ""D"", ""E""]"	"{""A"": ""4"", ""B"": ""none of the other options is correct"", ""C"": ""14"", ""D"": ""28"", ""E"": ""16""}"	"[""(A) 4"", ""(B) none of the other options is correct"", ""(C) 14"", ""(D) 28"", ""(E) 16""]"	(A) 4	A
0e219d0c-ef5b-596f-a723-6bd6c7e8f9ca	4	perception	pitch	relative	pitch-relative	interval-recognition		interval statistics	How many times is the interval {interval} present in the {voice} line?	"[""voice"", ""interval""]"	get_interval_quantity		interval	"{""voice"": ""tenor"", ""interval"": ""Perfect Unison""}"	How many times is the interval Perfect Unison present in the tenor line?	Vulpius_DieHelleSonnLeuchtJetztHerfuer	chorale-bricks	Vulpius_DieHelleSonnLeuchtJetztHerfuer	data/chorale-bricks/Vulpius_DieHelleSonnLeuchtJetztHerfuer	4	"[""1"", ""2"", ""14"", ""16"", ""22"", ""28"", ""47""]"	"[""16"", ""28"", ""14"", ""2"", ""22"", ""1"", ""47""]"	symbolic	symbolic.abc.txt	data/chorale-bricks/Vulpius_DieHelleSonnLeuchtJetztHerfuer/symbolic.abc.txt	none of the other options is correct	"[""none of the other options is correct"", ""16"", ""28"", ""14"", ""2""]"	0.2	1	"[""A"", ""B"", ""C"", ""D"", ""E""]"	"{""A"": ""28"", ""B"": ""16"", ""C"": ""14"", ""D"": ""none of the other options is correct"", ""E"": ""2""}"	"[""(A) 28"", ""(B) 16"", ""(C) 14"", ""(D) none of the other options is correct"", ""(E) 2""]"	(D) none of the other options is correct	D
9f4e47f7-651f-5302-8ee1-cc71eb501a38	4	perception	pitch	relative	pitch-relative	interval-recognition		interval statistics	How many times is the interval {interval} present in the {voice} line?	"[""voice"", ""interval""]"	get_interval_quantity		interval	"{""voice"": ""tenor"", ""interval"": ""Perfect Unison""}"	How many times is the interval Perfect Unison present in the tenor line?	Vulpius_DieHelleSonnLeuchtJetztHerfuer	chorale-bricks	Vulpius_DieHelleSonnLeuchtJetztHerfuer	data/chorale-bricks/Vulpius_DieHelleSonnLeuchtJetztHerfuer	4	"[""1"", ""2"", ""14"", ""16"", ""22"", ""28"", ""47""]"	"[""16"", ""28"", ""14"", ""2"", ""22"", ""1"", ""47""]"	visual	visual.short.png	data/chorale-bricks/Vulpius_DieHelleSonnLeuchtJetztHerfuer/visual.short.png	4	"[""4"", ""none of the other options is correct"", ""16"", ""28"", ""14""]"	0.2	0	"[""A"", ""B"", ""C"", ""D"", ""E""]"	"{""A"": ""14"", ""B"": ""16"", ""C"": ""none of the other options is correct"", ""D"": ""28"", ""E"": ""4""}"	"[""(A) 14"", ""(B) 16"", ""(C) none of the other options is correct"", ""(D) 28"", ""(E) 4""]"	(E) 4	E
43106463-24e2-5e18-9a49-ce044fdba5ae	4	perception	pitch	relative	pitch-relative	interval-recognition		interval statistics	How many times is the interval {interval} present in the {voice} line?	"[""voice"", ""interval""]"	get_interval_quantity		interval	"{""voice"": ""tenor"", ""interval"": ""Perfect Unison""}"	How many times is the interval Perfect Unison present in the tenor line?	Telemann_DerLiebenSonneLichtUndPracht	chorale-bricks	Telemann_DerLiebenSonneLichtUndPracht	data/chorale-bricks/Telemann_DerLiebenSonneLichtUndPracht	15	"[""1"", ""5"", ""8"", ""18"", ""22"", ""44"", ""52"", ""59"", ""88""]"	"[""22"", ""5"", ""88"", ""52"", ""44"", ""8"", ""1"", ""59"", ""18""]"	audio	audio.mastermix.wav	data/chorale-bricks/Telemann_DerLiebenSonneLichtUndPracht/audio.mastermix.wav	15	"[""15"", ""none of the other options is correct"", ""22"", ""5"", ""88""]"	0.2	0	"[""A"", ""B"", ""C"", ""D"", ""E""]"	"{""A"": ""5"", ""B"": ""none of the other options is correct"", ""C"": ""22"", ""D"": ""15"", ""E"": ""88""}"	"[""(A) 5"", ""(B) none of the other options is correct"", ""(C) 22"", ""(D) 15"", ""(E) 88""]"	(D) 15	D
4b2329ff-a8c8-5539-8d9c-537d721866e1	4	perception	pitch	relative	pitch-relative	interval-recognition		interval statistics	How many times is the interval {interval} present in the {voice} line?	"[""voice"", ""interval""]"	get_interval_quantity		interval	"{""voice"": ""tenor"", ""interval"": ""Perfect Unison""}"	How many times is the interval Perfect Unison present in the tenor line?	Telemann_DerLiebenSonneLichtUndPracht	chorale-bricks	Telemann_DerLiebenSonneLichtUndPracht	data/chorale-bricks/Telemann_DerLiebenSonneLichtUndPracht	15	"[""1"", ""5"", ""8"", ""18"", ""22"", ""44"", ""52"", ""59"", ""88""]"	"[""22"", ""5"", ""88"", ""52"", ""44"", ""8"", ""1"", ""59"", ""18""]"	symbolic	symbolic.abc.txt	data/chorale-bricks/Telemann_DerLiebenSonneLichtUndPracht/symbolic.abc.txt	none of the other options is correct	"[""none of the other options is correct"", ""22"", ""5"", ""88"", ""52""]"	0.2	1	"[""A"", ""B"", ""C"", ""D"", ""E""]"	"{""A"": ""none of the other options is correct"", ""B"": ""22"", ""C"": ""52"", ""D"": ""88"", ""E"": ""5""}"	"[""(A) none of the other options is correct"", ""(B) 22"", ""(C) 52"", ""(D) 88"", ""(E) 5""]"	(A) none of the other options is correct	A
f500976b-49cd-5e22-8d69-e148b8062457	4	perception	pitch	relative	pitch-relative	interval-recognition		interval statistics	How many times is the interval {interval} present in the {voice} line?	"[""voice"", ""interval""]"	get_interval_quantity		interval	"{""voice"": ""tenor"", ""interval"": ""Perfect Unison""}"	How many times is the interval Perfect Unison present in the tenor line?	Telemann_DerLiebenSonneLichtUndPracht	chorale-bricks	Telemann_DerLiebenSonneLichtUndPracht	data/chorale-bricks/Telemann_DerLiebenSonneLichtUndPracht	15	"[""1"", ""5"", ""8"", ""18"", ""22"", ""44"", ""52"", ""59"", ""88""]"	"[""22"", ""5"", ""88"", ""52"", ""44"", ""8"", ""1"", ""59"", ""18""]"	visual	visual.short.png	data/chorale-bricks/Telemann_DerLiebenSonneLichtUndPracht/visual.short.png	15	"[""15"", ""none of the other options is correct"", ""22"", ""5"", ""88""]"	0.2	0	"[""A"", ""B"", ""C"", ""D"", ""E""]"	"{""A"": ""22"", ""B"": ""88"", ""C"": ""5"", ""D"": ""15"", ""E"": ""none of the other options is correct""}"	"[""(A) 22"", ""(B) 88"", ""(C) 5"", ""(D) 15"", ""(E) none of the other options is correct""]"	(D) 15	D
c821c1fc-22e6-5823-9ad3-61643fb2f50d	4	perception	pitch	relative	pitch-relative	interval-recognition		interval statistics	How many times is the interval {interval} present in the {voice} line?	"[""voice"", ""interval""]"	get_interval_quantity		interval	"{""voice"": ""soprano"", ""interval"": ""Diminished Seventh""}"	How many times is the interval Diminished Seventh present in the soprano line?	Crueger_AufAufMeinHerzMitFreuden	chorale-bricks	Crueger_AufAufMeinHerzMitFreuden	data/chorale-bricks/Crueger_AufAufMeinHerzMitFreuden	0	"[""1"", ""14"", ""19"", ""23"", ""28"", ""42"", ""51"", ""96""]"	"[""96"", ""1"", ""42"", ""14"", ""19"", ""23"", ""51"", ""28""]"	audio	audio.mastermix.wav	data/chorale-bricks/Crueger_AufAufMeinHerzMitFreuden/audio.mastermix.wav	none of the other options is correct	"[""none of the other options is correct"", ""96"", ""1"", ""42"", ""14""]"	0.2	1	"[""A"", ""B"", ""C"", ""D"", ""E""]"	"{""A"": ""1"", ""B"": ""none of the other options is correct"", ""C"": ""14"", ""D"": ""96"", ""E"": ""42""}"	"[""(A) 1"", ""(B) none of the other options is correct"", ""(C) 14"", ""(D) 96"", ""(E) 42""]"	(B) none of the other options is correct	B
4c4b1a37-c053-59fd-af2d-c35ba75cac9a	4	perception	pitch	relative	pitch-relative	interval-recognition		interval statistics	How many times is the interval {interval} present in the {voice} line?	"[""voice"", ""interval""]"	get_interval_quantity		interval	"{""voice"": ""soprano"", ""interval"": ""Diminished Seventh""}"	How many times is the interval Diminished Seventh present in the soprano line?	Crueger_AufAufMeinHerzMitFreuden	chorale-bricks	Crueger_AufAufMeinHerzMitFreuden	data/chorale-bricks/Crueger_AufAufMeinHerzMitFreuden	0	"[""1"", ""14"", ""19"", ""23"", ""28"", ""42"", ""51"", ""96""]"	"[""96"", ""1"", ""42"", ""14"", ""19"", ""23"", ""51"", ""28""]"	symbolic	symbolic.abc.txt	data/chorale-bricks/Crueger_AufAufMeinHerzMitFreuden/symbolic.abc.txt	0	"[""0"", ""none of the other options is correct"", ""96"", ""1"", ""42""]"	0.2	0	"[""A"", ""B"", ""C"", ""D"", ""E""]"	"{""A"": ""1"", ""B"": ""0"", ""C"": ""none of the other options is correct"", ""D"": ""96"", ""E"": ""42""}"	"[""(A) 1"", ""(B) 0"", ""(C) none of the other options is correct"", ""(D) 96"", ""(E) 42""]"	(B) 0	B
ee8e43eb-55f1-5596-a694-b5ba14e4578e	4	perception	pitch	relative	pitch-relative	interval-recognition		interval statistics	How many times is the interval {interval} present in the {voice} line?	"[""voice"", ""interval""]"	get_interval_quantity		interval	"{""voice"": ""soprano"", ""interval"": ""Diminished Seventh""}"	How many times is the interval Diminished Seventh present in the soprano line?	Crueger_AufAufMeinHerzMitFreuden	chorale-bricks	Crueger_AufAufMeinHerzMitFreuden	data/chorale-bricks/Crueger_AufAufMeinHerzMitFreuden	0	"[""1"", ""14"", ""19"", ""23"", ""28"", ""42"", ""51"", ""96""]"	"[""96"", ""1"", ""42"", ""14"", ""19"", ""23"", ""51"", ""28""]"	visual	visual.short.png	data/chorale-bricks/Crueger_AufAufMeinHerzMitFreuden/visual.short.png	none of the other options is correct	"[""none of the other options is correct"", ""96"", ""1"", ""42"", ""14""]"	0.2	1	"[""A"", ""B"", ""C"", ""D"", ""E""]"	"{""A"": ""42"", ""B"": ""96"", ""C"": ""none of the other options is correct"", ""D"": ""14"", ""E"": ""1""}"	"[""(A) 42"", ""(B) 96"", ""(C) none of the other options is correct"", ""(D) 14"", ""(E) 1""]"	(C) none of the other options is correct	C
250f9612-1d46-568d-880c-9233c8a7b93a	4	perception	pitch	relative	pitch-relative	interval-recognition		interval statistics	How many times is the interval {interval} present in the {voice} line?	"[""voice"", ""interval""]"	get_interval_quantity		interval	"{""voice"": ""bass"", ""interval"": ""Perfect Unison""}"	How many times is the interval Perfect Unison present in the bass line?	Anonymous_AusMeinesHerzensGrunde	chorale-bricks	Anonymous_AusMeinesHerzensGrunde	data/chorale-bricks/Anonymous_AusMeinesHerzensGrunde	12	"[""4"", ""7"", ""9"", ""35"", ""36"", ""46"", ""76"", ""89""]"	"[""4"", ""9"", ""36"", ""89"", ""35"", ""46"", ""7"", ""76""]"	audio	audio.mastermix.wav	data/chorale-bricks/Anonymous_AusMeinesHerzensGrunde/audio.mastermix.wav	12	"[""12"", ""none of the other options is correct"", ""4"", ""9"", ""36""]"	0.2	0	"[""A"", ""B"", ""C"", ""D"", ""E""]"	"{""A"": ""9"", ""B"": ""4"", ""C"": ""none of the other options is correct"", ""D"": ""12"", ""E"": ""36""}"	"[""(A) 9"", ""(B) 4"", ""(C) none of the other options is correct"", ""(D) 12"", ""(E) 36""]"	(D) 12	D
d2af77c4-2444-5101-919a-86ea99cc5f85	4	perception	pitch	relative	pitch-relative	interval-recognition		interval statistics	How many times is the interval {interval} present in the {voice} line?	"[""voice"", ""interval""]"	get_interval_quantity		interval	"{""voice"": ""bass"", ""interval"": ""Perfect Unison""}"	How many times is the interval Perfect Unison present in the bass line?	Anonymous_AusMeinesHerzensGrunde	chorale-bricks	Anonymous_AusMeinesHerzensGrunde	data/chorale-bricks/Anonymous_AusMeinesHerzensGrunde	12	"[""4"", ""7"", ""9"", ""35"", ""36"", ""46"", ""76"", ""89""]"	"[""4"", ""9"", ""36"", ""89"", ""35"", ""46"", ""7"", ""76""]"	symbolic	symbolic.abc.txt	data/chorale-bricks/Anonymous_AusMeinesHerzensGrunde/symbolic.abc.txt	12	"[""12"", ""none of the other options is correct"", ""4"", ""9"", ""36""]"	0.2	0	"[""A"", ""B"", ""C"", ""D"", ""E""]"	"{""A"": ""none of the other options is correct"", ""B"": ""36"", ""C"": ""9"", ""D"": ""4"", ""E"": ""12""}"	"[""(A) none of the other options is correct"", ""(B) 36"", ""(C) 9"", ""(D) 4"", ""(E) 12""]"	(E) 12	E
60ab5d39-192d-578d-883b-48e5c8d390f0	4	perception	pitch	relative	pitch-relative	interval-recognition		interval statistics	How many times is the interval {interval} present in the {voice} line?	"[""voice"", ""interval""]"	get_interval_quantity		interval	"{""voice"": ""bass"", ""interval"": ""Perfect Unison""}"	How many times is the interval Perfect Unison present in the bass line?	Anonymous_AusMeinesHerzensGrunde	chorale-bricks	Anonymous_AusMeinesHerzensGrunde	data/chorale-bricks/Anonymous_AusMeinesHerzensGrunde	12	"[""4"", ""7"", ""9"", ""35"", ""36"", ""46"", ""76"", ""89""]"	"[""4"", ""9"", ""36"", ""89"", ""35"", ""46"", ""7"", ""76""]"	visual	visual.short.png	data/chorale-bricks/Anonymous_AusMeinesHerzensGrunde/visual.short.png	12	"[""12"", ""none of the other options is correct"", ""4"", ""9"", ""36""]"	0.2	0	"[""A"", ""B"", ""C"", ""D"", ""E""]"	"{""A"": ""36"", ""B"": ""9"", ""C"": ""none of the other options is correct"", ""D"": ""12"", ""E"": ""4""}"	"[""(A) 36"", ""(B) 9"", ""(C) none of the other options is correct"", ""(D) 12"", ""(E) 4""]"	(D) 12	D
e427338e-b440-5193-a805-c0ee587527ba	4	perception	pitch	relative	pitch-relative	interval-recognition		interval statistics	How many times is the interval {interval} present in the {voice} line?	"[""voice"", ""interval""]"	get_interval_quantity		interval	"{""voice"": ""soprano"", ""interval"": ""Perfect Octave""}"	How many times is the interval Perfect Octave present in the soprano line?	Anonymous_AusMeinesHerzensGrunde	chorale-bricks	Anonymous_AusMeinesHerzensGrunde	data/chorale-bricks/Anonymous_AusMeinesHerzensGrunde	0	"[""2"", ""7"", ""11"", ""25"", ""40"", ""44"", ""76"", ""100""]"	"[""7"", ""76"", ""100"", ""25"", ""11"", ""2"", ""40"", ""44""]"	audio	audio.mastermix.wav	data/chorale-bricks/Anonymous_AusMeinesHerzensGrunde/audio.mastermix.wav	0	"[""0"", ""none of the other options is correct"", ""7"", ""76"", ""100""]"	0.2	0	"[""A"", ""B"", ""C"", ""D"", ""E""]"	"{""A"": ""0"", ""B"": ""100"", ""C"": ""none of the other options is correct"", ""D"": ""7"", ""E"": ""76""}"	"[""(A) 0"", ""(B) 100"", ""(C) none of the other options is correct"", ""(D) 7"", ""(E) 76""]"	(A) 0	A
6fab41ea-26af-5ee5-953a-1fd7fb0832f2	4	perception	pitch	relative	pitch-relative	interval-recognition		interval statistics	How many times is the interval {interval} present in the {voice} line?	"[""voice"", ""interval""]"	get_interval_quantity		interval	"{""voice"": ""soprano"", ""interval"": ""Perfect Octave""}"	How many times is the interval Perfect Octave present in the soprano line?	Anonymous_AusMeinesHerzensGrunde	chorale-bricks	Anonymous_AusMeinesHerzensGrunde	data/chorale-bricks/Anonymous_AusMeinesHerzensGrunde	0	"[""2"", ""7"", ""11"", ""25"", ""40"", ""44"", ""76"", ""100""]"	"[""7"", ""76"", ""100"", ""25"", ""11"", ""2"", ""40"", ""44""]"	symbolic	symbolic.abc.txt	data/chorale-bricks/Anonymous_AusMeinesHerzensGrunde/symbolic.abc.txt	none of the other options is correct	"[""none of the other options is correct"", ""7"", ""76"", ""100"", ""25""]"	0.2	1	"[""A"", ""B"", ""C"", ""D"", ""E""]"	"{""A"": ""100"", ""B"": ""7"", ""C"": ""none of the other options is correct"", ""D"": ""76"", ""E"": ""25""}"	"[""(A) 100"", ""(B) 7"", ""(C) none of the other options is correct"", ""(D) 76"", ""(E) 25""]"	(C) none of the other options is correct	C
0ebc60a4-be2c-5746-b373-97be2c7afbcf	4	perception	pitch	relative	pitch-relative	interval-recognition		interval statistics	How many times is the interval {interval} present in the {voice} line?	"[""voice"", ""interval""]"	get_interval_quantity		interval	"{""voice"": ""soprano"", ""interval"": ""Perfect Octave""}"	How many times is the interval Perfect Octave present in the soprano line?	Anonymous_AusMeinesHerzensGrunde	chorale-bricks	Anonymous_AusMeinesHerzensGrunde	data/chorale-bricks/Anonymous_AusMeinesHerzensGrunde	0	"[""2"", ""7"", ""11"", ""25"", ""40"", ""44"", ""76"", ""100""]"	"[""7"", ""76"", ""100"", ""25"", ""11"", ""2"", ""40"", ""44""]"	visual	visual.short.png	data/chorale-bricks/Anonymous_AusMeinesHerzensGrunde/visual.short.png	0	"[""0"", ""none of the other options is correct"", ""7"", ""76"", ""100""]"	0.2	0	"[""A"", ""B"", ""C"", ""D"", ""E""]"	"{""A"": ""76"", ""B"": ""100"", ""C"": ""7"", ""D"": ""none of the other options is correct"", ""E"": ""0""}"	"[""(A) 76"", ""(B) 100"", ""(C) 7"", ""(D) none of the other options is correct"", ""(E) 0""]"	(E) 0	E
d7335907-ff24-5220-8fbb-c51037d28cc0	4	perception	pitch	relative	pitch-relative	interval-recognition		interval statistics	How many times is the interval {interval} present in the {voice} line?	"[""voice"", ""interval""]"	get_interval_quantity		interval	"{""voice"": ""alto"", ""interval"": ""Major Second""}"	How many times is the interval Major Second present in the alto line?	Gesius_BefiehlDuDeineWege	chorale-bricks	Gesius_BefiehlDuDeineWege	data/chorale-bricks/Gesius_BefiehlDuDeineWege	14	"[""1"", ""7"", ""12"", ""25"", ""57"", ""58"", ""74""]"	"[""25"", ""12"", ""57"", ""7"", ""58"", ""1"", ""74""]"	audio	audio.mastermix.wav	data/chorale-bricks/Gesius_BefiehlDuDeineWege/audio.mastermix.wav	none of the other options is correct	"[""none of the other options is correct"", ""25"", ""12"", ""57"", ""7""]"	0.2	1	"[""A"", ""B"", ""C"", ""D"", ""E""]"	"{""A"": ""none of the other options is correct"", ""B"": ""25"", ""C"": ""12"", ""D"": ""7"", ""E"": ""57""}"	"[""(A) none of the other options is correct"", ""(B) 25"", ""(C) 12"", ""(D) 7"", ""(E) 57""]"	(A) none of the other options is correct	A
632202e5-0aef-52ad-b1c6-160172befc83	4	perception	pitch	relative	pitch-relative	interval-recognition		interval statistics	How many times is the interval {interval} present in the {voice} line?	"[""voice"", ""interval""]"	get_interval_quantity		interval	"{""voice"": ""alto"", ""interval"": ""Major Second""}"	How many times is the interval Major Second present in the alto line?	Gesius_BefiehlDuDeineWege	chorale-bricks	Gesius_BefiehlDuDeineWege	data/chorale-bricks/Gesius_BefiehlDuDeineWege	14	"[""1"", ""7"", ""12"", ""25"", ""57"", ""58"", ""74""]"	"[""25"", ""12"", ""57"", ""7"", ""58"", ""1"", ""74""]"	symbolic	symbolic.abc.txt	data/chorale-bricks/Gesius_BefiehlDuDeineWege/symbolic.abc.txt	14	"[""14"", ""none of the other options is correct"", ""25"", ""12"", ""57""]"	0.2	0	"[""A"", ""B"", ""C"", ""D"", ""E""]"	"{""A"": ""57"", ""B"": ""25"", ""C"": ""14"", ""D"": ""none of the other options is correct"", ""E"": ""12""}"	"[""(A) 57"", ""(B) 25"", ""(C) 14"", ""(D) none of the other options is correct"", ""(E) 12""]"	(C) 14	C
8743b1b0-8803-5299-8a3e-ea5f5f6461fb	4	perception	pitch	relative	pitch-relative	interval-recognition		interval statistics	How many times is the interval {interval} present in the {voice} line?	"[""voice"", ""interval""]"	get_interval_quantity		interval	"{""voice"": ""alto"", ""interval"": ""Major Second""}"	How many times is the interval Major Second present in the alto line?	Gesius_BefiehlDuDeineWege	chorale-bricks	Gesius_BefiehlDuDeineWege	data/chorale-bricks/Gesius_BefiehlDuDeineWege	14	"[""1"", ""7"", ""12"", ""25"", ""57"", ""58"", ""74""]"	"[""25"", ""12"", ""57"", ""7"", ""58"", ""1"", ""74""]"	visual	visual.short.png	data/chorale-bricks/Gesius_BefiehlDuDeineWege/visual.short.png	none of the other options is correct	"[""none of the other options is correct"", ""25"", ""12"", ""57"", ""7""]"	0.2	1	"[""A"", ""B"", ""C"", ""D"", ""E""]"	"{""A"": ""12"", ""B"": ""none of the other options is correct"", ""C"": ""25"", ""D"": ""7"", ""E"": ""57""}"	"[""(A) 12"", ""(B) none of the other options is correct"", ""(C) 25"", ""(D) 7"", ""(E) 57""]"	(B) none of the other options is correct	B
700b5da0-5966-582b-8932-607dd30032b1	4	perception	pitch	relative	pitch-relative	interval-recognition		interval statistics	How many times is the interval {interval} present in the {voice} line?	"[""voice"", ""interval""]"	get_interval_quantity		interval	"{""voice"": ""tenor"", ""interval"": ""Diminished Second""}"	How many times is the interval Diminished Second present in the tenor line?	Anonymous_AusMeinesHerzensGrunde	chorale-bricks	Anonymous_AusMeinesHerzensGrunde	data/chorale-bricks/Anonymous_AusMeinesHerzensGrunde	0	"[""2"", ""5"", ""7"", ""26"", ""39"", ""42"", ""81"", ""103""]"	"[""39"", ""42"", ""7"", ""26"", ""81"", ""2"", ""5"", ""103""]"	audio	audio.mastermix.wav	data/chorale-bricks/Anonymous_AusMeinesHerzensGrunde/audio.mastermix.wav	none of the other options is correct	"[""none of the other options is correct"", ""39"", ""42"", ""7"", ""26""]"	0.2	1	"[""A"", ""B"", ""C"", ""D"", ""E""]"	"{""A"": ""42"", ""B"": ""26"", ""C"": ""none of the other options is correct"", ""D"": ""7"", ""E"": ""39""}"	"[""(A) 42"", ""(B) 26"", ""(C) none of the other options is correct"", ""(D) 7"", ""(E) 39""]"	(C) none of the other options is correct	C
b5de4b35-1c35-5ca3-ab82-5a21e1e2dd98	4	perception	pitch	relative	pitch-relative	interval-recognition		interval statistics	How many times is the interval {interval} present in the {voice} line?	"[""voice"", ""interval""]"	get_interval_quantity		interval	"{""voice"": ""tenor"", ""interval"": ""Diminished Second""}"	How many times is the interval Diminished Second present in the tenor line?	Anonymous_AusMeinesHerzensGrunde	chorale-bricks	Anonymous_AusMeinesHerzensGrunde	data/chorale-bricks/Anonymous_AusMeinesHerzensGrunde	0	"[""2"", ""5"", ""7"", ""26"", ""39"", ""42"", ""81"", ""103""]"	"[""39"", ""42"", ""7"", ""26"", ""81"", ""2"", ""5"", ""103""]"	symbolic	symbolic.abc.txt	data/chorale-bricks/Anonymous_AusMeinesHerzensGrunde/symbolic.abc.txt	0	"[""0"", ""none of the other options is correct"", ""39"", ""42"", ""7""]"	0.2	0	"[""A"", ""B"", ""C"", ""D"", ""E""]"	"{""A"": ""0"", ""B"": ""42"", ""C"": ""7"", ""D"": ""none of the other options is correct"", ""E"": ""39""}"	"[""(A) 0"", ""(B) 42"", ""(C) 7"", ""(D) none of the other options is correct"", ""(E) 39""]"	(A) 0	A
e75f5488-f4c8-5ddb-9112-8cf84792be9e	4	perception	pitch	relative	pitch-relative	interval-recognition		interval statistics	How many times is the interval {interval} present in the {voice} line?	"[""voice"", ""interval""]"	get_interval_quantity		interval	"{""voice"": ""tenor"", ""interval"": ""Diminished Second""}"	How many times is the interval Diminished Second present in the tenor line?	Anonymous_AusMeinesHerzensGrunde	chorale-bricks	Anonymous_AusMeinesHerzensGrunde	data/chorale-bricks/Anonymous_AusMeinesHerzensGrunde	0	"[""2"", ""5"", ""7"", ""26"", ""39"", ""42"", ""81"", ""103""]"	"[""39"", ""42"", ""7"", ""26"", ""81"", ""2"", ""5"", ""103""]"	visual	visual.short.png	data/chorale-bricks/Anonymous_AusMeinesHerzensGrunde/visual.short.png	0	"[""0"", ""none of the other options is correct"", ""39"", ""42"", ""7""]"	0.2	0	"[""A"", ""B"", ""C"", ""D"", ""E""]"	"{""A"": ""7"", ""B"": ""42"", ""C"": ""none of the other options is correct"", ""D"": ""0"", ""E"": ""39""}"	"[""(A) 7"", ""(B) 42"", ""(C) none of the other options is correct"", ""(D) 0"", ""(E) 39""]"	(D) 0	D
468a7554-e468-5a1b-9f76-158a8261d0ef	4	perception	pitch	relative	pitch-relative	interval-recognition		interval statistics	How many times is the interval {interval} present in the {voice} line?	"[""voice"", ""interval""]"	get_interval_quantity		interval	"{""voice"": ""bass"", ""interval"": ""Minor Second""}"	How many times is the interval Minor Second present in the bass line?	Telemann_DerLiebenSonneLichtUndPracht	chorale-bricks	Telemann_DerLiebenSonneLichtUndPracht	data/chorale-bricks/Telemann_DerLiebenSonneLichtUndPracht	6	"[""1"", ""3"", ""10"", ""21"", ""23"", ""40"", ""54"", ""60"", ""85""]"	"[""23"", ""3"", ""85"", ""60"", ""21"", ""54"", ""1"", ""40"", ""10""]"	audio	audio.mastermix.wav	data/chorale-bricks/Telemann_DerLiebenSonneLichtUndPracht/audio.mastermix.wav	6	"[""6"", ""none of the other options is correct"", ""23"", ""3"", ""85""]"	0.2	0	"[""A"", ""B"", ""C"", ""D"", ""E""]"	"{""A"": ""23"", ""B"": ""none of the other options is correct"", ""C"": ""85"", ""D"": ""6"", ""E"": ""3""}"	"[""(A) 23"", ""(B) none of the other options is correct"", ""(C) 85"", ""(D) 6"", ""(E) 3""]"	(D) 6	D
199e408a-05f3-551e-943b-fe1cba3ba3d0	4	perception	pitch	relative	pitch-relative	interval-recognition		interval statistics	How many times is the interval {interval} present in the {voice} line?	"[""voice"", ""interval""]"	get_interval_quantity		interval	"{""voice"": ""bass"", ""interval"": ""Minor Second""}"	How many times is the interval Minor Second present in the bass line?	Telemann_DerLiebenSonneLichtUndPracht	chorale-bricks	Telemann_DerLiebenSonneLichtUndPracht	data/chorale-bricks/Telemann_DerLiebenSonneLichtUndPracht	6	"[""1"", ""3"", ""10"", ""21"", ""23"", ""40"", ""54"", ""60"", ""85""]"	"[""23"", ""3"", ""85"", ""60"", ""21"", ""54"", ""1"", ""40"", ""10""]"	symbolic	symbolic.abc.txt	data/chorale-bricks/Telemann_DerLiebenSonneLichtUndPracht/symbolic.abc.txt	6	"[""6"", ""none of the other options is correct"", ""23"", ""3"", ""85""]"	0.2	0	"[""A"", ""B"", ""C"", ""D"", ""E""]"	"{""A"": ""85"", ""B"": ""none of the other options is correct"", ""C"": ""3"", ""D"": ""6"", ""E"": ""23""}"	"[""(A) 85"", ""(B) none of the other options is correct"", ""(C) 3"", ""(D) 6"", ""(E) 23""]"	(D) 6	D
d21c4deb-e802-58a2-a058-fb2f000bbc34	4	perception	pitch	relative	pitch-relative	interval-recognition		interval statistics	How many times is the interval {interval} present in the {voice} line?	"[""voice"", ""interval""]"	get_interval_quantity		interval	"{""voice"": ""bass"", ""interval"": ""Minor Second""}"	How many times is the interval Minor Second present in the bass line?	Telemann_DerLiebenSonneLichtUndPracht	chorale-bricks	Telemann_DerLiebenSonneLichtUndPracht	data/chorale-bricks/Telemann_DerLiebenSonneLichtUndPracht	6	"[""1"", ""3"", ""10"", ""21"", ""23"", ""40"", ""54"", ""60"", ""85""]"	"[""23"", ""3"", ""85"", ""60"", ""21"", ""54"", ""1"", ""40"", ""10""]"	visual	visual.short.png	data/chorale-bricks/Telemann_DerLiebenSonneLichtUndPracht/visual.short.png	6	"[""6"", ""none of the other options is correct"", ""23"", ""3"", ""85""]"	0.2	0	"[""A"", ""B"", ""C"", ""D"", ""E""]"	"{""A"": ""6"", ""B"": ""23"", ""C"": ""3"", ""D"": ""none of the other options is correct"", ""E"": ""85""}"	"[""(A) 6"", ""(B) 23"", ""(C) 3"", ""(D) none of the other options is correct"", ""(E) 85""]"	(A) 6	A
5b2c0fc4-8b2a-511a-bea4-4cb9bf49c8d9	4	perception	pitch	relative	pitch-relative	interval-recognition		interval statistics	How many times is the interval {interval} present in the {voice} line?	"[""voice"", ""interval""]"	get_interval_quantity		interval	"{""voice"": ""soprano"", ""interval"": ""Perfect Fifth""}"	How many times is the interval Perfect Fifth present in the soprano line?	Bach_IchStehAnDeinerKrippe	chorale-bricks	Bach_IchStehAnDeinerKrippe	data/chorale-bricks/Bach_IchStehAnDeinerKrippe	2	"[""1"", ""9"", ""10"", ""31"", ""36"", ""41"", ""55"", ""79""]"	"[""36"", ""41"", ""9"", ""31"", ""55"", ""79"", ""1"", ""10""]"	audio	audio.mastermix.wav	data/chorale-bricks/Bach_IchStehAnDeinerKrippe/audio.mastermix.wav	2	"[""2"", ""none of the other options is correct"", ""36"", ""41"", ""9""]"	0.2	0	"[""A"", ""B"", ""C"", ""D"", ""E""]"	"{""A"": ""41"", ""B"": ""36"", ""C"": ""2"", ""D"": ""none of the other options is correct"", ""E"": ""9""}"	"[""(A) 41"", ""(B) 36"", ""(C) 2"", ""(D) none of the other options is correct"", ""(E) 9""]"	(C) 2	C
a2d052da-778e-5245-80cd-afc65c965031	4	perception	pitch	relative	pitch-relative	interval-recognition		interval statistics	How many times is the interval {interval} present in the {voice} line?	"[""voice"", ""interval""]"	get_interval_quantity		interval	"{""voice"": ""soprano"", ""interval"": ""Perfect Fifth""}"	How many times is the interval Perfect Fifth present in the soprano line?	Bach_IchStehAnDeinerKrippe	chorale-bricks	Bach_IchStehAnDeinerKrippe	data/chorale-bricks/Bach_IchStehAnDeinerKrippe	2	"[""1"", ""9"", ""10"", ""31"", ""36"", ""41"", ""55"", ""79""]"	"[""36"", ""41"", ""9"", ""31"", ""55"", ""79"", ""1"", ""10""]"	symbolic	symbolic.abc.txt	data/chorale-bricks/Bach_IchStehAnDeinerKrippe/symbolic.abc.txt	2	"[""2"", ""none of the other options is correct"", ""36"", ""41"", ""9""]"	0.2	0	"[""A"", ""B"", ""C"", ""D"", ""E""]"	"{""A"": ""36"", ""B"": ""2"", ""C"": ""9"", ""D"": ""none of the other options is correct"", ""E"": ""41""}"	"[""(A) 36"", ""(B) 2"", ""(C) 9"", ""(D) none of the other options is correct"", ""(E) 41""]"	(B) 2	B
c35be8e2-7fda-5aad-8458-09a55f5d4008	4	perception	pitch	relative	pitch-relative	interval-recognition		interval statistics	How many times is the interval {interval} present in the {voice} line?	"[""voice"", ""interval""]"	get_interval_quantity		interval	"{""voice"": ""soprano"", ""interval"": ""Perfect Fifth""}"	How many times is the interval Perfect Fifth present in the soprano line?	Bach_IchStehAnDeinerKrippe	chorale-bricks	Bach_IchStehAnDeinerKrippe	data/chorale-bricks/Bach_IchStehAnDeinerKrippe	2	"[""1"", ""9"", ""10"", ""31"", ""36"", ""41"", ""55"", ""79""]"	"[""36"", ""41"", ""9"", ""31"", ""55"", ""79"", ""1"", ""10""]"	visual	visual.short.png	data/chorale-bricks/Bach_IchStehAnDeinerKrippe/visual.short.png	2	"[""2"", ""none of the other options is correct"", ""36"", ""41"", ""9""]"	0.2	0	"[""A"", ""B"", ""C"", ""D"", ""E""]"	"{""A"": ""9"", ""B"": ""none of the other options is correct"", ""C"": ""36"", ""D"": ""2"", ""E"": ""41""}"	"[""(A) 9"", ""(B) none of the other options is correct"", ""(C) 36"", ""(D) 2"", ""(E) 41""]"	(D) 2	D
4897eb15-a18f-52b9-ad64-01ce24bb12d0	4	perception	pitch	relative	pitch-relative	interval-recognition		interval statistics	How many times is the interval {interval} present in the {voice} line?	"[""voice"", ""interval""]"	get_interval_quantity		interval	"{""voice"": ""tenor"", ""interval"": ""Diminished Unison""}"	How many times is the interval Diminished Unison present in the tenor line?	Vulpius_DieHelleSonnLeuchtJetztHerfuer	chorale-bricks	Vulpius_DieHelleSonnLeuchtJetztHerfuer	data/chorale-bricks/Vulpius_DieHelleSonnLeuchtJetztHerfuer	1	"[""2"", ""14"", ""16"", ""22"", ""28"", ""47""]"	"[""22"", ""14"", ""47"", ""28"", ""16"", ""2""]"	audio	audio.mastermix.wav	data/chorale-bricks/Vulpius_DieHelleSonnLeuchtJetztHerfuer/audio.mastermix.wav	1	"[""1"", ""none of the other options is correct"", ""22"", ""14"", ""47""]"	0.2	0	"[""A"", ""B"", ""C"", ""D"", ""E""]"	"{""A"": ""none of the other options is correct"", ""B"": ""22"", ""C"": ""47"", ""D"": ""14"", ""E"": ""1""}"	"[""(A) none of the other options is correct"", ""(B) 22"", ""(C) 47"", ""(D) 14"", ""(E) 1""]"	(E) 1	E
c9e2a0dc-164e-56cd-9a07-3856a4d9036a	4	perception	pitch	relative	pitch-relative	interval-recognition		interval statistics	How many times is the interval {interval} present in the {voice} line?	"[""voice"", ""interval""]"	get_interval_quantity		interval	"{""voice"": ""tenor"", ""interval"": ""Diminished Unison""}"	How many times is the interval Diminished Unison present in the tenor line?	Vulpius_DieHelleSonnLeuchtJetztHerfuer	chorale-bricks	Vulpius_DieHelleSonnLeuchtJetztHerfuer	data/chorale-bricks/Vulpius_DieHelleSonnLeuchtJetztHerfuer	1	"[""2"", ""14"", ""16"", ""22"", ""28"", ""47""]"	"[""22"", ""14"", ""47"", ""28"", ""16"", ""2""]"	symbolic	symbolic.abc.txt	data/chorale-bricks/Vulpius_DieHelleSonnLeuchtJetztHerfuer/symbolic.abc.txt	1	"[""1"", ""none of the other options is correct"", ""22"", ""14"", ""47""]"	0.2	0	"[""A"", ""B"", ""C"", ""D"", ""E""]"	"{""A"": ""none of the other options is correct"", ""B"": ""47"", ""C"": ""22"", ""D"": ""1"", ""E"": ""14""}"	"[""(A) none of the other options is correct"", ""(B) 47"", ""(C) 22"", ""(D) 1"", ""(E) 14""]"	(D) 1	D
3ef436a3-a8e0-5792-a101-e01f7f59e873	4	perception	pitch	relative	pitch-relative	interval-recognition		interval statistics	How many times is the interval {interval} present in the {voice} line?	"[""voice"", ""interval""]"	get_interval_quantity		interval	"{""voice"": ""tenor"", ""interval"": ""Diminished Unison""}"	How many times is the interval Diminished Unison present in the tenor line?	Vulpius_DieHelleSonnLeuchtJetztHerfuer	chorale-bricks	Vulpius_DieHelleSonnLeuchtJetztHerfuer	data/chorale-bricks/Vulpius_DieHelleSonnLeuchtJetztHerfuer	1	"[""2"", ""14"", ""16"", ""22"", ""28"", ""47""]"	"[""22"", ""14"", ""47"", ""28"", ""16"", ""2""]"	visual	visual.short.png	data/chorale-bricks/Vulpius_DieHelleSonnLeuchtJetztHerfuer/visual.short.png	1	"[""1"", ""none of the other options is correct"", ""22"", ""14"", ""47""]"	0.2	0	"[""A"", ""B"", ""C"", ""D"", ""E""]"	"{""A"": ""14"", ""B"": ""22"", ""C"": ""1"", ""D"": ""47"", ""E"": ""none of the other options is correct""}"	"[""(A) 14"", ""(B) 22"", ""(C) 1"", ""(D) 47"", ""(E) none of the other options is correct""]"	(C) 1	C
2b769093-1108-5e38-a6d3-b88be41cb8d9	4	perception	pitch	relative	pitch-relative	interval-recognition		interval statistics	How many times is the interval {interval} present in the {voice} line?	"[""voice"", ""interval""]"	get_interval_quantity		interval	"{""voice"": ""soprano"", ""interval"": ""Major Third""}"	How many times is the interval Major Third present in the soprano line?	Jan_DuGrosserSchmerzensmann	chorale-bricks	Jan_DuGrosserSchmerzensmann	data/chorale-bricks/Jan_DuGrosserSchmerzensmann	2	"[""1"", ""11"", ""14"", ""16"", ""21"", ""41"", ""72"", ""80""]"	"[""80"", ""21"", ""11"", ""16"", ""72"", ""41"", ""14"", ""1""]"	audio	audio.mastermix.wav	data/chorale-bricks/Jan_DuGrosserSchmerzensmann/audio.mastermix.wav	2	"[""2"", ""none of the other options is correct"", ""80"", ""21"", ""11""]"	0.2	0	"[""A"", ""B"", ""C"", ""D"", ""E""]"	"{""A"": ""11"", ""B"": ""2"", ""C"": ""none of the other options is correct"", ""D"": ""21"", ""E"": ""80""}"	"[""(A) 11"", ""(B) 2"", ""(C) none of the other options is correct"", ""(D) 21"", ""(E) 80""]"	(B) 2	B
8c4d3dd0-4b1b-52be-9aba-4a85393069d5	4	perception	pitch	relative	pitch-relative	interval-recognition		interval statistics	How many times is the interval {interval} present in the {voice} line?	"[""voice"", ""interval""]"	get_interval_quantity		interval	"{""voice"": ""soprano"", ""interval"": ""Major Third""}"	How many times is the interval Major Third present in the soprano line?	Jan_DuGrosserSchmerzensmann	chorale-bricks	Jan_DuGrosserSchmerzensmann	data/chorale-bricks/Jan_DuGrosserSchmerzensmann	2	"[""1"", ""11"", ""14"", ""16"", ""21"", ""41"", ""72"", ""80""]"	"[""80"", ""21"", ""11"", ""16"", ""72"", ""41"", ""14"", ""1""]"	symbolic	symbolic.abc.txt	data/chorale-bricks/Jan_DuGrosserSchmerzensmann/symbolic.abc.txt	2	"[""2"", ""none of the other options is correct"", ""80"", ""21"", ""11""]"	0.2	0	"[""A"", ""B"", ""C"", ""D"", ""E""]"	"{""A"": ""80"", ""B"": ""none of the other options is correct"", ""C"": ""2"", ""D"": ""11"", ""E"": ""21""}"	"[""(A) 80"", ""(B) none of the other options is correct"", ""(C) 2"", ""(D) 11"", ""(E) 21""]"	(C) 2	C
e194dc70-8c4f-56c4-a8d3-8b84f4f9bdc0	4	perception	pitch	relative	pitch-relative	interval-recognition		interval statistics	How many times is the interval {interval} present in the {voice} line?	"[""voice"", ""interval""]"	get_interval_quantity		interval	"{""voice"": ""soprano"", ""interval"": ""Major Third""}"	How many times is the interval Major Third present in the soprano line?	Jan_DuGrosserSchmerzensmann	chorale-bricks	Jan_DuGrosserSchmerzensmann	data/chorale-bricks/Jan_DuGrosserSchmerzensmann	2	"[""1"", ""11"", ""14"", ""16"", ""21"", ""41"", ""72"", ""80""]"	"[""80"", ""21"", ""11"", ""16"", ""72"", ""41"", ""14"", ""1""]"	visual	visual.short.png	data/chorale-bricks/Jan_DuGrosserSchmerzensmann/visual.short.png	2	"[""2"", ""none of the other options is correct"", ""80"", ""21"", ""11""]"	0.2	0	"[""A"", ""B"", ""C"", ""D"", ""E""]"	"{""A"": ""21"", ""B"": ""11"", ""C"": ""80"", ""D"": ""2"", ""E"": ""none of the other options is correct""}"	"[""(A) 21"", ""(B) 11"", ""(C) 80"", ""(D) 2"", ""(E) none of the other options is correct""]"	(D) 2	D
fb91d9db-b43b-5521-8b4e-304965fafa8d	4	perception	pitch	relative	pitch-relative	interval-recognition		interval statistics	How many times is the interval {interval} present in the {voice} line?	"[""voice"", ""interval""]"	get_interval_quantity		interval	"{""voice"": ""bass"", ""interval"": ""Perfect Fourth""}"	How many times is the interval Perfect Fourth present in the bass line?	Drese_JesuGehVoran	chorale-bricks	Drese_JesuGehVoran	data/chorale-bricks/Drese_JesuGehVoran	8	"[""2"", ""5"", ""6"", ""17"", ""24"", ""39"", ""64""]"	"[""5"", ""2"", ""39"", ""6"", ""24"", ""17"", ""64""]"	audio	audio.mastermix.wav	data/chorale-bricks/Drese_JesuGehVoran/audio.mastermix.wav	8	"[""8"", ""none of the other options is correct"", ""5"", ""2"", ""39""]"	0.2	0	"[""A"", ""B"", ""C"", ""D"", ""E""]"	"{""A"": ""5"", ""B"": ""none of the other options is correct"", ""C"": ""39"", ""D"": ""8"", ""E"": ""2""}"	"[""(A) 5"", ""(B) none of the other options is correct"", ""(C) 39"", ""(D) 8"", ""(E) 2""]"	(D) 8	D
c28e9021-fbfa-5877-9fbb-4ce673a9e9b0	4	perception	pitch	relative	pitch-relative	interval-recognition		interval statistics	How many times is the interval {interval} present in the {voice} line?	"[""voice"", ""interval""]"	get_interval_quantity		interval	"{""voice"": ""bass"", ""interval"": ""Perfect Fourth""}"	How many times is the interval Perfect Fourth present in the bass line?	Drese_JesuGehVoran	chorale-bricks	Drese_JesuGehVoran	data/chorale-bricks/Drese_JesuGehVoran	8	"[""2"", ""5"", ""6"", ""17"", ""24"", ""39"", ""64""]"	"[""5"", ""2"", ""39"", ""6"", ""24"", ""17"", ""64""]"	symbolic	symbolic.abc.txt	data/chorale-bricks/Drese_JesuGehVoran/symbolic.abc.txt	8	"[""8"", ""none of the other options is correct"", ""5"", ""2"", ""39""]"	0.2	0	"[""A"", ""B"", ""C"", ""D"", ""E""]"	"{""A"": ""5"", ""B"": ""none of the other options is correct"", ""C"": ""2"", ""D"": ""39"", ""E"": ""8""}"	"[""(A) 5"", ""(B) none of the other options is correct"", ""(C) 2"", ""(D) 39"", ""(E) 8""]"	(E) 8	E
9128b448-cb8d-5ce0-b213-0988aaa7b279	4	perception	pitch	relative	pitch-relative	interval-recognition		interval statistics	How many times is the interval {interval} present in the {voice} line?	"[""voice"", ""interval""]"	get_interval_quantity		interval	"{""voice"": ""bass"", ""interval"": ""Perfect Fourth""}"	How many times is the interval Perfect Fourth present in the bass line?	Drese_JesuGehVoran	chorale-bricks	Drese_JesuGehVoran	data/chorale-bricks/Drese_JesuGehVoran	8	"[""2"", ""5"", ""6"", ""17"", ""24"", ""39"", ""64""]"	"[""5"", ""2"", ""39"", ""6"", ""24"", ""17"", ""64""]"	visual	visual.short.png	data/chorale-bricks/Drese_JesuGehVoran/visual.short.png	8	"[""8"", ""none of the other options is correct"", ""5"", ""2"", ""39""]"	0.2	0	"[""A"", ""B"", ""C"", ""D"", ""E""]"	"{""A"": ""5"", ""B"": ""none of the other options is correct"", ""C"": ""2"", ""D"": ""39"", ""E"": ""8""}"	"[""(A) 5"", ""(B) none of the other options is correct"", ""(C) 2"", ""(D) 39"", ""(E) 8""]"	(E) 8	E
a3b5b904-eed6-578b-806d-505af5cd3344	4	perception	pitch	relative	pitch-relative	interval-recognition		interval statistics	How many times is the interval {interval} present in the {voice} line?	"[""voice"", ""interval""]"	get_interval_quantity		interval	"{""voice"": ""alto"", ""interval"": ""Minor Third""}"	How many times is the interval Minor Third present in the alto line?	Anonymous_AusMeinesHerzensGrunde	chorale-bricks	Anonymous_AusMeinesHerzensGrunde	data/chorale-bricks/Anonymous_AusMeinesHerzensGrunde	5	"[""2"", ""6"", ""8"", ""29"", ""35"", ""48"", ""87"", ""88""]"	"[""48"", ""35"", ""88"", ""29"", ""6"", ""87"", ""2"", ""8""]"	audio	audio.mastermix.wav	data/chorale-bricks/Anonymous_AusMeinesHerzensGrunde/audio.mastermix.wav	5	"[""5"", ""none of the other options is correct"", ""48"", ""35"", ""88""]"	0.2	0	"[""A"", ""B"", ""C"", ""D"", ""E""]"	"{""A"": ""5"", ""B"": ""88"", ""C"": ""none of the other options is correct"", ""D"": ""35"", ""E"": ""48""}"	"[""(A) 5"", ""(B) 88"", ""(C) none of the other options is correct"", ""(D) 35"", ""(E) 48""]"	(A) 5	A
b651300f-a53c-5340-b13c-f7522f9c5dc8	4	perception	pitch	relative	pitch-relative	interval-recognition		interval statistics	How many times is the interval {interval} present in the {voice} line?	"[""voice"", ""interval""]"	get_interval_quantity		interval	"{""voice"": ""alto"", ""interval"": ""Minor Third""}"	How many times is the interval Minor Third present in the alto line?	Anonymous_AusMeinesHerzensGrunde	chorale-bricks	Anonymous_AusMeinesHerzensGrunde	data/chorale-bricks/Anonymous_AusMeinesHerzensGrunde	5	"[""2"", ""6"", ""8"", ""29"", ""35"", ""48"", ""87"", ""88""]"	"[""48"", ""35"", ""88"", ""29"", ""6"", ""87"", ""2"", ""8""]"	symbolic	symbolic.abc.txt	data/chorale-bricks/Anonymous_AusMeinesHerzensGrunde/symbolic.abc.txt	5	"[""5"", ""none of the other options is correct"", ""48"", ""35"", ""88""]"	0.2	0	"[""A"", ""B"", ""C"", ""D"", ""E""]"	"{""A"": ""5"", ""B"": ""none of the other options is correct"", ""C"": ""48"", ""D"": ""88"", ""E"": ""35""}"	"[""(A) 5"", ""(B) none of the other options is correct"", ""(C) 48"", ""(D) 88"", ""(E) 35""]"	(A) 5	A
7f0a47f9-ad8b-5eb7-8994-02b0ab217a4b	4	perception	pitch	relative	pitch-relative	interval-recognition		interval statistics	How many times is the interval {interval} present in the {voice} line?	"[""voice"", ""interval""]"	get_interval_quantity		interval	"{""voice"": ""alto"", ""interval"": ""Minor Third""}"	How many times is the interval Minor Third present in the alto line?	Anonymous_AusMeinesHerzensGrunde	chorale-bricks	Anonymous_AusMeinesHerzensGrunde	data/chorale-bricks/Anonymous_AusMeinesHerzensGrunde	5	"[""2"", ""6"", ""8"", ""29"", ""35"", ""48"", ""87"", ""88""]"	"[""48"", ""35"", ""88"", ""29"", ""6"", ""87"", ""2"", ""8""]"	visual	visual.short.png	data/chorale-bricks/Anonymous_AusMeinesHerzensGrunde/visual.short.png	5	"[""5"", ""none of the other options is correct"", ""48"", ""35"", ""88""]"	0.2	0	"[""A"", ""B"", ""C"", ""D"", ""E""]"	"{""A"": ""5"", ""B"": ""48"", ""C"": ""88"", ""D"": ""none of the other options is correct"", ""E"": ""35""}"	"[""(A) 5"", ""(B) 48"", ""(C) 88"", ""(D) none of the other options is correct"", ""(E) 35""]"	(A) 5	A
b1a6da16-7687-5abd-b863-cd60fd4752a6	5	perception	rhythm	absolute	rhythm-absolute	rhythmic-recognition		note length	What is the rhythmic notation of the {target_index} {voice} note (or rest)?	"[""target_index"", ""voice""]"	get_nth_rhythm		rhythm	"{""target_index"": ""10th"", ""voice"": ""bass""}"	What is the rhythmic notation of the 10th bass note (or rest)?	Gesius_BefiehlDuDeineWege	chorale-bricks	Gesius_BefiehlDuDeineWege	data/chorale-bricks/Gesius_BefiehlDuDeineWege	quarter	"[""32nd"", ""dotted-32nd"", ""dotted-half"", ""half""]"	"[""half"", ""32nd"", ""dotted-half"", ""dotted-32nd""]"	audio	audio.mastermix.wav	data/chorale-bricks/Gesius_BefiehlDuDeineWege/audio.mastermix.wav	quarter	"[""quarter"", ""none of the other options is correct"", ""half"", ""32nd"", ""dotted-half""]"	0.2	0	"[""A"", ""B"", ""C"", ""D"", ""E""]"	"{""A"": ""32nd"", ""B"": ""none of the other options is correct"", ""C"": ""half"", ""D"": ""dotted-half"", ""E"": ""quarter""}"	"[""(A) 32nd"", ""(B) none of the other options is correct"", ""(C) half"", ""(D) dotted-half"", ""(E) quarter""]"	(E) quarter	E
f47afbe1-13da-5c4a-a48f-5f3a0146ba43	5	perception	rhythm	absolute	rhythm-absolute	rhythmic-recognition		note length	What is the rhythmic notation of the {target_index} {voice} note (or rest)?	"[""target_index"", ""voice""]"	get_nth_rhythm		rhythm	"{""target_index"": ""10th"", ""voice"": ""bass""}"	What is the rhythmic notation of the 10th bass note (or rest)?	Gesius_BefiehlDuDeineWege	chorale-bricks	Gesius_BefiehlDuDeineWege	data/chorale-bricks/Gesius_BefiehlDuDeineWege	quarter	"[""32nd"", ""dotted-32nd"", ""dotted-half"", ""half""]"	"[""half"", ""32nd"", ""dotted-half"", ""dotted-32nd""]"	symbolic	symbolic.abc.txt	data/chorale-bricks/Gesius_BefiehlDuDeineWege/symbolic.abc.txt	quarter	"[""quarter"", ""none of the other options is correct"", ""half"", ""32nd"", ""dotted-half""]"	0.2	0	"[""A"", ""B"", ""C"", ""D"", ""E""]"	"{""A"": ""none of the other options is correct"", ""B"": ""quarter"", ""C"": ""32nd"", ""D"": ""dotted-half"", ""E"": ""half""}"	"[""(A) none of the other options is correct"", ""(B) quarter"", ""(C) 32nd"", ""(D) dotted-half"", ""(E) half""]"	(B) quarter	B
b5ee3a45-2e68-5cb5-a968-6771defa5433	5	perception	rhythm	absolute	rhythm-absolute	rhythmic-recognition		note length	What is the rhythmic notation of the {target_index} {voice} note (or rest)?	"[""target_index"", ""voice""]"	get_nth_rhythm		rhythm	"{""target_index"": ""10th"", ""voice"": ""bass""}"	What is the rhythmic notation of the 10th bass note (or rest)?	Gesius_BefiehlDuDeineWege	chorale-bricks	Gesius_BefiehlDuDeineWege	data/chorale-bricks/Gesius_BefiehlDuDeineWege	quarter	"[""32nd"", ""dotted-32nd"", ""dotted-half"", ""half""]"	"[""half"", ""32nd"", ""dotted-half"", ""dotted-32nd""]"	visual	visual.short.png	data/chorale-bricks/Gesius_BefiehlDuDeineWege/visual.short.png	quarter	"[""quarter"", ""none of the other options is correct"", ""half"", ""32nd"", ""dotted-half""]"	0.2	0	"[""A"", ""B"", ""C"", ""D"", ""E""]"	"{""A"": ""none of the other options is correct"", ""B"": ""32nd"", ""C"": ""half"", ""D"": ""dotted-half"", ""E"": ""quarter""}"	"[""(A) none of the other options is correct"", ""(B) 32nd"", ""(C) half"", ""(D) dotted-half"", ""(E) quarter""]"	(E) quarter	E
ab5e5ec5-b816-5c9a-bc9d-254a1e13a015	5	perception	rhythm	absolute	rhythm-absolute	rhythmic-recognition		note length	What is the rhythmic notation of the {target_index} {voice} note (or rest)?	"[""target_index"", ""voice""]"	get_nth_rhythm		rhythm	"{""target_index"": ""30th"", ""voice"": ""tenor""}"	What is the rhythmic notation of the 30th tenor note (or rest)?	Telemann_DerLiebenSonneLichtUndPracht	chorale-bricks	Telemann_DerLiebenSonneLichtUndPracht	data/chorale-bricks/Telemann_DerLiebenSonneLichtUndPracht	quarter	"[""16th"", ""dotted-quarter"", ""eighth"", ""half""]"	"[""16th"", ""dotted-quarter"", ""half"", ""eighth""]"	audio	audio.mastermix.wav	data/chorale-bricks/Telemann_DerLiebenSonneLichtUndPracht/audio.mastermix.wav	quarter	"[""quarter"", ""none of the other options is correct"", ""16th"", ""dotted-quarter"", ""half""]"	0.2	0	"[""A"", ""B"", ""C"", ""D"", ""E""]"	"{""A"": ""dotted-quarter"", ""B"": ""16th"", ""C"": ""quarter"", ""D"": ""half"", ""E"": ""none of the other options is correct""}"	"[""(A) dotted-quarter"", ""(B) 16th"", ""(C) quarter"", ""(D) half"", ""(E) none of the other options is correct""]"	(C) quarter	C
d43a89dd-29f2-5aa5-a84f-f01b423b2561	5	perception	rhythm	absolute	rhythm-absolute	rhythmic-recognition		note length	What is the rhythmic notation of the {target_index} {voice} note (or rest)?	"[""target_index"", ""voice""]"	get_nth_rhythm		rhythm	"{""target_index"": ""30th"", ""voice"": ""tenor""}"	What is the rhythmic notation of the 30th tenor note (or rest)?	Telemann_DerLiebenSonneLichtUndPracht	chorale-bricks	Telemann_DerLiebenSonneLichtUndPracht	data/chorale-bricks/Telemann_DerLiebenSonneLichtUndPracht	quarter	"[""16th"", ""dotted-quarter"", ""eighth"", ""half""]"	"[""16th"", ""dotted-quarter"", ""half"", ""eighth""]"	symbolic	symbolic.abc.txt	data/chorale-bricks/Telemann_DerLiebenSonneLichtUndPracht/symbolic.abc.txt	quarter	"[""quarter"", ""none of the other options is correct"", ""16th"", ""dotted-quarter"", ""half""]"	0.2	0	"[""A"", ""B"", ""C"", ""D"", ""E""]"	"{""A"": ""half"", ""B"": ""16th"", ""C"": ""dotted-quarter"", ""D"": ""quarter"", ""E"": ""none of the other options is correct""}"	"[""(A) half"", ""(B) 16th"", ""(C) dotted-quarter"", ""(D) quarter"", ""(E) none of the other options is correct""]"	(D) quarter	D
db5bf15c-7e7f-5e75-b6cd-383bca39947a	5	perception	rhythm	absolute	rhythm-absolute	rhythmic-recognition		note length	What is the rhythmic notation of the {target_index} {voice} note (or rest)?	"[""target_index"", ""voice""]"	get_nth_rhythm		rhythm	"{""target_index"": ""30th"", ""voice"": ""tenor""}"	What is the rhythmic notation of the 30th tenor note (or rest)?	Telemann_DerLiebenSonneLichtUndPracht	chorale-bricks	Telemann_DerLiebenSonneLichtUndPracht	data/chorale-bricks/Telemann_DerLiebenSonneLichtUndPracht	quarter	"[""16th"", ""dotted-quarter"", ""eighth"", ""half""]"	"[""16th"", ""dotted-quarter"", ""half"", ""eighth""]"	visual	visual.short.png	data/chorale-bricks/Telemann_DerLiebenSonneLichtUndPracht/visual.short.png	quarter	"[""quarter"", ""none of the other options is correct"", ""16th"", ""dotted-quarter"", ""half""]"	0.2	0	"[""A"", ""B"", ""C"", ""D"", ""E""]"	"{""A"": ""16th"", ""B"": ""half"", ""C"": ""quarter"", ""D"": ""none of the other options is correct"", ""E"": ""dotted-quarter""}"	"[""(A) 16th"", ""(B) half"", ""(C) quarter"", ""(D) none of the other options is correct"", ""(E) dotted-quarter""]"	(C) quarter	C
26bb1215-4a59-5e9f-a4ed-a17031219cf4	5	perception	rhythm	absolute	rhythm-absolute	rhythmic-recognition		note length	What is the rhythmic notation of the {target_index} {voice} note (or rest)?	"[""target_index"", ""voice""]"	get_nth_rhythm		rhythm	"{""target_index"": ""46th"", ""voice"": ""alto""}"	What is the rhythmic notation of the 46th alto note (or rest)?	Gesius_BefiehlDuDeineWege	chorale-bricks	Gesius_BefiehlDuDeineWege	data/chorale-bricks/Gesius_BefiehlDuDeineWege	quarter	"[""dotted-128th"", ""dotted-half"", ""half"", ""longa""]"	"[""half"", ""longa"", ""dotted-half"", ""dotted-128th""]"	audio	audio.mastermix.wav	data/chorale-bricks/Gesius_BefiehlDuDeineWege/audio.mastermix.wav	quarter	"[""quarter"", ""none of the other options is correct"", ""half"", ""longa"", ""dotted-half""]"	0.2	0	"[""A"", ""B"", ""C"", ""D"", ""E""]"	"{""A"": ""quarter"", ""B"": ""longa"", ""C"": ""half"", ""D"": ""none of the other options is correct"", ""E"": ""dotted-half""}"	"[""(A) quarter"", ""(B) longa"", ""(C) half"", ""(D) none of the other options is correct"", ""(E) dotted-half""]"	(A) quarter	A
bdb45206-4a61-5355-b114-d33ebdc216a9	5	perception	rhythm	absolute	rhythm-absolute	rhythmic-recognition		note length	What is the rhythmic notation of the {target_index} {voice} note (or rest)?	"[""target_index"", ""voice""]"	get_nth_rhythm		rhythm	"{""target_index"": ""46th"", ""voice"": ""alto""}"	What is the rhythmic notation of the 46th alto note (or rest)?	Gesius_BefiehlDuDeineWege	chorale-bricks	Gesius_BefiehlDuDeineWege	data/chorale-bricks/Gesius_BefiehlDuDeineWege	quarter	"[""dotted-128th"", ""dotted-half"", ""half"", ""longa""]"	"[""half"", ""longa"", ""dotted-half"", ""dotted-128th""]"	symbolic	symbolic.abc.txt	data/chorale-bricks/Gesius_BefiehlDuDeineWege/symbolic.abc.txt	none of the other options is correct	"[""none of the other options is correct"", ""half"", ""longa"", ""dotted-half"", ""dotted-128th""]"	0.2	1	"[""A"", ""B"", ""C"", ""D"", ""E""]"	"{""A"": ""none of the other options is correct"", ""B"": ""dotted-128th"", ""C"": ""longa"", ""D"": ""dotted-half"", ""E"": ""half""}"	"[""(A) none of the other options is correct"", ""(B) dotted-128th"", ""(C) longa"", ""(D) dotted-half"", ""(E) half""]"	(A) none of the other options is correct	A
9567f415-f35d-50a7-9a23-fcd9fc463840	5	perception	rhythm	absolute	rhythm-absolute	rhythmic-recognition		note length	What is the rhythmic notation of the {target_index} {voice} note (or rest)?	"[""target_index"", ""voice""]"	get_nth_rhythm		rhythm	"{""target_index"": ""46th"", ""voice"": ""alto""}"	What is the rhythmic notation of the 46th alto note (or rest)?	Gesius_BefiehlDuDeineWege	chorale-bricks	Gesius_BefiehlDuDeineWege	data/chorale-bricks/Gesius_BefiehlDuDeineWege	quarter	"[""dotted-128th"", ""dotted-half"", ""half"", ""longa""]"	"[""half"", ""longa"", ""dotted-half"", ""dotted-128th""]"	visual	visual.short.png	data/chorale-bricks/Gesius_BefiehlDuDeineWege/visual.short.png	quarter	"[""quarter"", ""none of the other options is correct"", ""half"", ""longa"", ""dotted-half""]"	0.2	0	"[""A"", ""B"", ""C"", ""D"", ""E""]"	"{""A"": ""dotted-half"", ""B"": ""quarter"", ""C"": ""longa"", ""D"": ""half"", ""E"": ""none of the other options is correct""}"	"[""(A) dotted-half"", ""(B) quarter"", ""(C) longa"", ""(D) half"", ""(E) none of the other options is correct""]"	(B) quarter	B
879c6df2-2c74-5f26-8221-6d3baaf8a4ab	5	perception	rhythm	absolute	rhythm-absolute	rhythmic-recognition		note length	What is the rhythmic notation of the {target_index} {voice} note (or rest)?	"[""target_index"", ""voice""]"	get_nth_rhythm		rhythm	"{""target_index"": ""11th"", ""voice"": ""alto""}"	What is the rhythmic notation of the 11th alto note (or rest)?	Gesius_BefiehlDuDeineWege	chorale-bricks	Gesius_BefiehlDuDeineWege	data/chorale-bricks/Gesius_BefiehlDuDeineWege	quarter	"[""dotted-1024th"", ""dotted-half"", ""dotted-maxima"", ""half""]"	"[""dotted-half"", ""half"", ""dotted-1024th"", ""dotted-maxima""]"	audio	audio.mastermix.wav	data/chorale-bricks/Gesius_BefiehlDuDeineWege/audio.mastermix.wav	quarter	"[""quarter"", ""none of the other options is correct"", ""dotted-half"", ""half"", ""dotted-1024th""]"	0.2	0	"[""A"", ""B"", ""C"", ""D"", ""E""]"	"{""A"": ""dotted-half"", ""B"": ""none of the other options is correct"", ""C"": ""dotted-1024th"", ""D"": ""quarter"", ""E"": ""half""}"	"[""(A) dotted-half"", ""(B) none of the other options is correct"", ""(C) dotted-1024th"", ""(D) quarter"", ""(E) half""]"	(D) quarter	D
2cd3071d-8852-5b0c-a85d-651375d6abac	5	perception	rhythm	absolute	rhythm-absolute	rhythmic-recognition		note length	What is the rhythmic notation of the {target_index} {voice} note (or rest)?	"[""target_index"", ""voice""]"	get_nth_rhythm		rhythm	"{""target_index"": ""11th"", ""voice"": ""alto""}"	What is the rhythmic notation of the 11th alto note (or rest)?	Gesius_BefiehlDuDeineWege	chorale-bricks	Gesius_BefiehlDuDeineWege	data/chorale-bricks/Gesius_BefiehlDuDeineWege	quarter	"[""dotted-1024th"", ""dotted-half"", ""dotted-maxima"", ""half""]"	"[""dotted-half"", ""half"", ""dotted-1024th"", ""dotted-maxima""]"	symbolic	symbolic.abc.txt	data/chorale-bricks/Gesius_BefiehlDuDeineWege/symbolic.abc.txt	quarter	"[""quarter"", ""none of the other options is correct"", ""dotted-half"", ""half"", ""dotted-1024th""]"	0.2	0	"[""A"", ""B"", ""C"", ""D"", ""E""]"	"{""A"": ""dotted-half"", ""B"": ""half"", ""C"": ""quarter"", ""D"": ""dotted-1024th"", ""E"": ""none of the other options is correct""}"	"[""(A) dotted-half"", ""(B) half"", ""(C) quarter"", ""(D) dotted-1024th"", ""(E) none of the other options is correct""]"	(C) quarter	C
6e64bdad-0c53-5850-b9f8-b658c2ecbabc	5	perception	rhythm	absolute	rhythm-absolute	rhythmic-recognition		note length	What is the rhythmic notation of the {target_index} {voice} note (or rest)?	"[""target_index"", ""voice""]"	get_nth_rhythm		rhythm	"{""target_index"": ""11th"", ""voice"": ""alto""}"	What is the rhythmic notation of the 11th alto note (or rest)?	Gesius_BefiehlDuDeineWege	chorale-bricks	Gesius_BefiehlDuDeineWege	data/chorale-bricks/Gesius_BefiehlDuDeineWege	quarter	"[""dotted-1024th"", ""dotted-half"", ""dotted-maxima"", ""half""]"	"[""dotted-half"", ""half"", ""dotted-1024th"", ""dotted-maxima""]"	visual	visual.short.png	data/chorale-bricks/Gesius_BefiehlDuDeineWege/visual.short.png	none of the other options is correct	"[""none of the other options is correct"", ""dotted-half"", ""half"", ""dotted-1024th"", ""dotted-maxima""]"	0.2	1	"[""A"", ""B"", ""C"", ""D"", ""E""]"	"{""A"": ""dotted-maxima"", ""B"": ""dotted-half"", ""C"": ""half"", ""D"": ""dotted-1024th"", ""E"": ""none of the other options is correct""}"	"[""(A) dotted-maxima"", ""(B) dotted-half"", ""(C) half"", ""(D) dotted-1024th"", ""(E) none of the other options is correct""]"	(E) none of the other options is correct	E
9297d36c-a0ba-5f33-aff3-a9c0120a996b	5	perception	rhythm	absolute	rhythm-absolute	rhythmic-recognition		note length	What is the rhythmic notation of the {target_index} {voice} note (or rest)?	"[""target_index"", ""voice""]"	get_nth_rhythm		rhythm	"{""target_index"": ""23rd"", ""voice"": ""soprano""}"	What is the rhythmic notation of the 23rd soprano note (or rest)?	Vulpius_ChristusDerIstMeinLeben	chorale-bricks	Vulpius_ChristusDerIstMeinLeben	data/chorale-bricks/Vulpius_ChristusDerIstMeinLeben	quarter	"[""dotted-half"", ""dotted-quarter"", ""eighth"", ""half""]"	"[""half"", ""dotted-half"", ""dotted-quarter"", ""eighth""]"	audio	audio.mastermix.wav	data/chorale-bricks/Vulpius_ChristusDerIstMeinLeben/audio.mastermix.wav	quarter	"[""quarter"", ""none of the other options is correct"", ""half"", ""dotted-half"", ""dotted-quarter""]"	0.2	0	"[""A"", ""B"", ""C"", ""D"", ""E""]"	"{""A"": ""none of the other options is correct"", ""B"": ""half"", ""C"": ""dotted-half"", ""D"": ""dotted-quarter"", ""E"": ""quarter""}"	"[""(A) none of the other options is correct"", ""(B) half"", ""(C) dotted-half"", ""(D) dotted-quarter"", ""(E) quarter""]"	(E) quarter	E
ee67b741-27e2-5435-992b-7ef42029ab97	5	perception	rhythm	absolute	rhythm-absolute	rhythmic-recognition		note length	What is the rhythmic notation of the {target_index} {voice} note (or rest)?	"[""target_index"", ""voice""]"	get_nth_rhythm		rhythm	"{""target_index"": ""23rd"", ""voice"": ""soprano""}"	What is the rhythmic notation of the 23rd soprano note (or rest)?	Vulpius_ChristusDerIstMeinLeben	chorale-bricks	Vulpius_ChristusDerIstMeinLeben	data/chorale-bricks/Vulpius_ChristusDerIstMeinLeben	quarter	"[""dotted-half"", ""dotted-quarter"", ""eighth"", ""half""]"	"[""half"", ""dotted-half"", ""dotted-quarter"", ""eighth""]"	symbolic	symbolic.abc.txt	data/chorale-bricks/Vulpius_ChristusDerIstMeinLeben/symbolic.abc.txt	none of the other options is correct	"[""none of the other options is correct"", ""half"", ""dotted-half"", ""dotted-quarter"", ""eighth""]"	0.2	1	"[""A"", ""B"", ""C"", ""D"", ""E""]"	"{""A"": ""eighth"", ""B"": ""none of the other options is correct"", ""C"": ""dotted-half"", ""D"": ""dotted-quarter"", ""E"": ""half""}"	"[""(A) eighth"", ""(B) none of the other options is correct"", ""(C) dotted-half"", ""(D) dotted-quarter"", ""(E) half""]"	(B) none of the other options is correct	B
49d9d1a4-83fc-5db0-8d5b-d45653014951	5	perception	rhythm	absolute	rhythm-absolute	rhythmic-recognition		note length	What is the rhythmic notation of the {target_index} {voice} note (or rest)?	"[""target_index"", ""voice""]"	get_nth_rhythm		rhythm	"{""target_index"": ""23rd"", ""voice"": ""soprano""}"	What is the rhythmic notation of the 23rd soprano note (or rest)?	Vulpius_ChristusDerIstMeinLeben	chorale-bricks	Vulpius_ChristusDerIstMeinLeben	data/chorale-bricks/Vulpius_ChristusDerIstMeinLeben	quarter	"[""dotted-half"", ""dotted-quarter"", ""eighth"", ""half""]"	"[""half"", ""dotted-half"", ""dotted-quarter"", ""eighth""]"	visual	visual.short.png	data/chorale-bricks/Vulpius_ChristusDerIstMeinLeben/visual.short.png	quarter	"[""quarter"", ""none of the other options is correct"", ""half"", ""dotted-half"", ""dotted-quarter""]"	0.2	0	"[""A"", ""B"", ""C"", ""D"", ""E""]"	"{""A"": ""dotted-quarter"", ""B"": ""quarter"", ""C"": ""half"", ""D"": ""dotted-half"", ""E"": ""none of the other options is correct""}"	"[""(A) dotted-quarter"", ""(B) quarter"", ""(C) half"", ""(D) dotted-half"", ""(E) none of the other options is correct""]"	(B) quarter	B
855b4b61-9a07-594d-ac96-286ff7c43c5a	5	perception	rhythm	absolute	rhythm-absolute	rhythmic-recognition		note length	What is the rhythmic notation of the {target_index} {voice} note (or rest)?	"[""target_index"", ""voice""]"	get_nth_rhythm		rhythm	"{""target_index"": ""3rd"", ""voice"": ""alto""}"	What is the rhythmic notation of the 3rd alto note (or rest)?	Gesius_DuFriedensfuerstHerrJesuChrist	chorale-bricks	Gesius_DuFriedensfuerstHerrJesuChrist	data/chorale-bricks/Gesius_DuFriedensfuerstHerrJesuChrist	quarter	"[""dotted-half"", ""dotted-maxima"", ""half"", ""maxima""]"	"[""dotted-maxima"", ""dotted-half"", ""maxima"", ""half""]"	audio	audio.mastermix.wav	data/chorale-bricks/Gesius_DuFriedensfuerstHerrJesuChrist/audio.mastermix.wav	quarter	"[""quarter"", ""none of the other options is correct"", ""dotted-maxima"", ""dotted-half"", ""maxima""]"	0.2	0	"[""A"", ""B"", ""C"", ""D"", ""E""]"	"{""A"": ""none of the other options is correct"", ""B"": ""dotted-maxima"", ""C"": ""quarter"", ""D"": ""maxima"", ""E"": ""dotted-half""}"	"[""(A) none of the other options is correct"", ""(B) dotted-maxima"", ""(C) quarter"", ""(D) maxima"", ""(E) dotted-half""]"	(C) quarter	C
01247f8c-41c9-5c78-8ce8-c5664d59400b	5	perception	rhythm	absolute	rhythm-absolute	rhythmic-recognition		note length	What is the rhythmic notation of the {target_index} {voice} note (or rest)?	"[""target_index"", ""voice""]"	get_nth_rhythm		rhythm	"{""target_index"": ""3rd"", ""voice"": ""alto""}"	What is the rhythmic notation of the 3rd alto note (or rest)?	Gesius_DuFriedensfuerstHerrJesuChrist	chorale-bricks	Gesius_DuFriedensfuerstHerrJesuChrist	data/chorale-bricks/Gesius_DuFriedensfuerstHerrJesuChrist	quarter	"[""dotted-half"", ""dotted-maxima"", ""half"", ""maxima""]"	"[""dotted-maxima"", ""dotted-half"", ""maxima"", ""half""]"	symbolic	symbolic.abc.txt	data/chorale-bricks/Gesius_DuFriedensfuerstHerrJesuChrist/symbolic.abc.txt	none of the other options is correct	"[""none of the other options is correct"", ""dotted-maxima"", ""dotted-half"", ""maxima"", ""half""]"	0.2	1	"[""A"", ""B"", ""C"", ""D"", ""E""]"	"{""A"": ""none of the other options is correct"", ""B"": ""dotted-maxima"", ""C"": ""dotted-half"", ""D"": ""half"", ""E"": ""maxima""}"	"[""(A) none of the other options is correct"", ""(B) dotted-maxima"", ""(C) dotted-half"", ""(D) half"", ""(E) maxima""]"	(A) none of the other options is correct	A
8c8a21c1-303f-5c98-b556-98ae87e482bc	5	perception	rhythm	absolute	rhythm-absolute	rhythmic-recognition		note length	What is the rhythmic notation of the {target_index} {voice} note (or rest)?	"[""target_index"", ""voice""]"	get_nth_rhythm		rhythm	"{""target_index"": ""3rd"", ""voice"": ""alto""}"	What is the rhythmic notation of the 3rd alto note (or rest)?	Gesius_DuFriedensfuerstHerrJesuChrist	chorale-bricks	Gesius_DuFriedensfuerstHerrJesuChrist	data/chorale-bricks/Gesius_DuFriedensfuerstHerrJesuChrist	quarter	"[""dotted-half"", ""dotted-maxima"", ""half"", ""maxima""]"	"[""dotted-maxima"", ""dotted-half"", ""maxima"", ""half""]"	visual	visual.short.png	data/chorale-bricks/Gesius_DuFriedensfuerstHerrJesuChrist/visual.short.png	quarter	"[""quarter"", ""none of the other options is correct"", ""dotted-maxima"", ""dotted-half"", ""maxima""]"	0.2	0	"[""A"", ""B"", ""C"", ""D"", ""E""]"	"{""A"": ""maxima"", ""B"": ""dotted-maxima"", ""C"": ""dotted-half"", ""D"": ""none of the other options is correct"", ""E"": ""quarter""}"	"[""(A) maxima"", ""(B) dotted-maxima"", ""(C) dotted-half"", ""(D) none of the other options is correct"", ""(E) quarter""]"	(E) quarter	E
d454b231-a8bc-53fd-9354-583790d4c07e	5	perception	rhythm	absolute	rhythm-absolute	rhythmic-recognition		note length	What is the rhythmic notation of the {target_index} {voice} note (or rest)?	"[""target_index"", ""voice""]"	get_nth_rhythm		rhythm	"{""target_index"": ""30th"", ""voice"": ""tenor""}"	What is the rhythmic notation of the 30th tenor note (or rest)?	Vulpius_DieHelleSonnLeuchtJetztHerfuer	chorale-bricks	Vulpius_DieHelleSonnLeuchtJetztHerfuer	data/chorale-bricks/Vulpius_DieHelleSonnLeuchtJetztHerfuer	quarter	"[""16th"", ""dotted-half"", ""half"", ""maxima""]"	"[""maxima"", ""16th"", ""half"", ""dotted-half""]"	audio	audio.mastermix.wav	data/chorale-bricks/Vulpius_DieHelleSonnLeuchtJetztHerfuer/audio.mastermix.wav	quarter	"[""quarter"", ""none of the other options is correct"", ""maxima"", ""16th"", ""half""]"	0.2	0	"[""A"", ""B"", ""C"", ""D"", ""E""]"	"{""A"": ""none of the other options is correct"", ""B"": ""maxima"", ""C"": ""half"", ""D"": ""16th"", ""E"": ""quarter""}"	"[""(A) none of the other options is correct"", ""(B) maxima"", ""(C) half"", ""(D) 16th"", ""(E) quarter""]"	(E) quarter	E
b34ca37b-221e-54c5-9f71-598de7ff26d5	5	perception	rhythm	absolute	rhythm-absolute	rhythmic-recognition		note length	What is the rhythmic notation of the {target_index} {voice} note (or rest)?	"[""target_index"", ""voice""]"	get_nth_rhythm		rhythm	"{""target_index"": ""30th"", ""voice"": ""tenor""}"	What is the rhythmic notation of the 30th tenor note (or rest)?	Vulpius_DieHelleSonnLeuchtJetztHerfuer	chorale-bricks	Vulpius_DieHelleSonnLeuchtJetztHerfuer	data/chorale-bricks/Vulpius_DieHelleSonnLeuchtJetztHerfuer	quarter	"[""16th"", ""dotted-half"", ""half"", ""maxima""]"	"[""maxima"", ""16th"", ""half"", ""dotted-half""]"	symbolic	symbolic.abc.txt	data/chorale-bricks/Vulpius_DieHelleSonnLeuchtJetztHerfuer/symbolic.abc.txt	quarter	"[""quarter"", ""none of the other options is correct"", ""maxima"", ""16th"", ""half""]"	0.2	0	"[""A"", ""B"", ""C"", ""D"", ""E""]"	"{""A"": ""none of the other options is correct"", ""B"": ""half"", ""C"": ""maxima"", ""D"": ""quarter"", ""E"": ""16th""}"	"[""(A) none of the other options is correct"", ""(B) half"", ""(C) maxima"", ""(D) quarter"", ""(E) 16th""]"	(D) quarter	D
33907f83-382b-5e0f-8fc2-74190be64b17	5	perception	rhythm	absolute	rhythm-absolute	rhythmic-recognition		note length	What is the rhythmic notation of the {target_index} {voice} note (or rest)?	"[""target_index"", ""voice""]"	get_nth_rhythm		rhythm	"{""target_index"": ""30th"", ""voice"": ""tenor""}"	What is the rhythmic notation of the 30th tenor note (or rest)?	Vulpius_DieHelleSonnLeuchtJetztHerfuer	chorale-bricks	Vulpius_DieHelleSonnLeuchtJetztHerfuer	data/chorale-bricks/Vulpius_DieHelleSonnLeuchtJetztHerfuer	quarter	"[""16th"", ""dotted-half"", ""half"", ""maxima""]"	"[""maxima"", ""16th"", ""half"", ""dotted-half""]"	visual	visual.short.png	data/chorale-bricks/Vulpius_DieHelleSonnLeuchtJetztHerfuer/visual.short.png	quarter	"[""quarter"", ""none of the other options is correct"", ""maxima"", ""16th"", ""half""]"	0.2	0	"[""A"", ""B"", ""C"", ""D"", ""E""]"	"{""A"": ""quarter"", ""B"": ""16th"", ""C"": ""maxima"", ""D"": ""half"", ""E"": ""none of the other options is correct""}"	"[""(A) quarter"", ""(B) 16th"", ""(C) maxima"", ""(D) half"", ""(E) none of the other options is correct""]"	(A) quarter	A
34634366-0824-581a-bc15-036d461c0016	5	perception	rhythm	absolute	rhythm-absolute	rhythmic-recognition		note length	What is the rhythmic notation of the {target_index} {voice} note (or rest)?	"[""target_index"", ""voice""]"	get_nth_rhythm		rhythm	"{""target_index"": ""43rd"", ""voice"": ""bass""}"	What is the rhythmic notation of the 43rd bass note (or rest)?	Telemann_DerLiebenSonneLichtUndPracht	chorale-bricks	Telemann_DerLiebenSonneLichtUndPracht	data/chorale-bricks/Telemann_DerLiebenSonneLichtUndPracht	quarter	"[""dotted-maxima"", ""dotted-quarter"", ""eighth"", ""half""]"	"[""eighth"", ""half"", ""dotted-quarter"", ""dotted-maxima""]"	audio	audio.mastermix.wav	data/chorale-bricks/Telemann_DerLiebenSonneLichtUndPracht/audio.mastermix.wav	none of the other options is correct	"[""none of the other options is correct"", ""eighth"", ""half"", ""dotted-quarter"", ""dotted-maxima""]"	0.2	1	"[""A"", ""B"", ""C"", ""D"", ""E""]"	"{""A"": ""dotted-maxima"", ""B"": ""dotted-quarter"", ""C"": ""eighth"", ""D"": ""none of the other options is correct"", ""E"": ""half""}"	"[""(A) dotted-maxima"", ""(B) dotted-quarter"", ""(C) eighth"", ""(D) none of the other options is correct"", ""(E) half""]"	(D) none of the other options is correct	D
64ef8d6e-d554-5bf0-bcd4-34c9eb521ba0	5	perception	rhythm	absolute	rhythm-absolute	rhythmic-recognition		note length	What is the rhythmic notation of the {target_index} {voice} note (or rest)?	"[""target_index"", ""voice""]"	get_nth_rhythm		rhythm	"{""target_index"": ""43rd"", ""voice"": ""bass""}"	What is the rhythmic notation of the 43rd bass note (or rest)?	Telemann_DerLiebenSonneLichtUndPracht	chorale-bricks	Telemann_DerLiebenSonneLichtUndPracht	data/chorale-bricks/Telemann_DerLiebenSonneLichtUndPracht	quarter	"[""dotted-maxima"", ""dotted-quarter"", ""eighth"", ""half""]"	"[""eighth"", ""half"", ""dotted-quarter"", ""dotted-maxima""]"	symbolic	symbolic.abc.txt	data/chorale-bricks/Telemann_DerLiebenSonneLichtUndPracht/symbolic.abc.txt	none of the other options is correct	"[""none of the other options is correct"", ""eighth"", ""half"", ""dotted-quarter"", ""dotted-maxima""]"	0.2	1	"[""A"", ""B"", ""C"", ""D"", ""E""]"	"{""A"": ""half"", ""B"": ""dotted-quarter"", ""C"": ""eighth"", ""D"": ""dotted-maxima"", ""E"": ""none of the other options is correct""}"	"[""(A) half"", ""(B) dotted-quarter"", ""(C) eighth"", ""(D) dotted-maxima"", ""(E) none of the other options is correct""]"	(E) none of the other options is correct	E
7db94c87-cbc8-5fac-a6bf-d3844e6ede37	5	perception	rhythm	absolute	rhythm-absolute	rhythmic-recognition		note length	What is the rhythmic notation of the {target_index} {voice} note (or rest)?	"[""target_index"", ""voice""]"	get_nth_rhythm		rhythm	"{""target_index"": ""43rd"", ""voice"": ""bass""}"	What is the rhythmic notation of the 43rd bass note (or rest)?	Telemann_DerLiebenSonneLichtUndPracht	chorale-bricks	Telemann_DerLiebenSonneLichtUndPracht	data/chorale-bricks/Telemann_DerLiebenSonneLichtUndPracht	quarter	"[""dotted-maxima"", ""dotted-quarter"", ""eighth"", ""half""]"	"[""eighth"", ""half"", ""dotted-quarter"", ""dotted-maxima""]"	visual	visual.short.png	data/chorale-bricks/Telemann_DerLiebenSonneLichtUndPracht/visual.short.png	quarter	"[""quarter"", ""none of the other options is correct"", ""eighth"", ""half"", ""dotted-quarter""]"	0.2	0	"[""A"", ""B"", ""C"", ""D"", ""E""]"	"{""A"": ""eighth"", ""B"": ""none of the other options is correct"", ""C"": ""dotted-quarter"", ""D"": ""half"", ""E"": ""quarter""}"	"[""(A) eighth"", ""(B) none of the other options is correct"", ""(C) dotted-quarter"", ""(D) half"", ""(E) quarter""]"	(E) quarter	E
10216968-5427-547e-b5e9-2e663cd09476	5	perception	rhythm	absolute	rhythm-absolute	rhythmic-recognition		note length	What is the rhythmic notation of the {target_index} {voice} note (or rest)?	"[""target_index"", ""voice""]"	get_nth_rhythm		rhythm	"{""target_index"": ""52nd"", ""voice"": ""soprano""}"	What is the rhythmic notation of the 52nd soprano note (or rest)?	Anonymous_AusMeinesHerzensGrunde	chorale-bricks	Anonymous_AusMeinesHerzensGrunde	data/chorale-bricks/Anonymous_AusMeinesHerzensGrunde	half	"[""dotted-half"", ""dotted-quarter"", ""eighth"", ""quarter""]"	"[""dotted-quarter"", ""eighth"", ""dotted-half"", ""quarter""]"	audio	audio.mastermix.wav	data/chorale-bricks/Anonymous_AusMeinesHerzensGrunde/audio.mastermix.wav	half	"[""half"", ""none of the other options is correct"", ""dotted-quarter"", ""eighth"", ""dotted-half""]"	0.2	0	"[""A"", ""B"", ""C"", ""D"", ""E""]"	"{""A"": ""dotted-half"", ""B"": ""half"", ""C"": ""dotted-quarter"", ""D"": ""eighth"", ""E"": ""none of the other options is correct""}"	"[""(A) dotted-half"", ""(B) half"", ""(C) dotted-quarter"", ""(D) eighth"", ""(E) none of the other options is correct""]"	(B) half	B
68e9487f-4cd6-54ed-b1e3-0a29de5467f8	5	perception	rhythm	absolute	rhythm-absolute	rhythmic-recognition		note length	What is the rhythmic notation of the {target_index} {voice} note (or rest)?	"[""target_index"", ""voice""]"	get_nth_rhythm		rhythm	"{""target_index"": ""52nd"", ""voice"": ""soprano""}"	What is the rhythmic notation of the 52nd soprano note (or rest)?	Anonymous_AusMeinesHerzensGrunde	chorale-bricks	Anonymous_AusMeinesHerzensGrunde	data/chorale-bricks/Anonymous_AusMeinesHerzensGrunde	half	"[""dotted-half"", ""dotted-quarter"", ""eighth"", ""quarter""]"	"[""dotted-quarter"", ""eighth"", ""dotted-half"", ""quarter""]"	symbolic	symbolic.abc.txt	data/chorale-bricks/Anonymous_AusMeinesHerzensGrunde/symbolic.abc.txt	half	"[""half"", ""none of the other options is correct"", ""dotted-quarter"", ""eighth"", ""dotted-half""]"	0.2	0	"[""A"", ""B"", ""C"", ""D"", ""E""]"	"{""A"": ""dotted-half"", ""B"": ""dotted-quarter"", ""C"": ""eighth"", ""D"": ""none of the other options is correct"", ""E"": ""half""}"	"[""(A) dotted-half"", ""(B) dotted-quarter"", ""(C) eighth"", ""(D) none of the other options is correct"", ""(E) half""]"	(E) half	E
adc6e03c-8469-5fea-9d76-da7c35c1b9c9	5	perception	rhythm	absolute	rhythm-absolute	rhythmic-recognition		note length	What is the rhythmic notation of the {target_index} {voice} note (or rest)?	"[""target_index"", ""voice""]"	get_nth_rhythm		rhythm	"{""target_index"": ""52nd"", ""voice"": ""soprano""}"	What is the rhythmic notation of the 52nd soprano note (or rest)?	Anonymous_AusMeinesHerzensGrunde	chorale-bricks	Anonymous_AusMeinesHerzensGrunde	data/chorale-bricks/Anonymous_AusMeinesHerzensGrunde	half	"[""dotted-half"", ""dotted-quarter"", ""eighth"", ""quarter""]"	"[""dotted-quarter"", ""eighth"", ""dotted-half"", ""quarter""]"	visual	visual.short.png	data/chorale-bricks/Anonymous_AusMeinesHerzensGrunde/visual.short.png	half	"[""half"", ""none of the other options is correct"", ""dotted-quarter"", ""eighth"", ""dotted-half""]"	0.2	0	"[""A"", ""B"", ""C"", ""D"", ""E""]"	"{""A"": ""dotted-half"", ""B"": ""eighth"", ""C"": ""dotted-quarter"", ""D"": ""half"", ""E"": ""none of the other options is correct""}"	"[""(A) dotted-half"", ""(B) eighth"", ""(C) dotted-quarter"", ""(D) half"", ""(E) none of the other options is correct""]"	(D) half	D
dbeb9a49-a97e-5730-8c08-a2d19ef3f342	5	perception	rhythm	absolute	rhythm-absolute	rhythmic-recognition		note length	What is the rhythmic notation of the {target_index} {voice} note (or rest)?	"[""target_index"", ""voice""]"	get_nth_rhythm		rhythm	"{""target_index"": ""50th"", ""voice"": ""alto""}"	What is the rhythmic notation of the 50th alto note (or rest)?	Jan_DuGrosserSchmerzensmann	chorale-bricks	Jan_DuGrosserSchmerzensmann	data/chorale-bricks/Jan_DuGrosserSchmerzensmann	quarter	"[""dotted-half"", ""dotted-quarter"", ""eighth"", ""half""]"	"[""half"", ""dotted-half"", ""dotted-quarter"", ""eighth""]"	audio	audio.mastermix.wav	data/chorale-bricks/Jan_DuGrosserSchmerzensmann/audio.mastermix.wav	none of the other options is correct	"[""none of the other options is correct"", ""half"", ""dotted-half"", ""dotted-quarter"", ""eighth""]"	0.2	1	"[""A"", ""B"", ""C"", ""D"", ""E""]"	"{""A"": ""none of the other options is correct"", ""B"": ""dotted-quarter"", ""C"": ""dotted-half"", ""D"": ""half"", ""E"": ""eighth""}"	"[""(A) none of the other options is correct"", ""(B) dotted-quarter"", ""(C) dotted-half"", ""(D) half"", ""(E) eighth""]"	(A) none of the other options is correct	A
8e711f2d-7a1b-5faa-b7ec-85d0418407f4	5	perception	rhythm	absolute	rhythm-absolute	rhythmic-recognition		note length	What is the rhythmic notation of the {target_index} {voice} note (or rest)?	"[""target_index"", ""voice""]"	get_nth_rhythm		rhythm	"{""target_index"": ""50th"", ""voice"": ""alto""}"	What is the rhythmic notation of the 50th alto note (or rest)?	Jan_DuGrosserSchmerzensmann	chorale-bricks	Jan_DuGrosserSchmerzensmann	data/chorale-bricks/Jan_DuGrosserSchmerzensmann	quarter	"[""dotted-half"", ""dotted-quarter"", ""eighth"", ""half""]"	"[""half"", ""dotted-half"", ""dotted-quarter"", ""eighth""]"	symbolic	symbolic.abc.txt	data/chorale-bricks/Jan_DuGrosserSchmerzensmann/symbolic.abc.txt	quarter	"[""quarter"", ""none of the other options is correct"", ""half"", ""dotted-half"", ""dotted-quarter""]"	0.2	0	"[""A"", ""B"", ""C"", ""D"", ""E""]"	"{""A"": ""quarter"", ""B"": ""half"", ""C"": ""dotted-quarter"", ""D"": ""dotted-half"", ""E"": ""none of the other options is correct""}"	"[""(A) quarter"", ""(B) half"", ""(C) dotted-quarter"", ""(D) dotted-half"", ""(E) none of the other options is correct""]"	(A) quarter	A
859f6eb2-ff75-5e88-8cb7-477411977125	5	perception	rhythm	absolute	rhythm-absolute	rhythmic-recognition		note length	What is the rhythmic notation of the {target_index} {voice} note (or rest)?	"[""target_index"", ""voice""]"	get_nth_rhythm		rhythm	"{""target_index"": ""50th"", ""voice"": ""alto""}"	What is the rhythmic notation of the 50th alto note (or rest)?	Jan_DuGrosserSchmerzensmann	chorale-bricks	Jan_DuGrosserSchmerzensmann	data/chorale-bricks/Jan_DuGrosserSchmerzensmann	quarter	"[""dotted-half"", ""dotted-quarter"", ""eighth"", ""half""]"	"[""half"", ""dotted-half"", ""dotted-quarter"", ""eighth""]"	visual	visual.short.png	data/chorale-bricks/Jan_DuGrosserSchmerzensmann/visual.short.png	none of the other options is correct	"[""none of the other options is correct"", ""half"", ""dotted-half"", ""dotted-quarter"", ""eighth""]"	0.2	1	"[""A"", ""B"", ""C"", ""D"", ""E""]"	"{""A"": ""dotted-quarter"", ""B"": ""none of the other options is correct"", ""C"": ""dotted-half"", ""D"": ""half"", ""E"": ""eighth""}"	"[""(A) dotted-quarter"", ""(B) none of the other options is correct"", ""(C) dotted-half"", ""(D) half"", ""(E) eighth""]"	(B) none of the other options is correct	B
95bc8b71-198b-5ad7-8eff-0f742e695c14	5	perception	rhythm	absolute	rhythm-absolute	rhythmic-recognition		note length	What is the rhythmic notation of the {target_index} {voice} note (or rest)?	"[""target_index"", ""voice""]"	get_nth_rhythm		rhythm	"{""target_index"": ""16th"", ""voice"": ""alto""}"	What is the rhythmic notation of the 16th alto note (or rest)?	Vulpius_DieHelleSonnLeuchtJetztHerfuer	chorale-bricks	Vulpius_DieHelleSonnLeuchtJetztHerfuer	data/chorale-bricks/Vulpius_DieHelleSonnLeuchtJetztHerfuer	quarter	"[""256th"", ""dotted-breve"", ""dotted-half"", ""half""]"	"[""256th"", ""dotted-breve"", ""half"", ""dotted-half""]"	audio	audio.mastermix.wav	data/chorale-bricks/Vulpius_DieHelleSonnLeuchtJetztHerfuer/audio.mastermix.wav	none of the other options is correct	"[""none of the other options is correct"", ""256th"", ""dotted-breve"", ""half"", ""dotted-half""]"	0.2	1	"[""A"", ""B"", ""C"", ""D"", ""E""]"	"{""A"": ""half"", ""B"": ""dotted-half"", ""C"": ""none of the other options is correct"", ""D"": ""dotted-breve"", ""E"": ""256th""}"	"[""(A) half"", ""(B) dotted-half"", ""(C) none of the other options is correct"", ""(D) dotted-breve"", ""(E) 256th""]"	(C) none of the other options is correct	C
331a3991-903b-57f3-866b-9cdb136c56fe	5	perception	rhythm	absolute	rhythm-absolute	rhythmic-recognition		note length	What is the rhythmic notation of the {target_index} {voice} note (or rest)?	"[""target_index"", ""voice""]"	get_nth_rhythm		rhythm	"{""target_index"": ""16th"", ""voice"": ""alto""}"	What is the rhythmic notation of the 16th alto note (or rest)?	Vulpius_DieHelleSonnLeuchtJetztHerfuer	chorale-bricks	Vulpius_DieHelleSonnLeuchtJetztHerfuer	data/chorale-bricks/Vulpius_DieHelleSonnLeuchtJetztHerfuer	quarter	"[""256th"", ""dotted-breve"", ""dotted-half"", ""half""]"	"[""256th"", ""dotted-breve"", ""half"", ""dotted-half""]"	symbolic	symbolic.abc.txt	data/chorale-bricks/Vulpius_DieHelleSonnLeuchtJetztHerfuer/symbolic.abc.txt	none of the other options is correct	"[""none of the other options is correct"", ""256th"", ""dotted-breve"", ""half"", ""dotted-half""]"	0.2	1	"[""A"", ""B"", ""C"", ""D"", ""E""]"	"{""A"": ""dotted-half"", ""B"": ""half"", ""C"": ""256th"", ""D"": ""dotted-breve"", ""E"": ""none of the other options is correct""}"	"[""(A) dotted-half"", ""(B) half"", ""(C) 256th"", ""(D) dotted-breve"", ""(E) none of the other options is correct""]"	(E) none of the other options is correct	E
e4c473b8-59b9-59e6-b7c6-aa8ce4bade00	5	perception	rhythm	absolute	rhythm-absolute	rhythmic-recognition		note length	What is the rhythmic notation of the {target_index} {voice} note (or rest)?	"[""target_index"", ""voice""]"	get_nth_rhythm		rhythm	"{""target_index"": ""16th"", ""voice"": ""alto""}"	What is the rhythmic notation of the 16th alto note (or rest)?	Vulpius_DieHelleSonnLeuchtJetztHerfuer	chorale-bricks	Vulpius_DieHelleSonnLeuchtJetztHerfuer	data/chorale-bricks/Vulpius_DieHelleSonnLeuchtJetztHerfuer	quarter	"[""256th"", ""dotted-breve"", ""dotted-half"", ""half""]"	"[""256th"", ""dotted-breve"", ""half"", ""dotted-half""]"	visual	visual.short.png	data/chorale-bricks/Vulpius_DieHelleSonnLeuchtJetztHerfuer/visual.short.png	quarter	"[""quarter"", ""none of the other options is correct"", ""256th"", ""dotted-breve"", ""half""]"	0.2	0	"[""A"", ""B"", ""C"", ""D"", ""E""]"	"{""A"": ""256th"", ""B"": ""none of the other options is correct"", ""C"": ""quarter"", ""D"": ""half"", ""E"": ""dotted-breve""}"	"[""(A) 256th"", ""(B) none of the other options is correct"", ""(C) quarter"", ""(D) half"", ""(E) dotted-breve""]"	(C) quarter	C
75a7ac6c-61b5-5053-a8dc-07e499e51ad4	5	perception	rhythm	absolute	rhythm-absolute	rhythmic-recognition		note length	What is the rhythmic notation of the {target_index} {voice} note (or rest)?	"[""target_index"", ""voice""]"	get_nth_rhythm		rhythm	"{""target_index"": ""7th"", ""voice"": ""tenor""}"	What is the rhythmic notation of the 7th tenor note (or rest)?	Anonymous_AusMeinesHerzensGrunde	chorale-bricks	Anonymous_AusMeinesHerzensGrunde	data/chorale-bricks/Anonymous_AusMeinesHerzensGrunde	half	"[""dotted-half"", ""dotted-quarter"", ""eighth"", ""quarter""]"	"[""dotted-quarter"", ""eighth"", ""quarter"", ""dotted-half""]"	audio	audio.mastermix.wav	data/chorale-bricks/Anonymous_AusMeinesHerzensGrunde/audio.mastermix.wav	half	"[""half"", ""none of the other options is correct"", ""dotted-quarter"", ""eighth"", ""quarter""]"	0.2	0	"[""A"", ""B"", ""C"", ""D"", ""E""]"	"{""A"": ""dotted-quarter"", ""B"": ""none of the other options is correct"", ""C"": ""half"", ""D"": ""quarter"", ""E"": ""eighth""}"	"[""(A) dotted-quarter"", ""(B) none of the other options is correct"", ""(C) half"", ""(D) quarter"", ""(E) eighth""]"	(C) half	C
ceb007fc-aee0-5a9e-b59d-609a664a0871	5	perception	rhythm	absolute	rhythm-absolute	rhythmic-recognition		note length	What is the rhythmic notation of the {target_index} {voice} note (or rest)?	"[""target_index"", ""voice""]"	get_nth_rhythm		rhythm	"{""target_index"": ""7th"", ""voice"": ""tenor""}"	What is the rhythmic notation of the 7th tenor note (or rest)?	Anonymous_AusMeinesHerzensGrunde	chorale-bricks	Anonymous_AusMeinesHerzensGrunde	data/chorale-bricks/Anonymous_AusMeinesHerzensGrunde	half	"[""dotted-half"", ""dotted-quarter"", ""eighth"", ""quarter""]"	"[""dotted-quarter"", ""eighth"", ""quarter"", ""dotted-half""]"	symbolic	symbolic.abc.txt	data/chorale-bricks/Anonymous_AusMeinesHerzensGrunde/symbolic.abc.txt	half	"[""half"", ""none of the other options is correct"", ""dotted-quarter"", ""eighth"", ""quarter""]"	0.2	0	"[""A"", ""B"", ""C"", ""D"", ""E""]"	"{""A"": ""dotted-quarter"", ""B"": ""eighth"", ""C"": ""half"", ""D"": ""none of the other options is correct"", ""E"": ""quarter""}"	"[""(A) dotted-quarter"", ""(B) eighth"", ""(C) half"", ""(D) none of the other options is correct"", ""(E) quarter""]"	(C) half	C
7d2d7fac-84ce-5504-8d48-69094242cd3c	5	perception	rhythm	absolute	rhythm-absolute	rhythmic-recognition		note length	What is the rhythmic notation of the {target_index} {voice} note (or rest)?	"[""target_index"", ""voice""]"	get_nth_rhythm		rhythm	"{""target_index"": ""7th"", ""voice"": ""tenor""}"	What is the rhythmic notation of the 7th tenor note (or rest)?	Anonymous_AusMeinesHerzensGrunde	chorale-bricks	Anonymous_AusMeinesHerzensGrunde	data/chorale-bricks/Anonymous_AusMeinesHerzensGrunde	half	"[""dotted-half"", ""dotted-quarter"", ""eighth"", ""quarter""]"	"[""dotted-quarter"", ""eighth"", ""quarter"", ""dotted-half""]"	visual	visual.short.png	data/chorale-bricks/Anonymous_AusMeinesHerzensGrunde/visual.short.png	half	"[""half"", ""none of the other options is correct"", ""dotted-quarter"", ""eighth"", ""quarter""]"	0.2	0	"[""A"", ""B"", ""C"", ""D"", ""E""]"	"{""A"": ""dotted-quarter"", ""B"": ""none of the other options is correct"", ""C"": ""quarter"", ""D"": ""half"", ""E"": ""eighth""}"	"[""(A) dotted-quarter"", ""(B) none of the other options is correct"", ""(C) quarter"", ""(D) half"", ""(E) eighth""]"	(D) half	D
05fa6641-0a7a-53ba-97ca-df0dbca96129	5	perception	rhythm	absolute	rhythm-absolute	rhythmic-recognition		note length	What is the rhythmic notation of the {target_index} {voice} note (or rest)?	"[""target_index"", ""voice""]"	get_nth_rhythm		rhythm	"{""target_index"": ""51st"", ""voice"": ""tenor""}"	What is the rhythmic notation of the 51st tenor note (or rest)?	Bach_IchStehAnDeinerKrippe	chorale-bricks	Bach_IchStehAnDeinerKrippe	data/chorale-bricks/Bach_IchStehAnDeinerKrippe	quarter	"[""dotted-1024th"", ""dotted-quarter"", ""eighth"", ""half""]"	"[""eighth"", ""dotted-1024th"", ""dotted-quarter"", ""half""]"	audio	audio.mastermix.wav	data/chorale-bricks/Bach_IchStehAnDeinerKrippe/audio.mastermix.wav	quarter	"[""quarter"", ""none of the other options is correct"", ""eighth"", ""dotted-1024th"", ""dotted-quarter""]"	0.2	0	"[""A"", ""B"", ""C"", ""D"", ""E""]"	"{""A"": ""eighth"", ""B"": ""dotted-quarter"", ""C"": ""quarter"", ""D"": ""none of the other options is correct"", ""E"": ""dotted-1024th""}"	"[""(A) eighth"", ""(B) dotted-quarter"", ""(C) quarter"", ""(D) none of the other options is correct"", ""(E) dotted-1024th""]"	(C) quarter	C
20c4e29f-b92e-5d05-b738-da690a47d590	5	perception	rhythm	absolute	rhythm-absolute	rhythmic-recognition		note length	What is the rhythmic notation of the {target_index} {voice} note (or rest)?	"[""target_index"", ""voice""]"	get_nth_rhythm		rhythm	"{""target_index"": ""51st"", ""voice"": ""tenor""}"	What is the rhythmic notation of the 51st tenor note (or rest)?	Bach_IchStehAnDeinerKrippe	chorale-bricks	Bach_IchStehAnDeinerKrippe	data/chorale-bricks/Bach_IchStehAnDeinerKrippe	quarter	"[""dotted-1024th"", ""dotted-quarter"", ""eighth"", ""half""]"	"[""eighth"", ""dotted-1024th"", ""dotted-quarter"", ""half""]"	symbolic	symbolic.abc.txt	data/chorale-bricks/Bach_IchStehAnDeinerKrippe/symbolic.abc.txt	none of the other options is correct	"[""none of the other options is correct"", ""eighth"", ""dotted-1024th"", ""dotted-quarter"", ""half""]"	0.2	1	"[""A"", ""B"", ""C"", ""D"", ""E""]"	"{""A"": ""eighth"", ""B"": ""none of the other options is correct"", ""C"": ""dotted-quarter"", ""D"": ""half"", ""E"": ""dotted-1024th""}"	"[""(A) eighth"", ""(B) none of the other options is correct"", ""(C) dotted-quarter"", ""(D) half"", ""(E) dotted-1024th""]"	(B) none of the other options is correct	B
1811403a-9a3b-5071-9529-7e168db9be28	5	perception	rhythm	absolute	rhythm-absolute	rhythmic-recognition		note length	What is the rhythmic notation of the {target_index} {voice} note (or rest)?	"[""target_index"", ""voice""]"	get_nth_rhythm		rhythm	"{""target_index"": ""51st"", ""voice"": ""tenor""}"	What is the rhythmic notation of the 51st tenor note (or rest)?	Bach_IchStehAnDeinerKrippe	chorale-bricks	Bach_IchStehAnDeinerKrippe	data/chorale-bricks/Bach_IchStehAnDeinerKrippe	quarter	"[""dotted-1024th"", ""dotted-quarter"", ""eighth"", ""half""]"	"[""eighth"", ""dotted-1024th"", ""dotted-quarter"", ""half""]"	visual	visual.short.png	data/chorale-bricks/Bach_IchStehAnDeinerKrippe/visual.short.png	quarter	"[""quarter"", ""none of the other options is correct"", ""eighth"", ""dotted-1024th"", ""dotted-quarter""]"	0.2	0	"[""A"", ""B"", ""C"", ""D"", ""E""]"	"{""A"": ""dotted-1024th"", ""B"": ""quarter"", ""C"": ""eighth"", ""D"": ""dotted-quarter"", ""E"": ""none of the other options is correct""}"	"[""(A) dotted-1024th"", ""(B) quarter"", ""(C) eighth"", ""(D) dotted-quarter"", ""(E) none of the other options is correct""]"	(B) quarter	B
9ccece20-888e-5295-aa47-04a8166b6b83	5	perception	rhythm	absolute	rhythm-absolute	rhythmic-recognition		note length	What is the rhythmic notation of the {target_index} {voice} note (or rest)?	"[""target_index"", ""voice""]"	get_nth_rhythm		rhythm	"{""target_index"": ""23rd"", ""voice"": ""soprano""}"	What is the rhythmic notation of the 23rd soprano note (or rest)?	Drese_JesuGehVoran	chorale-bricks	Drese_JesuGehVoran	data/chorale-bricks/Drese_JesuGehVoran	quarter	"[""dotted-half"", ""dotted-longa"", ""eighth"", ""half""]"	"[""eighth"", ""dotted-half"", ""half"", ""dotted-longa""]"	audio	audio.mastermix.wav	data/chorale-bricks/Drese_JesuGehVoran/audio.mastermix.wav	quarter	"[""quarter"", ""none of the other options is correct"", ""eighth"", ""dotted-half"", ""half""]"	0.2	0	"[""A"", ""B"", ""C"", ""D"", ""E""]"	"{""A"": ""dotted-half"", ""B"": ""quarter"", ""C"": ""eighth"", ""D"": ""none of the other options is correct"", ""E"": ""half""}"	"[""(A) dotted-half"", ""(B) quarter"", ""(C) eighth"", ""(D) none of the other options is correct"", ""(E) half""]"	(B) quarter	B
f2788dda-efc9-50bb-a0b3-37c3946186af	5	perception	rhythm	absolute	rhythm-absolute	rhythmic-recognition		note length	What is the rhythmic notation of the {target_index} {voice} note (or rest)?	"[""target_index"", ""voice""]"	get_nth_rhythm		rhythm	"{""target_index"": ""23rd"", ""voice"": ""soprano""}"	What is the rhythmic notation of the 23rd soprano note (or rest)?	Drese_JesuGehVoran	chorale-bricks	Drese_JesuGehVoran	data/chorale-bricks/Drese_JesuGehVoran	quarter	"[""dotted-half"", ""dotted-longa"", ""eighth"", ""half""]"	"[""eighth"", ""dotted-half"", ""half"", ""dotted-longa""]"	symbolic	symbolic.abc.txt	data/chorale-bricks/Drese_JesuGehVoran/symbolic.abc.txt	quarter	"[""quarter"", ""none of the other options is correct"", ""eighth"", ""dotted-half"", ""half""]"	0.2	0	"[""A"", ""B"", ""C"", ""D"", ""E""]"	"{""A"": ""none of the other options is correct"", ""B"": ""eighth"", ""C"": ""dotted-half"", ""D"": ""quarter"", ""E"": ""half""}"	"[""(A) none of the other options is correct"", ""(B) eighth"", ""(C) dotted-half"", ""(D) quarter"", ""(E) half""]"	(D) quarter	D
4f9b6db1-e645-5c84-b41f-76a67b37f836	5	perception	rhythm	absolute	rhythm-absolute	rhythmic-recognition		note length	What is the rhythmic notation of the {target_index} {voice} note (or rest)?	"[""target_index"", ""voice""]"	get_nth_rhythm		rhythm	"{""target_index"": ""23rd"", ""voice"": ""soprano""}"	What is the rhythmic notation of the 23rd soprano note (or rest)?	Drese_JesuGehVoran	chorale-bricks	Drese_JesuGehVoran	data/chorale-bricks/Drese_JesuGehVoran	quarter	"[""dotted-half"", ""dotted-longa"", ""eighth"", ""half""]"	"[""eighth"", ""dotted-half"", ""half"", ""dotted-longa""]"	visual	visual.short.png	data/chorale-bricks/Drese_JesuGehVoran/visual.short.png	quarter	"[""quarter"", ""none of the other options is correct"", ""eighth"", ""dotted-half"", ""half""]"	0.2	0	"[""A"", ""B"", ""C"", ""D"", ""E""]"	"{""A"": ""dotted-half"", ""B"": ""eighth"", ""C"": ""none of the other options is correct"", ""D"": ""quarter"", ""E"": ""half""}"	"[""(A) dotted-half"", ""(B) eighth"", ""(C) none of the other options is correct"", ""(D) quarter"", ""(E) half""]"	(D) quarter	D
f330c1a5-452d-59fc-bd11-8eb360eef319	5	perception	rhythm	absolute	rhythm-absolute	rhythmic-recognition		note length	What is the rhythmic notation of the {target_index} {voice} note (or rest)?	"[""target_index"", ""voice""]"	get_nth_rhythm		rhythm	"{""target_index"": ""35th"", ""voice"": ""tenor""}"	What is the rhythmic notation of the 35th tenor note (or rest)?	Vulpius_DieHelleSonnLeuchtJetztHerfuer	chorale-bricks	Vulpius_DieHelleSonnLeuchtJetztHerfuer	data/chorale-bricks/Vulpius_DieHelleSonnLeuchtJetztHerfuer	quarter	"[""256th"", ""dotted-64th"", ""dotted-half"", ""half""]"	"[""half"", ""256th"", ""dotted-half"", ""dotted-64th""]"	audio	audio.mastermix.wav	data/chorale-bricks/Vulpius_DieHelleSonnLeuchtJetztHerfuer/audio.mastermix.wav	none of the other options is correct	"[""none of the other options is correct"", ""half"", ""256th"", ""dotted-half"", ""dotted-64th""]"	0.2	1	"[""A"", ""B"", ""C"", ""D"", ""E""]"	"{""A"": ""dotted-half"", ""B"": ""none of the other options is correct"", ""C"": ""dotted-64th"", ""D"": ""half"", ""E"": ""256th""}"	"[""(A) dotted-half"", ""(B) none of the other options is correct"", ""(C) dotted-64th"", ""(D) half"", ""(E) 256th""]"	(B) none of the other options is correct	B
2d508880-3734-5543-b3c9-64037fa3c81f	5	perception	rhythm	absolute	rhythm-absolute	rhythmic-recognition		note length	What is the rhythmic notation of the {target_index} {voice} note (or rest)?	"[""target_index"", ""voice""]"	get_nth_rhythm		rhythm	"{""target_index"": ""35th"", ""voice"": ""tenor""}"	What is the rhythmic notation of the 35th tenor note (or rest)?	Vulpius_DieHelleSonnLeuchtJetztHerfuer	chorale-bricks	Vulpius_DieHelleSonnLeuchtJetztHerfuer	data/chorale-bricks/Vulpius_DieHelleSonnLeuchtJetztHerfuer	quarter	"[""256th"", ""dotted-64th"", ""dotted-half"", ""half""]"	"[""half"", ""256th"", ""dotted-half"", ""dotted-64th""]"	symbolic	symbolic.abc.txt	data/chorale-bricks/Vulpius_DieHelleSonnLeuchtJetztHerfuer/symbolic.abc.txt	quarter	"[""quarter"", ""none of the other options is correct"", ""half"", ""256th"", ""dotted-half""]"	0.2	0	"[""A"", ""B"", ""C"", ""D"", ""E""]"	"{""A"": ""dotted-half"", ""B"": ""256th"", ""C"": ""half"", ""D"": ""quarter"", ""E"": ""none of the other options is correct""}"	"[""(A) dotted-half"", ""(B) 256th"", ""(C) half"", ""(D) quarter"", ""(E) none of the other options is correct""]"	(D) quarter	D
25094ee5-ceb8-5c1f-9476-0b2b4208570b	5	perception	rhythm	absolute	rhythm-absolute	rhythmic-recognition		note length	What is the rhythmic notation of the {target_index} {voice} note (or rest)?	"[""target_index"", ""voice""]"	get_nth_rhythm		rhythm	"{""target_index"": ""35th"", ""voice"": ""tenor""}"	What is the rhythmic notation of the 35th tenor note (or rest)?	Vulpius_DieHelleSonnLeuchtJetztHerfuer	chorale-bricks	Vulpius_DieHelleSonnLeuchtJetztHerfuer	data/chorale-bricks/Vulpius_DieHelleSonnLeuchtJetztHerfuer	quarter	"[""256th"", ""dotted-64th"", ""dotted-half"", ""half""]"	"[""half"", ""256th"", ""dotted-half"", ""dotted-64th""]"	visual	visual.short.png	data/chorale-bricks/Vulpius_DieHelleSonnLeuchtJetztHerfuer/visual.short.png	quarter	"[""quarter"", ""none of the other options is correct"", ""half"", ""256th"", ""dotted-half""]"	0.2	0	"[""A"", ""B"", ""C"", ""D"", ""E""]"	"{""A"": ""half"", ""B"": ""none of the other options is correct"", ""C"": ""dotted-half"", ""D"": ""256th"", ""E"": ""quarter""}"	"[""(A) half"", ""(B) none of the other options is correct"", ""(C) dotted-half"", ""(D) 256th"", ""(E) quarter""]"	(E) quarter	E
c69535d2-9f54-51d7-b72f-db78c105da0c	5	perception	rhythm	absolute	rhythm-absolute	rhythmic-recognition		note length	What is the rhythmic notation of the {target_index} {voice} note (or rest)?	"[""target_index"", ""voice""]"	get_nth_rhythm		rhythm	"{""target_index"": ""3rd"", ""voice"": ""tenor""}"	What is the rhythmic notation of the 3rd tenor note (or rest)?	Gesius_BefiehlDuDeineWege	chorale-bricks	Gesius_BefiehlDuDeineWege	data/chorale-bricks/Gesius_BefiehlDuDeineWege	quarter	"[""dotted-128th"", ""dotted-32nd"", ""dotted-half"", ""half""]"	"[""dotted-half"", ""dotted-128th"", ""dotted-32nd"", ""half""]"	audio	audio.mastermix.wav	data/chorale-bricks/Gesius_BefiehlDuDeineWege/audio.mastermix.wav	none of the other options is correct	"[""none of the other options is correct"", ""dotted-half"", ""dotted-128th"", ""dotted-32nd"", ""half""]"	0.2	1	"[""A"", ""B"", ""C"", ""D"", ""E""]"	"{""A"": ""dotted-128th"", ""B"": ""dotted-half"", ""C"": ""none of the other options is correct"", ""D"": ""dotted-32nd"", ""E"": ""half""}"	"[""(A) dotted-128th"", ""(B) dotted-half"", ""(C) none of the other options is correct"", ""(D) dotted-32nd"", ""(E) half""]"	(C) none of the other options is correct	C
f4e4a2f5-4762-50b5-946b-177f3e6af455	5	perception	rhythm	absolute	rhythm-absolute	rhythmic-recognition		note length	What is the rhythmic notation of the {target_index} {voice} note (or rest)?	"[""target_index"", ""voice""]"	get_nth_rhythm		rhythm	"{""target_index"": ""3rd"", ""voice"": ""tenor""}"	What is the rhythmic notation of the 3rd tenor note (or rest)?	Gesius_BefiehlDuDeineWege	chorale-bricks	Gesius_BefiehlDuDeineWege	data/chorale-bricks/Gesius_BefiehlDuDeineWege	quarter	"[""dotted-128th"", ""dotted-32nd"", ""dotted-half"", ""half""]"	"[""dotted-half"", ""dotted-128th"", ""dotted-32nd"", ""half""]"	symbolic	symbolic.abc.txt	data/chorale-bricks/Gesius_BefiehlDuDeineWege/symbolic.abc.txt	quarter	"[""quarter"", ""none of the other options is correct"", ""dotted-half"", ""dotted-128th"", ""dotted-32nd""]"	0.2	0	"[""A"", ""B"", ""C"", ""D"", ""E""]"	"{""A"": ""dotted-32nd"", ""B"": ""quarter"", ""C"": ""dotted-128th"", ""D"": ""dotted-half"", ""E"": ""none of the other options is correct""}"	"[""(A) dotted-32nd"", ""(B) quarter"", ""(C) dotted-128th"", ""(D) dotted-half"", ""(E) none of the other options is correct""]"	(B) quarter	B
e4eca4c7-073d-5a60-b864-295570c3d68c	5	perception	rhythm	absolute	rhythm-absolute	rhythmic-recognition		note length	What is the rhythmic notation of the {target_index} {voice} note (or rest)?	"[""target_index"", ""voice""]"	get_nth_rhythm		rhythm	"{""target_index"": ""3rd"", ""voice"": ""tenor""}"	What is the rhythmic notation of the 3rd tenor note (or rest)?	Gesius_BefiehlDuDeineWege	chorale-bricks	Gesius_BefiehlDuDeineWege	data/chorale-bricks/Gesius_BefiehlDuDeineWege	quarter	"[""dotted-128th"", ""dotted-32nd"", ""dotted-half"", ""half""]"	"[""dotted-half"", ""dotted-128th"", ""dotted-32nd"", ""half""]"	visual	visual.short.png	data/chorale-bricks/Gesius_BefiehlDuDeineWege/visual.short.png	none of the other options is correct	"[""none of the other options is correct"", ""dotted-half"", ""dotted-128th"", ""dotted-32nd"", ""half""]"	0.2	1	"[""A"", ""B"", ""C"", ""D"", ""E""]"	"{""A"": ""dotted-half"", ""B"": ""none of the other options is correct"", ""C"": ""half"", ""D"": ""dotted-32nd"", ""E"": ""dotted-128th""}"	"[""(A) dotted-half"", ""(B) none of the other options is correct"", ""(C) half"", ""(D) dotted-32nd"", ""(E) dotted-128th""]"	(B) none of the other options is correct	B
d87a3790-c72d-5035-a264-4de638bc2a93	5	perception	rhythm	absolute	rhythm-absolute	rhythmic-recognition		note length	What is the rhythmic notation of the {target_index} {voice} note (or rest)?	"[""target_index"", ""voice""]"	get_nth_rhythm		rhythm	"{""target_index"": ""33rd"", ""voice"": ""soprano""}"	What is the rhythmic notation of the 33rd soprano note (or rest)?	Bach_IchStehAnDeinerKrippe	chorale-bricks	Bach_IchStehAnDeinerKrippe	data/chorale-bricks/Bach_IchStehAnDeinerKrippe	quarter	"[""128th"", ""dotted-quarter"", ""eighth"", ""half""]"	"[""128th"", ""eighth"", ""dotted-quarter"", ""half""]"	audio	audio.mastermix.wav	data/chorale-bricks/Bach_IchStehAnDeinerKrippe/audio.mastermix.wav	quarter	"[""quarter"", ""none of the other options is correct"", ""128th"", ""eighth"", ""dotted-quarter""]"	0.2	0	"[""A"", ""B"", ""C"", ""D"", ""E""]"	"{""A"": ""eighth"", ""B"": ""128th"", ""C"": ""quarter"", ""D"": ""dotted-quarter"", ""E"": ""none of the other options is correct""}"	"[""(A) eighth"", ""(B) 128th"", ""(C) quarter"", ""(D) dotted-quarter"", ""(E) none of the other options is correct""]"	(C) quarter	C
7c981022-7ab0-5fcb-ad10-17f47cf234d9	5	perception	rhythm	absolute	rhythm-absolute	rhythmic-recognition		note length	What is the rhythmic notation of the {target_index} {voice} note (or rest)?	"[""target_index"", ""voice""]"	get_nth_rhythm		rhythm	"{""target_index"": ""33rd"", ""voice"": ""soprano""}"	What is the rhythmic notation of the 33rd soprano note (or rest)?	Bach_IchStehAnDeinerKrippe	chorale-bricks	Bach_IchStehAnDeinerKrippe	data/chorale-bricks/Bach_IchStehAnDeinerKrippe	quarter	"[""128th"", ""dotted-quarter"", ""eighth"", ""half""]"	"[""128th"", ""eighth"", ""dotted-quarter"", ""half""]"	symbolic	symbolic.abc.txt	data/chorale-bricks/Bach_IchStehAnDeinerKrippe/symbolic.abc.txt	none of the other options is correct	"[""none of the other options is correct"", ""128th"", ""eighth"", ""dotted-quarter"", ""half""]"	0.2	1	"[""A"", ""B"", ""C"", ""D"", ""E""]"	"{""A"": ""dotted-quarter"", ""B"": ""128th"", ""C"": ""eighth"", ""D"": ""none of the other options is correct"", ""E"": ""half""}"	"[""(A) dotted-quarter"", ""(B) 128th"", ""(C) eighth"", ""(D) none of the other options is correct"", ""(E) half""]"	(D) none of the other options is correct	D
06ab7152-a392-5dd9-a64f-aeef54eab8c1	5	perception	rhythm	absolute	rhythm-absolute	rhythmic-recognition		note length	What is the rhythmic notation of the {target_index} {voice} note (or rest)?	"[""target_index"", ""voice""]"	get_nth_rhythm		rhythm	"{""target_index"": ""33rd"", ""voice"": ""soprano""}"	What is the rhythmic notation of the 33rd soprano note (or rest)?	Bach_IchStehAnDeinerKrippe	chorale-bricks	Bach_IchStehAnDeinerKrippe	data/chorale-bricks/Bach_IchStehAnDeinerKrippe	quarter	"[""128th"", ""dotted-quarter"", ""eighth"", ""half""]"	"[""128th"", ""eighth"", ""dotted-quarter"", ""half""]"	visual	visual.short.png	data/chorale-bricks/Bach_IchStehAnDeinerKrippe/visual.short.png	quarter	"[""quarter"", ""none of the other options is correct"", ""128th"", ""eighth"", ""dotted-quarter""]"	0.2	0	"[""A"", ""B"", ""C"", ""D"", ""E""]"	"{""A"": ""dotted-quarter"", ""B"": ""none of the other options is correct"", ""C"": ""128th"", ""D"": ""eighth"", ""E"": ""quarter""}"	"[""(A) dotted-quarter"", ""(B) none of the other options is correct"", ""(C) 128th"", ""(D) eighth"", ""(E) quarter""]"	(E) quarter	E
31d46d18-758f-55c9-94f6-8327450ea8ed	5	perception	rhythm	absolute	rhythm-absolute	rhythmic-recognition		note length	What is the rhythmic notation of the {target_index} {voice} note (or rest)?	"[""target_index"", ""voice""]"	get_nth_rhythm		rhythm	"{""target_index"": ""53rd"", ""voice"": ""tenor""}"	What is the rhythmic notation of the 53rd tenor note (or rest)?	Gesius_BefiehlDuDeineWege	chorale-bricks	Gesius_BefiehlDuDeineWege	data/chorale-bricks/Gesius_BefiehlDuDeineWege	quarter	"[""dotted-2048th"", ""dotted-half"", ""half"", ""maxima""]"	"[""dotted-half"", ""maxima"", ""half"", ""dotted-2048th""]"	audio	audio.mastermix.wav	data/chorale-bricks/Gesius_BefiehlDuDeineWege/audio.mastermix.wav	none of the other options is correct	"[""none of the other options is correct"", ""dotted-half"", ""maxima"", ""half"", ""dotted-2048th""]"	0.2	1	"[""A"", ""B"", ""C"", ""D"", ""E""]"	"{""A"": ""maxima"", ""B"": ""dotted-half"", ""C"": ""dotted-2048th"", ""D"": ""half"", ""E"": ""none of the other options is correct""}"	"[""(A) maxima"", ""(B) dotted-half"", ""(C) dotted-2048th"", ""(D) half"", ""(E) none of the other options is correct""]"	(E) none of the other options is correct	E
edd962f0-6817-5bc7-938d-e336f4dc0d7b	5	perception	rhythm	absolute	rhythm-absolute	rhythmic-recognition		note length	What is the rhythmic notation of the {target_index} {voice} note (or rest)?	"[""target_index"", ""voice""]"	get_nth_rhythm		rhythm	"{""target_index"": ""53rd"", ""voice"": ""tenor""}"	What is the rhythmic notation of the 53rd tenor note (or rest)?	Gesius_BefiehlDuDeineWege	chorale-bricks	Gesius_BefiehlDuDeineWege	data/chorale-bricks/Gesius_BefiehlDuDeineWege	quarter	"[""dotted-2048th"", ""dotted-half"", ""half"", ""maxima""]"	"[""dotted-half"", ""maxima"", ""half"", ""dotted-2048th""]"	symbolic	symbolic.abc.txt	data/chorale-bricks/Gesius_BefiehlDuDeineWege/symbolic.abc.txt	quarter	"[""quarter"", ""none of the other options is correct"", ""dotted-half"", ""maxima"", ""half""]"	0.2	0	"[""A"", ""B"", ""C"", ""D"", ""E""]"	"{""A"": ""dotted-half"", ""B"": ""quarter"", ""C"": ""half"", ""D"": ""none of the other options is correct"", ""E"": ""maxima""}"	"[""(A) dotted-half"", ""(B) quarter"", ""(C) half"", ""(D) none of the other options is correct"", ""(E) maxima""]"	(B) quarter	B
c6d8312e-2b28-5dd2-ab3b-5c2a70219701	5	perception	rhythm	absolute	rhythm-absolute	rhythmic-recognition		note length	What is the rhythmic notation of the {target_index} {voice} note (or rest)?	"[""target_index"", ""voice""]"	get_nth_rhythm		rhythm	"{""target_index"": ""53rd"", ""voice"": ""tenor""}"	What is the rhythmic notation of the 53rd tenor note (or rest)?	Gesius_BefiehlDuDeineWege	chorale-bricks	Gesius_BefiehlDuDeineWege	data/chorale-bricks/Gesius_BefiehlDuDeineWege	quarter	"[""dotted-2048th"", ""dotted-half"", ""half"", ""maxima""]"	"[""dotted-half"", ""maxima"", ""half"", ""dotted-2048th""]"	visual	visual.short.png	data/chorale-bricks/Gesius_BefiehlDuDeineWege/visual.short.png	quarter	"[""quarter"", ""none of the other options is correct"", ""dotted-half"", ""maxima"", ""half""]"	0.2	0	"[""A"", ""B"", ""C"", ""D"", ""E""]"	"{""A"": ""maxima"", ""B"": ""none of the other options is correct"", ""C"": ""half"", ""D"": ""quarter"", ""E"": ""dotted-half""}"	"[""(A) maxima"", ""(B) none of the other options is correct"", ""(C) half"", ""(D) quarter"", ""(E) dotted-half""]"	(D) quarter	D
46f42ab7-7cf8-5745-b110-b4667bc1b15e	5	perception	rhythm	absolute	rhythm-absolute	rhythmic-recognition		note length	What is the rhythmic notation of the {target_index} {voice} note (or rest)?	"[""target_index"", ""voice""]"	get_nth_rhythm		rhythm	"{""target_index"": ""39th"", ""voice"": ""soprano""}"	What is the rhythmic notation of the 39th soprano note (or rest)?	Anonymous_AusMeinesHerzensGrunde	chorale-bricks	Anonymous_AusMeinesHerzensGrunde	data/chorale-bricks/Anonymous_AusMeinesHerzensGrunde	eighth	"[""dotted-half"", ""dotted-quarter"", ""half"", ""quarter""]"	"[""half"", ""dotted-quarter"", ""quarter"", ""dotted-half""]"	audio	audio.mastermix.wav	data/chorale-bricks/Anonymous_AusMeinesHerzensGrunde/audio.mastermix.wav	eighth	"[""eighth"", ""none of the other options is correct"", ""half"", ""dotted-quarter"", ""quarter""]"	0.2	0	"[""A"", ""B"", ""C"", ""D"", ""E""]"	"{""A"": ""dotted-quarter"", ""B"": ""quarter"", ""C"": ""half"", ""D"": ""eighth"", ""E"": ""none of the other options is correct""}"	"[""(A) dotted-quarter"", ""(B) quarter"", ""(C) half"", ""(D) eighth"", ""(E) none of the other options is correct""]"	(D) eighth	D
7c1ea996-3f1d-5528-9991-868eabd54949	5	perception	rhythm	absolute	rhythm-absolute	rhythmic-recognition		note length	What is the rhythmic notation of the {target_index} {voice} note (or rest)?	"[""target_index"", ""voice""]"	get_nth_rhythm		rhythm	"{""target_index"": ""39th"", ""voice"": ""soprano""}"	What is the rhythmic notation of the 39th soprano note (or rest)?	Anonymous_AusMeinesHerzensGrunde	chorale-bricks	Anonymous_AusMeinesHerzensGrunde	data/chorale-bricks/Anonymous_AusMeinesHerzensGrunde	eighth	"[""dotted-half"", ""dotted-quarter"", ""half"", ""quarter""]"	"[""half"", ""dotted-quarter"", ""quarter"", ""dotted-half""]"	symbolic	symbolic.abc.txt	data/chorale-bricks/Anonymous_AusMeinesHerzensGrunde/symbolic.abc.txt	none of the other options is correct	"[""none of the other options is correct"", ""half"", ""dotted-quarter"", ""quarter"", ""dotted-half""]"	0.2	1	"[""A"", ""B"", ""C"", ""D"", ""E""]"	"{""A"": ""half"", ""B"": ""none of the other options is correct"", ""C"": ""dotted-quarter"", ""D"": ""quarter"", ""E"": ""dotted-half""}"	"[""(A) half"", ""(B) none of the other options is correct"", ""(C) dotted-quarter"", ""(D) quarter"", ""(E) dotted-half""]"	(B) none of the other options is correct	B
afd2d855-47b6-51e9-993d-bc49ed19ada9	5	perception	rhythm	absolute	rhythm-absolute	rhythmic-recognition		note length	What is the rhythmic notation of the {target_index} {voice} note (or rest)?	"[""target_index"", ""voice""]"	get_nth_rhythm		rhythm	"{""target_index"": ""39th"", ""voice"": ""soprano""}"	What is the rhythmic notation of the 39th soprano note (or rest)?	Anonymous_AusMeinesHerzensGrunde	chorale-bricks	Anonymous_AusMeinesHerzensGrunde	data/chorale-bricks/Anonymous_AusMeinesHerzensGrunde	eighth	"[""dotted-half"", ""dotted-quarter"", ""half"", ""quarter""]"	"[""half"", ""dotted-quarter"", ""quarter"", ""dotted-half""]"	visual	visual.short.png	data/chorale-bricks/Anonymous_AusMeinesHerzensGrunde/visual.short.png	none of the other options is correct	"[""none of the other options is correct"", ""half"", ""dotted-quarter"", ""quarter"", ""dotted-half""]"	0.2	1	"[""A"", ""B"", ""C"", ""D"", ""E""]"	"{""A"": ""quarter"", ""B"": ""half"", ""C"": ""dotted-quarter"", ""D"": ""dotted-half"", ""E"": ""none of the other options is correct""}"	"[""(A) quarter"", ""(B) half"", ""(C) dotted-quarter"", ""(D) dotted-half"", ""(E) none of the other options is correct""]"	(E) none of the other options is correct	E
ae38bb6a-ee33-54b7-b5e6-18c474450f0b	5	perception	rhythm	absolute	rhythm-absolute	rhythmic-recognition		note length	What is the rhythmic notation of the {target_index} {voice} note (or rest)?	"[""target_index"", ""voice""]"	get_nth_rhythm		rhythm	"{""target_index"": ""14th"", ""voice"": ""bass""}"	What is the rhythmic notation of the 14th bass note (or rest)?	Bach_IchStehAnDeinerKrippe	chorale-bricks	Bach_IchStehAnDeinerKrippe	data/chorale-bricks/Bach_IchStehAnDeinerKrippe	half	"[""dotted-256th"", ""dotted-quarter"", ""eighth"", ""quarter""]"	"[""dotted-256th"", ""quarter"", ""dotted-quarter"", ""eighth""]"	audio	audio.mastermix.wav	data/chorale-bricks/Bach_IchStehAnDeinerKrippe/audio.mastermix.wav	half	"[""half"", ""none of the other options is correct"", ""dotted-256th"", ""quarter"", ""dotted-quarter""]"	0.2	0	"[""A"", ""B"", ""C"", ""D"", ""E""]"	"{""A"": ""quarter"", ""B"": ""dotted-quarter"", ""C"": ""half"", ""D"": ""none of the other options is correct"", ""E"": ""dotted-256th""}"	"[""(A) quarter"", ""(B) dotted-quarter"", ""(C) half"", ""(D) none of the other options is correct"", ""(E) dotted-256th""]"	(C) half	C
8c9f77a3-f2a6-5865-ba95-7d8d5e7851f8	5	perception	rhythm	absolute	rhythm-absolute	rhythmic-recognition		note length	What is the rhythmic notation of the {target_index} {voice} note (or rest)?	"[""target_index"", ""voice""]"	get_nth_rhythm		rhythm	"{""target_index"": ""14th"", ""voice"": ""bass""}"	What is the rhythmic notation of the 14th bass note (or rest)?	Bach_IchStehAnDeinerKrippe	chorale-bricks	Bach_IchStehAnDeinerKrippe	data/chorale-bricks/Bach_IchStehAnDeinerKrippe	half	"[""dotted-256th"", ""dotted-quarter"", ""eighth"", ""quarter""]"	"[""dotted-256th"", ""quarter"", ""dotted-quarter"", ""eighth""]"	symbolic	symbolic.abc.txt	data/chorale-bricks/Bach_IchStehAnDeinerKrippe/symbolic.abc.txt	half	"[""half"", ""none of the other options is correct"", ""dotted-256th"", ""quarter"", ""dotted-quarter""]"	0.2	0	"[""A"", ""B"", ""C"", ""D"", ""E""]"	"{""A"": ""dotted-256th"", ""B"": ""none of the other options is correct"", ""C"": ""dotted-quarter"", ""D"": ""quarter"", ""E"": ""half""}"	"[""(A) dotted-256th"", ""(B) none of the other options is correct"", ""(C) dotted-quarter"", ""(D) quarter"", ""(E) half""]"	(E) half	E
707e64a5-add6-5812-91dc-8c1b5f6feea1	5	perception	rhythm	absolute	rhythm-absolute	rhythmic-recognition		note length	What is the rhythmic notation of the {target_index} {voice} note (or rest)?	"[""target_index"", ""voice""]"	get_nth_rhythm		rhythm	"{""target_index"": ""14th"", ""voice"": ""bass""}"	What is the rhythmic notation of the 14th bass note (or rest)?	Bach_IchStehAnDeinerKrippe	chorale-bricks	Bach_IchStehAnDeinerKrippe	data/chorale-bricks/Bach_IchStehAnDeinerKrippe	half	"[""dotted-256th"", ""dotted-quarter"", ""eighth"", ""quarter""]"	"[""dotted-256th"", ""quarter"", ""dotted-quarter"", ""eighth""]"	visual	visual.short.png	data/chorale-bricks/Bach_IchStehAnDeinerKrippe/visual.short.png	none of the other options is correct	"[""none of the other options is correct"", ""dotted-256th"", ""quarter"", ""dotted-quarter"", ""eighth""]"	0.2	1	"[""A"", ""B"", ""C"", ""D"", ""E""]"	"{""A"": ""dotted-quarter"", ""B"": ""quarter"", ""C"": ""eighth"", ""D"": ""none of the other options is correct"", ""E"": ""dotted-256th""}"	"[""(A) dotted-quarter"", ""(B) quarter"", ""(C) eighth"", ""(D) none of the other options is correct"", ""(E) dotted-256th""]"	(D) none of the other options is correct	D
76e93b26-bc28-5612-a6cd-2f873e7cb0c5	5	perception	rhythm	absolute	rhythm-absolute	rhythmic-recognition		note length	What is the rhythmic notation of the {target_index} {voice} note (or rest)?	"[""target_index"", ""voice""]"	get_nth_rhythm		rhythm	"{""target_index"": ""9th"", ""voice"": ""tenor""}"	What is the rhythmic notation of the 9th tenor note (or rest)?	Gesius_BefiehlDuDeineWege	chorale-bricks	Gesius_BefiehlDuDeineWege	data/chorale-bricks/Gesius_BefiehlDuDeineWege	quarter	"[""dotted-1024th"", ""dotted-half"", ""eighth"", ""half""]"	"[""dotted-half"", ""half"", ""dotted-1024th"", ""eighth""]"	audio	audio.mastermix.wav	data/chorale-bricks/Gesius_BefiehlDuDeineWege/audio.mastermix.wav	quarter	"[""quarter"", ""none of the other options is correct"", ""dotted-half"", ""half"", ""dotted-1024th""]"	0.2	0	"[""A"", ""B"", ""C"", ""D"", ""E""]"	"{""A"": ""quarter"", ""B"": ""dotted-half"", ""C"": ""none of the other options is correct"", ""D"": ""half"", ""E"": ""dotted-1024th""}"	"[""(A) quarter"", ""(B) dotted-half"", ""(C) none of the other options is correct"", ""(D) half"", ""(E) dotted-1024th""]"	(A) quarter	A
80e205b3-85fd-5dce-b0e3-a8ac94089d44	5	perception	rhythm	absolute	rhythm-absolute	rhythmic-recognition		note length	What is the rhythmic notation of the {target_index} {voice} note (or rest)?	"[""target_index"", ""voice""]"	get_nth_rhythm		rhythm	"{""target_index"": ""9th"", ""voice"": ""tenor""}"	What is the rhythmic notation of the 9th tenor note (or rest)?	Gesius_BefiehlDuDeineWege	chorale-bricks	Gesius_BefiehlDuDeineWege	data/chorale-bricks/Gesius_BefiehlDuDeineWege	quarter	"[""dotted-1024th"", ""dotted-half"", ""eighth"", ""half""]"	"[""dotted-half"", ""half"", ""dotted-1024th"", ""eighth""]"	symbolic	symbolic.abc.txt	data/chorale-bricks/Gesius_BefiehlDuDeineWege/symbolic.abc.txt	none of the other options is correct	"[""none of the other options is correct"", ""dotted-half"", ""half"", ""dotted-1024th"", ""eighth""]"	0.2	1	"[""A"", ""B"", ""C"", ""D"", ""E""]"	"{""A"": ""dotted-half"", ""B"": ""eighth"", ""C"": ""dotted-1024th"", ""D"": ""none of the other options is correct"", ""E"": ""half""}"	"[""(A) dotted-half"", ""(B) eighth"", ""(C) dotted-1024th"", ""(D) none of the other options is correct"", ""(E) half""]"	(D) none of the other options is correct	D
7574919b-7332-51a6-8acc-e6de6dc7467b	5	perception	rhythm	absolute	rhythm-absolute	rhythmic-recognition		note length	What is the rhythmic notation of the {target_index} {voice} note (or rest)?	"[""target_index"", ""voice""]"	get_nth_rhythm		rhythm	"{""target_index"": ""9th"", ""voice"": ""tenor""}"	What is the rhythmic notation of the 9th tenor note (or rest)?	Gesius_BefiehlDuDeineWege	chorale-bricks	Gesius_BefiehlDuDeineWege	data/chorale-bricks/Gesius_BefiehlDuDeineWege	quarter	"[""dotted-1024th"", ""dotted-half"", ""eighth"", ""half""]"	"[""dotted-half"", ""half"", ""dotted-1024th"", ""eighth""]"	visual	visual.short.png	data/chorale-bricks/Gesius_BefiehlDuDeineWege/visual.short.png	quarter	"[""quarter"", ""none of the other options is correct"", ""dotted-half"", ""half"", ""dotted-1024th""]"	0.2	0	"[""A"", ""B"", ""C"", ""D"", ""E""]"	"{""A"": ""dotted-half"", ""B"": ""none of the other options is correct"", ""C"": ""half"", ""D"": ""dotted-1024th"", ""E"": ""quarter""}"	"[""(A) dotted-half"", ""(B) none of the other options is correct"", ""(C) half"", ""(D) dotted-1024th"", ""(E) quarter""]"	(E) quarter	E
4cb4be6f-8301-5031-957d-641c859e8d21	5	perception	rhythm	absolute	rhythm-absolute	rhythmic-recognition		note length	What is the rhythmic notation of the {target_index} {voice} note (or rest)?	"[""target_index"", ""voice""]"	get_nth_rhythm		rhythm	"{""target_index"": ""17th"", ""voice"": ""tenor""}"	What is the rhythmic notation of the 17th tenor note (or rest)?	Drese_JesuGehVoran	chorale-bricks	Drese_JesuGehVoran	data/chorale-bricks/Drese_JesuGehVoran	eighth	"[""dotted-2048th"", ""dotted-half"", ""half"", ""quarter""]"	"[""half"", ""dotted-2048th"", ""dotted-half"", ""quarter""]"	audio	audio.mastermix.wav	data/chorale-bricks/Drese_JesuGehVoran/audio.mastermix.wav	eighth	"[""eighth"", ""none of the other options is correct"", ""half"", ""dotted-2048th"", ""dotted-half""]"	0.2	0	"[""A"", ""B"", ""C"", ""D"", ""E""]"	"{""A"": ""none of the other options is correct"", ""B"": ""half"", ""C"": ""dotted-half"", ""D"": ""eighth"", ""E"": ""dotted-2048th""}"	"[""(A) none of the other options is correct"", ""(B) half"", ""(C) dotted-half"", ""(D) eighth"", ""(E) dotted-2048th""]"	(D) eighth	D
71e46876-eac0-55f4-a8b9-834dbb91b8c5	5	perception	rhythm	absolute	rhythm-absolute	rhythmic-recognition		note length	What is the rhythmic notation of the {target_index} {voice} note (or rest)?	"[""target_index"", ""voice""]"	get_nth_rhythm		rhythm	"{""target_index"": ""17th"", ""voice"": ""tenor""}"	What is the rhythmic notation of the 17th tenor note (or rest)?	Drese_JesuGehVoran	chorale-bricks	Drese_JesuGehVoran	data/chorale-bricks/Drese_JesuGehVoran	eighth	"[""dotted-2048th"", ""dotted-half"", ""half"", ""quarter""]"	"[""half"", ""dotted-2048th"", ""dotted-half"", ""quarter""]"	symbolic	symbolic.abc.txt	data/chorale-bricks/Drese_JesuGehVoran/symbolic.abc.txt	eighth	"[""eighth"", ""none of the other options is correct"", ""half"", ""dotted-2048th"", ""dotted-half""]"	0.2	0	"[""A"", ""B"", ""C"", ""D"", ""E""]"	"{""A"": ""dotted-half"", ""B"": ""dotted-2048th"", ""C"": ""eighth"", ""D"": ""half"", ""E"": ""none of the other options is correct""}"	"[""(A) dotted-half"", ""(B) dotted-2048th"", ""(C) eighth"", ""(D) half"", ""(E) none of the other options is correct""]"	(C) eighth	C
8173790c-32fa-5c3b-97cb-6259bac521d1	5	perception	rhythm	absolute	rhythm-absolute	rhythmic-recognition		note length	What is the rhythmic notation of the {target_index} {voice} note (or rest)?	"[""target_index"", ""voice""]"	get_nth_rhythm		rhythm	"{""target_index"": ""17th"", ""voice"": ""tenor""}"	What is the rhythmic notation of the 17th tenor note (or rest)?	Drese_JesuGehVoran	chorale-bricks	Drese_JesuGehVoran	data/chorale-bricks/Drese_JesuGehVoran	eighth	"[""dotted-2048th"", ""dotted-half"", ""half"", ""quarter""]"	"[""half"", ""dotted-2048th"", ""dotted-half"", ""quarter""]"	visual	visual.short.png	data/chorale-bricks/Drese_JesuGehVoran/visual.short.png	eighth	"[""eighth"", ""none of the other options is correct"", ""half"", ""dotted-2048th"", ""dotted-half""]"	0.2	0	"[""A"", ""B"", ""C"", ""D"", ""E""]"	"{""A"": ""half"", ""B"": ""dotted-half"", ""C"": ""eighth"", ""D"": ""none of the other options is correct"", ""E"": ""dotted-2048th""}"	"[""(A) half"", ""(B) dotted-half"", ""(C) eighth"", ""(D) none of the other options is correct"", ""(E) dotted-2048th""]"	(C) eighth	C
39a270db-7252-5521-8496-3cb23e335a65	5	perception	rhythm	absolute	rhythm-absolute	rhythmic-recognition		note length	What is the rhythmic notation of the {target_index} {voice} note (or rest)?	"[""target_index"", ""voice""]"	get_nth_rhythm		rhythm	"{""target_index"": ""2nd"", ""voice"": ""tenor""}"	What is the rhythmic notation of the 2nd tenor note (or rest)?	Vulpius_ChristusDerIstMeinLeben	chorale-bricks	Vulpius_ChristusDerIstMeinLeben	data/chorale-bricks/Vulpius_ChristusDerIstMeinLeben	quarter	"[""dotted-half"", ""dotted-quarter"", ""eighth"", ""half""]"	"[""dotted-half"", ""half"", ""dotted-quarter"", ""eighth""]"	audio	audio.mastermix.wav	data/chorale-bricks/Vulpius_ChristusDerIstMeinLeben/audio.mastermix.wav	none of the other options is correct	"[""none of the other options is correct"", ""dotted-half"", ""half"", ""dotted-quarter"", ""eighth""]"	0.2	1	"[""A"", ""B"", ""C"", ""D"", ""E""]"	"{""A"": ""none of the other options is correct"", ""B"": ""eighth"", ""C"": ""half"", ""D"": ""dotted-half"", ""E"": ""dotted-quarter""}"	"[""(A) none of the other options is correct"", ""(B) eighth"", ""(C) half"", ""(D) dotted-half"", ""(E) dotted-quarter""]"	(A) none of the other options is correct	A
848c42a8-9740-5780-92f2-ec516a21c4dd	5	perception	rhythm	absolute	rhythm-absolute	rhythmic-recognition		note length	What is the rhythmic notation of the {target_index} {voice} note (or rest)?	"[""target_index"", ""voice""]"	get_nth_rhythm		rhythm	"{""target_index"": ""2nd"", ""voice"": ""tenor""}"	What is the rhythmic notation of the 2nd tenor note (or rest)?	Vulpius_ChristusDerIstMeinLeben	chorale-bricks	Vulpius_ChristusDerIstMeinLeben	data/chorale-bricks/Vulpius_ChristusDerIstMeinLeben	quarter	"[""dotted-half"", ""dotted-quarter"", ""eighth"", ""half""]"	"[""dotted-half"", ""half"", ""dotted-quarter"", ""eighth""]"	symbolic	symbolic.abc.txt	data/chorale-bricks/Vulpius_ChristusDerIstMeinLeben/symbolic.abc.txt	quarter	"[""quarter"", ""none of the other options is correct"", ""dotted-half"", ""half"", ""dotted-quarter""]"	0.2	0	"[""A"", ""B"", ""C"", ""D"", ""E""]"	"{""A"": ""quarter"", ""B"": ""half"", ""C"": ""none of the other options is correct"", ""D"": ""dotted-quarter"", ""E"": ""dotted-half""}"	"[""(A) quarter"", ""(B) half"", ""(C) none of the other options is correct"", ""(D) dotted-quarter"", ""(E) dotted-half""]"	(A) quarter	A
9a11facb-20b3-5221-be99-79f88eac4ff9	5	perception	rhythm	absolute	rhythm-absolute	rhythmic-recognition		note length	What is the rhythmic notation of the {target_index} {voice} note (or rest)?	"[""target_index"", ""voice""]"	get_nth_rhythm		rhythm	"{""target_index"": ""2nd"", ""voice"": ""tenor""}"	What is the rhythmic notation of the 2nd tenor note (or rest)?	Vulpius_ChristusDerIstMeinLeben	chorale-bricks	Vulpius_ChristusDerIstMeinLeben	data/chorale-bricks/Vulpius_ChristusDerIstMeinLeben	quarter	"[""dotted-half"", ""dotted-quarter"", ""eighth"", ""half""]"	"[""dotted-half"", ""half"", ""dotted-quarter"", ""eighth""]"	visual	visual.short.png	data/chorale-bricks/Vulpius_ChristusDerIstMeinLeben/visual.short.png	quarter	"[""quarter"", ""none of the other options is correct"", ""dotted-half"", ""half"", ""dotted-quarter""]"	0.2	0	"[""A"", ""B"", ""C"", ""D"", ""E""]"	"{""A"": ""dotted-quarter"", ""B"": ""quarter"", ""C"": ""half"", ""D"": ""dotted-half"", ""E"": ""none of the other options is correct""}"	"[""(A) dotted-quarter"", ""(B) quarter"", ""(C) half"", ""(D) dotted-half"", ""(E) none of the other options is correct""]"	(B) quarter	B
abd0bbfe-c65c-5cdc-bfa8-18380897d9f2	5	perception	rhythm	absolute	rhythm-absolute	rhythmic-recognition		note length	What is the rhythmic notation of the {target_index} {voice} note (or rest)?	"[""target_index"", ""voice""]"	get_nth_rhythm		rhythm	"{""target_index"": ""36th"", ""voice"": ""alto""}"	What is the rhythmic notation of the 36th alto note (or rest)?	Gesius_DuFriedensfuerstHerrJesuChrist	chorale-bricks	Gesius_DuFriedensfuerstHerrJesuChrist	data/chorale-bricks/Gesius_DuFriedensfuerstHerrJesuChrist	quarter	"[""512th"", ""dotted-half"", ""dotted-whole"", ""half""]"	"[""dotted-half"", ""512th"", ""half"", ""dotted-whole""]"	audio	audio.mastermix.wav	data/chorale-bricks/Gesius_DuFriedensfuerstHerrJesuChrist/audio.mastermix.wav	quarter	"[""quarter"", ""none of the other options is correct"", ""dotted-half"", ""512th"", ""half""]"	0.2	0	"[""A"", ""B"", ""C"", ""D"", ""E""]"	"{""A"": ""none of the other options is correct"", ""B"": ""quarter"", ""C"": ""512th"", ""D"": ""dotted-half"", ""E"": ""half""}"	"[""(A) none of the other options is correct"", ""(B) quarter"", ""(C) 512th"", ""(D) dotted-half"", ""(E) half""]"	(B) quarter	B
b2a8f066-71d2-5d17-a288-1baea2ff2218	5	perception	rhythm	absolute	rhythm-absolute	rhythmic-recognition		note length	What is the rhythmic notation of the {target_index} {voice} note (or rest)?	"[""target_index"", ""voice""]"	get_nth_rhythm		rhythm	"{""target_index"": ""36th"", ""voice"": ""alto""}"	What is the rhythmic notation of the 36th alto note (or rest)?	Gesius_DuFriedensfuerstHerrJesuChrist	chorale-bricks	Gesius_DuFriedensfuerstHerrJesuChrist	data/chorale-bricks/Gesius_DuFriedensfuerstHerrJesuChrist	quarter	"[""512th"", ""dotted-half"", ""dotted-whole"", ""half""]"	"[""dotted-half"", ""512th"", ""half"", ""dotted-whole""]"	symbolic	symbolic.abc.txt	data/chorale-bricks/Gesius_DuFriedensfuerstHerrJesuChrist/symbolic.abc.txt	quarter	"[""quarter"", ""none of the other options is correct"", ""dotted-half"", ""512th"", ""half""]"	0.2	0	"[""A"", ""B"", ""C"", ""D"", ""E""]"	"{""A"": ""512th"", ""B"": ""dotted-half"", ""C"": ""half"", ""D"": ""quarter"", ""E"": ""none of the other options is correct""}"	"[""(A) 512th"", ""(B) dotted-half"", ""(C) half"", ""(D) quarter"", ""(E) none of the other options is correct""]"	(D) quarter	D
4e7d343b-3dee-5648-afc0-6af14614ff20	5	perception	rhythm	absolute	rhythm-absolute	rhythmic-recognition		note length	What is the rhythmic notation of the {target_index} {voice} note (or rest)?	"[""target_index"", ""voice""]"	get_nth_rhythm		rhythm	"{""target_index"": ""36th"", ""voice"": ""alto""}"	What is the rhythmic notation of the 36th alto note (or rest)?	Gesius_DuFriedensfuerstHerrJesuChrist	chorale-bricks	Gesius_DuFriedensfuerstHerrJesuChrist	data/chorale-bricks/Gesius_DuFriedensfuerstHerrJesuChrist	quarter	"[""512th"", ""dotted-half"", ""dotted-whole"", ""half""]"	"[""dotted-half"", ""512th"", ""half"", ""dotted-whole""]"	visual	visual.short.png	data/chorale-bricks/Gesius_DuFriedensfuerstHerrJesuChrist/visual.short.png	quarter	"[""quarter"", ""none of the other options is correct"", ""dotted-half"", ""512th"", ""half""]"	0.2	0	"[""A"", ""B"", ""C"", ""D"", ""E""]"	"{""A"": ""512th"", ""B"": ""dotted-half"", ""C"": ""none of the other options is correct"", ""D"": ""quarter"", ""E"": ""half""}"	"[""(A) 512th"", ""(B) dotted-half"", ""(C) none of the other options is correct"", ""(D) quarter"", ""(E) half""]"	(D) quarter	D
0c234dc5-4830-5f90-bdbc-3324d52b0563	5	perception	rhythm	absolute	rhythm-absolute	rhythmic-recognition		note length	What is the rhythmic notation of the {target_index} {voice} note (or rest)?	"[""target_index"", ""voice""]"	get_nth_rhythm		rhythm	"{""target_index"": ""28th"", ""voice"": ""alto""}"	What is the rhythmic notation of the 28th alto note (or rest)?	Drese_JesuGehVoran	chorale-bricks	Drese_JesuGehVoran	data/chorale-bricks/Drese_JesuGehVoran	quarter	"[""dotted-32nd"", ""dotted-half"", ""eighth"", ""half""]"	"[""half"", ""dotted-32nd"", ""eighth"", ""dotted-half""]"	audio	audio.mastermix.wav	data/chorale-bricks/Drese_JesuGehVoran/audio.mastermix.wav	quarter	"[""quarter"", ""none of the other options is correct"", ""half"", ""dotted-32nd"", ""eighth""]"	0.2	0	"[""A"", ""B"", ""C"", ""D"", ""E""]"	"{""A"": ""quarter"", ""B"": ""eighth"", ""C"": ""half"", ""D"": ""none of the other options is correct"", ""E"": ""dotted-32nd""}"	"[""(A) quarter"", ""(B) eighth"", ""(C) half"", ""(D) none of the other options is correct"", ""(E) dotted-32nd""]"	(A) quarter	A
5622236d-0a03-56f3-9543-a3337c8e8e5a	5	perception	rhythm	absolute	rhythm-absolute	rhythmic-recognition		note length	What is the rhythmic notation of the {target_index} {voice} note (or rest)?	"[""target_index"", ""voice""]"	get_nth_rhythm		rhythm	"{""target_index"": ""28th"", ""voice"": ""alto""}"	What is the rhythmic notation of the 28th alto note (or rest)?	Drese_JesuGehVoran	chorale-bricks	Drese_JesuGehVoran	data/chorale-bricks/Drese_JesuGehVoran	quarter	"[""dotted-32nd"", ""dotted-half"", ""eighth"", ""half""]"	"[""half"", ""dotted-32nd"", ""eighth"", ""dotted-half""]"	symbolic	symbolic.abc.txt	data/chorale-bricks/Drese_JesuGehVoran/symbolic.abc.txt	quarter	"[""quarter"", ""none of the other options is correct"", ""half"", ""dotted-32nd"", ""eighth""]"	0.2	0	"[""A"", ""B"", ""C"", ""D"", ""E""]"	"{""A"": ""dotted-32nd"", ""B"": ""quarter"", ""C"": ""none of the other options is correct"", ""D"": ""eighth"", ""E"": ""half""}"	"[""(A) dotted-32nd"", ""(B) quarter"", ""(C) none of the other options is correct"", ""(D) eighth"", ""(E) half""]"	(B) quarter	B
18b297bb-c72c-5891-bc06-246761288830	5	perception	rhythm	absolute	rhythm-absolute	rhythmic-recognition		note length	What is the rhythmic notation of the {target_index} {voice} note (or rest)?	"[""target_index"", ""voice""]"	get_nth_rhythm		rhythm	"{""target_index"": ""28th"", ""voice"": ""alto""}"	What is the rhythmic notation of the 28th alto note (or rest)?	Drese_JesuGehVoran	chorale-bricks	Drese_JesuGehVoran	data/chorale-bricks/Drese_JesuGehVoran	quarter	"[""dotted-32nd"", ""dotted-half"", ""eighth"", ""half""]"	"[""half"", ""dotted-32nd"", ""eighth"", ""dotted-half""]"	visual	visual.short.png	data/chorale-bricks/Drese_JesuGehVoran/visual.short.png	quarter	"[""quarter"", ""none of the other options is correct"", ""half"", ""dotted-32nd"", ""eighth""]"	0.2	0	"[""A"", ""B"", ""C"", ""D"", ""E""]"	"{""A"": ""dotted-32nd"", ""B"": ""half"", ""C"": ""quarter"", ""D"": ""eighth"", ""E"": ""none of the other options is correct""}"	"[""(A) dotted-32nd"", ""(B) half"", ""(C) quarter"", ""(D) eighth"", ""(E) none of the other options is correct""]"	(C) quarter	C
04737103-042b-519e-8f29-db829cb8d2c1	6	perception	rhythm	absolute	rhythm-absolute	rhythmic-recognition		note length statistics	What is the total count of {rhythm}-note units in the {voice} line?	"[""rhythm"", ""voice""]"	get_rhythm_count		rhythm	"{""rhythm"": ""32nd"", ""voice"": ""soprano""}"	What is the total count of 32nd-note units in the soprano line?	Vulpius_DieHelleSonnLeuchtJetztHerfuer	chorale-bricks	Vulpius_DieHelleSonnLeuchtJetztHerfuer	data/chorale-bricks/Vulpius_DieHelleSonnLeuchtJetztHerfuer	0	"[""1"", ""11"", ""12"", ""25"", ""27""]"	"[""25"", ""27"", ""12"", ""1"", ""11""]"	audio	audio.mastermix.wav	data/chorale-bricks/Vulpius_DieHelleSonnLeuchtJetztHerfuer/audio.mastermix.wav	none of the other options is correct	"[""none of the other options is correct"", ""25"", ""27"", ""12"", ""1""]"	0.2	1	"[""A"", ""B"", ""C"", ""D"", ""E""]"	"{""A"": ""none of the other options is correct"", ""B"": ""27"", ""C"": ""1"", ""D"": ""25"", ""E"": ""12""}"	"[""(A) none of the other options is correct"", ""(B) 27"", ""(C) 1"", ""(D) 25"", ""(E) 12""]"	(A) none of the other options is correct	A
df376288-cd0f-5d88-b0f2-93f51daac94a	6	perception	rhythm	absolute	rhythm-absolute	rhythmic-recognition		note length statistics	What is the total count of {rhythm}-note units in the {voice} line?	"[""rhythm"", ""voice""]"	get_rhythm_count		rhythm	"{""rhythm"": ""32nd"", ""voice"": ""soprano""}"	What is the total count of 32nd-note units in the soprano line?	Vulpius_DieHelleSonnLeuchtJetztHerfuer	chorale-bricks	Vulpius_DieHelleSonnLeuchtJetztHerfuer	data/chorale-bricks/Vulpius_DieHelleSonnLeuchtJetztHerfuer	0	"[""1"", ""11"", ""12"", ""25"", ""27""]"	"[""25"", ""27"", ""12"", ""1"", ""11""]"	symbolic	symbolic.abc.txt	data/chorale-bricks/Vulpius_DieHelleSonnLeuchtJetztHerfuer/symbolic.abc.txt	0	"[""0"", ""none of the other options is correct"", ""25"", ""27"", ""12""]"	0.2	0	"[""A"", ""B"", ""C"", ""D"", ""E""]"	"{""A"": ""none of the other options is correct"", ""B"": ""0"", ""C"": ""12"", ""D"": ""25"", ""E"": ""27""}"	"[""(A) none of the other options is correct"", ""(B) 0"", ""(C) 12"", ""(D) 25"", ""(E) 27""]"	(B) 0	B
77630a30-8508-5d61-81e5-e02e1ef128e9	6	perception	rhythm	absolute	rhythm-absolute	rhythmic-recognition		note length statistics	What is the total count of {rhythm}-note units in the {voice} line?	"[""rhythm"", ""voice""]"	get_rhythm_count		rhythm	"{""rhythm"": ""32nd"", ""voice"": ""soprano""}"	What is the total count of 32nd-note units in the soprano line?	Vulpius_DieHelleSonnLeuchtJetztHerfuer	chorale-bricks	Vulpius_DieHelleSonnLeuchtJetztHerfuer	data/chorale-bricks/Vulpius_DieHelleSonnLeuchtJetztHerfuer	0	"[""1"", ""11"", ""12"", ""25"", ""27""]"	"[""25"", ""27"", ""12"", ""1"", ""11""]"	visual	visual.short.png	data/chorale-bricks/Vulpius_DieHelleSonnLeuchtJetztHerfuer/visual.short.png	0	"[""0"", ""none of the other options is correct"", ""25"", ""27"", ""12""]"	0.2	0	"[""A"", ""B"", ""C"", ""D"", ""E""]"	"{""A"": ""25"", ""B"": ""12"", ""C"": ""none of the other options is correct"", ""D"": ""0"", ""E"": ""27""}"	"[""(A) 25"", ""(B) 12"", ""(C) none of the other options is correct"", ""(D) 0"", ""(E) 27""]"	(D) 0	D
b2c4b1d2-0c8a-57bb-b34e-b3a323ca675c	6	perception	rhythm	absolute	rhythm-absolute	rhythmic-recognition		note length statistics	What is the total count of {rhythm}-note units in the {voice} line?	"[""rhythm"", ""voice""]"	get_rhythm_count		rhythm	"{""rhythm"": ""quarter"", ""voice"": ""alto""}"	What is the total count of quarter-note units in the alto line?	Jan_DuGrosserSchmerzensmann	chorale-bricks	Jan_DuGrosserSchmerzensmann	data/chorale-bricks/Jan_DuGrosserSchmerzensmann	44	"[""1"", ""2"", ""14"", ""15"", ""40"", ""42""]"	"[""1"", ""14"", ""40"", ""2"", ""15"", ""42""]"	audio	audio.mastermix.wav	data/chorale-bricks/Jan_DuGrosserSchmerzensmann/audio.mastermix.wav	44	"[""44"", ""none of the other options is correct"", ""1"", ""14"", ""40""]"	0.2	0	"[""A"", ""B"", ""C"", ""D"", ""E""]"	"{""A"": ""14"", ""B"": ""40"", ""C"": ""44"", ""D"": ""1"", ""E"": ""none of the other options is correct""}"	"[""(A) 14"", ""(B) 40"", ""(C) 44"", ""(D) 1"", ""(E) none of the other options is correct""]"	(C) 44	C
90fdcc48-d099-50b5-8557-e0050926bf87	6	perception	rhythm	absolute	rhythm-absolute	rhythmic-recognition		note length statistics	What is the total count of {rhythm}-note units in the {voice} line?	"[""rhythm"", ""voice""]"	get_rhythm_count		rhythm	"{""rhythm"": ""quarter"", ""voice"": ""alto""}"	What is the total count of quarter-note units in the alto line?	Jan_DuGrosserSchmerzensmann	chorale-bricks	Jan_DuGrosserSchmerzensmann	data/chorale-bricks/Jan_DuGrosserSchmerzensmann	44	"[""1"", ""2"", ""14"", ""15"", ""40"", ""42""]"	"[""1"", ""14"", ""40"", ""2"", ""15"", ""42""]"	symbolic	symbolic.abc.txt	data/chorale-bricks/Jan_DuGrosserSchmerzensmann/symbolic.abc.txt	44	"[""44"", ""none of the other options is correct"", ""1"", ""14"", ""40""]"	0.2	0	"[""A"", ""B"", ""C"", ""D"", ""E""]"	"{""A"": ""none of the other options is correct"", ""B"": ""1"", ""C"": ""44"", ""D"": ""14"", ""E"": ""40""}"	"[""(A) none of the other options is correct"", ""(B) 1"", ""(C) 44"", ""(D) 14"", ""(E) 40""]"	(C) 44	C
ab0958be-efa5-5edf-9225-d51ea1466001	6	perception	rhythm	absolute	rhythm-absolute	rhythmic-recognition		note length statistics	What is the total count of {rhythm}-note units in the {voice} line?	"[""rhythm"", ""voice""]"	get_rhythm_count		rhythm	"{""rhythm"": ""quarter"", ""voice"": ""alto""}"	What is the total count of quarter-note units in the alto line?	Jan_DuGrosserSchmerzensmann	chorale-bricks	Jan_DuGrosserSchmerzensmann	data/chorale-bricks/Jan_DuGrosserSchmerzensmann	44	"[""1"", ""2"", ""14"", ""15"", ""40"", ""42""]"	"[""1"", ""14"", ""40"", ""2"", ""15"", ""42""]"	visual	visual.short.png	data/chorale-bricks/Jan_DuGrosserSchmerzensmann/visual.short.png	44	"[""44"", ""none of the other options is correct"", ""1"", ""14"", ""40""]"	0.2	0	"[""A"", ""B"", ""C"", ""D"", ""E""]"	"{""A"": ""40"", ""B"": ""1"", ""C"": ""44"", ""D"": ""none of the other options is correct"", ""E"": ""14""}"	"[""(A) 40"", ""(B) 1"", ""(C) 44"", ""(D) none of the other options is correct"", ""(E) 14""]"	(C) 44	C
c788f35a-595c-5713-93cd-086b8cd51ca1	6	perception	rhythm	absolute	rhythm-absolute	rhythmic-recognition		note length statistics	What is the total count of {rhythm}-note units in the {voice} line?	"[""rhythm"", ""voice""]"	get_rhythm_count		rhythm	"{""rhythm"": ""dotted-half"", ""voice"": ""bass""}"	What is the total count of dotted-half-note units in the bass line?	Crueger_AufAufMeinHerzMitFreuden	chorale-bricks	Crueger_AufAufMeinHerzMitFreuden	data/chorale-bricks/Crueger_AufAufMeinHerzMitFreuden	3	"[""1"", ""4"", ""9"", ""10"", ""15"", ""18"", ""19"", ""31"", ""35""]"	"[""1"", ""18"", ""10"", ""35"", ""9"", ""4"", ""31"", ""19"", ""15""]"	audio	audio.mastermix.wav	data/chorale-bricks/Crueger_AufAufMeinHerzMitFreuden/audio.mastermix.wav	3	"[""3"", ""none of the other options is correct"", ""1"", ""18"", ""10""]"	0.2	0	"[""A"", ""B"", ""C"", ""D"", ""E""]"	"{""A"": ""none of the other options is correct"", ""B"": ""3"", ""C"": ""1"", ""D"": ""18"", ""E"": ""10""}"	"[""(A) none of the other options is correct"", ""(B) 3"", ""(C) 1"", ""(D) 18"", ""(E) 10""]"	(B) 3	B
81f9edb1-329a-5cdd-9266-51c39263be58	6	perception	rhythm	absolute	rhythm-absolute	rhythmic-recognition		note length statistics	What is the total count of {rhythm}-note units in the {voice} line?	"[""rhythm"", ""voice""]"	get_rhythm_count		rhythm	"{""rhythm"": ""dotted-half"", ""voice"": ""bass""}"	What is the total count of dotted-half-note units in the bass line?	Crueger_AufAufMeinHerzMitFreuden	chorale-bricks	Crueger_AufAufMeinHerzMitFreuden	data/chorale-bricks/Crueger_AufAufMeinHerzMitFreuden	3	"[""1"", ""4"", ""9"", ""10"", ""15"", ""18"", ""19"", ""31"", ""35""]"	"[""1"", ""18"", ""10"", ""35"", ""9"", ""4"", ""31"", ""19"", ""15""]"	symbolic	symbolic.abc.txt	data/chorale-bricks/Crueger_AufAufMeinHerzMitFreuden/symbolic.abc.txt	3	"[""3"", ""none of the other options is correct"", ""1"", ""18"", ""10""]"	0.2	0	"[""A"", ""B"", ""C"", ""D"", ""E""]"	"{""A"": ""18"", ""B"": ""3"", ""C"": ""10"", ""D"": ""none of the other options is correct"", ""E"": ""1""}"	"[""(A) 18"", ""(B) 3"", ""(C) 10"", ""(D) none of the other options is correct"", ""(E) 1""]"	(B) 3	B
815d8c5e-0b00-5e45-929f-b7353ada2d3d	6	perception	rhythm	absolute	rhythm-absolute	rhythmic-recognition		note length statistics	What is the total count of {rhythm}-note units in the {voice} line?	"[""rhythm"", ""voice""]"	get_rhythm_count		rhythm	"{""rhythm"": ""dotted-half"", ""voice"": ""bass""}"	What is the total count of dotted-half-note units in the bass line?	Crueger_AufAufMeinHerzMitFreuden	chorale-bricks	Crueger_AufAufMeinHerzMitFreuden	data/chorale-bricks/Crueger_AufAufMeinHerzMitFreuden	3	"[""1"", ""4"", ""9"", ""10"", ""15"", ""18"", ""19"", ""31"", ""35""]"	"[""1"", ""18"", ""10"", ""35"", ""9"", ""4"", ""31"", ""19"", ""15""]"	visual	visual.short.png	data/chorale-bricks/Crueger_AufAufMeinHerzMitFreuden/visual.short.png	3	"[""3"", ""none of the other options is correct"", ""1"", ""18"", ""10""]"	0.2	0	"[""A"", ""B"", ""C"", ""D"", ""E""]"	"{""A"": ""10"", ""B"": ""18"", ""C"": ""none of the other options is correct"", ""D"": ""3"", ""E"": ""1""}"	"[""(A) 10"", ""(B) 18"", ""(C) none of the other options is correct"", ""(D) 3"", ""(E) 1""]"	(D) 3	D
4aad8789-027a-5d89-a303-aeb1b36f49a4	6	perception	rhythm	absolute	rhythm-absolute	rhythmic-recognition		note length statistics	What is the total count of {rhythm}-note units in the {voice} line?	"[""rhythm"", ""voice""]"	get_rhythm_count		rhythm	"{""rhythm"": ""dotted-maxima"", ""voice"": ""tenor""}"	What is the total count of dotted-maxima-note units in the tenor line?	Gesius_BefiehlDuDeineWege	chorale-bricks	Gesius_BefiehlDuDeineWege	data/chorale-bricks/Gesius_BefiehlDuDeineWege	0	"[""1"", ""5"", ""6"", ""7"", ""48"", ""50"", ""52""]"	"[""7"", ""5"", ""48"", ""50"", ""1"", ""52"", ""6""]"	audio	audio.mastermix.wav	data/chorale-bricks/Gesius_BefiehlDuDeineWege/audio.mastermix.wav	0	"[""0"", ""none of the other options is correct"", ""7"", ""5"", ""48""]"	0.2	0	"[""A"", ""B"", ""C"", ""D"", ""E""]"	"{""A"": ""7"", ""B"": ""none of the other options is correct"", ""C"": ""5"", ""D"": ""0"", ""E"": ""48""}"	"[""(A) 7"", ""(B) none of the other options is correct"", ""(C) 5"", ""(D) 0"", ""(E) 48""]"	(D) 0	D
d1e9a55d-99ea-5dcc-a587-abc2eca66b40	6	perception	rhythm	absolute	rhythm-absolute	rhythmic-recognition		note length statistics	What is the total count of {rhythm}-note units in the {voice} line?	"[""rhythm"", ""voice""]"	get_rhythm_count		rhythm	"{""rhythm"": ""dotted-maxima"", ""voice"": ""tenor""}"	What is the total count of dotted-maxima-note units in the tenor line?	Gesius_BefiehlDuDeineWege	chorale-bricks	Gesius_BefiehlDuDeineWege	data/chorale-bricks/Gesius_BefiehlDuDeineWege	0	"[""1"", ""5"", ""6"", ""7"", ""48"", ""50"", ""52""]"	"[""7"", ""5"", ""48"", ""50"", ""1"", ""52"", ""6""]"	symbolic	symbolic.abc.txt	data/chorale-bricks/Gesius_BefiehlDuDeineWege/symbolic.abc.txt	none of the other options is correct	"[""none of the other options is correct"", ""7"", ""5"", ""48"", ""50""]"	0.2	1	"[""A"", ""B"", ""C"", ""D"", ""E""]"	"{""A"": ""50"", ""B"": ""5"", ""C"": ""none of the other options is correct"", ""D"": ""48"", ""E"": ""7""}"	"[""(A) 50"", ""(B) 5"", ""(C) none of the other options is correct"", ""(D) 48"", ""(E) 7""]"	(C) none of the other options is correct	C
f1881a60-da1a-54a0-90fe-e64639545f47	6	perception	rhythm	absolute	rhythm-absolute	rhythmic-recognition		note length statistics	What is the total count of {rhythm}-note units in the {voice} line?	"[""rhythm"", ""voice""]"	get_rhythm_count		rhythm	"{""rhythm"": ""dotted-maxima"", ""voice"": ""tenor""}"	What is the total count of dotted-maxima-note units in the tenor line?	Gesius_BefiehlDuDeineWege	chorale-bricks	Gesius_BefiehlDuDeineWege	data/chorale-bricks/Gesius_BefiehlDuDeineWege	0	"[""1"", ""5"", ""6"", ""7"", ""48"", ""50"", ""52""]"	"[""7"", ""5"", ""48"", ""50"", ""1"", ""52"", ""6""]"	visual	visual.short.png	data/chorale-bricks/Gesius_BefiehlDuDeineWege/visual.short.png	none of the other options is correct	"[""none of the other options is correct"", ""7"", ""5"", ""48"", ""50""]"	0.2	1	"[""A"", ""B"", ""C"", ""D"", ""E""]"	"{""A"": ""5"", ""B"": ""50"", ""C"": ""none of the other options is correct"", ""D"": ""7"", ""E"": ""48""}"	"[""(A) 5"", ""(B) 50"", ""(C) none of the other options is correct"", ""(D) 7"", ""(E) 48""]"	(C) none of the other options is correct	C
0abe21a1-d63b-5061-9d69-fd7efdedb95d	6	perception	rhythm	absolute	rhythm-absolute	rhythmic-recognition		note length statistics	What is the total count of {rhythm}-note units in the {voice} line?	"[""rhythm"", ""voice""]"	get_rhythm_count		rhythm	"{""rhythm"": ""quarter"", ""voice"": ""alto""}"	What is the total count of quarter-note units in the alto line?	Vulpius_ChristusDerIstMeinLeben	chorale-bricks	Vulpius_ChristusDerIstMeinLeben	data/chorale-bricks/Vulpius_ChristusDerIstMeinLeben	22	"[""1"", ""2"", ""3"", ""4"", ""5"", ""21"", ""23""]"	"[""3"", ""4"", ""2"", ""23"", ""21"", ""5"", ""1""]"	audio	audio.mastermix.wav	data/chorale-bricks/Vulpius_ChristusDerIstMeinLeben/audio.mastermix.wav	22	"[""22"", ""none of the other options is correct"", ""3"", ""4"", ""2""]"	0.2	0	"[""A"", ""B"", ""C"", ""D"", ""E""]"	"{""A"": ""4"", ""B"": ""3"", ""C"": ""none of the other options is correct"", ""D"": ""2"", ""E"": ""22""}"	"[""(A) 4"", ""(B) 3"", ""(C) none of the other options is correct"", ""(D) 2"", ""(E) 22""]"	(E) 22	E
b2ca9122-d943-5220-876f-323e9dffeda8	6	perception	rhythm	absolute	rhythm-absolute	rhythmic-recognition		note length statistics	What is the total count of {rhythm}-note units in the {voice} line?	"[""rhythm"", ""voice""]"	get_rhythm_count		rhythm	"{""rhythm"": ""quarter"", ""voice"": ""alto""}"	What is the total count of quarter-note units in the alto line?	Vulpius_ChristusDerIstMeinLeben	chorale-bricks	Vulpius_ChristusDerIstMeinLeben	data/chorale-bricks/Vulpius_ChristusDerIstMeinLeben	22	"[""1"", ""2"", ""3"", ""4"", ""5"", ""21"", ""23""]"	"[""3"", ""4"", ""2"", ""23"", ""21"", ""5"", ""1""]"	symbolic	symbolic.abc.txt	data/chorale-bricks/Vulpius_ChristusDerIstMeinLeben/symbolic.abc.txt	22	"[""22"", ""none of the other options is correct"", ""3"", ""4"", ""2""]"	0.2	0	"[""A"", ""B"", ""C"", ""D"", ""E""]"	"{""A"": ""22"", ""B"": ""4"", ""C"": ""none of the other options is correct"", ""D"": ""2"", ""E"": ""3""}"	"[""(A) 22"", ""(B) 4"", ""(C) none of the other options is correct"", ""(D) 2"", ""(E) 3""]"	(A) 22	A
33755ad8-ba6b-5ebc-b3ed-c50ab26a91fd	6	perception	rhythm	absolute	rhythm-absolute	rhythmic-recognition		note length statistics	What is the total count of {rhythm}-note units in the {voice} line?	"[""rhythm"", ""voice""]"	get_rhythm_count		rhythm	"{""rhythm"": ""quarter"", ""voice"": ""alto""}"	What is the total count of quarter-note units in the alto line?	Vulpius_ChristusDerIstMeinLeben	chorale-bricks	Vulpius_ChristusDerIstMeinLeben	data/chorale-bricks/Vulpius_ChristusDerIstMeinLeben	22	"[""1"", ""2"", ""3"", ""4"", ""5"", ""21"", ""23""]"	"[""3"", ""4"", ""2"", ""23"", ""21"", ""5"", ""1""]"	visual	visual.short.png	data/chorale-bricks/Vulpius_ChristusDerIstMeinLeben/visual.short.png	22	"[""22"", ""none of the other options is correct"", ""3"", ""4"", ""2""]"	0.2	0	"[""A"", ""B"", ""C"", ""D"", ""E""]"	"{""A"": ""none of the other options is correct"", ""B"": ""22"", ""C"": ""3"", ""D"": ""2"", ""E"": ""4""}"	"[""(A) none of the other options is correct"", ""(B) 22"", ""(C) 3"", ""(D) 2"", ""(E) 4""]"	(B) 22	B
e7262fd0-ac3f-581e-a20d-62204d6896e4	6	perception	rhythm	absolute	rhythm-absolute	rhythmic-recognition		note length statistics	What is the total count of {rhythm}-note units in the {voice} line?	"[""rhythm"", ""voice""]"	get_rhythm_count		rhythm	"{""rhythm"": ""dotted-half"", ""voice"": ""alto""}"	What is the total count of dotted-half-note units in the alto line?	Anonymous_AusMeinesHerzensGrunde	chorale-bricks	Anonymous_AusMeinesHerzensGrunde	data/chorale-bricks/Anonymous_AusMeinesHerzensGrunde	5	"[""1"", ""3"", ""4"", ""20"", ""23"", ""33"", ""34"", ""36""]"	"[""3"", ""34"", ""23"", ""20"", ""36"", ""1"", ""4"", ""33""]"	audio	audio.mastermix.wav	data/chorale-bricks/Anonymous_AusMeinesHerzensGrunde/audio.mastermix.wav	5	"[""5"", ""none of the other options is correct"", ""3"", ""34"", ""23""]"	0.2	0	"[""A"", ""B"", ""C"", ""D"", ""E""]"	"{""A"": ""34"", ""B"": ""5"", ""C"": ""none of the other options is correct"", ""D"": ""23"", ""E"": ""3""}"	"[""(A) 34"", ""(B) 5"", ""(C) none of the other options is correct"", ""(D) 23"", ""(E) 3""]"	(B) 5	B
702ad841-8afa-55a2-ab59-2eba811cb39c	6	perception	rhythm	absolute	rhythm-absolute	rhythmic-recognition		note length statistics	What is the total count of {rhythm}-note units in the {voice} line?	"[""rhythm"", ""voice""]"	get_rhythm_count		rhythm	"{""rhythm"": ""dotted-half"", ""voice"": ""alto""}"	What is the total count of dotted-half-note units in the alto line?	Anonymous_AusMeinesHerzensGrunde	chorale-bricks	Anonymous_AusMeinesHerzensGrunde	data/chorale-bricks/Anonymous_AusMeinesHerzensGrunde	5	"[""1"", ""3"", ""4"", ""20"", ""23"", ""33"", ""34"", ""36""]"	"[""3"", ""34"", ""23"", ""20"", ""36"", ""1"", ""4"", ""33""]"	symbolic	symbolic.abc.txt	data/chorale-bricks/Anonymous_AusMeinesHerzensGrunde/symbolic.abc.txt	5	"[""5"", ""none of the other options is correct"", ""3"", ""34"", ""23""]"	0.2	0	"[""A"", ""B"", ""C"", ""D"", ""E""]"	"{""A"": ""3"", ""B"": ""23"", ""C"": ""none of the other options is correct"", ""D"": ""5"", ""E"": ""34""}"	"[""(A) 3"", ""(B) 23"", ""(C) none of the other options is correct"", ""(D) 5"", ""(E) 34""]"	(D) 5	D
25ae5547-b816-5a8e-8584-84c8b840bb1f	6	perception	rhythm	absolute	rhythm-absolute	rhythmic-recognition		note length statistics	What is the total count of {rhythm}-note units in the {voice} line?	"[""rhythm"", ""voice""]"	get_rhythm_count		rhythm	"{""rhythm"": ""dotted-half"", ""voice"": ""alto""}"	What is the total count of dotted-half-note units in the alto line?	Anonymous_AusMeinesHerzensGrunde	chorale-bricks	Anonymous_AusMeinesHerzensGrunde	data/chorale-bricks/Anonymous_AusMeinesHerzensGrunde	5	"[""1"", ""3"", ""4"", ""20"", ""23"", ""33"", ""34"", ""36""]"	"[""3"", ""34"", ""23"", ""20"", ""36"", ""1"", ""4"", ""33""]"	visual	visual.short.png	data/chorale-bricks/Anonymous_AusMeinesHerzensGrunde/visual.short.png	5	"[""5"", ""none of the other options is correct"", ""3"", ""34"", ""23""]"	0.2	0	"[""A"", ""B"", ""C"", ""D"", ""E""]"	"{""A"": ""23"", ""B"": ""5"", ""C"": ""34"", ""D"": ""none of the other options is correct"", ""E"": ""3""}"	"[""(A) 23"", ""(B) 5"", ""(C) 34"", ""(D) none of the other options is correct"", ""(E) 3""]"	(B) 5	B
b0a76cd6-c2c7-5ce5-bc53-77fcca7b7436	6	perception	rhythm	absolute	rhythm-absolute	rhythmic-recognition		note length statistics	What is the total count of {rhythm}-note units in the {voice} line?	"[""rhythm"", ""voice""]"	get_rhythm_count		rhythm	"{""rhythm"": ""half"", ""voice"": ""bass""}"	What is the total count of half-note units in the bass line?	Crueger_AufAufMeinHerzMitFreuden	chorale-bricks	Crueger_AufAufMeinHerzMitFreuden	data/chorale-bricks/Crueger_AufAufMeinHerzMitFreuden	18	"[""1"", ""3"", ""4"", ""9"", ""10"", ""15"", ""19"", ""31"", ""35""]"	"[""4"", ""3"", ""10"", ""9"", ""35"", ""15"", ""19"", ""31"", ""1""]"	audio	audio.mastermix.wav	data/chorale-bricks/Crueger_AufAufMeinHerzMitFreuden/audio.mastermix.wav	18	"[""18"", ""none of the other options is correct"", ""4"", ""3"", ""10""]"	0.2	0	"[""A"", ""B"", ""C"", ""D"", ""E""]"	"{""A"": ""10"", ""B"": ""none of the other options is correct"", ""C"": ""4"", ""D"": ""18"", ""E"": ""3""}"	"[""(A) 10"", ""(B) none of the other options is correct"", ""(C) 4"", ""(D) 18"", ""(E) 3""]"	(D) 18	D
4bcd6dfe-5e2e-5231-b5d0-9a10d33174e1	6	perception	rhythm	absolute	rhythm-absolute	rhythmic-recognition		note length statistics	What is the total count of {rhythm}-note units in the {voice} line?	"[""rhythm"", ""voice""]"	get_rhythm_count		rhythm	"{""rhythm"": ""half"", ""voice"": ""bass""}"	What is the total count of half-note units in the bass line?	Crueger_AufAufMeinHerzMitFreuden	chorale-bricks	Crueger_AufAufMeinHerzMitFreuden	data/chorale-bricks/Crueger_AufAufMeinHerzMitFreuden	18	"[""1"", ""3"", ""4"", ""9"", ""10"", ""15"", ""19"", ""31"", ""35""]"	"[""4"", ""3"", ""10"", ""9"", ""35"", ""15"", ""19"", ""31"", ""1""]"	symbolic	symbolic.abc.txt	data/chorale-bricks/Crueger_AufAufMeinHerzMitFreuden/symbolic.abc.txt	18	"[""18"", ""none of the other options is correct"", ""4"", ""3"", ""10""]"	0.2	0	"[""A"", ""B"", ""C"", ""D"", ""E""]"	"{""A"": ""18"", ""B"": ""4"", ""C"": ""none of the other options is correct"", ""D"": ""10"", ""E"": ""3""}"	"[""(A) 18"", ""(B) 4"", ""(C) none of the other options is correct"", ""(D) 10"", ""(E) 3""]"	(A) 18	A
a36ce8a6-0751-503b-b3fc-ab4f76135552	6	perception	rhythm	absolute	rhythm-absolute	rhythmic-recognition		note length statistics	What is the total count of {rhythm}-note units in the {voice} line?	"[""rhythm"", ""voice""]"	get_rhythm_count		rhythm	"{""rhythm"": ""half"", ""voice"": ""bass""}"	What is the total count of half-note units in the bass line?	Crueger_AufAufMeinHerzMitFreuden	chorale-bricks	Crueger_AufAufMeinHerzMitFreuden	data/chorale-bricks/Crueger_AufAufMeinHerzMitFreuden	18	"[""1"", ""3"", ""4"", ""9"", ""10"", ""15"", ""19"", ""31"", ""35""]"	"[""4"", ""3"", ""10"", ""9"", ""35"", ""15"", ""19"", ""31"", ""1""]"	visual	visual.short.png	data/chorale-bricks/Crueger_AufAufMeinHerzMitFreuden/visual.short.png	18	"[""18"", ""none of the other options is correct"", ""4"", ""3"", ""10""]"	0.2	0	"[""A"", ""B"", ""C"", ""D"", ""E""]"	"{""A"": ""3"", ""B"": ""none of the other options is correct"", ""C"": ""18"", ""D"": ""10"", ""E"": ""4""}"	"[""(A) 3"", ""(B) none of the other options is correct"", ""(C) 18"", ""(D) 10"", ""(E) 4""]"	(C) 18	C
1048b09c-13dd-5742-b683-df923ff8592d	6	perception	rhythm	absolute	rhythm-absolute	rhythmic-recognition		note length statistics	What is the total count of {rhythm}-note units in the {voice} line?	"[""rhythm"", ""voice""]"	get_rhythm_count		rhythm	"{""rhythm"": ""512th"", ""voice"": ""tenor""}"	What is the total count of 512th-note units in the tenor line?	Gesius_BefiehlDuDeineWege	chorale-bricks	Gesius_BefiehlDuDeineWege	data/chorale-bricks/Gesius_BefiehlDuDeineWege	0	"[""1"", ""5"", ""6"", ""7"", ""48"", ""50"", ""52""]"	"[""50"", ""7"", ""5"", ""48"", ""1"", ""6"", ""52""]"	audio	audio.mastermix.wav	data/chorale-bricks/Gesius_BefiehlDuDeineWege/audio.mastermix.wav	0	"[""0"", ""none of the other options is correct"", ""50"", ""7"", ""5""]"	0.2	0	"[""A"", ""B"", ""C"", ""D"", ""E""]"	"{""A"": ""7"", ""B"": ""5"", ""C"": ""50"", ""D"": ""0"", ""E"": ""none of the other options is correct""}"	"[""(A) 7"", ""(B) 5"", ""(C) 50"", ""(D) 0"", ""(E) none of the other options is correct""]"	(D) 0	D
d93e9741-2733-5e1c-8459-6644082e1255	6	perception	rhythm	absolute	rhythm-absolute	rhythmic-recognition		note length statistics	What is the total count of {rhythm}-note units in the {voice} line?	"[""rhythm"", ""voice""]"	get_rhythm_count		rhythm	"{""rhythm"": ""512th"", ""voice"": ""tenor""}"	What is the total count of 512th-note units in the tenor line?	Gesius_BefiehlDuDeineWege	chorale-bricks	Gesius_BefiehlDuDeineWege	data/chorale-bricks/Gesius_BefiehlDuDeineWege	0	"[""1"", ""5"", ""6"", ""7"", ""48"", ""50"", ""52""]"	"[""50"", ""7"", ""5"", ""48"", ""1"", ""6"", ""52""]"	symbolic	symbolic.abc.txt	data/chorale-bricks/Gesius_BefiehlDuDeineWege/symbolic.abc.txt	0	"[""0"", ""none of the other options is correct"", ""50"", ""7"", ""5""]"	0.2	0	"[""A"", ""B"", ""C"", ""D"", ""E""]"	"{""A"": ""5"", ""B"": ""7"", ""C"": ""0"", ""D"": ""50"", ""E"": ""none of the other options is correct""}"	"[""(A) 5"", ""(B) 7"", ""(C) 0"", ""(D) 50"", ""(E) none of the other options is correct""]"	(C) 0	C
b1b935dc-4b86-5866-89cb-aeed173e63fa	6	perception	rhythm	absolute	rhythm-absolute	rhythmic-recognition		note length statistics	What is the total count of {rhythm}-note units in the {voice} line?	"[""rhythm"", ""voice""]"	get_rhythm_count		rhythm	"{""rhythm"": ""512th"", ""voice"": ""tenor""}"	What is the total count of 512th-note units in the tenor line?	Gesius_BefiehlDuDeineWege	chorale-bricks	Gesius_BefiehlDuDeineWege	data/chorale-bricks/Gesius_BefiehlDuDeineWege	0	"[""1"", ""5"", ""6"", ""7"", ""48"", ""50"", ""52""]"	"[""50"", ""7"", ""5"", ""48"", ""1"", ""6"", ""52""]"	visual	visual.short.png	data/chorale-bricks/Gesius_BefiehlDuDeineWege/visual.short.png	none of the other options is correct	"[""none of the other options is correct"", ""50"", ""7"", ""5"", ""48""]"	0.2	1	"[""A"", ""B"", ""C"", ""D"", ""E""]"	"{""A"": ""7"", ""B"": ""50"", ""C"": ""none of the other options is correct"", ""D"": ""48"", ""E"": ""5""}"	"[""(A) 7"", ""(B) 50"", ""(C) none of the other options is correct"", ""(D) 48"", ""(E) 5""]"	(C) none of the other options is correct	C
bfc50f39-411b-5b6b-80fa-4f92b5f51a28	6	perception	rhythm	absolute	rhythm-absolute	rhythmic-recognition		note length statistics	What is the total count of {rhythm}-note units in the {voice} line?	"[""rhythm"", ""voice""]"	get_rhythm_count		rhythm	"{""rhythm"": ""16th"", ""voice"": ""alto""}"	What is the total count of 16th-note units in the alto line?	Crueger_AufAufMeinHerzMitFreuden	chorale-bricks	Crueger_AufAufMeinHerzMitFreuden	data/chorale-bricks/Crueger_AufAufMeinHerzMitFreuden	0	"[""1"", ""3"", ""4"", ""9"", ""10"", ""15"", ""18"", ""19"", ""31"", ""35""]"	"[""18"", ""15"", ""19"", ""4"", ""10"", ""3"", ""1"", ""9"", ""31"", ""35""]"	audio	audio.mastermix.wav	data/chorale-bricks/Crueger_AufAufMeinHerzMitFreuden/audio.mastermix.wav	0	"[""0"", ""none of the other options is correct"", ""18"", ""15"", ""19""]"	0.2	0	"[""A"", ""B"", ""C"", ""D"", ""E""]"	"{""A"": ""none of the other options is correct"", ""B"": ""19"", ""C"": ""15"", ""D"": ""18"", ""E"": ""0""}"	"[""(A) none of the other options is correct"", ""(B) 19"", ""(C) 15"", ""(D) 18"", ""(E) 0""]"	(E) 0	E
1cc933bd-68cd-5ab0-a98c-a57e99b1c5ca	6	perception	rhythm	absolute	rhythm-absolute	rhythmic-recognition		note length statistics	What is the total count of {rhythm}-note units in the {voice} line?	"[""rhythm"", ""voice""]"	get_rhythm_count		rhythm	"{""rhythm"": ""16th"", ""voice"": ""alto""}"	What is the total count of 16th-note units in the alto line?	Crueger_AufAufMeinHerzMitFreuden	chorale-bricks	Crueger_AufAufMeinHerzMitFreuden	data/chorale-bricks/Crueger_AufAufMeinHerzMitFreuden	0	"[""1"", ""3"", ""4"", ""9"", ""10"", ""15"", ""18"", ""19"", ""31"", ""35""]"	"[""18"", ""15"", ""19"", ""4"", ""10"", ""3"", ""1"", ""9"", ""31"", ""35""]"	symbolic	symbolic.abc.txt	data/chorale-bricks/Crueger_AufAufMeinHerzMitFreuden/symbolic.abc.txt	0	"[""0"", ""none of the other options is correct"", ""18"", ""15"", ""19""]"	0.2	0	"[""A"", ""B"", ""C"", ""D"", ""E""]"	"{""A"": ""0"", ""B"": ""19"", ""C"": ""18"", ""D"": ""none of the other options is correct"", ""E"": ""15""}"	"[""(A) 0"", ""(B) 19"", ""(C) 18"", ""(D) none of the other options is correct"", ""(E) 15""]"	(A) 0	A
3cd28859-2d7a-5001-b0e8-51f892aab854	6	perception	rhythm	absolute	rhythm-absolute	rhythmic-recognition		note length statistics	What is the total count of {rhythm}-note units in the {voice} line?	"[""rhythm"", ""voice""]"	get_rhythm_count		rhythm	"{""rhythm"": ""16th"", ""voice"": ""alto""}"	What is the total count of 16th-note units in the alto line?	Crueger_AufAufMeinHerzMitFreuden	chorale-bricks	Crueger_AufAufMeinHerzMitFreuden	data/chorale-bricks/Crueger_AufAufMeinHerzMitFreuden	0	"[""1"", ""3"", ""4"", ""9"", ""10"", ""15"", ""18"", ""19"", ""31"", ""35""]"	"[""18"", ""15"", ""19"", ""4"", ""10"", ""3"", ""1"", ""9"", ""31"", ""35""]"	visual	visual.short.png	data/chorale-bricks/Crueger_AufAufMeinHerzMitFreuden/visual.short.png	0	"[""0"", ""none of the other options is correct"", ""18"", ""15"", ""19""]"	0.2	0	"[""A"", ""B"", ""C"", ""D"", ""E""]"	"{""A"": ""15"", ""B"": ""none of the other options is correct"", ""C"": ""19"", ""D"": ""18"", ""E"": ""0""}"	"[""(A) 15"", ""(B) none of the other options is correct"", ""(C) 19"", ""(D) 18"", ""(E) 0""]"	(E) 0	E
a181dc35-38d0-5b63-9f1b-ba006b3e2d8d	6	perception	rhythm	absolute	rhythm-absolute	rhythmic-recognition		note length statistics	What is the total count of {rhythm}-note units in the {voice} line?	"[""rhythm"", ""voice""]"	get_rhythm_count		rhythm	"{""rhythm"": ""dotted-quarter"", ""voice"": ""alto""}"	What is the total count of dotted-quarter-note units in the alto line?	Bach_IchStehAnDeinerKrippe	chorale-bricks	Bach_IchStehAnDeinerKrippe	data/chorale-bricks/Bach_IchStehAnDeinerKrippe	4	"[""3"", ""6"", ""10"", ""37"", ""43""]"	"[""10"", ""43"", ""6"", ""37"", ""3""]"	audio	audio.mastermix.wav	data/chorale-bricks/Bach_IchStehAnDeinerKrippe/audio.mastermix.wav	4	"[""4"", ""none of the other options is correct"", ""10"", ""43"", ""6""]"	0.2	0	"[""A"", ""B"", ""C"", ""D"", ""E""]"	"{""A"": ""4"", ""B"": ""none of the other options is correct"", ""C"": ""10"", ""D"": ""43"", ""E"": ""6""}"	"[""(A) 4"", ""(B) none of the other options is correct"", ""(C) 10"", ""(D) 43"", ""(E) 6""]"	(A) 4	A
067ac157-c5e1-5f0e-934e-5d6d8c82f319	6	perception	rhythm	absolute	rhythm-absolute	rhythmic-recognition		note length statistics	What is the total count of {rhythm}-note units in the {voice} line?	"[""rhythm"", ""voice""]"	get_rhythm_count		rhythm	"{""rhythm"": ""dotted-quarter"", ""voice"": ""alto""}"	What is the total count of dotted-quarter-note units in the alto line?	Bach_IchStehAnDeinerKrippe	chorale-bricks	Bach_IchStehAnDeinerKrippe	data/chorale-bricks/Bach_IchStehAnDeinerKrippe	4	"[""3"", ""6"", ""10"", ""37"", ""43""]"	"[""10"", ""43"", ""6"", ""37"", ""3""]"	symbolic	symbolic.abc.txt	data/chorale-bricks/Bach_IchStehAnDeinerKrippe/symbolic.abc.txt	4	"[""4"", ""none of the other options is correct"", ""10"", ""43"", ""6""]"	0.2	0	"[""A"", ""B"", ""C"", ""D"", ""E""]"	"{""A"": ""43"", ""B"": ""none of the other options is correct"", ""C"": ""4"", ""D"": ""6"", ""E"": ""10""}"	"[""(A) 43"", ""(B) none of the other options is correct"", ""(C) 4"", ""(D) 6"", ""(E) 10""]"	(C) 4	C
7b4369cb-4c3b-5944-87c2-483f81726188	6	perception	rhythm	absolute	rhythm-absolute	rhythmic-recognition		note length statistics	What is the total count of {rhythm}-note units in the {voice} line?	"[""rhythm"", ""voice""]"	get_rhythm_count		rhythm	"{""rhythm"": ""dotted-quarter"", ""voice"": ""alto""}"	What is the total count of dotted-quarter-note units in the alto line?	Bach_IchStehAnDeinerKrippe	chorale-bricks	Bach_IchStehAnDeinerKrippe	data/chorale-bricks/Bach_IchStehAnDeinerKrippe	4	"[""3"", ""6"", ""10"", ""37"", ""43""]"	"[""10"", ""43"", ""6"", ""37"", ""3""]"	visual	visual.short.png	data/chorale-bricks/Bach_IchStehAnDeinerKrippe/visual.short.png	none of the other options is correct	"[""none of the other options is correct"", ""10"", ""43"", ""6"", ""37""]"	0.2	1	"[""A"", ""B"", ""C"", ""D"", ""E""]"	"{""A"": ""37"", ""B"": ""none of the other options is correct"", ""C"": ""10"", ""D"": ""6"", ""E"": ""43""}"	"[""(A) 37"", ""(B) none of the other options is correct"", ""(C) 10"", ""(D) 6"", ""(E) 43""]"	(B) none of the other options is correct	B
2254d124-6e28-518a-8516-67fd8732a8d1	6	perception	rhythm	absolute	rhythm-absolute	rhythmic-recognition		note length statistics	What is the total count of {rhythm}-note units in the {voice} line?	"[""rhythm"", ""voice""]"	get_rhythm_count		rhythm	"{""rhythm"": ""eighth"", ""voice"": ""soprano""}"	What is the total count of eighth-note units in the soprano line?	Drese_JesuGehVoran	chorale-bricks	Drese_JesuGehVoran	data/chorale-bricks/Drese_JesuGehVoran	16	"[""1"", ""4"", ""18"", ""19"", ""20""]"	"[""18"", ""1"", ""4"", ""20"", ""19""]"	audio	audio.mastermix.wav	data/chorale-bricks/Drese_JesuGehVoran/audio.mastermix.wav	16	"[""16"", ""none of the other options is correct"", ""18"", ""1"", ""4""]"	0.2	0	"[""A"", ""B"", ""C"", ""D"", ""E""]"	"{""A"": ""16"", ""B"": ""4"", ""C"": ""1"", ""D"": ""18"", ""E"": ""none of the other options is correct""}"	"[""(A) 16"", ""(B) 4"", ""(C) 1"", ""(D) 18"", ""(E) none of the other options is correct""]"	(A) 16	A
4cc9c5b8-6890-5ae0-bade-7bddb97905d8	6	perception	rhythm	absolute	rhythm-absolute	rhythmic-recognition		note length statistics	What is the total count of {rhythm}-note units in the {voice} line?	"[""rhythm"", ""voice""]"	get_rhythm_count		rhythm	"{""rhythm"": ""eighth"", ""voice"": ""soprano""}"	What is the total count of eighth-note units in the soprano line?	Drese_JesuGehVoran	chorale-bricks	Drese_JesuGehVoran	data/chorale-bricks/Drese_JesuGehVoran	16	"[""1"", ""4"", ""18"", ""19"", ""20""]"	"[""18"", ""1"", ""4"", ""20"", ""19""]"	symbolic	symbolic.abc.txt	data/chorale-bricks/Drese_JesuGehVoran/symbolic.abc.txt	none of the other options is correct	"[""none of the other options is correct"", ""18"", ""1"", ""4"", ""20""]"	0.2	1	"[""A"", ""B"", ""C"", ""D"", ""E""]"	"{""A"": ""20"", ""B"": ""4"", ""C"": ""1"", ""D"": ""18"", ""E"": ""none of the other options is correct""}"	"[""(A) 20"", ""(B) 4"", ""(C) 1"", ""(D) 18"", ""(E) none of the other options is correct""]"	(E) none of the other options is correct	E
fbaf9ed6-a013-5758-89d5-23c601be8350	6	perception	rhythm	absolute	rhythm-absolute	rhythmic-recognition		note length statistics	What is the total count of {rhythm}-note units in the {voice} line?	"[""rhythm"", ""voice""]"	get_rhythm_count		rhythm	"{""rhythm"": ""eighth"", ""voice"": ""soprano""}"	What is the total count of eighth-note units in the soprano line?	Drese_JesuGehVoran	chorale-bricks	Drese_JesuGehVoran	data/chorale-bricks/Drese_JesuGehVoran	16	"[""1"", ""4"", ""18"", ""19"", ""20""]"	"[""18"", ""1"", ""4"", ""20"", ""19""]"	visual	visual.short.png	data/chorale-bricks/Drese_JesuGehVoran/visual.short.png	16	"[""16"", ""none of the other options is correct"", ""18"", ""1"", ""4""]"	0.2	0	"[""A"", ""B"", ""C"", ""D"", ""E""]"	"{""A"": ""1"", ""B"": ""none of the other options is correct"", ""C"": ""4"", ""D"": ""16"", ""E"": ""18""}"	"[""(A) 1"", ""(B) none of the other options is correct"", ""(C) 4"", ""(D) 16"", ""(E) 18""]"	(D) 16	D
1e1ca239-c731-5165-b36d-f4383d617f43	6	perception	rhythm	absolute	rhythm-absolute	rhythmic-recognition		note length statistics	What is the total count of {rhythm}-note units in the {voice} line?	"[""rhythm"", ""voice""]"	get_rhythm_count		rhythm	"{""rhythm"": ""128th"", ""voice"": ""bass""}"	What is the total count of 128th-note units in the bass line?	Drese_JesuGehVoran	chorale-bricks	Drese_JesuGehVoran	data/chorale-bricks/Drese_JesuGehVoran	0	"[""1"", ""4"", ""16"", ""18"", ""19"", ""20""]"	"[""18"", ""20"", ""1"", ""16"", ""4"", ""19""]"	audio	audio.mastermix.wav	data/chorale-bricks/Drese_JesuGehVoran/audio.mastermix.wav	none of the other options is correct	"[""none of the other options is correct"", ""18"", ""20"", ""1"", ""16""]"	0.2	1	"[""A"", ""B"", ""C"", ""D"", ""E""]"	"{""A"": ""18"", ""B"": ""16"", ""C"": ""20"", ""D"": ""1"", ""E"": ""none of the other options is correct""}"	"[""(A) 18"", ""(B) 16"", ""(C) 20"", ""(D) 1"", ""(E) none of the other options is correct""]"	(E) none of the other options is correct	E
18eeeed6-5f0a-5141-ab91-79110756c203	6	perception	rhythm	absolute	rhythm-absolute	rhythmic-recognition		note length statistics	What is the total count of {rhythm}-note units in the {voice} line?	"[""rhythm"", ""voice""]"	get_rhythm_count		rhythm	"{""rhythm"": ""128th"", ""voice"": ""bass""}"	What is the total count of 128th-note units in the bass line?	Drese_JesuGehVoran	chorale-bricks	Drese_JesuGehVoran	data/chorale-bricks/Drese_JesuGehVoran	0	"[""1"", ""4"", ""16"", ""18"", ""19"", ""20""]"	"[""18"", ""20"", ""1"", ""16"", ""4"", ""19""]"	symbolic	symbolic.abc.txt	data/chorale-bricks/Drese_JesuGehVoran/symbolic.abc.txt	none of the other options is correct	"[""none of the other options is correct"", ""18"", ""20"", ""1"", ""16""]"	0.2	1	"[""A"", ""B"", ""C"", ""D"", ""E""]"	"{""A"": ""20"", ""B"": ""16"", ""C"": ""18"", ""D"": ""none of the other options is correct"", ""E"": ""1""}"	"[""(A) 20"", ""(B) 16"", ""(C) 18"", ""(D) none of the other options is correct"", ""(E) 1""]"	(D) none of the other options is correct	D
716ca567-32ad-539c-8fa6-1ff2b6df9daa	6	perception	rhythm	absolute	rhythm-absolute	rhythmic-recognition		note length statistics	What is the total count of {rhythm}-note units in the {voice} line?	"[""rhythm"", ""voice""]"	get_rhythm_count		rhythm	"{""rhythm"": ""128th"", ""voice"": ""bass""}"	What is the total count of 128th-note units in the bass line?	Drese_JesuGehVoran	chorale-bricks	Drese_JesuGehVoran	data/chorale-bricks/Drese_JesuGehVoran	0	"[""1"", ""4"", ""16"", ""18"", ""19"", ""20""]"	"[""18"", ""20"", ""1"", ""16"", ""4"", ""19""]"	visual	visual.short.png	data/chorale-bricks/Drese_JesuGehVoran/visual.short.png	none of the other options is correct	"[""none of the other options is correct"", ""18"", ""20"", ""1"", ""16""]"	0.2	1	"[""A"", ""B"", ""C"", ""D"", ""E""]"	"{""A"": ""none of the other options is correct"", ""B"": ""18"", ""C"": ""1"", ""D"": ""16"", ""E"": ""20""}"	"[""(A) none of the other options is correct"", ""(B) 18"", ""(C) 1"", ""(D) 16"", ""(E) 20""]"	(A) none of the other options is correct	A
fd36def1-f982-522c-bd5b-4805445cf69f	6	perception	rhythm	absolute	rhythm-absolute	rhythmic-recognition		note length statistics	What is the total count of {rhythm}-note units in the {voice} line?	"[""rhythm"", ""voice""]"	get_rhythm_count		rhythm	"{""rhythm"": ""quarter"", ""voice"": ""bass""}"	What is the total count of quarter-note units in the bass line?	Jan_DuGrosserSchmerzensmann	chorale-bricks	Jan_DuGrosserSchmerzensmann	data/chorale-bricks/Jan_DuGrosserSchmerzensmann	44	"[""1"", ""2"", ""14"", ""15"", ""40"", ""42""]"	"[""14"", ""15"", ""40"", ""1"", ""2"", ""42""]"	audio	audio.mastermix.wav	data/chorale-bricks/Jan_DuGrosserSchmerzensmann/audio.mastermix.wav	none of the other options is correct	"[""none of the other options is correct"", ""14"", ""15"", ""40"", ""1""]"	0.2	1	"[""A"", ""B"", ""C"", ""D"", ""E""]"	"{""A"": ""14"", ""B"": ""40"", ""C"": ""none of the other options is correct"", ""D"": ""1"", ""E"": ""15""}"	"[""(A) 14"", ""(B) 40"", ""(C) none of the other options is correct"", ""(D) 1"", ""(E) 15""]"	(C) none of the other options is correct	C
7ca5260e-9cdd-52a7-963e-b8ec8691f123	6	perception	rhythm	absolute	rhythm-absolute	rhythmic-recognition		note length statistics	What is the total count of {rhythm}-note units in the {voice} line?	"[""rhythm"", ""voice""]"	get_rhythm_count		rhythm	"{""rhythm"": ""quarter"", ""voice"": ""bass""}"	What is the total count of quarter-note units in the bass line?	Jan_DuGrosserSchmerzensmann	chorale-bricks	Jan_DuGrosserSchmerzensmann	data/chorale-bricks/Jan_DuGrosserSchmerzensmann	44	"[""1"", ""2"", ""14"", ""15"", ""40"", ""42""]"	"[""14"", ""15"", ""40"", ""1"", ""2"", ""42""]"	symbolic	symbolic.abc.txt	data/chorale-bricks/Jan_DuGrosserSchmerzensmann/symbolic.abc.txt	44	"[""44"", ""none of the other options is correct"", ""14"", ""15"", ""40""]"	0.2	0	"[""A"", ""B"", ""C"", ""D"", ""E""]"	"{""A"": ""40"", ""B"": ""15"", ""C"": ""none of the other options is correct"", ""D"": ""14"", ""E"": ""44""}"	"[""(A) 40"", ""(B) 15"", ""(C) none of the other options is correct"", ""(D) 14"", ""(E) 44""]"	(E) 44	E
a0ab5995-7f79-5f1d-88b7-128beff00f8d	6	perception	rhythm	absolute	rhythm-absolute	rhythmic-recognition		note length statistics	What is the total count of {rhythm}-note units in the {voice} line?	"[""rhythm"", ""voice""]"	get_rhythm_count		rhythm	"{""rhythm"": ""quarter"", ""voice"": ""bass""}"	What is the total count of quarter-note units in the bass line?	Jan_DuGrosserSchmerzensmann	chorale-bricks	Jan_DuGrosserSchmerzensmann	data/chorale-bricks/Jan_DuGrosserSchmerzensmann	44	"[""1"", ""2"", ""14"", ""15"", ""40"", ""42""]"	"[""14"", ""15"", ""40"", ""1"", ""2"", ""42""]"	visual	visual.short.png	data/chorale-bricks/Jan_DuGrosserSchmerzensmann/visual.short.png	44	"[""44"", ""none of the other options is correct"", ""14"", ""15"", ""40""]"	0.2	0	"[""A"", ""B"", ""C"", ""D"", ""E""]"	"{""A"": ""14"", ""B"": ""none of the other options is correct"", ""C"": ""15"", ""D"": ""40"", ""E"": ""44""}"	"[""(A) 14"", ""(B) none of the other options is correct"", ""(C) 15"", ""(D) 40"", ""(E) 44""]"	(E) 44	E
5373a0d4-e2f9-5947-83e6-0a998eead910	6	perception	rhythm	absolute	rhythm-absolute	rhythmic-recognition		note length statistics	What is the total count of {rhythm}-note units in the {voice} line?	"[""rhythm"", ""voice""]"	get_rhythm_count		rhythm	"{""rhythm"": ""maxima"", ""voice"": ""tenor""}"	What is the total count of maxima-note units in the tenor line?	Vulpius_ChristusDerIstMeinLeben	chorale-bricks	Vulpius_ChristusDerIstMeinLeben	data/chorale-bricks/Vulpius_ChristusDerIstMeinLeben	0	"[""1"", ""2"", ""3"", ""4"", ""5"", ""21"", ""22"", ""23""]"	"[""2"", ""4"", ""5"", ""1"", ""3"", ""21"", ""22"", ""23""]"	audio	audio.mastermix.wav	data/chorale-bricks/Vulpius_ChristusDerIstMeinLeben/audio.mastermix.wav	0	"[""0"", ""none of the other options is correct"", ""2"", ""4"", ""5""]"	0.2	0	"[""A"", ""B"", ""C"", ""D"", ""E""]"	"{""A"": ""none of the other options is correct"", ""B"": ""4"", ""C"": ""5"", ""D"": ""0"", ""E"": ""2""}"	"[""(A) none of the other options is correct"", ""(B) 4"", ""(C) 5"", ""(D) 0"", ""(E) 2""]"	(D) 0	D
46d8f39c-41b6-5431-b08e-e98622fb1ea6	6	perception	rhythm	absolute	rhythm-absolute	rhythmic-recognition		note length statistics	What is the total count of {rhythm}-note units in the {voice} line?	"[""rhythm"", ""voice""]"	get_rhythm_count		rhythm	"{""rhythm"": ""maxima"", ""voice"": ""tenor""}"	What is the total count of maxima-note units in the tenor line?	Vulpius_ChristusDerIstMeinLeben	chorale-bricks	Vulpius_ChristusDerIstMeinLeben	data/chorale-bricks/Vulpius_ChristusDerIstMeinLeben	0	"[""1"", ""2"", ""3"", ""4"", ""5"", ""21"", ""22"", ""23""]"	"[""2"", ""4"", ""5"", ""1"", ""3"", ""21"", ""22"", ""23""]"	symbolic	symbolic.abc.txt	data/chorale-bricks/Vulpius_ChristusDerIstMeinLeben/symbolic.abc.txt	0	"[""0"", ""none of the other options is correct"", ""2"", ""4"", ""5""]"	0.2	0	"[""A"", ""B"", ""C"", ""D"", ""E""]"	"{""A"": ""0"", ""B"": ""4"", ""C"": ""none of the other options is correct"", ""D"": ""5"", ""E"": ""2""}"	"[""(A) 0"", ""(B) 4"", ""(C) none of the other options is correct"", ""(D) 5"", ""(E) 2""]"	(A) 0	A
2023bfc6-1a1f-502b-8cd1-fe2cae2fe13a	6	perception	rhythm	absolute	rhythm-absolute	rhythmic-recognition		note length statistics	What is the total count of {rhythm}-note units in the {voice} line?	"[""rhythm"", ""voice""]"	get_rhythm_count		rhythm	"{""rhythm"": ""maxima"", ""voice"": ""tenor""}"	What is the total count of maxima-note units in the tenor line?	Vulpius_ChristusDerIstMeinLeben	chorale-bricks	Vulpius_ChristusDerIstMeinLeben	data/chorale-bricks/Vulpius_ChristusDerIstMeinLeben	0	"[""1"", ""2"", ""3"", ""4"", ""5"", ""21"", ""22"", ""23""]"	"[""2"", ""4"", ""5"", ""1"", ""3"", ""21"", ""22"", ""23""]"	visual	visual.short.png	data/chorale-bricks/Vulpius_ChristusDerIstMeinLeben/visual.short.png	0	"[""0"", ""none of the other options is correct"", ""2"", ""4"", ""5""]"	0.2	0	"[""A"", ""B"", ""C"", ""D"", ""E""]"	"{""A"": ""0"", ""B"": ""5"", ""C"": ""none of the other options is correct"", ""D"": ""2"", ""E"": ""4""}"	"[""(A) 0"", ""(B) 5"", ""(C) none of the other options is correct"", ""(D) 2"", ""(E) 4""]"	(A) 0	A
14543bab-dfcd-5f77-a656-a33860e70920	6	perception	rhythm	absolute	rhythm-absolute	rhythmic-recognition		note length statistics	What is the total count of {rhythm}-note units in the {voice} line?	"[""rhythm"", ""voice""]"	get_rhythm_count		rhythm	"{""rhythm"": ""half"", ""voice"": ""bass""}"	What is the total count of half-note units in the bass line?	Anonymous_AusMeinesHerzensGrunde	chorale-bricks	Anonymous_AusMeinesHerzensGrunde	data/chorale-bricks/Anonymous_AusMeinesHerzensGrunde	23	"[""1"", ""3"", ""4"", ""5"", ""20"", ""33"", ""34"", ""36""]"	"[""5"", ""36"", ""3"", ""33"", ""20"", ""34"", ""1"", ""4""]"	audio	audio.mastermix.wav	data/chorale-bricks/Anonymous_AusMeinesHerzensGrunde/audio.mastermix.wav	none of the other options is correct	"[""none of the other options is correct"", ""5"", ""36"", ""3"", ""33""]"	0.2	1	"[""A"", ""B"", ""C"", ""D"", ""E""]"	"{""A"": ""5"", ""B"": ""36"", ""C"": ""none of the other options is correct"", ""D"": ""33"", ""E"": ""3""}"	"[""(A) 5"", ""(B) 36"", ""(C) none of the other options is correct"", ""(D) 33"", ""(E) 3""]"	(C) none of the other options is correct	C
9fee6a56-e167-5009-b199-d134969f9535	6	perception	rhythm	absolute	rhythm-absolute	rhythmic-recognition		note length statistics	What is the total count of {rhythm}-note units in the {voice} line?	"[""rhythm"", ""voice""]"	get_rhythm_count		rhythm	"{""rhythm"": ""half"", ""voice"": ""bass""}"	What is the total count of half-note units in the bass line?	Anonymous_AusMeinesHerzensGrunde	chorale-bricks	Anonymous_AusMeinesHerzensGrunde	data/chorale-bricks/Anonymous_AusMeinesHerzensGrunde	23	"[""1"", ""3"", ""4"", ""5"", ""20"", ""33"", ""34"", ""36""]"	"[""5"", ""36"", ""3"", ""33"", ""20"", ""34"", ""1"", ""4""]"	symbolic	symbolic.abc.txt	data/chorale-bricks/Anonymous_AusMeinesHerzensGrunde/symbolic.abc.txt	23	"[""23"", ""none of the other options is correct"", ""5"", ""36"", ""3""]"	0.2	0	"[""A"", ""B"", ""C"", ""D"", ""E""]"	"{""A"": ""3"", ""B"": ""none of the other options is correct"", ""C"": ""23"", ""D"": ""5"", ""E"": ""36""}"	"[""(A) 3"", ""(B) none of the other options is correct"", ""(C) 23"", ""(D) 5"", ""(E) 36""]"	(C) 23	C
4a37d85a-6831-5d49-8bea-ade00017fcf5	6	perception	rhythm	absolute	rhythm-absolute	rhythmic-recognition		note length statistics	What is the total count of {rhythm}-note units in the {voice} line?	"[""rhythm"", ""voice""]"	get_rhythm_count		rhythm	"{""rhythm"": ""half"", ""voice"": ""bass""}"	What is the total count of half-note units in the bass line?	Anonymous_AusMeinesHerzensGrunde	chorale-bricks	Anonymous_AusMeinesHerzensGrunde	data/chorale-bricks/Anonymous_AusMeinesHerzensGrunde	23	"[""1"", ""3"", ""4"", ""5"", ""20"", ""33"", ""34"", ""36""]"	"[""5"", ""36"", ""3"", ""33"", ""20"", ""34"", ""1"", ""4""]"	visual	visual.short.png	data/chorale-bricks/Anonymous_AusMeinesHerzensGrunde/visual.short.png	23	"[""23"", ""none of the other options is correct"", ""5"", ""36"", ""3""]"	0.2	0	"[""A"", ""B"", ""C"", ""D"", ""E""]"	"{""A"": ""5"", ""B"": ""23"", ""C"": ""3"", ""D"": ""none of the other options is correct"", ""E"": ""36""}"	"[""(A) 5"", ""(B) 23"", ""(C) 3"", ""(D) none of the other options is correct"", ""(E) 36""]"	(B) 23	B
f0e5a9df-b2d5-59a2-a6c2-d6b8e7b3fb2b	6	perception	rhythm	absolute	rhythm-absolute	rhythmic-recognition		note length statistics	What is the total count of {rhythm}-note units in the {voice} line?	"[""rhythm"", ""voice""]"	get_rhythm_count		rhythm	"{""rhythm"": ""dotted-half"", ""voice"": ""tenor""}"	What is the total count of dotted-half-note units in the tenor line?	Vulpius_ChristusDerIstMeinLeben	chorale-bricks	Vulpius_ChristusDerIstMeinLeben	data/chorale-bricks/Vulpius_ChristusDerIstMeinLeben	1	"[""2"", ""3"", ""4"", ""5"", ""21"", ""22"", ""23""]"	"[""22"", ""3"", ""21"", ""5"", ""2"", ""4"", ""23""]"	audio	audio.mastermix.wav	data/chorale-bricks/Vulpius_ChristusDerIstMeinLeben/audio.mastermix.wav	1	"[""1"", ""none of the other options is correct"", ""22"", ""3"", ""21""]"	0.2	0	"[""A"", ""B"", ""C"", ""D"", ""E""]"	"{""A"": ""22"", ""B"": ""1"", ""C"": ""3"", ""D"": ""21"", ""E"": ""none of the other options is correct""}"	"[""(A) 22"", ""(B) 1"", ""(C) 3"", ""(D) 21"", ""(E) none of the other options is correct""]"	(B) 1	B
9de1f827-55d4-5a0e-bf86-440a994fd3cf	6	perception	rhythm	absolute	rhythm-absolute	rhythmic-recognition		note length statistics	What is the total count of {rhythm}-note units in the {voice} line?	"[""rhythm"", ""voice""]"	get_rhythm_count		rhythm	"{""rhythm"": ""dotted-half"", ""voice"": ""tenor""}"	What is the total count of dotted-half-note units in the tenor line?	Vulpius_ChristusDerIstMeinLeben	chorale-bricks	Vulpius_ChristusDerIstMeinLeben	data/chorale-bricks/Vulpius_ChristusDerIstMeinLeben	1	"[""2"", ""3"", ""4"", ""5"", ""21"", ""22"", ""23""]"	"[""22"", ""3"", ""21"", ""5"", ""2"", ""4"", ""23""]"	symbolic	symbolic.abc.txt	data/chorale-bricks/Vulpius_ChristusDerIstMeinLeben/symbolic.abc.txt	1	"[""1"", ""none of the other options is correct"", ""22"", ""3"", ""21""]"	0.2	0	"[""A"", ""B"", ""C"", ""D"", ""E""]"	"{""A"": ""1"", ""B"": ""none of the other options is correct"", ""C"": ""3"", ""D"": ""21"", ""E"": ""22""}"	"[""(A) 1"", ""(B) none of the other options is correct"", ""(C) 3"", ""(D) 21"", ""(E) 22""]"	(A) 1	A
7b590231-d37f-5ec5-b9f6-8711f33e0756	6	perception	rhythm	absolute	rhythm-absolute	rhythmic-recognition		note length statistics	What is the total count of {rhythm}-note units in the {voice} line?	"[""rhythm"", ""voice""]"	get_rhythm_count		rhythm	"{""rhythm"": ""dotted-half"", ""voice"": ""tenor""}"	What is the total count of dotted-half-note units in the tenor line?	Vulpius_ChristusDerIstMeinLeben	chorale-bricks	Vulpius_ChristusDerIstMeinLeben	data/chorale-bricks/Vulpius_ChristusDerIstMeinLeben	1	"[""2"", ""3"", ""4"", ""5"", ""21"", ""22"", ""23""]"	"[""22"", ""3"", ""21"", ""5"", ""2"", ""4"", ""23""]"	visual	visual.short.png	data/chorale-bricks/Vulpius_ChristusDerIstMeinLeben/visual.short.png	1	"[""1"", ""none of the other options is correct"", ""22"", ""3"", ""21""]"	0.2	0	"[""A"", ""B"", ""C"", ""D"", ""E""]"	"{""A"": ""1"", ""B"": ""3"", ""C"": ""22"", ""D"": ""21"", ""E"": ""none of the other options is correct""}"	"[""(A) 1"", ""(B) 3"", ""(C) 22"", ""(D) 21"", ""(E) none of the other options is correct""]"	(A) 1	A
20ebb87d-76e6-5959-9d74-db91479ba71b	6	perception	rhythm	absolute	rhythm-absolute	rhythmic-recognition		note length statistics	What is the total count of {rhythm}-note units in the {voice} line?	"[""rhythm"", ""voice""]"	get_rhythm_count		rhythm	"{""rhythm"": ""eighth"", ""voice"": ""bass""}"	What is the total count of eighth-note units in the bass line?	Drese_JesuGehVoran	chorale-bricks	Drese_JesuGehVoran	data/chorale-bricks/Drese_JesuGehVoran	20	"[""1"", ""4"", ""16"", ""18"", ""19""]"	"[""19"", ""18"", ""16"", ""4"", ""1""]"	audio	audio.mastermix.wav	data/chorale-bricks/Drese_JesuGehVoran/audio.mastermix.wav	20	"[""20"", ""none of the other options is correct"", ""19"", ""18"", ""16""]"	0.2	0	"[""A"", ""B"", ""C"", ""D"", ""E""]"	"{""A"": ""18"", ""B"": ""19"", ""C"": ""20"", ""D"": ""16"", ""E"": ""none of the other options is correct""}"	"[""(A) 18"", ""(B) 19"", ""(C) 20"", ""(D) 16"", ""(E) none of the other options is correct""]"	(C) 20	C
fe33fb76-7f81-5786-88d5-79f43edec42f	6	perception	rhythm	absolute	rhythm-absolute	rhythmic-recognition		note length statistics	What is the total count of {rhythm}-note units in the {voice} line?	"[""rhythm"", ""voice""]"	get_rhythm_count		rhythm	"{""rhythm"": ""eighth"", ""voice"": ""bass""}"	What is the total count of eighth-note units in the bass line?	Drese_JesuGehVoran	chorale-bricks	Drese_JesuGehVoran	data/chorale-bricks/Drese_JesuGehVoran	20	"[""1"", ""4"", ""16"", ""18"", ""19""]"	"[""19"", ""18"", ""16"", ""4"", ""1""]"	symbolic	symbolic.abc.txt	data/chorale-bricks/Drese_JesuGehVoran/symbolic.abc.txt	20	"[""20"", ""none of the other options is correct"", ""19"", ""18"", ""16""]"	0.2	0	"[""A"", ""B"", ""C"", ""D"", ""E""]"	"{""A"": ""18"", ""B"": ""none of the other options is correct"", ""C"": ""19"", ""D"": ""16"", ""E"": ""20""}"	"[""(A) 18"", ""(B) none of the other options is correct"", ""(C) 19"", ""(D) 16"", ""(E) 20""]"	(E) 20	E
164f6c96-163e-5c63-b547-84d4ba4b201f	6	perception	rhythm	absolute	rhythm-absolute	rhythmic-recognition		note length statistics	What is the total count of {rhythm}-note units in the {voice} line?	"[""rhythm"", ""voice""]"	get_rhythm_count		rhythm	"{""rhythm"": ""eighth"", ""voice"": ""bass""}"	What is the total count of eighth-note units in the bass line?	Drese_JesuGehVoran	chorale-bricks	Drese_JesuGehVoran	data/chorale-bricks/Drese_JesuGehVoran	20	"[""1"", ""4"", ""16"", ""18"", ""19""]"	"[""19"", ""18"", ""16"", ""4"", ""1""]"	visual	visual.short.png	data/chorale-bricks/Drese_JesuGehVoran/visual.short.png	20	"[""20"", ""none of the other options is correct"", ""19"", ""18"", ""16""]"	0.2	0	"[""A"", ""B"", ""C"", ""D"", ""E""]"	"{""A"": ""16"", ""B"": ""18"", ""C"": ""20"", ""D"": ""none of the other options is correct"", ""E"": ""19""}"	"[""(A) 16"", ""(B) 18"", ""(C) 20"", ""(D) none of the other options is correct"", ""(E) 19""]"	(C) 20	C
b8b472a6-e97e-507d-94f8-302ae738b52a	6	perception	rhythm	absolute	rhythm-absolute	rhythmic-recognition		note length statistics	What is the total count of {rhythm}-note units in the {voice} line?	"[""rhythm"", ""voice""]"	get_rhythm_count		rhythm	"{""rhythm"": ""dotted-half"", ""voice"": ""bass""}"	What is the total count of dotted-half-note units in the bass line?	Vulpius_DieHelleSonnLeuchtJetztHerfuer	chorale-bricks	Vulpius_DieHelleSonnLeuchtJetztHerfuer	data/chorale-bricks/Vulpius_DieHelleSonnLeuchtJetztHerfuer	1	"[""11"", ""12"", ""25"", ""27""]"	"[""25"", ""11"", ""12"", ""27""]"	audio	audio.mastermix.wav	data/chorale-bricks/Vulpius_DieHelleSonnLeuchtJetztHerfuer/audio.mastermix.wav	1	"[""1"", ""none of the other options is correct"", ""25"", ""11"", ""12""]"	0.2	0	"[""A"", ""B"", ""C"", ""D"", ""E""]"	"{""A"": ""12"", ""B"": ""25"", ""C"": ""1"", ""D"": ""11"", ""E"": ""none of the other options is correct""}"	"[""(A) 12"", ""(B) 25"", ""(C) 1"", ""(D) 11"", ""(E) none of the other options is correct""]"	(C) 1	C
5080ea20-9c0b-52f3-b146-e957e435d1c1	6	perception	rhythm	absolute	rhythm-absolute	rhythmic-recognition		note length statistics	What is the total count of {rhythm}-note units in the {voice} line?	"[""rhythm"", ""voice""]"	get_rhythm_count		rhythm	"{""rhythm"": ""dotted-half"", ""voice"": ""bass""}"	What is the total count of dotted-half-note units in the bass line?	Vulpius_DieHelleSonnLeuchtJetztHerfuer	chorale-bricks	Vulpius_DieHelleSonnLeuchtJetztHerfuer	data/chorale-bricks/Vulpius_DieHelleSonnLeuchtJetztHerfuer	1	"[""11"", ""12"", ""25"", ""27""]"	"[""25"", ""11"", ""12"", ""27""]"	symbolic	symbolic.abc.txt	data/chorale-bricks/Vulpius_DieHelleSonnLeuchtJetztHerfuer/symbolic.abc.txt	1	"[""1"", ""none of the other options is correct"", ""25"", ""11"", ""12""]"	0.2	0	"[""A"", ""B"", ""C"", ""D"", ""E""]"	"{""A"": ""none of the other options is correct"", ""B"": ""12"", ""C"": ""25"", ""D"": ""1"", ""E"": ""11""}"	"[""(A) none of the other options is correct"", ""(B) 12"", ""(C) 25"", ""(D) 1"", ""(E) 11""]"	(D) 1	D
a298a6a5-ebd2-5670-b190-330c2c9e65f9	6	perception	rhythm	absolute	rhythm-absolute	rhythmic-recognition		note length statistics	What is the total count of {rhythm}-note units in the {voice} line?	"[""rhythm"", ""voice""]"	get_rhythm_count		rhythm	"{""rhythm"": ""dotted-half"", ""voice"": ""bass""}"	What is the total count of dotted-half-note units in the bass line?	Vulpius_DieHelleSonnLeuchtJetztHerfuer	chorale-bricks	Vulpius_DieHelleSonnLeuchtJetztHerfuer	data/chorale-bricks/Vulpius_DieHelleSonnLeuchtJetztHerfuer	1	"[""11"", ""12"", ""25"", ""27""]"	"[""25"", ""11"", ""12"", ""27""]"	visual	visual.short.png	data/chorale-bricks/Vulpius_DieHelleSonnLeuchtJetztHerfuer/visual.short.png	1	"[""1"", ""none of the other options is correct"", ""25"", ""11"", ""12""]"	0.2	0	"[""A"", ""B"", ""C"", ""D"", ""E""]"	"{""A"": ""11"", ""B"": ""1"", ""C"": ""25"", ""D"": ""12"", ""E"": ""none of the other options is correct""}"	"[""(A) 11"", ""(B) 1"", ""(C) 25"", ""(D) 12"", ""(E) none of the other options is correct""]"	(B) 1	B
c794a412-f309-56e0-b22b-a104e6ba64c7	6	perception	rhythm	absolute	rhythm-absolute	rhythmic-recognition		note length statistics	What is the total count of {rhythm}-note units in the {voice} line?	"[""rhythm"", ""voice""]"	get_rhythm_count		rhythm	"{""rhythm"": ""16th"", ""voice"": ""tenor""}"	What is the total count of 16th-note units in the tenor line?	Gesius_BefiehlDuDeineWege	chorale-bricks	Gesius_BefiehlDuDeineWege	data/chorale-bricks/Gesius_BefiehlDuDeineWege	0	"[""1"", ""5"", ""6"", ""7"", ""48"", ""50"", ""52""]"	"[""1"", ""52"", ""48"", ""6"", ""5"", ""7"", ""50""]"	audio	audio.mastermix.wav	data/chorale-bricks/Gesius_BefiehlDuDeineWege/audio.mastermix.wav	0	"[""0"", ""none of the other options is correct"", ""1"", ""52"", ""48""]"	0.2	0	"[""A"", ""B"", ""C"", ""D"", ""E""]"	"{""A"": ""0"", ""B"": ""48"", ""C"": ""52"", ""D"": ""none of the other options is correct"", ""E"": ""1""}"	"[""(A) 0"", ""(B) 48"", ""(C) 52"", ""(D) none of the other options is correct"", ""(E) 1""]"	(A) 0	A
530b6dc0-e4fe-5fb0-9372-98da514c400c	6	perception	rhythm	absolute	rhythm-absolute	rhythmic-recognition		note length statistics	What is the total count of {rhythm}-note units in the {voice} line?	"[""rhythm"", ""voice""]"	get_rhythm_count		rhythm	"{""rhythm"": ""16th"", ""voice"": ""tenor""}"	What is the total count of 16th-note units in the tenor line?	Gesius_BefiehlDuDeineWege	chorale-bricks	Gesius_BefiehlDuDeineWege	data/chorale-bricks/Gesius_BefiehlDuDeineWege	0	"[""1"", ""5"", ""6"", ""7"", ""48"", ""50"", ""52""]"	"[""1"", ""52"", ""48"", ""6"", ""5"", ""7"", ""50""]"	symbolic	symbolic.abc.txt	data/chorale-bricks/Gesius_BefiehlDuDeineWege/symbolic.abc.txt	none of the other options is correct	"[""none of the other options is correct"", ""1"", ""52"", ""48"", ""6""]"	0.2	1	"[""A"", ""B"", ""C"", ""D"", ""E""]"	"{""A"": ""48"", ""B"": ""1"", ""C"": ""6"", ""D"": ""none of the other options is correct"", ""E"": ""52""}"	"[""(A) 48"", ""(B) 1"", ""(C) 6"", ""(D) none of the other options is correct"", ""(E) 52""]"	(D) none of the other options is correct	D
6a0f9962-0e40-54c5-8ba3-2bcb478212b4	6	perception	rhythm	absolute	rhythm-absolute	rhythmic-recognition		note length statistics	What is the total count of {rhythm}-note units in the {voice} line?	"[""rhythm"", ""voice""]"	get_rhythm_count		rhythm	"{""rhythm"": ""16th"", ""voice"": ""tenor""}"	What is the total count of 16th-note units in the tenor line?	Gesius_BefiehlDuDeineWege	chorale-bricks	Gesius_BefiehlDuDeineWege	data/chorale-bricks/Gesius_BefiehlDuDeineWege	0	"[""1"", ""5"", ""6"", ""7"", ""48"", ""50"", ""52""]"	"[""1"", ""52"", ""48"", ""6"", ""5"", ""7"", ""50""]"	visual	visual.short.png	data/chorale-bricks/Gesius_BefiehlDuDeineWege/visual.short.png	none of the other options is correct	"[""none of the other options is correct"", ""1"", ""52"", ""48"", ""6""]"	0.2	1	"[""A"", ""B"", ""C"", ""D"", ""E""]"	"{""A"": ""none of the other options is correct"", ""B"": ""52"", ""C"": ""48"", ""D"": ""1"", ""E"": ""6""}"	"[""(A) none of the other options is correct"", ""(B) 52"", ""(C) 48"", ""(D) 1"", ""(E) 6""]"	(A) none of the other options is correct	A
47796b58-28bd-587e-a0d0-a1e48ab92662	6	perception	rhythm	absolute	rhythm-absolute	rhythmic-recognition		note length statistics	What is the total count of {rhythm}-note units in the {voice} line?	"[""rhythm"", ""voice""]"	get_rhythm_count		rhythm	"{""rhythm"": ""quarter"", ""voice"": ""alto""}"	What is the total count of quarter-note units in the alto line?	Gesius_DuFriedensfuerstHerrJesuChrist	chorale-bricks	Gesius_DuFriedensfuerstHerrJesuChrist	data/chorale-bricks/Gesius_DuFriedensfuerstHerrJesuChrist	37	"[""1"", ""8"", ""9"", ""39""]"	"[""1"", ""39"", ""9"", ""8""]"	audio	audio.mastermix.wav	data/chorale-bricks/Gesius_DuFriedensfuerstHerrJesuChrist/audio.mastermix.wav	37	"[""37"", ""none of the other options is correct"", ""1"", ""39"", ""9""]"	0.2	0	"[""A"", ""B"", ""C"", ""D"", ""E""]"	"{""A"": ""none of the other options is correct"", ""B"": ""37"", ""C"": ""1"", ""D"": ""9"", ""E"": ""39""}"	"[""(A) none of the other options is correct"", ""(B) 37"", ""(C) 1"", ""(D) 9"", ""(E) 39""]"	(B) 37	B
9d04583c-1aba-59de-9246-9675eb7e0b1e	6	perception	rhythm	absolute	rhythm-absolute	rhythmic-recognition		note length statistics	What is the total count of {rhythm}-note units in the {voice} line?	"[""rhythm"", ""voice""]"	get_rhythm_count		rhythm	"{""rhythm"": ""quarter"", ""voice"": ""alto""}"	What is the total count of quarter-note units in the alto line?	Gesius_DuFriedensfuerstHerrJesuChrist	chorale-bricks	Gesius_DuFriedensfuerstHerrJesuChrist	data/chorale-bricks/Gesius_DuFriedensfuerstHerrJesuChrist	37	"[""1"", ""8"", ""9"", ""39""]"	"[""1"", ""39"", ""9"", ""8""]"	symbolic	symbolic.abc.txt	data/chorale-bricks/Gesius_DuFriedensfuerstHerrJesuChrist/symbolic.abc.txt	37	"[""37"", ""none of the other options is correct"", ""1"", ""39"", ""9""]"	0.2	0	"[""A"", ""B"", ""C"", ""D"", ""E""]"	"{""A"": ""1"", ""B"": ""9"", ""C"": ""none of the other options is correct"", ""D"": ""37"", ""E"": ""39""}"	"[""(A) 1"", ""(B) 9"", ""(C) none of the other options is correct"", ""(D) 37"", ""(E) 39""]"	(D) 37	D
a9f3f030-3ea9-5457-9a0f-a243d1e80b23	6	perception	rhythm	absolute	rhythm-absolute	rhythmic-recognition		note length statistics	What is the total count of {rhythm}-note units in the {voice} line?	"[""rhythm"", ""voice""]"	get_rhythm_count		rhythm	"{""rhythm"": ""quarter"", ""voice"": ""alto""}"	What is the total count of quarter-note units in the alto line?	Gesius_DuFriedensfuerstHerrJesuChrist	chorale-bricks	Gesius_DuFriedensfuerstHerrJesuChrist	data/chorale-bricks/Gesius_DuFriedensfuerstHerrJesuChrist	37	"[""1"", ""8"", ""9"", ""39""]"	"[""1"", ""39"", ""9"", ""8""]"	visual	visual.short.png	data/chorale-bricks/Gesius_DuFriedensfuerstHerrJesuChrist/visual.short.png	37	"[""37"", ""none of the other options is correct"", ""1"", ""39"", ""9""]"	0.2	0	"[""A"", ""B"", ""C"", ""D"", ""E""]"	"{""A"": ""37"", ""B"": ""none of the other options is correct"", ""C"": ""9"", ""D"": ""39"", ""E"": ""1""}"	"[""(A) 37"", ""(B) none of the other options is correct"", ""(C) 9"", ""(D) 39"", ""(E) 1""]"	(A) 37	A
995b1b67-8f7b-5050-a63c-1ce051047b63	6	perception	rhythm	absolute	rhythm-absolute	rhythmic-recognition		note length statistics	What is the total count of {rhythm}-note units in the {voice} line?	"[""rhythm"", ""voice""]"	get_rhythm_count		rhythm	"{""rhythm"": ""32nd"", ""voice"": ""alto""}"	What is the total count of 32nd-note units in the alto line?	Telemann_DerLiebenSonneLichtUndPracht	chorale-bricks	Telemann_DerLiebenSonneLichtUndPracht	data/chorale-bricks/Telemann_DerLiebenSonneLichtUndPracht	0	"[""1"", ""2"", ""3"", ""4"", ""57"", ""58"", ""60""]"	"[""57"", ""4"", ""3"", ""1"", ""2"", ""58"", ""60""]"	audio	audio.mastermix.wav	data/chorale-bricks/Telemann_DerLiebenSonneLichtUndPracht/audio.mastermix.wav	none of the other options is correct	"[""none of the other options is correct"", ""57"", ""4"", ""3"", ""1""]"	0.2	1	"[""A"", ""B"", ""C"", ""D"", ""E""]"	"{""A"": ""4"", ""B"": ""57"", ""C"": ""3"", ""D"": ""none of the other options is correct"", ""E"": ""1""}"	"[""(A) 4"", ""(B) 57"", ""(C) 3"", ""(D) none of the other options is correct"", ""(E) 1""]"	(D) none of the other options is correct	D
8bfd75fc-8ed6-58ef-ad06-edcea420bb2c	6	perception	rhythm	absolute	rhythm-absolute	rhythmic-recognition		note length statistics	What is the total count of {rhythm}-note units in the {voice} line?	"[""rhythm"", ""voice""]"	get_rhythm_count		rhythm	"{""rhythm"": ""32nd"", ""voice"": ""alto""}"	What is the total count of 32nd-note units in the alto line?	Telemann_DerLiebenSonneLichtUndPracht	chorale-bricks	Telemann_DerLiebenSonneLichtUndPracht	data/chorale-bricks/Telemann_DerLiebenSonneLichtUndPracht	0	"[""1"", ""2"", ""3"", ""4"", ""57"", ""58"", ""60""]"	"[""57"", ""4"", ""3"", ""1"", ""2"", ""58"", ""60""]"	symbolic	symbolic.abc.txt	data/chorale-bricks/Telemann_DerLiebenSonneLichtUndPracht/symbolic.abc.txt	0	"[""0"", ""none of the other options is correct"", ""57"", ""4"", ""3""]"	0.2	0	"[""A"", ""B"", ""C"", ""D"", ""E""]"	"{""A"": ""57"", ""B"": ""3"", ""C"": ""4"", ""D"": ""0"", ""E"": ""none of the other options is correct""}"	"[""(A) 57"", ""(B) 3"", ""(C) 4"", ""(D) 0"", ""(E) none of the other options is correct""]"	(D) 0	D
9d773d71-8cd7-5d47-8de4-ffa6a6beef73	6	perception	rhythm	absolute	rhythm-absolute	rhythmic-recognition		note length statistics	What is the total count of {rhythm}-note units in the {voice} line?	"[""rhythm"", ""voice""]"	get_rhythm_count		rhythm	"{""rhythm"": ""32nd"", ""voice"": ""alto""}"	What is the total count of 32nd-note units in the alto line?	Telemann_DerLiebenSonneLichtUndPracht	chorale-bricks	Telemann_DerLiebenSonneLichtUndPracht	data/chorale-bricks/Telemann_DerLiebenSonneLichtUndPracht	0	"[""1"", ""2"", ""3"", ""4"", ""57"", ""58"", ""60""]"	"[""57"", ""4"", ""3"", ""1"", ""2"", ""58"", ""60""]"	visual	visual.short.png	data/chorale-bricks/Telemann_DerLiebenSonneLichtUndPracht/visual.short.png	0	"[""0"", ""none of the other options is correct"", ""57"", ""4"", ""3""]"	0.2	0	"[""A"", ""B"", ""C"", ""D"", ""E""]"	"{""A"": ""3"", ""B"": ""0"", ""C"": ""none of the other options is correct"", ""D"": ""4"", ""E"": ""57""}"	"[""(A) 3"", ""(B) 0"", ""(C) none of the other options is correct"", ""(D) 4"", ""(E) 57""]"	(B) 0	B
e42598bd-b84f-5f9c-ab9f-9bff7294dddb	6	perception	rhythm	absolute	rhythm-absolute	rhythmic-recognition		note length statistics	What is the total count of {rhythm}-note units in the {voice} line?	"[""rhythm"", ""voice""]"	get_rhythm_count		rhythm	"{""rhythm"": ""dotted-64th"", ""voice"": ""tenor""}"	What is the total count of dotted-64th-note units in the tenor line?	Jan_DuGrosserSchmerzensmann	chorale-bricks	Jan_DuGrosserSchmerzensmann	data/chorale-bricks/Jan_DuGrosserSchmerzensmann	0	"[""1"", ""2"", ""14"", ""15"", ""40"", ""42"", ""44""]"	"[""14"", ""1"", ""40"", ""42"", ""15"", ""2"", ""44""]"	audio	audio.mastermix.wav	data/chorale-bricks/Jan_DuGrosserSchmerzensmann/audio.mastermix.wav	none of the other options is correct	"[""none of the other options is correct"", ""14"", ""1"", ""40"", ""42""]"	0.2	1	"[""A"", ""B"", ""C"", ""D"", ""E""]"	"{""A"": ""42"", ""B"": ""1"", ""C"": ""40"", ""D"": ""14"", ""E"": ""none of the other options is correct""}"	"[""(A) 42"", ""(B) 1"", ""(C) 40"", ""(D) 14"", ""(E) none of the other options is correct""]"	(E) none of the other options is correct	E
4504af4c-ca45-5901-baee-91e771c6ba32	6	perception	rhythm	absolute	rhythm-absolute	rhythmic-recognition		note length statistics	What is the total count of {rhythm}-note units in the {voice} line?	"[""rhythm"", ""voice""]"	get_rhythm_count		rhythm	"{""rhythm"": ""dotted-64th"", ""voice"": ""tenor""}"	What is the total count of dotted-64th-note units in the tenor line?	Jan_DuGrosserSchmerzensmann	chorale-bricks	Jan_DuGrosserSchmerzensmann	data/chorale-bricks/Jan_DuGrosserSchmerzensmann	0	"[""1"", ""2"", ""14"", ""15"", ""40"", ""42"", ""44""]"	"[""14"", ""1"", ""40"", ""42"", ""15"", ""2"", ""44""]"	symbolic	symbolic.abc.txt	data/chorale-bricks/Jan_DuGrosserSchmerzensmann/symbolic.abc.txt	0	"[""0"", ""none of the other options is correct"", ""14"", ""1"", ""40""]"	0.2	0	"[""A"", ""B"", ""C"", ""D"", ""E""]"	"{""A"": ""none of the other options is correct"", ""B"": ""1"", ""C"": ""0"", ""D"": ""14"", ""E"": ""40""}"	"[""(A) none of the other options is correct"", ""(B) 1"", ""(C) 0"", ""(D) 14"", ""(E) 40""]"	(C) 0	C
15347e1c-9013-5bfc-be5c-639468dc6cbf	6	perception	rhythm	absolute	rhythm-absolute	rhythmic-recognition		note length statistics	What is the total count of {rhythm}-note units in the {voice} line?	"[""rhythm"", ""voice""]"	get_rhythm_count		rhythm	"{""rhythm"": ""dotted-64th"", ""voice"": ""tenor""}"	What is the total count of dotted-64th-note units in the tenor line?	Jan_DuGrosserSchmerzensmann	chorale-bricks	Jan_DuGrosserSchmerzensmann	data/chorale-bricks/Jan_DuGrosserSchmerzensmann	0	"[""1"", ""2"", ""14"", ""15"", ""40"", ""42"", ""44""]"	"[""14"", ""1"", ""40"", ""42"", ""15"", ""2"", ""44""]"	visual	visual.short.png	data/chorale-bricks/Jan_DuGrosserSchmerzensmann/visual.short.png	0	"[""0"", ""none of the other options is correct"", ""14"", ""1"", ""40""]"	0.2	0	"[""A"", ""B"", ""C"", ""D"", ""E""]"	"{""A"": ""1"", ""B"": ""14"", ""C"": ""40"", ""D"": ""none of the other options is correct"", ""E"": ""0""}"	"[""(A) 1"", ""(B) 14"", ""(C) 40"", ""(D) none of the other options is correct"", ""(E) 0""]"	(E) 0	E
88687cb7-783e-5c44-b5f8-8303a4545e5c	6	perception	rhythm	absolute	rhythm-absolute	rhythmic-recognition		note length statistics	What is the total count of {rhythm}-note units in the {voice} line?	"[""rhythm"", ""voice""]"	get_rhythm_count		rhythm	"{""rhythm"": ""half"", ""voice"": ""tenor""}"	What is the total count of half-note units in the tenor line?	Crueger_AufAufMeinHerzMitFreuden	chorale-bricks	Crueger_AufAufMeinHerzMitFreuden	data/chorale-bricks/Crueger_AufAufMeinHerzMitFreuden	15	"[""1"", ""3"", ""4"", ""9"", ""10"", ""18"", ""19"", ""31"", ""35""]"	"[""31"", ""10"", ""4"", ""35"", ""1"", ""9"", ""18"", ""19"", ""3""]"	audio	audio.mastermix.wav	data/chorale-bricks/Crueger_AufAufMeinHerzMitFreuden/audio.mastermix.wav	15	"[""15"", ""none of the other options is correct"", ""31"", ""10"", ""4""]"	0.2	0	"[""A"", ""B"", ""C"", ""D"", ""E""]"	"{""A"": ""4"", ""B"": ""10"", ""C"": ""none of the other options is correct"", ""D"": ""15"", ""E"": ""31""}"	"[""(A) 4"", ""(B) 10"", ""(C) none of the other options is correct"", ""(D) 15"", ""(E) 31""]"	(D) 15	D
4d7ee1f1-b35b-5e77-a383-8f5cae66cf9a	6	perception	rhythm	absolute	rhythm-absolute	rhythmic-recognition		note length statistics	What is the total count of {rhythm}-note units in the {voice} line?	"[""rhythm"", ""voice""]"	get_rhythm_count		rhythm	"{""rhythm"": ""half"", ""voice"": ""tenor""}"	What is the total count of half-note units in the tenor line?	Crueger_AufAufMeinHerzMitFreuden	chorale-bricks	Crueger_AufAufMeinHerzMitFreuden	data/chorale-bricks/Crueger_AufAufMeinHerzMitFreuden	15	"[""1"", ""3"", ""4"", ""9"", ""10"", ""18"", ""19"", ""31"", ""35""]"	"[""31"", ""10"", ""4"", ""35"", ""1"", ""9"", ""18"", ""19"", ""3""]"	symbolic	symbolic.abc.txt	data/chorale-bricks/Crueger_AufAufMeinHerzMitFreuden/symbolic.abc.txt	15	"[""15"", ""none of the other options is correct"", ""31"", ""10"", ""4""]"	0.2	0	"[""A"", ""B"", ""C"", ""D"", ""E""]"	"{""A"": ""15"", ""B"": ""10"", ""C"": ""none of the other options is correct"", ""D"": ""31"", ""E"": ""4""}"	"[""(A) 15"", ""(B) 10"", ""(C) none of the other options is correct"", ""(D) 31"", ""(E) 4""]"	(A) 15	A
2c338433-dfdc-5377-b428-e78dc79ba0b2	6	perception	rhythm	absolute	rhythm-absolute	rhythmic-recognition		note length statistics	What is the total count of {rhythm}-note units in the {voice} line?	"[""rhythm"", ""voice""]"	get_rhythm_count		rhythm	"{""rhythm"": ""half"", ""voice"": ""tenor""}"	What is the total count of half-note units in the tenor line?	Crueger_AufAufMeinHerzMitFreuden	chorale-bricks	Crueger_AufAufMeinHerzMitFreuden	data/chorale-bricks/Crueger_AufAufMeinHerzMitFreuden	15	"[""1"", ""3"", ""4"", ""9"", ""10"", ""18"", ""19"", ""31"", ""35""]"	"[""31"", ""10"", ""4"", ""35"", ""1"", ""9"", ""18"", ""19"", ""3""]"	visual	visual.short.png	data/chorale-bricks/Crueger_AufAufMeinHerzMitFreuden/visual.short.png	15	"[""15"", ""none of the other options is correct"", ""31"", ""10"", ""4""]"	0.2	0	"[""A"", ""B"", ""C"", ""D"", ""E""]"	"{""A"": ""4"", ""B"": ""none of the other options is correct"", ""C"": ""15"", ""D"": ""31"", ""E"": ""10""}"	"[""(A) 4"", ""(B) none of the other options is correct"", ""(C) 15"", ""(D) 31"", ""(E) 10""]"	(C) 15	C
7e810848-3d7c-5c5e-bd07-6d5c0e3da60f	6	perception	rhythm	absolute	rhythm-absolute	rhythmic-recognition		note length statistics	What is the total count of {rhythm}-note units in the {voice} line?	"[""rhythm"", ""voice""]"	get_rhythm_count		rhythm	"{""rhythm"": ""half"", ""voice"": ""tenor""}"	What is the total count of half-note units in the tenor line?	Drese_JesuGehVoran	chorale-bricks	Drese_JesuGehVoran	data/chorale-bricks/Drese_JesuGehVoran	4	"[""1"", ""16"", ""18"", ""19"", ""20""]"	"[""20"", ""18"", ""1"", ""16"", ""19""]"	audio	audio.mastermix.wav	data/chorale-bricks/Drese_JesuGehVoran/audio.mastermix.wav	4	"[""4"", ""none of the other options is correct"", ""20"", ""18"", ""1""]"	0.2	0	"[""A"", ""B"", ""C"", ""D"", ""E""]"	"{""A"": ""1"", ""B"": ""18"", ""C"": ""4"", ""D"": ""20"", ""E"": ""none of the other options is correct""}"	"[""(A) 1"", ""(B) 18"", ""(C) 4"", ""(D) 20"", ""(E) none of the other options is correct""]"	(C) 4	C
d1319deb-e1f3-58ef-95b8-277d255400af	6	perception	rhythm	absolute	rhythm-absolute	rhythmic-recognition		note length statistics	What is the total count of {rhythm}-note units in the {voice} line?	"[""rhythm"", ""voice""]"	get_rhythm_count		rhythm	"{""rhythm"": ""half"", ""voice"": ""tenor""}"	What is the total count of half-note units in the tenor line?	Drese_JesuGehVoran	chorale-bricks	Drese_JesuGehVoran	data/chorale-bricks/Drese_JesuGehVoran	4	"[""1"", ""16"", ""18"", ""19"", ""20""]"	"[""20"", ""18"", ""1"", ""16"", ""19""]"	symbolic	symbolic.abc.txt	data/chorale-bricks/Drese_JesuGehVoran/symbolic.abc.txt	4	"[""4"", ""none of the other options is correct"", ""20"", ""18"", ""1""]"	0.2	0	"[""A"", ""B"", ""C"", ""D"", ""E""]"	"{""A"": ""4"", ""B"": ""none of the other options is correct"", ""C"": ""20"", ""D"": ""18"", ""E"": ""1""}"	"[""(A) 4"", ""(B) none of the other options is correct"", ""(C) 20"", ""(D) 18"", ""(E) 1""]"	(A) 4	A
224d637d-3ee6-5eda-b35e-00161d6a6e39	6	perception	rhythm	absolute	rhythm-absolute	rhythmic-recognition		note length statistics	What is the total count of {rhythm}-note units in the {voice} line?	"[""rhythm"", ""voice""]"	get_rhythm_count		rhythm	"{""rhythm"": ""half"", ""voice"": ""tenor""}"	What is the total count of half-note units in the tenor line?	Drese_JesuGehVoran	chorale-bricks	Drese_JesuGehVoran	data/chorale-bricks/Drese_JesuGehVoran	4	"[""1"", ""16"", ""18"", ""19"", ""20""]"	"[""20"", ""18"", ""1"", ""16"", ""19""]"	visual	visual.short.png	data/chorale-bricks/Drese_JesuGehVoran/visual.short.png	none of the other options is correct	"[""none of the other options is correct"", ""20"", ""18"", ""1"", ""16""]"	0.2	1	"[""A"", ""B"", ""C"", ""D"", ""E""]"	"{""A"": ""16"", ""B"": ""20"", ""C"": ""18"", ""D"": ""none of the other options is correct"", ""E"": ""1""}"	"[""(A) 16"", ""(B) 20"", ""(C) 18"", ""(D) none of the other options is correct"", ""(E) 1""]"	(D) none of the other options is correct	D
065593df-7958-52e9-b562-43f4f96b2e89	6	perception	rhythm	absolute	rhythm-absolute	rhythmic-recognition		note length statistics	What is the total count of {rhythm}-note units in the {voice} line?	"[""rhythm"", ""voice""]"	get_rhythm_count		rhythm	"{""rhythm"": ""dotted-whole"", ""voice"": ""soprano""}"	What is the total count of dotted-whole-note units in the soprano line?	Vulpius_DieHelleSonnLeuchtJetztHerfuer	chorale-bricks	Vulpius_DieHelleSonnLeuchtJetztHerfuer	data/chorale-bricks/Vulpius_DieHelleSonnLeuchtJetztHerfuer	0	"[""1"", ""11"", ""12"", ""25"", ""27""]"	"[""12"", ""1"", ""27"", ""11"", ""25""]"	audio	audio.mastermix.wav	data/chorale-bricks/Vulpius_DieHelleSonnLeuchtJetztHerfuer/audio.mastermix.wav	0	"[""0"", ""none of the other options is correct"", ""12"", ""1"", ""27""]"	0.2	0	"[""A"", ""B"", ""C"", ""D"", ""E""]"	"{""A"": ""none of the other options is correct"", ""B"": ""1"", ""C"": ""0"", ""D"": ""27"", ""E"": ""12""}"	"[""(A) none of the other options is correct"", ""(B) 1"", ""(C) 0"", ""(D) 27"", ""(E) 12""]"	(C) 0	C
50766b47-4991-59f8-b358-e1d2a8db3e78	6	perception	rhythm	absolute	rhythm-absolute	rhythmic-recognition		note length statistics	What is the total count of {rhythm}-note units in the {voice} line?	"[""rhythm"", ""voice""]"	get_rhythm_count		rhythm	"{""rhythm"": ""dotted-whole"", ""voice"": ""soprano""}"	What is the total count of dotted-whole-note units in the soprano line?	Vulpius_DieHelleSonnLeuchtJetztHerfuer	chorale-bricks	Vulpius_DieHelleSonnLeuchtJetztHerfuer	data/chorale-bricks/Vulpius_DieHelleSonnLeuchtJetztHerfuer	0	"[""1"", ""11"", ""12"", ""25"", ""27""]"	"[""12"", ""1"", ""27"", ""11"", ""25""]"	symbolic	symbolic.abc.txt	data/chorale-bricks/Vulpius_DieHelleSonnLeuchtJetztHerfuer/symbolic.abc.txt	0	"[""0"", ""none of the other options is correct"", ""12"", ""1"", ""27""]"	0.2	0	"[""A"", ""B"", ""C"", ""D"", ""E""]"	"{""A"": ""27"", ""B"": ""0"", ""C"": ""1"", ""D"": ""none of the other options is correct"", ""E"": ""12""}"	"[""(A) 27"", ""(B) 0"", ""(C) 1"", ""(D) none of the other options is correct"", ""(E) 12""]"	(B) 0	B
0e00341d-f16c-5494-99d6-d03808798c81	6	perception	rhythm	absolute	rhythm-absolute	rhythmic-recognition		note length statistics	What is the total count of {rhythm}-note units in the {voice} line?	"[""rhythm"", ""voice""]"	get_rhythm_count		rhythm	"{""rhythm"": ""dotted-whole"", ""voice"": ""soprano""}"	What is the total count of dotted-whole-note units in the soprano line?	Vulpius_DieHelleSonnLeuchtJetztHerfuer	chorale-bricks	Vulpius_DieHelleSonnLeuchtJetztHerfuer	data/chorale-bricks/Vulpius_DieHelleSonnLeuchtJetztHerfuer	0	"[""1"", ""11"", ""12"", ""25"", ""27""]"	"[""12"", ""1"", ""27"", ""11"", ""25""]"	visual	visual.short.png	data/chorale-bricks/Vulpius_DieHelleSonnLeuchtJetztHerfuer/visual.short.png	0	"[""0"", ""none of the other options is correct"", ""12"", ""1"", ""27""]"	0.2	0	"[""A"", ""B"", ""C"", ""D"", ""E""]"	"{""A"": ""0"", ""B"": ""none of the other options is correct"", ""C"": ""1"", ""D"": ""27"", ""E"": ""12""}"	"[""(A) 0"", ""(B) none of the other options is correct"", ""(C) 1"", ""(D) 27"", ""(E) 12""]"	(A) 0	A
013d408c-09e3-5883-b0db-77ec08d9dd79	7	perception	rhythm	relative	rhythm-relative	proportion-recognition		rhythm pattern	What is the temporal relationship (e.g., 2:1, 3:1) between the  {target_index} note (or rest) and the next one in the {voice} line?	"[""target_index"", ""voice""]"	get_rhythm_pattern		rhythm	"{""target_index"": ""9th"", ""voice"": ""soprano""}"	What is the temporal relationship (e.g., 2:1, 3:1) between the  9th note (or rest) and the next one in the soprano line?	Vulpius_ChristusDerIstMeinLeben	chorale-bricks	Vulpius_ChristusDerIstMeinLeben	data/chorale-bricks/Vulpius_ChristusDerIstMeinLeben	1:1	"[""1:2"", ""1:3"", ""2:1"", ""3:1"", ""3:2""]"	"[""1:2"", ""1:3"", ""2:1"", ""3:1"", ""3:2""]"	audio	audio.mastermix.wav	data/chorale-bricks/Vulpius_ChristusDerIstMeinLeben/audio.mastermix.wav	1:1	"[""1:1"", ""none of the other options is correct"", ""1:2"", ""1:3"", ""2:1""]"	0.2	0	"[""A"", ""B"", ""C"", ""D"", ""E""]"	"{""A"": ""none of the other options is correct"", ""B"": ""2:1"", ""C"": ""1:3"", ""D"": ""1:2"", ""E"": ""1:1""}"	"[""(A) none of the other options is correct"", ""(B) 2:1"", ""(C) 1:3"", ""(D) 1:2"", ""(E) 1:1""]"	(E) 1:1	E
e418b927-5c71-57b4-b107-f39a8ed84cdd	7	perception	rhythm	relative	rhythm-relative	proportion-recognition		rhythm pattern	What is the temporal relationship (e.g., 2:1, 3:1) between the  {target_index} note (or rest) and the next one in the {voice} line?	"[""target_index"", ""voice""]"	get_rhythm_pattern		rhythm	"{""target_index"": ""9th"", ""voice"": ""soprano""}"	What is the temporal relationship (e.g., 2:1, 3:1) between the  9th note (or rest) and the next one in the soprano line?	Vulpius_ChristusDerIstMeinLeben	chorale-bricks	Vulpius_ChristusDerIstMeinLeben	data/chorale-bricks/Vulpius_ChristusDerIstMeinLeben	1:1	"[""1:2"", ""1:3"", ""2:1"", ""3:1"", ""3:2""]"	"[""1:2"", ""1:3"", ""2:1"", ""3:1"", ""3:2""]"	symbolic	symbolic.abc.txt	data/chorale-bricks/Vulpius_ChristusDerIstMeinLeben/symbolic.abc.txt	1:1	"[""1:1"", ""none of the other options is correct"", ""1:2"", ""1:3"", ""2:1""]"	0.2	0	"[""A"", ""B"", ""C"", ""D"", ""E""]"	"{""A"": ""1:1"", ""B"": ""none of the other options is correct"", ""C"": ""1:3"", ""D"": ""2:1"", ""E"": ""1:2""}"	"[""(A) 1:1"", ""(B) none of the other options is correct"", ""(C) 1:3"", ""(D) 2:1"", ""(E) 1:2""]"	(A) 1:1	A
ed0ab373-21b6-5e7d-957b-f142068ff9cc	7	perception	rhythm	relative	rhythm-relative	proportion-recognition		rhythm pattern	What is the temporal relationship (e.g., 2:1, 3:1) between the  {target_index} note (or rest) and the next one in the {voice} line?	"[""target_index"", ""voice""]"	get_rhythm_pattern		rhythm	"{""target_index"": ""9th"", ""voice"": ""soprano""}"	What is the temporal relationship (e.g., 2:1, 3:1) between the  9th note (or rest) and the next one in the soprano line?	Vulpius_ChristusDerIstMeinLeben	chorale-bricks	Vulpius_ChristusDerIstMeinLeben	data/chorale-bricks/Vulpius_ChristusDerIstMeinLeben	1:1	"[""1:2"", ""1:3"", ""2:1"", ""3:1"", ""3:2""]"	"[""1:2"", ""1:3"", ""2:1"", ""3:1"", ""3:2""]"	visual	visual.short.png	data/chorale-bricks/Vulpius_ChristusDerIstMeinLeben/visual.short.png	1:1	"[""1:1"", ""none of the other options is correct"", ""1:2"", ""1:3"", ""2:1""]"	0.2	0	"[""A"", ""B"", ""C"", ""D"", ""E""]"	"{""A"": ""none of the other options is correct"", ""B"": ""1:3"", ""C"": ""1:2"", ""D"": ""2:1"", ""E"": ""1:1""}"	"[""(A) none of the other options is correct"", ""(B) 1:3"", ""(C) 1:2"", ""(D) 2:1"", ""(E) 1:1""]"	(E) 1:1	E
35f98fc0-5bf8-5697-9968-bbd0aed0abe5	7	perception	rhythm	relative	rhythm-relative	proportion-recognition		rhythm pattern	What is the temporal relationship (e.g., 2:1, 3:1) between the  {target_index} note (or rest) and the next one in the {voice} line?	"[""target_index"", ""voice""]"	get_rhythm_pattern		rhythm	"{""target_index"": ""24th"", ""voice"": ""tenor""}"	What is the temporal relationship (e.g., 2:1, 3:1) between the  24th note (or rest) and the next one in the tenor line?	Gesius_BefiehlDuDeineWege	chorale-bricks	Gesius_BefiehlDuDeineWege	data/chorale-bricks/Gesius_BefiehlDuDeineWege	1:1	"[""1:2"", ""1:3"", ""2:1"", ""3:1""]"	"[""1:3"", ""2:1"", ""3:1"", ""1:2""]"	audio	audio.mastermix.wav	data/chorale-bricks/Gesius_BefiehlDuDeineWege/audio.mastermix.wav	1:1	"[""1:1"", ""none of the other options is correct"", ""1:3"", ""2:1"", ""3:1""]"	0.2	0	"[""A"", ""B"", ""C"", ""D"", ""E""]"	"{""A"": ""3:1"", ""B"": ""1:1"", ""C"": ""2:1"", ""D"": ""none of the other options is correct"", ""E"": ""1:3""}"	"[""(A) 3:1"", ""(B) 1:1"", ""(C) 2:1"", ""(D) none of the other options is correct"", ""(E) 1:3""]"	(B) 1:1	B
cfcb29ac-1734-5be8-ab1d-c084e0348328	7	perception	rhythm	relative	rhythm-relative	proportion-recognition		rhythm pattern	What is the temporal relationship (e.g., 2:1, 3:1) between the  {target_index} note (or rest) and the next one in the {voice} line?	"[""target_index"", ""voice""]"	get_rhythm_pattern		rhythm	"{""target_index"": ""24th"", ""voice"": ""tenor""}"	What is the temporal relationship (e.g., 2:1, 3:1) between the  24th note (or rest) and the next one in the tenor line?	Gesius_BefiehlDuDeineWege	chorale-bricks	Gesius_BefiehlDuDeineWege	data/chorale-bricks/Gesius_BefiehlDuDeineWege	1:1	"[""1:2"", ""1:3"", ""2:1"", ""3:1""]"	"[""1:3"", ""2:1"", ""3:1"", ""1:2""]"	symbolic	symbolic.abc.txt	data/chorale-bricks/Gesius_BefiehlDuDeineWege/symbolic.abc.txt	1:1	"[""1:1"", ""none of the other options is correct"", ""1:3"", ""2:1"", ""3:1""]"	0.2	0	"[""A"", ""B"", ""C"", ""D"", ""E""]"	"{""A"": ""none of the other options is correct"", ""B"": ""3:1"", ""C"": ""1:3"", ""D"": ""1:1"", ""E"": ""2:1""}"	"[""(A) none of the other options is correct"", ""(B) 3:1"", ""(C) 1:3"", ""(D) 1:1"", ""(E) 2:1""]"	(D) 1:1	D
7ea8faf7-c4f8-50d7-9c24-c9477481edb4	7	perception	rhythm	relative	rhythm-relative	proportion-recognition		rhythm pattern	What is the temporal relationship (e.g., 2:1, 3:1) between the  {target_index} note (or rest) and the next one in the {voice} line?	"[""target_index"", ""voice""]"	get_rhythm_pattern		rhythm	"{""target_index"": ""24th"", ""voice"": ""tenor""}"	What is the temporal relationship (e.g., 2:1, 3:1) between the  24th note (or rest) and the next one in the tenor line?	Gesius_BefiehlDuDeineWege	chorale-bricks	Gesius_BefiehlDuDeineWege	data/chorale-bricks/Gesius_BefiehlDuDeineWege	1:1	"[""1:2"", ""1:3"", ""2:1"", ""3:1""]"	"[""1:3"", ""2:1"", ""3:1"", ""1:2""]"	visual	visual.short.png	data/chorale-bricks/Gesius_BefiehlDuDeineWege/visual.short.png	1:1	"[""1:1"", ""none of the other options is correct"", ""1:3"", ""2:1"", ""3:1""]"	0.2	0	"[""A"", ""B"", ""C"", ""D"", ""E""]"	"{""A"": ""1:1"", ""B"": ""1:3"", ""C"": ""2:1"", ""D"": ""none of the other options is correct"", ""E"": ""3:1""}"	"[""(A) 1:1"", ""(B) 1:3"", ""(C) 2:1"", ""(D) none of the other options is correct"", ""(E) 3:1""]"	(A) 1:1	A
c2dfd7ee-889f-5bbd-85a8-5d71d1784277	7	perception	rhythm	relative	rhythm-relative	proportion-recognition		rhythm pattern	What is the temporal relationship (e.g., 2:1, 3:1) between the  {target_index} note (or rest) and the next one in the {voice} line?	"[""target_index"", ""voice""]"	get_rhythm_pattern		rhythm	"{""target_index"": ""19th"", ""voice"": ""alto""}"	What is the temporal relationship (e.g., 2:1, 3:1) between the  19th note (or rest) and the next one in the alto line?	Bach_IchStehAnDeinerKrippe	chorale-bricks	Bach_IchStehAnDeinerKrippe	data/chorale-bricks/Bach_IchStehAnDeinerKrippe	1:1	"[""1:2"", ""1:4"", ""2:1"", ""3:1"", ""3:2""]"	"[""1:2"", ""1:4"", ""2:1"", ""3:2"", ""3:1""]"	audio	audio.mastermix.wav	data/chorale-bricks/Bach_IchStehAnDeinerKrippe/audio.mastermix.wav	1:1	"[""1:1"", ""none of the other options is correct"", ""1:2"", ""1:4"", ""2:1""]"	0.2	0	"[""A"", ""B"", ""C"", ""D"", ""E""]"	"{""A"": ""none of the other options is correct"", ""B"": ""2:1"", ""C"": ""1:4"", ""D"": ""1:1"", ""E"": ""1:2""}"	"[""(A) none of the other options is correct"", ""(B) 2:1"", ""(C) 1:4"", ""(D) 1:1"", ""(E) 1:2""]"	(D) 1:1	D
d096d11d-c330-580a-85d3-e5c5671291c2	7	perception	rhythm	relative	rhythm-relative	proportion-recognition		rhythm pattern	What is the temporal relationship (e.g., 2:1, 3:1) between the  {target_index} note (or rest) and the next one in the {voice} line?	"[""target_index"", ""voice""]"	get_rhythm_pattern		rhythm	"{""target_index"": ""19th"", ""voice"": ""alto""}"	What is the temporal relationship (e.g., 2:1, 3:1) between the  19th note (or rest) and the next one in the alto line?	Bach_IchStehAnDeinerKrippe	chorale-bricks	Bach_IchStehAnDeinerKrippe	data/chorale-bricks/Bach_IchStehAnDeinerKrippe	1:1	"[""1:2"", ""1:4"", ""2:1"", ""3:1"", ""3:2""]"	"[""1:2"", ""1:4"", ""2:1"", ""3:2"", ""3:1""]"	symbolic	symbolic.abc.txt	data/chorale-bricks/Bach_IchStehAnDeinerKrippe/symbolic.abc.txt	1:1	"[""1:1"", ""none of the other options is correct"", ""1:2"", ""1:4"", ""2:1""]"	0.2	0	"[""A"", ""B"", ""C"", ""D"", ""E""]"	"{""A"": ""1:2"", ""B"": ""none of the other options is correct"", ""C"": ""1:1"", ""D"": ""1:4"", ""E"": ""2:1""}"	"[""(A) 1:2"", ""(B) none of the other options is correct"", ""(C) 1:1"", ""(D) 1:4"", ""(E) 2:1""]"	(C) 1:1	C
ec7bc865-d0c9-5428-93e0-cd75bbe1522b	7	perception	rhythm	relative	rhythm-relative	proportion-recognition		rhythm pattern	What is the temporal relationship (e.g., 2:1, 3:1) between the  {target_index} note (or rest) and the next one in the {voice} line?	"[""target_index"", ""voice""]"	get_rhythm_pattern		rhythm	"{""target_index"": ""19th"", ""voice"": ""alto""}"	What is the temporal relationship (e.g., 2:1, 3:1) between the  19th note (or rest) and the next one in the alto line?	Bach_IchStehAnDeinerKrippe	chorale-bricks	Bach_IchStehAnDeinerKrippe	data/chorale-bricks/Bach_IchStehAnDeinerKrippe	1:1	"[""1:2"", ""1:4"", ""2:1"", ""3:1"", ""3:2""]"	"[""1:2"", ""1:4"", ""2:1"", ""3:2"", ""3:1""]"	visual	visual.short.png	data/chorale-bricks/Bach_IchStehAnDeinerKrippe/visual.short.png	1:1	"[""1:1"", ""none of the other options is correct"", ""1:2"", ""1:4"", ""2:1""]"	0.2	0	"[""A"", ""B"", ""C"", ""D"", ""E""]"	"{""A"": ""1:1"", ""B"": ""2:1"", ""C"": ""none of the other options is correct"", ""D"": ""1:4"", ""E"": ""1:2""}"	"[""(A) 1:1"", ""(B) 2:1"", ""(C) none of the other options is correct"", ""(D) 1:4"", ""(E) 1:2""]"	(A) 1:1	A
aa23eee0-ea81-5b07-a2fa-1cd33d9423f7	7	perception	rhythm	relative	rhythm-relative	proportion-recognition		rhythm pattern	What is the temporal relationship (e.g., 2:1, 3:1) between the  {target_index} note (or rest) and the next one in the {voice} line?	"[""target_index"", ""voice""]"	get_rhythm_pattern		rhythm	"{""target_index"": ""33rd"", ""voice"": ""soprano""}"	What is the temporal relationship (e.g., 2:1, 3:1) between the  33rd note (or rest) and the next one in the soprano line?	Gesius_DuFriedensfuerstHerrJesuChrist	chorale-bricks	Gesius_DuFriedensfuerstHerrJesuChrist	data/chorale-bricks/Gesius_DuFriedensfuerstHerrJesuChrist	1:1	"[""1:2"", ""1:3"", ""2:1"", ""3:1""]"	"[""1:3"", ""2:1"", ""1:2"", ""3:1""]"	audio	audio.mastermix.wav	data/chorale-bricks/Gesius_DuFriedensfuerstHerrJesuChrist/audio.mastermix.wav	1:1	"[""1:1"", ""none of the other options is correct"", ""1:3"", ""2:1"", ""1:2""]"	0.2	0	"[""A"", ""B"", ""C"", ""D"", ""E""]"	"{""A"": ""1:2"", ""B"": ""1:3"", ""C"": ""2:1"", ""D"": ""none of the other options is correct"", ""E"": ""1:1""}"	"[""(A) 1:2"", ""(B) 1:3"", ""(C) 2:1"", ""(D) none of the other options is correct"", ""(E) 1:1""]"	(E) 1:1	E
a8a8efdf-2442-5d47-84db-ef1d3b870e76	7	perception	rhythm	relative	rhythm-relative	proportion-recognition		rhythm pattern	What is the temporal relationship (e.g., 2:1, 3:1) between the  {target_index} note (or rest) and the next one in the {voice} line?	"[""target_index"", ""voice""]"	get_rhythm_pattern		rhythm	"{""target_index"": ""33rd"", ""voice"": ""soprano""}"	What is the temporal relationship (e.g., 2:1, 3:1) between the  33rd note (or rest) and the next one in the soprano line?	Gesius_DuFriedensfuerstHerrJesuChrist	chorale-bricks	Gesius_DuFriedensfuerstHerrJesuChrist	data/chorale-bricks/Gesius_DuFriedensfuerstHerrJesuChrist	1:1	"[""1:2"", ""1:3"", ""2:1"", ""3:1""]"	"[""1:3"", ""2:1"", ""1:2"", ""3:1""]"	symbolic	symbolic.abc.txt	data/chorale-bricks/Gesius_DuFriedensfuerstHerrJesuChrist/symbolic.abc.txt	1:1	"[""1:1"", ""none of the other options is correct"", ""1:3"", ""2:1"", ""1:2""]"	0.2	0	"[""A"", ""B"", ""C"", ""D"", ""E""]"	"{""A"": ""1:3"", ""B"": ""1:1"", ""C"": ""1:2"", ""D"": ""2:1"", ""E"": ""none of the other options is correct""}"	"[""(A) 1:3"", ""(B) 1:1"", ""(C) 1:2"", ""(D) 2:1"", ""(E) none of the other options is correct""]"	(B) 1:1	B
8d118da0-bc24-5991-8230-cb663f7b1672	7	perception	rhythm	relative	rhythm-relative	proportion-recognition		rhythm pattern	What is the temporal relationship (e.g., 2:1, 3:1) between the  {target_index} note (or rest) and the next one in the {voice} line?	"[""target_index"", ""voice""]"	get_rhythm_pattern		rhythm	"{""target_index"": ""33rd"", ""voice"": ""soprano""}"	What is the temporal relationship (e.g., 2:1, 3:1) between the  33rd note (or rest) and the next one in the soprano line?	Gesius_DuFriedensfuerstHerrJesuChrist	chorale-bricks	Gesius_DuFriedensfuerstHerrJesuChrist	data/chorale-bricks/Gesius_DuFriedensfuerstHerrJesuChrist	1:1	"[""1:2"", ""1:3"", ""2:1"", ""3:1""]"	"[""1:3"", ""2:1"", ""1:2"", ""3:1""]"	visual	visual.short.png	data/chorale-bricks/Gesius_DuFriedensfuerstHerrJesuChrist/visual.short.png	1:1	"[""1:1"", ""none of the other options is correct"", ""1:3"", ""2:1"", ""1:2""]"	0.2	0	"[""A"", ""B"", ""C"", ""D"", ""E""]"	"{""A"": ""1:1"", ""B"": ""1:3"", ""C"": ""2:1"", ""D"": ""1:2"", ""E"": ""none of the other options is correct""}"	"[""(A) 1:1"", ""(B) 1:3"", ""(C) 2:1"", ""(D) 1:2"", ""(E) none of the other options is correct""]"	(A) 1:1	A
7ebb3f30-1975-54e9-a922-89170204be89	7	perception	rhythm	relative	rhythm-relative	proportion-recognition		rhythm pattern	What is the temporal relationship (e.g., 2:1, 3:1) between the  {target_index} note (or rest) and the next one in the {voice} line?	"[""target_index"", ""voice""]"	get_rhythm_pattern		rhythm	"{""target_index"": ""22nd"", ""voice"": ""tenor""}"	What is the temporal relationship (e.g., 2:1, 3:1) between the  22nd note (or rest) and the next one in the tenor line?	Drese_JesuGehVoran	chorale-bricks	Drese_JesuGehVoran	data/chorale-bricks/Drese_JesuGehVoran	1:2	"[""1:1"", ""1:4"", ""1:6"", ""2:1"", ""6:1""]"	"[""1:4"", ""2:1"", ""6:1"", ""1:6"", ""1:1""]"	audio	audio.mastermix.wav	data/chorale-bricks/Drese_JesuGehVoran/audio.mastermix.wav	1:2	"[""1:2"", ""none of the other options is correct"", ""1:4"", ""2:1"", ""6:1""]"	0.2	0	"[""A"", ""B"", ""C"", ""D"", ""E""]"	"{""A"": ""6:1"", ""B"": ""1:4"", ""C"": ""none of the other options is correct"", ""D"": ""2:1"", ""E"": ""1:2""}"	"[""(A) 6:1"", ""(B) 1:4"", ""(C) none of the other options is correct"", ""(D) 2:1"", ""(E) 1:2""]"	(E) 1:2	E
84ee11ca-e709-5298-af2c-39ad3113a47a	7	perception	rhythm	relative	rhythm-relative	proportion-recognition		rhythm pattern	What is the temporal relationship (e.g., 2:1, 3:1) between the  {target_index} note (or rest) and the next one in the {voice} line?	"[""target_index"", ""voice""]"	get_rhythm_pattern		rhythm	"{""target_index"": ""22nd"", ""voice"": ""tenor""}"	What is the temporal relationship (e.g., 2:1, 3:1) between the  22nd note (or rest) and the next one in the tenor line?	Drese_JesuGehVoran	chorale-bricks	Drese_JesuGehVoran	data/chorale-bricks/Drese_JesuGehVoran	1:2	"[""1:1"", ""1:4"", ""1:6"", ""2:1"", ""6:1""]"	"[""1:4"", ""2:1"", ""6:1"", ""1:6"", ""1:1""]"	symbolic	symbolic.abc.txt	data/chorale-bricks/Drese_JesuGehVoran/symbolic.abc.txt	none of the other options is correct	"[""none of the other options is correct"", ""1:4"", ""2:1"", ""6:1"", ""1:6""]"	0.2	1	"[""A"", ""B"", ""C"", ""D"", ""E""]"	"{""A"": ""2:1"", ""B"": ""1:4"", ""C"": ""6:1"", ""D"": ""none of the other options is correct"", ""E"": ""1:6""}"	"[""(A) 2:1"", ""(B) 1:4"", ""(C) 6:1"", ""(D) none of the other options is correct"", ""(E) 1:6""]"	(D) none of the other options is correct	D
552d636c-f06e-57c0-bb87-6d7113e6154a	7	perception	rhythm	relative	rhythm-relative	proportion-recognition		rhythm pattern	What is the temporal relationship (e.g., 2:1, 3:1) between the  {target_index} note (or rest) and the next one in the {voice} line?	"[""target_index"", ""voice""]"	get_rhythm_pattern		rhythm	"{""target_index"": ""22nd"", ""voice"": ""tenor""}"	What is the temporal relationship (e.g., 2:1, 3:1) between the  22nd note (or rest) and the next one in the tenor line?	Drese_JesuGehVoran	chorale-bricks	Drese_JesuGehVoran	data/chorale-bricks/Drese_JesuGehVoran	1:2	"[""1:1"", ""1:4"", ""1:6"", ""2:1"", ""6:1""]"	"[""1:4"", ""2:1"", ""6:1"", ""1:6"", ""1:1""]"	visual	visual.short.png	data/chorale-bricks/Drese_JesuGehVoran/visual.short.png	1:2	"[""1:2"", ""none of the other options is correct"", ""1:4"", ""2:1"", ""6:1""]"	0.2	0	"[""A"", ""B"", ""C"", ""D"", ""E""]"	"{""A"": ""1:4"", ""B"": ""none of the other options is correct"", ""C"": ""1:2"", ""D"": ""6:1"", ""E"": ""2:1""}"	"[""(A) 1:4"", ""(B) none of the other options is correct"", ""(C) 1:2"", ""(D) 6:1"", ""(E) 2:1""]"	(C) 1:2	C
74ef9b34-dff6-59e0-a874-b2ff7cb348c9	7	perception	rhythm	relative	rhythm-relative	proportion-recognition		rhythm pattern	What is the temporal relationship (e.g., 2:1, 3:1) between the  {target_index} note (or rest) and the next one in the {voice} line?	"[""target_index"", ""voice""]"	get_rhythm_pattern		rhythm	"{""target_index"": ""24th"", ""voice"": ""soprano""}"	What is the temporal relationship (e.g., 2:1, 3:1) between the  24th note (or rest) and the next one in the soprano line?	Drese_JesuGehVoran	chorale-bricks	Drese_JesuGehVoran	data/chorale-bricks/Drese_JesuGehVoran	2:1	"[""1:1"", ""1:2"", ""1:4"", ""1:6"", ""6:1""]"	"[""6:1"", ""1:1"", ""1:2"", ""1:4"", ""1:6""]"	audio	audio.mastermix.wav	data/chorale-bricks/Drese_JesuGehVoran/audio.mastermix.wav	2:1	"[""2:1"", ""none of the other options is correct"", ""6:1"", ""1:1"", ""1:2""]"	0.2	0	"[""A"", ""B"", ""C"", ""D"", ""E""]"	"{""A"": ""2:1"", ""B"": ""6:1"", ""C"": ""1:2"", ""D"": ""1:1"", ""E"": ""none of the other options is correct""}"	"[""(A) 2:1"", ""(B) 6:1"", ""(C) 1:2"", ""(D) 1:1"", ""(E) none of the other options is correct""]"	(A) 2:1	A
6f64bc23-8175-561e-917e-2bda3f58bf8a	7	perception	rhythm	relative	rhythm-relative	proportion-recognition		rhythm pattern	What is the temporal relationship (e.g., 2:1, 3:1) between the  {target_index} note (or rest) and the next one in the {voice} line?	"[""target_index"", ""voice""]"	get_rhythm_pattern		rhythm	"{""target_index"": ""24th"", ""voice"": ""soprano""}"	What is the temporal relationship (e.g., 2:1, 3:1) between the  24th note (or rest) and the next one in the soprano line?	Drese_JesuGehVoran	chorale-bricks	Drese_JesuGehVoran	data/chorale-bricks/Drese_JesuGehVoran	2:1	"[""1:1"", ""1:2"", ""1:4"", ""1:6"", ""6:1""]"	"[""6:1"", ""1:1"", ""1:2"", ""1:4"", ""1:6""]"	symbolic	symbolic.abc.txt	data/chorale-bricks/Drese_JesuGehVoran/symbolic.abc.txt	none of the other options is correct	"[""none of the other options is correct"", ""6:1"", ""1:1"", ""1:2"", ""1:4""]"	0.2	1	"[""A"", ""B"", ""C"", ""D"", ""E""]"	"{""A"": ""6:1"", ""B"": ""none of the other options is correct"", ""C"": ""1:1"", ""D"": ""1:4"", ""E"": ""1:2""}"	"[""(A) 6:1"", ""(B) none of the other options is correct"", ""(C) 1:1"", ""(D) 1:4"", ""(E) 1:2""]"	(B) none of the other options is correct	B
359462bb-53f8-5856-871d-695575bf9b44	7	perception	rhythm	relative	rhythm-relative	proportion-recognition		rhythm pattern	What is the temporal relationship (e.g., 2:1, 3:1) between the  {target_index} note (or rest) and the next one in the {voice} line?	"[""target_index"", ""voice""]"	get_rhythm_pattern		rhythm	"{""target_index"": ""24th"", ""voice"": ""soprano""}"	What is the temporal relationship (e.g., 2:1, 3:1) between the  24th note (or rest) and the next one in the soprano line?	Drese_JesuGehVoran	chorale-bricks	Drese_JesuGehVoran	data/chorale-bricks/Drese_JesuGehVoran	2:1	"[""1:1"", ""1:2"", ""1:4"", ""1:6"", ""6:1""]"	"[""6:1"", ""1:1"", ""1:2"", ""1:4"", ""1:6""]"	visual	visual.short.png	data/chorale-bricks/Drese_JesuGehVoran/visual.short.png	2:1	"[""2:1"", ""none of the other options is correct"", ""6:1"", ""1:1"", ""1:2""]"	0.2	0	"[""A"", ""B"", ""C"", ""D"", ""E""]"	"{""A"": ""none of the other options is correct"", ""B"": ""2:1"", ""C"": ""1:1"", ""D"": ""1:2"", ""E"": ""6:1""}"	"[""(A) none of the other options is correct"", ""(B) 2:1"", ""(C) 1:1"", ""(D) 1:2"", ""(E) 6:1""]"	(B) 2:1	B
7d25db42-e2d5-54e5-b0cf-afb973e9956d	7	perception	rhythm	relative	rhythm-relative	proportion-recognition		rhythm pattern	What is the temporal relationship (e.g., 2:1, 3:1) between the  {target_index} note (or rest) and the next one in the {voice} line?	"[""target_index"", ""voice""]"	get_rhythm_pattern		rhythm	"{""target_index"": ""48th"", ""voice"": ""alto""}"	What is the temporal relationship (e.g., 2:1, 3:1) between the  48th note (or rest) and the next one in the alto line?	Anonymous_AusMeinesHerzensGrunde	chorale-bricks	Anonymous_AusMeinesHerzensGrunde	data/chorale-bricks/Anonymous_AusMeinesHerzensGrunde	1:2	"[""1:1"", ""1:3"", ""2:1"", ""2:3"", ""3:1"", ""3:2"", ""4:1""]"	"[""2:3"", ""1:1"", ""1:3"", ""3:1"", ""2:1"", ""3:2"", ""4:1""]"	audio	audio.mastermix.wav	data/chorale-bricks/Anonymous_AusMeinesHerzensGrunde/audio.mastermix.wav	1:2	"[""1:2"", ""none of the other options is correct"", ""2:3"", ""1:1"", ""1:3""]"	0.2	0	"[""A"", ""B"", ""C"", ""D"", ""E""]"	"{""A"": ""1:1"", ""B"": ""none of the other options is correct"", ""C"": ""2:3"", ""D"": ""1:3"", ""E"": ""1:2""}"	"[""(A) 1:1"", ""(B) none of the other options is correct"", ""(C) 2:3"", ""(D) 1:3"", ""(E) 1:2""]"	(E) 1:2	E
3bb13c1e-9753-5c5b-b32a-ba1b4e5c35ba	7	perception	rhythm	relative	rhythm-relative	proportion-recognition		rhythm pattern	What is the temporal relationship (e.g., 2:1, 3:1) between the  {target_index} note (or rest) and the next one in the {voice} line?	"[""target_index"", ""voice""]"	get_rhythm_pattern		rhythm	"{""target_index"": ""48th"", ""voice"": ""alto""}"	What is the temporal relationship (e.g., 2:1, 3:1) between the  48th note (or rest) and the next one in the alto line?	Anonymous_AusMeinesHerzensGrunde	chorale-bricks	Anonymous_AusMeinesHerzensGrunde	data/chorale-bricks/Anonymous_AusMeinesHerzensGrunde	1:2	"[""1:1"", ""1:3"", ""2:1"", ""2:3"", ""3:1"", ""3:2"", ""4:1""]"	"[""2:3"", ""1:1"", ""1:3"", ""3:1"", ""2:1"", ""3:2"", ""4:1""]"	symbolic	symbolic.abc.txt	data/chorale-bricks/Anonymous_AusMeinesHerzensGrunde/symbolic.abc.txt	none of the other options is correct	"[""none of the other options is correct"", ""2:3"", ""1:1"", ""1:3"", ""3:1""]"	0.2	1	"[""A"", ""B"", ""C"", ""D"", ""E""]"	"{""A"": ""1:3"", ""B"": ""1:1"", ""C"": ""3:1"", ""D"": ""2:3"", ""E"": ""none of the other options is correct""}"	"[""(A) 1:3"", ""(B) 1:1"", ""(C) 3:1"", ""(D) 2:3"", ""(E) none of the other options is correct""]"	(E) none of the other options is correct	E
f9ef4de4-f0ae-55c0-9737-636496511eb2	7	perception	rhythm	relative	rhythm-relative	proportion-recognition		rhythm pattern	What is the temporal relationship (e.g., 2:1, 3:1) between the  {target_index} note (or rest) and the next one in the {voice} line?	"[""target_index"", ""voice""]"	get_rhythm_pattern		rhythm	"{""target_index"": ""48th"", ""voice"": ""alto""}"	What is the temporal relationship (e.g., 2:1, 3:1) between the  48th note (or rest) and the next one in the alto line?	Anonymous_AusMeinesHerzensGrunde	chorale-bricks	Anonymous_AusMeinesHerzensGrunde	data/chorale-bricks/Anonymous_AusMeinesHerzensGrunde	1:2	"[""1:1"", ""1:3"", ""2:1"", ""2:3"", ""3:1"", ""3:2"", ""4:1""]"	"[""2:3"", ""1:1"", ""1:3"", ""3:1"", ""2:1"", ""3:2"", ""4:1""]"	visual	visual.short.png	data/chorale-bricks/Anonymous_AusMeinesHerzensGrunde/visual.short.png	1:2	"[""1:2"", ""none of the other options is correct"", ""2:3"", ""1:1"", ""1:3""]"	0.2	0	"[""A"", ""B"", ""C"", ""D"", ""E""]"	"{""A"": ""1:1"", ""B"": ""1:2"", ""C"": ""2:3"", ""D"": ""1:3"", ""E"": ""none of the other options is correct""}"	"[""(A) 1:1"", ""(B) 1:2"", ""(C) 2:3"", ""(D) 1:3"", ""(E) none of the other options is correct""]"	(B) 1:2	B
4094afff-bdcb-5d50-9ac2-0d8670ea0d35	7	perception	rhythm	relative	rhythm-relative	proportion-recognition		rhythm pattern	What is the temporal relationship (e.g., 2:1, 3:1) between the  {target_index} note (or rest) and the next one in the {voice} line?	"[""target_index"", ""voice""]"	get_rhythm_pattern		rhythm	"{""target_index"": ""1st"", ""voice"": ""soprano""}"	What is the temporal relationship (e.g., 2:1, 3:1) between the  1st note (or rest) and the next one in the soprano line?	Vulpius_ChristusDerIstMeinLeben	chorale-bricks	Vulpius_ChristusDerIstMeinLeben	data/chorale-bricks/Vulpius_ChristusDerIstMeinLeben	2:1	"[""1:1"", ""1:2"", ""1:3"", ""3:1"", ""3:2""]"	"[""1:2"", ""3:1"", ""3:2"", ""1:3"", ""1:1""]"	audio	audio.mastermix.wav	data/chorale-bricks/Vulpius_ChristusDerIstMeinLeben/audio.mastermix.wav	2:1	"[""2:1"", ""none of the other options is correct"", ""1:2"", ""3:1"", ""3:2""]"	0.2	0	"[""A"", ""B"", ""C"", ""D"", ""E""]"	"{""A"": ""1:2"", ""B"": ""3:2"", ""C"": ""none of the other options is correct"", ""D"": ""2:1"", ""E"": ""3:1""}"	"[""(A) 1:2"", ""(B) 3:2"", ""(C) none of the other options is correct"", ""(D) 2:1"", ""(E) 3:1""]"	(D) 2:1	D
f8388a7f-cb18-5a6b-a49d-e3e422b1f93f	7	perception	rhythm	relative	rhythm-relative	proportion-recognition		rhythm pattern	What is the temporal relationship (e.g., 2:1, 3:1) between the  {target_index} note (or rest) and the next one in the {voice} line?	"[""target_index"", ""voice""]"	get_rhythm_pattern		rhythm	"{""target_index"": ""1st"", ""voice"": ""soprano""}"	What is the temporal relationship (e.g., 2:1, 3:1) between the  1st note (or rest) and the next one in the soprano line?	Vulpius_ChristusDerIstMeinLeben	chorale-bricks	Vulpius_ChristusDerIstMeinLeben	data/chorale-bricks/Vulpius_ChristusDerIstMeinLeben	2:1	"[""1:1"", ""1:2"", ""1:3"", ""3:1"", ""3:2""]"	"[""1:2"", ""3:1"", ""3:2"", ""1:3"", ""1:1""]"	symbolic	symbolic.abc.txt	data/chorale-bricks/Vulpius_ChristusDerIstMeinLeben/symbolic.abc.txt	none of the other options is correct	"[""none of the other options is correct"", ""1:2"", ""3:1"", ""3:2"", ""1:3""]"	0.2	1	"[""A"", ""B"", ""C"", ""D"", ""E""]"	"{""A"": ""1:2"", ""B"": ""3:1"", ""C"": ""3:2"", ""D"": ""1:3"", ""E"": ""none of the other options is correct""}"	"[""(A) 1:2"", ""(B) 3:1"", ""(C) 3:2"", ""(D) 1:3"", ""(E) none of the other options is correct""]"	(E) none of the other options is correct	E
ed0dcd33-494d-5c20-9a35-6853796d4d19	7	perception	rhythm	relative	rhythm-relative	proportion-recognition		rhythm pattern	What is the temporal relationship (e.g., 2:1, 3:1) between the  {target_index} note (or rest) and the next one in the {voice} line?	"[""target_index"", ""voice""]"	get_rhythm_pattern		rhythm	"{""target_index"": ""1st"", ""voice"": ""soprano""}"	What is the temporal relationship (e.g., 2:1, 3:1) between the  1st note (or rest) and the next one in the soprano line?	Vulpius_ChristusDerIstMeinLeben	chorale-bricks	Vulpius_ChristusDerIstMeinLeben	data/chorale-bricks/Vulpius_ChristusDerIstMeinLeben	2:1	"[""1:1"", ""1:2"", ""1:3"", ""3:1"", ""3:2""]"	"[""1:2"", ""3:1"", ""3:2"", ""1:3"", ""1:1""]"	visual	visual.short.png	data/chorale-bricks/Vulpius_ChristusDerIstMeinLeben/visual.short.png	none of the other options is correct	"[""none of the other options is correct"", ""1:2"", ""3:1"", ""3:2"", ""1:3""]"	0.2	1	"[""A"", ""B"", ""C"", ""D"", ""E""]"	"{""A"": ""1:2"", ""B"": ""1:3"", ""C"": ""none of the other options is correct"", ""D"": ""3:1"", ""E"": ""3:2""}"	"[""(A) 1:2"", ""(B) 1:3"", ""(C) none of the other options is correct"", ""(D) 3:1"", ""(E) 3:2""]"	(C) none of the other options is correct	C
996f4fc4-71ca-5224-b379-0262d6a0acb2	7	perception	rhythm	relative	rhythm-relative	proportion-recognition		rhythm pattern	What is the temporal relationship (e.g., 2:1, 3:1) between the  {target_index} note (or rest) and the next one in the {voice} line?	"[""target_index"", ""voice""]"	get_rhythm_pattern		rhythm	"{""target_index"": ""52nd"", ""voice"": ""alto""}"	What is the temporal relationship (e.g., 2:1, 3:1) between the  52nd note (or rest) and the next one in the alto line?	Bach_IchStehAnDeinerKrippe	chorale-bricks	Bach_IchStehAnDeinerKrippe	data/chorale-bricks/Bach_IchStehAnDeinerKrippe	2:1	"[""1:1"", ""1:2"", ""1:4"", ""3:1"", ""3:2""]"	"[""1:4"", ""1:1"", ""1:2"", ""3:2"", ""3:1""]"	audio	audio.mastermix.wav	data/chorale-bricks/Bach_IchStehAnDeinerKrippe/audio.mastermix.wav	2:1	"[""2:1"", ""none of the other options is correct"", ""1:4"", ""1:1"", ""1:2""]"	0.2	0	"[""A"", ""B"", ""C"", ""D"", ""E""]"	"{""A"": ""1:1"", ""B"": ""1:2"", ""C"": ""2:1"", ""D"": ""none of the other options is correct"", ""E"": ""1:4""}"	"[""(A) 1:1"", ""(B) 1:2"", ""(C) 2:1"", ""(D) none of the other options is correct"", ""(E) 1:4""]"	(C) 2:1	C
10a52818-37b3-5f7e-8f39-b16d21fbdd11	7	perception	rhythm	relative	rhythm-relative	proportion-recognition		rhythm pattern	What is the temporal relationship (e.g., 2:1, 3:1) between the  {target_index} note (or rest) and the next one in the {voice} line?	"[""target_index"", ""voice""]"	get_rhythm_pattern		rhythm	"{""target_index"": ""52nd"", ""voice"": ""alto""}"	What is the temporal relationship (e.g., 2:1, 3:1) between the  52nd note (or rest) and the next one in the alto line?	Bach_IchStehAnDeinerKrippe	chorale-bricks	Bach_IchStehAnDeinerKrippe	data/chorale-bricks/Bach_IchStehAnDeinerKrippe	2:1	"[""1:1"", ""1:2"", ""1:4"", ""3:1"", ""3:2""]"	"[""1:4"", ""1:1"", ""1:2"", ""3:2"", ""3:1""]"	symbolic	symbolic.abc.txt	data/chorale-bricks/Bach_IchStehAnDeinerKrippe/symbolic.abc.txt	2:1	"[""2:1"", ""none of the other options is correct"", ""1:4"", ""1:1"", ""1:2""]"	0.2	0	"[""A"", ""B"", ""C"", ""D"", ""E""]"	"{""A"": ""1:1"", ""B"": ""none of the other options is correct"", ""C"": ""1:4"", ""D"": ""1:2"", ""E"": ""2:1""}"	"[""(A) 1:1"", ""(B) none of the other options is correct"", ""(C) 1:4"", ""(D) 1:2"", ""(E) 2:1""]"	(E) 2:1	E
8a138c11-5660-5f69-958d-2d2369c4c6c0	7	perception	rhythm	relative	rhythm-relative	proportion-recognition		rhythm pattern	What is the temporal relationship (e.g., 2:1, 3:1) between the  {target_index} note (or rest) and the next one in the {voice} line?	"[""target_index"", ""voice""]"	get_rhythm_pattern		rhythm	"{""target_index"": ""52nd"", ""voice"": ""alto""}"	What is the temporal relationship (e.g., 2:1, 3:1) between the  52nd note (or rest) and the next one in the alto line?	Bach_IchStehAnDeinerKrippe	chorale-bricks	Bach_IchStehAnDeinerKrippe	data/chorale-bricks/Bach_IchStehAnDeinerKrippe	2:1	"[""1:1"", ""1:2"", ""1:4"", ""3:1"", ""3:2""]"	"[""1:4"", ""1:1"", ""1:2"", ""3:2"", ""3:1""]"	visual	visual.short.png	data/chorale-bricks/Bach_IchStehAnDeinerKrippe/visual.short.png	none of the other options is correct	"[""none of the other options is correct"", ""1:4"", ""1:1"", ""1:2"", ""3:2""]"	0.2	1	"[""A"", ""B"", ""C"", ""D"", ""E""]"	"{""A"": ""1:4"", ""B"": ""3:2"", ""C"": ""none of the other options is correct"", ""D"": ""1:1"", ""E"": ""1:2""}"	"[""(A) 1:4"", ""(B) 3:2"", ""(C) none of the other options is correct"", ""(D) 1:1"", ""(E) 1:2""]"	(C) none of the other options is correct	C
14287c9c-3620-503d-890f-d9443dbe7a28	7	perception	rhythm	relative	rhythm-relative	proportion-recognition		rhythm pattern	What is the temporal relationship (e.g., 2:1, 3:1) between the  {target_index} note (or rest) and the next one in the {voice} line?	"[""target_index"", ""voice""]"	get_rhythm_pattern		rhythm	"{""target_index"": ""11th"", ""voice"": ""soprano""}"	What is the temporal relationship (e.g., 2:1, 3:1) between the  11th note (or rest) and the next one in the soprano line?	Vulpius_ChristusDerIstMeinLeben	chorale-bricks	Vulpius_ChristusDerIstMeinLeben	data/chorale-bricks/Vulpius_ChristusDerIstMeinLeben	1:1	"[""1:2"", ""1:3"", ""2:1"", ""3:1"", ""3:2""]"	"[""2:1"", ""3:2"", ""1:2"", ""3:1"", ""1:3""]"	audio	audio.mastermix.wav	data/chorale-bricks/Vulpius_ChristusDerIstMeinLeben/audio.mastermix.wav	1:1	"[""1:1"", ""none of the other options is correct"", ""2:1"", ""3:2"", ""1:2""]"	0.2	0	"[""A"", ""B"", ""C"", ""D"", ""E""]"	"{""A"": ""3:2"", ""B"": ""none of the other options is correct"", ""C"": ""1:1"", ""D"": ""2:1"", ""E"": ""1:2""}"	"[""(A) 3:2"", ""(B) none of the other options is correct"", ""(C) 1:1"", ""(D) 2:1"", ""(E) 1:2""]"	(C) 1:1	C
0c16b6fa-8dae-5487-af1d-8a9b44956d5c	7	perception	rhythm	relative	rhythm-relative	proportion-recognition		rhythm pattern	What is the temporal relationship (e.g., 2:1, 3:1) between the  {target_index} note (or rest) and the next one in the {voice} line?	"[""target_index"", ""voice""]"	get_rhythm_pattern		rhythm	"{""target_index"": ""11th"", ""voice"": ""soprano""}"	What is the temporal relationship (e.g., 2:1, 3:1) between the  11th note (or rest) and the next one in the soprano line?	Vulpius_ChristusDerIstMeinLeben	chorale-bricks	Vulpius_ChristusDerIstMeinLeben	data/chorale-bricks/Vulpius_ChristusDerIstMeinLeben	1:1	"[""1:2"", ""1:3"", ""2:1"", ""3:1"", ""3:2""]"	"[""2:1"", ""3:2"", ""1:2"", ""3:1"", ""1:3""]"	symbolic	symbolic.abc.txt	data/chorale-bricks/Vulpius_ChristusDerIstMeinLeben/symbolic.abc.txt	1:1	"[""1:1"", ""none of the other options is correct"", ""2:1"", ""3:2"", ""1:2""]"	0.2	0	"[""A"", ""B"", ""C"", ""D"", ""E""]"	"{""A"": ""1:2"", ""B"": ""3:2"", ""C"": ""none of the other options is correct"", ""D"": ""2:1"", ""E"": ""1:1""}"	"[""(A) 1:2"", ""(B) 3:2"", ""(C) none of the other options is correct"", ""(D) 2:1"", ""(E) 1:1""]"	(E) 1:1	E
7ca1995f-33ac-5358-9b13-d1ee7bd5dd43	7	perception	rhythm	relative	rhythm-relative	proportion-recognition		rhythm pattern	What is the temporal relationship (e.g., 2:1, 3:1) between the  {target_index} note (or rest) and the next one in the {voice} line?	"[""target_index"", ""voice""]"	get_rhythm_pattern		rhythm	"{""target_index"": ""11th"", ""voice"": ""soprano""}"	What is the temporal relationship (e.g., 2:1, 3:1) between the  11th note (or rest) and the next one in the soprano line?	Vulpius_ChristusDerIstMeinLeben	chorale-bricks	Vulpius_ChristusDerIstMeinLeben	data/chorale-bricks/Vulpius_ChristusDerIstMeinLeben	1:1	"[""1:2"", ""1:3"", ""2:1"", ""3:1"", ""3:2""]"	"[""2:1"", ""3:2"", ""1:2"", ""3:1"", ""1:3""]"	visual	visual.short.png	data/chorale-bricks/Vulpius_ChristusDerIstMeinLeben/visual.short.png	none of the other options is correct	"[""none of the other options is correct"", ""2:1"", ""3:2"", ""1:2"", ""3:1""]"	0.2	1	"[""A"", ""B"", ""C"", ""D"", ""E""]"	"{""A"": ""1:2"", ""B"": ""none of the other options is correct"", ""C"": ""3:2"", ""D"": ""2:1"", ""E"": ""3:1""}"	"[""(A) 1:2"", ""(B) none of the other options is correct"", ""(C) 3:2"", ""(D) 2:1"", ""(E) 3:1""]"	(B) none of the other options is correct	B
60c77eb4-b4dd-5b0e-9421-1541363aba19	7	perception	rhythm	relative	rhythm-relative	proportion-recognition		rhythm pattern	What is the temporal relationship (e.g., 2:1, 3:1) between the  {target_index} note (or rest) and the next one in the {voice} line?	"[""target_index"", ""voice""]"	get_rhythm_pattern		rhythm	"{""target_index"": ""29th"", ""voice"": ""tenor""}"	What is the temporal relationship (e.g., 2:1, 3:1) between the  29th note (or rest) and the next one in the tenor line?	Gesius_BefiehlDuDeineWege	chorale-bricks	Gesius_BefiehlDuDeineWege	data/chorale-bricks/Gesius_BefiehlDuDeineWege	2:1	"[""1:1"", ""1:2"", ""1:3"", ""3:1""]"	"[""1:1"", ""1:2"", ""1:3"", ""3:1""]"	audio	audio.mastermix.wav	data/chorale-bricks/Gesius_BefiehlDuDeineWege/audio.mastermix.wav	2:1	"[""2:1"", ""none of the other options is correct"", ""1:1"", ""1:2"", ""1:3""]"	0.2	0	"[""A"", ""B"", ""C"", ""D"", ""E""]"	"{""A"": ""1:1"", ""B"": ""1:3"", ""C"": ""none of the other options is correct"", ""D"": ""1:2"", ""E"": ""2:1""}"	"[""(A) 1:1"", ""(B) 1:3"", ""(C) none of the other options is correct"", ""(D) 1:2"", ""(E) 2:1""]"	(E) 2:1	E
394675f2-ba68-50eb-af3e-ca08bbb24276	7	perception	rhythm	relative	rhythm-relative	proportion-recognition		rhythm pattern	What is the temporal relationship (e.g., 2:1, 3:1) between the  {target_index} note (or rest) and the next one in the {voice} line?	"[""target_index"", ""voice""]"	get_rhythm_pattern		rhythm	"{""target_index"": ""29th"", ""voice"": ""tenor""}"	What is the temporal relationship (e.g., 2:1, 3:1) between the  29th note (or rest) and the next one in the tenor line?	Gesius_BefiehlDuDeineWege	chorale-bricks	Gesius_BefiehlDuDeineWege	data/chorale-bricks/Gesius_BefiehlDuDeineWege	2:1	"[""1:1"", ""1:2"", ""1:3"", ""3:1""]"	"[""1:1"", ""1:2"", ""1:3"", ""3:1""]"	symbolic	symbolic.abc.txt	data/chorale-bricks/Gesius_BefiehlDuDeineWege/symbolic.abc.txt	2:1	"[""2:1"", ""none of the other options is correct"", ""1:1"", ""1:2"", ""1:3""]"	0.2	0	"[""A"", ""B"", ""C"", ""D"", ""E""]"	"{""A"": ""1:1"", ""B"": ""1:2"", ""C"": ""2:1"", ""D"": ""1:3"", ""E"": ""none of the other options is correct""}"	"[""(A) 1:1"", ""(B) 1:2"", ""(C) 2:1"", ""(D) 1:3"", ""(E) none of the other options is correct""]"	(C) 2:1	C
5e62c8ac-5c5c-5070-9853-c650898609ac	7	perception	rhythm	relative	rhythm-relative	proportion-recognition		rhythm pattern	What is the temporal relationship (e.g., 2:1, 3:1) between the  {target_index} note (or rest) and the next one in the {voice} line?	"[""target_index"", ""voice""]"	get_rhythm_pattern		rhythm	"{""target_index"": ""29th"", ""voice"": ""tenor""}"	What is the temporal relationship (e.g., 2:1, 3:1) between the  29th note (or rest) and the next one in the tenor line?	Gesius_BefiehlDuDeineWege	chorale-bricks	Gesius_BefiehlDuDeineWege	data/chorale-bricks/Gesius_BefiehlDuDeineWege	2:1	"[""1:1"", ""1:2"", ""1:3"", ""3:1""]"	"[""1:1"", ""1:2"", ""1:3"", ""3:1""]"	visual	visual.short.png	data/chorale-bricks/Gesius_BefiehlDuDeineWege/visual.short.png	2:1	"[""2:1"", ""none of the other options is correct"", ""1:1"", ""1:2"", ""1:3""]"	0.2	0	"[""A"", ""B"", ""C"", ""D"", ""E""]"	"{""A"": ""1:2"", ""B"": ""2:1"", ""C"": ""1:3"", ""D"": ""none of the other options is correct"", ""E"": ""1:1""}"	"[""(A) 1:2"", ""(B) 2:1"", ""(C) 1:3"", ""(D) none of the other options is correct"", ""(E) 1:1""]"	(B) 2:1	B
c1cffba0-f1a3-5900-9fdb-b9feb0826161	7	perception	rhythm	relative	rhythm-relative	proportion-recognition		rhythm pattern	What is the temporal relationship (e.g., 2:1, 3:1) between the  {target_index} note (or rest) and the next one in the {voice} line?	"[""target_index"", ""voice""]"	get_rhythm_pattern		rhythm	"{""target_index"": ""14th"", ""voice"": ""soprano""}"	What is the temporal relationship (e.g., 2:1, 3:1) between the  14th note (or rest) and the next one in the soprano line?	Drese_JesuGehVoran	chorale-bricks	Drese_JesuGehVoran	data/chorale-bricks/Drese_JesuGehVoran	1:2	"[""1:1"", ""1:4"", ""1:6"", ""2:1"", ""6:1""]"	"[""1:6"", ""2:1"", ""6:1"", ""1:4"", ""1:1""]"	audio	audio.mastermix.wav	data/chorale-bricks/Drese_JesuGehVoran/audio.mastermix.wav	1:2	"[""1:2"", ""none of the other options is correct"", ""1:6"", ""2:1"", ""6:1""]"	0.2	0	"[""A"", ""B"", ""C"", ""D"", ""E""]"	"{""A"": ""6:1"", ""B"": ""1:2"", ""C"": ""none of the other options is correct"", ""D"": ""2:1"", ""E"": ""1:6""}"	"[""(A) 6:1"", ""(B) 1:2"", ""(C) none of the other options is correct"", ""(D) 2:1"", ""(E) 1:6""]"	(B) 1:2	B
124fa821-69e3-54b7-8cfa-fb444a7ab4a1	7	perception	rhythm	relative	rhythm-relative	proportion-recognition		rhythm pattern	What is the temporal relationship (e.g., 2:1, 3:1) between the  {target_index} note (or rest) and the next one in the {voice} line?	"[""target_index"", ""voice""]"	get_rhythm_pattern		rhythm	"{""target_index"": ""14th"", ""voice"": ""soprano""}"	What is the temporal relationship (e.g., 2:1, 3:1) between the  14th note (or rest) and the next one in the soprano line?	Drese_JesuGehVoran	chorale-bricks	Drese_JesuGehVoran	data/chorale-bricks/Drese_JesuGehVoran	1:2	"[""1:1"", ""1:4"", ""1:6"", ""2:1"", ""6:1""]"	"[""1:6"", ""2:1"", ""6:1"", ""1:4"", ""1:1""]"	symbolic	symbolic.abc.txt	data/chorale-bricks/Drese_JesuGehVoran/symbolic.abc.txt	1:2	"[""1:2"", ""none of the other options is correct"", ""1:6"", ""2:1"", ""6:1""]"	0.2	0	"[""A"", ""B"", ""C"", ""D"", ""E""]"	"{""A"": ""1:2"", ""B"": ""none of the other options is correct"", ""C"": ""1:6"", ""D"": ""6:1"", ""E"": ""2:1""}"	"[""(A) 1:2"", ""(B) none of the other options is correct"", ""(C) 1:6"", ""(D) 6:1"", ""(E) 2:1""]"	(A) 1:2	A
70cf8d90-e416-50c9-b23e-b0dd58f1f27c	7	perception	rhythm	relative	rhythm-relative	proportion-recognition		rhythm pattern	What is the temporal relationship (e.g., 2:1, 3:1) between the  {target_index} note (or rest) and the next one in the {voice} line?	"[""target_index"", ""voice""]"	get_rhythm_pattern		rhythm	"{""target_index"": ""14th"", ""voice"": ""soprano""}"	What is the temporal relationship (e.g., 2:1, 3:1) between the  14th note (or rest) and the next one in the soprano line?	Drese_JesuGehVoran	chorale-bricks	Drese_JesuGehVoran	data/chorale-bricks/Drese_JesuGehVoran	1:2	"[""1:1"", ""1:4"", ""1:6"", ""2:1"", ""6:1""]"	"[""1:6"", ""2:1"", ""6:1"", ""1:4"", ""1:1""]"	visual	visual.short.png	data/chorale-bricks/Drese_JesuGehVoran/visual.short.png	1:2	"[""1:2"", ""none of the other options is correct"", ""1:6"", ""2:1"", ""6:1""]"	0.2	0	"[""A"", ""B"", ""C"", ""D"", ""E""]"	"{""A"": ""1:6"", ""B"": ""2:1"", ""C"": ""6:1"", ""D"": ""none of the other options is correct"", ""E"": ""1:2""}"	"[""(A) 1:6"", ""(B) 2:1"", ""(C) 6:1"", ""(D) none of the other options is correct"", ""(E) 1:2""]"	(E) 1:2	E
4abbbeb5-fa1f-5e94-b5a0-1c0abde79848	7	perception	rhythm	relative	rhythm-relative	proportion-recognition		rhythm pattern	What is the temporal relationship (e.g., 2:1, 3:1) between the  {target_index} note (or rest) and the next one in the {voice} line?	"[""target_index"", ""voice""]"	get_rhythm_pattern		rhythm	"{""target_index"": ""5th"", ""voice"": ""tenor""}"	What is the temporal relationship (e.g., 2:1, 3:1) between the  5th note (or rest) and the next one in the tenor line?	Anonymous_AusMeinesHerzensGrunde	chorale-bricks	Anonymous_AusMeinesHerzensGrunde	data/chorale-bricks/Anonymous_AusMeinesHerzensGrunde	1:2	"[""1:1"", ""1:3"", ""2:1"", ""2:3"", ""3:1"", ""3:2"", ""4:1""]"	"[""3:1"", ""1:1"", ""1:3"", ""2:1"", ""4:1"", ""3:2"", ""2:3""]"	audio	audio.mastermix.wav	data/chorale-bricks/Anonymous_AusMeinesHerzensGrunde/audio.mastermix.wav	1:2	"[""1:2"", ""none of the other options is correct"", ""3:1"", ""1:1"", ""1:3""]"	0.2	0	"[""A"", ""B"", ""C"", ""D"", ""E""]"	"{""A"": ""none of the other options is correct"", ""B"": ""3:1"", ""C"": ""1:2"", ""D"": ""1:3"", ""E"": ""1:1""}"	"[""(A) none of the other options is correct"", ""(B) 3:1"", ""(C) 1:2"", ""(D) 1:3"", ""(E) 1:1""]"	(C) 1:2	C
5069fc29-b254-5dd4-8c5c-1a127ab89c7a	7	perception	rhythm	relative	rhythm-relative	proportion-recognition		rhythm pattern	What is the temporal relationship (e.g., 2:1, 3:1) between the  {target_index} note (or rest) and the next one in the {voice} line?	"[""target_index"", ""voice""]"	get_rhythm_pattern		rhythm	"{""target_index"": ""5th"", ""voice"": ""tenor""}"	What is the temporal relationship (e.g., 2:1, 3:1) between the  5th note (or rest) and the next one in the tenor line?	Anonymous_AusMeinesHerzensGrunde	chorale-bricks	Anonymous_AusMeinesHerzensGrunde	data/chorale-bricks/Anonymous_AusMeinesHerzensGrunde	1:2	"[""1:1"", ""1:3"", ""2:1"", ""2:3"", ""3:1"", ""3:2"", ""4:1""]"	"[""3:1"", ""1:1"", ""1:3"", ""2:1"", ""4:1"", ""3:2"", ""2:3""]"	symbolic	symbolic.abc.txt	data/chorale-bricks/Anonymous_AusMeinesHerzensGrunde/symbolic.abc.txt	1:2	"[""1:2"", ""none of the other options is correct"", ""3:1"", ""1:1"", ""1:3""]"	0.2	0	"[""A"", ""B"", ""C"", ""D"", ""E""]"	"{""A"": ""3:1"", ""B"": ""none of the other options is correct"", ""C"": ""1:3"", ""D"": ""1:2"", ""E"": ""1:1""}"	"[""(A) 3:1"", ""(B) none of the other options is correct"", ""(C) 1:3"", ""(D) 1:2"", ""(E) 1:1""]"	(D) 1:2	D
a139012a-2f70-5852-96ae-37f2458b807b	7	perception	rhythm	relative	rhythm-relative	proportion-recognition		rhythm pattern	What is the temporal relationship (e.g., 2:1, 3:1) between the  {target_index} note (or rest) and the next one in the {voice} line?	"[""target_index"", ""voice""]"	get_rhythm_pattern		rhythm	"{""target_index"": ""5th"", ""voice"": ""tenor""}"	What is the temporal relationship (e.g., 2:1, 3:1) between the  5th note (or rest) and the next one in the tenor line?	Anonymous_AusMeinesHerzensGrunde	chorale-bricks	Anonymous_AusMeinesHerzensGrunde	data/chorale-bricks/Anonymous_AusMeinesHerzensGrunde	1:2	"[""1:1"", ""1:3"", ""2:1"", ""2:3"", ""3:1"", ""3:2"", ""4:1""]"	"[""3:1"", ""1:1"", ""1:3"", ""2:1"", ""4:1"", ""3:2"", ""2:3""]"	visual	visual.short.png	data/chorale-bricks/Anonymous_AusMeinesHerzensGrunde/visual.short.png	none of the other options is correct	"[""none of the other options is correct"", ""3:1"", ""1:1"", ""1:3"", ""2:1""]"	0.2	1	"[""A"", ""B"", ""C"", ""D"", ""E""]"	"{""A"": ""1:3"", ""B"": ""1:1"", ""C"": ""2:1"", ""D"": ""3:1"", ""E"": ""none of the other options is correct""}"	"[""(A) 1:3"", ""(B) 1:1"", ""(C) 2:1"", ""(D) 3:1"", ""(E) none of the other options is correct""]"	(E) none of the other options is correct	E
1d55f1e9-9dab-55f4-9f1e-250fd1e2f529	7	perception	rhythm	relative	rhythm-relative	proportion-recognition		rhythm pattern	What is the temporal relationship (e.g., 2:1, 3:1) between the  {target_index} note (or rest) and the next one in the {voice} line?	"[""target_index"", ""voice""]"	get_rhythm_pattern		rhythm	"{""target_index"": ""8th"", ""voice"": ""alto""}"	What is the temporal relationship (e.g., 2:1, 3:1) between the  8th note (or rest) and the next one in the alto line?	Bach_IchStehAnDeinerKrippe	chorale-bricks	Bach_IchStehAnDeinerKrippe	data/chorale-bricks/Bach_IchStehAnDeinerKrippe	1:1	"[""1:2"", ""1:4"", ""2:1"", ""3:1"", ""3:2""]"	"[""3:2"", ""1:4"", ""2:1"", ""3:1"", ""1:2""]"	audio	audio.mastermix.wav	data/chorale-bricks/Bach_IchStehAnDeinerKrippe/audio.mastermix.wav	1:1	"[""1:1"", ""none of the other options is correct"", ""3:2"", ""1:4"", ""2:1""]"	0.2	0	"[""A"", ""B"", ""C"", ""D"", ""E""]"	"{""A"": ""none of the other options is correct"", ""B"": ""1:4"", ""C"": ""1:1"", ""D"": ""2:1"", ""E"": ""3:2""}"	"[""(A) none of the other options is correct"", ""(B) 1:4"", ""(C) 1:1"", ""(D) 2:1"", ""(E) 3:2""]"	(C) 1:1	C
2a5d41de-6b34-5eae-82f0-fae6a279c657	7	perception	rhythm	relative	rhythm-relative	proportion-recognition		rhythm pattern	What is the temporal relationship (e.g., 2:1, 3:1) between the  {target_index} note (or rest) and the next one in the {voice} line?	"[""target_index"", ""voice""]"	get_rhythm_pattern		rhythm	"{""target_index"": ""8th"", ""voice"": ""alto""}"	What is the temporal relationship (e.g., 2:1, 3:1) between the  8th note (or rest) and the next one in the alto line?	Bach_IchStehAnDeinerKrippe	chorale-bricks	Bach_IchStehAnDeinerKrippe	data/chorale-bricks/Bach_IchStehAnDeinerKrippe	1:1	"[""1:2"", ""1:4"", ""2:1"", ""3:1"", ""3:2""]"	"[""3:2"", ""1:4"", ""2:1"", ""3:1"", ""1:2""]"	symbolic	symbolic.abc.txt	data/chorale-bricks/Bach_IchStehAnDeinerKrippe/symbolic.abc.txt	1:1	"[""1:1"", ""none of the other options is correct"", ""3:2"", ""1:4"", ""2:1""]"	0.2	0	"[""A"", ""B"", ""C"", ""D"", ""E""]"	"{""A"": ""1:4"", ""B"": ""none of the other options is correct"", ""C"": ""1:1"", ""D"": ""3:2"", ""E"": ""2:1""}"	"[""(A) 1:4"", ""(B) none of the other options is correct"", ""(C) 1:1"", ""(D) 3:2"", ""(E) 2:1""]"	(C) 1:1	C
05efd338-720c-5acf-8579-a3c153e74587	7	perception	rhythm	relative	rhythm-relative	proportion-recognition		rhythm pattern	What is the temporal relationship (e.g., 2:1, 3:1) between the  {target_index} note (or rest) and the next one in the {voice} line?	"[""target_index"", ""voice""]"	get_rhythm_pattern		rhythm	"{""target_index"": ""8th"", ""voice"": ""alto""}"	What is the temporal relationship (e.g., 2:1, 3:1) between the  8th note (or rest) and the next one in the alto line?	Bach_IchStehAnDeinerKrippe	chorale-bricks	Bach_IchStehAnDeinerKrippe	data/chorale-bricks/Bach_IchStehAnDeinerKrippe	1:1	"[""1:2"", ""1:4"", ""2:1"", ""3:1"", ""3:2""]"	"[""3:2"", ""1:4"", ""2:1"", ""3:1"", ""1:2""]"	visual	visual.short.png	data/chorale-bricks/Bach_IchStehAnDeinerKrippe/visual.short.png	1:1	"[""1:1"", ""none of the other options is correct"", ""3:2"", ""1:4"", ""2:1""]"	0.2	0	"[""A"", ""B"", ""C"", ""D"", ""E""]"	"{""A"": ""none of the other options is correct"", ""B"": ""1:1"", ""C"": ""2:1"", ""D"": ""1:4"", ""E"": ""3:2""}"	"[""(A) none of the other options is correct"", ""(B) 1:1"", ""(C) 2:1"", ""(D) 1:4"", ""(E) 3:2""]"	(B) 1:1	B
f00914f1-9a76-5e75-a1f1-b0c17f59ef3a	7	perception	rhythm	relative	rhythm-relative	proportion-recognition		rhythm pattern	What is the temporal relationship (e.g., 2:1, 3:1) between the  {target_index} note (or rest) and the next one in the {voice} line?	"[""target_index"", ""voice""]"	get_rhythm_pattern		rhythm	"{""target_index"": ""7th"", ""voice"": ""tenor""}"	What is the temporal relationship (e.g., 2:1, 3:1) between the  7th note (or rest) and the next one in the tenor line?	Telemann_DerLiebenSonneLichtUndPracht	chorale-bricks	Telemann_DerLiebenSonneLichtUndPracht	data/chorale-bricks/Telemann_DerLiebenSonneLichtUndPracht	1:1	"[""1:2"", ""1:3"", ""2:1"", ""3:1""]"	"[""2:1"", ""1:3"", ""3:1"", ""1:2""]"	audio	audio.mastermix.wav	data/chorale-bricks/Telemann_DerLiebenSonneLichtUndPracht/audio.mastermix.wav	1:1	"[""1:1"", ""none of the other options is correct"", ""2:1"", ""1:3"", ""3:1""]"	0.2	0	"[""A"", ""B"", ""C"", ""D"", ""E""]"	"{""A"": ""1:3"", ""B"": ""1:1"", ""C"": ""3:1"", ""D"": ""2:1"", ""E"": ""none of the other options is correct""}"	"[""(A) 1:3"", ""(B) 1:1"", ""(C) 3:1"", ""(D) 2:1"", ""(E) none of the other options is correct""]"	(B) 1:1	B
c7e68a86-86bd-557b-8cd9-f993dd0b8b4a	7	perception	rhythm	relative	rhythm-relative	proportion-recognition		rhythm pattern	What is the temporal relationship (e.g., 2:1, 3:1) between the  {target_index} note (or rest) and the next one in the {voice} line?	"[""target_index"", ""voice""]"	get_rhythm_pattern		rhythm	"{""target_index"": ""7th"", ""voice"": ""tenor""}"	What is the temporal relationship (e.g., 2:1, 3:1) between the  7th note (or rest) and the next one in the tenor line?	Telemann_DerLiebenSonneLichtUndPracht	chorale-bricks	Telemann_DerLiebenSonneLichtUndPracht	data/chorale-bricks/Telemann_DerLiebenSonneLichtUndPracht	1:1	"[""1:2"", ""1:3"", ""2:1"", ""3:1""]"	"[""2:1"", ""1:3"", ""3:1"", ""1:2""]"	symbolic	symbolic.abc.txt	data/chorale-bricks/Telemann_DerLiebenSonneLichtUndPracht/symbolic.abc.txt	1:1	"[""1:1"", ""none of the other options is correct"", ""2:1"", ""1:3"", ""3:1""]"	0.2	0	"[""A"", ""B"", ""C"", ""D"", ""E""]"	"{""A"": ""1:1"", ""B"": ""none of the other options is correct"", ""C"": ""1:3"", ""D"": ""2:1"", ""E"": ""3:1""}"	"[""(A) 1:1"", ""(B) none of the other options is correct"", ""(C) 1:3"", ""(D) 2:1"", ""(E) 3:1""]"	(A) 1:1	A
23ccd19e-c34c-5300-8512-f9637d176931	7	perception	rhythm	relative	rhythm-relative	proportion-recognition		rhythm pattern	What is the temporal relationship (e.g., 2:1, 3:1) between the  {target_index} note (or rest) and the next one in the {voice} line?	"[""target_index"", ""voice""]"	get_rhythm_pattern		rhythm	"{""target_index"": ""7th"", ""voice"": ""tenor""}"	What is the temporal relationship (e.g., 2:1, 3:1) between the  7th note (or rest) and the next one in the tenor line?	Telemann_DerLiebenSonneLichtUndPracht	chorale-bricks	Telemann_DerLiebenSonneLichtUndPracht	data/chorale-bricks/Telemann_DerLiebenSonneLichtUndPracht	1:1	"[""1:2"", ""1:3"", ""2:1"", ""3:1""]"	"[""2:1"", ""1:3"", ""3:1"", ""1:2""]"	visual	visual.short.png	data/chorale-bricks/Telemann_DerLiebenSonneLichtUndPracht/visual.short.png	1:1	"[""1:1"", ""none of the other options is correct"", ""2:1"", ""1:3"", ""3:1""]"	0.2	0	"[""A"", ""B"", ""C"", ""D"", ""E""]"	"{""A"": ""2:1"", ""B"": ""3:1"", ""C"": ""1:3"", ""D"": ""none of the other options is correct"", ""E"": ""1:1""}"	"[""(A) 2:1"", ""(B) 3:1"", ""(C) 1:3"", ""(D) none of the other options is correct"", ""(E) 1:1""]"	(E) 1:1	E
474a7800-ed9c-57c7-999d-331899dcca7c	7	perception	rhythm	relative	rhythm-relative	proportion-recognition		rhythm pattern	What is the temporal relationship (e.g., 2:1, 3:1) between the  {target_index} note (or rest) and the next one in the {voice} line?	"[""target_index"", ""voice""]"	get_rhythm_pattern		rhythm	"{""target_index"": ""52nd"", ""voice"": ""soprano""}"	What is the temporal relationship (e.g., 2:1, 3:1) between the  52nd note (or rest) and the next one in the soprano line?	Gesius_BefiehlDuDeineWege	chorale-bricks	Gesius_BefiehlDuDeineWege	data/chorale-bricks/Gesius_BefiehlDuDeineWege	1:1	"[""1:2"", ""1:3"", ""2:1"", ""3:1""]"	"[""1:2"", ""2:1"", ""3:1"", ""1:3""]"	audio	audio.mastermix.wav	data/chorale-bricks/Gesius_BefiehlDuDeineWege/audio.mastermix.wav	none of the other options is correct	"[""none of the other options is correct"", ""1:2"", ""2:1"", ""3:1"", ""1:3""]"	0.2	1	"[""A"", ""B"", ""C"", ""D"", ""E""]"	"{""A"": ""none of the other options is correct"", ""B"": ""3:1"", ""C"": ""1:3"", ""D"": ""2:1"", ""E"": ""1:2""}"	"[""(A) none of the other options is correct"", ""(B) 3:1"", ""(C) 1:3"", ""(D) 2:1"", ""(E) 1:2""]"	(A) none of the other options is correct	A
f87bf10e-6d0d-56e6-9540-1489507aafba	7	perception	rhythm	relative	rhythm-relative	proportion-recognition		rhythm pattern	What is the temporal relationship (e.g., 2:1, 3:1) between the  {target_index} note (or rest) and the next one in the {voice} line?	"[""target_index"", ""voice""]"	get_rhythm_pattern		rhythm	"{""target_index"": ""52nd"", ""voice"": ""soprano""}"	What is the temporal relationship (e.g., 2:1, 3:1) between the  52nd note (or rest) and the next one in the soprano line?	Gesius_BefiehlDuDeineWege	chorale-bricks	Gesius_BefiehlDuDeineWege	data/chorale-bricks/Gesius_BefiehlDuDeineWege	1:1	"[""1:2"", ""1:3"", ""2:1"", ""3:1""]"	"[""1:2"", ""2:1"", ""3:1"", ""1:3""]"	symbolic	symbolic.abc.txt	data/chorale-bricks/Gesius_BefiehlDuDeineWege/symbolic.abc.txt	1:1	"[""1:1"", ""none of the other options is correct"", ""1:2"", ""2:1"", ""3:1""]"	0.2	0	"[""A"", ""B"", ""C"", ""D"", ""E""]"	"{""A"": ""1:2"", ""B"": ""3:1"", ""C"": ""2:1"", ""D"": ""1:1"", ""E"": ""none of the other options is correct""}"	"[""(A) 1:2"", ""(B) 3:1"", ""(C) 2:1"", ""(D) 1:1"", ""(E) none of the other options is correct""]"	(D) 1:1	D
09dbb937-c8fd-5710-9c16-b83aebddd23d	7	perception	rhythm	relative	rhythm-relative	proportion-recognition		rhythm pattern	What is the temporal relationship (e.g., 2:1, 3:1) between the  {target_index} note (or rest) and the next one in the {voice} line?	"[""target_index"", ""voice""]"	get_rhythm_pattern		rhythm	"{""target_index"": ""52nd"", ""voice"": ""soprano""}"	What is the temporal relationship (e.g., 2:1, 3:1) between the  52nd note (or rest) and the next one in the soprano line?	Gesius_BefiehlDuDeineWege	chorale-bricks	Gesius_BefiehlDuDeineWege	data/chorale-bricks/Gesius_BefiehlDuDeineWege	1:1	"[""1:2"", ""1:3"", ""2:1"", ""3:1""]"	"[""1:2"", ""2:1"", ""3:1"", ""1:3""]"	visual	visual.short.png	data/chorale-bricks/Gesius_BefiehlDuDeineWege/visual.short.png	none of the other options is correct	"[""none of the other options is correct"", ""1:2"", ""2:1"", ""3:1"", ""1:3""]"	0.2	1	"[""A"", ""B"", ""C"", ""D"", ""E""]"	"{""A"": ""1:3"", ""B"": ""1:2"", ""C"": ""3:1"", ""D"": ""2:1"", ""E"": ""none of the other options is correct""}"	"[""(A) 1:3"", ""(B) 1:2"", ""(C) 3:1"", ""(D) 2:1"", ""(E) none of the other options is correct""]"	(E) none of the other options is correct	E
9159d54c-6cae-58ae-a31b-561e544d9d07	7	perception	rhythm	relative	rhythm-relative	proportion-recognition		rhythm pattern	What is the temporal relationship (e.g., 2:1, 3:1) between the  {target_index} note (or rest) and the next one in the {voice} line?	"[""target_index"", ""voice""]"	get_rhythm_pattern		rhythm	"{""target_index"": ""20th"", ""voice"": ""soprano""}"	What is the temporal relationship (e.g., 2:1, 3:1) between the  20th note (or rest) and the next one in the soprano line?	Drese_JesuGehVoran	chorale-bricks	Drese_JesuGehVoran	data/chorale-bricks/Drese_JesuGehVoran	2:1	"[""1:1"", ""1:2"", ""1:4"", ""1:6"", ""6:1""]"	"[""1:6"", ""1:1"", ""6:1"", ""1:4"", ""1:2""]"	audio	audio.mastermix.wav	data/chorale-bricks/Drese_JesuGehVoran/audio.mastermix.wav	2:1	"[""2:1"", ""none of the other options is correct"", ""1:6"", ""1:1"", ""6:1""]"	0.2	0	"[""A"", ""B"", ""C"", ""D"", ""E""]"	"{""A"": ""1:1"", ""B"": ""6:1"", ""C"": ""2:1"", ""D"": ""1:6"", ""E"": ""none of the other options is correct""}"	"[""(A) 1:1"", ""(B) 6:1"", ""(C) 2:1"", ""(D) 1:6"", ""(E) none of the other options is correct""]"	(C) 2:1	C
222ed124-465f-5e44-9ce5-4347a64881ec	7	perception	rhythm	relative	rhythm-relative	proportion-recognition		rhythm pattern	What is the temporal relationship (e.g., 2:1, 3:1) between the  {target_index} note (or rest) and the next one in the {voice} line?	"[""target_index"", ""voice""]"	get_rhythm_pattern		rhythm	"{""target_index"": ""20th"", ""voice"": ""soprano""}"	What is the temporal relationship (e.g., 2:1, 3:1) between the  20th note (or rest) and the next one in the soprano line?	Drese_JesuGehVoran	chorale-bricks	Drese_JesuGehVoran	data/chorale-bricks/Drese_JesuGehVoran	2:1	"[""1:1"", ""1:2"", ""1:4"", ""1:6"", ""6:1""]"	"[""1:6"", ""1:1"", ""6:1"", ""1:4"", ""1:2""]"	symbolic	symbolic.abc.txt	data/chorale-bricks/Drese_JesuGehVoran/symbolic.abc.txt	2:1	"[""2:1"", ""none of the other options is correct"", ""1:6"", ""1:1"", ""6:1""]"	0.2	0	"[""A"", ""B"", ""C"", ""D"", ""E""]"	"{""A"": ""6:1"", ""B"": ""1:1"", ""C"": ""2:1"", ""D"": ""1:6"", ""E"": ""none of the other options is correct""}"	"[""(A) 6:1"", ""(B) 1:1"", ""(C) 2:1"", ""(D) 1:6"", ""(E) none of the other options is correct""]"	(C) 2:1	C
7167437f-bce4-58e5-a964-1da0ab1ab8bb	7	perception	rhythm	relative	rhythm-relative	proportion-recognition		rhythm pattern	What is the temporal relationship (e.g., 2:1, 3:1) between the  {target_index} note (or rest) and the next one in the {voice} line?	"[""target_index"", ""voice""]"	get_rhythm_pattern		rhythm	"{""target_index"": ""20th"", ""voice"": ""soprano""}"	What is the temporal relationship (e.g., 2:1, 3:1) between the  20th note (or rest) and the next one in the soprano line?	Drese_JesuGehVoran	chorale-bricks	Drese_JesuGehVoran	data/chorale-bricks/Drese_JesuGehVoran	2:1	"[""1:1"", ""1:2"", ""1:4"", ""1:6"", ""6:1""]"	"[""1:6"", ""1:1"", ""6:1"", ""1:4"", ""1:2""]"	visual	visual.short.png	data/chorale-bricks/Drese_JesuGehVoran/visual.short.png	2:1	"[""2:1"", ""none of the other options is correct"", ""1:6"", ""1:1"", ""6:1""]"	0.2	0	"[""A"", ""B"", ""C"", ""D"", ""E""]"	"{""A"": ""1:6"", ""B"": ""none of the other options is correct"", ""C"": ""1:1"", ""D"": ""6:1"", ""E"": ""2:1""}"	"[""(A) 1:6"", ""(B) none of the other options is correct"", ""(C) 1:1"", ""(D) 6:1"", ""(E) 2:1""]"	(E) 2:1	E
bb620230-e463-5bd6-ab9f-3b7f201dada1	7	perception	rhythm	relative	rhythm-relative	proportion-recognition		rhythm pattern	What is the temporal relationship (e.g., 2:1, 3:1) between the  {target_index} note (or rest) and the next one in the {voice} line?	"[""target_index"", ""voice""]"	get_rhythm_pattern		rhythm	"{""target_index"": ""56th"", ""voice"": ""soprano""}"	What is the temporal relationship (e.g., 2:1, 3:1) between the  56th note (or rest) and the next one in the soprano line?	Telemann_DerLiebenSonneLichtUndPracht	chorale-bricks	Telemann_DerLiebenSonneLichtUndPracht	data/chorale-bricks/Telemann_DerLiebenSonneLichtUndPracht	1:1	"[""1:2"", ""1:3"", ""2:1"", ""3:1""]"	"[""2:1"", ""1:2"", ""1:3"", ""3:1""]"	audio	audio.mastermix.wav	data/chorale-bricks/Telemann_DerLiebenSonneLichtUndPracht/audio.mastermix.wav	1:1	"[""1:1"", ""none of the other options is correct"", ""2:1"", ""1:2"", ""1:3""]"	0.2	0	"[""A"", ""B"", ""C"", ""D"", ""E""]"	"{""A"": ""none of the other options is correct"", ""B"": ""1:3"", ""C"": ""1:1"", ""D"": ""2:1"", ""E"": ""1:2""}"	"[""(A) none of the other options is correct"", ""(B) 1:3"", ""(C) 1:1"", ""(D) 2:1"", ""(E) 1:2""]"	(C) 1:1	C
0a5a3425-298c-57af-b550-a952637c1d7c	7	perception	rhythm	relative	rhythm-relative	proportion-recognition		rhythm pattern	What is the temporal relationship (e.g., 2:1, 3:1) between the  {target_index} note (or rest) and the next one in the {voice} line?	"[""target_index"", ""voice""]"	get_rhythm_pattern		rhythm	"{""target_index"": ""56th"", ""voice"": ""soprano""}"	What is the temporal relationship (e.g., 2:1, 3:1) between the  56th note (or rest) and the next one in the soprano line?	Telemann_DerLiebenSonneLichtUndPracht	chorale-bricks	Telemann_DerLiebenSonneLichtUndPracht	data/chorale-bricks/Telemann_DerLiebenSonneLichtUndPracht	1:1	"[""1:2"", ""1:3"", ""2:1"", ""3:1""]"	"[""2:1"", ""1:2"", ""1:3"", ""3:1""]"	symbolic	symbolic.abc.txt	data/chorale-bricks/Telemann_DerLiebenSonneLichtUndPracht/symbolic.abc.txt	1:1	"[""1:1"", ""none of the other options is correct"", ""2:1"", ""1:2"", ""1:3""]"	0.2	0	"[""A"", ""B"", ""C"", ""D"", ""E""]"	"{""A"": ""1:3"", ""B"": ""1:1"", ""C"": ""1:2"", ""D"": ""2:1"", ""E"": ""none of the other options is correct""}"	"[""(A) 1:3"", ""(B) 1:1"", ""(C) 1:2"", ""(D) 2:1"", ""(E) none of the other options is correct""]"	(B) 1:1	B
8b6b5a1e-a455-5358-a71d-678df48ee533	7	perception	rhythm	relative	rhythm-relative	proportion-recognition		rhythm pattern	What is the temporal relationship (e.g., 2:1, 3:1) between the  {target_index} note (or rest) and the next one in the {voice} line?	"[""target_index"", ""voice""]"	get_rhythm_pattern		rhythm	"{""target_index"": ""56th"", ""voice"": ""soprano""}"	What is the temporal relationship (e.g., 2:1, 3:1) between the  56th note (or rest) and the next one in the soprano line?	Telemann_DerLiebenSonneLichtUndPracht	chorale-bricks	Telemann_DerLiebenSonneLichtUndPracht	data/chorale-bricks/Telemann_DerLiebenSonneLichtUndPracht	1:1	"[""1:2"", ""1:3"", ""2:1"", ""3:1""]"	"[""2:1"", ""1:2"", ""1:3"", ""3:1""]"	visual	visual.short.png	data/chorale-bricks/Telemann_DerLiebenSonneLichtUndPracht/visual.short.png	1:1	"[""1:1"", ""none of the other options is correct"", ""2:1"", ""1:2"", ""1:3""]"	0.2	0	"[""A"", ""B"", ""C"", ""D"", ""E""]"	"{""A"": ""1:3"", ""B"": ""2:1"", ""C"": ""none of the other options is correct"", ""D"": ""1:1"", ""E"": ""1:2""}"	"[""(A) 1:3"", ""(B) 2:1"", ""(C) none of the other options is correct"", ""(D) 1:1"", ""(E) 1:2""]"	(D) 1:1	D
3ee883b9-c8d2-5f06-acc6-7e09c2e557d5	7	perception	rhythm	relative	rhythm-relative	proportion-recognition		rhythm pattern	What is the temporal relationship (e.g., 2:1, 3:1) between the  {target_index} note (or rest) and the next one in the {voice} line?	"[""target_index"", ""voice""]"	get_rhythm_pattern		rhythm	"{""target_index"": ""38th"", ""voice"": ""bass""}"	What is the temporal relationship (e.g., 2:1, 3:1) between the  38th note (or rest) and the next one in the bass line?	Gesius_DuFriedensfuerstHerrJesuChrist	chorale-bricks	Gesius_DuFriedensfuerstHerrJesuChrist	data/chorale-bricks/Gesius_DuFriedensfuerstHerrJesuChrist	1:2	"[""1:1"", ""1:3"", ""2:1"", ""3:1""]"	"[""1:1"", ""3:1"", ""1:3"", ""2:1""]"	audio	audio.mastermix.wav	data/chorale-bricks/Gesius_DuFriedensfuerstHerrJesuChrist/audio.mastermix.wav	1:2	"[""1:2"", ""none of the other options is correct"", ""1:1"", ""3:1"", ""1:3""]"	0.2	0	"[""A"", ""B"", ""C"", ""D"", ""E""]"	"{""A"": ""1:1"", ""B"": ""1:3"", ""C"": ""none of the other options is correct"", ""D"": ""3:1"", ""E"": ""1:2""}"	"[""(A) 1:1"", ""(B) 1:3"", ""(C) none of the other options is correct"", ""(D) 3:1"", ""(E) 1:2""]"	(E) 1:2	E
f0a04af6-5e6d-51d6-a084-b5b3436f7476	7	perception	rhythm	relative	rhythm-relative	proportion-recognition		rhythm pattern	What is the temporal relationship (e.g., 2:1, 3:1) between the  {target_index} note (or rest) and the next one in the {voice} line?	"[""target_index"", ""voice""]"	get_rhythm_pattern		rhythm	"{""target_index"": ""38th"", ""voice"": ""bass""}"	What is the temporal relationship (e.g., 2:1, 3:1) between the  38th note (or rest) and the next one in the bass line?	Gesius_DuFriedensfuerstHerrJesuChrist	chorale-bricks	Gesius_DuFriedensfuerstHerrJesuChrist	data/chorale-bricks/Gesius_DuFriedensfuerstHerrJesuChrist	1:2	"[""1:1"", ""1:3"", ""2:1"", ""3:1""]"	"[""1:1"", ""3:1"", ""1:3"", ""2:1""]"	symbolic	symbolic.abc.txt	data/chorale-bricks/Gesius_DuFriedensfuerstHerrJesuChrist/symbolic.abc.txt	none of the other options is correct	"[""none of the other options is correct"", ""1:1"", ""3:1"", ""1:3"", ""2:1""]"	0.2	1	"[""A"", ""B"", ""C"", ""D"", ""E""]"	"{""A"": ""3:1"", ""B"": ""none of the other options is correct"", ""C"": ""1:3"", ""D"": ""2:1"", ""E"": ""1:1""}"	"[""(A) 3:1"", ""(B) none of the other options is correct"", ""(C) 1:3"", ""(D) 2:1"", ""(E) 1:1""]"	(B) none of the other options is correct	B
9efd40e5-c2db-5e52-91f6-ba79766ba0e5	7	perception	rhythm	relative	rhythm-relative	proportion-recognition		rhythm pattern	What is the temporal relationship (e.g., 2:1, 3:1) between the  {target_index} note (or rest) and the next one in the {voice} line?	"[""target_index"", ""voice""]"	get_rhythm_pattern		rhythm	"{""target_index"": ""38th"", ""voice"": ""bass""}"	What is the temporal relationship (e.g., 2:1, 3:1) between the  38th note (or rest) and the next one in the bass line?	Gesius_DuFriedensfuerstHerrJesuChrist	chorale-bricks	Gesius_DuFriedensfuerstHerrJesuChrist	data/chorale-bricks/Gesius_DuFriedensfuerstHerrJesuChrist	1:2	"[""1:1"", ""1:3"", ""2:1"", ""3:1""]"	"[""1:1"", ""3:1"", ""1:3"", ""2:1""]"	visual	visual.short.png	data/chorale-bricks/Gesius_DuFriedensfuerstHerrJesuChrist/visual.short.png	1:2	"[""1:2"", ""none of the other options is correct"", ""1:1"", ""3:1"", ""1:3""]"	0.2	0	"[""A"", ""B"", ""C"", ""D"", ""E""]"	"{""A"": ""1:2"", ""B"": ""none of the other options is correct"", ""C"": ""1:1"", ""D"": ""3:1"", ""E"": ""1:3""}"	"[""(A) 1:2"", ""(B) none of the other options is correct"", ""(C) 1:1"", ""(D) 3:1"", ""(E) 1:3""]"	(A) 1:2	A
4b8dab1b-2e59-52e2-b7a0-e0bfdba08a25	7	perception	rhythm	relative	rhythm-relative	proportion-recognition		rhythm pattern	What is the temporal relationship (e.g., 2:1, 3:1) between the  {target_index} note (or rest) and the next one in the {voice} line?	"[""target_index"", ""voice""]"	get_rhythm_pattern		rhythm	"{""target_index"": ""42nd"", ""voice"": ""tenor""}"	What is the temporal relationship (e.g., 2:1, 3:1) between the  42nd note (or rest) and the next one in the tenor line?	Bach_IchStehAnDeinerKrippe	chorale-bricks	Bach_IchStehAnDeinerKrippe	data/chorale-bricks/Bach_IchStehAnDeinerKrippe	1:1	"[""1:2"", ""1:4"", ""2:1"", ""3:1"", ""3:2""]"	"[""2:1"", ""3:1"", ""3:2"", ""1:2"", ""1:4""]"	audio	audio.mastermix.wav	data/chorale-bricks/Bach_IchStehAnDeinerKrippe/audio.mastermix.wav	1:1	"[""1:1"", ""none of the other options is correct"", ""2:1"", ""3:1"", ""3:2""]"	0.2	0	"[""A"", ""B"", ""C"", ""D"", ""E""]"	"{""A"": ""none of the other options is correct"", ""B"": ""3:2"", ""C"": ""2:1"", ""D"": ""3:1"", ""E"": ""1:1""}"	"[""(A) none of the other options is correct"", ""(B) 3:2"", ""(C) 2:1"", ""(D) 3:1"", ""(E) 1:1""]"	(E) 1:1	E
eca11f99-d104-5bc4-9d95-b18aeb4eb465	7	perception	rhythm	relative	rhythm-relative	proportion-recognition		rhythm pattern	What is the temporal relationship (e.g., 2:1, 3:1) between the  {target_index} note (or rest) and the next one in the {voice} line?	"[""target_index"", ""voice""]"	get_rhythm_pattern		rhythm	"{""target_index"": ""42nd"", ""voice"": ""tenor""}"	What is the temporal relationship (e.g., 2:1, 3:1) between the  42nd note (or rest) and the next one in the tenor line?	Bach_IchStehAnDeinerKrippe	chorale-bricks	Bach_IchStehAnDeinerKrippe	data/chorale-bricks/Bach_IchStehAnDeinerKrippe	1:1	"[""1:2"", ""1:4"", ""2:1"", ""3:1"", ""3:2""]"	"[""2:1"", ""3:1"", ""3:2"", ""1:2"", ""1:4""]"	symbolic	symbolic.abc.txt	data/chorale-bricks/Bach_IchStehAnDeinerKrippe/symbolic.abc.txt	1:1	"[""1:1"", ""none of the other options is correct"", ""2:1"", ""3:1"", ""3:2""]"	0.2	0	"[""A"", ""B"", ""C"", ""D"", ""E""]"	"{""A"": ""3:1"", ""B"": ""3:2"", ""C"": ""none of the other options is correct"", ""D"": ""1:1"", ""E"": ""2:1""}"	"[""(A) 3:1"", ""(B) 3:2"", ""(C) none of the other options is correct"", ""(D) 1:1"", ""(E) 2:1""]"	(D) 1:1	D
7c153e50-29cd-5bbe-8029-bcda8dbe6143	7	perception	rhythm	relative	rhythm-relative	proportion-recognition		rhythm pattern	What is the temporal relationship (e.g., 2:1, 3:1) between the  {target_index} note (or rest) and the next one in the {voice} line?	"[""target_index"", ""voice""]"	get_rhythm_pattern		rhythm	"{""target_index"": ""42nd"", ""voice"": ""tenor""}"	What is the temporal relationship (e.g., 2:1, 3:1) between the  42nd note (or rest) and the next one in the tenor line?	Bach_IchStehAnDeinerKrippe	chorale-bricks	Bach_IchStehAnDeinerKrippe	data/chorale-bricks/Bach_IchStehAnDeinerKrippe	1:1	"[""1:2"", ""1:4"", ""2:1"", ""3:1"", ""3:2""]"	"[""2:1"", ""3:1"", ""3:2"", ""1:2"", ""1:4""]"	visual	visual.short.png	data/chorale-bricks/Bach_IchStehAnDeinerKrippe/visual.short.png	1:1	"[""1:1"", ""none of the other options is correct"", ""2:1"", ""3:1"", ""3:2""]"	0.2	0	"[""A"", ""B"", ""C"", ""D"", ""E""]"	"{""A"": ""1:1"", ""B"": ""3:1"", ""C"": ""2:1"", ""D"": ""none of the other options is correct"", ""E"": ""3:2""}"	"[""(A) 1:1"", ""(B) 3:1"", ""(C) 2:1"", ""(D) none of the other options is correct"", ""(E) 3:2""]"	(A) 1:1	A
23d83838-9a44-54f3-a737-da2bbd3a9b2a	7	perception	rhythm	relative	rhythm-relative	proportion-recognition		rhythm pattern	What is the temporal relationship (e.g., 2:1, 3:1) between the  {target_index} note (or rest) and the next one in the {voice} line?	"[""target_index"", ""voice""]"	get_rhythm_pattern		rhythm	"{""target_index"": ""19th"", ""voice"": ""bass""}"	What is the temporal relationship (e.g., 2:1, 3:1) between the  19th note (or rest) and the next one in the bass line?	Telemann_DerLiebenSonneLichtUndPracht	chorale-bricks	Telemann_DerLiebenSonneLichtUndPracht	data/chorale-bricks/Telemann_DerLiebenSonneLichtUndPracht	1:1	"[""1:2"", ""1:3"", ""2:1"", ""3:1""]"	"[""3:1"", ""2:1"", ""1:2"", ""1:3""]"	audio	audio.mastermix.wav	data/chorale-bricks/Telemann_DerLiebenSonneLichtUndPracht/audio.mastermix.wav	1:1	"[""1:1"", ""none of the other options is correct"", ""3:1"", ""2:1"", ""1:2""]"	0.2	0	"[""A"", ""B"", ""C"", ""D"", ""E""]"	"{""A"": ""2:1"", ""B"": ""1:1"", ""C"": ""none of the other options is correct"", ""D"": ""1:2"", ""E"": ""3:1""}"	"[""(A) 2:1"", ""(B) 1:1"", ""(C) none of the other options is correct"", ""(D) 1:2"", ""(E) 3:1""]"	(B) 1:1	B
06191f32-ec09-5550-ba2d-9d9b3c93c59a	7	perception	rhythm	relative	rhythm-relative	proportion-recognition		rhythm pattern	What is the temporal relationship (e.g., 2:1, 3:1) between the  {target_index} note (or rest) and the next one in the {voice} line?	"[""target_index"", ""voice""]"	get_rhythm_pattern		rhythm	"{""target_index"": ""19th"", ""voice"": ""bass""}"	What is the temporal relationship (e.g., 2:1, 3:1) between the  19th note (or rest) and the next one in the bass line?	Telemann_DerLiebenSonneLichtUndPracht	chorale-bricks	Telemann_DerLiebenSonneLichtUndPracht	data/chorale-bricks/Telemann_DerLiebenSonneLichtUndPracht	1:1	"[""1:2"", ""1:3"", ""2:1"", ""3:1""]"	"[""3:1"", ""2:1"", ""1:2"", ""1:3""]"	symbolic	symbolic.abc.txt	data/chorale-bricks/Telemann_DerLiebenSonneLichtUndPracht/symbolic.abc.txt	none of the other options is correct	"[""none of the other options is correct"", ""3:1"", ""2:1"", ""1:2"", ""1:3""]"	0.2	1	"[""A"", ""B"", ""C"", ""D"", ""E""]"	"{""A"": ""1:3"", ""B"": ""none of the other options is correct"", ""C"": ""3:1"", ""D"": ""2:1"", ""E"": ""1:2""}"	"[""(A) 1:3"", ""(B) none of the other options is correct"", ""(C) 3:1"", ""(D) 2:1"", ""(E) 1:2""]"	(B) none of the other options is correct	B
7e0a5728-2fe9-5651-a21c-f8b46b16ebf4	7	perception	rhythm	relative	rhythm-relative	proportion-recognition		rhythm pattern	What is the temporal relationship (e.g., 2:1, 3:1) between the  {target_index} note (or rest) and the next one in the {voice} line?	"[""target_index"", ""voice""]"	get_rhythm_pattern		rhythm	"{""target_index"": ""19th"", ""voice"": ""bass""}"	What is the temporal relationship (e.g., 2:1, 3:1) between the  19th note (or rest) and the next one in the bass line?	Telemann_DerLiebenSonneLichtUndPracht	chorale-bricks	Telemann_DerLiebenSonneLichtUndPracht	data/chorale-bricks/Telemann_DerLiebenSonneLichtUndPracht	1:1	"[""1:2"", ""1:3"", ""2:1"", ""3:1""]"	"[""3:1"", ""2:1"", ""1:2"", ""1:3""]"	visual	visual.short.png	data/chorale-bricks/Telemann_DerLiebenSonneLichtUndPracht/visual.short.png	1:1	"[""1:1"", ""none of the other options is correct"", ""3:1"", ""2:1"", ""1:2""]"	0.2	0	"[""A"", ""B"", ""C"", ""D"", ""E""]"	"{""A"": ""none of the other options is correct"", ""B"": ""2:1"", ""C"": ""1:1"", ""D"": ""1:2"", ""E"": ""3:1""}"	"[""(A) none of the other options is correct"", ""(B) 2:1"", ""(C) 1:1"", ""(D) 1:2"", ""(E) 3:1""]"	(C) 1:1	C
71e7c931-c9ad-599c-9fc2-88ab26bffffa	7	perception	rhythm	relative	rhythm-relative	proportion-recognition		rhythm pattern	What is the temporal relationship (e.g., 2:1, 3:1) between the  {target_index} note (or rest) and the next one in the {voice} line?	"[""target_index"", ""voice""]"	get_rhythm_pattern		rhythm	"{""target_index"": ""18th"", ""voice"": ""tenor""}"	What is the temporal relationship (e.g., 2:1, 3:1) between the  18th note (or rest) and the next one in the tenor line?	Vulpius_DieHelleSonnLeuchtJetztHerfuer	chorale-bricks	Vulpius_DieHelleSonnLeuchtJetztHerfuer	data/chorale-bricks/Vulpius_DieHelleSonnLeuchtJetztHerfuer	1:1	"[""1:2"", ""1:3"", ""2:1"", ""3:1""]"	"[""3:1"", ""2:1"", ""1:3"", ""1:2""]"	audio	audio.mastermix.wav	data/chorale-bricks/Vulpius_DieHelleSonnLeuchtJetztHerfuer/audio.mastermix.wav	none of the other options is correct	"[""none of the other options is correct"", ""3:1"", ""2:1"", ""1:3"", ""1:2""]"	0.2	1	"[""A"", ""B"", ""C"", ""D"", ""E""]"	"{""A"": ""3:1"", ""B"": ""2:1"", ""C"": ""1:3"", ""D"": ""1:2"", ""E"": ""none of the other options is correct""}"	"[""(A) 3:1"", ""(B) 2:1"", ""(C) 1:3"", ""(D) 1:2"", ""(E) none of the other options is correct""]"	(E) none of the other options is correct	E
418ca823-6d95-523d-9d5c-1edbd06b9ae6	7	perception	rhythm	relative	rhythm-relative	proportion-recognition		rhythm pattern	What is the temporal relationship (e.g., 2:1, 3:1) between the  {target_index} note (or rest) and the next one in the {voice} line?	"[""target_index"", ""voice""]"	get_rhythm_pattern		rhythm	"{""target_index"": ""18th"", ""voice"": ""tenor""}"	What is the temporal relationship (e.g., 2:1, 3:1) between the  18th note (or rest) and the next one in the tenor line?	Vulpius_DieHelleSonnLeuchtJetztHerfuer	chorale-bricks	Vulpius_DieHelleSonnLeuchtJetztHerfuer	data/chorale-bricks/Vulpius_DieHelleSonnLeuchtJetztHerfuer	1:1	"[""1:2"", ""1:3"", ""2:1"", ""3:1""]"	"[""3:1"", ""2:1"", ""1:3"", ""1:2""]"	symbolic	symbolic.abc.txt	data/chorale-bricks/Vulpius_DieHelleSonnLeuchtJetztHerfuer/symbolic.abc.txt	1:1	"[""1:1"", ""none of the other options is correct"", ""3:1"", ""2:1"", ""1:3""]"	0.2	0	"[""A"", ""B"", ""C"", ""D"", ""E""]"	"{""A"": ""3:1"", ""B"": ""1:1"", ""C"": ""1:3"", ""D"": ""none of the other options is correct"", ""E"": ""2:1""}"	"[""(A) 3:1"", ""(B) 1:1"", ""(C) 1:3"", ""(D) none of the other options is correct"", ""(E) 2:1""]"	(B) 1:1	B
a2343762-c066-53b8-a68d-6c1fada379dd	7	perception	rhythm	relative	rhythm-relative	proportion-recognition		rhythm pattern	What is the temporal relationship (e.g., 2:1, 3:1) between the  {target_index} note (or rest) and the next one in the {voice} line?	"[""target_index"", ""voice""]"	get_rhythm_pattern		rhythm	"{""target_index"": ""18th"", ""voice"": ""tenor""}"	What is the temporal relationship (e.g., 2:1, 3:1) between the  18th note (or rest) and the next one in the tenor line?	Vulpius_DieHelleSonnLeuchtJetztHerfuer	chorale-bricks	Vulpius_DieHelleSonnLeuchtJetztHerfuer	data/chorale-bricks/Vulpius_DieHelleSonnLeuchtJetztHerfuer	1:1	"[""1:2"", ""1:3"", ""2:1"", ""3:1""]"	"[""3:1"", ""2:1"", ""1:3"", ""1:2""]"	visual	visual.short.png	data/chorale-bricks/Vulpius_DieHelleSonnLeuchtJetztHerfuer/visual.short.png	1:1	"[""1:1"", ""none of the other options is correct"", ""3:1"", ""2:1"", ""1:3""]"	0.2	0	"[""A"", ""B"", ""C"", ""D"", ""E""]"	"{""A"": ""3:1"", ""B"": ""none of the other options is correct"", ""C"": ""1:1"", ""D"": ""1:3"", ""E"": ""2:1""}"	"[""(A) 3:1"", ""(B) none of the other options is correct"", ""(C) 1:1"", ""(D) 1:3"", ""(E) 2:1""]"	(C) 1:1	C
bfc17519-77ce-5ba4-bde1-5cb8a49d9472	7	perception	rhythm	relative	rhythm-relative	proportion-recognition		rhythm pattern	What is the temporal relationship (e.g., 2:1, 3:1) between the  {target_index} note (or rest) and the next one in the {voice} line?	"[""target_index"", ""voice""]"	get_rhythm_pattern		rhythm	"{""target_index"": ""28th"", ""voice"": ""alto""}"	What is the temporal relationship (e.g., 2:1, 3:1) between the  28th note (or rest) and the next one in the alto line?	Drese_JesuGehVoran	chorale-bricks	Drese_JesuGehVoran	data/chorale-bricks/Drese_JesuGehVoran	1:1	"[""1:2"", ""1:4"", ""1:6"", ""2:1"", ""6:1""]"	"[""1:4"", ""1:2"", ""1:6"", ""6:1"", ""2:1""]"	audio	audio.mastermix.wav	data/chorale-bricks/Drese_JesuGehVoran/audio.mastermix.wav	none of the other options is correct	"[""none of the other options is correct"", ""1:4"", ""1:2"", ""1:6"", ""6:1""]"	0.2	1	"[""A"", ""B"", ""C"", ""D"", ""E""]"	"{""A"": ""6:1"", ""B"": ""1:4"", ""C"": ""none of the other options is correct"", ""D"": ""1:6"", ""E"": ""1:2""}"	"[""(A) 6:1"", ""(B) 1:4"", ""(C) none of the other options is correct"", ""(D) 1:6"", ""(E) 1:2""]"	(C) none of the other options is correct	C
fa5b526d-5014-5d1b-ba37-ee52a7022277	7	perception	rhythm	relative	rhythm-relative	proportion-recognition		rhythm pattern	What is the temporal relationship (e.g., 2:1, 3:1) between the  {target_index} note (or rest) and the next one in the {voice} line?	"[""target_index"", ""voice""]"	get_rhythm_pattern		rhythm	"{""target_index"": ""28th"", ""voice"": ""alto""}"	What is the temporal relationship (e.g., 2:1, 3:1) between the  28th note (or rest) and the next one in the alto line?	Drese_JesuGehVoran	chorale-bricks	Drese_JesuGehVoran	data/chorale-bricks/Drese_JesuGehVoran	1:1	"[""1:2"", ""1:4"", ""1:6"", ""2:1"", ""6:1""]"	"[""1:4"", ""1:2"", ""1:6"", ""6:1"", ""2:1""]"	symbolic	symbolic.abc.txt	data/chorale-bricks/Drese_JesuGehVoran/symbolic.abc.txt	1:1	"[""1:1"", ""none of the other options is correct"", ""1:4"", ""1:2"", ""1:6""]"	0.2	0	"[""A"", ""B"", ""C"", ""D"", ""E""]"	"{""A"": ""none of the other options is correct"", ""B"": ""1:2"", ""C"": ""1:6"", ""D"": ""1:4"", ""E"": ""1:1""}"	"[""(A) none of the other options is correct"", ""(B) 1:2"", ""(C) 1:6"", ""(D) 1:4"", ""(E) 1:1""]"	(E) 1:1	E
ff1a9d3c-4cca-5583-a339-3759472699d2	7	perception	rhythm	relative	rhythm-relative	proportion-recognition		rhythm pattern	What is the temporal relationship (e.g., 2:1, 3:1) between the  {target_index} note (or rest) and the next one in the {voice} line?	"[""target_index"", ""voice""]"	get_rhythm_pattern		rhythm	"{""target_index"": ""28th"", ""voice"": ""alto""}"	What is the temporal relationship (e.g., 2:1, 3:1) between the  28th note (or rest) and the next one in the alto line?	Drese_JesuGehVoran	chorale-bricks	Drese_JesuGehVoran	data/chorale-bricks/Drese_JesuGehVoran	1:1	"[""1:2"", ""1:4"", ""1:6"", ""2:1"", ""6:1""]"	"[""1:4"", ""1:2"", ""1:6"", ""6:1"", ""2:1""]"	visual	visual.short.png	data/chorale-bricks/Drese_JesuGehVoran/visual.short.png	1:1	"[""1:1"", ""none of the other options is correct"", ""1:4"", ""1:2"", ""1:6""]"	0.2	0	"[""A"", ""B"", ""C"", ""D"", ""E""]"	"{""A"": ""1:6"", ""B"": ""1:2"", ""C"": ""1:1"", ""D"": ""none of the other options is correct"", ""E"": ""1:4""}"	"[""(A) 1:6"", ""(B) 1:2"", ""(C) 1:1"", ""(D) none of the other options is correct"", ""(E) 1:4""]"	(C) 1:1	C
327d3aac-dbdd-5e04-af34-5accafca92c4	7	perception	rhythm	relative	rhythm-relative	proportion-recognition		rhythm pattern	What is the temporal relationship (e.g., 2:1, 3:1) between the  {target_index} note (or rest) and the next one in the {voice} line?	"[""target_index"", ""voice""]"	get_rhythm_pattern		rhythm	"{""target_index"": ""9th"", ""voice"": ""bass""}"	What is the temporal relationship (e.g., 2:1, 3:1) between the  9th note (or rest) and the next one in the bass line?	Crueger_AufAufMeinHerzMitFreuden	chorale-bricks	Crueger_AufAufMeinHerzMitFreuden	data/chorale-bricks/Crueger_AufAufMeinHerzMitFreuden	2:1	"[""1:1"", ""1:2"", ""1:3"", ""2:3"", ""3:1"", ""3:2""]"	"[""1:1"", ""1:2"", ""3:1"", ""3:2"", ""1:3"", ""2:3""]"	audio	audio.mastermix.wav	data/chorale-bricks/Crueger_AufAufMeinHerzMitFreuden/audio.mastermix.wav	2:1	"[""2:1"", ""none of the other options is correct"", ""1:1"", ""1:2"", ""3:1""]"	0.2	0	"[""A"", ""B"", ""C"", ""D"", ""E""]"	"{""A"": ""2:1"", ""B"": ""1:2"", ""C"": ""none of the other options is correct"", ""D"": ""3:1"", ""E"": ""1:1""}"	"[""(A) 2:1"", ""(B) 1:2"", ""(C) none of the other options is correct"", ""(D) 3:1"", ""(E) 1:1""]"	(A) 2:1	A
480558c3-9306-5578-9879-23189456f037	7	perception	rhythm	relative	rhythm-relative	proportion-recognition		rhythm pattern	What is the temporal relationship (e.g., 2:1, 3:1) between the  {target_index} note (or rest) and the next one in the {voice} line?	"[""target_index"", ""voice""]"	get_rhythm_pattern		rhythm	"{""target_index"": ""9th"", ""voice"": ""bass""}"	What is the temporal relationship (e.g., 2:1, 3:1) between the  9th note (or rest) and the next one in the bass line?	Crueger_AufAufMeinHerzMitFreuden	chorale-bricks	Crueger_AufAufMeinHerzMitFreuden	data/chorale-bricks/Crueger_AufAufMeinHerzMitFreuden	2:1	"[""1:1"", ""1:2"", ""1:3"", ""2:3"", ""3:1"", ""3:2""]"	"[""1:1"", ""1:2"", ""3:1"", ""3:2"", ""1:3"", ""2:3""]"	symbolic	symbolic.abc.txt	data/chorale-bricks/Crueger_AufAufMeinHerzMitFreuden/symbolic.abc.txt	2:1	"[""2:1"", ""none of the other options is correct"", ""1:1"", ""1:2"", ""3:1""]"	0.2	0	"[""A"", ""B"", ""C"", ""D"", ""E""]"	"{""A"": ""none of the other options is correct"", ""B"": ""3:1"", ""C"": ""2:1"", ""D"": ""1:2"", ""E"": ""1:1""}"	"[""(A) none of the other options is correct"", ""(B) 3:1"", ""(C) 2:1"", ""(D) 1:2"", ""(E) 1:1""]"	(C) 2:1	C
9fb43ec0-843a-56ac-a553-be2183ed08ca	7	perception	rhythm	relative	rhythm-relative	proportion-recognition		rhythm pattern	What is the temporal relationship (e.g., 2:1, 3:1) between the  {target_index} note (or rest) and the next one in the {voice} line?	"[""target_index"", ""voice""]"	get_rhythm_pattern		rhythm	"{""target_index"": ""9th"", ""voice"": ""bass""}"	What is the temporal relationship (e.g., 2:1, 3:1) between the  9th note (or rest) and the next one in the bass line?	Crueger_AufAufMeinHerzMitFreuden	chorale-bricks	Crueger_AufAufMeinHerzMitFreuden	data/chorale-bricks/Crueger_AufAufMeinHerzMitFreuden	2:1	"[""1:1"", ""1:2"", ""1:3"", ""2:3"", ""3:1"", ""3:2""]"	"[""1:1"", ""1:2"", ""3:1"", ""3:2"", ""1:3"", ""2:3""]"	visual	visual.short.png	data/chorale-bricks/Crueger_AufAufMeinHerzMitFreuden/visual.short.png	2:1	"[""2:1"", ""none of the other options is correct"", ""1:1"", ""1:2"", ""3:1""]"	0.2	0	"[""A"", ""B"", ""C"", ""D"", ""E""]"	"{""A"": ""none of the other options is correct"", ""B"": ""3:1"", ""C"": ""2:1"", ""D"": ""1:2"", ""E"": ""1:1""}"	"[""(A) none of the other options is correct"", ""(B) 3:1"", ""(C) 2:1"", ""(D) 1:2"", ""(E) 1:1""]"	(C) 2:1	C
6aea355e-7e28-5f8d-a66f-56e602f0de99	7	perception	rhythm	relative	rhythm-relative	proportion-recognition		rhythm pattern	What is the temporal relationship (e.g., 2:1, 3:1) between the  {target_index} note (or rest) and the next one in the {voice} line?	"[""target_index"", ""voice""]"	get_rhythm_pattern		rhythm	"{""target_index"": ""16th"", ""voice"": ""alto""}"	What is the temporal relationship (e.g., 2:1, 3:1) between the  16th note (or rest) and the next one in the alto line?	Vulpius_DieHelleSonnLeuchtJetztHerfuer	chorale-bricks	Vulpius_DieHelleSonnLeuchtJetztHerfuer	data/chorale-bricks/Vulpius_DieHelleSonnLeuchtJetztHerfuer	1:2	"[""1:1"", ""1:3"", ""2:1"", ""3:1""]"	"[""1:1"", ""1:3"", ""3:1"", ""2:1""]"	audio	audio.mastermix.wav	data/chorale-bricks/Vulpius_DieHelleSonnLeuchtJetztHerfuer/audio.mastermix.wav	1:2	"[""1:2"", ""none of the other options is correct"", ""1:1"", ""1:3"", ""3:1""]"	0.2	0	"[""A"", ""B"", ""C"", ""D"", ""E""]"	"{""A"": ""3:1"", ""B"": ""1:1"", ""C"": ""1:2"", ""D"": ""none of the other options is correct"", ""E"": ""1:3""}"	"[""(A) 3:1"", ""(B) 1:1"", ""(C) 1:2"", ""(D) none of the other options is correct"", ""(E) 1:3""]"	(C) 1:2	C
b36dd064-506a-56c8-8cbb-de154c41e74e	7	perception	rhythm	relative	rhythm-relative	proportion-recognition		rhythm pattern	What is the temporal relationship (e.g., 2:1, 3:1) between the  {target_index} note (or rest) and the next one in the {voice} line?	"[""target_index"", ""voice""]"	get_rhythm_pattern		rhythm	"{""target_index"": ""16th"", ""voice"": ""alto""}"	What is the temporal relationship (e.g., 2:1, 3:1) between the  16th note (or rest) and the next one in the alto line?	Vulpius_DieHelleSonnLeuchtJetztHerfuer	chorale-bricks	Vulpius_DieHelleSonnLeuchtJetztHerfuer	data/chorale-bricks/Vulpius_DieHelleSonnLeuchtJetztHerfuer	1:2	"[""1:1"", ""1:3"", ""2:1"", ""3:1""]"	"[""1:1"", ""1:3"", ""3:1"", ""2:1""]"	symbolic	symbolic.abc.txt	data/chorale-bricks/Vulpius_DieHelleSonnLeuchtJetztHerfuer/symbolic.abc.txt	1:2	"[""1:2"", ""none of the other options is correct"", ""1:1"", ""1:3"", ""3:1""]"	0.2	0	"[""A"", ""B"", ""C"", ""D"", ""E""]"	"{""A"": ""1:3"", ""B"": ""1:1"", ""C"": ""none of the other options is correct"", ""D"": ""1:2"", ""E"": ""3:1""}"	"[""(A) 1:3"", ""(B) 1:1"", ""(C) none of the other options is correct"", ""(D) 1:2"", ""(E) 3:1""]"	(D) 1:2	D
86bcf169-dbdb-5d72-b8f3-0966454c9237	7	perception	rhythm	relative	rhythm-relative	proportion-recognition		rhythm pattern	What is the temporal relationship (e.g., 2:1, 3:1) between the  {target_index} note (or rest) and the next one in the {voice} line?	"[""target_index"", ""voice""]"	get_rhythm_pattern		rhythm	"{""target_index"": ""16th"", ""voice"": ""alto""}"	What is the temporal relationship (e.g., 2:1, 3:1) between the  16th note (or rest) and the next one in the alto line?	Vulpius_DieHelleSonnLeuchtJetztHerfuer	chorale-bricks	Vulpius_DieHelleSonnLeuchtJetztHerfuer	data/chorale-bricks/Vulpius_DieHelleSonnLeuchtJetztHerfuer	1:2	"[""1:1"", ""1:3"", ""2:1"", ""3:1""]"	"[""1:1"", ""1:3"", ""3:1"", ""2:1""]"	visual	visual.short.png	data/chorale-bricks/Vulpius_DieHelleSonnLeuchtJetztHerfuer/visual.short.png	1:2	"[""1:2"", ""none of the other options is correct"", ""1:1"", ""1:3"", ""3:1""]"	0.2	0	"[""A"", ""B"", ""C"", ""D"", ""E""]"	"{""A"": ""3:1"", ""B"": ""1:1"", ""C"": ""1:2"", ""D"": ""1:3"", ""E"": ""none of the other options is correct""}"	"[""(A) 3:1"", ""(B) 1:1"", ""(C) 1:2"", ""(D) 1:3"", ""(E) none of the other options is correct""]"	(C) 1:2	C
53a57e9c-1156-5a4e-902a-478b19c34d9d	8	perception	rhythm	relative	rhythm-relative	proportion-recognition		rhythm pattern statistics	How many rhythmic figures with a strict {rhythm_proportion} proportionality are there in the {voice} line?	"[""rhythm_proportion"", ""voice""]"	get_rhythm_pattern_count		rhythm	"{""rhythm_proportion"": ""1:3"", ""voice"": ""tenor""}"	How many rhythmic figures with a strict 1:3 proportionality are there in the tenor line?	Jan_DuGrosserSchmerzensmann	chorale-bricks	Jan_DuGrosserSchmerzensmann	data/chorale-bricks/Jan_DuGrosserSchmerzensmann	2	"[""0"", ""1"", ""3"", ""4""]"	"[""0"", ""1"", ""3"", ""4""]"	audio	audio.mastermix.wav	data/chorale-bricks/Jan_DuGrosserSchmerzensmann/audio.mastermix.wav	2	"[""2"", ""none of the other options is correct"", ""0"", ""1"", ""3""]"	0.2	0	"[""A"", ""B"", ""C"", ""D"", ""E""]"	"{""A"": ""3"", ""B"": ""1"", ""C"": ""none of the other options is correct"", ""D"": ""2"", ""E"": ""0""}"	"[""(A) 3"", ""(B) 1"", ""(C) none of the other options is correct"", ""(D) 2"", ""(E) 0""]"	(D) 2	D
cc3bb5ad-f666-5590-8760-7ab2396da121	8	perception	rhythm	relative	rhythm-relative	proportion-recognition		rhythm pattern statistics	How many rhythmic figures with a strict {rhythm_proportion} proportionality are there in the {voice} line?	"[""rhythm_proportion"", ""voice""]"	get_rhythm_pattern_count		rhythm	"{""rhythm_proportion"": ""1:3"", ""voice"": ""tenor""}"	How many rhythmic figures with a strict 1:3 proportionality are there in the tenor line?	Jan_DuGrosserSchmerzensmann	chorale-bricks	Jan_DuGrosserSchmerzensmann	data/chorale-bricks/Jan_DuGrosserSchmerzensmann	2	"[""0"", ""1"", ""3"", ""4""]"	"[""0"", ""1"", ""3"", ""4""]"	symbolic	symbolic.abc.txt	data/chorale-bricks/Jan_DuGrosserSchmerzensmann/symbolic.abc.txt	2	"[""2"", ""none of the other options is correct"", ""0"", ""1"", ""3""]"	0.2	0	"[""A"", ""B"", ""C"", ""D"", ""E""]"	"{""A"": ""0"", ""B"": ""2"", ""C"": ""1"", ""D"": ""none of the other options is correct"", ""E"": ""3""}"	"[""(A) 0"", ""(B) 2"", ""(C) 1"", ""(D) none of the other options is correct"", ""(E) 3""]"	(B) 2	B
619efe44-0f0c-5c5b-b1cf-cc5f8ba88072	8	perception	rhythm	relative	rhythm-relative	proportion-recognition		rhythm pattern statistics	How many rhythmic figures with a strict {rhythm_proportion} proportionality are there in the {voice} line?	"[""rhythm_proportion"", ""voice""]"	get_rhythm_pattern_count		rhythm	"{""rhythm_proportion"": ""1:3"", ""voice"": ""tenor""}"	How many rhythmic figures with a strict 1:3 proportionality are there in the tenor line?	Jan_DuGrosserSchmerzensmann	chorale-bricks	Jan_DuGrosserSchmerzensmann	data/chorale-bricks/Jan_DuGrosserSchmerzensmann	2	"[""0"", ""1"", ""3"", ""4""]"	"[""0"", ""1"", ""3"", ""4""]"	visual	visual.short.png	data/chorale-bricks/Jan_DuGrosserSchmerzensmann/visual.short.png	2	"[""2"", ""none of the other options is correct"", ""0"", ""1"", ""3""]"	0.2	0	"[""A"", ""B"", ""C"", ""D"", ""E""]"	"{""A"": ""3"", ""B"": ""none of the other options is correct"", ""C"": ""2"", ""D"": ""0"", ""E"": ""1""}"	"[""(A) 3"", ""(B) none of the other options is correct"", ""(C) 2"", ""(D) 0"", ""(E) 1""]"	(C) 2	C
1b8be364-920c-5933-bda4-8bb0fef1e351	8	perception	rhythm	relative	rhythm-relative	proportion-recognition		rhythm pattern statistics	How many rhythmic figures with a strict {rhythm_proportion} proportionality are there in the {voice} line?	"[""rhythm_proportion"", ""voice""]"	get_rhythm_pattern_count		rhythm	"{""rhythm_proportion"": ""1:2"", ""voice"": ""alto""}"	How many rhythmic figures with a strict 1:2 proportionality are there in the alto line?	Gesius_BefiehlDuDeineWege	chorale-bricks	Gesius_BefiehlDuDeineWege	data/chorale-bricks/Gesius_BefiehlDuDeineWege	6	"[""0"", ""1"", ""3"", ""4""]"	"[""1"", ""3"", ""4"", ""0""]"	audio	audio.mastermix.wav	data/chorale-bricks/Gesius_BefiehlDuDeineWege/audio.mastermix.wav	6	"[""6"", ""none of the other options is correct"", ""1"", ""3"", ""4""]"	0.2	0	"[""A"", ""B"", ""C"", ""D"", ""E""]"	"{""A"": ""4"", ""B"": ""3"", ""C"": ""6"", ""D"": ""none of the other options is correct"", ""E"": ""1""}"	"[""(A) 4"", ""(B) 3"", ""(C) 6"", ""(D) none of the other options is correct"", ""(E) 1""]"	(C) 6	C
8a4a3440-8178-5caa-9150-483656a2b4cc	8	perception	rhythm	relative	rhythm-relative	proportion-recognition		rhythm pattern statistics	How many rhythmic figures with a strict {rhythm_proportion} proportionality are there in the {voice} line?	"[""rhythm_proportion"", ""voice""]"	get_rhythm_pattern_count		rhythm	"{""rhythm_proportion"": ""1:2"", ""voice"": ""alto""}"	How many rhythmic figures with a strict 1:2 proportionality are there in the alto line?	Gesius_BefiehlDuDeineWege	chorale-bricks	Gesius_BefiehlDuDeineWege	data/chorale-bricks/Gesius_BefiehlDuDeineWege	6	"[""0"", ""1"", ""3"", ""4""]"	"[""1"", ""3"", ""4"", ""0""]"	symbolic	symbolic.abc.txt	data/chorale-bricks/Gesius_BefiehlDuDeineWege/symbolic.abc.txt	none of the other options is correct	"[""none of the other options is correct"", ""1"", ""3"", ""4"", ""0""]"	0.2	1	"[""A"", ""B"", ""C"", ""D"", ""E""]"	"{""A"": ""4"", ""B"": ""none of the other options is correct"", ""C"": ""3"", ""D"": ""0"", ""E"": ""1""}"	"[""(A) 4"", ""(B) none of the other options is correct"", ""(C) 3"", ""(D) 0"", ""(E) 1""]"	(B) none of the other options is correct	B
5ce12238-4b0a-5c03-886e-386f7e02cb79	8	perception	rhythm	relative	rhythm-relative	proportion-recognition		rhythm pattern statistics	How many rhythmic figures with a strict {rhythm_proportion} proportionality are there in the {voice} line?	"[""rhythm_proportion"", ""voice""]"	get_rhythm_pattern_count		rhythm	"{""rhythm_proportion"": ""1:2"", ""voice"": ""alto""}"	How many rhythmic figures with a strict 1:2 proportionality are there in the alto line?	Gesius_BefiehlDuDeineWege	chorale-bricks	Gesius_BefiehlDuDeineWege	data/chorale-bricks/Gesius_BefiehlDuDeineWege	6	"[""0"", ""1"", ""3"", ""4""]"	"[""1"", ""3"", ""4"", ""0""]"	visual	visual.short.png	data/chorale-bricks/Gesius_BefiehlDuDeineWege/visual.short.png	none of the other options is correct	"[""none of the other options is correct"", ""1"", ""3"", ""4"", ""0""]"	0.2	1	"[""A"", ""B"", ""C"", ""D"", ""E""]"	"{""A"": ""1"", ""B"": ""none of the other options is correct"", ""C"": ""3"", ""D"": ""0"", ""E"": ""4""}"	"[""(A) 1"", ""(B) none of the other options is correct"", ""(C) 3"", ""(D) 0"", ""(E) 4""]"	(B) none of the other options is correct	B
cd7bd87f-65ba-59ff-90ca-8567264dd182	8	perception	rhythm	relative	rhythm-relative	proportion-recognition		rhythm pattern statistics	How many rhythmic figures with a strict {rhythm_proportion} proportionality are there in the {voice} line?	"[""rhythm_proportion"", ""voice""]"	get_rhythm_pattern_count		rhythm	"{""rhythm_proportion"": ""1:1"", ""voice"": ""tenor""}"	How many rhythmic figures with a strict 1:1 proportionality are there in the tenor line?	Vulpius_ChristusDerIstMeinLeben	chorale-bricks	Vulpius_ChristusDerIstMeinLeben	data/chorale-bricks/Vulpius_ChristusDerIstMeinLeben	21	"[""0"", ""1"", ""3"", ""4""]"	"[""4"", ""0"", ""3"", ""1""]"	audio	audio.mastermix.wav	data/chorale-bricks/Vulpius_ChristusDerIstMeinLeben/audio.mastermix.wav	none of the other options is correct	"[""none of the other options is correct"", ""4"", ""0"", ""3"", ""1""]"	0.2	1	"[""A"", ""B"", ""C"", ""D"", ""E""]"	"{""A"": ""0"", ""B"": ""4"", ""C"": ""1"", ""D"": ""3"", ""E"": ""none of the other options is correct""}"	"[""(A) 0"", ""(B) 4"", ""(C) 1"", ""(D) 3"", ""(E) none of the other options is correct""]"	(E) none of the other options is correct	E
a9030362-97b1-5a36-b52b-8f58328da27c	8	perception	rhythm	relative	rhythm-relative	proportion-recognition		rhythm pattern statistics	How many rhythmic figures with a strict {rhythm_proportion} proportionality are there in the {voice} line?	"[""rhythm_proportion"", ""voice""]"	get_rhythm_pattern_count		rhythm	"{""rhythm_proportion"": ""1:1"", ""voice"": ""tenor""}"	How many rhythmic figures with a strict 1:1 proportionality are there in the tenor line?	Vulpius_ChristusDerIstMeinLeben	chorale-bricks	Vulpius_ChristusDerIstMeinLeben	data/chorale-bricks/Vulpius_ChristusDerIstMeinLeben	21	"[""0"", ""1"", ""3"", ""4""]"	"[""4"", ""0"", ""3"", ""1""]"	symbolic	symbolic.abc.txt	data/chorale-bricks/Vulpius_ChristusDerIstMeinLeben/symbolic.abc.txt	21	"[""21"", ""none of the other options is correct"", ""4"", ""0"", ""3""]"	0.2	0	"[""A"", ""B"", ""C"", ""D"", ""E""]"	"{""A"": ""21"", ""B"": ""none of the other options is correct"", ""C"": ""3"", ""D"": ""0"", ""E"": ""4""}"	"[""(A) 21"", ""(B) none of the other options is correct"", ""(C) 3"", ""(D) 0"", ""(E) 4""]"	(A) 21	A
bdaf453b-5073-5710-9873-f3b1cf6a9554	8	perception	rhythm	relative	rhythm-relative	proportion-recognition		rhythm pattern statistics	How many rhythmic figures with a strict {rhythm_proportion} proportionality are there in the {voice} line?	"[""rhythm_proportion"", ""voice""]"	get_rhythm_pattern_count		rhythm	"{""rhythm_proportion"": ""1:1"", ""voice"": ""tenor""}"	How many rhythmic figures with a strict 1:1 proportionality are there in the tenor line?	Vulpius_ChristusDerIstMeinLeben	chorale-bricks	Vulpius_ChristusDerIstMeinLeben	data/chorale-bricks/Vulpius_ChristusDerIstMeinLeben	21	"[""0"", ""1"", ""3"", ""4""]"	"[""4"", ""0"", ""3"", ""1""]"	visual	visual.short.png	data/chorale-bricks/Vulpius_ChristusDerIstMeinLeben/visual.short.png	none of the other options is correct	"[""none of the other options is correct"", ""4"", ""0"", ""3"", ""1""]"	0.2	1	"[""A"", ""B"", ""C"", ""D"", ""E""]"	"{""A"": ""0"", ""B"": ""3"", ""C"": ""4"", ""D"": ""none of the other options is correct"", ""E"": ""1""}"	"[""(A) 0"", ""(B) 3"", ""(C) 4"", ""(D) none of the other options is correct"", ""(E) 1""]"	(D) none of the other options is correct	D
910b4f63-1f2a-52ee-bf15-cc34f787f8ec	8	perception	rhythm	relative	rhythm-relative	proportion-recognition		rhythm pattern statistics	How many rhythmic figures with a strict {rhythm_proportion} proportionality are there in the {voice} line?	"[""rhythm_proportion"", ""voice""]"	get_rhythm_pattern_count		rhythm	"{""rhythm_proportion"": ""1:2"", ""voice"": ""soprano""}"	How many rhythmic figures with a strict 1:2 proportionality are there in the soprano line?	Gesius_BefiehlDuDeineWege	chorale-bricks	Gesius_BefiehlDuDeineWege	data/chorale-bricks/Gesius_BefiehlDuDeineWege	7	"[""0"", ""1"", ""2"", ""3""]"	"[""0"", ""1"", ""3"", ""2""]"	audio	audio.mastermix.wav	data/chorale-bricks/Gesius_BefiehlDuDeineWege/audio.mastermix.wav	7	"[""7"", ""none of the other options is correct"", ""0"", ""1"", ""3""]"	0.2	0	"[""A"", ""B"", ""C"", ""D"", ""E""]"	"{""A"": ""1"", ""B"": ""0"", ""C"": ""7"", ""D"": ""none of the other options is correct"", ""E"": ""3""}"	"[""(A) 1"", ""(B) 0"", ""(C) 7"", ""(D) none of the other options is correct"", ""(E) 3""]"	(C) 7	C
7c1259f5-7cce-5b54-90cc-f9f9136f0add	8	perception	rhythm	relative	rhythm-relative	proportion-recognition		rhythm pattern statistics	How many rhythmic figures with a strict {rhythm_proportion} proportionality are there in the {voice} line?	"[""rhythm_proportion"", ""voice""]"	get_rhythm_pattern_count		rhythm	"{""rhythm_proportion"": ""1:2"", ""voice"": ""soprano""}"	How many rhythmic figures with a strict 1:2 proportionality are there in the soprano line?	Gesius_BefiehlDuDeineWege	chorale-bricks	Gesius_BefiehlDuDeineWege	data/chorale-bricks/Gesius_BefiehlDuDeineWege	7	"[""0"", ""1"", ""2"", ""3""]"	"[""0"", ""1"", ""3"", ""2""]"	symbolic	symbolic.abc.txt	data/chorale-bricks/Gesius_BefiehlDuDeineWege/symbolic.abc.txt	7	"[""7"", ""none of the other options is correct"", ""0"", ""1"", ""3""]"	0.2	0	"[""A"", ""B"", ""C"", ""D"", ""E""]"	"{""A"": ""1"", ""B"": ""0"", ""C"": ""7"", ""D"": ""3"", ""E"": ""none of the other options is correct""}"	"[""(A) 1"", ""(B) 0"", ""(C) 7"", ""(D) 3"", ""(E) none of the other options is correct""]"	(C) 7	C
2d3036bf-9ec0-55e6-b1a9-b5f77fcd23dc	8	perception	rhythm	relative	rhythm-relative	proportion-recognition		rhythm pattern statistics	How many rhythmic figures with a strict {rhythm_proportion} proportionality are there in the {voice} line?	"[""rhythm_proportion"", ""voice""]"	get_rhythm_pattern_count		rhythm	"{""rhythm_proportion"": ""1:2"", ""voice"": ""soprano""}"	How many rhythmic figures with a strict 1:2 proportionality are there in the soprano line?	Gesius_BefiehlDuDeineWege	chorale-bricks	Gesius_BefiehlDuDeineWege	data/chorale-bricks/Gesius_BefiehlDuDeineWege	7	"[""0"", ""1"", ""2"", ""3""]"	"[""0"", ""1"", ""3"", ""2""]"	visual	visual.short.png	data/chorale-bricks/Gesius_BefiehlDuDeineWege/visual.short.png	7	"[""7"", ""none of the other options is correct"", ""0"", ""1"", ""3""]"	0.2	0	"[""A"", ""B"", ""C"", ""D"", ""E""]"	"{""A"": ""3"", ""B"": ""0"", ""C"": ""7"", ""D"": ""1"", ""E"": ""none of the other options is correct""}"	"[""(A) 3"", ""(B) 0"", ""(C) 7"", ""(D) 1"", ""(E) none of the other options is correct""]"	(C) 7	C
259a2dd7-371e-5ab6-b3da-dc23c51260dc	8	perception	rhythm	relative	rhythm-relative	proportion-recognition		rhythm pattern statistics	How many rhythmic figures with a strict {rhythm_proportion} proportionality are there in the {voice} line?	"[""rhythm_proportion"", ""voice""]"	get_rhythm_pattern_count		rhythm	"{""rhythm_proportion"": ""1:1"", ""voice"": ""alto""}"	How many rhythmic figures with a strict 1:1 proportionality are there in the alto line?	Telemann_DerLiebenSonneLichtUndPracht	chorale-bricks	Telemann_DerLiebenSonneLichtUndPracht	data/chorale-bricks/Telemann_DerLiebenSonneLichtUndPracht	55	"[""0"", ""1"", ""2"", ""4""]"	"[""4"", ""0"", ""1"", ""2""]"	audio	audio.mastermix.wav	data/chorale-bricks/Telemann_DerLiebenSonneLichtUndPracht/audio.mastermix.wav	55	"[""55"", ""none of the other options is correct"", ""4"", ""0"", ""1""]"	0.2	0	"[""A"", ""B"", ""C"", ""D"", ""E""]"	"{""A"": ""1"", ""B"": ""55"", ""C"": ""none of the other options is correct"", ""D"": ""0"", ""E"": ""4""}"	"[""(A) 1"", ""(B) 55"", ""(C) none of the other options is correct"", ""(D) 0"", ""(E) 4""]"	(B) 55	B
013d8a72-38d2-5e1d-ab6b-c5e94a9b2156	8	perception	rhythm	relative	rhythm-relative	proportion-recognition		rhythm pattern statistics	How many rhythmic figures with a strict {rhythm_proportion} proportionality are there in the {voice} line?	"[""rhythm_proportion"", ""voice""]"	get_rhythm_pattern_count		rhythm	"{""rhythm_proportion"": ""1:1"", ""voice"": ""alto""}"	How many rhythmic figures with a strict 1:1 proportionality are there in the alto line?	Telemann_DerLiebenSonneLichtUndPracht	chorale-bricks	Telemann_DerLiebenSonneLichtUndPracht	data/chorale-bricks/Telemann_DerLiebenSonneLichtUndPracht	55	"[""0"", ""1"", ""2"", ""4""]"	"[""4"", ""0"", ""1"", ""2""]"	symbolic	symbolic.abc.txt	data/chorale-bricks/Telemann_DerLiebenSonneLichtUndPracht/symbolic.abc.txt	55	"[""55"", ""none of the other options is correct"", ""4"", ""0"", ""1""]"	0.2	0	"[""A"", ""B"", ""C"", ""D"", ""E""]"	"{""A"": ""1"", ""B"": ""0"", ""C"": ""4"", ""D"": ""55"", ""E"": ""none of the other options is correct""}"	"[""(A) 1"", ""(B) 0"", ""(C) 4"", ""(D) 55"", ""(E) none of the other options is correct""]"	(D) 55	D
ff56bc10-1e9c-5fa5-ace3-74d17b8f9c8c	8	perception	rhythm	relative	rhythm-relative	proportion-recognition		rhythm pattern statistics	How many rhythmic figures with a strict {rhythm_proportion} proportionality are there in the {voice} line?	"[""rhythm_proportion"", ""voice""]"	get_rhythm_pattern_count		rhythm	"{""rhythm_proportion"": ""1:1"", ""voice"": ""alto""}"	How many rhythmic figures with a strict 1:1 proportionality are there in the alto line?	Telemann_DerLiebenSonneLichtUndPracht	chorale-bricks	Telemann_DerLiebenSonneLichtUndPracht	data/chorale-bricks/Telemann_DerLiebenSonneLichtUndPracht	55	"[""0"", ""1"", ""2"", ""4""]"	"[""4"", ""0"", ""1"", ""2""]"	visual	visual.short.png	data/chorale-bricks/Telemann_DerLiebenSonneLichtUndPracht/visual.short.png	55	"[""55"", ""none of the other options is correct"", ""4"", ""0"", ""1""]"	0.2	0	"[""A"", ""B"", ""C"", ""D"", ""E""]"	"{""A"": ""1"", ""B"": ""none of the other options is correct"", ""C"": ""55"", ""D"": ""4"", ""E"": ""0""}"	"[""(A) 1"", ""(B) none of the other options is correct"", ""(C) 55"", ""(D) 4"", ""(E) 0""]"	(C) 55	C
e2ec3cee-5172-5850-89ff-f8159b45ef7f	8	perception	rhythm	relative	rhythm-relative	proportion-recognition		rhythm pattern statistics	How many rhythmic figures with a strict {rhythm_proportion} proportionality are there in the {voice} line?	"[""rhythm_proportion"", ""voice""]"	get_rhythm_pattern_count		rhythm	"{""rhythm_proportion"": ""1:1"", ""voice"": ""tenor""}"	How many rhythmic figures with a strict 1:1 proportionality are there in the tenor line?	Bach_IchStehAnDeinerKrippe	chorale-bricks	Bach_IchStehAnDeinerKrippe	data/chorale-bricks/Bach_IchStehAnDeinerKrippe	35	"[""1"", ""2"", ""3"", ""4""]"	"[""3"", ""4"", ""2"", ""1""]"	audio	audio.mastermix.wav	data/chorale-bricks/Bach_IchStehAnDeinerKrippe/audio.mastermix.wav	35	"[""35"", ""none of the other options is correct"", ""3"", ""4"", ""2""]"	0.2	0	"[""A"", ""B"", ""C"", ""D"", ""E""]"	"{""A"": ""none of the other options is correct"", ""B"": ""35"", ""C"": ""4"", ""D"": ""2"", ""E"": ""3""}"	"[""(A) none of the other options is correct"", ""(B) 35"", ""(C) 4"", ""(D) 2"", ""(E) 3""]"	(B) 35	B
de06c6a5-7f51-5b8c-affd-3c531ead806f	8	perception	rhythm	relative	rhythm-relative	proportion-recognition		rhythm pattern statistics	How many rhythmic figures with a strict {rhythm_proportion} proportionality are there in the {voice} line?	"[""rhythm_proportion"", ""voice""]"	get_rhythm_pattern_count		rhythm	"{""rhythm_proportion"": ""1:1"", ""voice"": ""tenor""}"	How many rhythmic figures with a strict 1:1 proportionality are there in the tenor line?	Bach_IchStehAnDeinerKrippe	chorale-bricks	Bach_IchStehAnDeinerKrippe	data/chorale-bricks/Bach_IchStehAnDeinerKrippe	35	"[""1"", ""2"", ""3"", ""4""]"	"[""3"", ""4"", ""2"", ""1""]"	symbolic	symbolic.abc.txt	data/chorale-bricks/Bach_IchStehAnDeinerKrippe/symbolic.abc.txt	35	"[""35"", ""none of the other options is correct"", ""3"", ""4"", ""2""]"	0.2	0	"[""A"", ""B"", ""C"", ""D"", ""E""]"	"{""A"": ""2"", ""B"": ""4"", ""C"": ""35"", ""D"": ""3"", ""E"": ""none of the other options is correct""}"	"[""(A) 2"", ""(B) 4"", ""(C) 35"", ""(D) 3"", ""(E) none of the other options is correct""]"	(C) 35	C
86a80095-ee1e-5541-a637-30a8cb890afe	8	perception	rhythm	relative	rhythm-relative	proportion-recognition		rhythm pattern statistics	How many rhythmic figures with a strict {rhythm_proportion} proportionality are there in the {voice} line?	"[""rhythm_proportion"", ""voice""]"	get_rhythm_pattern_count		rhythm	"{""rhythm_proportion"": ""1:1"", ""voice"": ""tenor""}"	How many rhythmic figures with a strict 1:1 proportionality are there in the tenor line?	Bach_IchStehAnDeinerKrippe	chorale-bricks	Bach_IchStehAnDeinerKrippe	data/chorale-bricks/Bach_IchStehAnDeinerKrippe	35	"[""1"", ""2"", ""3"", ""4""]"	"[""3"", ""4"", ""2"", ""1""]"	visual	visual.short.png	data/chorale-bricks/Bach_IchStehAnDeinerKrippe/visual.short.png	none of the other options is correct	"[""none of the other options is correct"", ""3"", ""4"", ""2"", ""1""]"	0.2	1	"[""A"", ""B"", ""C"", ""D"", ""E""]"	"{""A"": ""1"", ""B"": ""3"", ""C"": ""2"", ""D"": ""none of the other options is correct"", ""E"": ""4""}"	"[""(A) 1"", ""(B) 3"", ""(C) 2"", ""(D) none of the other options is correct"", ""(E) 4""]"	(D) none of the other options is correct	D
7142733c-6af4-5704-8b61-75b3e3ad2f0d	8	perception	rhythm	relative	rhythm-relative	proportion-recognition		rhythm pattern statistics	How many rhythmic figures with a strict {rhythm_proportion} proportionality are there in the {voice} line?	"[""rhythm_proportion"", ""voice""]"	get_rhythm_pattern_count		rhythm	"{""rhythm_proportion"": ""1:4"", ""voice"": ""bass""}"	How many rhythmic figures with a strict 1:4 proportionality are there in the bass line?	Anonymous_AusMeinesHerzensGrunde	chorale-bricks	Anonymous_AusMeinesHerzensGrunde	data/chorale-bricks/Anonymous_AusMeinesHerzensGrunde	0	"[""1"", ""2"", ""3"", ""4""]"	"[""4"", ""1"", ""3"", ""2""]"	audio	audio.mastermix.wav	data/chorale-bricks/Anonymous_AusMeinesHerzensGrunde/audio.mastermix.wav	0	"[""0"", ""none of the other options is correct"", ""4"", ""1"", ""3""]"	0.2	0	"[""A"", ""B"", ""C"", ""D"", ""E""]"	"{""A"": ""1"", ""B"": ""none of the other options is correct"", ""C"": ""3"", ""D"": ""0"", ""E"": ""4""}"	"[""(A) 1"", ""(B) none of the other options is correct"", ""(C) 3"", ""(D) 0"", ""(E) 4""]"	(D) 0	D
f060eeb9-b33c-5ebb-ad4e-e4b0af3cd136	8	perception	rhythm	relative	rhythm-relative	proportion-recognition		rhythm pattern statistics	How many rhythmic figures with a strict {rhythm_proportion} proportionality are there in the {voice} line?	"[""rhythm_proportion"", ""voice""]"	get_rhythm_pattern_count		rhythm	"{""rhythm_proportion"": ""1:4"", ""voice"": ""bass""}"	How many rhythmic figures with a strict 1:4 proportionality are there in the bass line?	Anonymous_AusMeinesHerzensGrunde	chorale-bricks	Anonymous_AusMeinesHerzensGrunde	data/chorale-bricks/Anonymous_AusMeinesHerzensGrunde	0	"[""1"", ""2"", ""3"", ""4""]"	"[""4"", ""1"", ""3"", ""2""]"	symbolic	symbolic.abc.txt	data/chorale-bricks/Anonymous_AusMeinesHerzensGrunde/symbolic.abc.txt	0	"[""0"", ""none of the other options is correct"", ""4"", ""1"", ""3""]"	0.2	0	"[""A"", ""B"", ""C"", ""D"", ""E""]"	"{""A"": ""4"", ""B"": ""0"", ""C"": ""none of the other options is correct"", ""D"": ""3"", ""E"": ""1""}"	"[""(A) 4"", ""(B) 0"", ""(C) none of the other options is correct"", ""(D) 3"", ""(E) 1""]"	(B) 0	B
f145cf5d-ff9e-5a76-9262-1fb2ab64d824	8	perception	rhythm	relative	rhythm-relative	proportion-recognition		rhythm pattern statistics	How many rhythmic figures with a strict {rhythm_proportion} proportionality are there in the {voice} line?	"[""rhythm_proportion"", ""voice""]"	get_rhythm_pattern_count		rhythm	"{""rhythm_proportion"": ""1:4"", ""voice"": ""bass""}"	How many rhythmic figures with a strict 1:4 proportionality are there in the bass line?	Anonymous_AusMeinesHerzensGrunde	chorale-bricks	Anonymous_AusMeinesHerzensGrunde	data/chorale-bricks/Anonymous_AusMeinesHerzensGrunde	0	"[""1"", ""2"", ""3"", ""4""]"	"[""4"", ""1"", ""3"", ""2""]"	visual	visual.short.png	data/chorale-bricks/Anonymous_AusMeinesHerzensGrunde/visual.short.png	none of the other options is correct	"[""none of the other options is correct"", ""4"", ""1"", ""3"", ""2""]"	0.2	1	"[""A"", ""B"", ""C"", ""D"", ""E""]"	"{""A"": ""3"", ""B"": ""4"", ""C"": ""1"", ""D"": ""none of the other options is correct"", ""E"": ""2""}"	"[""(A) 3"", ""(B) 4"", ""(C) 1"", ""(D) none of the other options is correct"", ""(E) 2""]"	(D) none of the other options is correct	D
bcf07732-3d8e-521e-adbd-ee7d6813c33b	8	perception	rhythm	relative	rhythm-relative	proportion-recognition		rhythm pattern statistics	How many rhythmic figures with a strict {rhythm_proportion} proportionality are there in the {voice} line?	"[""rhythm_proportion"", ""voice""]"	get_rhythm_pattern_count		rhythm	"{""rhythm_proportion"": ""1:2"", ""voice"": ""alto""}"	How many rhythmic figures with a strict 1:2 proportionality are there in the alto line?	Jan_DuGrosserSchmerzensmann	chorale-bricks	Jan_DuGrosserSchmerzensmann	data/chorale-bricks/Jan_DuGrosserSchmerzensmann	13	"[""0"", ""1"", ""3"", ""4""]"	"[""4"", ""1"", ""0"", ""3""]"	audio	audio.mastermix.wav	data/chorale-bricks/Jan_DuGrosserSchmerzensmann/audio.mastermix.wav	13	"[""13"", ""none of the other options is correct"", ""4"", ""1"", ""0""]"	0.2	0	"[""A"", ""B"", ""C"", ""D"", ""E""]"	"{""A"": ""4"", ""B"": ""13"", ""C"": ""none of the other options is correct"", ""D"": ""0"", ""E"": ""1""}"	"[""(A) 4"", ""(B) 13"", ""(C) none of the other options is correct"", ""(D) 0"", ""(E) 1""]"	(B) 13	B
7b025855-1aa8-5b19-bfa9-8e6182c99933	8	perception	rhythm	relative	rhythm-relative	proportion-recognition		rhythm pattern statistics	How many rhythmic figures with a strict {rhythm_proportion} proportionality are there in the {voice} line?	"[""rhythm_proportion"", ""voice""]"	get_rhythm_pattern_count		rhythm	"{""rhythm_proportion"": ""1:2"", ""voice"": ""alto""}"	How many rhythmic figures with a strict 1:2 proportionality are there in the alto line?	Jan_DuGrosserSchmerzensmann	chorale-bricks	Jan_DuGrosserSchmerzensmann	data/chorale-bricks/Jan_DuGrosserSchmerzensmann	13	"[""0"", ""1"", ""3"", ""4""]"	"[""4"", ""1"", ""0"", ""3""]"	symbolic	symbolic.abc.txt	data/chorale-bricks/Jan_DuGrosserSchmerzensmann/symbolic.abc.txt	13	"[""13"", ""none of the other options is correct"", ""4"", ""1"", ""0""]"	0.2	0	"[""A"", ""B"", ""C"", ""D"", ""E""]"	"{""A"": ""13"", ""B"": ""0"", ""C"": ""1"", ""D"": ""4"", ""E"": ""none of the other options is correct""}"	"[""(A) 13"", ""(B) 0"", ""(C) 1"", ""(D) 4"", ""(E) none of the other options is correct""]"	(A) 13	A
2f50d24d-239e-5e66-bcf8-01f600700821	8	perception	rhythm	relative	rhythm-relative	proportion-recognition		rhythm pattern statistics	How many rhythmic figures with a strict {rhythm_proportion} proportionality are there in the {voice} line?	"[""rhythm_proportion"", ""voice""]"	get_rhythm_pattern_count		rhythm	"{""rhythm_proportion"": ""1:2"", ""voice"": ""alto""}"	How many rhythmic figures with a strict 1:2 proportionality are there in the alto line?	Jan_DuGrosserSchmerzensmann	chorale-bricks	Jan_DuGrosserSchmerzensmann	data/chorale-bricks/Jan_DuGrosserSchmerzensmann	13	"[""0"", ""1"", ""3"", ""4""]"	"[""4"", ""1"", ""0"", ""3""]"	visual	visual.short.png	data/chorale-bricks/Jan_DuGrosserSchmerzensmann/visual.short.png	13	"[""13"", ""none of the other options is correct"", ""4"", ""1"", ""0""]"	0.2	0	"[""A"", ""B"", ""C"", ""D"", ""E""]"	"{""A"": ""4"", ""B"": ""none of the other options is correct"", ""C"": ""1"", ""D"": ""0"", ""E"": ""13""}"	"[""(A) 4"", ""(B) none of the other options is correct"", ""(C) 1"", ""(D) 0"", ""(E) 13""]"	(E) 13	E
e9a4f918-420e-5def-88a3-e019edae40db	8	perception	rhythm	relative	rhythm-relative	proportion-recognition		rhythm pattern statistics	How many rhythmic figures with a strict {rhythm_proportion} proportionality are there in the {voice} line?	"[""rhythm_proportion"", ""voice""]"	get_rhythm_pattern_count		rhythm	"{""rhythm_proportion"": ""1:1"", ""voice"": ""tenor""}"	How many rhythmic figures with a strict 1:1 proportionality are there in the tenor line?	Anonymous_AusMeinesHerzensGrunde	chorale-bricks	Anonymous_AusMeinesHerzensGrunde	data/chorale-bricks/Anonymous_AusMeinesHerzensGrunde	9	"[""0"", ""1"", ""3"", ""4""]"	"[""3"", ""0"", ""1"", ""4""]"	audio	audio.mastermix.wav	data/chorale-bricks/Anonymous_AusMeinesHerzensGrunde/audio.mastermix.wav	9	"[""9"", ""none of the other options is correct"", ""3"", ""0"", ""1""]"	0.2	0	"[""A"", ""B"", ""C"", ""D"", ""E""]"	"{""A"": ""1"", ""B"": ""9"", ""C"": ""3"", ""D"": ""none of the other options is correct"", ""E"": ""0""}"	"[""(A) 1"", ""(B) 9"", ""(C) 3"", ""(D) none of the other options is correct"", ""(E) 0""]"	(B) 9	B
513c86ae-0610-5e6c-b804-ad98624fe52f	8	perception	rhythm	relative	rhythm-relative	proportion-recognition		rhythm pattern statistics	How many rhythmic figures with a strict {rhythm_proportion} proportionality are there in the {voice} line?	"[""rhythm_proportion"", ""voice""]"	get_rhythm_pattern_count		rhythm	"{""rhythm_proportion"": ""1:1"", ""voice"": ""tenor""}"	How many rhythmic figures with a strict 1:1 proportionality are there in the tenor line?	Anonymous_AusMeinesHerzensGrunde	chorale-bricks	Anonymous_AusMeinesHerzensGrunde	data/chorale-bricks/Anonymous_AusMeinesHerzensGrunde	9	"[""0"", ""1"", ""3"", ""4""]"	"[""3"", ""0"", ""1"", ""4""]"	symbolic	symbolic.abc.txt	data/chorale-bricks/Anonymous_AusMeinesHerzensGrunde/symbolic.abc.txt	9	"[""9"", ""none of the other options is correct"", ""3"", ""0"", ""1""]"	0.2	0	"[""A"", ""B"", ""C"", ""D"", ""E""]"	"{""A"": ""3"", ""B"": ""9"", ""C"": ""0"", ""D"": ""1"", ""E"": ""none of the other options is correct""}"	"[""(A) 3"", ""(B) 9"", ""(C) 0"", ""(D) 1"", ""(E) none of the other options is correct""]"	(B) 9	B
2336af12-c40d-5a2e-95ba-3c2cef876d91	8	perception	rhythm	relative	rhythm-relative	proportion-recognition		rhythm pattern statistics	How many rhythmic figures with a strict {rhythm_proportion} proportionality are there in the {voice} line?	"[""rhythm_proportion"", ""voice""]"	get_rhythm_pattern_count		rhythm	"{""rhythm_proportion"": ""1:1"", ""voice"": ""tenor""}"	How many rhythmic figures with a strict 1:1 proportionality are there in the tenor line?	Anonymous_AusMeinesHerzensGrunde	chorale-bricks	Anonymous_AusMeinesHerzensGrunde	data/chorale-bricks/Anonymous_AusMeinesHerzensGrunde	9	"[""0"", ""1"", ""3"", ""4""]"	"[""3"", ""0"", ""1"", ""4""]"	visual	visual.short.png	data/chorale-bricks/Anonymous_AusMeinesHerzensGrunde/visual.short.png	none of the other options is correct	"[""none of the other options is correct"", ""3"", ""0"", ""1"", ""4""]"	0.2	1	"[""A"", ""B"", ""C"", ""D"", ""E""]"	"{""A"": ""3"", ""B"": ""0"", ""C"": ""1"", ""D"": ""4"", ""E"": ""none of the other options is correct""}"	"[""(A) 3"", ""(B) 0"", ""(C) 1"", ""(D) 4"", ""(E) none of the other options is correct""]"	(E) none of the other options is correct	E
04ef861e-5361-5b43-9500-cceebb6ee4a3	8	perception	rhythm	relative	rhythm-relative	proportion-recognition		rhythm pattern statistics	How many rhythmic figures with a strict {rhythm_proportion} proportionality are there in the {voice} line?	"[""rhythm_proportion"", ""voice""]"	get_rhythm_pattern_count		rhythm	"{""rhythm_proportion"": ""1:1"", ""voice"": ""alto""}"	How many rhythmic figures with a strict 1:1 proportionality are there in the alto line?	Vulpius_DieHelleSonnLeuchtJetztHerfuer	chorale-bricks	Vulpius_DieHelleSonnLeuchtJetztHerfuer	data/chorale-bricks/Vulpius_DieHelleSonnLeuchtJetztHerfuer	12	"[""0"", ""1"", ""3"", ""4""]"	"[""1"", ""4"", ""3"", ""0""]"	audio	audio.mastermix.wav	data/chorale-bricks/Vulpius_DieHelleSonnLeuchtJetztHerfuer/audio.mastermix.wav	none of the other options is correct	"[""none of the other options is correct"", ""1"", ""4"", ""3"", ""0""]"	0.2	1	"[""A"", ""B"", ""C"", ""D"", ""E""]"	"{""A"": ""none of the other options is correct"", ""B"": ""4"", ""C"": ""1"", ""D"": ""3"", ""E"": ""0""}"	"[""(A) none of the other options is correct"", ""(B) 4"", ""(C) 1"", ""(D) 3"", ""(E) 0""]"	(A) none of the other options is correct	A
dcf9396b-3a64-50ec-9ac8-d33a89384211	8	perception	rhythm	relative	rhythm-relative	proportion-recognition		rhythm pattern statistics	How many rhythmic figures with a strict {rhythm_proportion} proportionality are there in the {voice} line?	"[""rhythm_proportion"", ""voice""]"	get_rhythm_pattern_count		rhythm	"{""rhythm_proportion"": ""1:1"", ""voice"": ""alto""}"	How many rhythmic figures with a strict 1:1 proportionality are there in the alto line?	Vulpius_DieHelleSonnLeuchtJetztHerfuer	chorale-bricks	Vulpius_DieHelleSonnLeuchtJetztHerfuer	data/chorale-bricks/Vulpius_DieHelleSonnLeuchtJetztHerfuer	12	"[""0"", ""1"", ""3"", ""4""]"	"[""1"", ""4"", ""3"", ""0""]"	symbolic	symbolic.abc.txt	data/chorale-bricks/Vulpius_DieHelleSonnLeuchtJetztHerfuer/symbolic.abc.txt	12	"[""12"", ""none of the other options is correct"", ""1"", ""4"", ""3""]"	0.2	0	"[""A"", ""B"", ""C"", ""D"", ""E""]"	"{""A"": ""4"", ""B"": ""12"", ""C"": ""1"", ""D"": ""none of the other options is correct"", ""E"": ""3""}"	"[""(A) 4"", ""(B) 12"", ""(C) 1"", ""(D) none of the other options is correct"", ""(E) 3""]"	(B) 12	B
e745fee6-3a2e-539c-91f9-3ec942d85596	8	perception	rhythm	relative	rhythm-relative	proportion-recognition		rhythm pattern statistics	How many rhythmic figures with a strict {rhythm_proportion} proportionality are there in the {voice} line?	"[""rhythm_proportion"", ""voice""]"	get_rhythm_pattern_count		rhythm	"{""rhythm_proportion"": ""1:1"", ""voice"": ""alto""}"	How many rhythmic figures with a strict 1:1 proportionality are there in the alto line?	Vulpius_DieHelleSonnLeuchtJetztHerfuer	chorale-bricks	Vulpius_DieHelleSonnLeuchtJetztHerfuer	data/chorale-bricks/Vulpius_DieHelleSonnLeuchtJetztHerfuer	12	"[""0"", ""1"", ""3"", ""4""]"	"[""1"", ""4"", ""3"", ""0""]"	visual	visual.short.png	data/chorale-bricks/Vulpius_DieHelleSonnLeuchtJetztHerfuer/visual.short.png	12	"[""12"", ""none of the other options is correct"", ""1"", ""4"", ""3""]"	0.2	0	"[""A"", ""B"", ""C"", ""D"", ""E""]"	"{""A"": ""4"", ""B"": ""1"", ""C"": ""none of the other options is correct"", ""D"": ""3"", ""E"": ""12""}"	"[""(A) 4"", ""(B) 1"", ""(C) none of the other options is correct"", ""(D) 3"", ""(E) 12""]"	(E) 12	E
9b2332d3-3f41-506b-a6bf-bf26d5a434ef	8	perception	rhythm	relative	rhythm-relative	proportion-recognition		rhythm pattern statistics	How many rhythmic figures with a strict {rhythm_proportion} proportionality are there in the {voice} line?	"[""rhythm_proportion"", ""voice""]"	get_rhythm_pattern_count		rhythm	"{""rhythm_proportion"": ""2:3"", ""voice"": ""alto""}"	How many rhythmic figures with a strict 2:3 proportionality are there in the alto line?	Anonymous_AusMeinesHerzensGrunde	chorale-bricks	Anonymous_AusMeinesHerzensGrunde	data/chorale-bricks/Anonymous_AusMeinesHerzensGrunde	2	"[""0"", ""1"", ""3"", ""4""]"	"[""1"", ""0"", ""4"", ""3""]"	audio	audio.mastermix.wav	data/chorale-bricks/Anonymous_AusMeinesHerzensGrunde/audio.mastermix.wav	2	"[""2"", ""none of the other options is correct"", ""1"", ""0"", ""4""]"	0.2	0	"[""A"", ""B"", ""C"", ""D"", ""E""]"	"{""A"": ""none of the other options is correct"", ""B"": ""1"", ""C"": ""0"", ""D"": ""4"", ""E"": ""2""}"	"[""(A) none of the other options is correct"", ""(B) 1"", ""(C) 0"", ""(D) 4"", ""(E) 2""]"	(E) 2	E
b6a76a01-f03b-5b6a-800c-f07cbdaf400f	8	perception	rhythm	relative	rhythm-relative	proportion-recognition		rhythm pattern statistics	How many rhythmic figures with a strict {rhythm_proportion} proportionality are there in the {voice} line?	"[""rhythm_proportion"", ""voice""]"	get_rhythm_pattern_count		rhythm	"{""rhythm_proportion"": ""2:3"", ""voice"": ""alto""}"	How many rhythmic figures with a strict 2:3 proportionality are there in the alto line?	Anonymous_AusMeinesHerzensGrunde	chorale-bricks	Anonymous_AusMeinesHerzensGrunde	data/chorale-bricks/Anonymous_AusMeinesHerzensGrunde	2	"[""0"", ""1"", ""3"", ""4""]"	"[""1"", ""0"", ""4"", ""3""]"	symbolic	symbolic.abc.txt	data/chorale-bricks/Anonymous_AusMeinesHerzensGrunde/symbolic.abc.txt	2	"[""2"", ""none of the other options is correct"", ""1"", ""0"", ""4""]"	0.2	0	"[""A"", ""B"", ""C"", ""D"", ""E""]"	"{""A"": ""1"", ""B"": ""4"", ""C"": ""0"", ""D"": ""none of the other options is correct"", ""E"": ""2""}"	"[""(A) 1"", ""(B) 4"", ""(C) 0"", ""(D) none of the other options is correct"", ""(E) 2""]"	(E) 2	E
c71aa42d-1f13-552a-b30e-d6d0e20a2986	8	perception	rhythm	relative	rhythm-relative	proportion-recognition		rhythm pattern statistics	How many rhythmic figures with a strict {rhythm_proportion} proportionality are there in the {voice} line?	"[""rhythm_proportion"", ""voice""]"	get_rhythm_pattern_count		rhythm	"{""rhythm_proportion"": ""2:3"", ""voice"": ""alto""}"	How many rhythmic figures with a strict 2:3 proportionality are there in the alto line?	Anonymous_AusMeinesHerzensGrunde	chorale-bricks	Anonymous_AusMeinesHerzensGrunde	data/chorale-bricks/Anonymous_AusMeinesHerzensGrunde	2	"[""0"", ""1"", ""3"", ""4""]"	"[""1"", ""0"", ""4"", ""3""]"	visual	visual.short.png	data/chorale-bricks/Anonymous_AusMeinesHerzensGrunde/visual.short.png	2	"[""2"", ""none of the other options is correct"", ""1"", ""0"", ""4""]"	0.2	0	"[""A"", ""B"", ""C"", ""D"", ""E""]"	"{""A"": ""4"", ""B"": ""2"", ""C"": ""none of the other options is correct"", ""D"": ""1"", ""E"": ""0""}"	"[""(A) 4"", ""(B) 2"", ""(C) none of the other options is correct"", ""(D) 1"", ""(E) 0""]"	(B) 2	B
cef3cdb4-2546-5505-a306-aa965f0699a6	8	perception	rhythm	relative	rhythm-relative	proportion-recognition		rhythm pattern statistics	How many rhythmic figures with a strict {rhythm_proportion} proportionality are there in the {voice} line?	"[""rhythm_proportion"", ""voice""]"	get_rhythm_pattern_count		rhythm	"{""rhythm_proportion"": ""3:1"", ""voice"": ""alto""}"	How many rhythmic figures with a strict 3:1 proportionality are there in the alto line?	Jan_DuGrosserSchmerzensmann	chorale-bricks	Jan_DuGrosserSchmerzensmann	data/chorale-bricks/Jan_DuGrosserSchmerzensmann	1	"[""0"", ""2"", ""3"", ""4""]"	"[""2"", ""0"", ""4"", ""3""]"	audio	audio.mastermix.wav	data/chorale-bricks/Jan_DuGrosserSchmerzensmann/audio.mastermix.wav	1	"[""1"", ""none of the other options is correct"", ""2"", ""0"", ""4""]"	0.2	0	"[""A"", ""B"", ""C"", ""D"", ""E""]"	"{""A"": ""1"", ""B"": ""4"", ""C"": ""2"", ""D"": ""0"", ""E"": ""none of the other options is correct""}"	"[""(A) 1"", ""(B) 4"", ""(C) 2"", ""(D) 0"", ""(E) none of the other options is correct""]"	(A) 1	A
c9588e6d-f872-58b3-9cf2-b6fd4e2ccb9d	8	perception	rhythm	relative	rhythm-relative	proportion-recognition		rhythm pattern statistics	How many rhythmic figures with a strict {rhythm_proportion} proportionality are there in the {voice} line?	"[""rhythm_proportion"", ""voice""]"	get_rhythm_pattern_count		rhythm	"{""rhythm_proportion"": ""3:1"", ""voice"": ""alto""}"	How many rhythmic figures with a strict 3:1 proportionality are there in the alto line?	Jan_DuGrosserSchmerzensmann	chorale-bricks	Jan_DuGrosserSchmerzensmann	data/chorale-bricks/Jan_DuGrosserSchmerzensmann	1	"[""0"", ""2"", ""3"", ""4""]"	"[""2"", ""0"", ""4"", ""3""]"	symbolic	symbolic.abc.txt	data/chorale-bricks/Jan_DuGrosserSchmerzensmann/symbolic.abc.txt	1	"[""1"", ""none of the other options is correct"", ""2"", ""0"", ""4""]"	0.2	0	"[""A"", ""B"", ""C"", ""D"", ""E""]"	"{""A"": ""0"", ""B"": ""none of the other options is correct"", ""C"": ""1"", ""D"": ""2"", ""E"": ""4""}"	"[""(A) 0"", ""(B) none of the other options is correct"", ""(C) 1"", ""(D) 2"", ""(E) 4""]"	(C) 1	C
6a342be4-e739-5201-b955-52f09e59fab6	8	perception	rhythm	relative	rhythm-relative	proportion-recognition		rhythm pattern statistics	How many rhythmic figures with a strict {rhythm_proportion} proportionality are there in the {voice} line?	"[""rhythm_proportion"", ""voice""]"	get_rhythm_pattern_count		rhythm	"{""rhythm_proportion"": ""3:1"", ""voice"": ""alto""}"	How many rhythmic figures with a strict 3:1 proportionality are there in the alto line?	Jan_DuGrosserSchmerzensmann	chorale-bricks	Jan_DuGrosserSchmerzensmann	data/chorale-bricks/Jan_DuGrosserSchmerzensmann	1	"[""0"", ""2"", ""3"", ""4""]"	"[""2"", ""0"", ""4"", ""3""]"	visual	visual.short.png	data/chorale-bricks/Jan_DuGrosserSchmerzensmann/visual.short.png	1	"[""1"", ""none of the other options is correct"", ""2"", ""0"", ""4""]"	0.2	0	"[""A"", ""B"", ""C"", ""D"", ""E""]"	"{""A"": ""none of the other options is correct"", ""B"": ""4"", ""C"": ""2"", ""D"": ""1"", ""E"": ""0""}"	"[""(A) none of the other options is correct"", ""(B) 4"", ""(C) 2"", ""(D) 1"", ""(E) 0""]"	(D) 1	D
28a7e769-8077-5016-893e-a785523f4acf	8	perception	rhythm	relative	rhythm-relative	proportion-recognition		rhythm pattern statistics	How many rhythmic figures with a strict {rhythm_proportion} proportionality are there in the {voice} line?	"[""rhythm_proportion"", ""voice""]"	get_rhythm_pattern_count		rhythm	"{""rhythm_proportion"": ""2:1"", ""voice"": ""bass""}"	How many rhythmic figures with a strict 2:1 proportionality are there in the bass line?	Gesius_BefiehlDuDeineWege	chorale-bricks	Gesius_BefiehlDuDeineWege	data/chorale-bricks/Gesius_BefiehlDuDeineWege	7	"[""1"", ""2"", ""3"", ""4""]"	"[""2"", ""1"", ""3"", ""4""]"	audio	audio.mastermix.wav	data/chorale-bricks/Gesius_BefiehlDuDeineWege/audio.mastermix.wav	7	"[""7"", ""none of the other options is correct"", ""2"", ""1"", ""3""]"	0.2	0	"[""A"", ""B"", ""C"", ""D"", ""E""]"	"{""A"": ""3"", ""B"": ""1"", ""C"": ""none of the other options is correct"", ""D"": ""2"", ""E"": ""7""}"	"[""(A) 3"", ""(B) 1"", ""(C) none of the other options is correct"", ""(D) 2"", ""(E) 7""]"	(E) 7	E
9c7f3b64-e14b-55d5-8999-5208b0267c44	8	perception	rhythm	relative	rhythm-relative	proportion-recognition		rhythm pattern statistics	How many rhythmic figures with a strict {rhythm_proportion} proportionality are there in the {voice} line?	"[""rhythm_proportion"", ""voice""]"	get_rhythm_pattern_count		rhythm	"{""rhythm_proportion"": ""2:1"", ""voice"": ""bass""}"	How many rhythmic figures with a strict 2:1 proportionality are there in the bass line?	Gesius_BefiehlDuDeineWege	chorale-bricks	Gesius_BefiehlDuDeineWege	data/chorale-bricks/Gesius_BefiehlDuDeineWege	7	"[""1"", ""2"", ""3"", ""4""]"	"[""2"", ""1"", ""3"", ""4""]"	symbolic	symbolic.abc.txt	data/chorale-bricks/Gesius_BefiehlDuDeineWege/symbolic.abc.txt	7	"[""7"", ""none of the other options is correct"", ""2"", ""1"", ""3""]"	0.2	0	"[""A"", ""B"", ""C"", ""D"", ""E""]"	"{""A"": ""1"", ""B"": ""7"", ""C"": ""2"", ""D"": ""3"", ""E"": ""none of the other options is correct""}"	"[""(A) 1"", ""(B) 7"", ""(C) 2"", ""(D) 3"", ""(E) none of the other options is correct""]"	(B) 7	B
0be713c5-3063-5ed9-b0f2-ffa576d3c15a	8	perception	rhythm	relative	rhythm-relative	proportion-recognition		rhythm pattern statistics	How many rhythmic figures with a strict {rhythm_proportion} proportionality are there in the {voice} line?	"[""rhythm_proportion"", ""voice""]"	get_rhythm_pattern_count		rhythm	"{""rhythm_proportion"": ""2:1"", ""voice"": ""bass""}"	How many rhythmic figures with a strict 2:1 proportionality are there in the bass line?	Gesius_BefiehlDuDeineWege	chorale-bricks	Gesius_BefiehlDuDeineWege	data/chorale-bricks/Gesius_BefiehlDuDeineWege	7	"[""1"", ""2"", ""3"", ""4""]"	"[""2"", ""1"", ""3"", ""4""]"	visual	visual.short.png	data/chorale-bricks/Gesius_BefiehlDuDeineWege/visual.short.png	7	"[""7"", ""none of the other options is correct"", ""2"", ""1"", ""3""]"	0.2	0	"[""A"", ""B"", ""C"", ""D"", ""E""]"	"{""A"": ""3"", ""B"": ""7"", ""C"": ""none of the other options is correct"", ""D"": ""1"", ""E"": ""2""}"	"[""(A) 3"", ""(B) 7"", ""(C) none of the other options is correct"", ""(D) 1"", ""(E) 2""]"	(B) 7	B
611a642d-5dd6-5292-b5d5-53df15d9f430	8	perception	rhythm	relative	rhythm-relative	proportion-recognition		rhythm pattern statistics	How many rhythmic figures with a strict {rhythm_proportion} proportionality are there in the {voice} line?	"[""rhythm_proportion"", ""voice""]"	get_rhythm_pattern_count		rhythm	"{""rhythm_proportion"": ""2:1"", ""voice"": ""alto""}"	How many rhythmic figures with a strict 2:1 proportionality are there in the alto line?	Vulpius_ChristusDerIstMeinLeben	chorale-bricks	Vulpius_ChristusDerIstMeinLeben	data/chorale-bricks/Vulpius_ChristusDerIstMeinLeben	3	"[""0"", ""1"", ""2"", ""4""]"	"[""1"", ""2"", ""0"", ""4""]"	audio	audio.mastermix.wav	data/chorale-bricks/Vulpius_ChristusDerIstMeinLeben/audio.mastermix.wav	3	"[""3"", ""none of the other options is correct"", ""1"", ""2"", ""0""]"	0.2	0	"[""A"", ""B"", ""C"", ""D"", ""E""]"	"{""A"": ""1"", ""B"": ""none of the other options is correct"", ""C"": ""2"", ""D"": ""0"", ""E"": ""3""}"	"[""(A) 1"", ""(B) none of the other options is correct"", ""(C) 2"", ""(D) 0"", ""(E) 3""]"	(E) 3	E
c2b20ebd-1914-57d9-8ce5-764398d7443b	8	perception	rhythm	relative	rhythm-relative	proportion-recognition		rhythm pattern statistics	How many rhythmic figures with a strict {rhythm_proportion} proportionality are there in the {voice} line?	"[""rhythm_proportion"", ""voice""]"	get_rhythm_pattern_count		rhythm	"{""rhythm_proportion"": ""2:1"", ""voice"": ""alto""}"	How many rhythmic figures with a strict 2:1 proportionality are there in the alto line?	Vulpius_ChristusDerIstMeinLeben	chorale-bricks	Vulpius_ChristusDerIstMeinLeben	data/chorale-bricks/Vulpius_ChristusDerIstMeinLeben	3	"[""0"", ""1"", ""2"", ""4""]"	"[""1"", ""2"", ""0"", ""4""]"	symbolic	symbolic.abc.txt	data/chorale-bricks/Vulpius_ChristusDerIstMeinLeben/symbolic.abc.txt	3	"[""3"", ""none of the other options is correct"", ""1"", ""2"", ""0""]"	0.2	0	"[""A"", ""B"", ""C"", ""D"", ""E""]"	"{""A"": ""none of the other options is correct"", ""B"": ""2"", ""C"": ""1"", ""D"": ""0"", ""E"": ""3""}"	"[""(A) none of the other options is correct"", ""(B) 2"", ""(C) 1"", ""(D) 0"", ""(E) 3""]"	(E) 3	E
89e7e285-af44-55d4-a69c-bf1670dd409f	8	perception	rhythm	relative	rhythm-relative	proportion-recognition		rhythm pattern statistics	How many rhythmic figures with a strict {rhythm_proportion} proportionality are there in the {voice} line?	"[""rhythm_proportion"", ""voice""]"	get_rhythm_pattern_count		rhythm	"{""rhythm_proportion"": ""2:1"", ""voice"": ""alto""}"	How many rhythmic figures with a strict 2:1 proportionality are there in the alto line?	Vulpius_ChristusDerIstMeinLeben	chorale-bricks	Vulpius_ChristusDerIstMeinLeben	data/chorale-bricks/Vulpius_ChristusDerIstMeinLeben	3	"[""0"", ""1"", ""2"", ""4""]"	"[""1"", ""2"", ""0"", ""4""]"	visual	visual.short.png	data/chorale-bricks/Vulpius_ChristusDerIstMeinLeben/visual.short.png	3	"[""3"", ""none of the other options is correct"", ""1"", ""2"", ""0""]"	0.2	0	"[""A"", ""B"", ""C"", ""D"", ""E""]"	"{""A"": ""1"", ""B"": ""none of the other options is correct"", ""C"": ""2"", ""D"": ""0"", ""E"": ""3""}"	"[""(A) 1"", ""(B) none of the other options is correct"", ""(C) 2"", ""(D) 0"", ""(E) 3""]"	(E) 3	E
4795c9ca-fb65-5a03-9e7c-a76b190ea3da	8	perception	rhythm	relative	rhythm-relative	proportion-recognition		rhythm pattern statistics	How many rhythmic figures with a strict {rhythm_proportion} proportionality are there in the {voice} line?	"[""rhythm_proportion"", ""voice""]"	get_rhythm_pattern_count		rhythm	"{""rhythm_proportion"": ""3:2"", ""voice"": ""tenor""}"	How many rhythmic figures with a strict 3:2 proportionality are there in the tenor line?	Anonymous_AusMeinesHerzensGrunde	chorale-bricks	Anonymous_AusMeinesHerzensGrunde	data/chorale-bricks/Anonymous_AusMeinesHerzensGrunde	3	"[""0"", ""1"", ""2"", ""4""]"	"[""1"", ""0"", ""2"", ""4""]"	audio	audio.mastermix.wav	data/chorale-bricks/Anonymous_AusMeinesHerzensGrunde/audio.mastermix.wav	none of the other options is correct	"[""none of the other options is correct"", ""1"", ""0"", ""2"", ""4""]"	0.2	1	"[""A"", ""B"", ""C"", ""D"", ""E""]"	"{""A"": ""2"", ""B"": ""0"", ""C"": ""4"", ""D"": ""1"", ""E"": ""none of the other options is correct""}"	"[""(A) 2"", ""(B) 0"", ""(C) 4"", ""(D) 1"", ""(E) none of the other options is correct""]"	(E) none of the other options is correct	E
ec4f190d-c903-5021-bd5a-650240fe00ca	8	perception	rhythm	relative	rhythm-relative	proportion-recognition		rhythm pattern statistics	How many rhythmic figures with a strict {rhythm_proportion} proportionality are there in the {voice} line?	"[""rhythm_proportion"", ""voice""]"	get_rhythm_pattern_count		rhythm	"{""rhythm_proportion"": ""3:2"", ""voice"": ""tenor""}"	How many rhythmic figures with a strict 3:2 proportionality are there in the tenor line?	Anonymous_AusMeinesHerzensGrunde	chorale-bricks	Anonymous_AusMeinesHerzensGrunde	data/chorale-bricks/Anonymous_AusMeinesHerzensGrunde	3	"[""0"", ""1"", ""2"", ""4""]"	"[""1"", ""0"", ""2"", ""4""]"	symbolic	symbolic.abc.txt	data/chorale-bricks/Anonymous_AusMeinesHerzensGrunde/symbolic.abc.txt	3	"[""3"", ""none of the other options is correct"", ""1"", ""0"", ""2""]"	0.2	0	"[""A"", ""B"", ""C"", ""D"", ""E""]"	"{""A"": ""none of the other options is correct"", ""B"": ""1"", ""C"": ""3"", ""D"": ""0"", ""E"": ""2""}"	"[""(A) none of the other options is correct"", ""(B) 1"", ""(C) 3"", ""(D) 0"", ""(E) 2""]"	(C) 3	C
86070947-bbbc-52aa-a1e9-c556e4e5856b	8	perception	rhythm	relative	rhythm-relative	proportion-recognition		rhythm pattern statistics	How many rhythmic figures with a strict {rhythm_proportion} proportionality are there in the {voice} line?	"[""rhythm_proportion"", ""voice""]"	get_rhythm_pattern_count		rhythm	"{""rhythm_proportion"": ""3:2"", ""voice"": ""tenor""}"	How many rhythmic figures with a strict 3:2 proportionality are there in the tenor line?	Anonymous_AusMeinesHerzensGrunde	chorale-bricks	Anonymous_AusMeinesHerzensGrunde	data/chorale-bricks/Anonymous_AusMeinesHerzensGrunde	3	"[""0"", ""1"", ""2"", ""4""]"	"[""1"", ""0"", ""2"", ""4""]"	visual	visual.short.png	data/chorale-bricks/Anonymous_AusMeinesHerzensGrunde/visual.short.png	none of the other options is correct	"[""none of the other options is correct"", ""1"", ""0"", ""2"", ""4""]"	0.2	1	"[""A"", ""B"", ""C"", ""D"", ""E""]"	"{""A"": ""2"", ""B"": ""0"", ""C"": ""1"", ""D"": ""none of the other options is correct"", ""E"": ""4""}"	"[""(A) 2"", ""(B) 0"", ""(C) 1"", ""(D) none of the other options is correct"", ""(E) 4""]"	(D) none of the other options is correct	D
27fc363e-85de-54e1-9aba-eeb2e798a1f0	8	perception	rhythm	relative	rhythm-relative	proportion-recognition		rhythm pattern statistics	How many rhythmic figures with a strict {rhythm_proportion} proportionality are there in the {voice} line?	"[""rhythm_proportion"", ""voice""]"	get_rhythm_pattern_count		rhythm	"{""rhythm_proportion"": ""3:1"", ""voice"": ""alto""}"	How many rhythmic figures with a strict 3:1 proportionality are there in the alto line?	Bach_IchStehAnDeinerKrippe	chorale-bricks	Bach_IchStehAnDeinerKrippe	data/chorale-bricks/Bach_IchStehAnDeinerKrippe	4	"[""0"", ""1"", ""2"", ""3""]"	"[""3"", ""0"", ""1"", ""2""]"	audio	audio.mastermix.wav	data/chorale-bricks/Bach_IchStehAnDeinerKrippe/audio.mastermix.wav	4	"[""4"", ""none of the other options is correct"", ""3"", ""0"", ""1""]"	0.2	0	"[""A"", ""B"", ""C"", ""D"", ""E""]"	"{""A"": ""4"", ""B"": ""1"", ""C"": ""0"", ""D"": ""3"", ""E"": ""none of the other options is correct""}"	"[""(A) 4"", ""(B) 1"", ""(C) 0"", ""(D) 3"", ""(E) none of the other options is correct""]"	(A) 4	A
6e8b7dbb-5b8a-516c-8e22-a3b1e8eaaae5	8	perception	rhythm	relative	rhythm-relative	proportion-recognition		rhythm pattern statistics	How many rhythmic figures with a strict {rhythm_proportion} proportionality are there in the {voice} line?	"[""rhythm_proportion"", ""voice""]"	get_rhythm_pattern_count		rhythm	"{""rhythm_proportion"": ""3:1"", ""voice"": ""alto""}"	How many rhythmic figures with a strict 3:1 proportionality are there in the alto line?	Bach_IchStehAnDeinerKrippe	chorale-bricks	Bach_IchStehAnDeinerKrippe	data/chorale-bricks/Bach_IchStehAnDeinerKrippe	4	"[""0"", ""1"", ""2"", ""3""]"	"[""3"", ""0"", ""1"", ""2""]"	symbolic	symbolic.abc.txt	data/chorale-bricks/Bach_IchStehAnDeinerKrippe/symbolic.abc.txt	4	"[""4"", ""none of the other options is correct"", ""3"", ""0"", ""1""]"	0.2	0	"[""A"", ""B"", ""C"", ""D"", ""E""]"	"{""A"": ""3"", ""B"": ""1"", ""C"": ""0"", ""D"": ""4"", ""E"": ""none of the other options is correct""}"	"[""(A) 3"", ""(B) 1"", ""(C) 0"", ""(D) 4"", ""(E) none of the other options is correct""]"	(D) 4	D
75a63925-3dcf-53aa-a86b-f7718ee0115c	8	perception	rhythm	relative	rhythm-relative	proportion-recognition		rhythm pattern statistics	How many rhythmic figures with a strict {rhythm_proportion} proportionality are there in the {voice} line?	"[""rhythm_proportion"", ""voice""]"	get_rhythm_pattern_count		rhythm	"{""rhythm_proportion"": ""3:1"", ""voice"": ""alto""}"	How many rhythmic figures with a strict 3:1 proportionality are there in the alto line?	Bach_IchStehAnDeinerKrippe	chorale-bricks	Bach_IchStehAnDeinerKrippe	data/chorale-bricks/Bach_IchStehAnDeinerKrippe	4	"[""0"", ""1"", ""2"", ""3""]"	"[""3"", ""0"", ""1"", ""2""]"	visual	visual.short.png	data/chorale-bricks/Bach_IchStehAnDeinerKrippe/visual.short.png	4	"[""4"", ""none of the other options is correct"", ""3"", ""0"", ""1""]"	0.2	0	"[""A"", ""B"", ""C"", ""D"", ""E""]"	"{""A"": ""4"", ""B"": ""3"", ""C"": ""0"", ""D"": ""none of the other options is correct"", ""E"": ""1""}"	"[""(A) 4"", ""(B) 3"", ""(C) 0"", ""(D) none of the other options is correct"", ""(E) 1""]"	(A) 4	A
57611ca0-0d07-5be6-aa1e-400a7c11cf63	8	perception	rhythm	relative	rhythm-relative	proportion-recognition		rhythm pattern statistics	How many rhythmic figures with a strict {rhythm_proportion} proportionality are there in the {voice} line?	"[""rhythm_proportion"", ""voice""]"	get_rhythm_pattern_count		rhythm	"{""rhythm_proportion"": ""1:1"", ""voice"": ""tenor""}"	How many rhythmic figures with a strict 1:1 proportionality are there in the tenor line?	Gesius_DuFriedensfuerstHerrJesuChrist	chorale-bricks	Gesius_DuFriedensfuerstHerrJesuChrist	data/chorale-bricks/Gesius_DuFriedensfuerstHerrJesuChrist	33	"[""0"", ""1"", ""2"", ""3""]"	"[""0"", ""3"", ""1"", ""2""]"	audio	audio.mastermix.wav	data/chorale-bricks/Gesius_DuFriedensfuerstHerrJesuChrist/audio.mastermix.wav	none of the other options is correct	"[""none of the other options is correct"", ""0"", ""3"", ""1"", ""2""]"	0.2	1	"[""A"", ""B"", ""C"", ""D"", ""E""]"	"{""A"": ""1"", ""B"": ""none of the other options is correct"", ""C"": ""3"", ""D"": ""2"", ""E"": ""0""}"	"[""(A) 1"", ""(B) none of the other options is correct"", ""(C) 3"", ""(D) 2"", ""(E) 0""]"	(B) none of the other options is correct	B
e7b0cb08-2378-5545-888d-b5d533826847	8	perception	rhythm	relative	rhythm-relative	proportion-recognition		rhythm pattern statistics	How many rhythmic figures with a strict {rhythm_proportion} proportionality are there in the {voice} line?	"[""rhythm_proportion"", ""voice""]"	get_rhythm_pattern_count		rhythm	"{""rhythm_proportion"": ""1:1"", ""voice"": ""tenor""}"	How many rhythmic figures with a strict 1:1 proportionality are there in the tenor line?	Gesius_DuFriedensfuerstHerrJesuChrist	chorale-bricks	Gesius_DuFriedensfuerstHerrJesuChrist	data/chorale-bricks/Gesius_DuFriedensfuerstHerrJesuChrist	33	"[""0"", ""1"", ""2"", ""3""]"	"[""0"", ""3"", ""1"", ""2""]"	symbolic	symbolic.abc.txt	data/chorale-bricks/Gesius_DuFriedensfuerstHerrJesuChrist/symbolic.abc.txt	33	"[""33"", ""none of the other options is correct"", ""0"", ""3"", ""1""]"	0.2	0	"[""A"", ""B"", ""C"", ""D"", ""E""]"	"{""A"": ""3"", ""B"": ""33"", ""C"": ""0"", ""D"": ""none of the other options is correct"", ""E"": ""1""}"	"[""(A) 3"", ""(B) 33"", ""(C) 0"", ""(D) none of the other options is correct"", ""(E) 1""]"	(B) 33	B
dd8411eb-11bd-5742-a425-b2c84d685458	8	perception	rhythm	relative	rhythm-relative	proportion-recognition		rhythm pattern statistics	How many rhythmic figures with a strict {rhythm_proportion} proportionality are there in the {voice} line?	"[""rhythm_proportion"", ""voice""]"	get_rhythm_pattern_count		rhythm	"{""rhythm_proportion"": ""1:1"", ""voice"": ""tenor""}"	How many rhythmic figures with a strict 1:1 proportionality are there in the tenor line?	Gesius_DuFriedensfuerstHerrJesuChrist	chorale-bricks	Gesius_DuFriedensfuerstHerrJesuChrist	data/chorale-bricks/Gesius_DuFriedensfuerstHerrJesuChrist	33	"[""0"", ""1"", ""2"", ""3""]"	"[""0"", ""3"", ""1"", ""2""]"	visual	visual.short.png	data/chorale-bricks/Gesius_DuFriedensfuerstHerrJesuChrist/visual.short.png	33	"[""33"", ""none of the other options is correct"", ""0"", ""3"", ""1""]"	0.2	0	"[""A"", ""B"", ""C"", ""D"", ""E""]"	"{""A"": ""1"", ""B"": ""none of the other options is correct"", ""C"": ""3"", ""D"": ""33"", ""E"": ""0""}"	"[""(A) 1"", ""(B) none of the other options is correct"", ""(C) 3"", ""(D) 33"", ""(E) 0""]"	(D) 33	D
d9d413e8-f8f3-5598-92d9-8d19ff8dda48	8	perception	rhythm	relative	rhythm-relative	proportion-recognition		rhythm pattern statistics	How many rhythmic figures with a strict {rhythm_proportion} proportionality are there in the {voice} line?	"[""rhythm_proportion"", ""voice""]"	get_rhythm_pattern_count		rhythm	"{""rhythm_proportion"": ""2:3"", ""voice"": ""tenor""}"	How many rhythmic figures with a strict 2:3 proportionality are there in the tenor line?	Crueger_AufAufMeinHerzMitFreuden	chorale-bricks	Crueger_AufAufMeinHerzMitFreuden	data/chorale-bricks/Crueger_AufAufMeinHerzMitFreuden	2	"[""0"", ""1"", ""3"", ""4""]"	"[""3"", ""1"", ""0"", ""4""]"	audio	audio.mastermix.wav	data/chorale-bricks/Crueger_AufAufMeinHerzMitFreuden/audio.mastermix.wav	2	"[""2"", ""none of the other options is correct"", ""3"", ""1"", ""0""]"	0.2	0	"[""A"", ""B"", ""C"", ""D"", ""E""]"	"{""A"": ""none of the other options is correct"", ""B"": ""0"", ""C"": ""3"", ""D"": ""1"", ""E"": ""2""}"	"[""(A) none of the other options is correct"", ""(B) 0"", ""(C) 3"", ""(D) 1"", ""(E) 2""]"	(E) 2	E
21943226-3640-5230-9b5d-d3205129e045	8	perception	rhythm	relative	rhythm-relative	proportion-recognition		rhythm pattern statistics	How many rhythmic figures with a strict {rhythm_proportion} proportionality are there in the {voice} line?	"[""rhythm_proportion"", ""voice""]"	get_rhythm_pattern_count		rhythm	"{""rhythm_proportion"": ""2:3"", ""voice"": ""tenor""}"	How many rhythmic figures with a strict 2:3 proportionality are there in the tenor line?	Crueger_AufAufMeinHerzMitFreuden	chorale-bricks	Crueger_AufAufMeinHerzMitFreuden	data/chorale-bricks/Crueger_AufAufMeinHerzMitFreuden	2	"[""0"", ""1"", ""3"", ""4""]"	"[""3"", ""1"", ""0"", ""4""]"	symbolic	symbolic.abc.txt	data/chorale-bricks/Crueger_AufAufMeinHerzMitFreuden/symbolic.abc.txt	2	"[""2"", ""none of the other options is correct"", ""3"", ""1"", ""0""]"	0.2	0	"[""A"", ""B"", ""C"", ""D"", ""E""]"	"{""A"": ""0"", ""B"": ""3"", ""C"": ""2"", ""D"": ""1"", ""E"": ""none of the other options is correct""}"	"[""(A) 0"", ""(B) 3"", ""(C) 2"", ""(D) 1"", ""(E) none of the other options is correct""]"	(C) 2	C
5b9b7aac-6457-5fb2-a561-d7fe18e4d497	8	perception	rhythm	relative	rhythm-relative	proportion-recognition		rhythm pattern statistics	How many rhythmic figures with a strict {rhythm_proportion} proportionality are there in the {voice} line?	"[""rhythm_proportion"", ""voice""]"	get_rhythm_pattern_count		rhythm	"{""rhythm_proportion"": ""2:3"", ""voice"": ""tenor""}"	How many rhythmic figures with a strict 2:3 proportionality are there in the tenor line?	Crueger_AufAufMeinHerzMitFreuden	chorale-bricks	Crueger_AufAufMeinHerzMitFreuden	data/chorale-bricks/Crueger_AufAufMeinHerzMitFreuden	2	"[""0"", ""1"", ""3"", ""4""]"	"[""3"", ""1"", ""0"", ""4""]"	visual	visual.short.png	data/chorale-bricks/Crueger_AufAufMeinHerzMitFreuden/visual.short.png	2	"[""2"", ""none of the other options is correct"", ""3"", ""1"", ""0""]"	0.2	0	"[""A"", ""B"", ""C"", ""D"", ""E""]"	"{""A"": ""2"", ""B"": ""1"", ""C"": ""none of the other options is correct"", ""D"": ""3"", ""E"": ""0""}"	"[""(A) 2"", ""(B) 1"", ""(C) none of the other options is correct"", ""(D) 3"", ""(E) 0""]"	(A) 2	A
da2deea6-f0a6-583d-88c7-b7153ac5a496	8	perception	rhythm	relative	rhythm-relative	proportion-recognition		rhythm pattern statistics	How many rhythmic figures with a strict {rhythm_proportion} proportionality are there in the {voice} line?	"[""rhythm_proportion"", ""voice""]"	get_rhythm_pattern_count		rhythm	"{""rhythm_proportion"": ""1:1"", ""voice"": ""soprano""}"	How many rhythmic figures with a strict 1:1 proportionality are there in the soprano line?	Drese_JesuGehVoran	chorale-bricks	Drese_JesuGehVoran	data/chorale-bricks/Drese_JesuGehVoran	16	"[""0"", ""1"", ""2"", ""3""]"	"[""3"", ""2"", ""0"", ""1""]"	audio	audio.mastermix.wav	data/chorale-bricks/Drese_JesuGehVoran/audio.mastermix.wav	none of the other options is correct	"[""none of the other options is correct"", ""3"", ""2"", ""0"", ""1""]"	0.2	1	"[""A"", ""B"", ""C"", ""D"", ""E""]"	"{""A"": ""1"", ""B"": ""2"", ""C"": ""none of the other options is correct"", ""D"": ""3"", ""E"": ""0""}"	"[""(A) 1"", ""(B) 2"", ""(C) none of the other options is correct"", ""(D) 3"", ""(E) 0""]"	(C) none of the other options is correct	C
a0f774c6-8db6-53bd-8220-72d59ddeb8c7	8	perception	rhythm	relative	rhythm-relative	proportion-recognition		rhythm pattern statistics	How many rhythmic figures with a strict {rhythm_proportion} proportionality are there in the {voice} line?	"[""rhythm_proportion"", ""voice""]"	get_rhythm_pattern_count		rhythm	"{""rhythm_proportion"": ""1:1"", ""voice"": ""soprano""}"	How many rhythmic figures with a strict 1:1 proportionality are there in the soprano line?	Drese_JesuGehVoran	chorale-bricks	Drese_JesuGehVoran	data/chorale-bricks/Drese_JesuGehVoran	16	"[""0"", ""1"", ""2"", ""3""]"	"[""3"", ""2"", ""0"", ""1""]"	symbolic	symbolic.abc.txt	data/chorale-bricks/Drese_JesuGehVoran/symbolic.abc.txt	16	"[""16"", ""none of the other options is correct"", ""3"", ""2"", ""0""]"	0.2	0	"[""A"", ""B"", ""C"", ""D"", ""E""]"	"{""A"": ""3"", ""B"": ""none of the other options is correct"", ""C"": ""2"", ""D"": ""0"", ""E"": ""16""}"	"[""(A) 3"", ""(B) none of the other options is correct"", ""(C) 2"", ""(D) 0"", ""(E) 16""]"	(E) 16	E
e39b3811-9421-59bd-af79-5ecdfab5fd40	8	perception	rhythm	relative	rhythm-relative	proportion-recognition		rhythm pattern statistics	How many rhythmic figures with a strict {rhythm_proportion} proportionality are there in the {voice} line?	"[""rhythm_proportion"", ""voice""]"	get_rhythm_pattern_count		rhythm	"{""rhythm_proportion"": ""1:1"", ""voice"": ""soprano""}"	How many rhythmic figures with a strict 1:1 proportionality are there in the soprano line?	Drese_JesuGehVoran	chorale-bricks	Drese_JesuGehVoran	data/chorale-bricks/Drese_JesuGehVoran	16	"[""0"", ""1"", ""2"", ""3""]"	"[""3"", ""2"", ""0"", ""1""]"	visual	visual.short.png	data/chorale-bricks/Drese_JesuGehVoran/visual.short.png	16	"[""16"", ""none of the other options is correct"", ""3"", ""2"", ""0""]"	0.2	0	"[""A"", ""B"", ""C"", ""D"", ""E""]"	"{""A"": ""16"", ""B"": ""none of the other options is correct"", ""C"": ""3"", ""D"": ""2"", ""E"": ""0""}"	"[""(A) 16"", ""(B) none of the other options is correct"", ""(C) 3"", ""(D) 2"", ""(E) 0""]"	(A) 16	A
c977bbcc-bd3a-5ac1-8afb-055d573f421b	8	perception	rhythm	relative	rhythm-relative	proportion-recognition		rhythm pattern statistics	How many rhythmic figures with a strict {rhythm_proportion} proportionality are there in the {voice} line?	"[""rhythm_proportion"", ""voice""]"	get_rhythm_pattern_count		rhythm	"{""rhythm_proportion"": ""3:1"", ""voice"": ""tenor""}"	How many rhythmic figures with a strict 3:1 proportionality are there in the tenor line?	Vulpius_ChristusDerIstMeinLeben	chorale-bricks	Vulpius_ChristusDerIstMeinLeben	data/chorale-bricks/Vulpius_ChristusDerIstMeinLeben	2	"[""0"", ""1"", ""3"", ""4""]"	"[""3"", ""1"", ""4"", ""0""]"	audio	audio.mastermix.wav	data/chorale-bricks/Vulpius_ChristusDerIstMeinLeben/audio.mastermix.wav	2	"[""2"", ""none of the other options is correct"", ""3"", ""1"", ""4""]"	0.2	0	"[""A"", ""B"", ""C"", ""D"", ""E""]"	"{""A"": ""1"", ""B"": ""none of the other options is correct"", ""C"": ""2"", ""D"": ""3"", ""E"": ""4""}"	"[""(A) 1"", ""(B) none of the other options is correct"", ""(C) 2"", ""(D) 3"", ""(E) 4""]"	(C) 2	C
1cf9ae83-4fc8-5c2b-8876-a500a876fd8b	8	perception	rhythm	relative	rhythm-relative	proportion-recognition		rhythm pattern statistics	How many rhythmic figures with a strict {rhythm_proportion} proportionality are there in the {voice} line?	"[""rhythm_proportion"", ""voice""]"	get_rhythm_pattern_count		rhythm	"{""rhythm_proportion"": ""3:1"", ""voice"": ""tenor""}"	How many rhythmic figures with a strict 3:1 proportionality are there in the tenor line?	Vulpius_ChristusDerIstMeinLeben	chorale-bricks	Vulpius_ChristusDerIstMeinLeben	data/chorale-bricks/Vulpius_ChristusDerIstMeinLeben	2	"[""0"", ""1"", ""3"", ""4""]"	"[""3"", ""1"", ""4"", ""0""]"	symbolic	symbolic.abc.txt	data/chorale-bricks/Vulpius_ChristusDerIstMeinLeben/symbolic.abc.txt	2	"[""2"", ""none of the other options is correct"", ""3"", ""1"", ""4""]"	0.2	0	"[""A"", ""B"", ""C"", ""D"", ""E""]"	"{""A"": ""1"", ""B"": ""4"", ""C"": ""2"", ""D"": ""3"", ""E"": ""none of the other options is correct""}"	"[""(A) 1"", ""(B) 4"", ""(C) 2"", ""(D) 3"", ""(E) none of the other options is correct""]"	(C) 2	C
76221dfe-4a52-516d-bbda-df157578ccd0	8	perception	rhythm	relative	rhythm-relative	proportion-recognition		rhythm pattern statistics	How many rhythmic figures with a strict {rhythm_proportion} proportionality are there in the {voice} line?	"[""rhythm_proportion"", ""voice""]"	get_rhythm_pattern_count		rhythm	"{""rhythm_proportion"": ""3:1"", ""voice"": ""tenor""}"	How many rhythmic figures with a strict 3:1 proportionality are there in the tenor line?	Vulpius_ChristusDerIstMeinLeben	chorale-bricks	Vulpius_ChristusDerIstMeinLeben	data/chorale-bricks/Vulpius_ChristusDerIstMeinLeben	2	"[""0"", ""1"", ""3"", ""4""]"	"[""3"", ""1"", ""4"", ""0""]"	visual	visual.short.png	data/chorale-bricks/Vulpius_ChristusDerIstMeinLeben/visual.short.png	2	"[""2"", ""none of the other options is correct"", ""3"", ""1"", ""4""]"	0.2	0	"[""A"", ""B"", ""C"", ""D"", ""E""]"	"{""A"": ""1"", ""B"": ""none of the other options is correct"", ""C"": ""2"", ""D"": ""4"", ""E"": ""3""}"	"[""(A) 1"", ""(B) none of the other options is correct"", ""(C) 2"", ""(D) 4"", ""(E) 3""]"	(C) 2	C
07fba014-4f52-581d-a5d8-3d6fa409f23c	8	perception	rhythm	relative	rhythm-relative	proportion-recognition		rhythm pattern statistics	How many rhythmic figures with a strict {rhythm_proportion} proportionality are there in the {voice} line?	"[""rhythm_proportion"", ""voice""]"	get_rhythm_pattern_count		rhythm	"{""rhythm_proportion"": ""1:2"", ""voice"": ""bass""}"	How many rhythmic figures with a strict 1:2 proportionality are there in the bass line?	Bach_IchStehAnDeinerKrippe	chorale-bricks	Bach_IchStehAnDeinerKrippe	data/chorale-bricks/Bach_IchStehAnDeinerKrippe	7	"[""1"", ""2"", ""3"", ""4""]"	"[""2"", ""1"", ""3"", ""4""]"	audio	audio.mastermix.wav	data/chorale-bricks/Bach_IchStehAnDeinerKrippe/audio.mastermix.wav	7	"[""7"", ""none of the other options is correct"", ""2"", ""1"", ""3""]"	0.2	0	"[""A"", ""B"", ""C"", ""D"", ""E""]"	"{""A"": ""1"", ""B"": ""none of the other options is correct"", ""C"": ""2"", ""D"": ""3"", ""E"": ""7""}"	"[""(A) 1"", ""(B) none of the other options is correct"", ""(C) 2"", ""(D) 3"", ""(E) 7""]"	(E) 7	E
1897dfac-2865-5785-bcdc-f867763ab48b	8	perception	rhythm	relative	rhythm-relative	proportion-recognition		rhythm pattern statistics	How many rhythmic figures with a strict {rhythm_proportion} proportionality are there in the {voice} line?	"[""rhythm_proportion"", ""voice""]"	get_rhythm_pattern_count		rhythm	"{""rhythm_proportion"": ""1:2"", ""voice"": ""bass""}"	How many rhythmic figures with a strict 1:2 proportionality are there in the bass line?	Bach_IchStehAnDeinerKrippe	chorale-bricks	Bach_IchStehAnDeinerKrippe	data/chorale-bricks/Bach_IchStehAnDeinerKrippe	7	"[""1"", ""2"", ""3"", ""4""]"	"[""2"", ""1"", ""3"", ""4""]"	symbolic	symbolic.abc.txt	data/chorale-bricks/Bach_IchStehAnDeinerKrippe/symbolic.abc.txt	7	"[""7"", ""none of the other options is correct"", ""2"", ""1"", ""3""]"	0.2	0	"[""A"", ""B"", ""C"", ""D"", ""E""]"	"{""A"": ""3"", ""B"": ""2"", ""C"": ""1"", ""D"": ""none of the other options is correct"", ""E"": ""7""}"	"[""(A) 3"", ""(B) 2"", ""(C) 1"", ""(D) none of the other options is correct"", ""(E) 7""]"	(E) 7	E
8a5d4479-f224-57e5-b80f-e62ef1b73d07	8	perception	rhythm	relative	rhythm-relative	proportion-recognition		rhythm pattern statistics	How many rhythmic figures with a strict {rhythm_proportion} proportionality are there in the {voice} line?	"[""rhythm_proportion"", ""voice""]"	get_rhythm_pattern_count		rhythm	"{""rhythm_proportion"": ""1:2"", ""voice"": ""bass""}"	How many rhythmic figures with a strict 1:2 proportionality are there in the bass line?	Bach_IchStehAnDeinerKrippe	chorale-bricks	Bach_IchStehAnDeinerKrippe	data/chorale-bricks/Bach_IchStehAnDeinerKrippe	7	"[""1"", ""2"", ""3"", ""4""]"	"[""2"", ""1"", ""3"", ""4""]"	visual	visual.short.png	data/chorale-bricks/Bach_IchStehAnDeinerKrippe/visual.short.png	7	"[""7"", ""none of the other options is correct"", ""2"", ""1"", ""3""]"	0.2	0	"[""A"", ""B"", ""C"", ""D"", ""E""]"	"{""A"": ""none of the other options is correct"", ""B"": ""3"", ""C"": ""1"", ""D"": ""7"", ""E"": ""2""}"	"[""(A) none of the other options is correct"", ""(B) 3"", ""(C) 1"", ""(D) 7"", ""(E) 2""]"	(D) 7	D
b2dbd420-ec9c-5688-a96a-a2f3267fa82d	8	perception	rhythm	relative	rhythm-relative	proportion-recognition		rhythm pattern statistics	How many rhythmic figures with a strict {rhythm_proportion} proportionality are there in the {voice} line?	"[""rhythm_proportion"", ""voice""]"	get_rhythm_pattern_count		rhythm	"{""rhythm_proportion"": ""2:1"", ""voice"": ""bass""}"	How many rhythmic figures with a strict 2:1 proportionality are there in the bass line?	Gesius_DuFriedensfuerstHerrJesuChrist	chorale-bricks	Gesius_DuFriedensfuerstHerrJesuChrist	data/chorale-bricks/Gesius_DuFriedensfuerstHerrJesuChrist	6	"[""1"", ""2"", ""3"", ""4""]"	"[""3"", ""1"", ""4"", ""2""]"	audio	audio.mastermix.wav	data/chorale-bricks/Gesius_DuFriedensfuerstHerrJesuChrist/audio.mastermix.wav	6	"[""6"", ""none of the other options is correct"", ""3"", ""1"", ""4""]"	0.2	0	"[""A"", ""B"", ""C"", ""D"", ""E""]"	"{""A"": ""3"", ""B"": ""1"", ""C"": ""none of the other options is correct"", ""D"": ""4"", ""E"": ""6""}"	"[""(A) 3"", ""(B) 1"", ""(C) none of the other options is correct"", ""(D) 4"", ""(E) 6""]"	(E) 6	E
63cac890-0e87-5011-b62b-d94f8296d26a	8	perception	rhythm	relative	rhythm-relative	proportion-recognition		rhythm pattern statistics	How many rhythmic figures with a strict {rhythm_proportion} proportionality are there in the {voice} line?	"[""rhythm_proportion"", ""voice""]"	get_rhythm_pattern_count		rhythm	"{""rhythm_proportion"": ""2:1"", ""voice"": ""bass""}"	How many rhythmic figures with a strict 2:1 proportionality are there in the bass line?	Gesius_DuFriedensfuerstHerrJesuChrist	chorale-bricks	Gesius_DuFriedensfuerstHerrJesuChrist	data/chorale-bricks/Gesius_DuFriedensfuerstHerrJesuChrist	6	"[""1"", ""2"", ""3"", ""4""]"	"[""3"", ""1"", ""4"", ""2""]"	symbolic	symbolic.abc.txt	data/chorale-bricks/Gesius_DuFriedensfuerstHerrJesuChrist/symbolic.abc.txt	6	"[""6"", ""none of the other options is correct"", ""3"", ""1"", ""4""]"	0.2	0	"[""A"", ""B"", ""C"", ""D"", ""E""]"	"{""A"": ""6"", ""B"": ""1"", ""C"": ""4"", ""D"": ""3"", ""E"": ""none of the other options is correct""}"	"[""(A) 6"", ""(B) 1"", ""(C) 4"", ""(D) 3"", ""(E) none of the other options is correct""]"	(A) 6	A
b57904e5-2a59-5506-971c-1ef4facb5e19	8	perception	rhythm	relative	rhythm-relative	proportion-recognition		rhythm pattern statistics	How many rhythmic figures with a strict {rhythm_proportion} proportionality are there in the {voice} line?	"[""rhythm_proportion"", ""voice""]"	get_rhythm_pattern_count		rhythm	"{""rhythm_proportion"": ""2:1"", ""voice"": ""bass""}"	How many rhythmic figures with a strict 2:1 proportionality are there in the bass line?	Gesius_DuFriedensfuerstHerrJesuChrist	chorale-bricks	Gesius_DuFriedensfuerstHerrJesuChrist	data/chorale-bricks/Gesius_DuFriedensfuerstHerrJesuChrist	6	"[""1"", ""2"", ""3"", ""4""]"	"[""3"", ""1"", ""4"", ""2""]"	visual	visual.short.png	data/chorale-bricks/Gesius_DuFriedensfuerstHerrJesuChrist/visual.short.png	none of the other options is correct	"[""none of the other options is correct"", ""3"", ""1"", ""4"", ""2""]"	0.2	1	"[""A"", ""B"", ""C"", ""D"", ""E""]"	"{""A"": ""1"", ""B"": ""3"", ""C"": ""4"", ""D"": ""none of the other options is correct"", ""E"": ""2""}"	"[""(A) 1"", ""(B) 3"", ""(C) 4"", ""(D) none of the other options is correct"", ""(E) 2""]"	(D) none of the other options is correct	D
66d99ec6-5bbb-5e80-863a-f03fe3db967e	8	perception	rhythm	relative	rhythm-relative	proportion-recognition		rhythm pattern statistics	How many rhythmic figures with a strict {rhythm_proportion} proportionality are there in the {voice} line?	"[""rhythm_proportion"", ""voice""]"	get_rhythm_pattern_count		rhythm	"{""rhythm_proportion"": ""2:1"", ""voice"": ""bass""}"	How many rhythmic figures with a strict 2:1 proportionality are there in the bass line?	Telemann_DerLiebenSonneLichtUndPracht	chorale-bricks	Telemann_DerLiebenSonneLichtUndPracht	data/chorale-bricks/Telemann_DerLiebenSonneLichtUndPracht	3	"[""0"", ""1"", ""2"", ""4""]"	"[""4"", ""0"", ""1"", ""2""]"	audio	audio.mastermix.wav	data/chorale-bricks/Telemann_DerLiebenSonneLichtUndPracht/audio.mastermix.wav	none of the other options is correct	"[""none of the other options is correct"", ""4"", ""0"", ""1"", ""2""]"	0.2	1	"[""A"", ""B"", ""C"", ""D"", ""E""]"	"{""A"": ""1"", ""B"": ""4"", ""C"": ""2"", ""D"": ""0"", ""E"": ""none of the other options is correct""}"	"[""(A) 1"", ""(B) 4"", ""(C) 2"", ""(D) 0"", ""(E) none of the other options is correct""]"	(E) none of the other options is correct	E
b8f48144-3a75-5889-a3f0-603f1cb61259	8	perception	rhythm	relative	rhythm-relative	proportion-recognition		rhythm pattern statistics	How many rhythmic figures with a strict {rhythm_proportion} proportionality are there in the {voice} line?	"[""rhythm_proportion"", ""voice""]"	get_rhythm_pattern_count		rhythm	"{""rhythm_proportion"": ""2:1"", ""voice"": ""bass""}"	How many rhythmic figures with a strict 2:1 proportionality are there in the bass line?	Telemann_DerLiebenSonneLichtUndPracht	chorale-bricks	Telemann_DerLiebenSonneLichtUndPracht	data/chorale-bricks/Telemann_DerLiebenSonneLichtUndPracht	3	"[""0"", ""1"", ""2"", ""4""]"	"[""4"", ""0"", ""1"", ""2""]"	symbolic	symbolic.abc.txt	data/chorale-bricks/Telemann_DerLiebenSonneLichtUndPracht/symbolic.abc.txt	none of the other options is correct	"[""none of the other options is correct"", ""4"", ""0"", ""1"", ""2""]"	0.2	1	"[""A"", ""B"", ""C"", ""D"", ""E""]"	"{""A"": ""1"", ""B"": ""0"", ""C"": ""2"", ""D"": ""4"", ""E"": ""none of the other options is correct""}"	"[""(A) 1"", ""(B) 0"", ""(C) 2"", ""(D) 4"", ""(E) none of the other options is correct""]"	(E) none of the other options is correct	E
b808fe79-3c62-5fc2-acd8-618a6e20dc53	8	perception	rhythm	relative	rhythm-relative	proportion-recognition		rhythm pattern statistics	How many rhythmic figures with a strict {rhythm_proportion} proportionality are there in the {voice} line?	"[""rhythm_proportion"", ""voice""]"	get_rhythm_pattern_count		rhythm	"{""rhythm_proportion"": ""2:1"", ""voice"": ""bass""}"	How many rhythmic figures with a strict 2:1 proportionality are there in the bass line?	Telemann_DerLiebenSonneLichtUndPracht	chorale-bricks	Telemann_DerLiebenSonneLichtUndPracht	data/chorale-bricks/Telemann_DerLiebenSonneLichtUndPracht	3	"[""0"", ""1"", ""2"", ""4""]"	"[""4"", ""0"", ""1"", ""2""]"	visual	visual.short.png	data/chorale-bricks/Telemann_DerLiebenSonneLichtUndPracht/visual.short.png	3	"[""3"", ""none of the other options is correct"", ""4"", ""0"", ""1""]"	0.2	0	"[""A"", ""B"", ""C"", ""D"", ""E""]"	"{""A"": ""3"", ""B"": ""none of the other options is correct"", ""C"": ""4"", ""D"": ""1"", ""E"": ""0""}"	"[""(A) 3"", ""(B) none of the other options is correct"", ""(C) 4"", ""(D) 1"", ""(E) 0""]"	(A) 3	A
6b5eaf81-5a75-5840-a099-fdb0b10821f4	8	perception	rhythm	relative	rhythm-relative	proportion-recognition		rhythm pattern statistics	How many rhythmic figures with a strict {rhythm_proportion} proportionality are there in the {voice} line?	"[""rhythm_proportion"", ""voice""]"	get_rhythm_pattern_count		rhythm	"{""rhythm_proportion"": ""4:1"", ""voice"": ""tenor""}"	How many rhythmic figures with a strict 4:1 proportionality are there in the tenor line?	Vulpius_ChristusDerIstMeinLeben	chorale-bricks	Vulpius_ChristusDerIstMeinLeben	data/chorale-bricks/Vulpius_ChristusDerIstMeinLeben	0	"[""1"", ""2"", ""3"", ""4""]"	"[""2"", ""1"", ""4"", ""3""]"	audio	audio.mastermix.wav	data/chorale-bricks/Vulpius_ChristusDerIstMeinLeben/audio.mastermix.wav	0	"[""0"", ""none of the other options is correct"", ""2"", ""1"", ""4""]"	0.2	0	"[""A"", ""B"", ""C"", ""D"", ""E""]"	"{""A"": ""none of the other options is correct"", ""B"": ""0"", ""C"": ""4"", ""D"": ""2"", ""E"": ""1""}"	"[""(A) none of the other options is correct"", ""(B) 0"", ""(C) 4"", ""(D) 2"", ""(E) 1""]"	(B) 0	B
e35561af-b768-54f3-87fb-bad825715839	8	perception	rhythm	relative	rhythm-relative	proportion-recognition		rhythm pattern statistics	How many rhythmic figures with a strict {rhythm_proportion} proportionality are there in the {voice} line?	"[""rhythm_proportion"", ""voice""]"	get_rhythm_pattern_count		rhythm	"{""rhythm_proportion"": ""4:1"", ""voice"": ""tenor""}"	How many rhythmic figures with a strict 4:1 proportionality are there in the tenor line?	Vulpius_ChristusDerIstMeinLeben	chorale-bricks	Vulpius_ChristusDerIstMeinLeben	data/chorale-bricks/Vulpius_ChristusDerIstMeinLeben	0	"[""1"", ""2"", ""3"", ""4""]"	"[""2"", ""1"", ""4"", ""3""]"	symbolic	symbolic.abc.txt	data/chorale-bricks/Vulpius_ChristusDerIstMeinLeben/symbolic.abc.txt	0	"[""0"", ""none of the other options is correct"", ""2"", ""1"", ""4""]"	0.2	0	"[""A"", ""B"", ""C"", ""D"", ""E""]"	"{""A"": ""none of the other options is correct"", ""B"": ""4"", ""C"": ""1"", ""D"": ""2"", ""E"": ""0""}"	"[""(A) none of the other options is correct"", ""(B) 4"", ""(C) 1"", ""(D) 2"", ""(E) 0""]"	(E) 0	E
c2627c6a-c3ae-5da3-9a97-00ca8a29fb7d	8	perception	rhythm	relative	rhythm-relative	proportion-recognition		rhythm pattern statistics	How many rhythmic figures with a strict {rhythm_proportion} proportionality are there in the {voice} line?	"[""rhythm_proportion"", ""voice""]"	get_rhythm_pattern_count		rhythm	"{""rhythm_proportion"": ""4:1"", ""voice"": ""tenor""}"	How many rhythmic figures with a strict 4:1 proportionality are there in the tenor line?	Vulpius_ChristusDerIstMeinLeben	chorale-bricks	Vulpius_ChristusDerIstMeinLeben	data/chorale-bricks/Vulpius_ChristusDerIstMeinLeben	0	"[""1"", ""2"", ""3"", ""4""]"	"[""2"", ""1"", ""4"", ""3""]"	visual	visual.short.png	data/chorale-bricks/Vulpius_ChristusDerIstMeinLeben/visual.short.png	0	"[""0"", ""none of the other options is correct"", ""2"", ""1"", ""4""]"	0.2	0	"[""A"", ""B"", ""C"", ""D"", ""E""]"	"{""A"": ""2"", ""B"": ""0"", ""C"": ""4"", ""D"": ""1"", ""E"": ""none of the other options is correct""}"	"[""(A) 2"", ""(B) 0"", ""(C) 4"", ""(D) 1"", ""(E) none of the other options is correct""]"	(B) 0	B
4e2cd99a-e4ba-5b19-b4e8-aa60d82bdf41	8	perception	rhythm	relative	rhythm-relative	proportion-recognition		rhythm pattern statistics	How many rhythmic figures with a strict {rhythm_proportion} proportionality are there in the {voice} line?	"[""rhythm_proportion"", ""voice""]"	get_rhythm_pattern_count		rhythm	"{""rhythm_proportion"": ""1:2"", ""voice"": ""soprano""}"	How many rhythmic figures with a strict 1:2 proportionality are there in the soprano line?	Vulpius_ChristusDerIstMeinLeben	chorale-bricks	Vulpius_ChristusDerIstMeinLeben	data/chorale-bricks/Vulpius_ChristusDerIstMeinLeben	3	"[""0"", ""1"", ""2"", ""4""]"	"[""1"", ""0"", ""2"", ""4""]"	audio	audio.mastermix.wav	data/chorale-bricks/Vulpius_ChristusDerIstMeinLeben/audio.mastermix.wav	3	"[""3"", ""none of the other options is correct"", ""1"", ""0"", ""2""]"	0.2	0	"[""A"", ""B"", ""C"", ""D"", ""E""]"	"{""A"": ""1"", ""B"": ""3"", ""C"": ""none of the other options is correct"", ""D"": ""2"", ""E"": ""0""}"	"[""(A) 1"", ""(B) 3"", ""(C) none of the other options is correct"", ""(D) 2"", ""(E) 0""]"	(B) 3	B
232975ab-77ec-575c-bb60-bc85992c4cbb	8	perception	rhythm	relative	rhythm-relative	proportion-recognition		rhythm pattern statistics	How many rhythmic figures with a strict {rhythm_proportion} proportionality are there in the {voice} line?	"[""rhythm_proportion"", ""voice""]"	get_rhythm_pattern_count		rhythm	"{""rhythm_proportion"": ""1:2"", ""voice"": ""soprano""}"	How many rhythmic figures with a strict 1:2 proportionality are there in the soprano line?	Vulpius_ChristusDerIstMeinLeben	chorale-bricks	Vulpius_ChristusDerIstMeinLeben	data/chorale-bricks/Vulpius_ChristusDerIstMeinLeben	3	"[""0"", ""1"", ""2"", ""4""]"	"[""1"", ""0"", ""2"", ""4""]"	symbolic	symbolic.abc.txt	data/chorale-bricks/Vulpius_ChristusDerIstMeinLeben/symbolic.abc.txt	3	"[""3"", ""none of the other options is correct"", ""1"", ""0"", ""2""]"	0.2	0	"[""A"", ""B"", ""C"", ""D"", ""E""]"	"{""A"": ""1"", ""B"": ""none of the other options is correct"", ""C"": ""0"", ""D"": ""2"", ""E"": ""3""}"	"[""(A) 1"", ""(B) none of the other options is correct"", ""(C) 0"", ""(D) 2"", ""(E) 3""]"	(E) 3	E
e887ded5-94b3-54ca-b7fc-24287f093261	8	perception	rhythm	relative	rhythm-relative	proportion-recognition		rhythm pattern statistics	How many rhythmic figures with a strict {rhythm_proportion} proportionality are there in the {voice} line?	"[""rhythm_proportion"", ""voice""]"	get_rhythm_pattern_count		rhythm	"{""rhythm_proportion"": ""1:2"", ""voice"": ""soprano""}"	How many rhythmic figures with a strict 1:2 proportionality are there in the soprano line?	Vulpius_ChristusDerIstMeinLeben	chorale-bricks	Vulpius_ChristusDerIstMeinLeben	data/chorale-bricks/Vulpius_ChristusDerIstMeinLeben	3	"[""0"", ""1"", ""2"", ""4""]"	"[""1"", ""0"", ""2"", ""4""]"	visual	visual.short.png	data/chorale-bricks/Vulpius_ChristusDerIstMeinLeben/visual.short.png	3	"[""3"", ""none of the other options is correct"", ""1"", ""0"", ""2""]"	0.2	0	"[""A"", ""B"", ""C"", ""D"", ""E""]"	"{""A"": ""3"", ""B"": ""1"", ""C"": ""2"", ""D"": ""0"", ""E"": ""none of the other options is correct""}"	"[""(A) 3"", ""(B) 1"", ""(C) 2"", ""(D) 0"", ""(E) none of the other options is correct""]"	(A) 3	A
690ad15f-b8e4-5c07-bde4-388ed8994d65	9	perception	harmony	relative	harmony-relative	harmonic-recognition		tonality recognition	What is the {function} harmony of the primary key of this piece?	"[""function""]"	get_harmonic_tonality			"{""function"": ""tonic""}"	What is the tonic harmony of the primary key of this piece?	Vulpius_DieHelleSonnLeuchtJetztHerfuer	chorale-bricks	Vulpius_DieHelleSonnLeuchtJetztHerfuer	data/chorale-bricks/Vulpius_DieHelleSonnLeuchtJetztHerfuer	D major	"[""A"", ""B minor"", ""F#"", ""G""]"	"[""F#"", ""A"", ""G"", ""B minor""]"	audio	audio.mastermix.wav	data/chorale-bricks/Vulpius_DieHelleSonnLeuchtJetztHerfuer/audio.mastermix.wav	none of the other options is correct	"[""none of the other options is correct"", ""F#"", ""A"", ""G"", ""B minor""]"	0.2	1	"[""A"", ""B"", ""C"", ""D"", ""E""]"	"{""A"": ""G"", ""B"": ""none of the other options is correct"", ""C"": ""F#"", ""D"": ""B minor"", ""E"": ""A""}"	"[""(A) G"", ""(B) none of the other options is correct"", ""(C) F#"", ""(D) B minor"", ""(E) A""]"	(B) none of the other options is correct	B
14f88e1b-e741-56c7-965b-62ec46ff7d16	9	perception	harmony	relative	harmony-relative	harmonic-recognition		tonality recognition	What is the {function} harmony of the primary key of this piece?	"[""function""]"	get_harmonic_tonality			"{""function"": ""tonic""}"	What is the tonic harmony of the primary key of this piece?	Vulpius_DieHelleSonnLeuchtJetztHerfuer	chorale-bricks	Vulpius_DieHelleSonnLeuchtJetztHerfuer	data/chorale-bricks/Vulpius_DieHelleSonnLeuchtJetztHerfuer	D major	"[""A"", ""B minor"", ""F#"", ""G""]"	"[""F#"", ""A"", ""G"", ""B minor""]"	symbolic	symbolic.abc.txt	data/chorale-bricks/Vulpius_DieHelleSonnLeuchtJetztHerfuer/symbolic.abc.txt	D major	"[""D major"", ""none of the other options is correct"", ""F#"", ""A"", ""G""]"	0.2	0	"[""A"", ""B"", ""C"", ""D"", ""E""]"	"{""A"": ""F#"", ""B"": ""G"", ""C"": ""none of the other options is correct"", ""D"": ""A"", ""E"": ""D major""}"	"[""(A) F#"", ""(B) G"", ""(C) none of the other options is correct"", ""(D) A"", ""(E) D major""]"	(E) D major	E
d00e067f-cda9-572c-9ffd-af8f733eeeb2	9	perception	harmony	relative	harmony-relative	harmonic-recognition		tonality recognition	What is the {function} harmony of the primary key of this piece?	"[""function""]"	get_harmonic_tonality			"{""function"": ""tonic""}"	What is the tonic harmony of the primary key of this piece?	Vulpius_DieHelleSonnLeuchtJetztHerfuer	chorale-bricks	Vulpius_DieHelleSonnLeuchtJetztHerfuer	data/chorale-bricks/Vulpius_DieHelleSonnLeuchtJetztHerfuer	D major	"[""A"", ""B minor"", ""F#"", ""G""]"	"[""F#"", ""A"", ""G"", ""B minor""]"	visual	visual.short.png	data/chorale-bricks/Vulpius_DieHelleSonnLeuchtJetztHerfuer/visual.short.png	D major	"[""D major"", ""none of the other options is correct"", ""F#"", ""A"", ""G""]"	0.2	0	"[""A"", ""B"", ""C"", ""D"", ""E""]"	"{""A"": ""F#"", ""B"": ""D major"", ""C"": ""A"", ""D"": ""none of the other options is correct"", ""E"": ""G""}"	"[""(A) F#"", ""(B) D major"", ""(C) A"", ""(D) none of the other options is correct"", ""(E) G""]"	(B) D major	B
72613a15-1496-5382-b797-fa3f341c688f	9	perception	harmony	relative	harmony-relative	harmonic-recognition		tonality recognition	What is the {function} harmony of the primary key of this piece?	"[""function""]"	get_harmonic_tonality			"{""function"": ""tonic""}"	What is the tonic harmony of the primary key of this piece?	Vulpius_ChristusDerIstMeinLeben	chorale-bricks	Vulpius_ChristusDerIstMeinLeben	data/chorale-bricks/Vulpius_ChristusDerIstMeinLeben	D major	"[""A"", ""B minor"", ""E- minor"", ""F""]"	"[""B minor"", ""E- minor"", ""A"", ""F""]"	audio	audio.mastermix.wav	data/chorale-bricks/Vulpius_ChristusDerIstMeinLeben/audio.mastermix.wav	D major	"[""D major"", ""none of the other options is correct"", ""B minor"", ""E- minor"", ""A""]"	0.2	0	"[""A"", ""B"", ""C"", ""D"", ""E""]"	"{""A"": ""B minor"", ""B"": ""D major"", ""C"": ""A"", ""D"": ""E- minor"", ""E"": ""none of the other options is correct""}"	"[""(A) B minor"", ""(B) D major"", ""(C) A"", ""(D) E- minor"", ""(E) none of the other options is correct""]"	(B) D major	B
948e61cf-494c-5dee-a738-c3c5b987c9c4	9	perception	harmony	relative	harmony-relative	harmonic-recognition		tonality recognition	What is the {function} harmony of the primary key of this piece?	"[""function""]"	get_harmonic_tonality			"{""function"": ""tonic""}"	What is the tonic harmony of the primary key of this piece?	Vulpius_ChristusDerIstMeinLeben	chorale-bricks	Vulpius_ChristusDerIstMeinLeben	data/chorale-bricks/Vulpius_ChristusDerIstMeinLeben	D major	"[""A"", ""B minor"", ""E- minor"", ""F""]"	"[""B minor"", ""E- minor"", ""A"", ""F""]"	symbolic	symbolic.abc.txt	data/chorale-bricks/Vulpius_ChristusDerIstMeinLeben/symbolic.abc.txt	D major	"[""D major"", ""none of the other options is correct"", ""B minor"", ""E- minor"", ""A""]"	0.2	0	"[""A"", ""B"", ""C"", ""D"", ""E""]"	"{""A"": ""D major"", ""B"": ""E- minor"", ""C"": ""A"", ""D"": ""none of the other options is correct"", ""E"": ""B minor""}"	"[""(A) D major"", ""(B) E- minor"", ""(C) A"", ""(D) none of the other options is correct"", ""(E) B minor""]"	(A) D major	A
489abf00-3435-5f35-92d2-64bc23ea637c	9	perception	harmony	relative	harmony-relative	harmonic-recognition		tonality recognition	What is the {function} harmony of the primary key of this piece?	"[""function""]"	get_harmonic_tonality			"{""function"": ""tonic""}"	What is the tonic harmony of the primary key of this piece?	Vulpius_ChristusDerIstMeinLeben	chorale-bricks	Vulpius_ChristusDerIstMeinLeben	data/chorale-bricks/Vulpius_ChristusDerIstMeinLeben	D major	"[""A"", ""B minor"", ""E- minor"", ""F""]"	"[""B minor"", ""E- minor"", ""A"", ""F""]"	visual	visual.short.png	data/chorale-bricks/Vulpius_ChristusDerIstMeinLeben/visual.short.png	D major	"[""D major"", ""none of the other options is correct"", ""B minor"", ""E- minor"", ""A""]"	0.2	0	"[""A"", ""B"", ""C"", ""D"", ""E""]"	"{""A"": ""none of the other options is correct"", ""B"": ""B minor"", ""C"": ""D major"", ""D"": ""E- minor"", ""E"": ""A""}"	"[""(A) none of the other options is correct"", ""(B) B minor"", ""(C) D major"", ""(D) E- minor"", ""(E) A""]"	(C) D major	C
cc49919b-6df2-5bd1-bc2e-ddc8b2a7e7d6	9	perception	harmony	relative	harmony-relative	harmonic-recognition		tonality recognition	What is the {function} harmony of the primary key of this piece?	"[""function""]"	get_harmonic_tonality			"{""function"": ""relative minor/major""}"	What is the relative minor/major harmony of the primary key of this piece?	Jan_DuGrosserSchmerzensmann	chorale-bricks	Jan_DuGrosserSchmerzensmann	data/chorale-bricks/Jan_DuGrosserSchmerzensmann	G major	"[""B"", ""C major"", ""E minor"", ""F#""]"	"[""E minor"", ""B"", ""F#"", ""C major""]"	audio	audio.mastermix.wav	data/chorale-bricks/Jan_DuGrosserSchmerzensmann/audio.mastermix.wav	G major	"[""G major"", ""none of the other options is correct"", ""E minor"", ""B"", ""F#""]"	0.2	0	"[""A"", ""B"", ""C"", ""D"", ""E""]"	"{""A"": ""F#"", ""B"": ""E minor"", ""C"": ""none of the other options is correct"", ""D"": ""B"", ""E"": ""G major""}"	"[""(A) F#"", ""(B) E minor"", ""(C) none of the other options is correct"", ""(D) B"", ""(E) G major""]"	(E) G major	E
e5f7f5d9-80e8-525f-9498-9157c1db21e0	9	perception	harmony	relative	harmony-relative	harmonic-recognition		tonality recognition	What is the {function} harmony of the primary key of this piece?	"[""function""]"	get_harmonic_tonality			"{""function"": ""relative minor/major""}"	What is the relative minor/major harmony of the primary key of this piece?	Jan_DuGrosserSchmerzensmann	chorale-bricks	Jan_DuGrosserSchmerzensmann	data/chorale-bricks/Jan_DuGrosserSchmerzensmann	G major	"[""B"", ""C major"", ""E minor"", ""F#""]"	"[""E minor"", ""B"", ""F#"", ""C major""]"	symbolic	symbolic.abc.txt	data/chorale-bricks/Jan_DuGrosserSchmerzensmann/symbolic.abc.txt	G major	"[""G major"", ""none of the other options is correct"", ""E minor"", ""B"", ""F#""]"	0.2	0	"[""A"", ""B"", ""C"", ""D"", ""E""]"	"{""A"": ""B"", ""B"": ""G major"", ""C"": ""none of the other options is correct"", ""D"": ""E minor"", ""E"": ""F#""}"	"[""(A) B"", ""(B) G major"", ""(C) none of the other options is correct"", ""(D) E minor"", ""(E) F#""]"	(B) G major	B
e1500963-ce7f-5947-ad4e-8253ea368049	9	perception	harmony	relative	harmony-relative	harmonic-recognition		tonality recognition	What is the {function} harmony of the primary key of this piece?	"[""function""]"	get_harmonic_tonality			"{""function"": ""relative minor/major""}"	What is the relative minor/major harmony of the primary key of this piece?	Jan_DuGrosserSchmerzensmann	chorale-bricks	Jan_DuGrosserSchmerzensmann	data/chorale-bricks/Jan_DuGrosserSchmerzensmann	G major	"[""B"", ""C major"", ""E minor"", ""F#""]"	"[""E minor"", ""B"", ""F#"", ""C major""]"	visual	visual.short.png	data/chorale-bricks/Jan_DuGrosserSchmerzensmann/visual.short.png	G major	"[""G major"", ""none of the other options is correct"", ""E minor"", ""B"", ""F#""]"	0.2	0	"[""A"", ""B"", ""C"", ""D"", ""E""]"	"{""A"": ""E minor"", ""B"": ""G major"", ""C"": ""none of the other options is correct"", ""D"": ""B"", ""E"": ""F#""}"	"[""(A) E minor"", ""(B) G major"", ""(C) none of the other options is correct"", ""(D) B"", ""(E) F#""]"	(B) G major	B
f8902768-f83a-54bb-8666-ebd98785f1a4	9	perception	harmony	relative	harmony-relative	harmonic-recognition		tonality recognition	What is the {function} harmony of the primary key of this piece?	"[""function""]"	get_harmonic_tonality			"{""function"": ""relative minor/major""}"	What is the relative minor/major harmony of the primary key of this piece?	Gesius_BefiehlDuDeineWege	chorale-bricks	Gesius_BefiehlDuDeineWege	data/chorale-bricks/Gesius_BefiehlDuDeineWege	F major	"[""A"", ""D minor"", ""E major"", ""F#""]"	"[""D minor"", ""A"", ""E major"", ""F#""]"	audio	audio.mastermix.wav	data/chorale-bricks/Gesius_BefiehlDuDeineWege/audio.mastermix.wav	F major	"[""F major"", ""none of the other options is correct"", ""D minor"", ""A"", ""E major""]"	0.2	0	"[""A"", ""B"", ""C"", ""D"", ""E""]"	"{""A"": ""A"", ""B"": ""none of the other options is correct"", ""C"": ""F major"", ""D"": ""D minor"", ""E"": ""E major""}"	"[""(A) A"", ""(B) none of the other options is correct"", ""(C) F major"", ""(D) D minor"", ""(E) E major""]"	(C) F major	C
abaa50f8-042a-5caf-8927-1b2de9c8ba74	9	perception	harmony	relative	harmony-relative	harmonic-recognition		tonality recognition	What is the {function} harmony of the primary key of this piece?	"[""function""]"	get_harmonic_tonality			"{""function"": ""relative minor/major""}"	What is the relative minor/major harmony of the primary key of this piece?	Gesius_BefiehlDuDeineWege	chorale-bricks	Gesius_BefiehlDuDeineWege	data/chorale-bricks/Gesius_BefiehlDuDeineWege	F major	"[""A"", ""D minor"", ""E major"", ""F#""]"	"[""D minor"", ""A"", ""E major"", ""F#""]"	symbolic	symbolic.abc.txt	data/chorale-bricks/Gesius_BefiehlDuDeineWege/symbolic.abc.txt	F major	"[""F major"", ""none of the other options is correct"", ""D minor"", ""A"", ""E major""]"	0.2	0	"[""A"", ""B"", ""C"", ""D"", ""E""]"	"{""A"": ""A"", ""B"": ""F major"", ""C"": ""E major"", ""D"": ""D minor"", ""E"": ""none of the other options is correct""}"	"[""(A) A"", ""(B) F major"", ""(C) E major"", ""(D) D minor"", ""(E) none of the other options is correct""]"	(B) F major	B
9457fbb4-9da7-57c1-bb70-fb66e701dd6e	9	perception	harmony	relative	harmony-relative	harmonic-recognition		tonality recognition	What is the {function} harmony of the primary key of this piece?	"[""function""]"	get_harmonic_tonality			"{""function"": ""relative minor/major""}"	What is the relative minor/major harmony of the primary key of this piece?	Gesius_BefiehlDuDeineWege	chorale-bricks	Gesius_BefiehlDuDeineWege	data/chorale-bricks/Gesius_BefiehlDuDeineWege	F major	"[""A"", ""D minor"", ""E major"", ""F#""]"	"[""D minor"", ""A"", ""E major"", ""F#""]"	visual	visual.short.png	data/chorale-bricks/Gesius_BefiehlDuDeineWege/visual.short.png	F major	"[""F major"", ""none of the other options is correct"", ""D minor"", ""A"", ""E major""]"	0.2	0	"[""A"", ""B"", ""C"", ""D"", ""E""]"	"{""A"": ""E major"", ""B"": ""F major"", ""C"": ""D minor"", ""D"": ""none of the other options is correct"", ""E"": ""A""}"	"[""(A) E major"", ""(B) F major"", ""(C) D minor"", ""(D) none of the other options is correct"", ""(E) A""]"	(B) F major	B
393dcd08-bf69-5054-9f80-3adb6c222a39	9	perception	harmony	relative	harmony-relative	harmonic-recognition		tonality recognition	What is the {function} harmony of the primary key of this piece?	"[""function""]"	get_harmonic_tonality			"{""function"": ""relative minor/major""}"	What is the relative minor/major harmony of the primary key of this piece?	Telemann_DerLiebenSonneLichtUndPracht	chorale-bricks	Telemann_DerLiebenSonneLichtUndPracht	data/chorale-bricks/Telemann_DerLiebenSonneLichtUndPracht	E minor	"[""B- major"", ""D"", ""E-"", ""G major""]"	"[""B- major"", ""E-"", ""G major"", ""D""]"	audio	audio.mastermix.wav	data/chorale-bricks/Telemann_DerLiebenSonneLichtUndPracht/audio.mastermix.wav	E minor	"[""E minor"", ""none of the other options is correct"", ""B- major"", ""E-"", ""G major""]"	0.2	0	"[""A"", ""B"", ""C"", ""D"", ""E""]"	"{""A"": ""none of the other options is correct"", ""B"": ""G major"", ""C"": ""B- major"", ""D"": ""E minor"", ""E"": ""E-""}"	"[""(A) none of the other options is correct"", ""(B) G major"", ""(C) B- major"", ""(D) E minor"", ""(E) E-""]"	(D) E minor	D
94bd04aa-86dc-5705-84c8-010a7c8103df	9	perception	harmony	relative	harmony-relative	harmonic-recognition		tonality recognition	What is the {function} harmony of the primary key of this piece?	"[""function""]"	get_harmonic_tonality			"{""function"": ""relative minor/major""}"	What is the relative minor/major harmony of the primary key of this piece?	Telemann_DerLiebenSonneLichtUndPracht	chorale-bricks	Telemann_DerLiebenSonneLichtUndPracht	data/chorale-bricks/Telemann_DerLiebenSonneLichtUndPracht	E minor	"[""B- major"", ""D"", ""E-"", ""G major""]"	"[""B- major"", ""E-"", ""G major"", ""D""]"	symbolic	symbolic.abc.txt	data/chorale-bricks/Telemann_DerLiebenSonneLichtUndPracht/symbolic.abc.txt	E minor	"[""E minor"", ""none of the other options is correct"", ""B- major"", ""E-"", ""G major""]"	0.2	0	"[""A"", ""B"", ""C"", ""D"", ""E""]"	"{""A"": ""none of the other options is correct"", ""B"": ""B- major"", ""C"": ""E minor"", ""D"": ""E-"", ""E"": ""G major""}"	"[""(A) none of the other options is correct"", ""(B) B- major"", ""(C) E minor"", ""(D) E-"", ""(E) G major""]"	(C) E minor	C
2f8ba4dc-bcfd-5cdc-ba2f-5681c6b8b5a0	9	perception	harmony	relative	harmony-relative	harmonic-recognition		tonality recognition	What is the {function} harmony of the primary key of this piece?	"[""function""]"	get_harmonic_tonality			"{""function"": ""relative minor/major""}"	What is the relative minor/major harmony of the primary key of this piece?	Telemann_DerLiebenSonneLichtUndPracht	chorale-bricks	Telemann_DerLiebenSonneLichtUndPracht	data/chorale-bricks/Telemann_DerLiebenSonneLichtUndPracht	E minor	"[""B- major"", ""D"", ""E-"", ""G major""]"	"[""B- major"", ""E-"", ""G major"", ""D""]"	visual	visual.short.png	data/chorale-bricks/Telemann_DerLiebenSonneLichtUndPracht/visual.short.png	E minor	"[""E minor"", ""none of the other options is correct"", ""B- major"", ""E-"", ""G major""]"	0.2	0	"[""A"", ""B"", ""C"", ""D"", ""E""]"	"{""A"": ""B- major"", ""B"": ""E minor"", ""C"": ""E-"", ""D"": ""G major"", ""E"": ""none of the other options is correct""}"	"[""(A) B- major"", ""(B) E minor"", ""(C) E-"", ""(D) G major"", ""(E) none of the other options is correct""]"	(B) E minor	B
ef447d73-8bed-53e3-81a6-63f6b3ce3bac	9	perception	harmony	relative	harmony-relative	harmonic-recognition		tonality recognition	What is the {function} harmony of the primary key of this piece?	"[""function""]"	get_harmonic_tonality			"{""function"": ""relative minor/major""}"	What is the relative minor/major harmony of the primary key of this piece?	Anonymous_AusMeinesHerzensGrunde	chorale-bricks	Anonymous_AusMeinesHerzensGrunde	data/chorale-bricks/Anonymous_AusMeinesHerzensGrunde	E minor	"[""D"", ""F#"", ""G major"", ""G# major""]"	"[""D"", ""F#"", ""G# major"", ""G major""]"	audio	audio.mastermix.wav	data/chorale-bricks/Anonymous_AusMeinesHerzensGrunde/audio.mastermix.wav	E minor	"[""E minor"", ""none of the other options is correct"", ""D"", ""F#"", ""G# major""]"	0.2	0	"[""A"", ""B"", ""C"", ""D"", ""E""]"	"{""A"": ""D"", ""B"": ""E minor"", ""C"": ""F#"", ""D"": ""none of the other options is correct"", ""E"": ""G# major""}"	"[""(A) D"", ""(B) E minor"", ""(C) F#"", ""(D) none of the other options is correct"", ""(E) G# major""]"	(B) E minor	B
1aaefbed-e918-5012-95c0-223f2c9d0b39	9	perception	harmony	relative	harmony-relative	harmonic-recognition		tonality recognition	What is the {function} harmony of the primary key of this piece?	"[""function""]"	get_harmonic_tonality			"{""function"": ""relative minor/major""}"	What is the relative minor/major harmony of the primary key of this piece?	Anonymous_AusMeinesHerzensGrunde	chorale-bricks	Anonymous_AusMeinesHerzensGrunde	data/chorale-bricks/Anonymous_AusMeinesHerzensGrunde	E minor	"[""D"", ""F#"", ""G major"", ""G# major""]"	"[""D"", ""F#"", ""G# major"", ""G major""]"	symbolic	symbolic.abc.txt	data/chorale-bricks/Anonymous_AusMeinesHerzensGrunde/symbolic.abc.txt	E minor	"[""E minor"", ""none of the other options is correct"", ""D"", ""F#"", ""G# major""]"	0.2	0	"[""A"", ""B"", ""C"", ""D"", ""E""]"	"{""A"": ""none of the other options is correct"", ""B"": ""G# major"", ""C"": ""E minor"", ""D"": ""D"", ""E"": ""F#""}"	"[""(A) none of the other options is correct"", ""(B) G# major"", ""(C) E minor"", ""(D) D"", ""(E) F#""]"	(C) E minor	C
b817088f-fb12-5ba3-9ff4-1f1b04cc974b	9	perception	harmony	relative	harmony-relative	harmonic-recognition		tonality recognition	What is the {function} harmony of the primary key of this piece?	"[""function""]"	get_harmonic_tonality			"{""function"": ""relative minor/major""}"	What is the relative minor/major harmony of the primary key of this piece?	Anonymous_AusMeinesHerzensGrunde	chorale-bricks	Anonymous_AusMeinesHerzensGrunde	data/chorale-bricks/Anonymous_AusMeinesHerzensGrunde	E minor	"[""D"", ""F#"", ""G major"", ""G# major""]"	"[""D"", ""F#"", ""G# major"", ""G major""]"	visual	visual.short.png	data/chorale-bricks/Anonymous_AusMeinesHerzensGrunde/visual.short.png	E minor	"[""E minor"", ""none of the other options is correct"", ""D"", ""F#"", ""G# major""]"	0.2	0	"[""A"", ""B"", ""C"", ""D"", ""E""]"	"{""A"": ""E minor"", ""B"": ""G# major"", ""C"": ""D"", ""D"": ""F#"", ""E"": ""none of the other options is correct""}"	"[""(A) E minor"", ""(B) G# major"", ""(C) D"", ""(D) F#"", ""(E) none of the other options is correct""]"	(A) E minor	A
3a0c63fd-e210-5243-9809-8126a9cffe50	9	perception	harmony	relative	harmony-relative	harmonic-recognition		tonality recognition	What is the {function} harmony of the primary key of this piece?	"[""function""]"	get_harmonic_tonality			"{""function"": ""relative minor/major""}"	What is the relative minor/major harmony of the primary key of this piece?	Gesius_DuFriedensfuerstHerrJesuChrist	chorale-bricks	Gesius_DuFriedensfuerstHerrJesuChrist	data/chorale-bricks/Gesius_DuFriedensfuerstHerrJesuChrist	D minor	"[""C"", ""C# major"", ""F major"", ""F# minor""]"	"[""F# minor"", ""C"", ""F major"", ""C# major""]"	audio	audio.mastermix.wav	data/chorale-bricks/Gesius_DuFriedensfuerstHerrJesuChrist/audio.mastermix.wav	D minor	"[""D minor"", ""none of the other options is correct"", ""F# minor"", ""C"", ""F major""]"	0.2	0	"[""A"", ""B"", ""C"", ""D"", ""E""]"	"{""A"": ""none of the other options is correct"", ""B"": ""D minor"", ""C"": ""F# minor"", ""D"": ""F major"", ""E"": ""C""}"	"[""(A) none of the other options is correct"", ""(B) D minor"", ""(C) F# minor"", ""(D) F major"", ""(E) C""]"	(B) D minor	B
b570dc60-7391-58fb-8579-edd69a9efe88	9	perception	harmony	relative	harmony-relative	harmonic-recognition		tonality recognition	What is the {function} harmony of the primary key of this piece?	"[""function""]"	get_harmonic_tonality			"{""function"": ""relative minor/major""}"	What is the relative minor/major harmony of the primary key of this piece?	Gesius_DuFriedensfuerstHerrJesuChrist	chorale-bricks	Gesius_DuFriedensfuerstHerrJesuChrist	data/chorale-bricks/Gesius_DuFriedensfuerstHerrJesuChrist	D minor	"[""C"", ""C# major"", ""F major"", ""F# minor""]"	"[""F# minor"", ""C"", ""F major"", ""C# major""]"	symbolic	symbolic.abc.txt	data/chorale-bricks/Gesius_DuFriedensfuerstHerrJesuChrist/symbolic.abc.txt	D minor	"[""D minor"", ""none of the other options is correct"", ""F# minor"", ""C"", ""F major""]"	0.2	0	"[""A"", ""B"", ""C"", ""D"", ""E""]"	"{""A"": ""F major"", ""B"": ""F# minor"", ""C"": ""D minor"", ""D"": ""none of the other options is correct"", ""E"": ""C""}"	"[""(A) F major"", ""(B) F# minor"", ""(C) D minor"", ""(D) none of the other options is correct"", ""(E) C""]"	(C) D minor	C
e1d6be30-0fba-5cd3-a579-66456cc94203	9	perception	harmony	relative	harmony-relative	harmonic-recognition		tonality recognition	What is the {function} harmony of the primary key of this piece?	"[""function""]"	get_harmonic_tonality			"{""function"": ""relative minor/major""}"	What is the relative minor/major harmony of the primary key of this piece?	Gesius_DuFriedensfuerstHerrJesuChrist	chorale-bricks	Gesius_DuFriedensfuerstHerrJesuChrist	data/chorale-bricks/Gesius_DuFriedensfuerstHerrJesuChrist	D minor	"[""C"", ""C# major"", ""F major"", ""F# minor""]"	"[""F# minor"", ""C"", ""F major"", ""C# major""]"	visual	visual.short.png	data/chorale-bricks/Gesius_DuFriedensfuerstHerrJesuChrist/visual.short.png	none of the other options is correct	"[""none of the other options is correct"", ""F# minor"", ""C"", ""F major"", ""C# major""]"	0.2	1	"[""A"", ""B"", ""C"", ""D"", ""E""]"	"{""A"": ""C# major"", ""B"": ""none of the other options is correct"", ""C"": ""F major"", ""D"": ""F# minor"", ""E"": ""C""}"	"[""(A) C# major"", ""(B) none of the other options is correct"", ""(C) F major"", ""(D) F# minor"", ""(E) C""]"	(B) none of the other options is correct	B
562290e4-68f6-51fb-8f12-44491f4cdb6f	9	perception	harmony	relative	harmony-relative	harmonic-recognition		tonality recognition	What is the {function} harmony of the primary key of this piece?	"[""function""]"	get_harmonic_tonality			"{""function"": ""relative minor/major""}"	What is the relative minor/major harmony of the primary key of this piece?	Vulpius_ChristusDerIstMeinLeben	chorale-bricks	Vulpius_ChristusDerIstMeinLeben	data/chorale-bricks/Vulpius_ChristusDerIstMeinLeben	B minor	"[""A"", ""B"", ""D major"", ""F# minor""]"	"[""A"", ""F# minor"", ""B"", ""D major""]"	audio	audio.mastermix.wav	data/chorale-bricks/Vulpius_ChristusDerIstMeinLeben/audio.mastermix.wav	B minor	"[""B minor"", ""none of the other options is correct"", ""A"", ""F# minor"", ""B""]"	0.2	0	"[""A"", ""B"", ""C"", ""D"", ""E""]"	"{""A"": ""F# minor"", ""B"": ""B minor"", ""C"": ""A"", ""D"": ""B"", ""E"": ""none of the other options is correct""}"	"[""(A) F# minor"", ""(B) B minor"", ""(C) A"", ""(D) B"", ""(E) none of the other options is correct""]"	(B) B minor	B
a9aafa0b-d8b7-505f-b384-b198ab4afd3b	9	perception	harmony	relative	harmony-relative	harmonic-recognition		tonality recognition	What is the {function} harmony of the primary key of this piece?	"[""function""]"	get_harmonic_tonality			"{""function"": ""relative minor/major""}"	What is the relative minor/major harmony of the primary key of this piece?	Vulpius_ChristusDerIstMeinLeben	chorale-bricks	Vulpius_ChristusDerIstMeinLeben	data/chorale-bricks/Vulpius_ChristusDerIstMeinLeben	B minor	"[""A"", ""B"", ""D major"", ""F# minor""]"	"[""A"", ""F# minor"", ""B"", ""D major""]"	symbolic	symbolic.abc.txt	data/chorale-bricks/Vulpius_ChristusDerIstMeinLeben/symbolic.abc.txt	B minor	"[""B minor"", ""none of the other options is correct"", ""A"", ""F# minor"", ""B""]"	0.2	0	"[""A"", ""B"", ""C"", ""D"", ""E""]"	"{""A"": ""B minor"", ""B"": ""B"", ""C"": ""F# minor"", ""D"": ""A"", ""E"": ""none of the other options is correct""}"	"[""(A) B minor"", ""(B) B"", ""(C) F# minor"", ""(D) A"", ""(E) none of the other options is correct""]"	(A) B minor	A
48dc7892-9429-5bec-98ff-1dffd8a2fc17	9	perception	harmony	relative	harmony-relative	harmonic-recognition		tonality recognition	What is the {function} harmony of the primary key of this piece?	"[""function""]"	get_harmonic_tonality			"{""function"": ""relative minor/major""}"	What is the relative minor/major harmony of the primary key of this piece?	Vulpius_ChristusDerIstMeinLeben	chorale-bricks	Vulpius_ChristusDerIstMeinLeben	data/chorale-bricks/Vulpius_ChristusDerIstMeinLeben	B minor	"[""A"", ""B"", ""D major"", ""F# minor""]"	"[""A"", ""F# minor"", ""B"", ""D major""]"	visual	visual.short.png	data/chorale-bricks/Vulpius_ChristusDerIstMeinLeben/visual.short.png	none of the other options is correct	"[""none of the other options is correct"", ""A"", ""F# minor"", ""B"", ""D major""]"	0.2	1	"[""A"", ""B"", ""C"", ""D"", ""E""]"	"{""A"": ""none of the other options is correct"", ""B"": ""B"", ""C"": ""A"", ""D"": ""F# minor"", ""E"": ""D major""}"	"[""(A) none of the other options is correct"", ""(B) B"", ""(C) A"", ""(D) F# minor"", ""(E) D major""]"	(A) none of the other options is correct	A
7bb79523-8920-523d-a93b-d046704503d7	9	perception	harmony	relative	harmony-relative	harmonic-recognition		tonality recognition	What is the {function} harmony of the primary key of this piece?	"[""function""]"	get_harmonic_tonality			"{""function"": ""tonic""}"	What is the tonic harmony of the primary key of this piece?	Gesius_DuFriedensfuerstHerrJesuChrist	chorale-bricks	Gesius_DuFriedensfuerstHerrJesuChrist	data/chorale-bricks/Gesius_DuFriedensfuerstHerrJesuChrist	F major	"[""C"", ""D major"", ""D minor"", ""E-""]"	"[""E-"", ""C"", ""D minor"", ""D major""]"	audio	audio.mastermix.wav	data/chorale-bricks/Gesius_DuFriedensfuerstHerrJesuChrist/audio.mastermix.wav	none of the other options is correct	"[""none of the other options is correct"", ""E-"", ""C"", ""D minor"", ""D major""]"	0.2	1	"[""A"", ""B"", ""C"", ""D"", ""E""]"	"{""A"": ""C"", ""B"": ""E-"", ""C"": ""none of the other options is correct"", ""D"": ""D minor"", ""E"": ""D major""}"	"[""(A) C"", ""(B) E-"", ""(C) none of the other options is correct"", ""(D) D minor"", ""(E) D major""]"	(C) none of the other options is correct	C
1712c875-695b-58c0-a3a5-ed1978df70cf	9	perception	harmony	relative	harmony-relative	harmonic-recognition		tonality recognition	What is the {function} harmony of the primary key of this piece?	"[""function""]"	get_harmonic_tonality			"{""function"": ""tonic""}"	What is the tonic harmony of the primary key of this piece?	Gesius_DuFriedensfuerstHerrJesuChrist	chorale-bricks	Gesius_DuFriedensfuerstHerrJesuChrist	data/chorale-bricks/Gesius_DuFriedensfuerstHerrJesuChrist	F major	"[""C"", ""D major"", ""D minor"", ""E-""]"	"[""E-"", ""C"", ""D minor"", ""D major""]"	symbolic	symbolic.abc.txt	data/chorale-bricks/Gesius_DuFriedensfuerstHerrJesuChrist/symbolic.abc.txt	F major	"[""F major"", ""none of the other options is correct"", ""E-"", ""C"", ""D minor""]"	0.2	0	"[""A"", ""B"", ""C"", ""D"", ""E""]"	"{""A"": ""D minor"", ""B"": ""none of the other options is correct"", ""C"": ""F major"", ""D"": ""C"", ""E"": ""E-""}"	"[""(A) D minor"", ""(B) none of the other options is correct"", ""(C) F major"", ""(D) C"", ""(E) E-""]"	(C) F major	C
9ae9741e-a4bd-59e6-8a56-1c66e6b609ac	9	perception	harmony	relative	harmony-relative	harmonic-recognition		tonality recognition	What is the {function} harmony of the primary key of this piece?	"[""function""]"	get_harmonic_tonality			"{""function"": ""tonic""}"	What is the tonic harmony of the primary key of this piece?	Gesius_DuFriedensfuerstHerrJesuChrist	chorale-bricks	Gesius_DuFriedensfuerstHerrJesuChrist	data/chorale-bricks/Gesius_DuFriedensfuerstHerrJesuChrist	F major	"[""C"", ""D major"", ""D minor"", ""E-""]"	"[""E-"", ""C"", ""D minor"", ""D major""]"	visual	visual.short.png	data/chorale-bricks/Gesius_DuFriedensfuerstHerrJesuChrist/visual.short.png	F major	"[""F major"", ""none of the other options is correct"", ""E-"", ""C"", ""D minor""]"	0.2	0	"[""A"", ""B"", ""C"", ""D"", ""E""]"	"{""A"": ""none of the other options is correct"", ""B"": ""E-"", ""C"": ""C"", ""D"": ""D minor"", ""E"": ""F major""}"	"[""(A) none of the other options is correct"", ""(B) E-"", ""(C) C"", ""(D) D minor"", ""(E) F major""]"	(E) F major	E
f84f79ca-6d5b-500f-9509-e00b77dfd569	9	perception	harmony	relative	harmony-relative	harmonic-recognition		tonality recognition	What is the {function} harmony of the primary key of this piece?	"[""function""]"	get_harmonic_tonality			"{""function"": ""tonic""}"	What is the tonic harmony of the primary key of this piece?	Gesius_BefiehlDuDeineWege	chorale-bricks	Gesius_BefiehlDuDeineWege	data/chorale-bricks/Gesius_BefiehlDuDeineWege	D minor	"[""A"", ""C minor"", ""F major"", ""G# minor""]"	"[""F major"", ""G# minor"", ""A"", ""C minor""]"	audio	audio.mastermix.wav	data/chorale-bricks/Gesius_BefiehlDuDeineWege/audio.mastermix.wav	D minor	"[""D minor"", ""none of the other options is correct"", ""F major"", ""G# minor"", ""A""]"	0.2	0	"[""A"", ""B"", ""C"", ""D"", ""E""]"	"{""A"": ""A"", ""B"": ""F major"", ""C"": ""none of the other options is correct"", ""D"": ""G# minor"", ""E"": ""D minor""}"	"[""(A) A"", ""(B) F major"", ""(C) none of the other options is correct"", ""(D) G# minor"", ""(E) D minor""]"	(E) D minor	E
51b6fe76-50c5-5d09-8512-2693b89d18f2	9	perception	harmony	relative	harmony-relative	harmonic-recognition		tonality recognition	What is the {function} harmony of the primary key of this piece?	"[""function""]"	get_harmonic_tonality			"{""function"": ""tonic""}"	What is the tonic harmony of the primary key of this piece?	Gesius_BefiehlDuDeineWege	chorale-bricks	Gesius_BefiehlDuDeineWege	data/chorale-bricks/Gesius_BefiehlDuDeineWege	D minor	"[""A"", ""C minor"", ""F major"", ""G# minor""]"	"[""F major"", ""G# minor"", ""A"", ""C minor""]"	symbolic	symbolic.abc.txt	data/chorale-bricks/Gesius_BefiehlDuDeineWege/symbolic.abc.txt	D minor	"[""D minor"", ""none of the other options is correct"", ""F major"", ""G# minor"", ""A""]"	0.2	0	"[""A"", ""B"", ""C"", ""D"", ""E""]"	"{""A"": ""F major"", ""B"": ""none of the other options is correct"", ""C"": ""D minor"", ""D"": ""G# minor"", ""E"": ""A""}"	"[""(A) F major"", ""(B) none of the other options is correct"", ""(C) D minor"", ""(D) G# minor"", ""(E) A""]"	(C) D minor	C
5eb08478-d8eb-5d31-840b-c71bd223bf6f	9	perception	harmony	relative	harmony-relative	harmonic-recognition		tonality recognition	What is the {function} harmony of the primary key of this piece?	"[""function""]"	get_harmonic_tonality			"{""function"": ""tonic""}"	What is the tonic harmony of the primary key of this piece?	Gesius_BefiehlDuDeineWege	chorale-bricks	Gesius_BefiehlDuDeineWege	data/chorale-bricks/Gesius_BefiehlDuDeineWege	D minor	"[""A"", ""C minor"", ""F major"", ""G# minor""]"	"[""F major"", ""G# minor"", ""A"", ""C minor""]"	visual	visual.short.png	data/chorale-bricks/Gesius_BefiehlDuDeineWege/visual.short.png	D minor	"[""D minor"", ""none of the other options is correct"", ""F major"", ""G# minor"", ""A""]"	0.2	0	"[""A"", ""B"", ""C"", ""D"", ""E""]"	"{""A"": ""A"", ""B"": ""G# minor"", ""C"": ""F major"", ""D"": ""none of the other options is correct"", ""E"": ""D minor""}"	"[""(A) A"", ""(B) G# minor"", ""(C) F major"", ""(D) none of the other options is correct"", ""(E) D minor""]"	(E) D minor	E
64dab7da-46b0-53ab-80fa-6306720d24bd	9	perception	harmony	relative	harmony-relative	harmonic-recognition		tonality recognition	What is the {function} harmony of the primary key of this piece?	"[""function""]"	get_harmonic_tonality			"{""function"": ""tonic""}"	What is the tonic harmony of the primary key of this piece?	Drese_JesuGehVoran	chorale-bricks	Drese_JesuGehVoran	data/chorale-bricks/Drese_JesuGehVoran	G major	"[""D"", ""D major"", ""E minor"", ""E- major""]"	"[""D"", ""D major"", ""E- major"", ""E minor""]"	audio	audio.mastermix.wav	data/chorale-bricks/Drese_JesuGehVoran/audio.mastermix.wav	G major	"[""G major"", ""none of the other options is correct"", ""D"", ""D major"", ""E- major""]"	0.2	0	"[""A"", ""B"", ""C"", ""D"", ""E""]"	"{""A"": ""G major"", ""B"": ""D"", ""C"": ""E- major"", ""D"": ""none of the other options is correct"", ""E"": ""D major""}"	"[""(A) G major"", ""(B) D"", ""(C) E- major"", ""(D) none of the other options is correct"", ""(E) D major""]"	(A) G major	A
54d4ca9f-20cb-5e6e-a338-b7be3fa9b7e4	9	perception	harmony	relative	harmony-relative	harmonic-recognition		tonality recognition	What is the {function} harmony of the primary key of this piece?	"[""function""]"	get_harmonic_tonality			"{""function"": ""tonic""}"	What is the tonic harmony of the primary key of this piece?	Drese_JesuGehVoran	chorale-bricks	Drese_JesuGehVoran	data/chorale-bricks/Drese_JesuGehVoran	G major	"[""D"", ""D major"", ""E minor"", ""E- major""]"	"[""D"", ""D major"", ""E- major"", ""E minor""]"	symbolic	symbolic.abc.txt	data/chorale-bricks/Drese_JesuGehVoran/symbolic.abc.txt	G major	"[""G major"", ""none of the other options is correct"", ""D"", ""D major"", ""E- major""]"	0.2	0	"[""A"", ""B"", ""C"", ""D"", ""E""]"	"{""A"": ""D major"", ""B"": ""G major"", ""C"": ""none of the other options is correct"", ""D"": ""D"", ""E"": ""E- major""}"	"[""(A) D major"", ""(B) G major"", ""(C) none of the other options is correct"", ""(D) D"", ""(E) E- major""]"	(B) G major	B
7d15d28f-5689-54ca-8cc6-8527bf94a6fa	9	perception	harmony	relative	harmony-relative	harmonic-recognition		tonality recognition	What is the {function} harmony of the primary key of this piece?	"[""function""]"	get_harmonic_tonality			"{""function"": ""tonic""}"	What is the tonic harmony of the primary key of this piece?	Drese_JesuGehVoran	chorale-bricks	Drese_JesuGehVoran	data/chorale-bricks/Drese_JesuGehVoran	G major	"[""D"", ""D major"", ""E minor"", ""E- major""]"	"[""D"", ""D major"", ""E- major"", ""E minor""]"	visual	visual.short.png	data/chorale-bricks/Drese_JesuGehVoran/visual.short.png	G major	"[""G major"", ""none of the other options is correct"", ""D"", ""D major"", ""E- major""]"	0.2	0	"[""A"", ""B"", ""C"", ""D"", ""E""]"	"{""A"": ""G major"", ""B"": ""none of the other options is correct"", ""C"": ""D major"", ""D"": ""E- major"", ""E"": ""D""}"	"[""(A) G major"", ""(B) none of the other options is correct"", ""(C) D major"", ""(D) E- major"", ""(E) D""]"	(A) G major	A
64e7e212-f127-5ab4-bc51-5ff03458b314	9	perception	harmony	relative	harmony-relative	harmonic-recognition		tonality recognition	What is the {function} harmony of the primary key of this piece?	"[""function""]"	get_harmonic_tonality			"{""function"": ""relative minor/major""}"	What is the relative minor/major harmony of the primary key of this piece?	Vulpius_DieHelleSonnLeuchtJetztHerfuer	chorale-bricks	Vulpius_DieHelleSonnLeuchtJetztHerfuer	data/chorale-bricks/Vulpius_DieHelleSonnLeuchtJetztHerfuer	B minor	"[""A"", ""B major"", ""D major"", ""G# major""]"	"[""G# major"", ""D major"", ""A"", ""B major""]"	audio	audio.mastermix.wav	data/chorale-bricks/Vulpius_DieHelleSonnLeuchtJetztHerfuer/audio.mastermix.wav	B minor	"[""B minor"", ""none of the other options is correct"", ""G# major"", ""D major"", ""A""]"	0.2	0	"[""A"", ""B"", ""C"", ""D"", ""E""]"	"{""A"": ""D major"", ""B"": ""none of the other options is correct"", ""C"": ""B minor"", ""D"": ""A"", ""E"": ""G# major""}"	"[""(A) D major"", ""(B) none of the other options is correct"", ""(C) B minor"", ""(D) A"", ""(E) G# major""]"	(C) B minor	C
2b93f435-c461-530f-8bb7-3adc3db8d972	9	perception	harmony	relative	harmony-relative	harmonic-recognition		tonality recognition	What is the {function} harmony of the primary key of this piece?	"[""function""]"	get_harmonic_tonality			"{""function"": ""relative minor/major""}"	What is the relative minor/major harmony of the primary key of this piece?	Vulpius_DieHelleSonnLeuchtJetztHerfuer	chorale-bricks	Vulpius_DieHelleSonnLeuchtJetztHerfuer	data/chorale-bricks/Vulpius_DieHelleSonnLeuchtJetztHerfuer	B minor	"[""A"", ""B major"", ""D major"", ""G# major""]"	"[""G# major"", ""D major"", ""A"", ""B major""]"	symbolic	symbolic.abc.txt	data/chorale-bricks/Vulpius_DieHelleSonnLeuchtJetztHerfuer/symbolic.abc.txt	B minor	"[""B minor"", ""none of the other options is correct"", ""G# major"", ""D major"", ""A""]"	0.2	0	"[""A"", ""B"", ""C"", ""D"", ""E""]"	"{""A"": ""B minor"", ""B"": ""none of the other options is correct"", ""C"": ""D major"", ""D"": ""G# major"", ""E"": ""A""}"	"[""(A) B minor"", ""(B) none of the other options is correct"", ""(C) D major"", ""(D) G# major"", ""(E) A""]"	(A) B minor	A
1b57e6d2-afa4-5b35-972b-d9916f0065c5	9	perception	harmony	relative	harmony-relative	harmonic-recognition		tonality recognition	What is the {function} harmony of the primary key of this piece?	"[""function""]"	get_harmonic_tonality			"{""function"": ""relative minor/major""}"	What is the relative minor/major harmony of the primary key of this piece?	Vulpius_DieHelleSonnLeuchtJetztHerfuer	chorale-bricks	Vulpius_DieHelleSonnLeuchtJetztHerfuer	data/chorale-bricks/Vulpius_DieHelleSonnLeuchtJetztHerfuer	B minor	"[""A"", ""B major"", ""D major"", ""G# major""]"	"[""G# major"", ""D major"", ""A"", ""B major""]"	visual	visual.short.png	data/chorale-bricks/Vulpius_DieHelleSonnLeuchtJetztHerfuer/visual.short.png	B minor	"[""B minor"", ""none of the other options is correct"", ""G# major"", ""D major"", ""A""]"	0.2	0	"[""A"", ""B"", ""C"", ""D"", ""E""]"	"{""A"": ""D major"", ""B"": ""A"", ""C"": ""B minor"", ""D"": ""none of the other options is correct"", ""E"": ""G# major""}"	"[""(A) D major"", ""(B) A"", ""(C) B minor"", ""(D) none of the other options is correct"", ""(E) G# major""]"	(C) B minor	C
d8e03e99-bc59-5e24-a8bc-a779a227b7fe	9	perception	harmony	relative	harmony-relative	harmonic-recognition		tonality recognition	What is the {function} harmony of the primary key of this piece?	"[""function""]"	get_harmonic_tonality			"{""function"": ""relative minor/major""}"	What is the relative minor/major harmony of the primary key of this piece?	Bach_IchStehAnDeinerKrippe	chorale-bricks	Bach_IchStehAnDeinerKrippe	data/chorale-bricks/Bach_IchStehAnDeinerKrippe	D major	"[""B minor"", ""B- minor"", ""F minor"", ""F#""]"	"[""B minor"", ""F minor"", ""F#"", ""B- minor""]"	audio	audio.mastermix.wav	data/chorale-bricks/Bach_IchStehAnDeinerKrippe/audio.mastermix.wav	D major	"[""D major"", ""none of the other options is correct"", ""B minor"", ""F minor"", ""F#""]"	0.2	0	"[""A"", ""B"", ""C"", ""D"", ""E""]"	"{""A"": ""D major"", ""B"": ""F#"", ""C"": ""B minor"", ""D"": ""F minor"", ""E"": ""none of the other options is correct""}"	"[""(A) D major"", ""(B) F#"", ""(C) B minor"", ""(D) F minor"", ""(E) none of the other options is correct""]"	(A) D major	A
b5f02364-b3bf-5c43-93e9-f939608e106b	9	perception	harmony	relative	harmony-relative	harmonic-recognition		tonality recognition	What is the {function} harmony of the primary key of this piece?	"[""function""]"	get_harmonic_tonality			"{""function"": ""relative minor/major""}"	What is the relative minor/major harmony of the primary key of this piece?	Bach_IchStehAnDeinerKrippe	chorale-bricks	Bach_IchStehAnDeinerKrippe	data/chorale-bricks/Bach_IchStehAnDeinerKrippe	D major	"[""B minor"", ""B- minor"", ""F minor"", ""F#""]"	"[""B minor"", ""F minor"", ""F#"", ""B- minor""]"	symbolic	symbolic.abc.txt	data/chorale-bricks/Bach_IchStehAnDeinerKrippe/symbolic.abc.txt	D major	"[""D major"", ""none of the other options is correct"", ""B minor"", ""F minor"", ""F#""]"	0.2	0	"[""A"", ""B"", ""C"", ""D"", ""E""]"	"{""A"": ""none of the other options is correct"", ""B"": ""D major"", ""C"": ""F minor"", ""D"": ""B minor"", ""E"": ""F#""}"	"[""(A) none of the other options is correct"", ""(B) D major"", ""(C) F minor"", ""(D) B minor"", ""(E) F#""]"	(B) D major	B
68f68120-b941-5ef4-b8c3-b416a8b6049d	9	perception	harmony	relative	harmony-relative	harmonic-recognition		tonality recognition	What is the {function} harmony of the primary key of this piece?	"[""function""]"	get_harmonic_tonality			"{""function"": ""relative minor/major""}"	What is the relative minor/major harmony of the primary key of this piece?	Bach_IchStehAnDeinerKrippe	chorale-bricks	Bach_IchStehAnDeinerKrippe	data/chorale-bricks/Bach_IchStehAnDeinerKrippe	D major	"[""B minor"", ""B- minor"", ""F minor"", ""F#""]"	"[""B minor"", ""F minor"", ""F#"", ""B- minor""]"	visual	visual.short.png	data/chorale-bricks/Bach_IchStehAnDeinerKrippe/visual.short.png	none of the other options is correct	"[""none of the other options is correct"", ""B minor"", ""F minor"", ""F#"", ""B- minor""]"	0.2	1	"[""A"", ""B"", ""C"", ""D"", ""E""]"	"{""A"": ""F minor"", ""B"": ""F#"", ""C"": ""none of the other options is correct"", ""D"": ""B- minor"", ""E"": ""B minor""}"	"[""(A) F minor"", ""(B) F#"", ""(C) none of the other options is correct"", ""(D) B- minor"", ""(E) B minor""]"	(C) none of the other options is correct	C
f777a06e-aadb-564f-8237-6721b30534cd	9	perception	harmony	relative	harmony-relative	harmonic-recognition		tonality recognition	What is the {function} harmony of the primary key of this piece?	"[""function""]"	get_harmonic_tonality			"{""function"": ""relative minor/major""}"	What is the relative minor/major harmony of the primary key of this piece?	Drese_JesuGehVoran	chorale-bricks	Drese_JesuGehVoran	data/chorale-bricks/Drese_JesuGehVoran	E minor	"[""D"", ""G major"", ""G#"", ""G# minor""]"	"[""G major"", ""G#"", ""D"", ""G# minor""]"	audio	audio.mastermix.wav	data/chorale-bricks/Drese_JesuGehVoran/audio.mastermix.wav	none of the other options is correct	"[""none of the other options is correct"", ""G major"", ""G#"", ""D"", ""G# minor""]"	0.2	1	"[""A"", ""B"", ""C"", ""D"", ""E""]"	"{""A"": ""G# minor"", ""B"": ""G#"", ""C"": ""G major"", ""D"": ""none of the other options is correct"", ""E"": ""D""}"	"[""(A) G# minor"", ""(B) G#"", ""(C) G major"", ""(D) none of the other options is correct"", ""(E) D""]"	(D) none of the other options is correct	D
0921655c-cdbb-58ce-a27c-31b8fd5c100d	9	perception	harmony	relative	harmony-relative	harmonic-recognition		tonality recognition	What is the {function} harmony of the primary key of this piece?	"[""function""]"	get_harmonic_tonality			"{""function"": ""relative minor/major""}"	What is the relative minor/major harmony of the primary key of this piece?	Drese_JesuGehVoran	chorale-bricks	Drese_JesuGehVoran	data/chorale-bricks/Drese_JesuGehVoran	E minor	"[""D"", ""G major"", ""G#"", ""G# minor""]"	"[""G major"", ""G#"", ""D"", ""G# minor""]"	symbolic	symbolic.abc.txt	data/chorale-bricks/Drese_JesuGehVoran/symbolic.abc.txt	none of the other options is correct	"[""none of the other options is correct"", ""G major"", ""G#"", ""D"", ""G# minor""]"	0.2	1	"[""A"", ""B"", ""C"", ""D"", ""E""]"	"{""A"": ""G major"", ""B"": ""none of the other options is correct"", ""C"": ""D"", ""D"": ""G# minor"", ""E"": ""G#""}"	"[""(A) G major"", ""(B) none of the other options is correct"", ""(C) D"", ""(D) G# minor"", ""(E) G#""]"	(B) none of the other options is correct	B
c92d2943-d156-51db-a714-be6720533220	9	perception	harmony	relative	harmony-relative	harmonic-recognition		tonality recognition	What is the {function} harmony of the primary key of this piece?	"[""function""]"	get_harmonic_tonality			"{""function"": ""relative minor/major""}"	What is the relative minor/major harmony of the primary key of this piece?	Drese_JesuGehVoran	chorale-bricks	Drese_JesuGehVoran	data/chorale-bricks/Drese_JesuGehVoran	E minor	"[""D"", ""G major"", ""G#"", ""G# minor""]"	"[""G major"", ""G#"", ""D"", ""G# minor""]"	visual	visual.short.png	data/chorale-bricks/Drese_JesuGehVoran/visual.short.png	E minor	"[""E minor"", ""none of the other options is correct"", ""G major"", ""G#"", ""D""]"	0.2	0	"[""A"", ""B"", ""C"", ""D"", ""E""]"	"{""A"": ""E minor"", ""B"": ""G major"", ""C"": ""none of the other options is correct"", ""D"": ""D"", ""E"": ""G#""}"	"[""(A) E minor"", ""(B) G major"", ""(C) none of the other options is correct"", ""(D) D"", ""(E) G#""]"	(A) E minor	A
c0fbcdc5-743a-54c6-872d-b5923a98717e	9	perception	harmony	relative	harmony-relative	harmonic-recognition		tonality recognition	What is the {function} harmony of the primary key of this piece?	"[""function""]"	get_harmonic_tonality			"{""function"": ""tonic""}"	What is the tonic harmony of the primary key of this piece?	Anonymous_AusMeinesHerzensGrunde	chorale-bricks	Anonymous_AusMeinesHerzensGrunde	data/chorale-bricks/Anonymous_AusMeinesHerzensGrunde	G major	"[""D"", ""E minor"", ""F"", ""F major""]"	"[""D"", ""F"", ""E minor"", ""F major""]"	audio	audio.mastermix.wav	data/chorale-bricks/Anonymous_AusMeinesHerzensGrunde/audio.mastermix.wav	G major	"[""G major"", ""none of the other options is correct"", ""D"", ""F"", ""E minor""]"	0.2	0	"[""A"", ""B"", ""C"", ""D"", ""E""]"	"{""A"": ""E minor"", ""B"": ""G major"", ""C"": ""none of the other options is correct"", ""D"": ""F"", ""E"": ""D""}"	"[""(A) E minor"", ""(B) G major"", ""(C) none of the other options is correct"", ""(D) F"", ""(E) D""]"	(B) G major	B
41df3531-3917-554d-be70-179cc09c726e	9	perception	harmony	relative	harmony-relative	harmonic-recognition		tonality recognition	What is the {function} harmony of the primary key of this piece?	"[""function""]"	get_harmonic_tonality			"{""function"": ""tonic""}"	What is the tonic harmony of the primary key of this piece?	Anonymous_AusMeinesHerzensGrunde	chorale-bricks	Anonymous_AusMeinesHerzensGrunde	data/chorale-bricks/Anonymous_AusMeinesHerzensGrunde	G major	"[""D"", ""E minor"", ""F"", ""F major""]"	"[""D"", ""F"", ""E minor"", ""F major""]"	symbolic	symbolic.abc.txt	data/chorale-bricks/Anonymous_AusMeinesHerzensGrunde/symbolic.abc.txt	G major	"[""G major"", ""none of the other options is correct"", ""D"", ""F"", ""E minor""]"	0.2	0	"[""A"", ""B"", ""C"", ""D"", ""E""]"	"{""A"": ""E minor"", ""B"": ""F"", ""C"": ""none of the other options is correct"", ""D"": ""D"", ""E"": ""G major""}"	"[""(A) E minor"", ""(B) F"", ""(C) none of the other options is correct"", ""(D) D"", ""(E) G major""]"	(E) G major	E
7d514324-0d6c-5ecf-89c1-a2797f11bbed	9	perception	harmony	relative	harmony-relative	harmonic-recognition		tonality recognition	What is the {function} harmony of the primary key of this piece?	"[""function""]"	get_harmonic_tonality			"{""function"": ""tonic""}"	What is the tonic harmony of the primary key of this piece?	Anonymous_AusMeinesHerzensGrunde	chorale-bricks	Anonymous_AusMeinesHerzensGrunde	data/chorale-bricks/Anonymous_AusMeinesHerzensGrunde	G major	"[""D"", ""E minor"", ""F"", ""F major""]"	"[""D"", ""F"", ""E minor"", ""F major""]"	visual	visual.short.png	data/chorale-bricks/Anonymous_AusMeinesHerzensGrunde/visual.short.png	G major	"[""G major"", ""none of the other options is correct"", ""D"", ""F"", ""E minor""]"	0.2	0	"[""A"", ""B"", ""C"", ""D"", ""E""]"	"{""A"": ""D"", ""B"": ""F"", ""C"": ""G major"", ""D"": ""none of the other options is correct"", ""E"": ""E minor""}"	"[""(A) D"", ""(B) F"", ""(C) G major"", ""(D) none of the other options is correct"", ""(E) E minor""]"	(C) G major	C
2c14e4e0-ce31-5884-a464-cc0ce1367aa8	9	perception	harmony	relative	harmony-relative	harmonic-recognition		tonality recognition	What is the {function} harmony of the primary key of this piece?	"[""function""]"	get_harmonic_tonality			"{""function"": ""tonic""}"	What is the tonic harmony of the primary key of this piece?	Telemann_DerLiebenSonneLichtUndPracht	chorale-bricks	Telemann_DerLiebenSonneLichtUndPracht	data/chorale-bricks/Telemann_DerLiebenSonneLichtUndPracht	G major	"[""D"", ""E minor"", ""G minor"", ""G# major""]"	"[""D"", ""G# major"", ""G minor"", ""E minor""]"	audio	audio.mastermix.wav	data/chorale-bricks/Telemann_DerLiebenSonneLichtUndPracht/audio.mastermix.wav	G major	"[""G major"", ""none of the other options is correct"", ""D"", ""G# major"", ""G minor""]"	0.2	0	"[""A"", ""B"", ""C"", ""D"", ""E""]"	"{""A"": ""G# major"", ""B"": ""D"", ""C"": ""G minor"", ""D"": ""none of the other options is correct"", ""E"": ""G major""}"	"[""(A) G# major"", ""(B) D"", ""(C) G minor"", ""(D) none of the other options is correct"", ""(E) G major""]"	(E) G major	E
73e9f244-4e71-5da1-9c20-72af473dd97a	9	perception	harmony	relative	harmony-relative	harmonic-recognition		tonality recognition	What is the {function} harmony of the primary key of this piece?	"[""function""]"	get_harmonic_tonality			"{""function"": ""tonic""}"	What is the tonic harmony of the primary key of this piece?	Telemann_DerLiebenSonneLichtUndPracht	chorale-bricks	Telemann_DerLiebenSonneLichtUndPracht	data/chorale-bricks/Telemann_DerLiebenSonneLichtUndPracht	G major	"[""D"", ""E minor"", ""G minor"", ""G# major""]"	"[""D"", ""G# major"", ""G minor"", ""E minor""]"	symbolic	symbolic.abc.txt	data/chorale-bricks/Telemann_DerLiebenSonneLichtUndPracht/symbolic.abc.txt	G major	"[""G major"", ""none of the other options is correct"", ""D"", ""G# major"", ""G minor""]"	0.2	0	"[""A"", ""B"", ""C"", ""D"", ""E""]"	"{""A"": ""G minor"", ""B"": ""G major"", ""C"": ""G# major"", ""D"": ""none of the other options is correct"", ""E"": ""D""}"	"[""(A) G minor"", ""(B) G major"", ""(C) G# major"", ""(D) none of the other options is correct"", ""(E) D""]"	(B) G major	B
8d049319-ff24-58e4-bbb8-601bfd79f843	9	perception	harmony	relative	harmony-relative	harmonic-recognition		tonality recognition	What is the {function} harmony of the primary key of this piece?	"[""function""]"	get_harmonic_tonality			"{""function"": ""tonic""}"	What is the tonic harmony of the primary key of this piece?	Telemann_DerLiebenSonneLichtUndPracht	chorale-bricks	Telemann_DerLiebenSonneLichtUndPracht	data/chorale-bricks/Telemann_DerLiebenSonneLichtUndPracht	G major	"[""D"", ""E minor"", ""G minor"", ""G# major""]"	"[""D"", ""G# major"", ""G minor"", ""E minor""]"	visual	visual.short.png	data/chorale-bricks/Telemann_DerLiebenSonneLichtUndPracht/visual.short.png	G major	"[""G major"", ""none of the other options is correct"", ""D"", ""G# major"", ""G minor""]"	0.2	0	"[""A"", ""B"", ""C"", ""D"", ""E""]"	"{""A"": ""G# major"", ""B"": ""G major"", ""C"": ""G minor"", ""D"": ""none of the other options is correct"", ""E"": ""D""}"	"[""(A) G# major"", ""(B) G major"", ""(C) G minor"", ""(D) none of the other options is correct"", ""(E) D""]"	(B) G major	B
9b1b78fd-7753-55bd-bdf7-8d15c548bd40	9	perception	harmony	relative	harmony-relative	harmonic-recognition		tonality recognition	What is the {function} harmony of the primary key of this piece?	"[""function""]"	get_harmonic_tonality			"{""function"": ""tonic""}"	What is the tonic harmony of the primary key of this piece?	Jan_DuGrosserSchmerzensmann	chorale-bricks	Jan_DuGrosserSchmerzensmann	data/chorale-bricks/Jan_DuGrosserSchmerzensmann	E minor	"[""B"", ""B-"", ""E- major"", ""G major""]"	"[""G major"", ""B-"", ""E- major"", ""B""]"	audio	audio.mastermix.wav	data/chorale-bricks/Jan_DuGrosserSchmerzensmann/audio.mastermix.wav	none of the other options is correct	"[""none of the other options is correct"", ""G major"", ""B-"", ""E- major"", ""B""]"	0.2	1	"[""A"", ""B"", ""C"", ""D"", ""E""]"	"{""A"": ""B-"", ""B"": ""E- major"", ""C"": ""B"", ""D"": ""G major"", ""E"": ""none of the other options is correct""}"	"[""(A) B-"", ""(B) E- major"", ""(C) B"", ""(D) G major"", ""(E) none of the other options is correct""]"	(E) none of the other options is correct	E
80981fff-eb10-5554-84ff-ba98f19843b3	9	perception	harmony	relative	harmony-relative	harmonic-recognition		tonality recognition	What is the {function} harmony of the primary key of this piece?	"[""function""]"	get_harmonic_tonality			"{""function"": ""tonic""}"	What is the tonic harmony of the primary key of this piece?	Jan_DuGrosserSchmerzensmann	chorale-bricks	Jan_DuGrosserSchmerzensmann	data/chorale-bricks/Jan_DuGrosserSchmerzensmann	E minor	"[""B"", ""B-"", ""E- major"", ""G major""]"	"[""G major"", ""B-"", ""E- major"", ""B""]"	symbolic	symbolic.abc.txt	data/chorale-bricks/Jan_DuGrosserSchmerzensmann/symbolic.abc.txt	none of the other options is correct	"[""none of the other options is correct"", ""G major"", ""B-"", ""E- major"", ""B""]"	0.2	1	"[""A"", ""B"", ""C"", ""D"", ""E""]"	"{""A"": ""G major"", ""B"": ""B"", ""C"": ""E- major"", ""D"": ""B-"", ""E"": ""none of the other options is correct""}"	"[""(A) G major"", ""(B) B"", ""(C) E- major"", ""(D) B-"", ""(E) none of the other options is correct""]"	(E) none of the other options is correct	E
d6eff9c5-21c8-549f-ba9e-327476a93340	9	perception	harmony	relative	harmony-relative	harmonic-recognition		tonality recognition	What is the {function} harmony of the primary key of this piece?	"[""function""]"	get_harmonic_tonality			"{""function"": ""tonic""}"	What is the tonic harmony of the primary key of this piece?	Jan_DuGrosserSchmerzensmann	chorale-bricks	Jan_DuGrosserSchmerzensmann	data/chorale-bricks/Jan_DuGrosserSchmerzensmann	E minor	"[""B"", ""B-"", ""E- major"", ""G major""]"	"[""G major"", ""B-"", ""E- major"", ""B""]"	visual	visual.short.png	data/chorale-bricks/Jan_DuGrosserSchmerzensmann/visual.short.png	E minor	"[""E minor"", ""none of the other options is correct"", ""G major"", ""B-"", ""E- major""]"	0.2	0	"[""A"", ""B"", ""C"", ""D"", ""E""]"	"{""A"": ""G major"", ""B"": ""none of the other options is correct"", ""C"": ""B-"", ""D"": ""E minor"", ""E"": ""E- major""}"	"[""(A) G major"", ""(B) none of the other options is correct"", ""(C) B-"", ""(D) E minor"", ""(E) E- major""]"	(D) E minor	D
19869944-c9d7-55df-a40e-9989106e0f9d	10	perception	harmony	absolute	harmony-absolute	harmonic-recognition		chord recognition	What is the chord at the {target_index} position considering all the voices?	"[""target_index""]"	get_harmonic_chord			"{""target_index"": ""18th""}"	What is the chord at the 18th position considering all the voices?	Vulpius_DieHelleSonnLeuchtJetztHerfuer	chorale-bricks	Vulpius_DieHelleSonnLeuchtJetztHerfuer	data/chorale-bricks/Vulpius_DieHelleSonnLeuchtJetztHerfuer	minor triad	"[""Major Third"", ""Minor Second"", ""Perfect Fifth"", ""major triad""]"	"[""Major Third"", ""Perfect Fifth"", ""major triad"", ""Minor Second""]"	audio	audio.mastermix.wav	data/chorale-bricks/Vulpius_DieHelleSonnLeuchtJetztHerfuer/audio.mastermix.wav	none of the other options is correct	"[""none of the other options is correct"", ""Major Third"", ""Perfect Fifth"", ""major triad"", ""Minor Second""]"	0.2	1	"[""A"", ""B"", ""C"", ""D"", ""E""]"	"{""A"": ""none of the other options is correct"", ""B"": ""Perfect Fifth"", ""C"": ""Major Third"", ""D"": ""major triad"", ""E"": ""Minor Second""}"	"[""(A) none of the other options is correct"", ""(B) Perfect Fifth"", ""(C) Major Third"", ""(D) major triad"", ""(E) Minor Second""]"	(A) none of the other options is correct	A
6bf15574-4f6c-5ec8-a2e3-0f22c1bf6844	10	perception	harmony	absolute	harmony-absolute	harmonic-recognition		chord recognition	What is the chord at the {target_index} position considering all the voices?	"[""target_index""]"	get_harmonic_chord			"{""target_index"": ""18th""}"	What is the chord at the 18th position considering all the voices?	Vulpius_DieHelleSonnLeuchtJetztHerfuer	chorale-bricks	Vulpius_DieHelleSonnLeuchtJetztHerfuer	data/chorale-bricks/Vulpius_DieHelleSonnLeuchtJetztHerfuer	minor triad	"[""Major Third"", ""Minor Second"", ""Perfect Fifth"", ""major triad""]"	"[""Major Third"", ""Perfect Fifth"", ""major triad"", ""Minor Second""]"	symbolic	symbolic.abc.txt	data/chorale-bricks/Vulpius_DieHelleSonnLeuchtJetztHerfuer/symbolic.abc.txt	minor triad	"[""minor triad"", ""none of the other options is correct"", ""Major Third"", ""Perfect Fifth"", ""major triad""]"	0.2	0	"[""A"", ""B"", ""C"", ""D"", ""E""]"	"{""A"": ""minor triad"", ""B"": ""Perfect Fifth"", ""C"": ""none of the other options is correct"", ""D"": ""major triad"", ""E"": ""Major Third""}"	"[""(A) minor triad"", ""(B) Perfect Fifth"", ""(C) none of the other options is correct"", ""(D) major triad"", ""(E) Major Third""]"	(A) minor triad	A
511995fa-6705-565c-b289-fdf226de32e0	10	perception	harmony	absolute	harmony-absolute	harmonic-recognition		chord recognition	What is the chord at the {target_index} position considering all the voices?	"[""target_index""]"	get_harmonic_chord			"{""target_index"": ""18th""}"	What is the chord at the 18th position considering all the voices?	Vulpius_DieHelleSonnLeuchtJetztHerfuer	chorale-bricks	Vulpius_DieHelleSonnLeuchtJetztHerfuer	data/chorale-bricks/Vulpius_DieHelleSonnLeuchtJetztHerfuer	minor triad	"[""Major Third"", ""Minor Second"", ""Perfect Fifth"", ""major triad""]"	"[""Major Third"", ""Perfect Fifth"", ""major triad"", ""Minor Second""]"	visual	visual.short.png	data/chorale-bricks/Vulpius_DieHelleSonnLeuchtJetztHerfuer/visual.short.png	none of the other options is correct	"[""none of the other options is correct"", ""Major Third"", ""Perfect Fifth"", ""major triad"", ""Minor Second""]"	0.2	1	"[""A"", ""B"", ""C"", ""D"", ""E""]"	"{""A"": ""none of the other options is correct"", ""B"": ""major triad"", ""C"": ""Major Third"", ""D"": ""Perfect Fifth"", ""E"": ""Minor Second""}"	"[""(A) none of the other options is correct"", ""(B) major triad"", ""(C) Major Third"", ""(D) Perfect Fifth"", ""(E) Minor Second""]"	(A) none of the other options is correct	A
e16bf9f7-aba5-5ecc-9f89-0a8ad6e84c1e	10	perception	harmony	absolute	harmony-absolute	harmonic-recognition		chord recognition	What is the chord at the {target_index} position considering all the voices?	"[""target_index""]"	get_harmonic_chord			"{""target_index"": ""27th""}"	What is the chord at the 27th position considering all the voices?	Drese_JesuGehVoran	chorale-bricks	Drese_JesuGehVoran	data/chorale-bricks/Drese_JesuGehVoran	minor triad	"[""Major Third"", ""diminished triad"", ""major triad"", ""perfect-fourth major tetrachord"", ""quartal trichord""]"	"[""diminished triad"", ""Major Third"", ""major triad"", ""perfect-fourth major tetrachord"", ""quartal trichord""]"	audio	audio.mastermix.wav	data/chorale-bricks/Drese_JesuGehVoran/audio.mastermix.wav	none of the other options is correct	"[""none of the other options is correct"", ""diminished triad"", ""Major Third"", ""major triad"", ""perfect-fourth major tetrachord""]"	0.2	1	"[""A"", ""B"", ""C"", ""D"", ""E""]"	"{""A"": ""perfect-fourth major tetrachord"", ""B"": ""diminished triad"", ""C"": ""none of the other options is correct"", ""D"": ""major triad"", ""E"": ""Major Third""}"	"[""(A) perfect-fourth major tetrachord"", ""(B) diminished triad"", ""(C) none of the other options is correct"", ""(D) major triad"", ""(E) Major Third""]"	(C) none of the other options is correct	C
c3a6ef96-d5b5-511a-9622-4aaca9334e1b	10	perception	harmony	absolute	harmony-absolute	harmonic-recognition		chord recognition	What is the chord at the {target_index} position considering all the voices?	"[""target_index""]"	get_harmonic_chord			"{""target_index"": ""27th""}"	What is the chord at the 27th position considering all the voices?	Drese_JesuGehVoran	chorale-bricks	Drese_JesuGehVoran	data/chorale-bricks/Drese_JesuGehVoran	minor triad	"[""Major Third"", ""diminished triad"", ""major triad"", ""perfect-fourth major tetrachord"", ""quartal trichord""]"	"[""diminished triad"", ""Major Third"", ""major triad"", ""perfect-fourth major tetrachord"", ""quartal trichord""]"	symbolic	symbolic.abc.txt	data/chorale-bricks/Drese_JesuGehVoran/symbolic.abc.txt	none of the other options is correct	"[""none of the other options is correct"", ""diminished triad"", ""Major Third"", ""major triad"", ""perfect-fourth major tetrachord""]"	0.2	1	"[""A"", ""B"", ""C"", ""D"", ""E""]"	"{""A"": ""none of the other options is correct"", ""B"": ""diminished triad"", ""C"": ""Major Third"", ""D"": ""perfect-fourth major tetrachord"", ""E"": ""major triad""}"	"[""(A) none of the other options is correct"", ""(B) diminished triad"", ""(C) Major Third"", ""(D) perfect-fourth major tetrachord"", ""(E) major triad""]"	(A) none of the other options is correct	A
b63de21c-3e97-5cde-bc7d-79d3a1d10b1d	10	perception	harmony	absolute	harmony-absolute	harmonic-recognition		chord recognition	What is the chord at the {target_index} position considering all the voices?	"[""target_index""]"	get_harmonic_chord			"{""target_index"": ""27th""}"	What is the chord at the 27th position considering all the voices?	Drese_JesuGehVoran	chorale-bricks	Drese_JesuGehVoran	data/chorale-bricks/Drese_JesuGehVoran	minor triad	"[""Major Third"", ""diminished triad"", ""major triad"", ""perfect-fourth major tetrachord"", ""quartal trichord""]"	"[""diminished triad"", ""Major Third"", ""major triad"", ""perfect-fourth major tetrachord"", ""quartal trichord""]"	visual	visual.short.png	data/chorale-bricks/Drese_JesuGehVoran/visual.short.png	minor triad	"[""minor triad"", ""none of the other options is correct"", ""diminished triad"", ""Major Third"", ""major triad""]"	0.2	0	"[""A"", ""B"", ""C"", ""D"", ""E""]"	"{""A"": ""Major Third"", ""B"": ""major triad"", ""C"": ""diminished triad"", ""D"": ""none of the other options is correct"", ""E"": ""minor triad""}"	"[""(A) Major Third"", ""(B) major triad"", ""(C) diminished triad"", ""(D) none of the other options is correct"", ""(E) minor triad""]"	(E) minor triad	E
01744eff-c5a8-5867-a94d-b22b1abb453e	10	perception	harmony	absolute	harmony-absolute	harmonic-recognition		chord recognition	What is the chord at the {target_index} position considering all the voices?	"[""target_index""]"	get_harmonic_chord			"{""target_index"": ""41st""}"	What is the chord at the 41st position considering all the voices?	Bach_IchStehAnDeinerKrippe	chorale-bricks	Bach_IchStehAnDeinerKrippe	data/chorale-bricks/Bach_IchStehAnDeinerKrippe	major triad	"[""Major Third"", ""diminished triad"", ""incomplete dominant-seventh chord"", ""minor triad"", ""quartal trichord""]"	"[""incomplete dominant-seventh chord"", ""diminished triad"", ""quartal trichord"", ""Major Third"", ""minor triad""]"	audio	audio.mastermix.wav	data/chorale-bricks/Bach_IchStehAnDeinerKrippe/audio.mastermix.wav	none of the other options is correct	"[""none of the other options is correct"", ""incomplete dominant-seventh chord"", ""diminished triad"", ""quartal trichord"", ""Major Third""]"	0.2	1	"[""A"", ""B"", ""C"", ""D"", ""E""]"	"{""A"": ""diminished triad"", ""B"": ""Major Third"", ""C"": ""none of the other options is correct"", ""D"": ""incomplete dominant-seventh chord"", ""E"": ""quartal trichord""}"	"[""(A) diminished triad"", ""(B) Major Third"", ""(C) none of the other options is correct"", ""(D) incomplete dominant-seventh chord"", ""(E) quartal trichord""]"	(C) none of the other options is correct	C
e985476a-4a35-5c5e-ab62-1ba2b3907a61	10	perception	harmony	absolute	harmony-absolute	harmonic-recognition		chord recognition	What is the chord at the {target_index} position considering all the voices?	"[""target_index""]"	get_harmonic_chord			"{""target_index"": ""41st""}"	What is the chord at the 41st position considering all the voices?	Bach_IchStehAnDeinerKrippe	chorale-bricks	Bach_IchStehAnDeinerKrippe	data/chorale-bricks/Bach_IchStehAnDeinerKrippe	major triad	"[""Major Third"", ""diminished triad"", ""incomplete dominant-seventh chord"", ""minor triad"", ""quartal trichord""]"	"[""incomplete dominant-seventh chord"", ""diminished triad"", ""quartal trichord"", ""Major Third"", ""minor triad""]"	symbolic	symbolic.abc.txt	data/chorale-bricks/Bach_IchStehAnDeinerKrippe/symbolic.abc.txt	major triad	"[""major triad"", ""none of the other options is correct"", ""incomplete dominant-seventh chord"", ""diminished triad"", ""quartal trichord""]"	0.2	0	"[""A"", ""B"", ""C"", ""D"", ""E""]"	"{""A"": ""major triad"", ""B"": ""diminished triad"", ""C"": ""none of the other options is correct"", ""D"": ""incomplete dominant-seventh chord"", ""E"": ""quartal trichord""}"	"[""(A) major triad"", ""(B) diminished triad"", ""(C) none of the other options is correct"", ""(D) incomplete dominant-seventh chord"", ""(E) quartal trichord""]"	(A) major triad	A
c959bd9c-bdcd-5e23-9441-ba3d80566a65	10	perception	harmony	absolute	harmony-absolute	harmonic-recognition		chord recognition	What is the chord at the {target_index} position considering all the voices?	"[""target_index""]"	get_harmonic_chord			"{""target_index"": ""41st""}"	What is the chord at the 41st position considering all the voices?	Bach_IchStehAnDeinerKrippe	chorale-bricks	Bach_IchStehAnDeinerKrippe	data/chorale-bricks/Bach_IchStehAnDeinerKrippe	major triad	"[""Major Third"", ""diminished triad"", ""incomplete dominant-seventh chord"", ""minor triad"", ""quartal trichord""]"	"[""incomplete dominant-seventh chord"", ""diminished triad"", ""quartal trichord"", ""Major Third"", ""minor triad""]"	visual	visual.short.png	data/chorale-bricks/Bach_IchStehAnDeinerKrippe/visual.short.png	none of the other options is correct	"[""none of the other options is correct"", ""incomplete dominant-seventh chord"", ""diminished triad"", ""quartal trichord"", ""Major Third""]"	0.2	1	"[""A"", ""B"", ""C"", ""D"", ""E""]"	"{""A"": ""diminished triad"", ""B"": ""quartal trichord"", ""C"": ""Major Third"", ""D"": ""none of the other options is correct"", ""E"": ""incomplete dominant-seventh chord""}"	"[""(A) diminished triad"", ""(B) quartal trichord"", ""(C) Major Third"", ""(D) none of the other options is correct"", ""(E) incomplete dominant-seventh chord""]"	(D) none of the other options is correct	D
4635b3f5-3ac5-5364-ba3e-9b2160fd36f3	10	perception	harmony	absolute	harmony-absolute	harmonic-recognition		chord recognition	What is the chord at the {target_index} position considering all the voices?	"[""target_index""]"	get_harmonic_chord			"{""target_index"": ""39th""}"	What is the chord at the 39th position considering all the voices?	Bach_IchStehAnDeinerKrippe	chorale-bricks	Bach_IchStehAnDeinerKrippe	data/chorale-bricks/Bach_IchStehAnDeinerKrippe	major triad	"[""Major Third"", ""diminished triad"", ""incomplete dominant-seventh chord"", ""minor triad"", ""quartal trichord""]"	"[""quartal trichord"", ""minor triad"", ""incomplete dominant-seventh chord"", ""Major Third"", ""diminished triad""]"	audio	audio.mastermix.wav	data/chorale-bricks/Bach_IchStehAnDeinerKrippe/audio.mastermix.wav	major triad	"[""major triad"", ""none of the other options is correct"", ""quartal trichord"", ""minor triad"", ""incomplete dominant-seventh chord""]"	0.2	0	"[""A"", ""B"", ""C"", ""D"", ""E""]"	"{""A"": ""minor triad"", ""B"": ""none of the other options is correct"", ""C"": ""incomplete dominant-seventh chord"", ""D"": ""quartal trichord"", ""E"": ""major triad""}"	"[""(A) minor triad"", ""(B) none of the other options is correct"", ""(C) incomplete dominant-seventh chord"", ""(D) quartal trichord"", ""(E) major triad""]"	(E) major triad	E
42f731c9-1f00-5f7c-83c5-523a230caedb	10	perception	harmony	absolute	harmony-absolute	harmonic-recognition		chord recognition	What is the chord at the {target_index} position considering all the voices?	"[""target_index""]"	get_harmonic_chord			"{""target_index"": ""39th""}"	What is the chord at the 39th position considering all the voices?	Bach_IchStehAnDeinerKrippe	chorale-bricks	Bach_IchStehAnDeinerKrippe	data/chorale-bricks/Bach_IchStehAnDeinerKrippe	major triad	"[""Major Third"", ""diminished triad"", ""incomplete dominant-seventh chord"", ""minor triad"", ""quartal trichord""]"	"[""quartal trichord"", ""minor triad"", ""incomplete dominant-seventh chord"", ""Major Third"", ""diminished triad""]"	symbolic	symbolic.abc.txt	data/chorale-bricks/Bach_IchStehAnDeinerKrippe/symbolic.abc.txt	major triad	"[""major triad"", ""none of the other options is correct"", ""quartal trichord"", ""minor triad"", ""incomplete dominant-seventh chord""]"	0.2	0	"[""A"", ""B"", ""C"", ""D"", ""E""]"	"{""A"": ""none of the other options is correct"", ""B"": ""incomplete dominant-seventh chord"", ""C"": ""major triad"", ""D"": ""quartal trichord"", ""E"": ""minor triad""}"	"[""(A) none of the other options is correct"", ""(B) incomplete dominant-seventh chord"", ""(C) major triad"", ""(D) quartal trichord"", ""(E) minor triad""]"	(C) major triad	C
fe709824-5c09-523f-b658-7a8bb7135f10	10	perception	harmony	absolute	harmony-absolute	harmonic-recognition		chord recognition	What is the chord at the {target_index} position considering all the voices?	"[""target_index""]"	get_harmonic_chord			"{""target_index"": ""39th""}"	What is the chord at the 39th position considering all the voices?	Bach_IchStehAnDeinerKrippe	chorale-bricks	Bach_IchStehAnDeinerKrippe	data/chorale-bricks/Bach_IchStehAnDeinerKrippe	major triad	"[""Major Third"", ""diminished triad"", ""incomplete dominant-seventh chord"", ""minor triad"", ""quartal trichord""]"	"[""quartal trichord"", ""minor triad"", ""incomplete dominant-seventh chord"", ""Major Third"", ""diminished triad""]"	visual	visual.short.png	data/chorale-bricks/Bach_IchStehAnDeinerKrippe/visual.short.png	major triad	"[""major triad"", ""none of the other options is correct"", ""quartal trichord"", ""minor triad"", ""incomplete dominant-seventh chord""]"	0.2	0	"[""A"", ""B"", ""C"", ""D"", ""E""]"	"{""A"": ""major triad"", ""B"": ""incomplete dominant-seventh chord"", ""C"": ""quartal trichord"", ""D"": ""minor triad"", ""E"": ""none of the other options is correct""}"	"[""(A) major triad"", ""(B) incomplete dominant-seventh chord"", ""(C) quartal trichord"", ""(D) minor triad"", ""(E) none of the other options is correct""]"	(A) major triad	A
1b849b98-46e3-5f3c-9738-a819bfed91ad	10	perception	harmony	absolute	harmony-absolute	harmonic-recognition		chord recognition	What is the chord at the {target_index} position considering all the voices?	"[""target_index""]"	get_harmonic_chord			"{""target_index"": ""16th""}"	What is the chord at the 16th position considering all the voices?	Bach_IchStehAnDeinerKrippe	chorale-bricks	Bach_IchStehAnDeinerKrippe	data/chorale-bricks/Bach_IchStehAnDeinerKrippe	major triad	"[""Major Third"", ""diminished triad"", ""incomplete dominant-seventh chord"", ""minor triad"", ""quartal trichord""]"	"[""incomplete dominant-seventh chord"", ""diminished triad"", ""minor triad"", ""quartal trichord"", ""Major Third""]"	audio	audio.mastermix.wav	data/chorale-bricks/Bach_IchStehAnDeinerKrippe/audio.mastermix.wav	major triad	"[""major triad"", ""none of the other options is correct"", ""incomplete dominant-seventh chord"", ""diminished triad"", ""minor triad""]"	0.2	0	"[""A"", ""B"", ""C"", ""D"", ""E""]"	"{""A"": ""diminished triad"", ""B"": ""major triad"", ""C"": ""incomplete dominant-seventh chord"", ""D"": ""minor triad"", ""E"": ""none of the other options is correct""}"	"[""(A) diminished triad"", ""(B) major triad"", ""(C) incomplete dominant-seventh chord"", ""(D) minor triad"", ""(E) none of the other options is correct""]"	(B) major triad	B
4e0024a5-0c4c-5ccd-8cb2-aa5d37e8d2a0	10	perception	harmony	absolute	harmony-absolute	harmonic-recognition		chord recognition	What is the chord at the {target_index} position considering all the voices?	"[""target_index""]"	get_harmonic_chord			"{""target_index"": ""16th""}"	What is the chord at the 16th position considering all the voices?	Bach_IchStehAnDeinerKrippe	chorale-bricks	Bach_IchStehAnDeinerKrippe	data/chorale-bricks/Bach_IchStehAnDeinerKrippe	major triad	"[""Major Third"", ""diminished triad"", ""incomplete dominant-seventh chord"", ""minor triad"", ""quartal trichord""]"	"[""incomplete dominant-seventh chord"", ""diminished triad"", ""minor triad"", ""quartal trichord"", ""Major Third""]"	symbolic	symbolic.abc.txt	data/chorale-bricks/Bach_IchStehAnDeinerKrippe/symbolic.abc.txt	major triad	"[""major triad"", ""none of the other options is correct"", ""incomplete dominant-seventh chord"", ""diminished triad"", ""minor triad""]"	0.2	0	"[""A"", ""B"", ""C"", ""D"", ""E""]"	"{""A"": ""minor triad"", ""B"": ""major triad"", ""C"": ""incomplete dominant-seventh chord"", ""D"": ""diminished triad"", ""E"": ""none of the other options is correct""}"	"[""(A) minor triad"", ""(B) major triad"", ""(C) incomplete dominant-seventh chord"", ""(D) diminished triad"", ""(E) none of the other options is correct""]"	(B) major triad	B
05fac9c9-dde4-59fa-af34-b6f9041c3966	10	perception	harmony	absolute	harmony-absolute	harmonic-recognition		chord recognition	What is the chord at the {target_index} position considering all the voices?	"[""target_index""]"	get_harmonic_chord			"{""target_index"": ""16th""}"	What is the chord at the 16th position considering all the voices?	Bach_IchStehAnDeinerKrippe	chorale-bricks	Bach_IchStehAnDeinerKrippe	data/chorale-bricks/Bach_IchStehAnDeinerKrippe	major triad	"[""Major Third"", ""diminished triad"", ""incomplete dominant-seventh chord"", ""minor triad"", ""quartal trichord""]"	"[""incomplete dominant-seventh chord"", ""diminished triad"", ""minor triad"", ""quartal trichord"", ""Major Third""]"	visual	visual.short.png	data/chorale-bricks/Bach_IchStehAnDeinerKrippe/visual.short.png	major triad	"[""major triad"", ""none of the other options is correct"", ""incomplete dominant-seventh chord"", ""diminished triad"", ""minor triad""]"	0.2	0	"[""A"", ""B"", ""C"", ""D"", ""E""]"	"{""A"": ""minor triad"", ""B"": ""incomplete dominant-seventh chord"", ""C"": ""none of the other options is correct"", ""D"": ""diminished triad"", ""E"": ""major triad""}"	"[""(A) minor triad"", ""(B) incomplete dominant-seventh chord"", ""(C) none of the other options is correct"", ""(D) diminished triad"", ""(E) major triad""]"	(E) major triad	E
8f4dca41-713c-5b74-b930-af5e1c5c05bc	10	perception	harmony	absolute	harmony-absolute	harmonic-recognition		chord recognition	What is the chord at the {target_index} position considering all the voices?	"[""target_index""]"	get_harmonic_chord			"{""target_index"": ""18th""}"	What is the chord at the 18th position considering all the voices?	Telemann_DerLiebenSonneLichtUndPracht	chorale-bricks	Telemann_DerLiebenSonneLichtUndPracht	data/chorale-bricks/Telemann_DerLiebenSonneLichtUndPracht	major triad	"[""Major Third"", ""diminished triad"", ""minor seventh chord"", ""minor triad"", ""perfect-fourth major tetrachord"", ""quartal trichord""]"	"[""diminished triad"", ""minor triad"", ""Major Third"", ""perfect-fourth major tetrachord"", ""minor seventh chord"", ""quartal trichord""]"	audio	audio.mastermix.wav	data/chorale-bricks/Telemann_DerLiebenSonneLichtUndPracht/audio.mastermix.wav	major triad	"[""major triad"", ""none of the other options is correct"", ""diminished triad"", ""minor triad"", ""Major Third""]"	0.2	0	"[""A"", ""B"", ""C"", ""D"", ""E""]"	"{""A"": ""diminished triad"", ""B"": ""Major Third"", ""C"": ""none of the other options is correct"", ""D"": ""minor triad"", ""E"": ""major triad""}"	"[""(A) diminished triad"", ""(B) Major Third"", ""(C) none of the other options is correct"", ""(D) minor triad"", ""(E) major triad""]"	(E) major triad	E
76a4a112-2fac-5046-8889-e056b60b86c1	10	perception	harmony	absolute	harmony-absolute	harmonic-recognition		chord recognition	What is the chord at the {target_index} position considering all the voices?	"[""target_index""]"	get_harmonic_chord			"{""target_index"": ""18th""}"	What is the chord at the 18th position considering all the voices?	Telemann_DerLiebenSonneLichtUndPracht	chorale-bricks	Telemann_DerLiebenSonneLichtUndPracht	data/chorale-bricks/Telemann_DerLiebenSonneLichtUndPracht	major triad	"[""Major Third"", ""diminished triad"", ""minor seventh chord"", ""minor triad"", ""perfect-fourth major tetrachord"", ""quartal trichord""]"	"[""diminished triad"", ""minor triad"", ""Major Third"", ""perfect-fourth major tetrachord"", ""minor seventh chord"", ""quartal trichord""]"	symbolic	symbolic.abc.txt	data/chorale-bricks/Telemann_DerLiebenSonneLichtUndPracht/symbolic.abc.txt	major triad	"[""major triad"", ""none of the other options is correct"", ""diminished triad"", ""minor triad"", ""Major Third""]"	0.2	0	"[""A"", ""B"", ""C"", ""D"", ""E""]"	"{""A"": ""major triad"", ""B"": ""Major Third"", ""C"": ""minor triad"", ""D"": ""diminished triad"", ""E"": ""none of the other options is correct""}"	"[""(A) major triad"", ""(B) Major Third"", ""(C) minor triad"", ""(D) diminished triad"", ""(E) none of the other options is correct""]"	(A) major triad	A
9f9d38f2-41bf-5ce1-9d25-74006dc22bc3	10	perception	harmony	absolute	harmony-absolute	harmonic-recognition		chord recognition	What is the chord at the {target_index} position considering all the voices?	"[""target_index""]"	get_harmonic_chord			"{""target_index"": ""18th""}"	What is the chord at the 18th position considering all the voices?	Telemann_DerLiebenSonneLichtUndPracht	chorale-bricks	Telemann_DerLiebenSonneLichtUndPracht	data/chorale-bricks/Telemann_DerLiebenSonneLichtUndPracht	major triad	"[""Major Third"", ""diminished triad"", ""minor seventh chord"", ""minor triad"", ""perfect-fourth major tetrachord"", ""quartal trichord""]"	"[""diminished triad"", ""minor triad"", ""Major Third"", ""perfect-fourth major tetrachord"", ""minor seventh chord"", ""quartal trichord""]"	visual	visual.short.png	data/chorale-bricks/Telemann_DerLiebenSonneLichtUndPracht/visual.short.png	major triad	"[""major triad"", ""none of the other options is correct"", ""diminished triad"", ""minor triad"", ""Major Third""]"	0.2	0	"[""A"", ""B"", ""C"", ""D"", ""E""]"	"{""A"": ""major triad"", ""B"": ""Major Third"", ""C"": ""none of the other options is correct"", ""D"": ""diminished triad"", ""E"": ""minor triad""}"	"[""(A) major triad"", ""(B) Major Third"", ""(C) none of the other options is correct"", ""(D) diminished triad"", ""(E) minor triad""]"	(A) major triad	A
e603e797-a6b8-58f4-9d4b-2e997c19124d	10	perception	harmony	absolute	harmony-absolute	harmonic-recognition		chord recognition	What is the chord at the {target_index} position considering all the voices?	"[""target_index""]"	get_harmonic_chord			"{""target_index"": ""48th""}"	What is the chord at the 48th position considering all the voices?	Gesius_BefiehlDuDeineWege	chorale-bricks	Gesius_BefiehlDuDeineWege	data/chorale-bricks/Gesius_BefiehlDuDeineWege	minor triad	"[""Minor Third"", ""major triad"", ""major-second minor tetrachord"", ""quartal trichord""]"	"[""major triad"", ""Minor Third"", ""quartal trichord"", ""major-second minor tetrachord""]"	audio	audio.mastermix.wav	data/chorale-bricks/Gesius_BefiehlDuDeineWege/audio.mastermix.wav	minor triad	"[""minor triad"", ""none of the other options is correct"", ""major triad"", ""Minor Third"", ""quartal trichord""]"	0.2	0	"[""A"", ""B"", ""C"", ""D"", ""E""]"	"{""A"": ""major triad"", ""B"": ""Minor Third"", ""C"": ""none of the other options is correct"", ""D"": ""minor triad"", ""E"": ""quartal trichord""}"	"[""(A) major triad"", ""(B) Minor Third"", ""(C) none of the other options is correct"", ""(D) minor triad"", ""(E) quartal trichord""]"	(D) minor triad	D
c7804fa1-0558-5078-8594-8879f397ab69	10	perception	harmony	absolute	harmony-absolute	harmonic-recognition		chord recognition	What is the chord at the {target_index} position considering all the voices?	"[""target_index""]"	get_harmonic_chord			"{""target_index"": ""48th""}"	What is the chord at the 48th position considering all the voices?	Gesius_BefiehlDuDeineWege	chorale-bricks	Gesius_BefiehlDuDeineWege	data/chorale-bricks/Gesius_BefiehlDuDeineWege	minor triad	"[""Minor Third"", ""major triad"", ""major-second minor tetrachord"", ""quartal trichord""]"	"[""major triad"", ""Minor Third"", ""quartal trichord"", ""major-second minor tetrachord""]"	symbolic	symbolic.abc.txt	data/chorale-bricks/Gesius_BefiehlDuDeineWege/symbolic.abc.txt	none of the other options is correct	"[""none of the other options is correct"", ""major triad"", ""Minor Third"", ""quartal trichord"", ""major-second minor tetrachord""]"	0.2	1	"[""A"", ""B"", ""C"", ""D"", ""E""]"	"{""A"": ""quartal trichord"", ""B"": ""Minor Third"", ""C"": ""none of the other options is correct"", ""D"": ""major-second minor tetrachord"", ""E"": ""major triad""}"	"[""(A) quartal trichord"", ""(B) Minor Third"", ""(C) none of the other options is correct"", ""(D) major-second minor tetrachord"", ""(E) major triad""]"	(C) none of the other options is correct	C
bde40b63-d966-507f-b0dc-dbbed4d0d5a9	10	perception	harmony	absolute	harmony-absolute	harmonic-recognition		chord recognition	What is the chord at the {target_index} position considering all the voices?	"[""target_index""]"	get_harmonic_chord			"{""target_index"": ""48th""}"	What is the chord at the 48th position considering all the voices?	Gesius_BefiehlDuDeineWege	chorale-bricks	Gesius_BefiehlDuDeineWege	data/chorale-bricks/Gesius_BefiehlDuDeineWege	minor triad	"[""Minor Third"", ""major triad"", ""major-second minor tetrachord"", ""quartal trichord""]"	"[""major triad"", ""Minor Third"", ""quartal trichord"", ""major-second minor tetrachord""]"	visual	visual.short.png	data/chorale-bricks/Gesius_BefiehlDuDeineWege/visual.short.png	none of the other options is correct	"[""none of the other options is correct"", ""major triad"", ""Minor Third"", ""quartal trichord"", ""major-second minor tetrachord""]"	0.2	1	"[""A"", ""B"", ""C"", ""D"", ""E""]"	"{""A"": ""major triad"", ""B"": ""quartal trichord"", ""C"": ""none of the other options is correct"", ""D"": ""Minor Third"", ""E"": ""major-second minor tetrachord""}"	"[""(A) major triad"", ""(B) quartal trichord"", ""(C) none of the other options is correct"", ""(D) Minor Third"", ""(E) major-second minor tetrachord""]"	(C) none of the other options is correct	C
1ab80697-0303-5772-8786-cdbe82be0759	10	perception	harmony	absolute	harmony-absolute	harmonic-recognition		chord recognition	What is the chord at the {target_index} position considering all the voices?	"[""target_index""]"	get_harmonic_chord			"{""target_index"": ""9th""}"	What is the chord at the 9th position considering all the voices?	Bach_IchStehAnDeinerKrippe	chorale-bricks	Bach_IchStehAnDeinerKrippe	data/chorale-bricks/Bach_IchStehAnDeinerKrippe	major triad	"[""Major Third"", ""diminished triad"", ""incomplete dominant-seventh chord"", ""minor triad"", ""quartal trichord""]"	"[""minor triad"", ""quartal trichord"", ""Major Third"", ""incomplete dominant-seventh chord"", ""diminished triad""]"	audio	audio.mastermix.wav	data/chorale-bricks/Bach_IchStehAnDeinerKrippe/audio.mastermix.wav	major triad	"[""major triad"", ""none of the other options is correct"", ""minor triad"", ""quartal trichord"", ""Major Third""]"	0.2	0	"[""A"", ""B"", ""C"", ""D"", ""E""]"	"{""A"": ""quartal trichord"", ""B"": ""none of the other options is correct"", ""C"": ""minor triad"", ""D"": ""Major Third"", ""E"": ""major triad""}"	"[""(A) quartal trichord"", ""(B) none of the other options is correct"", ""(C) minor triad"", ""(D) Major Third"", ""(E) major triad""]"	(E) major triad	E
79b720dc-9a48-5fd5-91cb-226aa36f4b07	10	perception	harmony	absolute	harmony-absolute	harmonic-recognition		chord recognition	What is the chord at the {target_index} position considering all the voices?	"[""target_index""]"	get_harmonic_chord			"{""target_index"": ""9th""}"	What is the chord at the 9th position considering all the voices?	Bach_IchStehAnDeinerKrippe	chorale-bricks	Bach_IchStehAnDeinerKrippe	data/chorale-bricks/Bach_IchStehAnDeinerKrippe	major triad	"[""Major Third"", ""diminished triad"", ""incomplete dominant-seventh chord"", ""minor triad"", ""quartal trichord""]"	"[""minor triad"", ""quartal trichord"", ""Major Third"", ""incomplete dominant-seventh chord"", ""diminished triad""]"	symbolic	symbolic.abc.txt	data/chorale-bricks/Bach_IchStehAnDeinerKrippe/symbolic.abc.txt	major triad	"[""major triad"", ""none of the other options is correct"", ""minor triad"", ""quartal trichord"", ""Major Third""]"	0.2	0	"[""A"", ""B"", ""C"", ""D"", ""E""]"	"{""A"": ""major triad"", ""B"": ""none of the other options is correct"", ""C"": ""minor triad"", ""D"": ""Major Third"", ""E"": ""quartal trichord""}"	"[""(A) major triad"", ""(B) none of the other options is correct"", ""(C) minor triad"", ""(D) Major Third"", ""(E) quartal trichord""]"	(A) major triad	A
05928444-dd05-5ffc-b04f-eb7e88426762	10	perception	harmony	absolute	harmony-absolute	harmonic-recognition		chord recognition	What is the chord at the {target_index} position considering all the voices?	"[""target_index""]"	get_harmonic_chord			"{""target_index"": ""9th""}"	What is the chord at the 9th position considering all the voices?	Bach_IchStehAnDeinerKrippe	chorale-bricks	Bach_IchStehAnDeinerKrippe	data/chorale-bricks/Bach_IchStehAnDeinerKrippe	major triad	"[""Major Third"", ""diminished triad"", ""incomplete dominant-seventh chord"", ""minor triad"", ""quartal trichord""]"	"[""minor triad"", ""quartal trichord"", ""Major Third"", ""incomplete dominant-seventh chord"", ""diminished triad""]"	visual	visual.short.png	data/chorale-bricks/Bach_IchStehAnDeinerKrippe/visual.short.png	major triad	"[""major triad"", ""none of the other options is correct"", ""minor triad"", ""quartal trichord"", ""Major Third""]"	0.2	0	"[""A"", ""B"", ""C"", ""D"", ""E""]"	"{""A"": ""Major Third"", ""B"": ""none of the other options is correct"", ""C"": ""quartal trichord"", ""D"": ""major triad"", ""E"": ""minor triad""}"	"[""(A) Major Third"", ""(B) none of the other options is correct"", ""(C) quartal trichord"", ""(D) major triad"", ""(E) minor triad""]"	(D) major triad	D
17f451df-d176-5a78-8ad5-61d856a4b51a	10	perception	harmony	absolute	harmony-absolute	harmonic-recognition		chord recognition	What is the chord at the {target_index} position considering all the voices?	"[""target_index""]"	get_harmonic_chord			"{""target_index"": ""36th""}"	What is the chord at the 36th position considering all the voices?	Bach_IchStehAnDeinerKrippe	chorale-bricks	Bach_IchStehAnDeinerKrippe	data/chorale-bricks/Bach_IchStehAnDeinerKrippe	major triad	"[""Major Third"", ""diminished triad"", ""incomplete dominant-seventh chord"", ""minor triad"", ""quartal trichord""]"	"[""minor triad"", ""diminished triad"", ""Major Third"", ""quartal trichord"", ""incomplete dominant-seventh chord""]"	audio	audio.mastermix.wav	data/chorale-bricks/Bach_IchStehAnDeinerKrippe/audio.mastermix.wav	major triad	"[""major triad"", ""none of the other options is correct"", ""minor triad"", ""diminished triad"", ""Major Third""]"	0.2	0	"[""A"", ""B"", ""C"", ""D"", ""E""]"	"{""A"": ""none of the other options is correct"", ""B"": ""major triad"", ""C"": ""diminished triad"", ""D"": ""Major Third"", ""E"": ""minor triad""}"	"[""(A) none of the other options is correct"", ""(B) major triad"", ""(C) diminished triad"", ""(D) Major Third"", ""(E) minor triad""]"	(B) major triad	B
4e115e71-9f8a-584d-96ff-2f91a122c1bd	10	perception	harmony	absolute	harmony-absolute	harmonic-recognition		chord recognition	What is the chord at the {target_index} position considering all the voices?	"[""target_index""]"	get_harmonic_chord			"{""target_index"": ""36th""}"	What is the chord at the 36th position considering all the voices?	Bach_IchStehAnDeinerKrippe	chorale-bricks	Bach_IchStehAnDeinerKrippe	data/chorale-bricks/Bach_IchStehAnDeinerKrippe	major triad	"[""Major Third"", ""diminished triad"", ""incomplete dominant-seventh chord"", ""minor triad"", ""quartal trichord""]"	"[""minor triad"", ""diminished triad"", ""Major Third"", ""quartal trichord"", ""incomplete dominant-seventh chord""]"	symbolic	symbolic.abc.txt	data/chorale-bricks/Bach_IchStehAnDeinerKrippe/symbolic.abc.txt	major triad	"[""major triad"", ""none of the other options is correct"", ""minor triad"", ""diminished triad"", ""Major Third""]"	0.2	0	"[""A"", ""B"", ""C"", ""D"", ""E""]"	"{""A"": ""major triad"", ""B"": ""Major Third"", ""C"": ""none of the other options is correct"", ""D"": ""diminished triad"", ""E"": ""minor triad""}"	"[""(A) major triad"", ""(B) Major Third"", ""(C) none of the other options is correct"", ""(D) diminished triad"", ""(E) minor triad""]"	(A) major triad	A
e93cd480-7c8a-58cf-b93b-5e439857b4aa	10	perception	harmony	absolute	harmony-absolute	harmonic-recognition		chord recognition	What is the chord at the {target_index} position considering all the voices?	"[""target_index""]"	get_harmonic_chord			"{""target_index"": ""36th""}"	What is the chord at the 36th position considering all the voices?	Bach_IchStehAnDeinerKrippe	chorale-bricks	Bach_IchStehAnDeinerKrippe	data/chorale-bricks/Bach_IchStehAnDeinerKrippe	major triad	"[""Major Third"", ""diminished triad"", ""incomplete dominant-seventh chord"", ""minor triad"", ""quartal trichord""]"	"[""minor triad"", ""diminished triad"", ""Major Third"", ""quartal trichord"", ""incomplete dominant-seventh chord""]"	visual	visual.short.png	data/chorale-bricks/Bach_IchStehAnDeinerKrippe/visual.short.png	major triad	"[""major triad"", ""none of the other options is correct"", ""minor triad"", ""diminished triad"", ""Major Third""]"	0.2	0	"[""A"", ""B"", ""C"", ""D"", ""E""]"	"{""A"": ""diminished triad"", ""B"": ""Major Third"", ""C"": ""major triad"", ""D"": ""minor triad"", ""E"": ""none of the other options is correct""}"	"[""(A) diminished triad"", ""(B) Major Third"", ""(C) major triad"", ""(D) minor triad"", ""(E) none of the other options is correct""]"	(C) major triad	C
3f9a232c-e7e0-5a5c-92e4-815f338539ea	10	perception	harmony	absolute	harmony-absolute	harmonic-recognition		chord recognition	What is the chord at the {target_index} position considering all the voices?	"[""target_index""]"	get_harmonic_chord			"{""target_index"": ""9th""}"	What is the chord at the 9th position considering all the voices?	Drese_JesuGehVoran	chorale-bricks	Drese_JesuGehVoran	data/chorale-bricks/Drese_JesuGehVoran	perfect-fourth major tetrachord	"[""Major Third"", ""diminished triad"", ""major triad"", ""minor triad"", ""quartal trichord""]"	"[""major triad"", ""minor triad"", ""quartal trichord"", ""Major Third"", ""diminished triad""]"	audio	audio.mastermix.wav	data/chorale-bricks/Drese_JesuGehVoran/audio.mastermix.wav	perfect-fourth major tetrachord	"[""perfect-fourth major tetrachord"", ""none of the other options is correct"", ""major triad"", ""minor triad"", ""quartal trichord""]"	0.2	0	"[""A"", ""B"", ""C"", ""D"", ""E""]"	"{""A"": ""major triad"", ""B"": ""quartal trichord"", ""C"": ""none of the other options is correct"", ""D"": ""minor triad"", ""E"": ""perfect-fourth major tetrachord""}"	"[""(A) major triad"", ""(B) quartal trichord"", ""(C) none of the other options is correct"", ""(D) minor triad"", ""(E) perfect-fourth major tetrachord""]"	(E) perfect-fourth major tetrachord	E
35829bd3-97a1-5956-9a77-c229b9926ff2	10	perception	harmony	absolute	harmony-absolute	harmonic-recognition		chord recognition	What is the chord at the {target_index} position considering all the voices?	"[""target_index""]"	get_harmonic_chord			"{""target_index"": ""9th""}"	What is the chord at the 9th position considering all the voices?	Drese_JesuGehVoran	chorale-bricks	Drese_JesuGehVoran	data/chorale-bricks/Drese_JesuGehVoran	perfect-fourth major tetrachord	"[""Major Third"", ""diminished triad"", ""major triad"", ""minor triad"", ""quartal trichord""]"	"[""major triad"", ""minor triad"", ""quartal trichord"", ""Major Third"", ""diminished triad""]"	symbolic	symbolic.abc.txt	data/chorale-bricks/Drese_JesuGehVoran/symbolic.abc.txt	perfect-fourth major tetrachord	"[""perfect-fourth major tetrachord"", ""none of the other options is correct"", ""major triad"", ""minor triad"", ""quartal trichord""]"	0.2	0	"[""A"", ""B"", ""C"", ""D"", ""E""]"	"{""A"": ""quartal trichord"", ""B"": ""minor triad"", ""C"": ""perfect-fourth major tetrachord"", ""D"": ""none of the other options is correct"", ""E"": ""major triad""}"	"[""(A) quartal trichord"", ""(B) minor triad"", ""(C) perfect-fourth major tetrachord"", ""(D) none of the other options is correct"", ""(E) major triad""]"	(C) perfect-fourth major tetrachord	C
1b8a29fc-527a-5d00-a9b4-d4f5a5f20094	10	perception	harmony	absolute	harmony-absolute	harmonic-recognition		chord recognition	What is the chord at the {target_index} position considering all the voices?	"[""target_index""]"	get_harmonic_chord			"{""target_index"": ""9th""}"	What is the chord at the 9th position considering all the voices?	Drese_JesuGehVoran	chorale-bricks	Drese_JesuGehVoran	data/chorale-bricks/Drese_JesuGehVoran	perfect-fourth major tetrachord	"[""Major Third"", ""diminished triad"", ""major triad"", ""minor triad"", ""quartal trichord""]"	"[""major triad"", ""minor triad"", ""quartal trichord"", ""Major Third"", ""diminished triad""]"	visual	visual.short.png	data/chorale-bricks/Drese_JesuGehVoran/visual.short.png	none of the other options is correct	"[""none of the other options is correct"", ""major triad"", ""minor triad"", ""quartal trichord"", ""Major Third""]"	0.2	1	"[""A"", ""B"", ""C"", ""D"", ""E""]"	"{""A"": ""minor triad"", ""B"": ""quartal trichord"", ""C"": ""none of the other options is correct"", ""D"": ""major triad"", ""E"": ""Major Third""}"	"[""(A) minor triad"", ""(B) quartal trichord"", ""(C) none of the other options is correct"", ""(D) major triad"", ""(E) Major Third""]"	(C) none of the other options is correct	C
73e86d55-a9a2-5091-9a31-f6ec86c45f3a	10	perception	harmony	absolute	harmony-absolute	harmonic-recognition		chord recognition	What is the chord at the {target_index} position considering all the voices?	"[""target_index""]"	get_harmonic_chord			"{""target_index"": ""5th""}"	What is the chord at the 5th position considering all the voices?	Vulpius_ChristusDerIstMeinLeben	chorale-bricks	Vulpius_ChristusDerIstMeinLeben	data/chorale-bricks/Vulpius_ChristusDerIstMeinLeben	major triad	"[""Major Third"", ""diminished triad"", ""minor triad"", ""quartal trichord""]"	"[""Major Third"", ""minor triad"", ""quartal trichord"", ""diminished triad""]"	audio	audio.mastermix.wav	data/chorale-bricks/Vulpius_ChristusDerIstMeinLeben/audio.mastermix.wav	major triad	"[""major triad"", ""none of the other options is correct"", ""Major Third"", ""minor triad"", ""quartal trichord""]"	0.2	0	"[""A"", ""B"", ""C"", ""D"", ""E""]"	"{""A"": ""none of the other options is correct"", ""B"": ""Major Third"", ""C"": ""minor triad"", ""D"": ""major triad"", ""E"": ""quartal trichord""}"	"[""(A) none of the other options is correct"", ""(B) Major Third"", ""(C) minor triad"", ""(D) major triad"", ""(E) quartal trichord""]"	(D) major triad	D
851d873f-cab4-5bfa-8694-b1145cc03743	10	perception	harmony	absolute	harmony-absolute	harmonic-recognition		chord recognition	What is the chord at the {target_index} position considering all the voices?	"[""target_index""]"	get_harmonic_chord			"{""target_index"": ""5th""}"	What is the chord at the 5th position considering all the voices?	Vulpius_ChristusDerIstMeinLeben	chorale-bricks	Vulpius_ChristusDerIstMeinLeben	data/chorale-bricks/Vulpius_ChristusDerIstMeinLeben	major triad	"[""Major Third"", ""diminished triad"", ""minor triad"", ""quartal trichord""]"	"[""Major Third"", ""minor triad"", ""quartal trichord"", ""diminished triad""]"	symbolic	symbolic.abc.txt	data/chorale-bricks/Vulpius_ChristusDerIstMeinLeben/symbolic.abc.txt	major triad	"[""major triad"", ""none of the other options is correct"", ""Major Third"", ""minor triad"", ""quartal trichord""]"	0.2	0	"[""A"", ""B"", ""C"", ""D"", ""E""]"	"{""A"": ""major triad"", ""B"": ""quartal trichord"", ""C"": ""minor triad"", ""D"": ""none of the other options is correct"", ""E"": ""Major Third""}"	"[""(A) major triad"", ""(B) quartal trichord"", ""(C) minor triad"", ""(D) none of the other options is correct"", ""(E) Major Third""]"	(A) major triad	A
0bdb5818-2f7d-5150-821b-1d2be25b134b	10	perception	harmony	absolute	harmony-absolute	harmonic-recognition		chord recognition	What is the chord at the {target_index} position considering all the voices?	"[""target_index""]"	get_harmonic_chord			"{""target_index"": ""5th""}"	What is the chord at the 5th position considering all the voices?	Vulpius_ChristusDerIstMeinLeben	chorale-bricks	Vulpius_ChristusDerIstMeinLeben	data/chorale-bricks/Vulpius_ChristusDerIstMeinLeben	major triad	"[""Major Third"", ""diminished triad"", ""minor triad"", ""quartal trichord""]"	"[""Major Third"", ""minor triad"", ""quartal trichord"", ""diminished triad""]"	visual	visual.short.png	data/chorale-bricks/Vulpius_ChristusDerIstMeinLeben/visual.short.png	major triad	"[""major triad"", ""none of the other options is correct"", ""Major Third"", ""minor triad"", ""quartal trichord""]"	0.2	0	"[""A"", ""B"", ""C"", ""D"", ""E""]"	"{""A"": ""quartal trichord"", ""B"": ""none of the other options is correct"", ""C"": ""major triad"", ""D"": ""Major Third"", ""E"": ""minor triad""}"	"[""(A) quartal trichord"", ""(B) none of the other options is correct"", ""(C) major triad"", ""(D) Major Third"", ""(E) minor triad""]"	(C) major triad	C
cad1c8ea-1212-5dad-8a11-a9cc535dbfc0	10	perception	harmony	absolute	harmony-absolute	harmonic-recognition		chord recognition	What is the chord at the {target_index} position considering all the voices?	"[""target_index""]"	get_harmonic_chord			"{""target_index"": ""59th""}"	What is the chord at the 59th position considering all the voices?	Crueger_AufAufMeinHerzMitFreuden	chorale-bricks	Crueger_AufAufMeinHerzMitFreuden	data/chorale-bricks/Crueger_AufAufMeinHerzMitFreuden	major triad	"[""Major Third"", ""Minor Third"", ""diminished triad"", ""incomplete minor-seventh chord"", ""major-second minor tetrachord"", ""minor triad"", ""perfect-fourth major tetrachord"", ""quartal trichord""]"	"[""perfect-fourth major tetrachord"", ""Minor Third"", ""quartal trichord"", ""major-second minor tetrachord"", ""incomplete minor-seventh chord"", ""diminished triad"", ""minor triad"", ""Major Third""]"	audio	audio.mastermix.wav	data/chorale-bricks/Crueger_AufAufMeinHerzMitFreuden/audio.mastermix.wav	major triad	"[""major triad"", ""none of the other options is correct"", ""perfect-fourth major tetrachord"", ""Minor Third"", ""quartal trichord""]"	0.2	0	"[""A"", ""B"", ""C"", ""D"", ""E""]"	"{""A"": ""quartal trichord"", ""B"": ""major triad"", ""C"": ""none of the other options is correct"", ""D"": ""perfect-fourth major tetrachord"", ""E"": ""Minor Third""}"	"[""(A) quartal trichord"", ""(B) major triad"", ""(C) none of the other options is correct"", ""(D) perfect-fourth major tetrachord"", ""(E) Minor Third""]"	(B) major triad	B
63a0a533-e106-52b7-ba2e-987a8bbb5f41	10	perception	harmony	absolute	harmony-absolute	harmonic-recognition		chord recognition	What is the chord at the {target_index} position considering all the voices?	"[""target_index""]"	get_harmonic_chord			"{""target_index"": ""59th""}"	What is the chord at the 59th position considering all the voices?	Crueger_AufAufMeinHerzMitFreuden	chorale-bricks	Crueger_AufAufMeinHerzMitFreuden	data/chorale-bricks/Crueger_AufAufMeinHerzMitFreuden	major triad	"[""Major Third"", ""Minor Third"", ""diminished triad"", ""incomplete minor-seventh chord"", ""major-second minor tetrachord"", ""minor triad"", ""perfect-fourth major tetrachord"", ""quartal trichord""]"	"[""perfect-fourth major tetrachord"", ""Minor Third"", ""quartal trichord"", ""major-second minor tetrachord"", ""incomplete minor-seventh chord"", ""diminished triad"", ""minor triad"", ""Major Third""]"	symbolic	symbolic.abc.txt	data/chorale-bricks/Crueger_AufAufMeinHerzMitFreuden/symbolic.abc.txt	major triad	"[""major triad"", ""none of the other options is correct"", ""perfect-fourth major tetrachord"", ""Minor Third"", ""quartal trichord""]"	0.2	0	"[""A"", ""B"", ""C"", ""D"", ""E""]"	"{""A"": ""major triad"", ""B"": ""perfect-fourth major tetrachord"", ""C"": ""quartal trichord"", ""D"": ""Minor Third"", ""E"": ""none of the other options is correct""}"	"[""(A) major triad"", ""(B) perfect-fourth major tetrachord"", ""(C) quartal trichord"", ""(D) Minor Third"", ""(E) none of the other options is correct""]"	(A) major triad	A
180c1011-c501-5109-9c0d-b4399b6c0827	10	perception	harmony	absolute	harmony-absolute	harmonic-recognition		chord recognition	What is the chord at the {target_index} position considering all the voices?	"[""target_index""]"	get_harmonic_chord			"{""target_index"": ""59th""}"	What is the chord at the 59th position considering all the voices?	Crueger_AufAufMeinHerzMitFreuden	chorale-bricks	Crueger_AufAufMeinHerzMitFreuden	data/chorale-bricks/Crueger_AufAufMeinHerzMitFreuden	major triad	"[""Major Third"", ""Minor Third"", ""diminished triad"", ""incomplete minor-seventh chord"", ""major-second minor tetrachord"", ""minor triad"", ""perfect-fourth major tetrachord"", ""quartal trichord""]"	"[""perfect-fourth major tetrachord"", ""Minor Third"", ""quartal trichord"", ""major-second minor tetrachord"", ""incomplete minor-seventh chord"", ""diminished triad"", ""minor triad"", ""Major Third""]"	visual	visual.short.png	data/chorale-bricks/Crueger_AufAufMeinHerzMitFreuden/visual.short.png	major triad	"[""major triad"", ""none of the other options is correct"", ""perfect-fourth major tetrachord"", ""Minor Third"", ""quartal trichord""]"	0.2	0	"[""A"", ""B"", ""C"", ""D"", ""E""]"	"{""A"": ""quartal trichord"", ""B"": ""none of the other options is correct"", ""C"": ""perfect-fourth major tetrachord"", ""D"": ""Minor Third"", ""E"": ""major triad""}"	"[""(A) quartal trichord"", ""(B) none of the other options is correct"", ""(C) perfect-fourth major tetrachord"", ""(D) Minor Third"", ""(E) major triad""]"	(E) major triad	E
12836fc7-04ee-53d9-ae53-2d59a6b6823d	10	perception	harmony	absolute	harmony-absolute	harmonic-recognition		chord recognition	What is the chord at the {target_index} position considering all the voices?	"[""target_index""]"	get_harmonic_chord			"{""target_index"": ""37th""}"	What is the chord at the 37th position considering all the voices?	Anonymous_AusMeinesHerzensGrunde	chorale-bricks	Anonymous_AusMeinesHerzensGrunde	data/chorale-bricks/Anonymous_AusMeinesHerzensGrunde	incomplete minor-seventh chord	"[""Major Third"", ""diminished triad"", ""major triad"", ""major-second major tetrachord"", ""minor triad"", ""quartal trichord""]"	"[""major-second major tetrachord"", ""Major Third"", ""quartal trichord"", ""minor triad"", ""major triad"", ""diminished triad""]"	audio	audio.mastermix.wav	data/chorale-bricks/Anonymous_AusMeinesHerzensGrunde/audio.mastermix.wav	incomplete minor-seventh chord	"[""incomplete minor-seventh chord"", ""none of the other options is correct"", ""major-second major tetrachord"", ""Major Third"", ""quartal trichord""]"	0.2	0	"[""A"", ""B"", ""C"", ""D"", ""E""]"	"{""A"": ""major-second major tetrachord"", ""B"": ""none of the other options is correct"", ""C"": ""Major Third"", ""D"": ""incomplete minor-seventh chord"", ""E"": ""quartal trichord""}"	"[""(A) major-second major tetrachord"", ""(B) none of the other options is correct"", ""(C) Major Third"", ""(D) incomplete minor-seventh chord"", ""(E) quartal trichord""]"	(D) incomplete minor-seventh chord	D
33f0bf8c-2309-53f5-a7e1-c703dea58ec3	10	perception	harmony	absolute	harmony-absolute	harmonic-recognition		chord recognition	What is the chord at the {target_index} position considering all the voices?	"[""target_index""]"	get_harmonic_chord			"{""target_index"": ""37th""}"	What is the chord at the 37th position considering all the voices?	Anonymous_AusMeinesHerzensGrunde	chorale-bricks	Anonymous_AusMeinesHerzensGrunde	data/chorale-bricks/Anonymous_AusMeinesHerzensGrunde	incomplete minor-seventh chord	"[""Major Third"", ""diminished triad"", ""major triad"", ""major-second major tetrachord"", ""minor triad"", ""quartal trichord""]"	"[""major-second major tetrachord"", ""Major Third"", ""quartal trichord"", ""minor triad"", ""major triad"", ""diminished triad""]"	symbolic	symbolic.abc.txt	data/chorale-bricks/Anonymous_AusMeinesHerzensGrunde/symbolic.abc.txt	incomplete minor-seventh chord	"[""incomplete minor-seventh chord"", ""none of the other options is correct"", ""major-second major tetrachord"", ""Major Third"", ""quartal trichord""]"	0.2	0	"[""A"", ""B"", ""C"", ""D"", ""E""]"	"{""A"": ""none of the other options is correct"", ""B"": ""major-second major tetrachord"", ""C"": ""quartal trichord"", ""D"": ""Major Third"", ""E"": ""incomplete minor-seventh chord""}"	"[""(A) none of the other options is correct"", ""(B) major-second major tetrachord"", ""(C) quartal trichord"", ""(D) Major Third"", ""(E) incomplete minor-seventh chord""]"	(E) incomplete minor-seventh chord	E
5efb27f4-1b4b-5705-a9da-0974733c3a12	10	perception	harmony	absolute	harmony-absolute	harmonic-recognition		chord recognition	What is the chord at the {target_index} position considering all the voices?	"[""target_index""]"	get_harmonic_chord			"{""target_index"": ""37th""}"	What is the chord at the 37th position considering all the voices?	Anonymous_AusMeinesHerzensGrunde	chorale-bricks	Anonymous_AusMeinesHerzensGrunde	data/chorale-bricks/Anonymous_AusMeinesHerzensGrunde	incomplete minor-seventh chord	"[""Major Third"", ""diminished triad"", ""major triad"", ""major-second major tetrachord"", ""minor triad"", ""quartal trichord""]"	"[""major-second major tetrachord"", ""Major Third"", ""quartal trichord"", ""minor triad"", ""major triad"", ""diminished triad""]"	visual	visual.short.png	data/chorale-bricks/Anonymous_AusMeinesHerzensGrunde/visual.short.png	incomplete minor-seventh chord	"[""incomplete minor-seventh chord"", ""none of the other options is correct"", ""major-second major tetrachord"", ""Major Third"", ""quartal trichord""]"	0.2	0	"[""A"", ""B"", ""C"", ""D"", ""E""]"	"{""A"": ""quartal trichord"", ""B"": ""major-second major tetrachord"", ""C"": ""none of the other options is correct"", ""D"": ""Major Third"", ""E"": ""incomplete minor-seventh chord""}"	"[""(A) quartal trichord"", ""(B) major-second major tetrachord"", ""(C) none of the other options is correct"", ""(D) Major Third"", ""(E) incomplete minor-seventh chord""]"	(E) incomplete minor-seventh chord	E
cefc6855-5026-5bad-b641-36ef8f05a562	10	perception	harmony	absolute	harmony-absolute	harmonic-recognition		chord recognition	What is the chord at the {target_index} position considering all the voices?	"[""target_index""]"	get_harmonic_chord			"{""target_index"": ""50th""}"	What is the chord at the 50th position considering all the voices?	Bach_IchStehAnDeinerKrippe	chorale-bricks	Bach_IchStehAnDeinerKrippe	data/chorale-bricks/Bach_IchStehAnDeinerKrippe	major triad	"[""Major Third"", ""diminished triad"", ""incomplete dominant-seventh chord"", ""minor triad"", ""quartal trichord""]"	"[""incomplete dominant-seventh chord"", ""diminished triad"", ""quartal trichord"", ""minor triad"", ""Major Third""]"	audio	audio.mastermix.wav	data/chorale-bricks/Bach_IchStehAnDeinerKrippe/audio.mastermix.wav	major triad	"[""major triad"", ""none of the other options is correct"", ""incomplete dominant-seventh chord"", ""diminished triad"", ""quartal trichord""]"	0.2	0	"[""A"", ""B"", ""C"", ""D"", ""E""]"	"{""A"": ""diminished triad"", ""B"": ""incomplete dominant-seventh chord"", ""C"": ""none of the other options is correct"", ""D"": ""major triad"", ""E"": ""quartal trichord""}"	"[""(A) diminished triad"", ""(B) incomplete dominant-seventh chord"", ""(C) none of the other options is correct"", ""(D) major triad"", ""(E) quartal trichord""]"	(D) major triad	D
452446e2-4eb4-564b-b813-d0a030ef4026	10	perception	harmony	absolute	harmony-absolute	harmonic-recognition		chord recognition	What is the chord at the {target_index} position considering all the voices?	"[""target_index""]"	get_harmonic_chord			"{""target_index"": ""50th""}"	What is the chord at the 50th position considering all the voices?	Bach_IchStehAnDeinerKrippe	chorale-bricks	Bach_IchStehAnDeinerKrippe	data/chorale-bricks/Bach_IchStehAnDeinerKrippe	major triad	"[""Major Third"", ""diminished triad"", ""incomplete dominant-seventh chord"", ""minor triad"", ""quartal trichord""]"	"[""incomplete dominant-seventh chord"", ""diminished triad"", ""quartal trichord"", ""minor triad"", ""Major Third""]"	symbolic	symbolic.abc.txt	data/chorale-bricks/Bach_IchStehAnDeinerKrippe/symbolic.abc.txt	major triad	"[""major triad"", ""none of the other options is correct"", ""incomplete dominant-seventh chord"", ""diminished triad"", ""quartal trichord""]"	0.2	0	"[""A"", ""B"", ""C"", ""D"", ""E""]"	"{""A"": ""incomplete dominant-seventh chord"", ""B"": ""diminished triad"", ""C"": ""none of the other options is correct"", ""D"": ""quartal trichord"", ""E"": ""major triad""}"	"[""(A) incomplete dominant-seventh chord"", ""(B) diminished triad"", ""(C) none of the other options is correct"", ""(D) quartal trichord"", ""(E) major triad""]"	(E) major triad	E
44514c3d-9ab8-5be4-8d84-fcadc9e912d6	10	perception	harmony	absolute	harmony-absolute	harmonic-recognition		chord recognition	What is the chord at the {target_index} position considering all the voices?	"[""target_index""]"	get_harmonic_chord			"{""target_index"": ""50th""}"	What is the chord at the 50th position considering all the voices?	Bach_IchStehAnDeinerKrippe	chorale-bricks	Bach_IchStehAnDeinerKrippe	data/chorale-bricks/Bach_IchStehAnDeinerKrippe	major triad	"[""Major Third"", ""diminished triad"", ""incomplete dominant-seventh chord"", ""minor triad"", ""quartal trichord""]"	"[""incomplete dominant-seventh chord"", ""diminished triad"", ""quartal trichord"", ""minor triad"", ""Major Third""]"	visual	visual.short.png	data/chorale-bricks/Bach_IchStehAnDeinerKrippe/visual.short.png	major triad	"[""major triad"", ""none of the other options is correct"", ""incomplete dominant-seventh chord"", ""diminished triad"", ""quartal trichord""]"	0.2	0	"[""A"", ""B"", ""C"", ""D"", ""E""]"	"{""A"": ""incomplete dominant-seventh chord"", ""B"": ""none of the other options is correct"", ""C"": ""quartal trichord"", ""D"": ""diminished triad"", ""E"": ""major triad""}"	"[""(A) incomplete dominant-seventh chord"", ""(B) none of the other options is correct"", ""(C) quartal trichord"", ""(D) diminished triad"", ""(E) major triad""]"	(E) major triad	E
05f2a410-f761-52c3-87e1-4d4f4db63387	10	perception	harmony	absolute	harmony-absolute	harmonic-recognition		chord recognition	What is the chord at the {target_index} position considering all the voices?	"[""target_index""]"	get_harmonic_chord			"{""target_index"": ""6th""}"	What is the chord at the 6th position considering all the voices?	Crueger_AufAufMeinHerzMitFreuden	chorale-bricks	Crueger_AufAufMeinHerzMitFreuden	data/chorale-bricks/Crueger_AufAufMeinHerzMitFreuden	quartal trichord	"[""Major Third"", ""Minor Third"", ""diminished triad"", ""incomplete minor-seventh chord"", ""major triad"", ""major-second minor tetrachord"", ""minor triad"", ""perfect-fourth major tetrachord""]"	"[""minor triad"", ""perfect-fourth major tetrachord"", ""major-second minor tetrachord"", ""incomplete minor-seventh chord"", ""major triad"", ""Minor Third"", ""diminished triad"", ""Major Third""]"	audio	audio.mastermix.wav	data/chorale-bricks/Crueger_AufAufMeinHerzMitFreuden/audio.mastermix.wav	quartal trichord	"[""quartal trichord"", ""none of the other options is correct"", ""minor triad"", ""perfect-fourth major tetrachord"", ""major-second minor tetrachord""]"	0.2	0	"[""A"", ""B"", ""C"", ""D"", ""E""]"	"{""A"": ""minor triad"", ""B"": ""major-second minor tetrachord"", ""C"": ""none of the other options is correct"", ""D"": ""perfect-fourth major tetrachord"", ""E"": ""quartal trichord""}"	"[""(A) minor triad"", ""(B) major-second minor tetrachord"", ""(C) none of the other options is correct"", ""(D) perfect-fourth major tetrachord"", ""(E) quartal trichord""]"	(E) quartal trichord	E
b2103cfa-6c88-5d72-af80-09838ad308bb	10	perception	harmony	absolute	harmony-absolute	harmonic-recognition		chord recognition	What is the chord at the {target_index} position considering all the voices?	"[""target_index""]"	get_harmonic_chord			"{""target_index"": ""6th""}"	What is the chord at the 6th position considering all the voices?	Crueger_AufAufMeinHerzMitFreuden	chorale-bricks	Crueger_AufAufMeinHerzMitFreuden	data/chorale-bricks/Crueger_AufAufMeinHerzMitFreuden	quartal trichord	"[""Major Third"", ""Minor Third"", ""diminished triad"", ""incomplete minor-seventh chord"", ""major triad"", ""major-second minor tetrachord"", ""minor triad"", ""perfect-fourth major tetrachord""]"	"[""minor triad"", ""perfect-fourth major tetrachord"", ""major-second minor tetrachord"", ""incomplete minor-seventh chord"", ""major triad"", ""Minor Third"", ""diminished triad"", ""Major Third""]"	symbolic	symbolic.abc.txt	data/chorale-bricks/Crueger_AufAufMeinHerzMitFreuden/symbolic.abc.txt	quartal trichord	"[""quartal trichord"", ""none of the other options is correct"", ""minor triad"", ""perfect-fourth major tetrachord"", ""major-second minor tetrachord""]"	0.2	0	"[""A"", ""B"", ""C"", ""D"", ""E""]"	"{""A"": ""quartal trichord"", ""B"": ""minor triad"", ""C"": ""major-second minor tetrachord"", ""D"": ""none of the other options is correct"", ""E"": ""perfect-fourth major tetrachord""}"	"[""(A) quartal trichord"", ""(B) minor triad"", ""(C) major-second minor tetrachord"", ""(D) none of the other options is correct"", ""(E) perfect-fourth major tetrachord""]"	(A) quartal trichord	A
2c7557b3-757b-5cc7-8b70-23312b82db1b	10	perception	harmony	absolute	harmony-absolute	harmonic-recognition		chord recognition	What is the chord at the {target_index} position considering all the voices?	"[""target_index""]"	get_harmonic_chord			"{""target_index"": ""6th""}"	What is the chord at the 6th position considering all the voices?	Crueger_AufAufMeinHerzMitFreuden	chorale-bricks	Crueger_AufAufMeinHerzMitFreuden	data/chorale-bricks/Crueger_AufAufMeinHerzMitFreuden	quartal trichord	"[""Major Third"", ""Minor Third"", ""diminished triad"", ""incomplete minor-seventh chord"", ""major triad"", ""major-second minor tetrachord"", ""minor triad"", ""perfect-fourth major tetrachord""]"	"[""minor triad"", ""perfect-fourth major tetrachord"", ""major-second minor tetrachord"", ""incomplete minor-seventh chord"", ""major triad"", ""Minor Third"", ""diminished triad"", ""Major Third""]"	visual	visual.short.png	data/chorale-bricks/Crueger_AufAufMeinHerzMitFreuden/visual.short.png	quartal trichord	"[""quartal trichord"", ""none of the other options is correct"", ""minor triad"", ""perfect-fourth major tetrachord"", ""major-second minor tetrachord""]"	0.2	0	"[""A"", ""B"", ""C"", ""D"", ""E""]"	"{""A"": ""major-second minor tetrachord"", ""B"": ""quartal trichord"", ""C"": ""perfect-fourth major tetrachord"", ""D"": ""none of the other options is correct"", ""E"": ""minor triad""}"	"[""(A) major-second minor tetrachord"", ""(B) quartal trichord"", ""(C) perfect-fourth major tetrachord"", ""(D) none of the other options is correct"", ""(E) minor triad""]"	(B) quartal trichord	B
9c6871e9-5e19-50a1-93fd-da10d19820c5	10	perception	harmony	absolute	harmony-absolute	harmonic-recognition		chord recognition	What is the chord at the {target_index} position considering all the voices?	"[""target_index""]"	get_harmonic_chord			"{""target_index"": ""27th""}"	What is the chord at the 27th position considering all the voices?	Jan_DuGrosserSchmerzensmann	chorale-bricks	Jan_DuGrosserSchmerzensmann	data/chorale-bricks/Jan_DuGrosserSchmerzensmann	quartal trichord	"[""Minor Third"", ""diminished triad"", ""major triad"", ""minor seventh chord"", ""minor triad""]"	"[""major triad"", ""diminished triad"", ""minor triad"", ""Minor Third"", ""minor seventh chord""]"	audio	audio.mastermix.wav	data/chorale-bricks/Jan_DuGrosserSchmerzensmann/audio.mastermix.wav	quartal trichord	"[""quartal trichord"", ""none of the other options is correct"", ""major triad"", ""diminished triad"", ""minor triad""]"	0.2	0	"[""A"", ""B"", ""C"", ""D"", ""E""]"	"{""A"": ""none of the other options is correct"", ""B"": ""major triad"", ""C"": ""quartal trichord"", ""D"": ""minor triad"", ""E"": ""diminished triad""}"	"[""(A) none of the other options is correct"", ""(B) major triad"", ""(C) quartal trichord"", ""(D) minor triad"", ""(E) diminished triad""]"	(C) quartal trichord	C
fbbec311-d8ab-5a22-8fad-9afc3e2ce6dd	10	perception	harmony	absolute	harmony-absolute	harmonic-recognition		chord recognition	What is the chord at the {target_index} position considering all the voices?	"[""target_index""]"	get_harmonic_chord			"{""target_index"": ""27th""}"	What is the chord at the 27th position considering all the voices?	Jan_DuGrosserSchmerzensmann	chorale-bricks	Jan_DuGrosserSchmerzensmann	data/chorale-bricks/Jan_DuGrosserSchmerzensmann	quartal trichord	"[""Minor Third"", ""diminished triad"", ""major triad"", ""minor seventh chord"", ""minor triad""]"	"[""major triad"", ""diminished triad"", ""minor triad"", ""Minor Third"", ""minor seventh chord""]"	symbolic	symbolic.abc.txt	data/chorale-bricks/Jan_DuGrosserSchmerzensmann/symbolic.abc.txt	none of the other options is correct	"[""none of the other options is correct"", ""major triad"", ""diminished triad"", ""minor triad"", ""Minor Third""]"	0.2	1	"[""A"", ""B"", ""C"", ""D"", ""E""]"	"{""A"": ""Minor Third"", ""B"": ""major triad"", ""C"": ""none of the other options is correct"", ""D"": ""minor triad"", ""E"": ""diminished triad""}"	"[""(A) Minor Third"", ""(B) major triad"", ""(C) none of the other options is correct"", ""(D) minor triad"", ""(E) diminished triad""]"	(C) none of the other options is correct	C
832279de-22ac-5679-9405-2e3e9c48e2ac	10	perception	harmony	absolute	harmony-absolute	harmonic-recognition		chord recognition	What is the chord at the {target_index} position considering all the voices?	"[""target_index""]"	get_harmonic_chord			"{""target_index"": ""27th""}"	What is the chord at the 27th position considering all the voices?	Jan_DuGrosserSchmerzensmann	chorale-bricks	Jan_DuGrosserSchmerzensmann	data/chorale-bricks/Jan_DuGrosserSchmerzensmann	quartal trichord	"[""Minor Third"", ""diminished triad"", ""major triad"", ""minor seventh chord"", ""minor triad""]"	"[""major triad"", ""diminished triad"", ""minor triad"", ""Minor Third"", ""minor seventh chord""]"	visual	visual.short.png	data/chorale-bricks/Jan_DuGrosserSchmerzensmann/visual.short.png	none of the other options is correct	"[""none of the other options is correct"", ""major triad"", ""diminished triad"", ""minor triad"", ""Minor Third""]"	0.2	1	"[""A"", ""B"", ""C"", ""D"", ""E""]"	"{""A"": ""minor triad"", ""B"": ""major triad"", ""C"": ""none of the other options is correct"", ""D"": ""Minor Third"", ""E"": ""diminished triad""}"	"[""(A) minor triad"", ""(B) major triad"", ""(C) none of the other options is correct"", ""(D) Minor Third"", ""(E) diminished triad""]"	(C) none of the other options is correct	C
f8927223-45ea-5b2a-9aff-3cec5833481c	10	perception	harmony	absolute	harmony-absolute	harmonic-recognition		chord recognition	What is the chord at the {target_index} position considering all the voices?	"[""target_index""]"	get_harmonic_chord			"{""target_index"": ""52nd""}"	What is the chord at the 52nd position considering all the voices?	Telemann_DerLiebenSonneLichtUndPracht	chorale-bricks	Telemann_DerLiebenSonneLichtUndPracht	data/chorale-bricks/Telemann_DerLiebenSonneLichtUndPracht	major triad	"[""Major Third"", ""diminished triad"", ""minor seventh chord"", ""minor triad"", ""perfect-fourth major tetrachord"", ""quartal trichord""]"	"[""minor triad"", ""perfect-fourth major tetrachord"", ""minor seventh chord"", ""diminished triad"", ""quartal trichord"", ""Major Third""]"	audio	audio.mastermix.wav	data/chorale-bricks/Telemann_DerLiebenSonneLichtUndPracht/audio.mastermix.wav	major triad	"[""major triad"", ""none of the other options is correct"", ""minor triad"", ""perfect-fourth major tetrachord"", ""minor seventh chord""]"	0.2	0	"[""A"", ""B"", ""C"", ""D"", ""E""]"	"{""A"": ""perfect-fourth major tetrachord"", ""B"": ""minor triad"", ""C"": ""major triad"", ""D"": ""none of the other options is correct"", ""E"": ""minor seventh chord""}"	"[""(A) perfect-fourth major tetrachord"", ""(B) minor triad"", ""(C) major triad"", ""(D) none of the other options is correct"", ""(E) minor seventh chord""]"	(C) major triad	C
c2df8530-2fc3-5aa8-a7b3-1a737f4cbaf1	10	perception	harmony	absolute	harmony-absolute	harmonic-recognition		chord recognition	What is the chord at the {target_index} position considering all the voices?	"[""target_index""]"	get_harmonic_chord			"{""target_index"": ""52nd""}"	What is the chord at the 52nd position considering all the voices?	Telemann_DerLiebenSonneLichtUndPracht	chorale-bricks	Telemann_DerLiebenSonneLichtUndPracht	data/chorale-bricks/Telemann_DerLiebenSonneLichtUndPracht	major triad	"[""Major Third"", ""diminished triad"", ""minor seventh chord"", ""minor triad"", ""perfect-fourth major tetrachord"", ""quartal trichord""]"	"[""minor triad"", ""perfect-fourth major tetrachord"", ""minor seventh chord"", ""diminished triad"", ""quartal trichord"", ""Major Third""]"	symbolic	symbolic.abc.txt	data/chorale-bricks/Telemann_DerLiebenSonneLichtUndPracht/symbolic.abc.txt	none of the other options is correct	"[""none of the other options is correct"", ""minor triad"", ""perfect-fourth major tetrachord"", ""minor seventh chord"", ""diminished triad""]"	0.2	1	"[""A"", ""B"", ""C"", ""D"", ""E""]"	"{""A"": ""perfect-fourth major tetrachord"", ""B"": ""minor seventh chord"", ""C"": ""none of the other options is correct"", ""D"": ""diminished triad"", ""E"": ""minor triad""}"	"[""(A) perfect-fourth major tetrachord"", ""(B) minor seventh chord"", ""(C) none of the other options is correct"", ""(D) diminished triad"", ""(E) minor triad""]"	(C) none of the other options is correct	C
9d22d40d-1ca6-5446-bf20-7d7834752f48	10	perception	harmony	absolute	harmony-absolute	harmonic-recognition		chord recognition	What is the chord at the {target_index} position considering all the voices?	"[""target_index""]"	get_harmonic_chord			"{""target_index"": ""52nd""}"	What is the chord at the 52nd position considering all the voices?	Telemann_DerLiebenSonneLichtUndPracht	chorale-bricks	Telemann_DerLiebenSonneLichtUndPracht	data/chorale-bricks/Telemann_DerLiebenSonneLichtUndPracht	major triad	"[""Major Third"", ""diminished triad"", ""minor seventh chord"", ""minor triad"", ""perfect-fourth major tetrachord"", ""quartal trichord""]"	"[""minor triad"", ""perfect-fourth major tetrachord"", ""minor seventh chord"", ""diminished triad"", ""quartal trichord"", ""Major Third""]"	visual	visual.short.png	data/chorale-bricks/Telemann_DerLiebenSonneLichtUndPracht/visual.short.png	major triad	"[""major triad"", ""none of the other options is correct"", ""minor triad"", ""perfect-fourth major tetrachord"", ""minor seventh chord""]"	0.2	0	"[""A"", ""B"", ""C"", ""D"", ""E""]"	"{""A"": ""minor seventh chord"", ""B"": ""perfect-fourth major tetrachord"", ""C"": ""minor triad"", ""D"": ""major triad"", ""E"": ""none of the other options is correct""}"	"[""(A) minor seventh chord"", ""(B) perfect-fourth major tetrachord"", ""(C) minor triad"", ""(D) major triad"", ""(E) none of the other options is correct""]"	(D) major triad	D
84221ed6-fef1-5810-98da-7522a858b2f5	11	perception	harmony	relative	harmony-relative	harmonic-recognition		cadence recognition	What is the chord progression between the {target_index} chord and the next one?	"[""target_index""]"	get_harmonic_cadence			"{""target_index"": ""45th""}"	What is the chord progression between the 45th chord and the next one?	Jan_DuGrosserSchmerzensmann	chorale-bricks	Jan_DuGrosserSchmerzensmann	data/chorale-bricks/Jan_DuGrosserSchmerzensmann	VI - ii	"[""I - I"", ""I - IV"", ""I - V"", ""I - fI"", ""I - i"", ""I - v"", ""I - vi"", ""II - v"", ""III - III"", ""III - IV"", ""III - VI"", ""III - VII"", ""III - fIII"", ""III - iv"", ""IV - I"", ""IV - V"", ""IV - VII"", ""IV - fIV"", ""IV - i"", ""IV - ii"", ""V - I"", ""V - IV"", ""V - V"", ""V - VI"", ""V - fV"", ""V - i"", ""V - iv"", ""V - v"", ""V - vi"", ""V7 - I"", ""V7 - VI"", ""V7 - fV7"", ""V7 - i"", ""V7 - vi"", ""VI - III"", ""VI - V"", ""VI - VII"", ""VI - fVI"", ""VI - iv"", ""VII - III"", ""VII - IV"", ""VII - VII"", ""VII - i"", ""VII - ii"", ""VII - iv"", ""VII - v"", ""i - I"", ""i - III"", ""i - IV"", ""i - V"", ""i - VI"", ""i - VII"", ""i - fi"", ""i - i"", ""i - iv"", ""ii - III"", ""ii - IV"", ""ii - V"", ""ii - V7"", ""ii - fii"", ""ii - iv"", ""ii - v"", ""ii - vi"", ""ii7 - V"", ""ii7 - fii7"", ""iii - IV"", ""iii - fiii"", ""iii - vi"", ""iv - I"", ""iv - V"", ""iv - VII"", ""iv - fiv"", ""iv - i"", ""iv - ii"", ""v - II"", ""v - III"", ""v - IV"", ""v - V"", ""v - VI"", ""v - fv"", ""v - i"", ""v - v"", ""vi - I"", ""vi - V"", ""vi - fvi"", ""vi - ii"", ""vi - iv"", ""vi - vi"", ""vii - I"", ""vii - fvii"", ""vii - i"", ""vii7 - I"", ""vii7 - fvii7"", ""vii7 - i""]"	"[""i - V"", ""IV - i"", ""III - III"", ""iv - i"", ""i - iv"", ""v - II"", ""v - v"", ""iii - vi"", ""i - fi"", ""iv - ii"", ""iv - VII"", ""v - III"", ""vii7 - I"", ""v - VI"", ""III - IV"", ""ii7 - fii7"", ""V7 - vi"", ""VI - iv"", ""I - v"", ""vi - I"", ""ii - iv"", ""IV - I"", ""ii7 - V"", ""i - III"", ""V - fV"", ""vii7 - i"", ""i - VI"", ""III - VII"", ""iv - fiv"", ""III - VI"", ""V7 - I"", ""ii - IV"", ""V - iv"", ""i - VII"", ""IV - ii"", ""vi - V"", ""I - i"", ""i - I"", ""V - i"", ""VI - fVI"", ""IV - V"", ""V - v"", ""III - iv"", ""vi - vi"", ""I - I"", ""VII - v"", ""I - IV"", ""I - vi"", ""III - fIII"", ""ii - V7"", ""ii - vi"", ""VI - VII"", ""iv - V"", ""V7 - i"", ""V - vi"", ""v - i"", ""v - fv"", ""v - V"", ""i - i"", ""ii - V"", ""VI - III"", ""II - v"", ""V - V"", ""V7 - fV7"", ""VII - ii"", ""iii - fiii"", ""vii - fvii"", ""vii7 - fvii7"", ""V7 - VI"", ""VII - i"", ""vii - I"", ""VI - V"", ""v - IV"", ""I - fI"", ""ii - III"", ""VII - VII"", ""I - V"", ""vi - ii"", ""iv - I"", ""VII - iv"", ""vii - i"", ""IV - fIV"", ""V - VI"", ""i - IV"", ""V - IV"", ""V - I"", ""vi - fvi"", ""ii - v"", ""ii - fii"", ""VII - III"", ""iii - IV"", ""IV - VII"", ""VII - IV"", ""vi - iv""]"	audio	audio.mastermix.wav	data/chorale-bricks/Jan_DuGrosserSchmerzensmann/audio.mastermix.wav	VI - ii	"[""VI - ii"", ""none of the other options is correct"", ""i - V"", ""IV - i"", ""III - III""]"	0.2	0	"[""A"", ""B"", ""C"", ""D"", ""E""]"	"{""A"": ""i - V"", ""B"": ""III - III"", ""C"": ""none of the other options is correct"", ""D"": ""VI - ii"", ""E"": ""IV - i""}"	"[""(A) i - V"", ""(B) III - III"", ""(C) none of the other options is correct"", ""(D) VI - ii"", ""(E) IV - i""]"	(D) VI - ii	D
f61bd9de-36b0-5866-9f9f-ff1f2ec2012c	11	perception	harmony	relative	harmony-relative	harmonic-recognition		cadence recognition	What is the chord progression between the {target_index} chord and the next one?	"[""target_index""]"	get_harmonic_cadence			"{""target_index"": ""45th""}"	What is the chord progression between the 45th chord and the next one?	Jan_DuGrosserSchmerzensmann	chorale-bricks	Jan_DuGrosserSchmerzensmann	data/chorale-bricks/Jan_DuGrosserSchmerzensmann	VI - ii	"[""I - I"", ""I - IV"", ""I - V"", ""I - fI"", ""I - i"", ""I - v"", ""I - vi"", ""II - v"", ""III - III"", ""III - IV"", ""III - VI"", ""III - VII"", ""III - fIII"", ""III - iv"", ""IV - I"", ""IV - V"", ""IV - VII"", ""IV - fIV"", ""IV - i"", ""IV - ii"", ""V - I"", ""V - IV"", ""V - V"", ""V - VI"", ""V - fV"", ""V - i"", ""V - iv"", ""V - v"", ""V - vi"", ""V7 - I"", ""V7 - VI"", ""V7 - fV7"", ""V7 - i"", ""V7 - vi"", ""VI - III"", ""VI - V"", ""VI - VII"", ""VI - fVI"", ""VI - iv"", ""VII - III"", ""VII - IV"", ""VII - VII"", ""VII - i"", ""VII - ii"", ""VII - iv"", ""VII - v"", ""i - I"", ""i - III"", ""i - IV"", ""i - V"", ""i - VI"", ""i - VII"", ""i - fi"", ""i - i"", ""i - iv"", ""ii - III"", ""ii - IV"", ""ii - V"", ""ii - V7"", ""ii - fii"", ""ii - iv"", ""ii - v"", ""ii - vi"", ""ii7 - V"", ""ii7 - fii7"", ""iii - IV"", ""iii - fiii"", ""iii - vi"", ""iv - I"", ""iv - V"", ""iv - VII"", ""iv - fiv"", ""iv - i"", ""iv - ii"", ""v - II"", ""v - III"", ""v - IV"", ""v - V"", ""v - VI"", ""v - fv"", ""v - i"", ""v - v"", ""vi - I"", ""vi - V"", ""vi - fvi"", ""vi - ii"", ""vi - iv"", ""vi - vi"", ""vii - I"", ""vii - fvii"", ""vii - i"", ""vii7 - I"", ""vii7 - fvii7"", ""vii7 - i""]"	"[""i - V"", ""IV - i"", ""III - III"", ""iv - i"", ""i - iv"", ""v - II"", ""v - v"", ""iii - vi"", ""i - fi"", ""iv - ii"", ""iv - VII"", ""v - III"", ""vii7 - I"", ""v - VI"", ""III - IV"", ""ii7 - fii7"", ""V7 - vi"", ""VI - iv"", ""I - v"", ""vi - I"", ""ii - iv"", ""IV - I"", ""ii7 - V"", ""i - III"", ""V - fV"", ""vii7 - i"", ""i - VI"", ""III - VII"", ""iv - fiv"", ""III - VI"", ""V7 - I"", ""ii - IV"", ""V - iv"", ""i - VII"", ""IV - ii"", ""vi - V"", ""I - i"", ""i - I"", ""V - i"", ""VI - fVI"", ""IV - V"", ""V - v"", ""III - iv"", ""vi - vi"", ""I - I"", ""VII - v"", ""I - IV"", ""I - vi"", ""III - fIII"", ""ii - V7"", ""ii - vi"", ""VI - VII"", ""iv - V"", ""V7 - i"", ""V - vi"", ""v - i"", ""v - fv"", ""v - V"", ""i - i"", ""ii - V"", ""VI - III"", ""II - v"", ""V - V"", ""V7 - fV7"", ""VII - ii"", ""iii - fiii"", ""vii - fvii"", ""vii7 - fvii7"", ""V7 - VI"", ""VII - i"", ""vii - I"", ""VI - V"", ""v - IV"", ""I - fI"", ""ii - III"", ""VII - VII"", ""I - V"", ""vi - ii"", ""iv - I"", ""VII - iv"", ""vii - i"", ""IV - fIV"", ""V - VI"", ""i - IV"", ""V - IV"", ""V - I"", ""vi - fvi"", ""ii - v"", ""ii - fii"", ""VII - III"", ""iii - IV"", ""IV - VII"", ""VII - IV"", ""vi - iv""]"	symbolic	symbolic.abc.txt	data/chorale-bricks/Jan_DuGrosserSchmerzensmann/symbolic.abc.txt	VI - ii	"[""VI - ii"", ""none of the other options is correct"", ""i - V"", ""IV - i"", ""III - III""]"	0.2	0	"[""A"", ""B"", ""C"", ""D"", ""E""]"	"{""A"": ""III - III"", ""B"": ""VI - ii"", ""C"": ""none of the other options is correct"", ""D"": ""IV - i"", ""E"": ""i - V""}"	"[""(A) III - III"", ""(B) VI - ii"", ""(C) none of the other options is correct"", ""(D) IV - i"", ""(E) i - V""]"	(B) VI - ii	B
7e574980-ce1e-5d80-bfae-e4099df49a35	11	perception	harmony	relative	harmony-relative	harmonic-recognition		cadence recognition	What is the chord progression between the {target_index} chord and the next one?	"[""target_index""]"	get_harmonic_cadence			"{""target_index"": ""45th""}"	What is the chord progression between the 45th chord and the next one?	Jan_DuGrosserSchmerzensmann	chorale-bricks	Jan_DuGrosserSchmerzensmann	data/chorale-bricks/Jan_DuGrosserSchmerzensmann	VI - ii	"[""I - I"", ""I - IV"", ""I - V"", ""I - fI"", ""I - i"", ""I - v"", ""I - vi"", ""II - v"", ""III - III"", ""III - IV"", ""III - VI"", ""III - VII"", ""III - fIII"", ""III - iv"", ""IV - I"", ""IV - V"", ""IV - VII"", ""IV - fIV"", ""IV - i"", ""IV - ii"", ""V - I"", ""V - IV"", ""V - V"", ""V - VI"", ""V - fV"", ""V - i"", ""V - iv"", ""V - v"", ""V - vi"", ""V7 - I"", ""V7 - VI"", ""V7 - fV7"", ""V7 - i"", ""V7 - vi"", ""VI - III"", ""VI - V"", ""VI - VII"", ""VI - fVI"", ""VI - iv"", ""VII - III"", ""VII - IV"", ""VII - VII"", ""VII - i"", ""VII - ii"", ""VII - iv"", ""VII - v"", ""i - I"", ""i - III"", ""i - IV"", ""i - V"", ""i - VI"", ""i - VII"", ""i - fi"", ""i - i"", ""i - iv"", ""ii - III"", ""ii - IV"", ""ii - V"", ""ii - V7"", ""ii - fii"", ""ii - iv"", ""ii - v"", ""ii - vi"", ""ii7 - V"", ""ii7 - fii7"", ""iii - IV"", ""iii - fiii"", ""iii - vi"", ""iv - I"", ""iv - V"", ""iv - VII"", ""iv - fiv"", ""iv - i"", ""iv - ii"", ""v - II"", ""v - III"", ""v - IV"", ""v - V"", ""v - VI"", ""v - fv"", ""v - i"", ""v - v"", ""vi - I"", ""vi - V"", ""vi - fvi"", ""vi - ii"", ""vi - iv"", ""vi - vi"", ""vii - I"", ""vii - fvii"", ""vii - i"", ""vii7 - I"", ""vii7 - fvii7"", ""vii7 - i""]"	"[""i - V"", ""IV - i"", ""III - III"", ""iv - i"", ""i - iv"", ""v - II"", ""v - v"", ""iii - vi"", ""i - fi"", ""iv - ii"", ""iv - VII"", ""v - III"", ""vii7 - I"", ""v - VI"", ""III - IV"", ""ii7 - fii7"", ""V7 - vi"", ""VI - iv"", ""I - v"", ""vi - I"", ""ii - iv"", ""IV - I"", ""ii7 - V"", ""i - III"", ""V - fV"", ""vii7 - i"", ""i - VI"", ""III - VII"", ""iv - fiv"", ""III - VI"", ""V7 - I"", ""ii - IV"", ""V - iv"", ""i - VII"", ""IV - ii"", ""vi - V"", ""I - i"", ""i - I"", ""V - i"", ""VI - fVI"", ""IV - V"", ""V - v"", ""III - iv"", ""vi - vi"", ""I - I"", ""VII - v"", ""I - IV"", ""I - vi"", ""III - fIII"", ""ii - V7"", ""ii - vi"", ""VI - VII"", ""iv - V"", ""V7 - i"", ""V - vi"", ""v - i"", ""v - fv"", ""v - V"", ""i - i"", ""ii - V"", ""VI - III"", ""II - v"", ""V - V"", ""V7 - fV7"", ""VII - ii"", ""iii - fiii"", ""vii - fvii"", ""vii7 - fvii7"", ""V7 - VI"", ""VII - i"", ""vii - I"", ""VI - V"", ""v - IV"", ""I - fI"", ""ii - III"", ""VII - VII"", ""I - V"", ""vi - ii"", ""iv - I"", ""VII - iv"", ""vii - i"", ""IV - fIV"", ""V - VI"", ""i - IV"", ""V - IV"", ""V - I"", ""vi - fvi"", ""ii - v"", ""ii - fii"", ""VII - III"", ""iii - IV"", ""IV - VII"", ""VII - IV"", ""vi - iv""]"	visual	visual.short.png	data/chorale-bricks/Jan_DuGrosserSchmerzensmann/visual.short.png	none of the other options is correct	"[""none of the other options is correct"", ""i - V"", ""IV - i"", ""III - III"", ""iv - i""]"	0.2	1	"[""A"", ""B"", ""C"", ""D"", ""E""]"	"{""A"": ""III - III"", ""B"": ""i - V"", ""C"": ""none of the other options is correct"", ""D"": ""IV - i"", ""E"": ""iv - i""}"	"[""(A) III - III"", ""(B) i - V"", ""(C) none of the other options is correct"", ""(D) IV - i"", ""(E) iv - i""]"	(C) none of the other options is correct	C
4eeba8f3-f74c-52a8-a88f-0f1aa563a891	11	perception	harmony	relative	harmony-relative	harmonic-recognition		cadence recognition	What is the chord progression between the {target_index} chord and the next one?	"[""target_index""]"	get_harmonic_cadence			"{""target_index"": ""35th""}"	What is the chord progression between the 35th chord and the next one?	Bach_IchStehAnDeinerKrippe	chorale-bricks	Bach_IchStehAnDeinerKrippe	data/chorale-bricks/Bach_IchStehAnDeinerKrippe	III - VI	"[""I - I"", ""I - IV"", ""I - V"", ""I - fI"", ""I - i"", ""I - v"", ""I - vi"", ""II - v"", ""III - III"", ""III - IV"", ""III - VII"", ""III - fIII"", ""III - iv"", ""IV - I"", ""IV - V"", ""IV - VII"", ""IV - fIV"", ""IV - i"", ""IV - ii"", ""V - I"", ""V - IV"", ""V - V"", ""V - VI"", ""V - fV"", ""V - i"", ""V - iv"", ""V - v"", ""V - vi"", ""V7 - I"", ""V7 - VI"", ""V7 - fV7"", ""V7 - i"", ""V7 - vi"", ""VI - III"", ""VI - V"", ""VI - VII"", ""VI - fVI"", ""VI - ii"", ""VI - iv"", ""VII - III"", ""VII - IV"", ""VII - VII"", ""VII - i"", ""VII - ii"", ""VII - iv"", ""VII - v"", ""i - I"", ""i - III"", ""i - IV"", ""i - V"", ""i - VI"", ""i - VII"", ""i - fi"", ""i - i"", ""i - iv"", ""ii - III"", ""ii - IV"", ""ii - V"", ""ii - V7"", ""ii - fii"", ""ii - iv"", ""ii - v"", ""ii - vi"", ""ii7 - V"", ""ii7 - fii7"", ""iii - IV"", ""iii - fiii"", ""iii - vi"", ""iv - I"", ""iv - V"", ""iv - VII"", ""iv - fiv"", ""iv - i"", ""iv - ii"", ""v - II"", ""v - III"", ""v - IV"", ""v - V"", ""v - VI"", ""v - fv"", ""v - i"", ""v - v"", ""vi - I"", ""vi - V"", ""vi - fvi"", ""vi - ii"", ""vi - iv"", ""vi - vi"", ""vii - I"", ""vii - fvii"", ""vii - i"", ""vii7 - I"", ""vii7 - fvii7"", ""vii7 - i""]"	"[""V7 - i"", ""iii - fiii"", ""ii - iv"", ""v - VI"", ""I - IV"", ""VII - iv"", ""v - IV"", ""IV - fIV"", ""III - III"", ""i - V"", ""vii7 - I"", ""ii - V7"", ""v - II"", ""V - i"", ""V7 - vi"", ""IV - V"", ""vii7 - i"", ""VI - VII"", ""i - i"", ""IV - VII"", ""i - VII"", ""vi - I"", ""v - fv"", ""i - fi"", ""I - I"", ""III - fIII"", ""V - fV"", ""VII - i"", ""v - V"", ""V - V"", ""V7 - fV7"", ""III - iv"", ""VI - III"", ""VII - v"", ""III - VII"", ""VII - IV"", ""ii - V"", ""IV - i"", ""vi - V"", ""ii - IV"", ""i - iv"", ""VI - iv"", ""VI - V"", ""iv - V"", ""ii - III"", ""I - vi"", ""vi - iv"", ""v - III"", ""IV - I"", ""iv - ii"", ""i - I"", ""iv - I"", ""I - fI"", ""IV - ii"", ""ii - v"", ""VI - fVI"", ""V - VI"", ""i - VI"", ""V - v"", ""i - IV"", ""V7 - I"", ""V - vi"", ""II - v"", ""ii7 - fii7"", ""V7 - VI"", ""vi - vi"", ""vii - i"", ""VII - III"", ""vi - ii"", ""I - V"", ""VI - ii"", ""ii - fii"", ""V - I"", ""iii - vi"", ""vii - fvii"", ""iv - VII"", ""vi - fvi"", ""iv - i"", ""VII - VII"", ""III - IV"", ""vii7 - fvii7"", ""I - v"", ""v - i"", ""v - v"", ""ii7 - V"", ""iii - IV"", ""I - i"", ""vii - I"", ""ii - vi"", ""V - iv"", ""iv - fiv"", ""VII - ii"", ""i - III"", ""V - IV""]"	audio	audio.mastermix.wav	data/chorale-bricks/Bach_IchStehAnDeinerKrippe/audio.mastermix.wav	III - VI	"[""III - VI"", ""none of the other options is correct"", ""V7 - i"", ""iii - fiii"", ""ii - iv""]"	0.2	0	"[""A"", ""B"", ""C"", ""D"", ""E""]"	"{""A"": ""III - VI"", ""B"": ""ii - iv"", ""C"": ""none of the other options is correct"", ""D"": ""V7 - i"", ""E"": ""iii - fiii""}"	"[""(A) III - VI"", ""(B) ii - iv"", ""(C) none of the other options is correct"", ""(D) V7 - i"", ""(E) iii - fiii""]"	(A) III - VI	A
ea0e6719-cbbf-52e0-aa5e-0da1f9d320f0	11	perception	harmony	relative	harmony-relative	harmonic-recognition		cadence recognition	What is the chord progression between the {target_index} chord and the next one?	"[""target_index""]"	get_harmonic_cadence			"{""target_index"": ""35th""}"	What is the chord progression between the 35th chord and the next one?	Bach_IchStehAnDeinerKrippe	chorale-bricks	Bach_IchStehAnDeinerKrippe	data/chorale-bricks/Bach_IchStehAnDeinerKrippe	III - VI	"[""I - I"", ""I - IV"", ""I - V"", ""I - fI"", ""I - i"", ""I - v"", ""I - vi"", ""II - v"", ""III - III"", ""III - IV"", ""III - VII"", ""III - fIII"", ""III - iv"", ""IV - I"", ""IV - V"", ""IV - VII"", ""IV - fIV"", ""IV - i"", ""IV - ii"", ""V - I"", ""V - IV"", ""V - V"", ""V - VI"", ""V - fV"", ""V - i"", ""V - iv"", ""V - v"", ""V - vi"", ""V7 - I"", ""V7 - VI"", ""V7 - fV7"", ""V7 - i"", ""V7 - vi"", ""VI - III"", ""VI - V"", ""VI - VII"", ""VI - fVI"", ""VI - ii"", ""VI - iv"", ""VII - III"", ""VII - IV"", ""VII - VII"", ""VII - i"", ""VII - ii"", ""VII - iv"", ""VII - v"", ""i - I"", ""i - III"", ""i - IV"", ""i - V"", ""i - VI"", ""i - VII"", ""i - fi"", ""i - i"", ""i - iv"", ""ii - III"", ""ii - IV"", ""ii - V"", ""ii - V7"", ""ii - fii"", ""ii - iv"", ""ii - v"", ""ii - vi"", ""ii7 - V"", ""ii7 - fii7"", ""iii - IV"", ""iii - fiii"", ""iii - vi"", ""iv - I"", ""iv - V"", ""iv - VII"", ""iv - fiv"", ""iv - i"", ""iv - ii"", ""v - II"", ""v - III"", ""v - IV"", ""v - V"", ""v - VI"", ""v - fv"", ""v - i"", ""v - v"", ""vi - I"", ""vi - V"", ""vi - fvi"", ""vi - ii"", ""vi - iv"", ""vi - vi"", ""vii - I"", ""vii - fvii"", ""vii - i"", ""vii7 - I"", ""vii7 - fvii7"", ""vii7 - i""]"	"[""V7 - i"", ""iii - fiii"", ""ii - iv"", ""v - VI"", ""I - IV"", ""VII - iv"", ""v - IV"", ""IV - fIV"", ""III - III"", ""i - V"", ""vii7 - I"", ""ii - V7"", ""v - II"", ""V - i"", ""V7 - vi"", ""IV - V"", ""vii7 - i"", ""VI - VII"", ""i - i"", ""IV - VII"", ""i - VII"", ""vi - I"", ""v - fv"", ""i - fi"", ""I - I"", ""III - fIII"", ""V - fV"", ""VII - i"", ""v - V"", ""V - V"", ""V7 - fV7"", ""III - iv"", ""VI - III"", ""VII - v"", ""III - VII"", ""VII - IV"", ""ii - V"", ""IV - i"", ""vi - V"", ""ii - IV"", ""i - iv"", ""VI - iv"", ""VI - V"", ""iv - V"", ""ii - III"", ""I - vi"", ""vi - iv"", ""v - III"", ""IV - I"", ""iv - ii"", ""i - I"", ""iv - I"", ""I - fI"", ""IV - ii"", ""ii - v"", ""VI - fVI"", ""V - VI"", ""i - VI"", ""V - v"", ""i - IV"", ""V7 - I"", ""V - vi"", ""II - v"", ""ii7 - fii7"", ""V7 - VI"", ""vi - vi"", ""vii - i"", ""VII - III"", ""vi - ii"", ""I - V"", ""VI - ii"", ""ii - fii"", ""V - I"", ""iii - vi"", ""vii - fvii"", ""iv - VII"", ""vi - fvi"", ""iv - i"", ""VII - VII"", ""III - IV"", ""vii7 - fvii7"", ""I - v"", ""v - i"", ""v - v"", ""ii7 - V"", ""iii - IV"", ""I - i"", ""vii - I"", ""ii - vi"", ""V - iv"", ""iv - fiv"", ""VII - ii"", ""i - III"", ""V - IV""]"	symbolic	symbolic.abc.txt	data/chorale-bricks/Bach_IchStehAnDeinerKrippe/symbolic.abc.txt	III - VI	"[""III - VI"", ""none of the other options is correct"", ""V7 - i"", ""iii - fiii"", ""ii - iv""]"	0.2	0	"[""A"", ""B"", ""C"", ""D"", ""E""]"	"{""A"": ""none of the other options is correct"", ""B"": ""ii - iv"", ""C"": ""III - VI"", ""D"": ""V7 - i"", ""E"": ""iii - fiii""}"	"[""(A) none of the other options is correct"", ""(B) ii - iv"", ""(C) III - VI"", ""(D) V7 - i"", ""(E) iii - fiii""]"	(C) III - VI	C
8759aaf0-7283-588c-97a2-e5c75144682b	11	perception	harmony	relative	harmony-relative	harmonic-recognition		cadence recognition	What is the chord progression between the {target_index} chord and the next one?	"[""target_index""]"	get_harmonic_cadence			"{""target_index"": ""35th""}"	What is the chord progression between the 35th chord and the next one?	Bach_IchStehAnDeinerKrippe	chorale-bricks	Bach_IchStehAnDeinerKrippe	data/chorale-bricks/Bach_IchStehAnDeinerKrippe	III - VI	"[""I - I"", ""I - IV"", ""I - V"", ""I - fI"", ""I - i"", ""I - v"", ""I - vi"", ""II - v"", ""III - III"", ""III - IV"", ""III - VII"", ""III - fIII"", ""III - iv"", ""IV - I"", ""IV - V"", ""IV - VII"", ""IV - fIV"", ""IV - i"", ""IV - ii"", ""V - I"", ""V - IV"", ""V - V"", ""V - VI"", ""V - fV"", ""V - i"", ""V - iv"", ""V - v"", ""V - vi"", ""V7 - I"", ""V7 - VI"", ""V7 - fV7"", ""V7 - i"", ""V7 - vi"", ""VI - III"", ""VI - V"", ""VI - VII"", ""VI - fVI"", ""VI - ii"", ""VI - iv"", ""VII - III"", ""VII - IV"", ""VII - VII"", ""VII - i"", ""VII - ii"", ""VII - iv"", ""VII - v"", ""i - I"", ""i - III"", ""i - IV"", ""i - V"", ""i - VI"", ""i - VII"", ""i - fi"", ""i - i"", ""i - iv"", ""ii - III"", ""ii - IV"", ""ii - V"", ""ii - V7"", ""ii - fii"", ""ii - iv"", ""ii - v"", ""ii - vi"", ""ii7 - V"", ""ii7 - fii7"", ""iii - IV"", ""iii - fiii"", ""iii - vi"", ""iv - I"", ""iv - V"", ""iv - VII"", ""iv - fiv"", ""iv - i"", ""iv - ii"", ""v - II"", ""v - III"", ""v - IV"", ""v - V"", ""v - VI"", ""v - fv"", ""v - i"", ""v - v"", ""vi - I"", ""vi - V"", ""vi - fvi"", ""vi - ii"", ""vi - iv"", ""vi - vi"", ""vii - I"", ""vii - fvii"", ""vii - i"", ""vii7 - I"", ""vii7 - fvii7"", ""vii7 - i""]"	"[""V7 - i"", ""iii - fiii"", ""ii - iv"", ""v - VI"", ""I - IV"", ""VII - iv"", ""v - IV"", ""IV - fIV"", ""III - III"", ""i - V"", ""vii7 - I"", ""ii - V7"", ""v - II"", ""V - i"", ""V7 - vi"", ""IV - V"", ""vii7 - i"", ""VI - VII"", ""i - i"", ""IV - VII"", ""i - VII"", ""vi - I"", ""v - fv"", ""i - fi"", ""I - I"", ""III - fIII"", ""V - fV"", ""VII - i"", ""v - V"", ""V - V"", ""V7 - fV7"", ""III - iv"", ""VI - III"", ""VII - v"", ""III - VII"", ""VII - IV"", ""ii - V"", ""IV - i"", ""vi - V"", ""ii - IV"", ""i - iv"", ""VI - iv"", ""VI - V"", ""iv - V"", ""ii - III"", ""I - vi"", ""vi - iv"", ""v - III"", ""IV - I"", ""iv - ii"", ""i - I"", ""iv - I"", ""I - fI"", ""IV - ii"", ""ii - v"", ""VI - fVI"", ""V - VI"", ""i - VI"", ""V - v"", ""i - IV"", ""V7 - I"", ""V - vi"", ""II - v"", ""ii7 - fii7"", ""V7 - VI"", ""vi - vi"", ""vii - i"", ""VII - III"", ""vi - ii"", ""I - V"", ""VI - ii"", ""ii - fii"", ""V - I"", ""iii - vi"", ""vii - fvii"", ""iv - VII"", ""vi - fvi"", ""iv - i"", ""VII - VII"", ""III - IV"", ""vii7 - fvii7"", ""I - v"", ""v - i"", ""v - v"", ""ii7 - V"", ""iii - IV"", ""I - i"", ""vii - I"", ""ii - vi"", ""V - iv"", ""iv - fiv"", ""VII - ii"", ""i - III"", ""V - IV""]"	visual	visual.short.png	data/chorale-bricks/Bach_IchStehAnDeinerKrippe/visual.short.png	III - VI	"[""III - VI"", ""none of the other options is correct"", ""V7 - i"", ""iii - fiii"", ""ii - iv""]"	0.2	0	"[""A"", ""B"", ""C"", ""D"", ""E""]"	"{""A"": ""none of the other options is correct"", ""B"": ""III - VI"", ""C"": ""ii - iv"", ""D"": ""V7 - i"", ""E"": ""iii - fiii""}"	"[""(A) none of the other options is correct"", ""(B) III - VI"", ""(C) ii - iv"", ""(D) V7 - i"", ""(E) iii - fiii""]"	(B) III - VI	B
b367be2b-b73e-54b3-b44c-4813cc856fca	11	perception	harmony	relative	harmony-relative	harmonic-recognition		cadence recognition	What is the chord progression between the {target_index} chord and the next one?	"[""target_index""]"	get_harmonic_cadence			"{""target_index"": ""32nd""}"	What is the chord progression between the 32nd chord and the next one?	Crueger_AufAufMeinHerzMitFreuden	chorale-bricks	Crueger_AufAufMeinHerzMitFreuden	data/chorale-bricks/Crueger_AufAufMeinHerzMitFreuden	v - II	"[""I - I"", ""I - IV"", ""I - V"", ""I - fI"", ""I - i"", ""I - v"", ""I - vi"", ""II - v"", ""III - III"", ""III - IV"", ""III - VI"", ""III - VII"", ""III - fIII"", ""III - iv"", ""IV - I"", ""IV - V"", ""IV - VII"", ""IV - fIV"", ""IV - i"", ""IV - ii"", ""V - I"", ""V - IV"", ""V - V"", ""V - VI"", ""V - fV"", ""V - i"", ""V - iv"", ""V - v"", ""V - vi"", ""V7 - I"", ""V7 - VI"", ""V7 - fV7"", ""V7 - i"", ""V7 - vi"", ""VI - III"", ""VI - V"", ""VI - VII"", ""VI - fVI"", ""VI - ii"", ""VI - iv"", ""VII - III"", ""VII - IV"", ""VII - VII"", ""VII - i"", ""VII - ii"", ""VII - iv"", ""VII - v"", ""i - I"", ""i - III"", ""i - IV"", ""i - V"", ""i - VI"", ""i - VII"", ""i - fi"", ""i - i"", ""i - iv"", ""ii - III"", ""ii - IV"", ""ii - V"", ""ii - V7"", ""ii - fii"", ""ii - iv"", ""ii - v"", ""ii - vi"", ""ii7 - V"", ""ii7 - fii7"", ""iii - IV"", ""iii - fiii"", ""iii - vi"", ""iv - I"", ""iv - V"", ""iv - VII"", ""iv - fiv"", ""iv - i"", ""iv - ii"", ""v - III"", ""v - IV"", ""v - V"", ""v - VI"", ""v - fv"", ""v - i"", ""v - v"", ""vi - I"", ""vi - V"", ""vi - fvi"", ""vi - ii"", ""vi - iv"", ""vi - vi"", ""vii - I"", ""vii - fvii"", ""vii - i"", ""vii7 - I"", ""vii7 - fvii7"", ""vii7 - i""]"	"[""iii - IV"", ""IV - fIV"", ""IV - I"", ""I - i"", ""III - VI"", ""I - I"", ""VII - III"", ""VII - iv"", ""VI - fVI"", ""v - i"", ""ii - iv"", ""i - fi"", ""VI - ii"", ""IV - V"", ""vii - fvii"", ""VII - VII"", ""iv - ii"", ""iii - vi"", ""iv - i"", ""vii7 - i"", ""V - fV"", ""i - iv"", ""I - fI"", ""ii - IV"", ""i - I"", ""vii - I"", ""V7 - fV7"", ""i - VI"", ""V - IV"", ""II - v"", ""V - v"", ""v - III"", ""V - I"", ""V - vi"", ""VI - III"", ""ii - vi"", ""i - III"", ""i - IV"", ""iv - V"", ""i - i"", ""III - VII"", ""V7 - i"", ""vii7 - fvii7"", ""ii7 - fii7"", ""v - V"", ""vi - iv"", ""VII - IV"", ""V - i"", ""iv - VII"", ""V7 - VI"", ""ii - v"", ""V7 - I"", ""i - V"", ""ii - III"", ""III - IV"", ""vi - V"", ""IV - i"", ""ii - V7"", ""V7 - vi"", ""ii7 - V"", ""IV - ii"", ""VI - VII"", ""VII - i"", ""vii - i"", ""III - iv"", ""VI - iv"", ""V - VI"", ""vi - I"", ""vii7 - I"", ""ii - V"", ""ii - fii"", ""iv - I"", ""v - VI"", ""i - VII"", ""I - v"", ""VII - ii"", ""iv - fiv"", ""VI - V"", ""V - V"", ""iii - fiii"", ""I - V"", ""vi - vi"", ""v - v"", ""v - fv"", ""III - fIII"", ""v - IV"", ""IV - VII"", ""V - iv"", ""I - IV"", ""III - III"", ""vi - ii"", ""I - vi"", ""vi - fvi"", ""VII - v""]"	audio	audio.mastermix.wav	data/chorale-bricks/Crueger_AufAufMeinHerzMitFreuden/audio.mastermix.wav	v - II	"[""v - II"", ""none of the other options is correct"", ""iii - IV"", ""IV - fIV"", ""IV - I""]"	0.2	0	"[""A"", ""B"", ""C"", ""D"", ""E""]"	"{""A"": ""iii - IV"", ""B"": ""none of the other options is correct"", ""C"": ""IV - I"", ""D"": ""v - II"", ""E"": ""IV - fIV""}"	"[""(A) iii - IV"", ""(B) none of the other options is correct"", ""(C) IV - I"", ""(D) v - II"", ""(E) IV - fIV""]"	(D) v - II	D
222ff369-4156-5069-b1db-6daa8f427ec9	11	perception	harmony	relative	harmony-relative	harmonic-recognition		cadence recognition	What is the chord progression between the {target_index} chord and the next one?	"[""target_index""]"	get_harmonic_cadence			"{""target_index"": ""32nd""}"	What is the chord progression between the 32nd chord and the next one?	Crueger_AufAufMeinHerzMitFreuden	chorale-bricks	Crueger_AufAufMeinHerzMitFreuden	data/chorale-bricks/Crueger_AufAufMeinHerzMitFreuden	v - II	"[""I - I"", ""I - IV"", ""I - V"", ""I - fI"", ""I - i"", ""I - v"", ""I - vi"", ""II - v"", ""III - III"", ""III - IV"", ""III - VI"", ""III - VII"", ""III - fIII"", ""III - iv"", ""IV - I"", ""IV - V"", ""IV - VII"", ""IV - fIV"", ""IV - i"", ""IV - ii"", ""V - I"", ""V - IV"", ""V - V"", ""V - VI"", ""V - fV"", ""V - i"", ""V - iv"", ""V - v"", ""V - vi"", ""V7 - I"", ""V7 - VI"", ""V7 - fV7"", ""V7 - i"", ""V7 - vi"", ""VI - III"", ""VI - V"", ""VI - VII"", ""VI - fVI"", ""VI - ii"", ""VI - iv"", ""VII - III"", ""VII - IV"", ""VII - VII"", ""VII - i"", ""VII - ii"", ""VII - iv"", ""VII - v"", ""i - I"", ""i - III"", ""i - IV"", ""i - V"", ""i - VI"", ""i - VII"", ""i - fi"", ""i - i"", ""i - iv"", ""ii - III"", ""ii - IV"", ""ii - V"", ""ii - V7"", ""ii - fii"", ""ii - iv"", ""ii - v"", ""ii - vi"", ""ii7 - V"", ""ii7 - fii7"", ""iii - IV"", ""iii - fiii"", ""iii - vi"", ""iv - I"", ""iv - V"", ""iv - VII"", ""iv - fiv"", ""iv - i"", ""iv - ii"", ""v - III"", ""v - IV"", ""v - V"", ""v - VI"", ""v - fv"", ""v - i"", ""v - v"", ""vi - I"", ""vi - V"", ""vi - fvi"", ""vi - ii"", ""vi - iv"", ""vi - vi"", ""vii - I"", ""vii - fvii"", ""vii - i"", ""vii7 - I"", ""vii7 - fvii7"", ""vii7 - i""]"	"[""iii - IV"", ""IV - fIV"", ""IV - I"", ""I - i"", ""III - VI"", ""I - I"", ""VII - III"", ""VII - iv"", ""VI - fVI"", ""v - i"", ""ii - iv"", ""i - fi"", ""VI - ii"", ""IV - V"", ""vii - fvii"", ""VII - VII"", ""iv - ii"", ""iii - vi"", ""iv - i"", ""vii7 - i"", ""V - fV"", ""i - iv"", ""I - fI"", ""ii - IV"", ""i - I"", ""vii - I"", ""V7 - fV7"", ""i - VI"", ""V - IV"", ""II - v"", ""V - v"", ""v - III"", ""V - I"", ""V - vi"", ""VI - III"", ""ii - vi"", ""i - III"", ""i - IV"", ""iv - V"", ""i - i"", ""III - VII"", ""V7 - i"", ""vii7 - fvii7"", ""ii7 - fii7"", ""v - V"", ""vi - iv"", ""VII - IV"", ""V - i"", ""iv - VII"", ""V7 - VI"", ""ii - v"", ""V7 - I"", ""i - V"", ""ii - III"", ""III - IV"", ""vi - V"", ""IV - i"", ""ii - V7"", ""V7 - vi"", ""ii7 - V"", ""IV - ii"", ""VI - VII"", ""VII - i"", ""vii - i"", ""III - iv"", ""VI - iv"", ""V - VI"", ""vi - I"", ""vii7 - I"", ""ii - V"", ""ii - fii"", ""iv - I"", ""v - VI"", ""i - VII"", ""I - v"", ""VII - ii"", ""iv - fiv"", ""VI - V"", ""V - V"", ""iii - fiii"", ""I - V"", ""vi - vi"", ""v - v"", ""v - fv"", ""III - fIII"", ""v - IV"", ""IV - VII"", ""V - iv"", ""I - IV"", ""III - III"", ""vi - ii"", ""I - vi"", ""vi - fvi"", ""VII - v""]"	symbolic	symbolic.abc.txt	data/chorale-bricks/Crueger_AufAufMeinHerzMitFreuden/symbolic.abc.txt	v - II	"[""v - II"", ""none of the other options is correct"", ""iii - IV"", ""IV - fIV"", ""IV - I""]"	0.2	0	"[""A"", ""B"", ""C"", ""D"", ""E""]"	"{""A"": ""IV - fIV"", ""B"": ""iii - IV"", ""C"": ""none of the other options is correct"", ""D"": ""IV - I"", ""E"": ""v - II""}"	"[""(A) IV - fIV"", ""(B) iii - IV"", ""(C) none of the other options is correct"", ""(D) IV - I"", ""(E) v - II""]"	(E) v - II	E
2741ac01-bd2c-5959-bffc-65f3f2e2a358	11	perception	harmony	relative	harmony-relative	harmonic-recognition		cadence recognition	What is the chord progression between the {target_index} chord and the next one?	"[""target_index""]"	get_harmonic_cadence			"{""target_index"": ""32nd""}"	What is the chord progression between the 32nd chord and the next one?	Crueger_AufAufMeinHerzMitFreuden	chorale-bricks	Crueger_AufAufMeinHerzMitFreuden	data/chorale-bricks/Crueger_AufAufMeinHerzMitFreuden	v - II	"[""I - I"", ""I - IV"", ""I - V"", ""I - fI"", ""I - i"", ""I - v"", ""I - vi"", ""II - v"", ""III - III"", ""III - IV"", ""III - VI"", ""III - VII"", ""III - fIII"", ""III - iv"", ""IV - I"", ""IV - V"", ""IV - VII"", ""IV - fIV"", ""IV - i"", ""IV - ii"", ""V - I"", ""V - IV"", ""V - V"", ""V - VI"", ""V - fV"", ""V - i"", ""V - iv"", ""V - v"", ""V - vi"", ""V7 - I"", ""V7 - VI"", ""V7 - fV7"", ""V7 - i"", ""V7 - vi"", ""VI - III"", ""VI - V"", ""VI - VII"", ""VI - fVI"", ""VI - ii"", ""VI - iv"", ""VII - III"", ""VII - IV"", ""VII - VII"", ""VII - i"", ""VII - ii"", ""VII - iv"", ""VII - v"", ""i - I"", ""i - III"", ""i - IV"", ""i - V"", ""i - VI"", ""i - VII"", ""i - fi"", ""i - i"", ""i - iv"", ""ii - III"", ""ii - IV"", ""ii - V"", ""ii - V7"", ""ii - fii"", ""ii - iv"", ""ii - v"", ""ii - vi"", ""ii7 - V"", ""ii7 - fii7"", ""iii - IV"", ""iii - fiii"", ""iii - vi"", ""iv - I"", ""iv - V"", ""iv - VII"", ""iv - fiv"", ""iv - i"", ""iv - ii"", ""v - III"", ""v - IV"", ""v - V"", ""v - VI"", ""v - fv"", ""v - i"", ""v - v"", ""vi - I"", ""vi - V"", ""vi - fvi"", ""vi - ii"", ""vi - iv"", ""vi - vi"", ""vii - I"", ""vii - fvii"", ""vii - i"", ""vii7 - I"", ""vii7 - fvii7"", ""vii7 - i""]"	"[""iii - IV"", ""IV - fIV"", ""IV - I"", ""I - i"", ""III - VI"", ""I - I"", ""VII - III"", ""VII - iv"", ""VI - fVI"", ""v - i"", ""ii - iv"", ""i - fi"", ""VI - ii"", ""IV - V"", ""vii - fvii"", ""VII - VII"", ""iv - ii"", ""iii - vi"", ""iv - i"", ""vii7 - i"", ""V - fV"", ""i - iv"", ""I - fI"", ""ii - IV"", ""i - I"", ""vii - I"", ""V7 - fV7"", ""i - VI"", ""V - IV"", ""II - v"", ""V - v"", ""v - III"", ""V - I"", ""V - vi"", ""VI - III"", ""ii - vi"", ""i - III"", ""i - IV"", ""iv - V"", ""i - i"", ""III - VII"", ""V7 - i"", ""vii7 - fvii7"", ""ii7 - fii7"", ""v - V"", ""vi - iv"", ""VII - IV"", ""V - i"", ""iv - VII"", ""V7 - VI"", ""ii - v"", ""V7 - I"", ""i - V"", ""ii - III"", ""III - IV"", ""vi - V"", ""IV - i"", ""ii - V7"", ""V7 - vi"", ""ii7 - V"", ""IV - ii"", ""VI - VII"", ""VII - i"", ""vii - i"", ""III - iv"", ""VI - iv"", ""V - VI"", ""vi - I"", ""vii7 - I"", ""ii - V"", ""ii - fii"", ""iv - I"", ""v - VI"", ""i - VII"", ""I - v"", ""VII - ii"", ""iv - fiv"", ""VI - V"", ""V - V"", ""iii - fiii"", ""I - V"", ""vi - vi"", ""v - v"", ""v - fv"", ""III - fIII"", ""v - IV"", ""IV - VII"", ""V - iv"", ""I - IV"", ""III - III"", ""vi - ii"", ""I - vi"", ""vi - fvi"", ""VII - v""]"	visual	visual.short.png	data/chorale-bricks/Crueger_AufAufMeinHerzMitFreuden/visual.short.png	v - II	"[""v - II"", ""none of the other options is correct"", ""iii - IV"", ""IV - fIV"", ""IV - I""]"	0.2	0	"[""A"", ""B"", ""C"", ""D"", ""E""]"	"{""A"": ""IV - fIV"", ""B"": ""v - II"", ""C"": ""IV - I"", ""D"": ""iii - IV"", ""E"": ""none of the other options is correct""}"	"[""(A) IV - fIV"", ""(B) v - II"", ""(C) IV - I"", ""(D) iii - IV"", ""(E) none of the other options is correct""]"	(B) v - II	B
0317a66b-85c8-5ae4-a0b4-108c534e72e0	11	perception	harmony	relative	harmony-relative	harmonic-recognition		cadence recognition	What is the chord progression between the {target_index} chord and the next one?	"[""target_index""]"	get_harmonic_cadence			"{""target_index"": ""16th""}"	What is the chord progression between the 16th chord and the next one?	Vulpius_ChristusDerIstMeinLeben	chorale-bricks	Vulpius_ChristusDerIstMeinLeben	data/chorale-bricks/Vulpius_ChristusDerIstMeinLeben	I - I	"[""I - IV"", ""I - V"", ""I - fI"", ""I - i"", ""I - v"", ""I - vi"", ""II - v"", ""III - III"", ""III - IV"", ""III - VI"", ""III - VII"", ""III - fIII"", ""III - iv"", ""IV - I"", ""IV - V"", ""IV - VII"", ""IV - fIV"", ""IV - i"", ""IV - ii"", ""V - I"", ""V - IV"", ""V - V"", ""V - VI"", ""V - fV"", ""V - i"", ""V - iv"", ""V - v"", ""V - vi"", ""V7 - I"", ""V7 - VI"", ""V7 - fV7"", ""V7 - i"", ""V7 - vi"", ""VI - III"", ""VI - V"", ""VI - VII"", ""VI - fVI"", ""VI - ii"", ""VI - iv"", ""VII - III"", ""VII - IV"", ""VII - VII"", ""VII - i"", ""VII - ii"", ""VII - iv"", ""VII - v"", ""i - I"", ""i - III"", ""i - IV"", ""i - V"", ""i - VI"", ""i - VII"", ""i - fi"", ""i - i"", ""i - iv"", ""ii - III"", ""ii - IV"", ""ii - V"", ""ii - V7"", ""ii - fii"", ""ii - iv"", ""ii - v"", ""ii - vi"", ""ii7 - V"", ""ii7 - fii7"", ""iii - IV"", ""iii - fiii"", ""iii - vi"", ""iv - I"", ""iv - V"", ""iv - VII"", ""iv - fiv"", ""iv - i"", ""iv - ii"", ""v - II"", ""v - III"", ""v - IV"", ""v - V"", ""v - VI"", ""v - fv"", ""v - i"", ""v - v"", ""vi - I"", ""vi - V"", ""vi - fvi"", ""vi - ii"", ""vi - iv"", ""vi - vi"", ""vii - I"", ""vii - fvii"", ""vii - i"", ""vii7 - I"", ""vii7 - fvii7"", ""vii7 - i""]"	"[""ii - V"", ""VI - V"", ""i - fi"", ""VII - i"", ""vi - iv"", ""VII - v"", ""VII - III"", ""V7 - i"", ""V7 - VI"", ""V - VI"", ""V7 - vi"", ""vii7 - fvii7"", ""vi - vi"", ""V - vi"", ""v - i"", ""II - v"", ""V - v"", ""I - fI"", ""i - III"", ""ii - IV"", ""ii - fii"", ""v - fv"", ""VI - III"", ""i - IV"", ""III - fIII"", ""V - I"", ""VII - IV"", ""v - II"", ""vi - fvi"", ""iii - fiii"", ""v - III"", ""IV - ii"", ""iv - VII"", ""vi - I"", ""VI - iv"", ""vi - ii"", ""vii7 - i"", ""VI - fVI"", ""IV - i"", ""III - iv"", ""v - v"", ""IV - V"", ""vii - i"", ""v - V"", ""V7 - I"", ""VII - ii"", ""ii - III"", ""i - VII"", ""v - IV"", ""iv - I"", ""I - V"", ""vii - I"", ""III - VI"", ""IV - fIV"", ""iii - vi"", ""iv - V"", ""VII - VII"", ""V7 - fV7"", ""ii - v"", ""ii7 - fii7"", ""vii7 - I"", ""iii - IV"", ""ii - iv"", ""III - III"", ""v - VI"", ""I - IV"", ""V - fV"", ""vii - fvii"", ""iv - i"", ""I - v"", ""ii - V7"", ""VI - VII"", ""I - vi"", ""i - V"", ""VI - ii"", ""vi - V"", ""ii - vi"", ""V - V"", ""ii7 - V"", ""V - i"", ""i - I"", ""iv - ii"", ""i - iv"", ""V - iv"", ""IV - I"", ""V - IV"", ""i - i"", ""iv - fiv"", ""IV - VII"", ""VII - iv"", ""III - VII"", ""I - i"", ""i - VI"", ""III - IV""]"	audio	audio.mastermix.wav	data/chorale-bricks/Vulpius_ChristusDerIstMeinLeben/audio.mastermix.wav	I - I	"[""I - I"", ""none of the other options is correct"", ""ii - V"", ""VI - V"", ""i - fi""]"	0.2	0	"[""A"", ""B"", ""C"", ""D"", ""E""]"	"{""A"": ""I - I"", ""B"": ""i - fi"", ""C"": ""VI - V"", ""D"": ""none of the other options is correct"", ""E"": ""ii - V""}"	"[""(A) I - I"", ""(B) i - fi"", ""(C) VI - V"", ""(D) none of the other options is correct"", ""(E) ii - V""]"	(A) I - I	A
ab904a33-231b-54bf-a7c3-cc6b007b0bcc	11	perception	harmony	relative	harmony-relative	harmonic-recognition		cadence recognition	What is the chord progression between the {target_index} chord and the next one?	"[""target_index""]"	get_harmonic_cadence			"{""target_index"": ""16th""}"	What is the chord progression between the 16th chord and the next one?	Vulpius_ChristusDerIstMeinLeben	chorale-bricks	Vulpius_ChristusDerIstMeinLeben	data/chorale-bricks/Vulpius_ChristusDerIstMeinLeben	I - I	"[""I - IV"", ""I - V"", ""I - fI"", ""I - i"", ""I - v"", ""I - vi"", ""II - v"", ""III - III"", ""III - IV"", ""III - VI"", ""III - VII"", ""III - fIII"", ""III - iv"", ""IV - I"", ""IV - V"", ""IV - VII"", ""IV - fIV"", ""IV - i"", ""IV - ii"", ""V - I"", ""V - IV"", ""V - V"", ""V - VI"", ""V - fV"", ""V - i"", ""V - iv"", ""V - v"", ""V - vi"", ""V7 - I"", ""V7 - VI"", ""V7 - fV7"", ""V7 - i"", ""V7 - vi"", ""VI - III"", ""VI - V"", ""VI - VII"", ""VI - fVI"", ""VI - ii"", ""VI - iv"", ""VII - III"", ""VII - IV"", ""VII - VII"", ""VII - i"", ""VII - ii"", ""VII - iv"", ""VII - v"", ""i - I"", ""i - III"", ""i - IV"", ""i - V"", ""i - VI"", ""i - VII"", ""i - fi"", ""i - i"", ""i - iv"", ""ii - III"", ""ii - IV"", ""ii - V"", ""ii - V7"", ""ii - fii"", ""ii - iv"", ""ii - v"", ""ii - vi"", ""ii7 - V"", ""ii7 - fii7"", ""iii - IV"", ""iii - fiii"", ""iii - vi"", ""iv - I"", ""iv - V"", ""iv - VII"", ""iv - fiv"", ""iv - i"", ""iv - ii"", ""v - II"", ""v - III"", ""v - IV"", ""v - V"", ""v - VI"", ""v - fv"", ""v - i"", ""v - v"", ""vi - I"", ""vi - V"", ""vi - fvi"", ""vi - ii"", ""vi - iv"", ""vi - vi"", ""vii - I"", ""vii - fvii"", ""vii - i"", ""vii7 - I"", ""vii7 - fvii7"", ""vii7 - i""]"	"[""ii - V"", ""VI - V"", ""i - fi"", ""VII - i"", ""vi - iv"", ""VII - v"", ""VII - III"", ""V7 - i"", ""V7 - VI"", ""V - VI"", ""V7 - vi"", ""vii7 - fvii7"", ""vi - vi"", ""V - vi"", ""v - i"", ""II - v"", ""V - v"", ""I - fI"", ""i - III"", ""ii - IV"", ""ii - fii"", ""v - fv"", ""VI - III"", ""i - IV"", ""III - fIII"", ""V - I"", ""VII - IV"", ""v - II"", ""vi - fvi"", ""iii - fiii"", ""v - III"", ""IV - ii"", ""iv - VII"", ""vi - I"", ""VI - iv"", ""vi - ii"", ""vii7 - i"", ""VI - fVI"", ""IV - i"", ""III - iv"", ""v - v"", ""IV - V"", ""vii - i"", ""v - V"", ""V7 - I"", ""VII - ii"", ""ii - III"", ""i - VII"", ""v - IV"", ""iv - I"", ""I - V"", ""vii - I"", ""III - VI"", ""IV - fIV"", ""iii - vi"", ""iv - V"", ""VII - VII"", ""V7 - fV7"", ""ii - v"", ""ii7 - fii7"", ""vii7 - I"", ""iii - IV"", ""ii - iv"", ""III - III"", ""v - VI"", ""I - IV"", ""V - fV"", ""vii - fvii"", ""iv - i"", ""I - v"", ""ii - V7"", ""VI - VII"", ""I - vi"", ""i - V"", ""VI - ii"", ""vi - V"", ""ii - vi"", ""V - V"", ""ii7 - V"", ""V - i"", ""i - I"", ""iv - ii"", ""i - iv"", ""V - iv"", ""IV - I"", ""V - IV"", ""i - i"", ""iv - fiv"", ""IV - VII"", ""VII - iv"", ""III - VII"", ""I - i"", ""i - VI"", ""III - IV""]"	symbolic	symbolic.abc.txt	data/chorale-bricks/Vulpius_ChristusDerIstMeinLeben/symbolic.abc.txt	I - I	"[""I - I"", ""none of the other options is correct"", ""ii - V"", ""VI - V"", ""i - fi""]"	0.2	0	"[""A"", ""B"", ""C"", ""D"", ""E""]"	"{""A"": ""i - fi"", ""B"": ""ii - V"", ""C"": ""VI - V"", ""D"": ""I - I"", ""E"": ""none of the other options is correct""}"	"[""(A) i - fi"", ""(B) ii - V"", ""(C) VI - V"", ""(D) I - I"", ""(E) none of the other options is correct""]"	(D) I - I	D
502a0d59-107d-534a-b3ac-56da253dc050	11	perception	harmony	relative	harmony-relative	harmonic-recognition		cadence recognition	What is the chord progression between the {target_index} chord and the next one?	"[""target_index""]"	get_harmonic_cadence			"{""target_index"": ""16th""}"	What is the chord progression between the 16th chord and the next one?	Vulpius_ChristusDerIstMeinLeben	chorale-bricks	Vulpius_ChristusDerIstMeinLeben	data/chorale-bricks/Vulpius_ChristusDerIstMeinLeben	I - I	"[""I - IV"", ""I - V"", ""I - fI"", ""I - i"", ""I - v"", ""I - vi"", ""II - v"", ""III - III"", ""III - IV"", ""III - VI"", ""III - VII"", ""III - fIII"", ""III - iv"", ""IV - I"", ""IV - V"", ""IV - VII"", ""IV - fIV"", ""IV - i"", ""IV - ii"", ""V - I"", ""V - IV"", ""V - V"", ""V - VI"", ""V - fV"", ""V - i"", ""V - iv"", ""V - v"", ""V - vi"", ""V7 - I"", ""V7 - VI"", ""V7 - fV7"", ""V7 - i"", ""V7 - vi"", ""VI - III"", ""VI - V"", ""VI - VII"", ""VI - fVI"", ""VI - ii"", ""VI - iv"", ""VII - III"", ""VII - IV"", ""VII - VII"", ""VII - i"", ""VII - ii"", ""VII - iv"", ""VII - v"", ""i - I"", ""i - III"", ""i - IV"", ""i - V"", ""i - VI"", ""i - VII"", ""i - fi"", ""i - i"", ""i - iv"", ""ii - III"", ""ii - IV"", ""ii - V"", ""ii - V7"", ""ii - fii"", ""ii - iv"", ""ii - v"", ""ii - vi"", ""ii7 - V"", ""ii7 - fii7"", ""iii - IV"", ""iii - fiii"", ""iii - vi"", ""iv - I"", ""iv - V"", ""iv - VII"", ""iv - fiv"", ""iv - i"", ""iv - ii"", ""v - II"", ""v - III"", ""v - IV"", ""v - V"", ""v - VI"", ""v - fv"", ""v - i"", ""v - v"", ""vi - I"", ""vi - V"", ""vi - fvi"", ""vi - ii"", ""vi - iv"", ""vi - vi"", ""vii - I"", ""vii - fvii"", ""vii - i"", ""vii7 - I"", ""vii7 - fvii7"", ""vii7 - i""]"	"[""ii - V"", ""VI - V"", ""i - fi"", ""VII - i"", ""vi - iv"", ""VII - v"", ""VII - III"", ""V7 - i"", ""V7 - VI"", ""V - VI"", ""V7 - vi"", ""vii7 - fvii7"", ""vi - vi"", ""V - vi"", ""v - i"", ""II - v"", ""V - v"", ""I - fI"", ""i - III"", ""ii - IV"", ""ii - fii"", ""v - fv"", ""VI - III"", ""i - IV"", ""III - fIII"", ""V - I"", ""VII - IV"", ""v - II"", ""vi - fvi"", ""iii - fiii"", ""v - III"", ""IV - ii"", ""iv - VII"", ""vi - I"", ""VI - iv"", ""vi - ii"", ""vii7 - i"", ""VI - fVI"", ""IV - i"", ""III - iv"", ""v - v"", ""IV - V"", ""vii - i"", ""v - V"", ""V7 - I"", ""VII - ii"", ""ii - III"", ""i - VII"", ""v - IV"", ""iv - I"", ""I - V"", ""vii - I"", ""III - VI"", ""IV - fIV"", ""iii - vi"", ""iv - V"", ""VII - VII"", ""V7 - fV7"", ""ii - v"", ""ii7 - fii7"", ""vii7 - I"", ""iii - IV"", ""ii - iv"", ""III - III"", ""v - VI"", ""I - IV"", ""V - fV"", ""vii - fvii"", ""iv - i"", ""I - v"", ""ii - V7"", ""VI - VII"", ""I - vi"", ""i - V"", ""VI - ii"", ""vi - V"", ""ii - vi"", ""V - V"", ""ii7 - V"", ""V - i"", ""i - I"", ""iv - ii"", ""i - iv"", ""V - iv"", ""IV - I"", ""V - IV"", ""i - i"", ""iv - fiv"", ""IV - VII"", ""VII - iv"", ""III - VII"", ""I - i"", ""i - VI"", ""III - IV""]"	visual	visual.short.png	data/chorale-bricks/Vulpius_ChristusDerIstMeinLeben/visual.short.png	I - I	"[""I - I"", ""none of the other options is correct"", ""ii - V"", ""VI - V"", ""i - fi""]"	0.2	0	"[""A"", ""B"", ""C"", ""D"", ""E""]"	"{""A"": ""I - I"", ""B"": ""ii - V"", ""C"": ""none of the other options is correct"", ""D"": ""i - fi"", ""E"": ""VI - V""}"	"[""(A) I - I"", ""(B) ii - V"", ""(C) none of the other options is correct"", ""(D) i - fi"", ""(E) VI - V""]"	(A) I - I	A
d45ea8f6-68eb-51af-845e-aa784b8ed8bf	11	perception	harmony	relative	harmony-relative	harmonic-recognition		cadence recognition	What is the chord progression between the {target_index} chord and the next one?	"[""target_index""]"	get_harmonic_cadence			"{""target_index"": ""43rd""}"	What is the chord progression between the 43rd chord and the next one?	Jan_DuGrosserSchmerzensmann	chorale-bricks	Jan_DuGrosserSchmerzensmann	data/chorale-bricks/Jan_DuGrosserSchmerzensmann	III - VII	"[""I - I"", ""I - IV"", ""I - V"", ""I - fI"", ""I - i"", ""I - v"", ""I - vi"", ""II - v"", ""III - III"", ""III - IV"", ""III - VI"", ""III - fIII"", ""III - iv"", ""IV - I"", ""IV - V"", ""IV - VII"", ""IV - fIV"", ""IV - i"", ""IV - ii"", ""V - I"", ""V - IV"", ""V - V"", ""V - VI"", ""V - fV"", ""V - i"", ""V - iv"", ""V - v"", ""V - vi"", ""V7 - I"", ""V7 - VI"", ""V7 - fV7"", ""V7 - i"", ""V7 - vi"", ""VI - III"", ""VI - V"", ""VI - VII"", ""VI - fVI"", ""VI - ii"", ""VI - iv"", ""VII - III"", ""VII - IV"", ""VII - VII"", ""VII - i"", ""VII - ii"", ""VII - iv"", ""VII - v"", ""i - I"", ""i - III"", ""i - IV"", ""i - V"", ""i - VI"", ""i - VII"", ""i - fi"", ""i - i"", ""i - iv"", ""ii - III"", ""ii - IV"", ""ii - V"", ""ii - V7"", ""ii - fii"", ""ii - iv"", ""ii - v"", ""ii - vi"", ""ii7 - V"", ""ii7 - fii7"", ""iii - IV"", ""iii - fiii"", ""iii - vi"", ""iv - I"", ""iv - V"", ""iv - VII"", ""iv - fiv"", ""iv - i"", ""iv - ii"", ""v - II"", ""v - III"", ""v - IV"", ""v - V"", ""v - VI"", ""v - fv"", ""v - i"", ""v - v"", ""vi - I"", ""vi - V"", ""vi - fvi"", ""vi - ii"", ""vi - iv"", ""vi - vi"", ""vii - I"", ""vii - fvii"", ""vii - i"", ""vii7 - I"", ""vii7 - fvii7"", ""vii7 - i""]"	"[""III - VI"", ""V7 - i"", ""VI - ii"", ""VI - III"", ""III - fIII"", ""I - i"", ""V - fV"", ""i - fi"", ""v - i"", ""VI - iv"", ""vii - fvii"", ""v - IV"", ""VII - ii"", ""vii7 - i"", ""v - VI"", ""V7 - vi"", ""v - fv"", ""iii - IV"", ""VII - III"", ""i - VII"", ""iv - ii"", ""I - IV"", ""iii - vi"", ""iii - fiii"", ""VI - V"", ""IV - i"", ""v - II"", ""III - III"", ""V - IV"", ""VII - v"", ""vi - iv"", ""IV - V"", ""ii - fii"", ""VII - iv"", ""VI - VII"", ""V7 - fV7"", ""v - v"", ""vi - fvi"", ""I - I"", ""i - I"", ""V - I"", ""vi - vi"", ""IV - VII"", ""vi - ii"", ""V - v"", ""iv - I"", ""II - v"", ""V - iv"", ""V7 - VI"", ""i - iv"", ""ii - V"", ""v - V"", ""vii7 - I"", ""ii7 - fii7"", ""ii - iv"", ""IV - ii"", ""vii - I"", ""i - V"", ""III - IV"", ""IV - I"", ""V7 - I"", ""i - i"", ""IV - fIV"", ""vii - i"", ""vii7 - fvii7"", ""iv - VII"", ""V - vi"", ""VII - IV"", ""VII - VII"", ""iv - i"", ""ii7 - V"", ""ii - III"", ""VII - i"", ""iv - V"", ""III - iv"", ""VI - fVI"", ""ii - V7"", ""I - v"", ""I - fI"", ""i - IV"", ""I - vi"", ""I - V"", ""vi - V"", ""V - i"", ""V - VI"", ""ii - IV"", ""ii - v"", ""V - V"", ""ii - vi"", ""i - III"", ""iv - fiv"", ""vi - I"", ""i - VI"", ""v - III""]"	audio	audio.mastermix.wav	data/chorale-bricks/Jan_DuGrosserSchmerzensmann/audio.mastermix.wav	none of the other options is correct	"[""none of the other options is correct"", ""III - VI"", ""V7 - i"", ""VI - ii"", ""VI - III""]"	0.2	1	"[""A"", ""B"", ""C"", ""D"", ""E""]"	"{""A"": ""VI - III"", ""B"": ""VI - ii"", ""C"": ""III - VI"", ""D"": ""V7 - i"", ""E"": ""none of the other options is correct""}"	"[""(A) VI - III"", ""(B) VI - ii"", ""(C) III - VI"", ""(D) V7 - i"", ""(E) none of the other options is correct""]"	(E) none of the other options is correct	E
815a6490-40d0-51cb-8030-3b39a3a19b20	11	perception	harmony	relative	harmony-relative	harmonic-recognition		cadence recognition	What is the chord progression between the {target_index} chord and the next one?	"[""target_index""]"	get_harmonic_cadence			"{""target_index"": ""43rd""}"	What is the chord progression between the 43rd chord and the next one?	Jan_DuGrosserSchmerzensmann	chorale-bricks	Jan_DuGrosserSchmerzensmann	data/chorale-bricks/Jan_DuGrosserSchmerzensmann	III - VII	"[""I - I"", ""I - IV"", ""I - V"", ""I - fI"", ""I - i"", ""I - v"", ""I - vi"", ""II - v"", ""III - III"", ""III - IV"", ""III - VI"", ""III - fIII"", ""III - iv"", ""IV - I"", ""IV - V"", ""IV - VII"", ""IV - fIV"", ""IV - i"", ""IV - ii"", ""V - I"", ""V - IV"", ""V - V"", ""V - VI"", ""V - fV"", ""V - i"", ""V - iv"", ""V - v"", ""V - vi"", ""V7 - I"", ""V7 - VI"", ""V7 - fV7"", ""V7 - i"", ""V7 - vi"", ""VI - III"", ""VI - V"", ""VI - VII"", ""VI - fVI"", ""VI - ii"", ""VI - iv"", ""VII - III"", ""VII - IV"", ""VII - VII"", ""VII - i"", ""VII - ii"", ""VII - iv"", ""VII - v"", ""i - I"", ""i - III"", ""i - IV"", ""i - V"", ""i - VI"", ""i - VII"", ""i - fi"", ""i - i"", ""i - iv"", ""ii - III"", ""ii - IV"", ""ii - V"", ""ii - V7"", ""ii - fii"", ""ii - iv"", ""ii - v"", ""ii - vi"", ""ii7 - V"", ""ii7 - fii7"", ""iii - IV"", ""iii - fiii"", ""iii - vi"", ""iv - I"", ""iv - V"", ""iv - VII"", ""iv - fiv"", ""iv - i"", ""iv - ii"", ""v - II"", ""v - III"", ""v - IV"", ""v - V"", ""v - VI"", ""v - fv"", ""v - i"", ""v - v"", ""vi - I"", ""vi - V"", ""vi - fvi"", ""vi - ii"", ""vi - iv"", ""vi - vi"", ""vii - I"", ""vii - fvii"", ""vii - i"", ""vii7 - I"", ""vii7 - fvii7"", ""vii7 - i""]"	"[""III - VI"", ""V7 - i"", ""VI - ii"", ""VI - III"", ""III - fIII"", ""I - i"", ""V - fV"", ""i - fi"", ""v - i"", ""VI - iv"", ""vii - fvii"", ""v - IV"", ""VII - ii"", ""vii7 - i"", ""v - VI"", ""V7 - vi"", ""v - fv"", ""iii - IV"", ""VII - III"", ""i - VII"", ""iv - ii"", ""I - IV"", ""iii - vi"", ""iii - fiii"", ""VI - V"", ""IV - i"", ""v - II"", ""III - III"", ""V - IV"", ""VII - v"", ""vi - iv"", ""IV - V"", ""ii - fii"", ""VII - iv"", ""VI - VII"", ""V7 - fV7"", ""v - v"", ""vi - fvi"", ""I - I"", ""i - I"", ""V - I"", ""vi - vi"", ""IV - VII"", ""vi - ii"", ""V - v"", ""iv - I"", ""II - v"", ""V - iv"", ""V7 - VI"", ""i - iv"", ""ii - V"", ""v - V"", ""vii7 - I"", ""ii7 - fii7"", ""ii - iv"", ""IV - ii"", ""vii - I"", ""i - V"", ""III - IV"", ""IV - I"", ""V7 - I"", ""i - i"", ""IV - fIV"", ""vii - i"", ""vii7 - fvii7"", ""iv - VII"", ""V - vi"", ""VII - IV"", ""VII - VII"", ""iv - i"", ""ii7 - V"", ""ii - III"", ""VII - i"", ""iv - V"", ""III - iv"", ""VI - fVI"", ""ii - V7"", ""I - v"", ""I - fI"", ""i - IV"", ""I - vi"", ""I - V"", ""vi - V"", ""V - i"", ""V - VI"", ""ii - IV"", ""ii - v"", ""V - V"", ""ii - vi"", ""i - III"", ""iv - fiv"", ""vi - I"", ""i - VI"", ""v - III""]"	symbolic	symbolic.abc.txt	data/chorale-bricks/Jan_DuGrosserSchmerzensmann/symbolic.abc.txt	III - VII	"[""III - VII"", ""none of the other options is correct"", ""III - VI"", ""V7 - i"", ""VI - ii""]"	0.2	0	"[""A"", ""B"", ""C"", ""D"", ""E""]"	"{""A"": ""VI - ii"", ""B"": ""none of the other options is correct"", ""C"": ""V7 - i"", ""D"": ""III - VII"", ""E"": ""III - VI""}"	"[""(A) VI - ii"", ""(B) none of the other options is correct"", ""(C) V7 - i"", ""(D) III - VII"", ""(E) III - VI""]"	(D) III - VII	D
e131ea7d-bdc8-5985-96e0-349353bf7159	11	perception	harmony	relative	harmony-relative	harmonic-recognition		cadence recognition	What is the chord progression between the {target_index} chord and the next one?	"[""target_index""]"	get_harmonic_cadence			"{""target_index"": ""43rd""}"	What is the chord progression between the 43rd chord and the next one?	Jan_DuGrosserSchmerzensmann	chorale-bricks	Jan_DuGrosserSchmerzensmann	data/chorale-bricks/Jan_DuGrosserSchmerzensmann	III - VII	"[""I - I"", ""I - IV"", ""I - V"", ""I - fI"", ""I - i"", ""I - v"", ""I - vi"", ""II - v"", ""III - III"", ""III - IV"", ""III - VI"", ""III - fIII"", ""III - iv"", ""IV - I"", ""IV - V"", ""IV - VII"", ""IV - fIV"", ""IV - i"", ""IV - ii"", ""V - I"", ""V - IV"", ""V - V"", ""V - VI"", ""V - fV"", ""V - i"", ""V - iv"", ""V - v"", ""V - vi"", ""V7 - I"", ""V7 - VI"", ""V7 - fV7"", ""V7 - i"", ""V7 - vi"", ""VI - III"", ""VI - V"", ""VI - VII"", ""VI - fVI"", ""VI - ii"", ""VI - iv"", ""VII - III"", ""VII - IV"", ""VII - VII"", ""VII - i"", ""VII - ii"", ""VII - iv"", ""VII - v"", ""i - I"", ""i - III"", ""i - IV"", ""i - V"", ""i - VI"", ""i - VII"", ""i - fi"", ""i - i"", ""i - iv"", ""ii - III"", ""ii - IV"", ""ii - V"", ""ii - V7"", ""ii - fii"", ""ii - iv"", ""ii - v"", ""ii - vi"", ""ii7 - V"", ""ii7 - fii7"", ""iii - IV"", ""iii - fiii"", ""iii - vi"", ""iv - I"", ""iv - V"", ""iv - VII"", ""iv - fiv"", ""iv - i"", ""iv - ii"", ""v - II"", ""v - III"", ""v - IV"", ""v - V"", ""v - VI"", ""v - fv"", ""v - i"", ""v - v"", ""vi - I"", ""vi - V"", ""vi - fvi"", ""vi - ii"", ""vi - iv"", ""vi - vi"", ""vii - I"", ""vii - fvii"", ""vii - i"", ""vii7 - I"", ""vii7 - fvii7"", ""vii7 - i""]"	"[""III - VI"", ""V7 - i"", ""VI - ii"", ""VI - III"", ""III - fIII"", ""I - i"", ""V - fV"", ""i - fi"", ""v - i"", ""VI - iv"", ""vii - fvii"", ""v - IV"", ""VII - ii"", ""vii7 - i"", ""v - VI"", ""V7 - vi"", ""v - fv"", ""iii - IV"", ""VII - III"", ""i - VII"", ""iv - ii"", ""I - IV"", ""iii - vi"", ""iii - fiii"", ""VI - V"", ""IV - i"", ""v - II"", ""III - III"", ""V - IV"", ""VII - v"", ""vi - iv"", ""IV - V"", ""ii - fii"", ""VII - iv"", ""VI - VII"", ""V7 - fV7"", ""v - v"", ""vi - fvi"", ""I - I"", ""i - I"", ""V - I"", ""vi - vi"", ""IV - VII"", ""vi - ii"", ""V - v"", ""iv - I"", ""II - v"", ""V - iv"", ""V7 - VI"", ""i - iv"", ""ii - V"", ""v - V"", ""vii7 - I"", ""ii7 - fii7"", ""ii - iv"", ""IV - ii"", ""vii - I"", ""i - V"", ""III - IV"", ""IV - I"", ""V7 - I"", ""i - i"", ""IV - fIV"", ""vii - i"", ""vii7 - fvii7"", ""iv - VII"", ""V - vi"", ""VII - IV"", ""VII - VII"", ""iv - i"", ""ii7 - V"", ""ii - III"", ""VII - i"", ""iv - V"", ""III - iv"", ""VI - fVI"", ""ii - V7"", ""I - v"", ""I - fI"", ""i - IV"", ""I - vi"", ""I - V"", ""vi - V"", ""V - i"", ""V - VI"", ""ii - IV"", ""ii - v"", ""V - V"", ""ii - vi"", ""i - III"", ""iv - fiv"", ""vi - I"", ""i - VI"", ""v - III""]"	visual	visual.short.png	data/chorale-bricks/Jan_DuGrosserSchmerzensmann/visual.short.png	III - VII	"[""III - VII"", ""none of the other options is correct"", ""III - VI"", ""V7 - i"", ""VI - ii""]"	0.2	0	"[""A"", ""B"", ""C"", ""D"", ""E""]"	"{""A"": ""III - VI"", ""B"": ""VI - ii"", ""C"": ""none of the other options is correct"", ""D"": ""III - VII"", ""E"": ""V7 - i""}"	"[""(A) III - VI"", ""(B) VI - ii"", ""(C) none of the other options is correct"", ""(D) III - VII"", ""(E) V7 - i""]"	(D) III - VII	D
6df5f526-ba98-5234-ac11-c11bfecd6e63	11	perception	harmony	relative	harmony-relative	harmonic-recognition		cadence recognition	What is the chord progression between the {target_index} chord and the next one?	"[""target_index""]"	get_harmonic_cadence			"{""target_index"": ""22nd""}"	What is the chord progression between the 22nd chord and the next one?	Gesius_BefiehlDuDeineWege	chorale-bricks	Gesius_BefiehlDuDeineWege	data/chorale-bricks/Gesius_BefiehlDuDeineWege	i - VII	"[""I - I"", ""I - IV"", ""I - V"", ""I - fI"", ""I - i"", ""I - v"", ""I - vi"", ""II - v"", ""III - III"", ""III - IV"", ""III - VI"", ""III - VII"", ""III - fIII"", ""III - iv"", ""IV - I"", ""IV - V"", ""IV - VII"", ""IV - fIV"", ""IV - i"", ""IV - ii"", ""V - I"", ""V - IV"", ""V - V"", ""V - VI"", ""V - fV"", ""V - i"", ""V - iv"", ""V - v"", ""V - vi"", ""V7 - I"", ""V7 - VI"", ""V7 - fV7"", ""V7 - i"", ""V7 - vi"", ""VI - III"", ""VI - V"", ""VI - VII"", ""VI - fVI"", ""VI - ii"", ""VI - iv"", ""VII - III"", ""VII - IV"", ""VII - VII"", ""VII - i"", ""VII - ii"", ""VII - iv"", ""VII - v"", ""i - I"", ""i - III"", ""i - IV"", ""i - V"", ""i - VI"", ""i - fi"", ""i - i"", ""i - iv"", ""ii - III"", ""ii - IV"", ""ii - V"", ""ii - V7"", ""ii - fii"", ""ii - iv"", ""ii - v"", ""ii - vi"", ""ii7 - V"", ""ii7 - fii7"", ""iii - IV"", ""iii - fiii"", ""iii - vi"", ""iv - I"", ""iv - V"", ""iv - VII"", ""iv - fiv"", ""iv - i"", ""iv - ii"", ""v - II"", ""v - III"", ""v - IV"", ""v - V"", ""v - VI"", ""v - fv"", ""v - i"", ""v - v"", ""vi - I"", ""vi - V"", ""vi - fvi"", ""vi - ii"", ""vi - iv"", ""vi - vi"", ""vii - I"", ""vii - fvii"", ""vii - i"", ""vii7 - I"", ""vii7 - fvii7"", ""vii7 - i""]"	"[""I - vi"", ""iv - I"", ""VI - III"", ""i - I"", ""I - v"", ""ii - fii"", ""V - IV"", ""VI - iv"", ""V7 - fV7"", ""II - v"", ""I - i"", ""v - VI"", ""V7 - I"", ""vi - V"", ""III - iv"", ""iv - i"", ""V - vi"", ""i - III"", ""VI - ii"", ""i - i"", ""v - V"", ""iv - ii"", ""VII - iv"", ""v - III"", ""v - fv"", ""iii - IV"", ""i - fi"", ""ii - iv"", ""VI - V"", ""iv - V"", ""i - IV"", ""V - i"", ""V - fV"", ""I - IV"", ""IV - fIV"", ""vi - ii"", ""vi - iv"", ""V7 - i"", ""I - V"", ""vi - I"", ""ii - IV"", ""III - VI"", ""i - iv"", ""I - I"", ""ii - V"", ""ii - v"", ""III - VII"", ""IV - VII"", ""IV - I"", ""ii7 - V"", ""V - V"", ""VII - i"", ""IV - i"", ""iii - fiii"", ""V7 - VI"", ""VII - v"", ""VII - III"", ""i - VI"", ""III - fIII"", ""vii7 - I"", ""iii - vi"", ""v - v"", ""V - I"", ""vii7 - i"", ""VI - fVI"", ""vii - fvii"", ""III - IV"", ""vi - vi"", ""v - i"", ""V - iv"", ""ii - vi"", ""III - III"", ""i - V"", ""ii - III"", ""V - v"", ""V7 - vi"", ""iv - fiv"", ""v - II"", ""I - fI"", ""VII - IV"", ""ii7 - fii7"", ""vi - fvi"", ""vii7 - fvii7"", ""VII - VII"", ""iv - VII"", ""ii - V7"", ""IV - ii"", ""VII - ii"", ""VI - VII"", ""v - IV"", ""vii - I"", ""vii - i"", ""V - VI"", ""IV - V""]"	audio	audio.mastermix.wav	data/chorale-bricks/Gesius_BefiehlDuDeineWege/audio.mastermix.wav	i - VII	"[""i - VII"", ""none of the other options is correct"", ""I - vi"", ""iv - I"", ""VI - III""]"	0.2	0	"[""A"", ""B"", ""C"", ""D"", ""E""]"	"{""A"": ""none of the other options is correct"", ""B"": ""I - vi"", ""C"": ""i - VII"", ""D"": ""VI - III"", ""E"": ""iv - I""}"	"[""(A) none of the other options is correct"", ""(B) I - vi"", ""(C) i - VII"", ""(D) VI - III"", ""(E) iv - I""]"	(C) i - VII	C
a1091ddb-ce8a-5203-844d-cde535a1137b	11	perception	harmony	relative	harmony-relative	harmonic-recognition		cadence recognition	What is the chord progression between the {target_index} chord and the next one?	"[""target_index""]"	get_harmonic_cadence			"{""target_index"": ""22nd""}"	What is the chord progression between the 22nd chord and the next one?	Gesius_BefiehlDuDeineWege	chorale-bricks	Gesius_BefiehlDuDeineWege	data/chorale-bricks/Gesius_BefiehlDuDeineWege	i - VII	"[""I - I"", ""I - IV"", ""I - V"", ""I - fI"", ""I - i"", ""I - v"", ""I - vi"", ""II - v"", ""III - III"", ""III - IV"", ""III - VI"", ""III - VII"", ""III - fIII"", ""III - iv"", ""IV - I"", ""IV - V"", ""IV - VII"", ""IV - fIV"", ""IV - i"", ""IV - ii"", ""V - I"", ""V - IV"", ""V - V"", ""V - VI"", ""V - fV"", ""V - i"", ""V - iv"", ""V - v"", ""V - vi"", ""V7 - I"", ""V7 - VI"", ""V7 - fV7"", ""V7 - i"", ""V7 - vi"", ""VI - III"", ""VI - V"", ""VI - VII"", ""VI - fVI"", ""VI - ii"", ""VI - iv"", ""VII - III"", ""VII - IV"", ""VII - VII"", ""VII - i"", ""VII - ii"", ""VII - iv"", ""VII - v"", ""i - I"", ""i - III"", ""i - IV"", ""i - V"", ""i - VI"", ""i - fi"", ""i - i"", ""i - iv"", ""ii - III"", ""ii - IV"", ""ii - V"", ""ii - V7"", ""ii - fii"", ""ii - iv"", ""ii - v"", ""ii - vi"", ""ii7 - V"", ""ii7 - fii7"", ""iii - IV"", ""iii - fiii"", ""iii - vi"", ""iv - I"", ""iv - V"", ""iv - VII"", ""iv - fiv"", ""iv - i"", ""iv - ii"", ""v - II"", ""v - III"", ""v - IV"", ""v - V"", ""v - VI"", ""v - fv"", ""v - i"", ""v - v"", ""vi - I"", ""vi - V"", ""vi - fvi"", ""vi - ii"", ""vi - iv"", ""vi - vi"", ""vii - I"", ""vii - fvii"", ""vii - i"", ""vii7 - I"", ""vii7 - fvii7"", ""vii7 - i""]"	"[""I - vi"", ""iv - I"", ""VI - III"", ""i - I"", ""I - v"", ""ii - fii"", ""V - IV"", ""VI - iv"", ""V7 - fV7"", ""II - v"", ""I - i"", ""v - VI"", ""V7 - I"", ""vi - V"", ""III - iv"", ""iv - i"", ""V - vi"", ""i - III"", ""VI - ii"", ""i - i"", ""v - V"", ""iv - ii"", ""VII - iv"", ""v - III"", ""v - fv"", ""iii - IV"", ""i - fi"", ""ii - iv"", ""VI - V"", ""iv - V"", ""i - IV"", ""V - i"", ""V - fV"", ""I - IV"", ""IV - fIV"", ""vi - ii"", ""vi - iv"", ""V7 - i"", ""I - V"", ""vi - I"", ""ii - IV"", ""III - VI"", ""i - iv"", ""I - I"", ""ii - V"", ""ii - v"", ""III - VII"", ""IV - VII"", ""IV - I"", ""ii7 - V"", ""V - V"", ""VII - i"", ""IV - i"", ""iii - fiii"", ""V7 - VI"", ""VII - v"", ""VII - III"", ""i - VI"", ""III - fIII"", ""vii7 - I"", ""iii - vi"", ""v - v"", ""V - I"", ""vii7 - i"", ""VI - fVI"", ""vii - fvii"", ""III - IV"", ""vi - vi"", ""v - i"", ""V - iv"", ""ii - vi"", ""III - III"", ""i - V"", ""ii - III"", ""V - v"", ""V7 - vi"", ""iv - fiv"", ""v - II"", ""I - fI"", ""VII - IV"", ""ii7 - fii7"", ""vi - fvi"", ""vii7 - fvii7"", ""VII - VII"", ""iv - VII"", ""ii - V7"", ""IV - ii"", ""VII - ii"", ""VI - VII"", ""v - IV"", ""vii - I"", ""vii - i"", ""V - VI"", ""IV - V""]"	symbolic	symbolic.abc.txt	data/chorale-bricks/Gesius_BefiehlDuDeineWege/symbolic.abc.txt	i - VII	"[""i - VII"", ""none of the other options is correct"", ""I - vi"", ""iv - I"", ""VI - III""]"	0.2	0	"[""A"", ""B"", ""C"", ""D"", ""E""]"	"{""A"": ""I - vi"", ""B"": ""iv - I"", ""C"": ""none of the other options is correct"", ""D"": ""i - VII"", ""E"": ""VI - III""}"	"[""(A) I - vi"", ""(B) iv - I"", ""(C) none of the other options is correct"", ""(D) i - VII"", ""(E) VI - III""]"	(D) i - VII	D
057ab22f-4135-5cb7-a6df-0bec0f28c7c3	11	perception	harmony	relative	harmony-relative	harmonic-recognition		cadence recognition	What is the chord progression between the {target_index} chord and the next one?	"[""target_index""]"	get_harmonic_cadence			"{""target_index"": ""22nd""}"	What is the chord progression between the 22nd chord and the next one?	Gesius_BefiehlDuDeineWege	chorale-bricks	Gesius_BefiehlDuDeineWege	data/chorale-bricks/Gesius_BefiehlDuDeineWege	i - VII	"[""I - I"", ""I - IV"", ""I - V"", ""I - fI"", ""I - i"", ""I - v"", ""I - vi"", ""II - v"", ""III - III"", ""III - IV"", ""III - VI"", ""III - VII"", ""III - fIII"", ""III - iv"", ""IV - I"", ""IV - V"", ""IV - VII"", ""IV - fIV"", ""IV - i"", ""IV - ii"", ""V - I"", ""V - IV"", ""V - V"", ""V - VI"", ""V - fV"", ""V - i"", ""V - iv"", ""V - v"", ""V - vi"", ""V7 - I"", ""V7 - VI"", ""V7 - fV7"", ""V7 - i"", ""V7 - vi"", ""VI - III"", ""VI - V"", ""VI - VII"", ""VI - fVI"", ""VI - ii"", ""VI - iv"", ""VII - III"", ""VII - IV"", ""VII - VII"", ""VII - i"", ""VII - ii"", ""VII - iv"", ""VII - v"", ""i - I"", ""i - III"", ""i - IV"", ""i - V"", ""i - VI"", ""i - fi"", ""i - i"", ""i - iv"", ""ii - III"", ""ii - IV"", ""ii - V"", ""ii - V7"", ""ii - fii"", ""ii - iv"", ""ii - v"", ""ii - vi"", ""ii7 - V"", ""ii7 - fii7"", ""iii - IV"", ""iii - fiii"", ""iii - vi"", ""iv - I"", ""iv - V"", ""iv - VII"", ""iv - fiv"", ""iv - i"", ""iv - ii"", ""v - II"", ""v - III"", ""v - IV"", ""v - V"", ""v - VI"", ""v - fv"", ""v - i"", ""v - v"", ""vi - I"", ""vi - V"", ""vi - fvi"", ""vi - ii"", ""vi - iv"", ""vi - vi"", ""vii - I"", ""vii - fvii"", ""vii - i"", ""vii7 - I"", ""vii7 - fvii7"", ""vii7 - i""]"	"[""I - vi"", ""iv - I"", ""VI - III"", ""i - I"", ""I - v"", ""ii - fii"", ""V - IV"", ""VI - iv"", ""V7 - fV7"", ""II - v"", ""I - i"", ""v - VI"", ""V7 - I"", ""vi - V"", ""III - iv"", ""iv - i"", ""V - vi"", ""i - III"", ""VI - ii"", ""i - i"", ""v - V"", ""iv - ii"", ""VII - iv"", ""v - III"", ""v - fv"", ""iii - IV"", ""i - fi"", ""ii - iv"", ""VI - V"", ""iv - V"", ""i - IV"", ""V - i"", ""V - fV"", ""I - IV"", ""IV - fIV"", ""vi - ii"", ""vi - iv"", ""V7 - i"", ""I - V"", ""vi - I"", ""ii - IV"", ""III - VI"", ""i - iv"", ""I - I"", ""ii - V"", ""ii - v"", ""III - VII"", ""IV - VII"", ""IV - I"", ""ii7 - V"", ""V - V"", ""VII - i"", ""IV - i"", ""iii - fiii"", ""V7 - VI"", ""VII - v"", ""VII - III"", ""i - VI"", ""III - fIII"", ""vii7 - I"", ""iii - vi"", ""v - v"", ""V - I"", ""vii7 - i"", ""VI - fVI"", ""vii - fvii"", ""III - IV"", ""vi - vi"", ""v - i"", ""V - iv"", ""ii - vi"", ""III - III"", ""i - V"", ""ii - III"", ""V - v"", ""V7 - vi"", ""iv - fiv"", ""v - II"", ""I - fI"", ""VII - IV"", ""ii7 - fii7"", ""vi - fvi"", ""vii7 - fvii7"", ""VII - VII"", ""iv - VII"", ""ii - V7"", ""IV - ii"", ""VII - ii"", ""VI - VII"", ""v - IV"", ""vii - I"", ""vii - i"", ""V - VI"", ""IV - V""]"	visual	visual.short.png	data/chorale-bricks/Gesius_BefiehlDuDeineWege/visual.short.png	i - VII	"[""i - VII"", ""none of the other options is correct"", ""I - vi"", ""iv - I"", ""VI - III""]"	0.2	0	"[""A"", ""B"", ""C"", ""D"", ""E""]"	"{""A"": ""iv - I"", ""B"": ""VI - III"", ""C"": ""none of the other options is correct"", ""D"": ""I - vi"", ""E"": ""i - VII""}"	"[""(A) iv - I"", ""(B) VI - III"", ""(C) none of the other options is correct"", ""(D) I - vi"", ""(E) i - VII""]"	(E) i - VII	E
62f0a849-4093-58c8-a5bb-7facd6fbe765	11	perception	harmony	relative	harmony-relative	harmonic-recognition		cadence recognition	What is the chord progression between the {target_index} chord and the next one?	"[""target_index""]"	get_harmonic_cadence			"{""target_index"": ""15th""}"	What is the chord progression between the 15th chord and the next one?	Vulpius_DieHelleSonnLeuchtJetztHerfuer	chorale-bricks	Vulpius_DieHelleSonnLeuchtJetztHerfuer	data/chorale-bricks/Vulpius_DieHelleSonnLeuchtJetztHerfuer	V - I	"[""I - I"", ""I - IV"", ""I - V"", ""I - fI"", ""I - i"", ""I - v"", ""I - vi"", ""II - v"", ""III - III"", ""III - IV"", ""III - VI"", ""III - VII"", ""III - fIII"", ""III - iv"", ""IV - I"", ""IV - V"", ""IV - VII"", ""IV - fIV"", ""IV - i"", ""IV - ii"", ""V - IV"", ""V - V"", ""V - VI"", ""V - fV"", ""V - i"", ""V - iv"", ""V - v"", ""V - vi"", ""V7 - I"", ""V7 - VI"", ""V7 - fV7"", ""V7 - i"", ""V7 - vi"", ""VI - III"", ""VI - V"", ""VI - VII"", ""VI - fVI"", ""VI - ii"", ""VI - iv"", ""VII - III"", ""VII - IV"", ""VII - VII"", ""VII - i"", ""VII - ii"", ""VII - iv"", ""VII - v"", ""i - I"", ""i - III"", ""i - IV"", ""i - V"", ""i - VI"", ""i - VII"", ""i - fi"", ""i - i"", ""i - iv"", ""ii - III"", ""ii - IV"", ""ii - V"", ""ii - V7"", ""ii - fii"", ""ii - iv"", ""ii - v"", ""ii - vi"", ""ii7 - V"", ""ii7 - fii7"", ""iii - IV"", ""iii - fiii"", ""iii - vi"", ""iv - I"", ""iv - V"", ""iv - VII"", ""iv - fiv"", ""iv - i"", ""iv - ii"", ""v - II"", ""v - III"", ""v - IV"", ""v - V"", ""v - VI"", ""v - fv"", ""v - i"", ""v - v"", ""vi - I"", ""vi - V"", ""vi - fvi"", ""vi - ii"", ""vi - iv"", ""vi - vi"", ""vii - I"", ""vii - fvii"", ""vii - i"", ""vii7 - I"", ""vii7 - fvii7"", ""vii7 - i""]"	"[""III - VI"", ""II - v"", ""v - II"", ""V - V"", ""III - fIII"", ""vii - I"", ""v - V"", ""iii - vi"", ""I - i"", ""VII - ii"", ""v - fv"", ""I - vi"", ""ii - III"", ""IV - i"", ""VII - i"", ""i - V"", ""i - fi"", ""vi - I"", ""ii - IV"", ""ii - V7"", ""v - VI"", ""vii7 - i"", ""V - v"", ""I - fI"", ""i - i"", ""VII - VII"", ""iv - fiv"", ""I - v"", ""iii - fiii"", ""V - vi"", ""vii7 - I"", ""VI - fVI"", ""vi - ii"", ""ii - fii"", ""ii - V"", ""ii7 - fii7"", ""i - I"", ""vii - fvii"", ""vi - vi"", ""V - VI"", ""V7 - I"", ""V - IV"", ""V - iv"", ""V7 - VI"", ""VI - ii"", ""iii - IV"", ""VII - IV"", ""VI - V"", ""i - III"", ""vii - i"", ""vi - iv"", ""iv - V"", ""V - fV"", ""VI - III"", ""VI - iv"", ""vi - fvi"", ""VII - III"", ""III - VII"", ""IV - VII"", ""i - VII"", ""vi - V"", ""i - iv"", ""III - IV"", ""v - IV"", ""ii - v"", ""VI - VII"", ""vii7 - fvii7"", ""VII - iv"", ""V - i"", ""v - i"", ""v - III"", ""I - I"", ""iv - I"", ""iv - ii"", ""iv - i"", ""V7 - vi"", ""IV - I"", ""I - IV"", ""V7 - fV7"", ""III - III"", ""IV - V"", ""VII - v"", ""V7 - i"", ""i - IV"", ""i - VI"", ""ii - vi"", ""IV - fIV"", ""ii - iv"", ""ii7 - V"", ""III - iv"", ""I - V"", ""IV - ii"", ""iv - VII"", ""v - v""]"	audio	audio.mastermix.wav	data/chorale-bricks/Vulpius_DieHelleSonnLeuchtJetztHerfuer/audio.mastermix.wav	none of the other options is correct	"[""none of the other options is correct"", ""III - VI"", ""II - v"", ""v - II"", ""V - V""]"	0.2	1	"[""A"", ""B"", ""C"", ""D"", ""E""]"	"{""A"": ""III - VI"", ""B"": ""none of the other options is correct"", ""C"": ""II - v"", ""D"": ""v - II"", ""E"": ""V - V""}"	"[""(A) III - VI"", ""(B) none of the other options is correct"", ""(C) II - v"", ""(D) v - II"", ""(E) V - V""]"	(B) none of the other options is correct	B
e89367e5-38bf-58d4-a368-3dc79dd9ca85	11	perception	harmony	relative	harmony-relative	harmonic-recognition		cadence recognition	What is the chord progression between the {target_index} chord and the next one?	"[""target_index""]"	get_harmonic_cadence			"{""target_index"": ""15th""}"	What is the chord progression between the 15th chord and the next one?	Vulpius_DieHelleSonnLeuchtJetztHerfuer	chorale-bricks	Vulpius_DieHelleSonnLeuchtJetztHerfuer	data/chorale-bricks/Vulpius_DieHelleSonnLeuchtJetztHerfuer	V - I	"[""I - I"", ""I - IV"", ""I - V"", ""I - fI"", ""I - i"", ""I - v"", ""I - vi"", ""II - v"", ""III - III"", ""III - IV"", ""III - VI"", ""III - VII"", ""III - fIII"", ""III - iv"", ""IV - I"", ""IV - V"", ""IV - VII"", ""IV - fIV"", ""IV - i"", ""IV - ii"", ""V - IV"", ""V - V"", ""V - VI"", ""V - fV"", ""V - i"", ""V - iv"", ""V - v"", ""V - vi"", ""V7 - I"", ""V7 - VI"", ""V7 - fV7"", ""V7 - i"", ""V7 - vi"", ""VI - III"", ""VI - V"", ""VI - VII"", ""VI - fVI"", ""VI - ii"", ""VI - iv"", ""VII - III"", ""VII - IV"", ""VII - VII"", ""VII - i"", ""VII - ii"", ""VII - iv"", ""VII - v"", ""i - I"", ""i - III"", ""i - IV"", ""i - V"", ""i - VI"", ""i - VII"", ""i - fi"", ""i - i"", ""i - iv"", ""ii - III"", ""ii - IV"", ""ii - V"", ""ii - V7"", ""ii - fii"", ""ii - iv"", ""ii - v"", ""ii - vi"", ""ii7 - V"", ""ii7 - fii7"", ""iii - IV"", ""iii - fiii"", ""iii - vi"", ""iv - I"", ""iv - V"", ""iv - VII"", ""iv - fiv"", ""iv - i"", ""iv - ii"", ""v - II"", ""v - III"", ""v - IV"", ""v - V"", ""v - VI"", ""v - fv"", ""v - i"", ""v - v"", ""vi - I"", ""vi - V"", ""vi - fvi"", ""vi - ii"", ""vi - iv"", ""vi - vi"", ""vii - I"", ""vii - fvii"", ""vii - i"", ""vii7 - I"", ""vii7 - fvii7"", ""vii7 - i""]"	"[""III - VI"", ""II - v"", ""v - II"", ""V - V"", ""III - fIII"", ""vii - I"", ""v - V"", ""iii - vi"", ""I - i"", ""VII - ii"", ""v - fv"", ""I - vi"", ""ii - III"", ""IV - i"", ""VII - i"", ""i - V"", ""i - fi"", ""vi - I"", ""ii - IV"", ""ii - V7"", ""v - VI"", ""vii7 - i"", ""V - v"", ""I - fI"", ""i - i"", ""VII - VII"", ""iv - fiv"", ""I - v"", ""iii - fiii"", ""V - vi"", ""vii7 - I"", ""VI - fVI"", ""vi - ii"", ""ii - fii"", ""ii - V"", ""ii7 - fii7"", ""i - I"", ""vii - fvii"", ""vi - vi"", ""V - VI"", ""V7 - I"", ""V - IV"", ""V - iv"", ""V7 - VI"", ""VI - ii"", ""iii - IV"", ""VII - IV"", ""VI - V"", ""i - III"", ""vii - i"", ""vi - iv"", ""iv - V"", ""V - fV"", ""VI - III"", ""VI - iv"", ""vi - fvi"", ""VII - III"", ""III - VII"", ""IV - VII"", ""i - VII"", ""vi - V"", ""i - iv"", ""III - IV"", ""v - IV"", ""ii - v"", ""VI - VII"", ""vii7 - fvii7"", ""VII - iv"", ""V - i"", ""v - i"", ""v - III"", ""I - I"", ""iv - I"", ""iv - ii"", ""iv - i"", ""V7 - vi"", ""IV - I"", ""I - IV"", ""V7 - fV7"", ""III - III"", ""IV - V"", ""VII - v"", ""V7 - i"", ""i - IV"", ""i - VI"", ""ii - vi"", ""IV - fIV"", ""ii - iv"", ""ii7 - V"", ""III - iv"", ""I - V"", ""IV - ii"", ""iv - VII"", ""v - v""]"	symbolic	symbolic.abc.txt	data/chorale-bricks/Vulpius_DieHelleSonnLeuchtJetztHerfuer/symbolic.abc.txt	V - I	"[""V - I"", ""none of the other options is correct"", ""III - VI"", ""II - v"", ""v - II""]"	0.2	0	"[""A"", ""B"", ""C"", ""D"", ""E""]"	"{""A"": ""V - I"", ""B"": ""III - VI"", ""C"": ""II - v"", ""D"": ""v - II"", ""E"": ""none of the other options is correct""}"	"[""(A) V - I"", ""(B) III - VI"", ""(C) II - v"", ""(D) v - II"", ""(E) none of the other options is correct""]"	(A) V - I	A
405cf86e-4e8e-57a4-9333-0574ccd39a4e	11	perception	harmony	relative	harmony-relative	harmonic-recognition		cadence recognition	What is the chord progression between the {target_index} chord and the next one?	"[""target_index""]"	get_harmonic_cadence			"{""target_index"": ""15th""}"	What is the chord progression between the 15th chord and the next one?	Vulpius_DieHelleSonnLeuchtJetztHerfuer	chorale-bricks	Vulpius_DieHelleSonnLeuchtJetztHerfuer	data/chorale-bricks/Vulpius_DieHelleSonnLeuchtJetztHerfuer	V - I	"[""I - I"", ""I - IV"", ""I - V"", ""I - fI"", ""I - i"", ""I - v"", ""I - vi"", ""II - v"", ""III - III"", ""III - IV"", ""III - VI"", ""III - VII"", ""III - fIII"", ""III - iv"", ""IV - I"", ""IV - V"", ""IV - VII"", ""IV - fIV"", ""IV - i"", ""IV - ii"", ""V - IV"", ""V - V"", ""V - VI"", ""V - fV"", ""V - i"", ""V - iv"", ""V - v"", ""V - vi"", ""V7 - I"", ""V7 - VI"", ""V7 - fV7"", ""V7 - i"", ""V7 - vi"", ""VI - III"", ""VI - V"", ""VI - VII"", ""VI - fVI"", ""VI - ii"", ""VI - iv"", ""VII - III"", ""VII - IV"", ""VII - VII"", ""VII - i"", ""VII - ii"", ""VII - iv"", ""VII - v"", ""i - I"", ""i - III"", ""i - IV"", ""i - V"", ""i - VI"", ""i - VII"", ""i - fi"", ""i - i"", ""i - iv"", ""ii - III"", ""ii - IV"", ""ii - V"", ""ii - V7"", ""ii - fii"", ""ii - iv"", ""ii - v"", ""ii - vi"", ""ii7 - V"", ""ii7 - fii7"", ""iii - IV"", ""iii - fiii"", ""iii - vi"", ""iv - I"", ""iv - V"", ""iv - VII"", ""iv - fiv"", ""iv - i"", ""iv - ii"", ""v - II"", ""v - III"", ""v - IV"", ""v - V"", ""v - VI"", ""v - fv"", ""v - i"", ""v - v"", ""vi - I"", ""vi - V"", ""vi - fvi"", ""vi - ii"", ""vi - iv"", ""vi - vi"", ""vii - I"", ""vii - fvii"", ""vii - i"", ""vii7 - I"", ""vii7 - fvii7"", ""vii7 - i""]"	"[""III - VI"", ""II - v"", ""v - II"", ""V - V"", ""III - fIII"", ""vii - I"", ""v - V"", ""iii - vi"", ""I - i"", ""VII - ii"", ""v - fv"", ""I - vi"", ""ii - III"", ""IV - i"", ""VII - i"", ""i - V"", ""i - fi"", ""vi - I"", ""ii - IV"", ""ii - V7"", ""v - VI"", ""vii7 - i"", ""V - v"", ""I - fI"", ""i - i"", ""VII - VII"", ""iv - fiv"", ""I - v"", ""iii - fiii"", ""V - vi"", ""vii7 - I"", ""VI - fVI"", ""vi - ii"", ""ii - fii"", ""ii - V"", ""ii7 - fii7"", ""i - I"", ""vii - fvii"", ""vi - vi"", ""V - VI"", ""V7 - I"", ""V - IV"", ""V - iv"", ""V7 - VI"", ""VI - ii"", ""iii - IV"", ""VII - IV"", ""VI - V"", ""i - III"", ""vii - i"", ""vi - iv"", ""iv - V"", ""V - fV"", ""VI - III"", ""VI - iv"", ""vi - fvi"", ""VII - III"", ""III - VII"", ""IV - VII"", ""i - VII"", ""vi - V"", ""i - iv"", ""III - IV"", ""v - IV"", ""ii - v"", ""VI - VII"", ""vii7 - fvii7"", ""VII - iv"", ""V - i"", ""v - i"", ""v - III"", ""I - I"", ""iv - I"", ""iv - ii"", ""iv - i"", ""V7 - vi"", ""IV - I"", ""I - IV"", ""V7 - fV7"", ""III - III"", ""IV - V"", ""VII - v"", ""V7 - i"", ""i - IV"", ""i - VI"", ""ii - vi"", ""IV - fIV"", ""ii - iv"", ""ii7 - V"", ""III - iv"", ""I - V"", ""IV - ii"", ""iv - VII"", ""v - v""]"	visual	visual.short.png	data/chorale-bricks/Vulpius_DieHelleSonnLeuchtJetztHerfuer/visual.short.png	none of the other options is correct	"[""none of the other options is correct"", ""III - VI"", ""II - v"", ""v - II"", ""V - V""]"	0.2	1	"[""A"", ""B"", ""C"", ""D"", ""E""]"	"{""A"": ""III - VI"", ""B"": ""v - II"", ""C"": ""II - v"", ""D"": ""none of the other options is correct"", ""E"": ""V - V""}"	"[""(A) III - VI"", ""(B) v - II"", ""(C) II - v"", ""(D) none of the other options is correct"", ""(E) V - V""]"	(D) none of the other options is correct	D
945a9d14-a5e3-5752-a686-bb724c565e3d	11	perception	harmony	relative	harmony-relative	harmonic-recognition		cadence recognition	What is the chord progression between the {target_index} chord and the next one?	"[""target_index""]"	get_harmonic_cadence			"{""target_index"": ""44th""}"	What is the chord progression between the 44th chord and the next one?	Bach_IchStehAnDeinerKrippe	chorale-bricks	Bach_IchStehAnDeinerKrippe	data/chorale-bricks/Bach_IchStehAnDeinerKrippe	VI - VII	"[""I - I"", ""I - IV"", ""I - V"", ""I - fI"", ""I - i"", ""I - v"", ""I - vi"", ""II - v"", ""III - III"", ""III - IV"", ""III - VI"", ""III - VII"", ""III - fIII"", ""III - iv"", ""IV - I"", ""IV - V"", ""IV - VII"", ""IV - fIV"", ""IV - i"", ""IV - ii"", ""V - I"", ""V - IV"", ""V - V"", ""V - VI"", ""V - fV"", ""V - i"", ""V - iv"", ""V - v"", ""V - vi"", ""V7 - I"", ""V7 - VI"", ""V7 - fV7"", ""V7 - i"", ""V7 - vi"", ""VI - III"", ""VI - V"", ""VI - fVI"", ""VI - ii"", ""VI - iv"", ""VII - III"", ""VII - IV"", ""VII - VII"", ""VII - i"", ""VII - ii"", ""VII - iv"", ""VII - v"", ""i - I"", ""i - III"", ""i - IV"", ""i - V"", ""i - VI"", ""i - VII"", ""i - fi"", ""i - i"", ""i - iv"", ""ii - III"", ""ii - IV"", ""ii - V"", ""ii - V7"", ""ii - fii"", ""ii - iv"", ""ii - v"", ""ii - vi"", ""ii7 - V"", ""ii7 - fii7"", ""iii - IV"", ""iii - fiii"", ""iii - vi"", ""iv - I"", ""iv - V"", ""iv - VII"", ""iv - fiv"", ""iv - i"", ""iv - ii"", ""v - II"", ""v - III"", ""v - IV"", ""v - V"", ""v - VI"", ""v - fv"", ""v - i"", ""v - v"", ""vi - I"", ""vi - V"", ""vi - fvi"", ""vi - ii"", ""vi - iv"", ""vi - vi"", ""vii - I"", ""vii - fvii"", ""vii - i"", ""vii7 - I"", ""vii7 - fvii7"", ""vii7 - i""]"	"[""VII - i"", ""v - v"", ""vii - I"", ""iv - i"", ""I - I"", ""III - IV"", ""IV - i"", ""iv - fiv"", ""V - vi"", ""VI - V"", ""I - vi"", ""III - VII"", ""ii - fii"", ""vii7 - fvii7"", ""iii - vi"", ""v - II"", ""I - v"", ""VI - fVI"", ""III - III"", ""V - i"", ""V - fV"", ""VII - IV"", ""ii7 - V"", ""III - VI"", ""v - V"", ""V - IV"", ""vii - fvii"", ""VII - iv"", ""V - iv"", ""i - fi"", ""vii - i"", ""vi - vi"", ""VI - iv"", ""vi - iv"", ""I - IV"", ""IV - V"", ""iv - I"", ""VII - v"", ""V - v"", ""v - VI"", ""VI - III"", ""iii - IV"", ""V - I"", ""V - V"", ""V7 - VI"", ""vi - ii"", ""IV - fIV"", ""v - fv"", ""III - iv"", ""i - V"", ""ii - III"", ""I - fI"", ""vi - fvi"", ""v - IV"", ""ii7 - fii7"", ""v - III"", ""ii - vi"", ""iv - V"", ""V7 - i"", ""II - v"", ""VII - III"", ""ii - V7"", ""i - III"", ""IV - I"", ""IV - VII"", ""V - VI"", ""i - i"", ""III - fIII"", ""i - I"", ""VII - ii"", ""VII - VII"", ""vi - I"", ""iv - VII"", ""V7 - vi"", ""IV - ii"", ""v - i"", ""I - i"", ""VI - ii"", ""iv - ii"", ""i - VII"", ""vi - V"", ""i - iv"", ""iii - fiii"", ""i - VI"", ""ii - IV"", ""ii - iv"", ""V7 - I"", ""V7 - fV7"", ""I - V"", ""ii - V"", ""i - IV"", ""vii7 - I"", ""vii7 - i"", ""ii - v""]"	audio	audio.mastermix.wav	data/chorale-bricks/Bach_IchStehAnDeinerKrippe/audio.mastermix.wav	VI - VII	"[""VI - VII"", ""none of the other options is correct"", ""VII - i"", ""v - v"", ""vii - I""]"	0.2	0	"[""A"", ""B"", ""C"", ""D"", ""E""]"	"{""A"": ""VI - VII"", ""B"": ""vii - I"", ""C"": ""v - v"", ""D"": ""none of the other options is correct"", ""E"": ""VII - i""}"	"[""(A) VI - VII"", ""(B) vii - I"", ""(C) v - v"", ""(D) none of the other options is correct"", ""(E) VII - i""]"	(A) VI - VII	A
a639b161-44e7-5518-b50a-b00560923910	11	perception	harmony	relative	harmony-relative	harmonic-recognition		cadence recognition	What is the chord progression between the {target_index} chord and the next one?	"[""target_index""]"	get_harmonic_cadence			"{""target_index"": ""44th""}"	What is the chord progression between the 44th chord and the next one?	Bach_IchStehAnDeinerKrippe	chorale-bricks	Bach_IchStehAnDeinerKrippe	data/chorale-bricks/Bach_IchStehAnDeinerKrippe	VI - VII	"[""I - I"", ""I - IV"", ""I - V"", ""I - fI"", ""I - i"", ""I - v"", ""I - vi"", ""II - v"", ""III - III"", ""III - IV"", ""III - VI"", ""III - VII"", ""III - fIII"", ""III - iv"", ""IV - I"", ""IV - V"", ""IV - VII"", ""IV - fIV"", ""IV - i"", ""IV - ii"", ""V - I"", ""V - IV"", ""V - V"", ""V - VI"", ""V - fV"", ""V - i"", ""V - iv"", ""V - v"", ""V - vi"", ""V7 - I"", ""V7 - VI"", ""V7 - fV7"", ""V7 - i"", ""V7 - vi"", ""VI - III"", ""VI - V"", ""VI - fVI"", ""VI - ii"", ""VI - iv"", ""VII - III"", ""VII - IV"", ""VII - VII"", ""VII - i"", ""VII - ii"", ""VII - iv"", ""VII - v"", ""i - I"", ""i - III"", ""i - IV"", ""i - V"", ""i - VI"", ""i - VII"", ""i - fi"", ""i - i"", ""i - iv"", ""ii - III"", ""ii - IV"", ""ii - V"", ""ii - V7"", ""ii - fii"", ""ii - iv"", ""ii - v"", ""ii - vi"", ""ii7 - V"", ""ii7 - fii7"", ""iii - IV"", ""iii - fiii"", ""iii - vi"", ""iv - I"", ""iv - V"", ""iv - VII"", ""iv - fiv"", ""iv - i"", ""iv - ii"", ""v - II"", ""v - III"", ""v - IV"", ""v - V"", ""v - VI"", ""v - fv"", ""v - i"", ""v - v"", ""vi - I"", ""vi - V"", ""vi - fvi"", ""vi - ii"", ""vi - iv"", ""vi - vi"", ""vii - I"", ""vii - fvii"", ""vii - i"", ""vii7 - I"", ""vii7 - fvii7"", ""vii7 - i""]"	"[""VII - i"", ""v - v"", ""vii - I"", ""iv - i"", ""I - I"", ""III - IV"", ""IV - i"", ""iv - fiv"", ""V - vi"", ""VI - V"", ""I - vi"", ""III - VII"", ""ii - fii"", ""vii7 - fvii7"", ""iii - vi"", ""v - II"", ""I - v"", ""VI - fVI"", ""III - III"", ""V - i"", ""V - fV"", ""VII - IV"", ""ii7 - V"", ""III - VI"", ""v - V"", ""V - IV"", ""vii - fvii"", ""VII - iv"", ""V - iv"", ""i - fi"", ""vii - i"", ""vi - vi"", ""VI - iv"", ""vi - iv"", ""I - IV"", ""IV - V"", ""iv - I"", ""VII - v"", ""V - v"", ""v - VI"", ""VI - III"", ""iii - IV"", ""V - I"", ""V - V"", ""V7 - VI"", ""vi - ii"", ""IV - fIV"", ""v - fv"", ""III - iv"", ""i - V"", ""ii - III"", ""I - fI"", ""vi - fvi"", ""v - IV"", ""ii7 - fii7"", ""v - III"", ""ii - vi"", ""iv - V"", ""V7 - i"", ""II - v"", ""VII - III"", ""ii - V7"", ""i - III"", ""IV - I"", ""IV - VII"", ""V - VI"", ""i - i"", ""III - fIII"", ""i - I"", ""VII - ii"", ""VII - VII"", ""vi - I"", ""iv - VII"", ""V7 - vi"", ""IV - ii"", ""v - i"", ""I - i"", ""VI - ii"", ""iv - ii"", ""i - VII"", ""vi - V"", ""i - iv"", ""iii - fiii"", ""i - VI"", ""ii - IV"", ""ii - iv"", ""V7 - I"", ""V7 - fV7"", ""I - V"", ""ii - V"", ""i - IV"", ""vii7 - I"", ""vii7 - i"", ""ii - v""]"	symbolic	symbolic.abc.txt	data/chorale-bricks/Bach_IchStehAnDeinerKrippe/symbolic.abc.txt	VI - VII	"[""VI - VII"", ""none of the other options is correct"", ""VII - i"", ""v - v"", ""vii - I""]"	0.2	0	"[""A"", ""B"", ""C"", ""D"", ""E""]"	"{""A"": ""vii - I"", ""B"": ""VII - i"", ""C"": ""none of the other options is correct"", ""D"": ""VI - VII"", ""E"": ""v - v""}"	"[""(A) vii - I"", ""(B) VII - i"", ""(C) none of the other options is correct"", ""(D) VI - VII"", ""(E) v - v""]"	(D) VI - VII	D
879c3a5c-a264-50fe-a6dd-f9e8711be65d	11	perception	harmony	relative	harmony-relative	harmonic-recognition		cadence recognition	What is the chord progression between the {target_index} chord and the next one?	"[""target_index""]"	get_harmonic_cadence			"{""target_index"": ""44th""}"	What is the chord progression between the 44th chord and the next one?	Bach_IchStehAnDeinerKrippe	chorale-bricks	Bach_IchStehAnDeinerKrippe	data/chorale-bricks/Bach_IchStehAnDeinerKrippe	VI - VII	"[""I - I"", ""I - IV"", ""I - V"", ""I - fI"", ""I - i"", ""I - v"", ""I - vi"", ""II - v"", ""III - III"", ""III - IV"", ""III - VI"", ""III - VII"", ""III - fIII"", ""III - iv"", ""IV - I"", ""IV - V"", ""IV - VII"", ""IV - fIV"", ""IV - i"", ""IV - ii"", ""V - I"", ""V - IV"", ""V - V"", ""V - VI"", ""V - fV"", ""V - i"", ""V - iv"", ""V - v"", ""V - vi"", ""V7 - I"", ""V7 - VI"", ""V7 - fV7"", ""V7 - i"", ""V7 - vi"", ""VI - III"", ""VI - V"", ""VI - fVI"", ""VI - ii"", ""VI - iv"", ""VII - III"", ""VII - IV"", ""VII - VII"", ""VII - i"", ""VII - ii"", ""VII - iv"", ""VII - v"", ""i - I"", ""i - III"", ""i - IV"", ""i - V"", ""i - VI"", ""i - VII"", ""i - fi"", ""i - i"", ""i - iv"", ""ii - III"", ""ii - IV"", ""ii - V"", ""ii - V7"", ""ii - fii"", ""ii - iv"", ""ii - v"", ""ii - vi"", ""ii7 - V"", ""ii7 - fii7"", ""iii - IV"", ""iii - fiii"", ""iii - vi"", ""iv - I"", ""iv - V"", ""iv - VII"", ""iv - fiv"", ""iv - i"", ""iv - ii"", ""v - II"", ""v - III"", ""v - IV"", ""v - V"", ""v - VI"", ""v - fv"", ""v - i"", ""v - v"", ""vi - I"", ""vi - V"", ""vi - fvi"", ""vi - ii"", ""vi - iv"", ""vi - vi"", ""vii - I"", ""vii - fvii"", ""vii - i"", ""vii7 - I"", ""vii7 - fvii7"", ""vii7 - i""]"	"[""VII - i"", ""v - v"", ""vii - I"", ""iv - i"", ""I - I"", ""III - IV"", ""IV - i"", ""iv - fiv"", ""V - vi"", ""VI - V"", ""I - vi"", ""III - VII"", ""ii - fii"", ""vii7 - fvii7"", ""iii - vi"", ""v - II"", ""I - v"", ""VI - fVI"", ""III - III"", ""V - i"", ""V - fV"", ""VII - IV"", ""ii7 - V"", ""III - VI"", ""v - V"", ""V - IV"", ""vii - fvii"", ""VII - iv"", ""V - iv"", ""i - fi"", ""vii - i"", ""vi - vi"", ""VI - iv"", ""vi - iv"", ""I - IV"", ""IV - V"", ""iv - I"", ""VII - v"", ""V - v"", ""v - VI"", ""VI - III"", ""iii - IV"", ""V - I"", ""V - V"", ""V7 - VI"", ""vi - ii"", ""IV - fIV"", ""v - fv"", ""III - iv"", ""i - V"", ""ii - III"", ""I - fI"", ""vi - fvi"", ""v - IV"", ""ii7 - fii7"", ""v - III"", ""ii - vi"", ""iv - V"", ""V7 - i"", ""II - v"", ""VII - III"", ""ii - V7"", ""i - III"", ""IV - I"", ""IV - VII"", ""V - VI"", ""i - i"", ""III - fIII"", ""i - I"", ""VII - ii"", ""VII - VII"", ""vi - I"", ""iv - VII"", ""V7 - vi"", ""IV - ii"", ""v - i"", ""I - i"", ""VI - ii"", ""iv - ii"", ""i - VII"", ""vi - V"", ""i - iv"", ""iii - fiii"", ""i - VI"", ""ii - IV"", ""ii - iv"", ""V7 - I"", ""V7 - fV7"", ""I - V"", ""ii - V"", ""i - IV"", ""vii7 - I"", ""vii7 - i"", ""ii - v""]"	visual	visual.short.png	data/chorale-bricks/Bach_IchStehAnDeinerKrippe/visual.short.png	VI - VII	"[""VI - VII"", ""none of the other options is correct"", ""VII - i"", ""v - v"", ""vii - I""]"	0.2	0	"[""A"", ""B"", ""C"", ""D"", ""E""]"	"{""A"": ""v - v"", ""B"": ""VII - i"", ""C"": ""none of the other options is correct"", ""D"": ""vii - I"", ""E"": ""VI - VII""}"	"[""(A) v - v"", ""(B) VII - i"", ""(C) none of the other options is correct"", ""(D) vii - I"", ""(E) VI - VII""]"	(E) VI - VII	E
01e04110-3bd5-5355-be78-279490147824	11	perception	harmony	relative	harmony-relative	harmonic-recognition		cadence recognition	What is the chord progression between the {target_index} chord and the next one?	"[""target_index""]"	get_harmonic_cadence			"{""target_index"": ""22nd""}"	What is the chord progression between the 22nd chord and the next one?	Drese_JesuGehVoran	chorale-bricks	Drese_JesuGehVoran	data/chorale-bricks/Drese_JesuGehVoran	V - I	"[""I - I"", ""I - IV"", ""I - V"", ""I - fI"", ""I - i"", ""I - v"", ""I - vi"", ""II - v"", ""III - III"", ""III - IV"", ""III - VI"", ""III - VII"", ""III - fIII"", ""III - iv"", ""IV - I"", ""IV - V"", ""IV - VII"", ""IV - fIV"", ""IV - i"", ""IV - ii"", ""V - IV"", ""V - V"", ""V - VI"", ""V - fV"", ""V - i"", ""V - iv"", ""V - v"", ""V - vi"", ""V7 - I"", ""V7 - VI"", ""V7 - fV7"", ""V7 - i"", ""V7 - vi"", ""VI - III"", ""VI - V"", ""VI - VII"", ""VI - fVI"", ""VI - ii"", ""VI - iv"", ""VII - III"", ""VII - IV"", ""VII - VII"", ""VII - i"", ""VII - ii"", ""VII - iv"", ""VII - v"", ""i - I"", ""i - III"", ""i - IV"", ""i - V"", ""i - VI"", ""i - VII"", ""i - fi"", ""i - i"", ""i - iv"", ""ii - III"", ""ii - IV"", ""ii - V"", ""ii - V7"", ""ii - fii"", ""ii - iv"", ""ii - v"", ""ii - vi"", ""ii7 - V"", ""ii7 - fii7"", ""iii - IV"", ""iii - fiii"", ""iii - vi"", ""iv - I"", ""iv - V"", ""iv - VII"", ""iv - fiv"", ""iv - i"", ""iv - ii"", ""v - II"", ""v - III"", ""v - IV"", ""v - V"", ""v - VI"", ""v - fv"", ""v - i"", ""v - v"", ""vi - I"", ""vi - V"", ""vi - fvi"", ""vi - ii"", ""vi - iv"", ""vi - vi"", ""vii - I"", ""vii - fvii"", ""vii - i"", ""vii7 - I"", ""vii7 - fvii7"", ""vii7 - i""]"	"[""ii7 - V"", ""vi - ii"", ""v - i"", ""V7 - i"", ""VII - III"", ""V - vi"", ""V - IV"", ""V - V"", ""i - I"", ""VII - iv"", ""VI - III"", ""v - IV"", ""i - V"", ""IV - V"", ""VII - i"", ""iii - vi"", ""I - V"", ""iii - fiii"", ""IV - I"", ""i - IV"", ""V - fV"", ""v - V"", ""VII - v"", ""iv - V"", ""III - fIII"", ""III - iv"", ""iii - IV"", ""I - IV"", ""I - v"", ""vii7 - I"", ""V - i"", ""iv - ii"", ""v - III"", ""ii - V7"", ""i - fi"", ""ii - V"", ""vii - fvii"", ""V7 - VI"", ""iv - i"", ""i - iv"", ""vi - V"", ""I - i"", ""V - v"", ""i - i"", ""i - III"", ""I - I"", ""IV - i"", ""ii - iv"", ""i - VI"", ""V - iv"", ""III - IV"", ""v - II"", ""iv - VII"", ""i - VII"", ""ii - fii"", ""ii - v"", ""III - VII"", ""v - fv"", ""v - VI"", ""iv - I"", ""vii - I"", ""VI - iv"", ""VII - ii"", ""V7 - vi"", ""III - III"", ""ii - III"", ""VII - IV"", ""V7 - I"", ""vi - vi"", ""VII - VII"", ""I - fI"", ""V7 - fV7"", ""ii - IV"", ""vi - iv"", ""VI - V"", ""vii7 - fvii7"", ""ii7 - fii7"", ""v - v"", ""vi - I"", ""VI - fVI"", ""vi - fvi"", ""V - VI"", ""ii - vi"", ""IV - ii"", ""IV - VII"", ""VI - VII"", ""vii - i"", ""II - v"", ""III - VI"", ""iv - fiv"", ""vii7 - i"", ""IV - fIV"", ""VI - ii"", ""I - vi""]"	audio	audio.mastermix.wav	data/chorale-bricks/Drese_JesuGehVoran/audio.mastermix.wav	none of the other options is correct	"[""none of the other options is correct"", ""ii7 - V"", ""vi - ii"", ""v - i"", ""V7 - i""]"	0.2	1	"[""A"", ""B"", ""C"", ""D"", ""E""]"	"{""A"": ""V7 - i"", ""B"": ""ii7 - V"", ""C"": ""vi - ii"", ""D"": ""none of the other options is correct"", ""E"": ""v - i""}"	"[""(A) V7 - i"", ""(B) ii7 - V"", ""(C) vi - ii"", ""(D) none of the other options is correct"", ""(E) v - i""]"	(D) none of the other options is correct	D
389e9887-7dbd-5370-a3b7-184e7a455577	11	perception	harmony	relative	harmony-relative	harmonic-recognition		cadence recognition	What is the chord progression between the {target_index} chord and the next one?	"[""target_index""]"	get_harmonic_cadence			"{""target_index"": ""22nd""}"	What is the chord progression between the 22nd chord and the next one?	Drese_JesuGehVoran	chorale-bricks	Drese_JesuGehVoran	data/chorale-bricks/Drese_JesuGehVoran	V - I	"[""I - I"", ""I - IV"", ""I - V"", ""I - fI"", ""I - i"", ""I - v"", ""I - vi"", ""II - v"", ""III - III"", ""III - IV"", ""III - VI"", ""III - VII"", ""III - fIII"", ""III - iv"", ""IV - I"", ""IV - V"", ""IV - VII"", ""IV - fIV"", ""IV - i"", ""IV - ii"", ""V - IV"", ""V - V"", ""V - VI"", ""V - fV"", ""V - i"", ""V - iv"", ""V - v"", ""V - vi"", ""V7 - I"", ""V7 - VI"", ""V7 - fV7"", ""V7 - i"", ""V7 - vi"", ""VI - III"", ""VI - V"", ""VI - VII"", ""VI - fVI"", ""VI - ii"", ""VI - iv"", ""VII - III"", ""VII - IV"", ""VII - VII"", ""VII - i"", ""VII - ii"", ""VII - iv"", ""VII - v"", ""i - I"", ""i - III"", ""i - IV"", ""i - V"", ""i - VI"", ""i - VII"", ""i - fi"", ""i - i"", ""i - iv"", ""ii - III"", ""ii - IV"", ""ii - V"", ""ii - V7"", ""ii - fii"", ""ii - iv"", ""ii - v"", ""ii - vi"", ""ii7 - V"", ""ii7 - fii7"", ""iii - IV"", ""iii - fiii"", ""iii - vi"", ""iv - I"", ""iv - V"", ""iv - VII"", ""iv - fiv"", ""iv - i"", ""iv - ii"", ""v - II"", ""v - III"", ""v - IV"", ""v - V"", ""v - VI"", ""v - fv"", ""v - i"", ""v - v"", ""vi - I"", ""vi - V"", ""vi - fvi"", ""vi - ii"", ""vi - iv"", ""vi - vi"", ""vii - I"", ""vii - fvii"", ""vii - i"", ""vii7 - I"", ""vii7 - fvii7"", ""vii7 - i""]"	"[""ii7 - V"", ""vi - ii"", ""v - i"", ""V7 - i"", ""VII - III"", ""V - vi"", ""V - IV"", ""V - V"", ""i - I"", ""VII - iv"", ""VI - III"", ""v - IV"", ""i - V"", ""IV - V"", ""VII - i"", ""iii - vi"", ""I - V"", ""iii - fiii"", ""IV - I"", ""i - IV"", ""V - fV"", ""v - V"", ""VII - v"", ""iv - V"", ""III - fIII"", ""III - iv"", ""iii - IV"", ""I - IV"", ""I - v"", ""vii7 - I"", ""V - i"", ""iv - ii"", ""v - III"", ""ii - V7"", ""i - fi"", ""ii - V"", ""vii - fvii"", ""V7 - VI"", ""iv - i"", ""i - iv"", ""vi - V"", ""I - i"", ""V - v"", ""i - i"", ""i - III"", ""I - I"", ""IV - i"", ""ii - iv"", ""i - VI"", ""V - iv"", ""III - IV"", ""v - II"", ""iv - VII"", ""i - VII"", ""ii - fii"", ""ii - v"", ""III - VII"", ""v - fv"", ""v - VI"", ""iv - I"", ""vii - I"", ""VI - iv"", ""VII - ii"", ""V7 - vi"", ""III - III"", ""ii - III"", ""VII - IV"", ""V7 - I"", ""vi - vi"", ""VII - VII"", ""I - fI"", ""V7 - fV7"", ""ii - IV"", ""vi - iv"", ""VI - V"", ""vii7 - fvii7"", ""ii7 - fii7"", ""v - v"", ""vi - I"", ""VI - fVI"", ""vi - fvi"", ""V - VI"", ""ii - vi"", ""IV - ii"", ""IV - VII"", ""VI - VII"", ""vii - i"", ""II - v"", ""III - VI"", ""iv - fiv"", ""vii7 - i"", ""IV - fIV"", ""VI - ii"", ""I - vi""]"	symbolic	symbolic.abc.txt	data/chorale-bricks/Drese_JesuGehVoran/symbolic.abc.txt	V - I	"[""V - I"", ""none of the other options is correct"", ""ii7 - V"", ""vi - ii"", ""v - i""]"	0.2	0	"[""A"", ""B"", ""C"", ""D"", ""E""]"	"{""A"": ""none of the other options is correct"", ""B"": ""V - I"", ""C"": ""v - i"", ""D"": ""vi - ii"", ""E"": ""ii7 - V""}"	"[""(A) none of the other options is correct"", ""(B) V - I"", ""(C) v - i"", ""(D) vi - ii"", ""(E) ii7 - V""]"	(B) V - I	B
b5ee7893-68c5-5b2b-a524-0cda41f7e15a	11	perception	harmony	relative	harmony-relative	harmonic-recognition		cadence recognition	What is the chord progression between the {target_index} chord and the next one?	"[""target_index""]"	get_harmonic_cadence			"{""target_index"": ""22nd""}"	What is the chord progression between the 22nd chord and the next one?	Drese_JesuGehVoran	chorale-bricks	Drese_JesuGehVoran	data/chorale-bricks/Drese_JesuGehVoran	V - I	"[""I - I"", ""I - IV"", ""I - V"", ""I - fI"", ""I - i"", ""I - v"", ""I - vi"", ""II - v"", ""III - III"", ""III - IV"", ""III - VI"", ""III - VII"", ""III - fIII"", ""III - iv"", ""IV - I"", ""IV - V"", ""IV - VII"", ""IV - fIV"", ""IV - i"", ""IV - ii"", ""V - IV"", ""V - V"", ""V - VI"", ""V - fV"", ""V - i"", ""V - iv"", ""V - v"", ""V - vi"", ""V7 - I"", ""V7 - VI"", ""V7 - fV7"", ""V7 - i"", ""V7 - vi"", ""VI - III"", ""VI - V"", ""VI - VII"", ""VI - fVI"", ""VI - ii"", ""VI - iv"", ""VII - III"", ""VII - IV"", ""VII - VII"", ""VII - i"", ""VII - ii"", ""VII - iv"", ""VII - v"", ""i - I"", ""i - III"", ""i - IV"", ""i - V"", ""i - VI"", ""i - VII"", ""i - fi"", ""i - i"", ""i - iv"", ""ii - III"", ""ii - IV"", ""ii - V"", ""ii - V7"", ""ii - fii"", ""ii - iv"", ""ii - v"", ""ii - vi"", ""ii7 - V"", ""ii7 - fii7"", ""iii - IV"", ""iii - fiii"", ""iii - vi"", ""iv - I"", ""iv - V"", ""iv - VII"", ""iv - fiv"", ""iv - i"", ""iv - ii"", ""v - II"", ""v - III"", ""v - IV"", ""v - V"", ""v - VI"", ""v - fv"", ""v - i"", ""v - v"", ""vi - I"", ""vi - V"", ""vi - fvi"", ""vi - ii"", ""vi - iv"", ""vi - vi"", ""vii - I"", ""vii - fvii"", ""vii - i"", ""vii7 - I"", ""vii7 - fvii7"", ""vii7 - i""]"	"[""ii7 - V"", ""vi - ii"", ""v - i"", ""V7 - i"", ""VII - III"", ""V - vi"", ""V - IV"", ""V - V"", ""i - I"", ""VII - iv"", ""VI - III"", ""v - IV"", ""i - V"", ""IV - V"", ""VII - i"", ""iii - vi"", ""I - V"", ""iii - fiii"", ""IV - I"", ""i - IV"", ""V - fV"", ""v - V"", ""VII - v"", ""iv - V"", ""III - fIII"", ""III - iv"", ""iii - IV"", ""I - IV"", ""I - v"", ""vii7 - I"", ""V - i"", ""iv - ii"", ""v - III"", ""ii - V7"", ""i - fi"", ""ii - V"", ""vii - fvii"", ""V7 - VI"", ""iv - i"", ""i - iv"", ""vi - V"", ""I - i"", ""V - v"", ""i - i"", ""i - III"", ""I - I"", ""IV - i"", ""ii - iv"", ""i - VI"", ""V - iv"", ""III - IV"", ""v - II"", ""iv - VII"", ""i - VII"", ""ii - fii"", ""ii - v"", ""III - VII"", ""v - fv"", ""v - VI"", ""iv - I"", ""vii - I"", ""VI - iv"", ""VII - ii"", ""V7 - vi"", ""III - III"", ""ii - III"", ""VII - IV"", ""V7 - I"", ""vi - vi"", ""VII - VII"", ""I - fI"", ""V7 - fV7"", ""ii - IV"", ""vi - iv"", ""VI - V"", ""vii7 - fvii7"", ""ii7 - fii7"", ""v - v"", ""vi - I"", ""VI - fVI"", ""vi - fvi"", ""V - VI"", ""ii - vi"", ""IV - ii"", ""IV - VII"", ""VI - VII"", ""vii - i"", ""II - v"", ""III - VI"", ""iv - fiv"", ""vii7 - i"", ""IV - fIV"", ""VI - ii"", ""I - vi""]"	visual	visual.short.png	data/chorale-bricks/Drese_JesuGehVoran/visual.short.png	none of the other options is correct	"[""none of the other options is correct"", ""ii7 - V"", ""vi - ii"", ""v - i"", ""V7 - i""]"	0.2	1	"[""A"", ""B"", ""C"", ""D"", ""E""]"	"{""A"": ""vi - ii"", ""B"": ""V7 - i"", ""C"": ""none of the other options is correct"", ""D"": ""v - i"", ""E"": ""ii7 - V""}"	"[""(A) vi - ii"", ""(B) V7 - i"", ""(C) none of the other options is correct"", ""(D) v - i"", ""(E) ii7 - V""]"	(C) none of the other options is correct	C
dfbad7c3-d052-5aee-b553-c792ed072d85	11	perception	harmony	relative	harmony-relative	harmonic-recognition		cadence recognition	What is the chord progression between the {target_index} chord and the next one?	"[""target_index""]"	get_harmonic_cadence			"{""target_index"": ""4th""}"	What is the chord progression between the 4th chord and the next one?	Gesius_DuFriedensfuerstHerrJesuChrist	chorale-bricks	Gesius_DuFriedensfuerstHerrJesuChrist	data/chorale-bricks/Gesius_DuFriedensfuerstHerrJesuChrist	I - i	"[""I - I"", ""I - IV"", ""I - V"", ""I - fI"", ""I - v"", ""I - vi"", ""II - v"", ""III - III"", ""III - IV"", ""III - VI"", ""III - VII"", ""III - fIII"", ""III - iv"", ""IV - I"", ""IV - V"", ""IV - VII"", ""IV - fIV"", ""IV - i"", ""IV - ii"", ""V - I"", ""V - IV"", ""V - V"", ""V - VI"", ""V - fV"", ""V - i"", ""V - iv"", ""V - v"", ""V - vi"", ""V7 - I"", ""V7 - VI"", ""V7 - fV7"", ""V7 - i"", ""V7 - vi"", ""VI - III"", ""VI - V"", ""VI - VII"", ""VI - fVI"", ""VI - ii"", ""VI - iv"", ""VII - III"", ""VII - IV"", ""VII - VII"", ""VII - i"", ""VII - ii"", ""VII - iv"", ""VII - v"", ""i - I"", ""i - III"", ""i - IV"", ""i - V"", ""i - VI"", ""i - VII"", ""i - fi"", ""i - i"", ""i - iv"", ""ii - III"", ""ii - IV"", ""ii - V"", ""ii - V7"", ""ii - fii"", ""ii - iv"", ""ii - v"", ""ii - vi"", ""ii7 - V"", ""ii7 - fii7"", ""iii - IV"", ""iii - fiii"", ""iii - vi"", ""iv - I"", ""iv - V"", ""iv - VII"", ""iv - fiv"", ""iv - i"", ""iv - ii"", ""v - II"", ""v - III"", ""v - IV"", ""v - V"", ""v - VI"", ""v - fv"", ""v - i"", ""v - v"", ""vi - I"", ""vi - V"", ""vi - fvi"", ""vi - ii"", ""vi - iv"", ""vi - vi"", ""vii - I"", ""vii - fvii"", ""vii - i"", ""vii7 - I"", ""vii7 - fvii7"", ""vii7 - i""]"	"[""ii - V7"", ""VII - III"", ""ii7 - fii7"", ""VII - ii"", ""ii - III"", ""vii - I"", ""ii - vi"", ""iii - fiii"", ""i - I"", ""vi - fvi"", ""v - v"", ""vi - ii"", ""IV - V"", ""V - IV"", ""III - VI"", ""v - VI"", ""I - fI"", ""i - iv"", ""i - III"", ""ii - V"", ""VII - iv"", ""v - III"", ""IV - I"", ""VII - IV"", ""vii7 - fvii7"", ""i - VI"", ""vii7 - I"", ""v - V"", ""ii - IV"", ""IV - i"", ""i - fi"", ""III - VII"", ""iv - VII"", ""vii7 - i"", ""iii - IV"", ""III - III"", ""iii - vi"", ""vi - I"", ""VI - VII"", ""v - II"", ""I - V"", ""V - V"", ""v - i"", ""iv - i"", ""vii - i"", ""V - i"", ""V7 - vi"", ""III - fIII"", ""VII - v"", ""V - VI"", ""v - fv"", ""V7 - VI"", ""II - v"", ""ii7 - V"", ""V - I"", ""VII - VII"", ""V - iv"", ""III - iv"", ""iv - V"", ""V - vi"", ""V - v"", ""V - fV"", ""I - IV"", ""ii - v"", ""VI - iv"", ""IV - VII"", ""VI - fVI"", ""i - VII"", ""III - IV"", ""IV - ii"", ""VI - III"", ""V7 - fV7"", ""i - V"", ""iv - I"", ""ii - fii"", ""i - IV"", ""I - vi"", ""vii - fvii"", ""v - IV"", ""vi - iv"", ""ii - iv"", ""V7 - i"", ""VI - V"", ""VII - i"", ""I - I"", ""vi - V"", ""V7 - I"", ""iv - fiv"", ""i - i"", ""iv - ii"", ""VI - ii"", ""vi - vi"", ""I - v"", ""IV - fIV""]"	audio	audio.mastermix.wav	data/chorale-bricks/Gesius_DuFriedensfuerstHerrJesuChrist/audio.mastermix.wav	I - i	"[""I - i"", ""none of the other options is correct"", ""ii - V7"", ""VII - III"", ""ii7 - fii7""]"	0.2	0	"[""A"", ""B"", ""C"", ""D"", ""E""]"	"{""A"": ""I - i"", ""B"": ""ii - V7"", ""C"": ""none of the other options is correct"", ""D"": ""ii7 - fii7"", ""E"": ""VII - III""}"	"[""(A) I - i"", ""(B) ii - V7"", ""(C) none of the other options is correct"", ""(D) ii7 - fii7"", ""(E) VII - III""]"	(A) I - i	A
2c48344c-c227-529f-a3df-4c5b078e0580	11	perception	harmony	relative	harmony-relative	harmonic-recognition		cadence recognition	What is the chord progression between the {target_index} chord and the next one?	"[""target_index""]"	get_harmonic_cadence			"{""target_index"": ""4th""}"	What is the chord progression between the 4th chord and the next one?	Gesius_DuFriedensfuerstHerrJesuChrist	chorale-bricks	Gesius_DuFriedensfuerstHerrJesuChrist	data/chorale-bricks/Gesius_DuFriedensfuerstHerrJesuChrist	I - i	"[""I - I"", ""I - IV"", ""I - V"", ""I - fI"", ""I - v"", ""I - vi"", ""II - v"", ""III - III"", ""III - IV"", ""III - VI"", ""III - VII"", ""III - fIII"", ""III - iv"", ""IV - I"", ""IV - V"", ""IV - VII"", ""IV - fIV"", ""IV - i"", ""IV - ii"", ""V - I"", ""V - IV"", ""V - V"", ""V - VI"", ""V - fV"", ""V - i"", ""V - iv"", ""V - v"", ""V - vi"", ""V7 - I"", ""V7 - VI"", ""V7 - fV7"", ""V7 - i"", ""V7 - vi"", ""VI - III"", ""VI - V"", ""VI - VII"", ""VI - fVI"", ""VI - ii"", ""VI - iv"", ""VII - III"", ""VII - IV"", ""VII - VII"", ""VII - i"", ""VII - ii"", ""VII - iv"", ""VII - v"", ""i - I"", ""i - III"", ""i - IV"", ""i - V"", ""i - VI"", ""i - VII"", ""i - fi"", ""i - i"", ""i - iv"", ""ii - III"", ""ii - IV"", ""ii - V"", ""ii - V7"", ""ii - fii"", ""ii - iv"", ""ii - v"", ""ii - vi"", ""ii7 - V"", ""ii7 - fii7"", ""iii - IV"", ""iii - fiii"", ""iii - vi"", ""iv - I"", ""iv - V"", ""iv - VII"", ""iv - fiv"", ""iv - i"", ""iv - ii"", ""v - II"", ""v - III"", ""v - IV"", ""v - V"", ""v - VI"", ""v - fv"", ""v - i"", ""v - v"", ""vi - I"", ""vi - V"", ""vi - fvi"", ""vi - ii"", ""vi - iv"", ""vi - vi"", ""vii - I"", ""vii - fvii"", ""vii - i"", ""vii7 - I"", ""vii7 - fvii7"", ""vii7 - i""]"	"[""ii - V7"", ""VII - III"", ""ii7 - fii7"", ""VII - ii"", ""ii - III"", ""vii - I"", ""ii - vi"", ""iii - fiii"", ""i - I"", ""vi - fvi"", ""v - v"", ""vi - ii"", ""IV - V"", ""V - IV"", ""III - VI"", ""v - VI"", ""I - fI"", ""i - iv"", ""i - III"", ""ii - V"", ""VII - iv"", ""v - III"", ""IV - I"", ""VII - IV"", ""vii7 - fvii7"", ""i - VI"", ""vii7 - I"", ""v - V"", ""ii - IV"", ""IV - i"", ""i - fi"", ""III - VII"", ""iv - VII"", ""vii7 - i"", ""iii - IV"", ""III - III"", ""iii - vi"", ""vi - I"", ""VI - VII"", ""v - II"", ""I - V"", ""V - V"", ""v - i"", ""iv - i"", ""vii - i"", ""V - i"", ""V7 - vi"", ""III - fIII"", ""VII - v"", ""V - VI"", ""v - fv"", ""V7 - VI"", ""II - v"", ""ii7 - V"", ""V - I"", ""VII - VII"", ""V - iv"", ""III - iv"", ""iv - V"", ""V - vi"", ""V - v"", ""V - fV"", ""I - IV"", ""ii - v"", ""VI - iv"", ""IV - VII"", ""VI - fVI"", ""i - VII"", ""III - IV"", ""IV - ii"", ""VI - III"", ""V7 - fV7"", ""i - V"", ""iv - I"", ""ii - fii"", ""i - IV"", ""I - vi"", ""vii - fvii"", ""v - IV"", ""vi - iv"", ""ii - iv"", ""V7 - i"", ""VI - V"", ""VII - i"", ""I - I"", ""vi - V"", ""V7 - I"", ""iv - fiv"", ""i - i"", ""iv - ii"", ""VI - ii"", ""vi - vi"", ""I - v"", ""IV - fIV""]"	symbolic	symbolic.abc.txt	data/chorale-bricks/Gesius_DuFriedensfuerstHerrJesuChrist/symbolic.abc.txt	I - i	"[""I - i"", ""none of the other options is correct"", ""ii - V7"", ""VII - III"", ""ii7 - fii7""]"	0.2	0	"[""A"", ""B"", ""C"", ""D"", ""E""]"	"{""A"": ""none of the other options is correct"", ""B"": ""I - i"", ""C"": ""VII - III"", ""D"": ""ii - V7"", ""E"": ""ii7 - fii7""}"	"[""(A) none of the other options is correct"", ""(B) I - i"", ""(C) VII - III"", ""(D) ii - V7"", ""(E) ii7 - fii7""]"	(B) I - i	B
1dad0ff8-3412-5da3-9329-d5ccc74b9b03	11	perception	harmony	relative	harmony-relative	harmonic-recognition		cadence recognition	What is the chord progression between the {target_index} chord and the next one?	"[""target_index""]"	get_harmonic_cadence			"{""target_index"": ""4th""}"	What is the chord progression between the 4th chord and the next one?	Gesius_DuFriedensfuerstHerrJesuChrist	chorale-bricks	Gesius_DuFriedensfuerstHerrJesuChrist	data/chorale-bricks/Gesius_DuFriedensfuerstHerrJesuChrist	I - i	"[""I - I"", ""I - IV"", ""I - V"", ""I - fI"", ""I - v"", ""I - vi"", ""II - v"", ""III - III"", ""III - IV"", ""III - VI"", ""III - VII"", ""III - fIII"", ""III - iv"", ""IV - I"", ""IV - V"", ""IV - VII"", ""IV - fIV"", ""IV - i"", ""IV - ii"", ""V - I"", ""V - IV"", ""V - V"", ""V - VI"", ""V - fV"", ""V - i"", ""V - iv"", ""V - v"", ""V - vi"", ""V7 - I"", ""V7 - VI"", ""V7 - fV7"", ""V7 - i"", ""V7 - vi"", ""VI - III"", ""VI - V"", ""VI - VII"", ""VI - fVI"", ""VI - ii"", ""VI - iv"", ""VII - III"", ""VII - IV"", ""VII - VII"", ""VII - i"", ""VII - ii"", ""VII - iv"", ""VII - v"", ""i - I"", ""i - III"", ""i - IV"", ""i - V"", ""i - VI"", ""i - VII"", ""i - fi"", ""i - i"", ""i - iv"", ""ii - III"", ""ii - IV"", ""ii - V"", ""ii - V7"", ""ii - fii"", ""ii - iv"", ""ii - v"", ""ii - vi"", ""ii7 - V"", ""ii7 - fii7"", ""iii - IV"", ""iii - fiii"", ""iii - vi"", ""iv - I"", ""iv - V"", ""iv - VII"", ""iv - fiv"", ""iv - i"", ""iv - ii"", ""v - II"", ""v - III"", ""v - IV"", ""v - V"", ""v - VI"", ""v - fv"", ""v - i"", ""v - v"", ""vi - I"", ""vi - V"", ""vi - fvi"", ""vi - ii"", ""vi - iv"", ""vi - vi"", ""vii - I"", ""vii - fvii"", ""vii - i"", ""vii7 - I"", ""vii7 - fvii7"", ""vii7 - i""]"	"[""ii - V7"", ""VII - III"", ""ii7 - fii7"", ""VII - ii"", ""ii - III"", ""vii - I"", ""ii - vi"", ""iii - fiii"", ""i - I"", ""vi - fvi"", ""v - v"", ""vi - ii"", ""IV - V"", ""V - IV"", ""III - VI"", ""v - VI"", ""I - fI"", ""i - iv"", ""i - III"", ""ii - V"", ""VII - iv"", ""v - III"", ""IV - I"", ""VII - IV"", ""vii7 - fvii7"", ""i - VI"", ""vii7 - I"", ""v - V"", ""ii - IV"", ""IV - i"", ""i - fi"", ""III - VII"", ""iv - VII"", ""vii7 - i"", ""iii - IV"", ""III - III"", ""iii - vi"", ""vi - I"", ""VI - VII"", ""v - II"", ""I - V"", ""V - V"", ""v - i"", ""iv - i"", ""vii - i"", ""V - i"", ""V7 - vi"", ""III - fIII"", ""VII - v"", ""V - VI"", ""v - fv"", ""V7 - VI"", ""II - v"", ""ii7 - V"", ""V - I"", ""VII - VII"", ""V - iv"", ""III - iv"", ""iv - V"", ""V - vi"", ""V - v"", ""V - fV"", ""I - IV"", ""ii - v"", ""VI - iv"", ""IV - VII"", ""VI - fVI"", ""i - VII"", ""III - IV"", ""IV - ii"", ""VI - III"", ""V7 - fV7"", ""i - V"", ""iv - I"", ""ii - fii"", ""i - IV"", ""I - vi"", ""vii - fvii"", ""v - IV"", ""vi - iv"", ""ii - iv"", ""V7 - i"", ""VI - V"", ""VII - i"", ""I - I"", ""vi - V"", ""V7 - I"", ""iv - fiv"", ""i - i"", ""iv - ii"", ""VI - ii"", ""vi - vi"", ""I - v"", ""IV - fIV""]"	visual	visual.short.png	data/chorale-bricks/Gesius_DuFriedensfuerstHerrJesuChrist/visual.short.png	none of the other options is correct	"[""none of the other options is correct"", ""ii - V7"", ""VII - III"", ""ii7 - fii7"", ""VII - ii""]"	0.2	1	"[""A"", ""B"", ""C"", ""D"", ""E""]"	"{""A"": ""none of the other options is correct"", ""B"": ""VII - ii"", ""C"": ""VII - III"", ""D"": ""ii7 - fii7"", ""E"": ""ii - V7""}"	"[""(A) none of the other options is correct"", ""(B) VII - ii"", ""(C) VII - III"", ""(D) ii7 - fii7"", ""(E) ii - V7""]"	(A) none of the other options is correct	A
78c4bed1-2a76-5f56-a500-295292b620bd	11	perception	harmony	relative	harmony-relative	harmonic-recognition		cadence recognition	What is the chord progression between the {target_index} chord and the next one?	"[""target_index""]"	get_harmonic_cadence			"{""target_index"": ""1st""}"	What is the chord progression between the 1st chord and the next one?	Vulpius_DieHelleSonnLeuchtJetztHerfuer	chorale-bricks	Vulpius_DieHelleSonnLeuchtJetztHerfuer	data/chorale-bricks/Vulpius_DieHelleSonnLeuchtJetztHerfuer	I - I	"[""I - IV"", ""I - V"", ""I - fI"", ""I - i"", ""I - v"", ""I - vi"", ""II - v"", ""III - III"", ""III - IV"", ""III - VI"", ""III - VII"", ""III - fIII"", ""III - iv"", ""IV - I"", ""IV - V"", ""IV - VII"", ""IV - fIV"", ""IV - i"", ""IV - ii"", ""V - I"", ""V - IV"", ""V - V"", ""V - VI"", ""V - fV"", ""V - i"", ""V - iv"", ""V - v"", ""V - vi"", ""V7 - I"", ""V7 - VI"", ""V7 - fV7"", ""V7 - i"", ""V7 - vi"", ""VI - III"", ""VI - V"", ""VI - VII"", ""VI - fVI"", ""VI - ii"", ""VI - iv"", ""VII - III"", ""VII - IV"", ""VII - VII"", ""VII - i"", ""VII - ii"", ""VII - iv"", ""VII - v"", ""i - I"", ""i - III"", ""i - IV"", ""i - V"", ""i - VI"", ""i - VII"", ""i - fi"", ""i - i"", ""i - iv"", ""ii - III"", ""ii - IV"", ""ii - V"", ""ii - V7"", ""ii - fii"", ""ii - iv"", ""ii - v"", ""ii - vi"", ""ii7 - V"", ""ii7 - fii7"", ""iii - IV"", ""iii - fiii"", ""iii - vi"", ""iv - I"", ""iv - V"", ""iv - VII"", ""iv - fiv"", ""iv - i"", ""iv - ii"", ""v - II"", ""v - III"", ""v - IV"", ""v - V"", ""v - VI"", ""v - fv"", ""v - i"", ""v - v"", ""vi - I"", ""vi - V"", ""vi - fvi"", ""vi - ii"", ""vi - iv"", ""vi - vi"", ""vii - I"", ""vii - fvii"", ""vii - i"", ""vii7 - I"", ""vii7 - fvii7"", ""vii7 - i""]"	"[""iii - vi"", ""ii - V"", ""v - i"", ""ii - v"", ""VI - ii"", ""vi - iv"", ""IV - I"", ""V - iv"", ""ii7 - fii7"", ""vii7 - fvii7"", ""V - VI"", ""IV - ii"", ""V - V"", ""III - III"", ""IV - V"", ""i - VI"", ""i - fi"", ""vi - vi"", ""i - III"", ""v - VI"", ""VII - v"", ""VII - VII"", ""V7 - i"", ""vi - fvi"", ""III - iv"", ""VI - VII"", ""i - i"", ""ii - vi"", ""V - i"", ""IV - i"", ""ii - iv"", ""ii - V7"", ""V7 - I"", ""VI - III"", ""VII - ii"", ""III - VII"", ""IV - VII"", ""iv - I"", ""ii - IV"", ""I - i"", ""VI - fVI"", ""i - IV"", ""v - v"", ""v - V"", ""VII - III"", ""ii - III"", ""i - I"", ""iv - VII"", ""ii7 - V"", ""vii7 - i"", ""VII - IV"", ""v - III"", ""V7 - VI"", ""VII - i"", ""vi - ii"", ""i - iv"", ""VII - iv"", ""iii - fiii"", ""II - v"", ""vii - i"", ""V - fV"", ""I - vi"", ""I - V"", ""v - II"", ""i - V"", ""ii - fii"", ""iv - i"", ""I - fI"", ""V7 - fV7"", ""iv - V"", ""III - fIII"", ""I - IV"", ""iv - ii"", ""vi - V"", ""i - VII"", ""V - vi"", ""vii7 - I"", ""V - v"", ""IV - fIV"", ""vii - I"", ""iii - IV"", ""VI - V"", ""v - fv"", ""I - v"", ""III - VI"", ""V7 - vi"", ""VI - iv"", ""V - IV"", ""v - IV"", ""V - I"", ""vii - fvii"", ""iv - fiv"", ""III - IV"", ""vi - I""]"	audio	audio.mastermix.wav	data/chorale-bricks/Vulpius_DieHelleSonnLeuchtJetztHerfuer/audio.mastermix.wav	none of the other options is correct	"[""none of the other options is correct"", ""iii - vi"", ""ii - V"", ""v - i"", ""ii - v""]"	0.2	1	"[""A"", ""B"", ""C"", ""D"", ""E""]"	"{""A"": ""v - i"", ""B"": ""ii - v"", ""C"": ""none of the other options is correct"", ""D"": ""iii - vi"", ""E"": ""ii - V""}"	"[""(A) v - i"", ""(B) ii - v"", ""(C) none of the other options is correct"", ""(D) iii - vi"", ""(E) ii - V""]"	(C) none of the other options is correct	C
ab7c3f92-f600-5e6b-9518-203462a49b84	11	perception	harmony	relative	harmony-relative	harmonic-recognition		cadence recognition	What is the chord progression between the {target_index} chord and the next one?	"[""target_index""]"	get_harmonic_cadence			"{""target_index"": ""1st""}"	What is the chord progression between the 1st chord and the next one?	Vulpius_DieHelleSonnLeuchtJetztHerfuer	chorale-bricks	Vulpius_DieHelleSonnLeuchtJetztHerfuer	data/chorale-bricks/Vulpius_DieHelleSonnLeuchtJetztHerfuer	I - I	"[""I - IV"", ""I - V"", ""I - fI"", ""I - i"", ""I - v"", ""I - vi"", ""II - v"", ""III - III"", ""III - IV"", ""III - VI"", ""III - VII"", ""III - fIII"", ""III - iv"", ""IV - I"", ""IV - V"", ""IV - VII"", ""IV - fIV"", ""IV - i"", ""IV - ii"", ""V - I"", ""V - IV"", ""V - V"", ""V - VI"", ""V - fV"", ""V - i"", ""V - iv"", ""V - v"", ""V - vi"", ""V7 - I"", ""V7 - VI"", ""V7 - fV7"", ""V7 - i"", ""V7 - vi"", ""VI - III"", ""VI - V"", ""VI - VII"", ""VI - fVI"", ""VI - ii"", ""VI - iv"", ""VII - III"", ""VII - IV"", ""VII - VII"", ""VII - i"", ""VII - ii"", ""VII - iv"", ""VII - v"", ""i - I"", ""i - III"", ""i - IV"", ""i - V"", ""i - VI"", ""i - VII"", ""i - fi"", ""i - i"", ""i - iv"", ""ii - III"", ""ii - IV"", ""ii - V"", ""ii - V7"", ""ii - fii"", ""ii - iv"", ""ii - v"", ""ii - vi"", ""ii7 - V"", ""ii7 - fii7"", ""iii - IV"", ""iii - fiii"", ""iii - vi"", ""iv - I"", ""iv - V"", ""iv - VII"", ""iv - fiv"", ""iv - i"", ""iv - ii"", ""v - II"", ""v - III"", ""v - IV"", ""v - V"", ""v - VI"", ""v - fv"", ""v - i"", ""v - v"", ""vi - I"", ""vi - V"", ""vi - fvi"", ""vi - ii"", ""vi - iv"", ""vi - vi"", ""vii - I"", ""vii - fvii"", ""vii - i"", ""vii7 - I"", ""vii7 - fvii7"", ""vii7 - i""]"	"[""iii - vi"", ""ii - V"", ""v - i"", ""ii - v"", ""VI - ii"", ""vi - iv"", ""IV - I"", ""V - iv"", ""ii7 - fii7"", ""vii7 - fvii7"", ""V - VI"", ""IV - ii"", ""V - V"", ""III - III"", ""IV - V"", ""i - VI"", ""i - fi"", ""vi - vi"", ""i - III"", ""v - VI"", ""VII - v"", ""VII - VII"", ""V7 - i"", ""vi - fvi"", ""III - iv"", ""VI - VII"", ""i - i"", ""ii - vi"", ""V - i"", ""IV - i"", ""ii - iv"", ""ii - V7"", ""V7 - I"", ""VI - III"", ""VII - ii"", ""III - VII"", ""IV - VII"", ""iv - I"", ""ii - IV"", ""I - i"", ""VI - fVI"", ""i - IV"", ""v - v"", ""v - V"", ""VII - III"", ""ii - III"", ""i - I"", ""iv - VII"", ""ii7 - V"", ""vii7 - i"", ""VII - IV"", ""v - III"", ""V7 - VI"", ""VII - i"", ""vi - ii"", ""i - iv"", ""VII - iv"", ""iii - fiii"", ""II - v"", ""vii - i"", ""V - fV"", ""I - vi"", ""I - V"", ""v - II"", ""i - V"", ""ii - fii"", ""iv - i"", ""I - fI"", ""V7 - fV7"", ""iv - V"", ""III - fIII"", ""I - IV"", ""iv - ii"", ""vi - V"", ""i - VII"", ""V - vi"", ""vii7 - I"", ""V - v"", ""IV - fIV"", ""vii - I"", ""iii - IV"", ""VI - V"", ""v - fv"", ""I - v"", ""III - VI"", ""V7 - vi"", ""VI - iv"", ""V - IV"", ""v - IV"", ""V - I"", ""vii - fvii"", ""iv - fiv"", ""III - IV"", ""vi - I""]"	symbolic	symbolic.abc.txt	data/chorale-bricks/Vulpius_DieHelleSonnLeuchtJetztHerfuer/symbolic.abc.txt	I - I	"[""I - I"", ""none of the other options is correct"", ""iii - vi"", ""ii - V"", ""v - i""]"	0.2	0	"[""A"", ""B"", ""C"", ""D"", ""E""]"	"{""A"": ""I - I"", ""B"": ""v - i"", ""C"": ""iii - vi"", ""D"": ""none of the other options is correct"", ""E"": ""ii - V""}"	"[""(A) I - I"", ""(B) v - i"", ""(C) iii - vi"", ""(D) none of the other options is correct"", ""(E) ii - V""]"	(A) I - I	A
89332108-ec36-582f-9608-39857c9b88d2	11	perception	harmony	relative	harmony-relative	harmonic-recognition		cadence recognition	What is the chord progression between the {target_index} chord and the next one?	"[""target_index""]"	get_harmonic_cadence			"{""target_index"": ""1st""}"	What is the chord progression between the 1st chord and the next one?	Vulpius_DieHelleSonnLeuchtJetztHerfuer	chorale-bricks	Vulpius_DieHelleSonnLeuchtJetztHerfuer	data/chorale-bricks/Vulpius_DieHelleSonnLeuchtJetztHerfuer	I - I	"[""I - IV"", ""I - V"", ""I - fI"", ""I - i"", ""I - v"", ""I - vi"", ""II - v"", ""III - III"", ""III - IV"", ""III - VI"", ""III - VII"", ""III - fIII"", ""III - iv"", ""IV - I"", ""IV - V"", ""IV - VII"", ""IV - fIV"", ""IV - i"", ""IV - ii"", ""V - I"", ""V - IV"", ""V - V"", ""V - VI"", ""V - fV"", ""V - i"", ""V - iv"", ""V - v"", ""V - vi"", ""V7 - I"", ""V7 - VI"", ""V7 - fV7"", ""V7 - i"", ""V7 - vi"", ""VI - III"", ""VI - V"", ""VI - VII"", ""VI - fVI"", ""VI - ii"", ""VI - iv"", ""VII - III"", ""VII - IV"", ""VII - VII"", ""VII - i"", ""VII - ii"", ""VII - iv"", ""VII - v"", ""i - I"", ""i - III"", ""i - IV"", ""i - V"", ""i - VI"", ""i - VII"", ""i - fi"", ""i - i"", ""i - iv"", ""ii - III"", ""ii - IV"", ""ii - V"", ""ii - V7"", ""ii - fii"", ""ii - iv"", ""ii - v"", ""ii - vi"", ""ii7 - V"", ""ii7 - fii7"", ""iii - IV"", ""iii - fiii"", ""iii - vi"", ""iv - I"", ""iv - V"", ""iv - VII"", ""iv - fiv"", ""iv - i"", ""iv - ii"", ""v - II"", ""v - III"", ""v - IV"", ""v - V"", ""v - VI"", ""v - fv"", ""v - i"", ""v - v"", ""vi - I"", ""vi - V"", ""vi - fvi"", ""vi - ii"", ""vi - iv"", ""vi - vi"", ""vii - I"", ""vii - fvii"", ""vii - i"", ""vii7 - I"", ""vii7 - fvii7"", ""vii7 - i""]"	"[""iii - vi"", ""ii - V"", ""v - i"", ""ii - v"", ""VI - ii"", ""vi - iv"", ""IV - I"", ""V - iv"", ""ii7 - fii7"", ""vii7 - fvii7"", ""V - VI"", ""IV - ii"", ""V - V"", ""III - III"", ""IV - V"", ""i - VI"", ""i - fi"", ""vi - vi"", ""i - III"", ""v - VI"", ""VII - v"", ""VII - VII"", ""V7 - i"", ""vi - fvi"", ""III - iv"", ""VI - VII"", ""i - i"", ""ii - vi"", ""V - i"", ""IV - i"", ""ii - iv"", ""ii - V7"", ""V7 - I"", ""VI - III"", ""VII - ii"", ""III - VII"", ""IV - VII"", ""iv - I"", ""ii - IV"", ""I - i"", ""VI - fVI"", ""i - IV"", ""v - v"", ""v - V"", ""VII - III"", ""ii - III"", ""i - I"", ""iv - VII"", ""ii7 - V"", ""vii7 - i"", ""VII - IV"", ""v - III"", ""V7 - VI"", ""VII - i"", ""vi - ii"", ""i - iv"", ""VII - iv"", ""iii - fiii"", ""II - v"", ""vii - i"", ""V - fV"", ""I - vi"", ""I - V"", ""v - II"", ""i - V"", ""ii - fii"", ""iv - i"", ""I - fI"", ""V7 - fV7"", ""iv - V"", ""III - fIII"", ""I - IV"", ""iv - ii"", ""vi - V"", ""i - VII"", ""V - vi"", ""vii7 - I"", ""V - v"", ""IV - fIV"", ""vii - I"", ""iii - IV"", ""VI - V"", ""v - fv"", ""I - v"", ""III - VI"", ""V7 - vi"", ""VI - iv"", ""V - IV"", ""v - IV"", ""V - I"", ""vii - fvii"", ""iv - fiv"", ""III - IV"", ""vi - I""]"	visual	visual.short.png	data/chorale-bricks/Vulpius_DieHelleSonnLeuchtJetztHerfuer/visual.short.png	I - I	"[""I - I"", ""none of the other options is correct"", ""iii - vi"", ""ii - V"", ""v - i""]"	0.2	0	"[""A"", ""B"", ""C"", ""D"", ""E""]"	"{""A"": ""ii - V"", ""B"": ""I - I"", ""C"": ""v - i"", ""D"": ""none of the other options is correct"", ""E"": ""iii - vi""}"	"[""(A) ii - V"", ""(B) I - I"", ""(C) v - i"", ""(D) none of the other options is correct"", ""(E) iii - vi""]"	(B) I - I	B
addffb35-3faa-5629-a9fc-f7cc1371bcaf	11	perception	harmony	relative	harmony-relative	harmonic-recognition		cadence recognition	What is the chord progression between the {target_index} chord and the next one?	"[""target_index""]"	get_harmonic_cadence			"{""target_index"": ""7th""}"	What is the chord progression between the 7th chord and the next one?	Vulpius_DieHelleSonnLeuchtJetztHerfuer	chorale-bricks	Vulpius_DieHelleSonnLeuchtJetztHerfuer	data/chorale-bricks/Vulpius_DieHelleSonnLeuchtJetztHerfuer	v - i	"[""I - I"", ""I - IV"", ""I - V"", ""I - fI"", ""I - i"", ""I - v"", ""I - vi"", ""II - v"", ""III - III"", ""III - IV"", ""III - VI"", ""III - VII"", ""III - fIII"", ""III - iv"", ""IV - I"", ""IV - V"", ""IV - VII"", ""IV - fIV"", ""IV - i"", ""IV - ii"", ""V - I"", ""V - IV"", ""V - V"", ""V - VI"", ""V - fV"", ""V - i"", ""V - iv"", ""V - v"", ""V - vi"", ""V7 - I"", ""V7 - VI"", ""V7 - fV7"", ""V7 - i"", ""V7 - vi"", ""VI - III"", ""VI - V"", ""VI - VII"", ""VI - fVI"", ""VI - ii"", ""VI - iv"", ""VII - III"", ""VII - IV"", ""VII - VII"", ""VII - i"", ""VII - ii"", ""VII - iv"", ""VII - v"", ""i - I"", ""i - III"", ""i - IV"", ""i - V"", ""i - VI"", ""i - VII"", ""i - fi"", ""i - i"", ""i - iv"", ""ii - III"", ""ii - IV"", ""ii - V"", ""ii - V7"", ""ii - fii"", ""ii - iv"", ""ii - v"", ""ii - vi"", ""ii7 - V"", ""ii7 - fii7"", ""iii - IV"", ""iii - fiii"", ""iii - vi"", ""iv - I"", ""iv - V"", ""iv - VII"", ""iv - fiv"", ""iv - i"", ""iv - ii"", ""v - II"", ""v - III"", ""v - IV"", ""v - V"", ""v - VI"", ""v - fv"", ""v - v"", ""vi - I"", ""vi - V"", ""vi - fvi"", ""vi - ii"", ""vi - iv"", ""vi - vi"", ""vii - I"", ""vii - fvii"", ""vii - i"", ""vii7 - I"", ""vii7 - fvii7"", ""vii7 - i""]"	"[""v - VI"", ""IV - V"", ""ii - fii"", ""iv - ii"", ""V7 - vi"", ""IV - ii"", ""I - IV"", ""i - iv"", ""ii7 - fii7"", ""i - fi"", ""IV - fIV"", ""v - fv"", ""I - i"", ""i - IV"", ""III - IV"", ""III - iv"", ""VI - fVI"", ""v - v"", ""i - VII"", ""V7 - fV7"", ""ii - III"", ""I - v"", ""iv - i"", ""V7 - I"", ""I - fI"", ""III - VI"", ""ii - IV"", ""ii - V7"", ""V - iv"", ""ii7 - V"", ""VI - ii"", ""VI - iv"", ""i - V"", ""vii - i"", ""vii7 - fvii7"", ""vii - fvii"", ""IV - I"", ""III - fIII"", ""iv - I"", ""VI - V"", ""VII - ii"", ""vi - ii"", ""v - V"", ""v - II"", ""iv - fiv"", ""vii - I"", ""iii - vi"", ""v - III"", ""IV - i"", ""V - i"", ""V - VI"", ""VI - III"", ""iv - VII"", ""VII - IV"", ""V - I"", ""ii - vi"", ""V - v"", ""IV - VII"", ""i - VI"", ""vii7 - I"", ""i - i"", ""v - IV"", ""VII - iv"", ""V - V"", ""VII - v"", ""VII - i"", ""vi - I"", ""ii - v"", ""I - vi"", ""i - I"", ""vi - V"", ""V - vi"", ""V - fV"", ""III - VII"", ""I - I"", ""i - III"", ""ii - iv"", ""II - v"", ""VII - III"", ""ii - V"", ""vi - iv"", ""iii - IV"", ""vi - fvi"", ""VII - VII"", ""I - V"", ""V - IV"", ""V7 - i"", ""iv - V"", ""VI - VII"", ""iii - fiii"", ""vii7 - i"", ""vi - vi"", ""V7 - VI"", ""III - III""]"	audio	audio.mastermix.wav	data/chorale-bricks/Vulpius_DieHelleSonnLeuchtJetztHerfuer/audio.mastermix.wav	none of the other options is correct	"[""none of the other options is correct"", ""v - VI"", ""IV - V"", ""ii - fii"", ""iv - ii""]"	0.2	1	"[""A"", ""B"", ""C"", ""D"", ""E""]"	"{""A"": ""none of the other options is correct"", ""B"": ""ii - fii"", ""C"": ""v - VI"", ""D"": ""iv - ii"", ""E"": ""IV - V""}"	"[""(A) none of the other options is correct"", ""(B) ii - fii"", ""(C) v - VI"", ""(D) iv - ii"", ""(E) IV - V""]"	(A) none of the other options is correct	A
6a3ab929-82fe-540a-87c3-d928fd84e1a9	11	perception	harmony	relative	harmony-relative	harmonic-recognition		cadence recognition	What is the chord progression between the {target_index} chord and the next one?	"[""target_index""]"	get_harmonic_cadence			"{""target_index"": ""7th""}"	What is the chord progression between the 7th chord and the next one?	Vulpius_DieHelleSonnLeuchtJetztHerfuer	chorale-bricks	Vulpius_DieHelleSonnLeuchtJetztHerfuer	data/chorale-bricks/Vulpius_DieHelleSonnLeuchtJetztHerfuer	v - i	"[""I - I"", ""I - IV"", ""I - V"", ""I - fI"", ""I - i"", ""I - v"", ""I - vi"", ""II - v"", ""III - III"", ""III - IV"", ""III - VI"", ""III - VII"", ""III - fIII"", ""III - iv"", ""IV - I"", ""IV - V"", ""IV - VII"", ""IV - fIV"", ""IV - i"", ""IV - ii"", ""V - I"", ""V - IV"", ""V - V"", ""V - VI"", ""V - fV"", ""V - i"", ""V - iv"", ""V - v"", ""V - vi"", ""V7 - I"", ""V7 - VI"", ""V7 - fV7"", ""V7 - i"", ""V7 - vi"", ""VI - III"", ""VI - V"", ""VI - VII"", ""VI - fVI"", ""VI - ii"", ""VI - iv"", ""VII - III"", ""VII - IV"", ""VII - VII"", ""VII - i"", ""VII - ii"", ""VII - iv"", ""VII - v"", ""i - I"", ""i - III"", ""i - IV"", ""i - V"", ""i - VI"", ""i - VII"", ""i - fi"", ""i - i"", ""i - iv"", ""ii - III"", ""ii - IV"", ""ii - V"", ""ii - V7"", ""ii - fii"", ""ii - iv"", ""ii - v"", ""ii - vi"", ""ii7 - V"", ""ii7 - fii7"", ""iii - IV"", ""iii - fiii"", ""iii - vi"", ""iv - I"", ""iv - V"", ""iv - VII"", ""iv - fiv"", ""iv - i"", ""iv - ii"", ""v - II"", ""v - III"", ""v - IV"", ""v - V"", ""v - VI"", ""v - fv"", ""v - v"", ""vi - I"", ""vi - V"", ""vi - fvi"", ""vi - ii"", ""vi - iv"", ""vi - vi"", ""vii - I"", ""vii - fvii"", ""vii - i"", ""vii7 - I"", ""vii7 - fvii7"", ""vii7 - i""]"	"[""v - VI"", ""IV - V"", ""ii - fii"", ""iv - ii"", ""V7 - vi"", ""IV - ii"", ""I - IV"", ""i - iv"", ""ii7 - fii7"", ""i - fi"", ""IV - fIV"", ""v - fv"", ""I - i"", ""i - IV"", ""III - IV"", ""III - iv"", ""VI - fVI"", ""v - v"", ""i - VII"", ""V7 - fV7"", ""ii - III"", ""I - v"", ""iv - i"", ""V7 - I"", ""I - fI"", ""III - VI"", ""ii - IV"", ""ii - V7"", ""V - iv"", ""ii7 - V"", ""VI - ii"", ""VI - iv"", ""i - V"", ""vii - i"", ""vii7 - fvii7"", ""vii - fvii"", ""IV - I"", ""III - fIII"", ""iv - I"", ""VI - V"", ""VII - ii"", ""vi - ii"", ""v - V"", ""v - II"", ""iv - fiv"", ""vii - I"", ""iii - vi"", ""v - III"", ""IV - i"", ""V - i"", ""V - VI"", ""VI - III"", ""iv - VII"", ""VII - IV"", ""V - I"", ""ii - vi"", ""V - v"", ""IV - VII"", ""i - VI"", ""vii7 - I"", ""i - i"", ""v - IV"", ""VII - iv"", ""V - V"", ""VII - v"", ""VII - i"", ""vi - I"", ""ii - v"", ""I - vi"", ""i - I"", ""vi - V"", ""V - vi"", ""V - fV"", ""III - VII"", ""I - I"", ""i - III"", ""ii - iv"", ""II - v"", ""VII - III"", ""ii - V"", ""vi - iv"", ""iii - IV"", ""vi - fvi"", ""VII - VII"", ""I - V"", ""V - IV"", ""V7 - i"", ""iv - V"", ""VI - VII"", ""iii - fiii"", ""vii7 - i"", ""vi - vi"", ""V7 - VI"", ""III - III""]"	symbolic	symbolic.abc.txt	data/chorale-bricks/Vulpius_DieHelleSonnLeuchtJetztHerfuer/symbolic.abc.txt	none of the other options is correct	"[""none of the other options is correct"", ""v - VI"", ""IV - V"", ""ii - fii"", ""iv - ii""]"	0.2	1	"[""A"", ""B"", ""C"", ""D"", ""E""]"	"{""A"": ""v - VI"", ""B"": ""iv - ii"", ""C"": ""ii - fii"", ""D"": ""IV - V"", ""E"": ""none of the other options is correct""}"	"[""(A) v - VI"", ""(B) iv - ii"", ""(C) ii - fii"", ""(D) IV - V"", ""(E) none of the other options is correct""]"	(E) none of the other options is correct	E
9c07bd65-1555-5127-94f7-2579f0b2829a	11	perception	harmony	relative	harmony-relative	harmonic-recognition		cadence recognition	What is the chord progression between the {target_index} chord and the next one?	"[""target_index""]"	get_harmonic_cadence			"{""target_index"": ""7th""}"	What is the chord progression between the 7th chord and the next one?	Vulpius_DieHelleSonnLeuchtJetztHerfuer	chorale-bricks	Vulpius_DieHelleSonnLeuchtJetztHerfuer	data/chorale-bricks/Vulpius_DieHelleSonnLeuchtJetztHerfuer	v - i	"[""I - I"", ""I - IV"", ""I - V"", ""I - fI"", ""I - i"", ""I - v"", ""I - vi"", ""II - v"", ""III - III"", ""III - IV"", ""III - VI"", ""III - VII"", ""III - fIII"", ""III - iv"", ""IV - I"", ""IV - V"", ""IV - VII"", ""IV - fIV"", ""IV - i"", ""IV - ii"", ""V - I"", ""V - IV"", ""V - V"", ""V - VI"", ""V - fV"", ""V - i"", ""V - iv"", ""V - v"", ""V - vi"", ""V7 - I"", ""V7 - VI"", ""V7 - fV7"", ""V7 - i"", ""V7 - vi"", ""VI - III"", ""VI - V"", ""VI - VII"", ""VI - fVI"", ""VI - ii"", ""VI - iv"", ""VII - III"", ""VII - IV"", ""VII - VII"", ""VII - i"", ""VII - ii"", ""VII - iv"", ""VII - v"", ""i - I"", ""i - III"", ""i - IV"", ""i - V"", ""i - VI"", ""i - VII"", ""i - fi"", ""i - i"", ""i - iv"", ""ii - III"", ""ii - IV"", ""ii - V"", ""ii - V7"", ""ii - fii"", ""ii - iv"", ""ii - v"", ""ii - vi"", ""ii7 - V"", ""ii7 - fii7"", ""iii - IV"", ""iii - fiii"", ""iii - vi"", ""iv - I"", ""iv - V"", ""iv - VII"", ""iv - fiv"", ""iv - i"", ""iv - ii"", ""v - II"", ""v - III"", ""v - IV"", ""v - V"", ""v - VI"", ""v - fv"", ""v - v"", ""vi - I"", ""vi - V"", ""vi - fvi"", ""vi - ii"", ""vi - iv"", ""vi - vi"", ""vii - I"", ""vii - fvii"", ""vii - i"", ""vii7 - I"", ""vii7 - fvii7"", ""vii7 - i""]"	"[""v - VI"", ""IV - V"", ""ii - fii"", ""iv - ii"", ""V7 - vi"", ""IV - ii"", ""I - IV"", ""i - iv"", ""ii7 - fii7"", ""i - fi"", ""IV - fIV"", ""v - fv"", ""I - i"", ""i - IV"", ""III - IV"", ""III - iv"", ""VI - fVI"", ""v - v"", ""i - VII"", ""V7 - fV7"", ""ii - III"", ""I - v"", ""iv - i"", ""V7 - I"", ""I - fI"", ""III - VI"", ""ii - IV"", ""ii - V7"", ""V - iv"", ""ii7 - V"", ""VI - ii"", ""VI - iv"", ""i - V"", ""vii - i"", ""vii7 - fvii7"", ""vii - fvii"", ""IV - I"", ""III - fIII"", ""iv - I"", ""VI - V"", ""VII - ii"", ""vi - ii"", ""v - V"", ""v - II"", ""iv - fiv"", ""vii - I"", ""iii - vi"", ""v - III"", ""IV - i"", ""V - i"", ""V - VI"", ""VI - III"", ""iv - VII"", ""VII - IV"", ""V - I"", ""ii - vi"", ""V - v"", ""IV - VII"", ""i - VI"", ""vii7 - I"", ""i - i"", ""v - IV"", ""VII - iv"", ""V - V"", ""VII - v"", ""VII - i"", ""vi - I"", ""ii - v"", ""I - vi"", ""i - I"", ""vi - V"", ""V - vi"", ""V - fV"", ""III - VII"", ""I - I"", ""i - III"", ""ii - iv"", ""II - v"", ""VII - III"", ""ii - V"", ""vi - iv"", ""iii - IV"", ""vi - fvi"", ""VII - VII"", ""I - V"", ""V - IV"", ""V7 - i"", ""iv - V"", ""VI - VII"", ""iii - fiii"", ""vii7 - i"", ""vi - vi"", ""V7 - VI"", ""III - III""]"	visual	visual.short.png	data/chorale-bricks/Vulpius_DieHelleSonnLeuchtJetztHerfuer/visual.short.png	v - i	"[""v - i"", ""none of the other options is correct"", ""v - VI"", ""IV - V"", ""ii - fii""]"	0.2	0	"[""A"", ""B"", ""C"", ""D"", ""E""]"	"{""A"": ""none of the other options is correct"", ""B"": ""v - i"", ""C"": ""v - VI"", ""D"": ""ii - fii"", ""E"": ""IV - V""}"	"[""(A) none of the other options is correct"", ""(B) v - i"", ""(C) v - VI"", ""(D) ii - fii"", ""(E) IV - V""]"	(B) v - i	B
d3da7353-796c-5ac1-9e0e-1e09072b861c	11	perception	harmony	relative	harmony-relative	harmonic-recognition		cadence recognition	What is the chord progression between the {target_index} chord and the next one?	"[""target_index""]"	get_harmonic_cadence			"{""target_index"": ""5th""}"	What is the chord progression between the 5th chord and the next one?	Vulpius_DieHelleSonnLeuchtJetztHerfuer	chorale-bricks	Vulpius_DieHelleSonnLeuchtJetztHerfuer	data/chorale-bricks/Vulpius_DieHelleSonnLeuchtJetztHerfuer	IV - V	"[""I - I"", ""I - IV"", ""I - V"", ""I - fI"", ""I - i"", ""I - v"", ""I - vi"", ""II - v"", ""III - III"", ""III - IV"", ""III - VI"", ""III - VII"", ""III - fIII"", ""III - iv"", ""IV - I"", ""IV - VII"", ""IV - fIV"", ""IV - i"", ""IV - ii"", ""V - I"", ""V - IV"", ""V - V"", ""V - VI"", ""V - fV"", ""V - i"", ""V - iv"", ""V - v"", ""V - vi"", ""V7 - I"", ""V7 - VI"", ""V7 - fV7"", ""V7 - i"", ""V7 - vi"", ""VI - III"", ""VI - V"", ""VI - VII"", ""VI - fVI"", ""VI - ii"", ""VI - iv"", ""VII - III"", ""VII - IV"", ""VII - VII"", ""VII - i"", ""VII - ii"", ""VII - iv"", ""VII - v"", ""i - I"", ""i - III"", ""i - IV"", ""i - V"", ""i - VI"", ""i - VII"", ""i - fi"", ""i - i"", ""i - iv"", ""ii - III"", ""ii - IV"", ""ii - V"", ""ii - V7"", ""ii - fii"", ""ii - iv"", ""ii - v"", ""ii - vi"", ""ii7 - V"", ""ii7 - fii7"", ""iii - IV"", ""iii - fiii"", ""iii - vi"", ""iv - I"", ""iv - V"", ""iv - VII"", ""iv - fiv"", ""iv - i"", ""iv - ii"", ""v - II"", ""v - III"", ""v - IV"", ""v - V"", ""v - VI"", ""v - fv"", ""v - i"", ""v - v"", ""vi - I"", ""vi - V"", ""vi - fvi"", ""vi - ii"", ""vi - iv"", ""vi - vi"", ""vii - I"", ""vii - fvii"", ""vii - i"", ""vii7 - I"", ""vii7 - fvii7"", ""vii7 - i""]"	"[""ii - iv"", ""V - i"", ""ii - fii"", ""ii - IV"", ""VI - ii"", ""V7 - I"", ""iii - IV"", ""i - i"", ""V7 - fV7"", ""I - i"", ""vi - fvi"", ""III - iv"", ""v - III"", ""IV - i"", ""VI - V"", ""VI - III"", ""i - III"", ""V7 - vi"", ""v - IV"", ""vii - i"", ""vii - fvii"", ""VI - VII"", ""v - i"", ""V - V"", ""i - fi"", ""v - VI"", ""i - VI"", ""iv - V"", ""v - fv"", ""III - IV"", ""VII - IV"", ""V - I"", ""vii - I"", ""IV - ii"", ""V - IV"", ""ii - V7"", ""vi - I"", ""V - vi"", ""v - V"", ""ii - vi"", ""V - iv"", ""VI - fVI"", ""II - v"", ""V - v"", ""v - II"", ""iv - i"", ""I - IV"", ""i - I"", ""vii7 - I"", ""VII - ii"", ""iii - fiii"", ""IV - VII"", ""i - IV"", ""vi - vi"", ""ii - v"", ""i - iv"", ""III - VI"", ""v - v"", ""IV - fIV"", ""I - I"", ""VII - iv"", ""iv - VII"", ""iv - fiv"", ""iii - vi"", ""iv - I"", ""IV - I"", ""vi - iv"", ""V7 - i"", ""III - III"", ""I - v"", ""ii7 - fii7"", ""vi - V"", ""VII - v"", ""ii7 - V"", ""vii7 - fvii7"", ""VII - III"", ""I - vi"", ""III - VII"", ""ii - III"", ""vii7 - i"", ""V - fV"", ""ii - V"", ""VII - i"", ""i - VII"", ""V7 - VI"", ""I - fI"", ""III - fIII"", ""i - V"", ""VI - iv"", ""iv - ii"", ""vi - ii"", ""I - V"", ""VII - VII"", ""V - VI""]"	audio	audio.mastermix.wav	data/chorale-bricks/Vulpius_DieHelleSonnLeuchtJetztHerfuer/audio.mastermix.wav	IV - V	"[""IV - V"", ""none of the other options is correct"", ""ii - iv"", ""V - i"", ""ii - fii""]"	0.2	0	"[""A"", ""B"", ""C"", ""D"", ""E""]"	"{""A"": ""ii - iv"", ""B"": ""none of the other options is correct"", ""C"": ""IV - V"", ""D"": ""V - i"", ""E"": ""ii - fii""}"	"[""(A) ii - iv"", ""(B) none of the other options is correct"", ""(C) IV - V"", ""(D) V - i"", ""(E) ii - fii""]"	(C) IV - V	C
b10d89ac-26da-5629-81d5-bb432f5d3589	11	perception	harmony	relative	harmony-relative	harmonic-recognition		cadence recognition	What is the chord progression between the {target_index} chord and the next one?	"[""target_index""]"	get_harmonic_cadence			"{""target_index"": ""5th""}"	What is the chord progression between the 5th chord and the next one?	Vulpius_DieHelleSonnLeuchtJetztHerfuer	chorale-bricks	Vulpius_DieHelleSonnLeuchtJetztHerfuer	data/chorale-bricks/Vulpius_DieHelleSonnLeuchtJetztHerfuer	IV - V	"[""I - I"", ""I - IV"", ""I - V"", ""I - fI"", ""I - i"", ""I - v"", ""I - vi"", ""II - v"", ""III - III"", ""III - IV"", ""III - VI"", ""III - VII"", ""III - fIII"", ""III - iv"", ""IV - I"", ""IV - VII"", ""IV - fIV"", ""IV - i"", ""IV - ii"", ""V - I"", ""V - IV"", ""V - V"", ""V - VI"", ""V - fV"", ""V - i"", ""V - iv"", ""V - v"", ""V - vi"", ""V7 - I"", ""V7 - VI"", ""V7 - fV7"", ""V7 - i"", ""V7 - vi"", ""VI - III"", ""VI - V"", ""VI - VII"", ""VI - fVI"", ""VI - ii"", ""VI - iv"", ""VII - III"", ""VII - IV"", ""VII - VII"", ""VII - i"", ""VII - ii"", ""VII - iv"", ""VII - v"", ""i - I"", ""i - III"", ""i - IV"", ""i - V"", ""i - VI"", ""i - VII"", ""i - fi"", ""i - i"", ""i - iv"", ""ii - III"", ""ii - IV"", ""ii - V"", ""ii - V7"", ""ii - fii"", ""ii - iv"", ""ii - v"", ""ii - vi"", ""ii7 - V"", ""ii7 - fii7"", ""iii - IV"", ""iii - fiii"", ""iii - vi"", ""iv - I"", ""iv - V"", ""iv - VII"", ""iv - fiv"", ""iv - i"", ""iv - ii"", ""v - II"", ""v - III"", ""v - IV"", ""v - V"", ""v - VI"", ""v - fv"", ""v - i"", ""v - v"", ""vi - I"", ""vi - V"", ""vi - fvi"", ""vi - ii"", ""vi - iv"", ""vi - vi"", ""vii - I"", ""vii - fvii"", ""vii - i"", ""vii7 - I"", ""vii7 - fvii7"", ""vii7 - i""]"	"[""ii - iv"", ""V - i"", ""ii - fii"", ""ii - IV"", ""VI - ii"", ""V7 - I"", ""iii - IV"", ""i - i"", ""V7 - fV7"", ""I - i"", ""vi - fvi"", ""III - iv"", ""v - III"", ""IV - i"", ""VI - V"", ""VI - III"", ""i - III"", ""V7 - vi"", ""v - IV"", ""vii - i"", ""vii - fvii"", ""VI - VII"", ""v - i"", ""V - V"", ""i - fi"", ""v - VI"", ""i - VI"", ""iv - V"", ""v - fv"", ""III - IV"", ""VII - IV"", ""V - I"", ""vii - I"", ""IV - ii"", ""V - IV"", ""ii - V7"", ""vi - I"", ""V - vi"", ""v - V"", ""ii - vi"", ""V - iv"", ""VI - fVI"", ""II - v"", ""V - v"", ""v - II"", ""iv - i"", ""I - IV"", ""i - I"", ""vii7 - I"", ""VII - ii"", ""iii - fiii"", ""IV - VII"", ""i - IV"", ""vi - vi"", ""ii - v"", ""i - iv"", ""III - VI"", ""v - v"", ""IV - fIV"", ""I - I"", ""VII - iv"", ""iv - VII"", ""iv - fiv"", ""iii - vi"", ""iv - I"", ""IV - I"", ""vi - iv"", ""V7 - i"", ""III - III"", ""I - v"", ""ii7 - fii7"", ""vi - V"", ""VII - v"", ""ii7 - V"", ""vii7 - fvii7"", ""VII - III"", ""I - vi"", ""III - VII"", ""ii - III"", ""vii7 - i"", ""V - fV"", ""ii - V"", ""VII - i"", ""i - VII"", ""V7 - VI"", ""I - fI"", ""III - fIII"", ""i - V"", ""VI - iv"", ""iv - ii"", ""vi - ii"", ""I - V"", ""VII - VII"", ""V - VI""]"	symbolic	symbolic.abc.txt	data/chorale-bricks/Vulpius_DieHelleSonnLeuchtJetztHerfuer/symbolic.abc.txt	IV - V	"[""IV - V"", ""none of the other options is correct"", ""ii - iv"", ""V - i"", ""ii - fii""]"	0.2	0	"[""A"", ""B"", ""C"", ""D"", ""E""]"	"{""A"": ""ii - iv"", ""B"": ""ii - fii"", ""C"": ""V - i"", ""D"": ""none of the other options is correct"", ""E"": ""IV - V""}"	"[""(A) ii - iv"", ""(B) ii - fii"", ""(C) V - i"", ""(D) none of the other options is correct"", ""(E) IV - V""]"	(E) IV - V	E
2a0da1cb-7086-56ac-8498-6213a543ef9b	11	perception	harmony	relative	harmony-relative	harmonic-recognition		cadence recognition	What is the chord progression between the {target_index} chord and the next one?	"[""target_index""]"	get_harmonic_cadence			"{""target_index"": ""5th""}"	What is the chord progression between the 5th chord and the next one?	Vulpius_DieHelleSonnLeuchtJetztHerfuer	chorale-bricks	Vulpius_DieHelleSonnLeuchtJetztHerfuer	data/chorale-bricks/Vulpius_DieHelleSonnLeuchtJetztHerfuer	IV - V	"[""I - I"", ""I - IV"", ""I - V"", ""I - fI"", ""I - i"", ""I - v"", ""I - vi"", ""II - v"", ""III - III"", ""III - IV"", ""III - VI"", ""III - VII"", ""III - fIII"", ""III - iv"", ""IV - I"", ""IV - VII"", ""IV - fIV"", ""IV - i"", ""IV - ii"", ""V - I"", ""V - IV"", ""V - V"", ""V - VI"", ""V - fV"", ""V - i"", ""V - iv"", ""V - v"", ""V - vi"", ""V7 - I"", ""V7 - VI"", ""V7 - fV7"", ""V7 - i"", ""V7 - vi"", ""VI - III"", ""VI - V"", ""VI - VII"", ""VI - fVI"", ""VI - ii"", ""VI - iv"", ""VII - III"", ""VII - IV"", ""VII - VII"", ""VII - i"", ""VII - ii"", ""VII - iv"", ""VII - v"", ""i - I"", ""i - III"", ""i - IV"", ""i - V"", ""i - VI"", ""i - VII"", ""i - fi"", ""i - i"", ""i - iv"", ""ii - III"", ""ii - IV"", ""ii - V"", ""ii - V7"", ""ii - fii"", ""ii - iv"", ""ii - v"", ""ii - vi"", ""ii7 - V"", ""ii7 - fii7"", ""iii - IV"", ""iii - fiii"", ""iii - vi"", ""iv - I"", ""iv - V"", ""iv - VII"", ""iv - fiv"", ""iv - i"", ""iv - ii"", ""v - II"", ""v - III"", ""v - IV"", ""v - V"", ""v - VI"", ""v - fv"", ""v - i"", ""v - v"", ""vi - I"", ""vi - V"", ""vi - fvi"", ""vi - ii"", ""vi - iv"", ""vi - vi"", ""vii - I"", ""vii - fvii"", ""vii - i"", ""vii7 - I"", ""vii7 - fvii7"", ""vii7 - i""]"	"[""ii - iv"", ""V - i"", ""ii - fii"", ""ii - IV"", ""VI - ii"", ""V7 - I"", ""iii - IV"", ""i - i"", ""V7 - fV7"", ""I - i"", ""vi - fvi"", ""III - iv"", ""v - III"", ""IV - i"", ""VI - V"", ""VI - III"", ""i - III"", ""V7 - vi"", ""v - IV"", ""vii - i"", ""vii - fvii"", ""VI - VII"", ""v - i"", ""V - V"", ""i - fi"", ""v - VI"", ""i - VI"", ""iv - V"", ""v - fv"", ""III - IV"", ""VII - IV"", ""V - I"", ""vii - I"", ""IV - ii"", ""V - IV"", ""ii - V7"", ""vi - I"", ""V - vi"", ""v - V"", ""ii - vi"", ""V - iv"", ""VI - fVI"", ""II - v"", ""V - v"", ""v - II"", ""iv - i"", ""I - IV"", ""i - I"", ""vii7 - I"", ""VII - ii"", ""iii - fiii"", ""IV - VII"", ""i - IV"", ""vi - vi"", ""ii - v"", ""i - iv"", ""III - VI"", ""v - v"", ""IV - fIV"", ""I - I"", ""VII - iv"", ""iv - VII"", ""iv - fiv"", ""iii - vi"", ""iv - I"", ""IV - I"", ""vi - iv"", ""V7 - i"", ""III - III"", ""I - v"", ""ii7 - fii7"", ""vi - V"", ""VII - v"", ""ii7 - V"", ""vii7 - fvii7"", ""VII - III"", ""I - vi"", ""III - VII"", ""ii - III"", ""vii7 - i"", ""V - fV"", ""ii - V"", ""VII - i"", ""i - VII"", ""V7 - VI"", ""I - fI"", ""III - fIII"", ""i - V"", ""VI - iv"", ""iv - ii"", ""vi - ii"", ""I - V"", ""VII - VII"", ""V - VI""]"	visual	visual.short.png	data/chorale-bricks/Vulpius_DieHelleSonnLeuchtJetztHerfuer/visual.short.png	IV - V	"[""IV - V"", ""none of the other options is correct"", ""ii - iv"", ""V - i"", ""ii - fii""]"	0.2	0	"[""A"", ""B"", ""C"", ""D"", ""E""]"	"{""A"": ""V - i"", ""B"": ""ii - fii"", ""C"": ""IV - V"", ""D"": ""ii - iv"", ""E"": ""none of the other options is correct""}"	"[""(A) V - i"", ""(B) ii - fii"", ""(C) IV - V"", ""(D) ii - iv"", ""(E) none of the other options is correct""]"	(C) IV - V	C
fe2abf41-0ce6-58fe-8b80-c854722abb56	11	perception	harmony	relative	harmony-relative	harmonic-recognition		cadence recognition	What is the chord progression between the {target_index} chord and the next one?	"[""target_index""]"	get_harmonic_cadence			"{""target_index"": ""29th""}"	What is the chord progression between the 29th chord and the next one?	Bach_IchStehAnDeinerKrippe	chorale-bricks	Bach_IchStehAnDeinerKrippe	data/chorale-bricks/Bach_IchStehAnDeinerKrippe	I - i	"[""I - I"", ""I - IV"", ""I - V"", ""I - fI"", ""I - v"", ""I - vi"", ""II - v"", ""III - III"", ""III - IV"", ""III - VI"", ""III - VII"", ""III - fIII"", ""III - iv"", ""IV - I"", ""IV - V"", ""IV - VII"", ""IV - fIV"", ""IV - i"", ""IV - ii"", ""V - I"", ""V - IV"", ""V - V"", ""V - VI"", ""V - fV"", ""V - i"", ""V - iv"", ""V - v"", ""V - vi"", ""V7 - I"", ""V7 - VI"", ""V7 - fV7"", ""V7 - i"", ""V7 - vi"", ""VI - III"", ""VI - V"", ""VI - VII"", ""VI - fVI"", ""VI - ii"", ""VI - iv"", ""VII - III"", ""VII - IV"", ""VII - VII"", ""VII - i"", ""VII - ii"", ""VII - iv"", ""VII - v"", ""i - I"", ""i - III"", ""i - IV"", ""i - V"", ""i - VI"", ""i - VII"", ""i - fi"", ""i - i"", ""i - iv"", ""ii - III"", ""ii - IV"", ""ii - V"", ""ii - V7"", ""ii - fii"", ""ii - iv"", ""ii - v"", ""ii - vi"", ""ii7 - V"", ""ii7 - fii7"", ""iii - IV"", ""iii - fiii"", ""iii - vi"", ""iv - I"", ""iv - V"", ""iv - VII"", ""iv - fiv"", ""iv - i"", ""iv - ii"", ""v - II"", ""v - III"", ""v - IV"", ""v - V"", ""v - VI"", ""v - fv"", ""v - i"", ""v - v"", ""vi - I"", ""vi - V"", ""vi - fvi"", ""vi - ii"", ""vi - iv"", ""vi - vi"", ""vii - I"", ""vii - fvii"", ""vii - i"", ""vii7 - I"", ""vii7 - fvii7"", ""vii7 - i""]"	"[""vi - ii"", ""IV - fIV"", ""iv - V"", ""ii - IV"", ""IV - ii"", ""i - I"", ""vii7 - i"", ""VI - ii"", ""III - IV"", ""iii - vi"", ""i - iv"", ""IV - VII"", ""VII - IV"", ""I - I"", ""V - V"", ""i - V"", ""i - III"", ""ii - vi"", ""VII - VII"", ""vii - I"", ""VI - VII"", ""VII - iv"", ""vi - vi"", ""ii - V7"", ""v - V"", ""I - vi"", ""ii - fii"", ""i - fi"", ""ii - v"", ""iii - fiii"", ""iv - I"", ""ii - iv"", ""V7 - i"", ""V - v"", ""I - IV"", ""iv - VII"", ""V - i"", ""vi - fvi"", ""i - VII"", ""VII - i"", ""V7 - vi"", ""ii - V"", ""vii - fvii"", ""v - VI"", ""V - IV"", ""IV - V"", ""III - fIII"", ""I - fI"", ""vii - i"", ""VI - fVI"", ""v - i"", ""VI - III"", ""v - III"", ""IV - I"", ""III - III"", ""iv - ii"", ""ii7 - fii7"", ""VII - ii"", ""V - vi"", ""i - VI"", ""V7 - fV7"", ""i - IV"", ""II - v"", ""v - II"", ""V7 - VI"", ""VI - V"", ""III - VII"", ""III - VI"", ""VII - III"", ""VI - iv"", ""vii7 - fvii7"", ""ii7 - V"", ""V - I"", ""vi - iv"", ""vi - V"", ""v - v"", ""III - iv"", ""iv - i"", ""v - fv"", ""iv - fiv"", ""v - IV"", ""I - v"", ""I - V"", ""vii7 - I"", ""V - VI"", ""VII - v"", ""iii - IV"", ""V - iv"", ""vi - I"", ""V7 - I"", ""IV - i"", ""i - i"", ""ii - III"", ""V - fV""]"	audio	audio.mastermix.wav	data/chorale-bricks/Bach_IchStehAnDeinerKrippe/audio.mastermix.wav	none of the other options is correct	"[""none of the other options is correct"", ""vi - ii"", ""IV - fIV"", ""iv - V"", ""ii - IV""]"	0.2	1	"[""A"", ""B"", ""C"", ""D"", ""E""]"	"{""A"": ""ii - IV"", ""B"": ""vi - ii"", ""C"": ""IV - fIV"", ""D"": ""iv - V"", ""E"": ""none of the other options is correct""}"	"[""(A) ii - IV"", ""(B) vi - ii"", ""(C) IV - fIV"", ""(D) iv - V"", ""(E) none of the other options is correct""]"	(E) none of the other options is correct	E
fc60a338-75ea-53bb-8c63-91836f0cf4ef	11	perception	harmony	relative	harmony-relative	harmonic-recognition		cadence recognition	What is the chord progression between the {target_index} chord and the next one?	"[""target_index""]"	get_harmonic_cadence			"{""target_index"": ""29th""}"	What is the chord progression between the 29th chord and the next one?	Bach_IchStehAnDeinerKrippe	chorale-bricks	Bach_IchStehAnDeinerKrippe	data/chorale-bricks/Bach_IchStehAnDeinerKrippe	I - i	"[""I - I"", ""I - IV"", ""I - V"", ""I - fI"", ""I - v"", ""I - vi"", ""II - v"", ""III - III"", ""III - IV"", ""III - VI"", ""III - VII"", ""III - fIII"", ""III - iv"", ""IV - I"", ""IV - V"", ""IV - VII"", ""IV - fIV"", ""IV - i"", ""IV - ii"", ""V - I"", ""V - IV"", ""V - V"", ""V - VI"", ""V - fV"", ""V - i"", ""V - iv"", ""V - v"", ""V - vi"", ""V7 - I"", ""V7 - VI"", ""V7 - fV7"", ""V7 - i"", ""V7 - vi"", ""VI - III"", ""VI - V"", ""VI - VII"", ""VI - fVI"", ""VI - ii"", ""VI - iv"", ""VII - III"", ""VII - IV"", ""VII - VII"", ""VII - i"", ""VII - ii"", ""VII - iv"", ""VII - v"", ""i - I"", ""i - III"", ""i - IV"", ""i - V"", ""i - VI"", ""i - VII"", ""i - fi"", ""i - i"", ""i - iv"", ""ii - III"", ""ii - IV"", ""ii - V"", ""ii - V7"", ""ii - fii"", ""ii - iv"", ""ii - v"", ""ii - vi"", ""ii7 - V"", ""ii7 - fii7"", ""iii - IV"", ""iii - fiii"", ""iii - vi"", ""iv - I"", ""iv - V"", ""iv - VII"", ""iv - fiv"", ""iv - i"", ""iv - ii"", ""v - II"", ""v - III"", ""v - IV"", ""v - V"", ""v - VI"", ""v - fv"", ""v - i"", ""v - v"", ""vi - I"", ""vi - V"", ""vi - fvi"", ""vi - ii"", ""vi - iv"", ""vi - vi"", ""vii - I"", ""vii - fvii"", ""vii - i"", ""vii7 - I"", ""vii7 - fvii7"", ""vii7 - i""]"	"[""vi - ii"", ""IV - fIV"", ""iv - V"", ""ii - IV"", ""IV - ii"", ""i - I"", ""vii7 - i"", ""VI - ii"", ""III - IV"", ""iii - vi"", ""i - iv"", ""IV - VII"", ""VII - IV"", ""I - I"", ""V - V"", ""i - V"", ""i - III"", ""ii - vi"", ""VII - VII"", ""vii - I"", ""VI - VII"", ""VII - iv"", ""vi - vi"", ""ii - V7"", ""v - V"", ""I - vi"", ""ii - fii"", ""i - fi"", ""ii - v"", ""iii - fiii"", ""iv - I"", ""ii - iv"", ""V7 - i"", ""V - v"", ""I - IV"", ""iv - VII"", ""V - i"", ""vi - fvi"", ""i - VII"", ""VII - i"", ""V7 - vi"", ""ii - V"", ""vii - fvii"", ""v - VI"", ""V - IV"", ""IV - V"", ""III - fIII"", ""I - fI"", ""vii - i"", ""VI - fVI"", ""v - i"", ""VI - III"", ""v - III"", ""IV - I"", ""III - III"", ""iv - ii"", ""ii7 - fii7"", ""VII - ii"", ""V - vi"", ""i - VI"", ""V7 - fV7"", ""i - IV"", ""II - v"", ""v - II"", ""V7 - VI"", ""VI - V"", ""III - VII"", ""III - VI"", ""VII - III"", ""VI - iv"", ""vii7 - fvii7"", ""ii7 - V"", ""V - I"", ""vi - iv"", ""vi - V"", ""v - v"", ""III - iv"", ""iv - i"", ""v - fv"", ""iv - fiv"", ""v - IV"", ""I - v"", ""I - V"", ""vii7 - I"", ""V - VI"", ""VII - v"", ""iii - IV"", ""V - iv"", ""vi - I"", ""V7 - I"", ""IV - i"", ""i - i"", ""ii - III"", ""V - fV""]"	symbolic	symbolic.abc.txt	data/chorale-bricks/Bach_IchStehAnDeinerKrippe/symbolic.abc.txt	none of the other options is correct	"[""none of the other options is correct"", ""vi - ii"", ""IV - fIV"", ""iv - V"", ""ii - IV""]"	0.2	1	"[""A"", ""B"", ""C"", ""D"", ""E""]"	"{""A"": ""IV - fIV"", ""B"": ""iv - V"", ""C"": ""vi - ii"", ""D"": ""ii - IV"", ""E"": ""none of the other options is correct""}"	"[""(A) IV - fIV"", ""(B) iv - V"", ""(C) vi - ii"", ""(D) ii - IV"", ""(E) none of the other options is correct""]"	(E) none of the other options is correct	E
583675af-3c3d-5195-afc4-0b7ae59d4dbf	11	perception	harmony	relative	harmony-relative	harmonic-recognition		cadence recognition	What is the chord progression between the {target_index} chord and the next one?	"[""target_index""]"	get_harmonic_cadence			"{""target_index"": ""29th""}"	What is the chord progression between the 29th chord and the next one?	Bach_IchStehAnDeinerKrippe	chorale-bricks	Bach_IchStehAnDeinerKrippe	data/chorale-bricks/Bach_IchStehAnDeinerKrippe	I - i	"[""I - I"", ""I - IV"", ""I - V"", ""I - fI"", ""I - v"", ""I - vi"", ""II - v"", ""III - III"", ""III - IV"", ""III - VI"", ""III - VII"", ""III - fIII"", ""III - iv"", ""IV - I"", ""IV - V"", ""IV - VII"", ""IV - fIV"", ""IV - i"", ""IV - ii"", ""V - I"", ""V - IV"", ""V - V"", ""V - VI"", ""V - fV"", ""V - i"", ""V - iv"", ""V - v"", ""V - vi"", ""V7 - I"", ""V7 - VI"", ""V7 - fV7"", ""V7 - i"", ""V7 - vi"", ""VI - III"", ""VI - V"", ""VI - VII"", ""VI - fVI"", ""VI - ii"", ""VI - iv"", ""VII - III"", ""VII - IV"", ""VII - VII"", ""VII - i"", ""VII - ii"", ""VII - iv"", ""VII - v"", ""i - I"", ""i - III"", ""i - IV"", ""i - V"", ""i - VI"", ""i - VII"", ""i - fi"", ""i - i"", ""i - iv"", ""ii - III"", ""ii - IV"", ""ii - V"", ""ii - V7"", ""ii - fii"", ""ii - iv"", ""ii - v"", ""ii - vi"", ""ii7 - V"", ""ii7 - fii7"", ""iii - IV"", ""iii - fiii"", ""iii - vi"", ""iv - I"", ""iv - V"", ""iv - VII"", ""iv - fiv"", ""iv - i"", ""iv - ii"", ""v - II"", ""v - III"", ""v - IV"", ""v - V"", ""v - VI"", ""v - fv"", ""v - i"", ""v - v"", ""vi - I"", ""vi - V"", ""vi - fvi"", ""vi - ii"", ""vi - iv"", ""vi - vi"", ""vii - I"", ""vii - fvii"", ""vii - i"", ""vii7 - I"", ""vii7 - fvii7"", ""vii7 - i""]"	"[""vi - ii"", ""IV - fIV"", ""iv - V"", ""ii - IV"", ""IV - ii"", ""i - I"", ""vii7 - i"", ""VI - ii"", ""III - IV"", ""iii - vi"", ""i - iv"", ""IV - VII"", ""VII - IV"", ""I - I"", ""V - V"", ""i - V"", ""i - III"", ""ii - vi"", ""VII - VII"", ""vii - I"", ""VI - VII"", ""VII - iv"", ""vi - vi"", ""ii - V7"", ""v - V"", ""I - vi"", ""ii - fii"", ""i - fi"", ""ii - v"", ""iii - fiii"", ""iv - I"", ""ii - iv"", ""V7 - i"", ""V - v"", ""I - IV"", ""iv - VII"", ""V - i"", ""vi - fvi"", ""i - VII"", ""VII - i"", ""V7 - vi"", ""ii - V"", ""vii - fvii"", ""v - VI"", ""V - IV"", ""IV - V"", ""III - fIII"", ""I - fI"", ""vii - i"", ""VI - fVI"", ""v - i"", ""VI - III"", ""v - III"", ""IV - I"", ""III - III"", ""iv - ii"", ""ii7 - fii7"", ""VII - ii"", ""V - vi"", ""i - VI"", ""V7 - fV7"", ""i - IV"", ""II - v"", ""v - II"", ""V7 - VI"", ""VI - V"", ""III - VII"", ""III - VI"", ""VII - III"", ""VI - iv"", ""vii7 - fvii7"", ""ii7 - V"", ""V - I"", ""vi - iv"", ""vi - V"", ""v - v"", ""III - iv"", ""iv - i"", ""v - fv"", ""iv - fiv"", ""v - IV"", ""I - v"", ""I - V"", ""vii7 - I"", ""V - VI"", ""VII - v"", ""iii - IV"", ""V - iv"", ""vi - I"", ""V7 - I"", ""IV - i"", ""i - i"", ""ii - III"", ""V - fV""]"	visual	visual.short.png	data/chorale-bricks/Bach_IchStehAnDeinerKrippe/visual.short.png	I - i	"[""I - i"", ""none of the other options is correct"", ""vi - ii"", ""IV - fIV"", ""iv - V""]"	0.2	0	"[""A"", ""B"", ""C"", ""D"", ""E""]"	"{""A"": ""iv - V"", ""B"": ""I - i"", ""C"": ""vi - ii"", ""D"": ""none of the other options is correct"", ""E"": ""IV - fIV""}"	"[""(A) iv - V"", ""(B) I - i"", ""(C) vi - ii"", ""(D) none of the other options is correct"", ""(E) IV - fIV""]"	(B) I - i	B
1cf7f11a-48d9-5a9a-8532-0fd16ccab887	11	perception	harmony	relative	harmony-relative	harmonic-recognition		cadence recognition	What is the chord progression between the {target_index} chord and the next one?	"[""target_index""]"	get_harmonic_cadence			"{""target_index"": ""30th""}"	What is the chord progression between the 30th chord and the next one?	Telemann_DerLiebenSonneLichtUndPracht	chorale-bricks	Telemann_DerLiebenSonneLichtUndPracht	data/chorale-bricks/Telemann_DerLiebenSonneLichtUndPracht	v - II	"[""I - I"", ""I - IV"", ""I - V"", ""I - fI"", ""I - i"", ""I - v"", ""I - vi"", ""II - v"", ""III - III"", ""III - IV"", ""III - VI"", ""III - VII"", ""III - fIII"", ""III - iv"", ""IV - I"", ""IV - V"", ""IV - VII"", ""IV - fIV"", ""IV - i"", ""IV - ii"", ""V - I"", ""V - IV"", ""V - V"", ""V - VI"", ""V - fV"", ""V - i"", ""V - iv"", ""V - v"", ""V - vi"", ""V7 - I"", ""V7 - VI"", ""V7 - fV7"", ""V7 - i"", ""V7 - vi"", ""VI - III"", ""VI - V"", ""VI - VII"", ""VI - fVI"", ""VI - ii"", ""VI - iv"", ""VII - III"", ""VII - IV"", ""VII - VII"", ""VII - i"", ""VII - ii"", ""VII - iv"", ""VII - v"", ""i - I"", ""i - III"", ""i - IV"", ""i - V"", ""i - VI"", ""i - VII"", ""i - fi"", ""i - i"", ""i - iv"", ""ii - III"", ""ii - IV"", ""ii - V"", ""ii - V7"", ""ii - fii"", ""ii - iv"", ""ii - v"", ""ii - vi"", ""ii7 - V"", ""ii7 - fii7"", ""iii - IV"", ""iii - fiii"", ""iii - vi"", ""iv - I"", ""iv - V"", ""iv - VII"", ""iv - fiv"", ""iv - i"", ""iv - ii"", ""v - III"", ""v - IV"", ""v - V"", ""v - VI"", ""v - fv"", ""v - i"", ""v - v"", ""vi - I"", ""vi - V"", ""vi - fvi"", ""vi - ii"", ""vi - iv"", ""vi - vi"", ""vii - I"", ""vii - fvii"", ""vii - i"", ""vii7 - I"", ""vii7 - fvii7"", ""vii7 - i""]"	"[""i - VII"", ""iv - ii"", ""II - v"", ""I - vi"", ""iv - I"", ""I - I"", ""i - III"", ""V7 - VI"", ""vi - iv"", ""vi - I"", ""V - vi"", ""v - fv"", ""ii - III"", ""iv - VII"", ""V - v"", ""V7 - I"", ""i - IV"", ""V - V"", ""i - fi"", ""vii - fvii"", ""vii7 - I"", ""iii - vi"", ""IV - fIV"", ""VII - i"", ""VII - v"", ""vii - i"", ""v - III"", ""VI - V"", ""IV - V"", ""v - V"", ""I - IV"", ""I - fI"", ""v - i"", ""vi - V"", ""ii7 - fii7"", ""vii7 - fvii7"", ""vi - vi"", ""i - VI"", ""III - iv"", ""ii7 - V"", ""III - III"", ""V7 - i"", ""IV - ii"", ""V - i"", ""VII - III"", ""ii - fii"", ""vii7 - i"", ""ii - v"", ""VI - fVI"", ""VI - ii"", ""v - v"", ""v - VI"", ""i - iv"", ""vi - ii"", ""V - fV"", ""iv - i"", ""vii - I"", ""i - i"", ""ii - iv"", ""i - I"", ""V - iv"", ""III - IV"", ""VI - III"", ""IV - VII"", ""iii - fiii"", ""ii - vi"", ""VII - IV"", ""iv - V"", ""iii - IV"", ""VI - iv"", ""IV - i"", ""ii - IV"", ""V - IV"", ""VII - ii"", ""III - VII"", ""V7 - fV7"", ""I - V"", ""VII - iv"", ""ii - V"", ""V - I"", ""V - VI"", ""III - VI"", ""iv - fiv"", ""III - fIII"", ""V7 - vi"", ""VII - VII"", ""I - v"", ""vi - fvi"", ""I - i"", ""IV - I"", ""v - IV"", ""i - V"", ""ii - V7"", ""VI - VII""]"	audio	audio.mastermix.wav	data/chorale-bricks/Telemann_DerLiebenSonneLichtUndPracht/audio.mastermix.wav	v - II	"[""v - II"", ""none of the other options is correct"", ""i - VII"", ""iv - ii"", ""II - v""]"	0.2	0	"[""A"", ""B"", ""C"", ""D"", ""E""]"	"{""A"": ""i - VII"", ""B"": ""none of the other options is correct"", ""C"": ""II - v"", ""D"": ""v - II"", ""E"": ""iv - ii""}"	"[""(A) i - VII"", ""(B) none of the other options is correct"", ""(C) II - v"", ""(D) v - II"", ""(E) iv - ii""]"	(D) v - II	D
cf34cd91-c561-5c63-80ea-326c21a66b60	11	perception	harmony	relative	harmony-relative	harmonic-recognition		cadence recognition	What is the chord progression between the {target_index} chord and the next one?	"[""target_index""]"	get_harmonic_cadence			"{""target_index"": ""30th""}"	What is the chord progression between the 30th chord and the next one?	Telemann_DerLiebenSonneLichtUndPracht	chorale-bricks	Telemann_DerLiebenSonneLichtUndPracht	data/chorale-bricks/Telemann_DerLiebenSonneLichtUndPracht	v - II	"[""I - I"", ""I - IV"", ""I - V"", ""I - fI"", ""I - i"", ""I - v"", ""I - vi"", ""II - v"", ""III - III"", ""III - IV"", ""III - VI"", ""III - VII"", ""III - fIII"", ""III - iv"", ""IV - I"", ""IV - V"", ""IV - VII"", ""IV - fIV"", ""IV - i"", ""IV - ii"", ""V - I"", ""V - IV"", ""V - V"", ""V - VI"", ""V - fV"", ""V - i"", ""V - iv"", ""V - v"", ""V - vi"", ""V7 - I"", ""V7 - VI"", ""V7 - fV7"", ""V7 - i"", ""V7 - vi"", ""VI - III"", ""VI - V"", ""VI - VII"", ""VI - fVI"", ""VI - ii"", ""VI - iv"", ""VII - III"", ""VII - IV"", ""VII - VII"", ""VII - i"", ""VII - ii"", ""VII - iv"", ""VII - v"", ""i - I"", ""i - III"", ""i - IV"", ""i - V"", ""i - VI"", ""i - VII"", ""i - fi"", ""i - i"", ""i - iv"", ""ii - III"", ""ii - IV"", ""ii - V"", ""ii - V7"", ""ii - fii"", ""ii - iv"", ""ii - v"", ""ii - vi"", ""ii7 - V"", ""ii7 - fii7"", ""iii - IV"", ""iii - fiii"", ""iii - vi"", ""iv - I"", ""iv - V"", ""iv - VII"", ""iv - fiv"", ""iv - i"", ""iv - ii"", ""v - III"", ""v - IV"", ""v - V"", ""v - VI"", ""v - fv"", ""v - i"", ""v - v"", ""vi - I"", ""vi - V"", ""vi - fvi"", ""vi - ii"", ""vi - iv"", ""vi - vi"", ""vii - I"", ""vii - fvii"", ""vii - i"", ""vii7 - I"", ""vii7 - fvii7"", ""vii7 - i""]"	"[""i - VII"", ""iv - ii"", ""II - v"", ""I - vi"", ""iv - I"", ""I - I"", ""i - III"", ""V7 - VI"", ""vi - iv"", ""vi - I"", ""V - vi"", ""v - fv"", ""ii - III"", ""iv - VII"", ""V - v"", ""V7 - I"", ""i - IV"", ""V - V"", ""i - fi"", ""vii - fvii"", ""vii7 - I"", ""iii - vi"", ""IV - fIV"", ""VII - i"", ""VII - v"", ""vii - i"", ""v - III"", ""VI - V"", ""IV - V"", ""v - V"", ""I - IV"", ""I - fI"", ""v - i"", ""vi - V"", ""ii7 - fii7"", ""vii7 - fvii7"", ""vi - vi"", ""i - VI"", ""III - iv"", ""ii7 - V"", ""III - III"", ""V7 - i"", ""IV - ii"", ""V - i"", ""VII - III"", ""ii - fii"", ""vii7 - i"", ""ii - v"", ""VI - fVI"", ""VI - ii"", ""v - v"", ""v - VI"", ""i - iv"", ""vi - ii"", ""V - fV"", ""iv - i"", ""vii - I"", ""i - i"", ""ii - iv"", ""i - I"", ""V - iv"", ""III - IV"", ""VI - III"", ""IV - VII"", ""iii - fiii"", ""ii - vi"", ""VII - IV"", ""iv - V"", ""iii - IV"", ""VI - iv"", ""IV - i"", ""ii - IV"", ""V - IV"", ""VII - ii"", ""III - VII"", ""V7 - fV7"", ""I - V"", ""VII - iv"", ""ii - V"", ""V - I"", ""V - VI"", ""III - VI"", ""iv - fiv"", ""III - fIII"", ""V7 - vi"", ""VII - VII"", ""I - v"", ""vi - fvi"", ""I - i"", ""IV - I"", ""v - IV"", ""i - V"", ""ii - V7"", ""VI - VII""]"	symbolic	symbolic.abc.txt	data/chorale-bricks/Telemann_DerLiebenSonneLichtUndPracht/symbolic.abc.txt	v - II	"[""v - II"", ""none of the other options is correct"", ""i - VII"", ""iv - ii"", ""II - v""]"	0.2	0	"[""A"", ""B"", ""C"", ""D"", ""E""]"	"{""A"": ""iv - ii"", ""B"": ""v - II"", ""C"": ""none of the other options is correct"", ""D"": ""i - VII"", ""E"": ""II - v""}"	"[""(A) iv - ii"", ""(B) v - II"", ""(C) none of the other options is correct"", ""(D) i - VII"", ""(E) II - v""]"	(B) v - II	B
ca923857-76e5-55ac-a972-26c34f67d60e	11	perception	harmony	relative	harmony-relative	harmonic-recognition		cadence recognition	What is the chord progression between the {target_index} chord and the next one?	"[""target_index""]"	get_harmonic_cadence			"{""target_index"": ""30th""}"	What is the chord progression between the 30th chord and the next one?	Telemann_DerLiebenSonneLichtUndPracht	chorale-bricks	Telemann_DerLiebenSonneLichtUndPracht	data/chorale-bricks/Telemann_DerLiebenSonneLichtUndPracht	v - II	"[""I - I"", ""I - IV"", ""I - V"", ""I - fI"", ""I - i"", ""I - v"", ""I - vi"", ""II - v"", ""III - III"", ""III - IV"", ""III - VI"", ""III - VII"", ""III - fIII"", ""III - iv"", ""IV - I"", ""IV - V"", ""IV - VII"", ""IV - fIV"", ""IV - i"", ""IV - ii"", ""V - I"", ""V - IV"", ""V - V"", ""V - VI"", ""V - fV"", ""V - i"", ""V - iv"", ""V - v"", ""V - vi"", ""V7 - I"", ""V7 - VI"", ""V7 - fV7"", ""V7 - i"", ""V7 - vi"", ""VI - III"", ""VI - V"", ""VI - VII"", ""VI - fVI"", ""VI - ii"", ""VI - iv"", ""VII - III"", ""VII - IV"", ""VII - VII"", ""VII - i"", ""VII - ii"", ""VII - iv"", ""VII - v"", ""i - I"", ""i - III"", ""i - IV"", ""i - V"", ""i - VI"", ""i - VII"", ""i - fi"", ""i - i"", ""i - iv"", ""ii - III"", ""ii - IV"", ""ii - V"", ""ii - V7"", ""ii - fii"", ""ii - iv"", ""ii - v"", ""ii - vi"", ""ii7 - V"", ""ii7 - fii7"", ""iii - IV"", ""iii - fiii"", ""iii - vi"", ""iv - I"", ""iv - V"", ""iv - VII"", ""iv - fiv"", ""iv - i"", ""iv - ii"", ""v - III"", ""v - IV"", ""v - V"", ""v - VI"", ""v - fv"", ""v - i"", ""v - v"", ""vi - I"", ""vi - V"", ""vi - fvi"", ""vi - ii"", ""vi - iv"", ""vi - vi"", ""vii - I"", ""vii - fvii"", ""vii - i"", ""vii7 - I"", ""vii7 - fvii7"", ""vii7 - i""]"	"[""i - VII"", ""iv - ii"", ""II - v"", ""I - vi"", ""iv - I"", ""I - I"", ""i - III"", ""V7 - VI"", ""vi - iv"", ""vi - I"", ""V - vi"", ""v - fv"", ""ii - III"", ""iv - VII"", ""V - v"", ""V7 - I"", ""i - IV"", ""V - V"", ""i - fi"", ""vii - fvii"", ""vii7 - I"", ""iii - vi"", ""IV - fIV"", ""VII - i"", ""VII - v"", ""vii - i"", ""v - III"", ""VI - V"", ""IV - V"", ""v - V"", ""I - IV"", ""I - fI"", ""v - i"", ""vi - V"", ""ii7 - fii7"", ""vii7 - fvii7"", ""vi - vi"", ""i - VI"", ""III - iv"", ""ii7 - V"", ""III - III"", ""V7 - i"", ""IV - ii"", ""V - i"", ""VII - III"", ""ii - fii"", ""vii7 - i"", ""ii - v"", ""VI - fVI"", ""VI - ii"", ""v - v"", ""v - VI"", ""i - iv"", ""vi - ii"", ""V - fV"", ""iv - i"", ""vii - I"", ""i - i"", ""ii - iv"", ""i - I"", ""V - iv"", ""III - IV"", ""VI - III"", ""IV - VII"", ""iii - fiii"", ""ii - vi"", ""VII - IV"", ""iv - V"", ""iii - IV"", ""VI - iv"", ""IV - i"", ""ii - IV"", ""V - IV"", ""VII - ii"", ""III - VII"", ""V7 - fV7"", ""I - V"", ""VII - iv"", ""ii - V"", ""V - I"", ""V - VI"", ""III - VI"", ""iv - fiv"", ""III - fIII"", ""V7 - vi"", ""VII - VII"", ""I - v"", ""vi - fvi"", ""I - i"", ""IV - I"", ""v - IV"", ""i - V"", ""ii - V7"", ""VI - VII""]"	visual	visual.short.png	data/chorale-bricks/Telemann_DerLiebenSonneLichtUndPracht/visual.short.png	v - II	"[""v - II"", ""none of the other options is correct"", ""i - VII"", ""iv - ii"", ""II - v""]"	0.2	0	"[""A"", ""B"", ""C"", ""D"", ""E""]"	"{""A"": ""iv - ii"", ""B"": ""II - v"", ""C"": ""i - VII"", ""D"": ""v - II"", ""E"": ""none of the other options is correct""}"	"[""(A) iv - ii"", ""(B) II - v"", ""(C) i - VII"", ""(D) v - II"", ""(E) none of the other options is correct""]"	(D) v - II	D
f3d5faeb-9cb0-5158-b5d9-97a7eb952966	11	perception	harmony	relative	harmony-relative	harmonic-recognition		cadence recognition	What is the chord progression between the {target_index} chord and the next one?	"[""target_index""]"	get_harmonic_cadence			"{""target_index"": ""45th""}"	What is the chord progression between the 45th chord and the next one?	Bach_IchStehAnDeinerKrippe	chorale-bricks	Bach_IchStehAnDeinerKrippe	data/chorale-bricks/Bach_IchStehAnDeinerKrippe	VII - iv	"[""I - I"", ""I - IV"", ""I - V"", ""I - fI"", ""I - i"", ""I - v"", ""I - vi"", ""II - v"", ""III - III"", ""III - IV"", ""III - VI"", ""III - VII"", ""III - fIII"", ""III - iv"", ""IV - I"", ""IV - V"", ""IV - VII"", ""IV - fIV"", ""IV - i"", ""IV - ii"", ""V - I"", ""V - IV"", ""V - V"", ""V - VI"", ""V - fV"", ""V - i"", ""V - iv"", ""V - v"", ""V - vi"", ""V7 - I"", ""V7 - VI"", ""V7 - fV7"", ""V7 - i"", ""V7 - vi"", ""VI - III"", ""VI - V"", ""VI - VII"", ""VI - fVI"", ""VI - ii"", ""VI - iv"", ""VII - III"", ""VII - IV"", ""VII - VII"", ""VII - i"", ""VII - ii"", ""VII - v"", ""i - I"", ""i - III"", ""i - IV"", ""i - V"", ""i - VI"", ""i - VII"", ""i - fi"", ""i - i"", ""i - iv"", ""ii - III"", ""ii - IV"", ""ii - V"", ""ii - V7"", ""ii - fii"", ""ii - iv"", ""ii - v"", ""ii - vi"", ""ii7 - V"", ""ii7 - fii7"", ""iii - IV"", ""iii - fiii"", ""iii - vi"", ""iv - I"", ""iv - V"", ""iv - VII"", ""iv - fiv"", ""iv - i"", ""iv - ii"", ""v - II"", ""v - III"", ""v - IV"", ""v - V"", ""v - VI"", ""v - fv"", ""v - i"", ""v - v"", ""vi - I"", ""vi - V"", ""vi - fvi"", ""vi - ii"", ""vi - iv"", ""vi - vi"", ""vii - I"", ""vii - fvii"", ""vii - i"", ""vii7 - I"", ""vii7 - fvii7"", ""vii7 - i""]"	"[""iv - VII"", ""V - V"", ""vi - vi"", ""VII - III"", ""VII - VII"", ""iv - fiv"", ""ii - IV"", ""VII - i"", ""V - IV"", ""III - IV"", ""IV - I"", ""V - i"", ""V7 - fV7"", ""vii - i"", ""I - IV"", ""iv - i"", ""vii - fvii"", ""iii - IV"", ""V7 - i"", ""vi - I"", ""v - IV"", ""VI - fVI"", ""ii7 - V"", ""v - i"", ""V - iv"", ""ii - V7"", ""VII - v"", ""ii - V"", ""vii - I"", ""IV - V"", ""i - i"", ""v - fv"", ""i - VI"", ""I - v"", ""I - fI"", ""i - IV"", ""i - VII"", ""V7 - vi"", ""I - vi"", ""VI - iv"", ""VII - IV"", ""IV - i"", ""iv - I"", ""V - I"", ""V - fV"", ""ii7 - fii7"", ""vi - fvi"", ""v - II"", ""vi - ii"", ""IV - ii"", ""i - iv"", ""IV - fIV"", ""vii7 - i"", ""VI - VII"", ""I - I"", ""II - v"", ""i - fi"", ""v - V"", ""iii - fiii"", ""III - III"", ""VI - III"", ""v - III"", ""III - VII"", ""VI - V"", ""iv - ii"", ""III - VI"", ""ii - fii"", ""I - V"", ""V7 - VI"", ""v - v"", ""i - V"", ""ii - III"", ""v - VI"", ""I - i"", ""V - vi"", ""i - I"", ""V7 - I"", ""iv - V"", ""III - fIII"", ""vi - iv"", ""V - VI"", ""iii - vi"", ""i - III"", ""ii - v"", ""vi - V"", ""VII - ii"", ""vii7 - I"", ""V - v"", ""III - iv"", ""IV - VII"", ""ii - iv"", ""vii7 - fvii7"", ""ii - vi"", ""VI - ii""]"	audio	audio.mastermix.wav	data/chorale-bricks/Bach_IchStehAnDeinerKrippe/audio.mastermix.wav	VII - iv	"[""VII - iv"", ""none of the other options is correct"", ""iv - VII"", ""V - V"", ""vi - vi""]"	0.2	0	"[""A"", ""B"", ""C"", ""D"", ""E""]"	"{""A"": ""vi - vi"", ""B"": ""VII - iv"", ""C"": ""none of the other options is correct"", ""D"": ""V - V"", ""E"": ""iv - VII""}"	"[""(A) vi - vi"", ""(B) VII - iv"", ""(C) none of the other options is correct"", ""(D) V - V"", ""(E) iv - VII""]"	(B) VII - iv	B
d13e8762-29b3-5d9c-b2e8-7b047a491873	11	perception	harmony	relative	harmony-relative	harmonic-recognition		cadence recognition	What is the chord progression between the {target_index} chord and the next one?	"[""target_index""]"	get_harmonic_cadence			"{""target_index"": ""45th""}"	What is the chord progression between the 45th chord and the next one?	Bach_IchStehAnDeinerKrippe	chorale-bricks	Bach_IchStehAnDeinerKrippe	data/chorale-bricks/Bach_IchStehAnDeinerKrippe	VII - iv	"[""I - I"", ""I - IV"", ""I - V"", ""I - fI"", ""I - i"", ""I - v"", ""I - vi"", ""II - v"", ""III - III"", ""III - IV"", ""III - VI"", ""III - VII"", ""III - fIII"", ""III - iv"", ""IV - I"", ""IV - V"", ""IV - VII"", ""IV - fIV"", ""IV - i"", ""IV - ii"", ""V - I"", ""V - IV"", ""V - V"", ""V - VI"", ""V - fV"", ""V - i"", ""V - iv"", ""V - v"", ""V - vi"", ""V7 - I"", ""V7 - VI"", ""V7 - fV7"", ""V7 - i"", ""V7 - vi"", ""VI - III"", ""VI - V"", ""VI - VII"", ""VI - fVI"", ""VI - ii"", ""VI - iv"", ""VII - III"", ""VII - IV"", ""VII - VII"", ""VII - i"", ""VII - ii"", ""VII - v"", ""i - I"", ""i - III"", ""i - IV"", ""i - V"", ""i - VI"", ""i - VII"", ""i - fi"", ""i - i"", ""i - iv"", ""ii - III"", ""ii - IV"", ""ii - V"", ""ii - V7"", ""ii - fii"", ""ii - iv"", ""ii - v"", ""ii - vi"", ""ii7 - V"", ""ii7 - fii7"", ""iii - IV"", ""iii - fiii"", ""iii - vi"", ""iv - I"", ""iv - V"", ""iv - VII"", ""iv - fiv"", ""iv - i"", ""iv - ii"", ""v - II"", ""v - III"", ""v - IV"", ""v - V"", ""v - VI"", ""v - fv"", ""v - i"", ""v - v"", ""vi - I"", ""vi - V"", ""vi - fvi"", ""vi - ii"", ""vi - iv"", ""vi - vi"", ""vii - I"", ""vii - fvii"", ""vii - i"", ""vii7 - I"", ""vii7 - fvii7"", ""vii7 - i""]"	"[""iv - VII"", ""V - V"", ""vi - vi"", ""VII - III"", ""VII - VII"", ""iv - fiv"", ""ii - IV"", ""VII - i"", ""V - IV"", ""III - IV"", ""IV - I"", ""V - i"", ""V7 - fV7"", ""vii - i"", ""I - IV"", ""iv - i"", ""vii - fvii"", ""iii - IV"", ""V7 - i"", ""vi - I"", ""v - IV"", ""VI - fVI"", ""ii7 - V"", ""v - i"", ""V - iv"", ""ii - V7"", ""VII - v"", ""ii - V"", ""vii - I"", ""IV - V"", ""i - i"", ""v - fv"", ""i - VI"", ""I - v"", ""I - fI"", ""i - IV"", ""i - VII"", ""V7 - vi"", ""I - vi"", ""VI - iv"", ""VII - IV"", ""IV - i"", ""iv - I"", ""V - I"", ""V - fV"", ""ii7 - fii7"", ""vi - fvi"", ""v - II"", ""vi - ii"", ""IV - ii"", ""i - iv"", ""IV - fIV"", ""vii7 - i"", ""VI - VII"", ""I - I"", ""II - v"", ""i - fi"", ""v - V"", ""iii - fiii"", ""III - III"", ""VI - III"", ""v - III"", ""III - VII"", ""VI - V"", ""iv - ii"", ""III - VI"", ""ii - fii"", ""I - V"", ""V7 - VI"", ""v - v"", ""i - V"", ""ii - III"", ""v - VI"", ""I - i"", ""V - vi"", ""i - I"", ""V7 - I"", ""iv - V"", ""III - fIII"", ""vi - iv"", ""V - VI"", ""iii - vi"", ""i - III"", ""ii - v"", ""vi - V"", ""VII - ii"", ""vii7 - I"", ""V - v"", ""III - iv"", ""IV - VII"", ""ii - iv"", ""vii7 - fvii7"", ""ii - vi"", ""VI - ii""]"	symbolic	symbolic.abc.txt	data/chorale-bricks/Bach_IchStehAnDeinerKrippe/symbolic.abc.txt	VII - iv	"[""VII - iv"", ""none of the other options is correct"", ""iv - VII"", ""V - V"", ""vi - vi""]"	0.2	0	"[""A"", ""B"", ""C"", ""D"", ""E""]"	"{""A"": ""iv - VII"", ""B"": ""vi - vi"", ""C"": ""VII - iv"", ""D"": ""none of the other options is correct"", ""E"": ""V - V""}"	"[""(A) iv - VII"", ""(B) vi - vi"", ""(C) VII - iv"", ""(D) none of the other options is correct"", ""(E) V - V""]"	(C) VII - iv	C
b0362d0e-f034-510b-9b91-385b2225e4b4	11	perception	harmony	relative	harmony-relative	harmonic-recognition		cadence recognition	What is the chord progression between the {target_index} chord and the next one?	"[""target_index""]"	get_harmonic_cadence			"{""target_index"": ""45th""}"	What is the chord progression between the 45th chord and the next one?	Bach_IchStehAnDeinerKrippe	chorale-bricks	Bach_IchStehAnDeinerKrippe	data/chorale-bricks/Bach_IchStehAnDeinerKrippe	VII - iv	"[""I - I"", ""I - IV"", ""I - V"", ""I - fI"", ""I - i"", ""I - v"", ""I - vi"", ""II - v"", ""III - III"", ""III - IV"", ""III - VI"", ""III - VII"", ""III - fIII"", ""III - iv"", ""IV - I"", ""IV - V"", ""IV - VII"", ""IV - fIV"", ""IV - i"", ""IV - ii"", ""V - I"", ""V - IV"", ""V - V"", ""V - VI"", ""V - fV"", ""V - i"", ""V - iv"", ""V - v"", ""V - vi"", ""V7 - I"", ""V7 - VI"", ""V7 - fV7"", ""V7 - i"", ""V7 - vi"", ""VI - III"", ""VI - V"", ""VI - VII"", ""VI - fVI"", ""VI - ii"", ""VI - iv"", ""VII - III"", ""VII - IV"", ""VII - VII"", ""VII - i"", ""VII - ii"", ""VII - v"", ""i - I"", ""i - III"", ""i - IV"", ""i - V"", ""i - VI"", ""i - VII"", ""i - fi"", ""i - i"", ""i - iv"", ""ii - III"", ""ii - IV"", ""ii - V"", ""ii - V7"", ""ii - fii"", ""ii - iv"", ""ii - v"", ""ii - vi"", ""ii7 - V"", ""ii7 - fii7"", ""iii - IV"", ""iii - fiii"", ""iii - vi"", ""iv - I"", ""iv - V"", ""iv - VII"", ""iv - fiv"", ""iv - i"", ""iv - ii"", ""v - II"", ""v - III"", ""v - IV"", ""v - V"", ""v - VI"", ""v - fv"", ""v - i"", ""v - v"", ""vi - I"", ""vi - V"", ""vi - fvi"", ""vi - ii"", ""vi - iv"", ""vi - vi"", ""vii - I"", ""vii - fvii"", ""vii - i"", ""vii7 - I"", ""vii7 - fvii7"", ""vii7 - i""]"	"[""iv - VII"", ""V - V"", ""vi - vi"", ""VII - III"", ""VII - VII"", ""iv - fiv"", ""ii - IV"", ""VII - i"", ""V - IV"", ""III - IV"", ""IV - I"", ""V - i"", ""V7 - fV7"", ""vii - i"", ""I - IV"", ""iv - i"", ""vii - fvii"", ""iii - IV"", ""V7 - i"", ""vi - I"", ""v - IV"", ""VI - fVI"", ""ii7 - V"", ""v - i"", ""V - iv"", ""ii - V7"", ""VII - v"", ""ii - V"", ""vii - I"", ""IV - V"", ""i - i"", ""v - fv"", ""i - VI"", ""I - v"", ""I - fI"", ""i - IV"", ""i - VII"", ""V7 - vi"", ""I - vi"", ""VI - iv"", ""VII - IV"", ""IV - i"", ""iv - I"", ""V - I"", ""V - fV"", ""ii7 - fii7"", ""vi - fvi"", ""v - II"", ""vi - ii"", ""IV - ii"", ""i - iv"", ""IV - fIV"", ""vii7 - i"", ""VI - VII"", ""I - I"", ""II - v"", ""i - fi"", ""v - V"", ""iii - fiii"", ""III - III"", ""VI - III"", ""v - III"", ""III - VII"", ""VI - V"", ""iv - ii"", ""III - VI"", ""ii - fii"", ""I - V"", ""V7 - VI"", ""v - v"", ""i - V"", ""ii - III"", ""v - VI"", ""I - i"", ""V - vi"", ""i - I"", ""V7 - I"", ""iv - V"", ""III - fIII"", ""vi - iv"", ""V - VI"", ""iii - vi"", ""i - III"", ""ii - v"", ""vi - V"", ""VII - ii"", ""vii7 - I"", ""V - v"", ""III - iv"", ""IV - VII"", ""ii - iv"", ""vii7 - fvii7"", ""ii - vi"", ""VI - ii""]"	visual	visual.short.png	data/chorale-bricks/Bach_IchStehAnDeinerKrippe/visual.short.png	VII - iv	"[""VII - iv"", ""none of the other options is correct"", ""iv - VII"", ""V - V"", ""vi - vi""]"	0.2	0	"[""A"", ""B"", ""C"", ""D"", ""E""]"	"{""A"": ""VII - iv"", ""B"": ""iv - VII"", ""C"": ""vi - vi"", ""D"": ""none of the other options is correct"", ""E"": ""V - V""}"	"[""(A) VII - iv"", ""(B) iv - VII"", ""(C) vi - vi"", ""(D) none of the other options is correct"", ""(E) V - V""]"	(A) VII - iv	A
