item_id	meta-question_id	perception	category	rel/abs	specification	subcategory	simul/seq	skill	text_with_wildcards	question_keys	method_for_ground_truth_extraction	requires	ontology_key	values	question	piece_id	dataset	name	path	ground_truth	distractor_pool	sorted_distractors	modality	submodality	path_to_question_context_file	final_correct_option	final_options	random_guess_performance_accuracy	is_nota_correct	all_choices	index2ans	labeled_final_options	labeled_final_correct_option	label_of_final_correct_option
74383957-7bd8-549f-b9c4-df978eb69866	1	perception	pitch	absolute	pitch-absolute	pitch-recognition		pitch recognition	What is the pitch name of the {target_index} {voice} note in the provided excerpt?	"[""target_index"", ""voice""]"	get_nth_note	symbolic.musicxml	pitch	"{""target_index"": ""30th"", ""voice"": ""soprano""}"	What is the pitch name of the 30th soprano note in the provided excerpt?	Crueger_AufAufMeinHerzMitFreuden	chorale-bricks	Crueger_AufAufMeinHerzMitFreuden	data/chorale-bricks/Crueger_AufAufMeinHerzMitFreuden	A	"[""B"", ""B flat"", ""C"", ""C sharp"", ""D"", ""E"", ""F"", ""F sharp"", ""G"", ""G sharp""]"	"[""D"", ""C"", ""B"", ""G sharp"", ""F sharp"", ""B flat"", ""C sharp"", ""E"", ""F"", ""G""]"	audio	audio.mastermix.wav	data/chorale-bricks/Crueger_AufAufMeinHerzMitFreuden/audio.mastermix.wav	A	"[""A"", ""none of the other options is correct"", ""D"", ""C"", ""B""]"	0.2	0	"[""A"", ""B"", ""C"", ""D"", ""E""]"	"{""A"": ""D"", ""B"": ""C"", ""C"": ""A"", ""D"": ""none of the other options is correct"", ""E"": ""B""}"	"[""(A) D"", ""(B) C"", ""(C) A"", ""(D) none of the other options is correct"", ""(E) B""]"	(C) A	C
82f46425-f0c3-5f59-bcc4-041c49662cc2	1	perception	pitch	absolute	pitch-absolute	pitch-recognition		pitch recognition	What is the pitch name of the {target_index} {voice} note in the provided excerpt?	"[""target_index"", ""voice""]"	get_nth_note	symbolic.musicxml	pitch	"{""target_index"": ""30th"", ""voice"": ""soprano""}"	What is the pitch name of the 30th soprano note in the provided excerpt?	Crueger_AufAufMeinHerzMitFreuden	chorale-bricks	Crueger_AufAufMeinHerzMitFreuden	data/chorale-bricks/Crueger_AufAufMeinHerzMitFreuden	A	"[""B"", ""B flat"", ""C"", ""C sharp"", ""D"", ""E"", ""F"", ""F sharp"", ""G"", ""G sharp""]"	"[""D"", ""C"", ""B"", ""G sharp"", ""F sharp"", ""B flat"", ""C sharp"", ""E"", ""F"", ""G""]"	symbolic	symbolic.abc.txt	data/chorale-bricks/Crueger_AufAufMeinHerzMitFreuden/symbolic.abc.txt	A	"[""A"", ""none of the other options is correct"", ""D"", ""C"", ""B""]"	0.2	0	"[""A"", ""B"", ""C"", ""D"", ""E""]"	"{""A"": ""B"", ""B"": ""C"", ""C"": ""none of the other options is correct"", ""D"": ""A"", ""E"": ""D""}"	"[""(A) B"", ""(B) C"", ""(C) none of the other options is correct"", ""(D) A"", ""(E) D""]"	(D) A	D
385ade72-1581-58e2-8dc4-064cc7850e4b	1	perception	pitch	absolute	pitch-absolute	pitch-recognition		pitch recognition	What is the pitch name of the {target_index} {voice} note in the provided excerpt?	"[""target_index"", ""voice""]"	get_nth_note	symbolic.musicxml	pitch	"{""target_index"": ""30th"", ""voice"": ""soprano""}"	What is the pitch name of the 30th soprano note in the provided excerpt?	Crueger_AufAufMeinHerzMitFreuden	chorale-bricks	Crueger_AufAufMeinHerzMitFreuden	data/chorale-bricks/Crueger_AufAufMeinHerzMitFreuden	A	"[""B"", ""B flat"", ""C"", ""C sharp"", ""D"", ""E"", ""F"", ""F sharp"", ""G"", ""G sharp""]"	"[""D"", ""C"", ""B"", ""G sharp"", ""F sharp"", ""B flat"", ""C sharp"", ""E"", ""F"", ""G""]"	visual	visual.short.png	data/chorale-bricks/Crueger_AufAufMeinHerzMitFreuden/visual.short.png	A	"[""A"", ""none of the other options is correct"", ""D"", ""C"", ""B""]"	0.2	0	"[""A"", ""B"", ""C"", ""D"", ""E""]"	"{""A"": ""none of the other options is correct"", ""B"": ""D"", ""C"": ""C"", ""D"": ""A"", ""E"": ""B""}"	"[""(A) none of the other options is correct"", ""(B) D"", ""(C) C"", ""(D) A"", ""(E) B""]"	(D) A	D
85cbf092-8364-5eee-a69b-f2d386caa001	1	perception	pitch	absolute	pitch-absolute	pitch-recognition		pitch recognition	What is the pitch name of the {target_index} {voice} note in the provided excerpt?	"[""target_index"", ""voice""]"	get_nth_note	symbolic.musicxml	pitch	"{""target_index"": ""25th"", ""voice"": ""tenor""}"	What is the pitch name of the 25th tenor note in the provided excerpt?	Vulpius_ChristusDerIstMeinLeben	chorale-bricks	Vulpius_ChristusDerIstMeinLeben	data/chorale-bricks/Vulpius_ChristusDerIstMeinLeben	F sharp	"[""A"", ""B"", ""C sharp"", ""D"", ""E"", ""G"", ""G sharp""]"	"[""A"", ""G"", ""D"", ""B"", ""G sharp"", ""C sharp"", ""E""]"	audio	audio.mastermix.wav	data/chorale-bricks/Vulpius_ChristusDerIstMeinLeben/audio.mastermix.wav	none of the other options is correct	"[""none of the other options is correct"", ""A"", ""G"", ""D"", ""B""]"	0.2	1	"[""A"", ""B"", ""C"", ""D"", ""E""]"	"{""A"": ""G"", ""B"": ""D"", ""C"": ""B"", ""D"": ""none of the other options is correct"", ""E"": ""A""}"	"[""(A) G"", ""(B) D"", ""(C) B"", ""(D) none of the other options is correct"", ""(E) A""]"	(D) none of the other options is correct	D
9782f621-0eb2-56a7-87c4-7ee028ce739d	1	perception	pitch	absolute	pitch-absolute	pitch-recognition		pitch recognition	What is the pitch name of the {target_index} {voice} note in the provided excerpt?	"[""target_index"", ""voice""]"	get_nth_note	symbolic.musicxml	pitch	"{""target_index"": ""25th"", ""voice"": ""tenor""}"	What is the pitch name of the 25th tenor note in the provided excerpt?	Vulpius_ChristusDerIstMeinLeben	chorale-bricks	Vulpius_ChristusDerIstMeinLeben	data/chorale-bricks/Vulpius_ChristusDerIstMeinLeben	F sharp	"[""A"", ""B"", ""C sharp"", ""D"", ""E"", ""G"", ""G sharp""]"	"[""A"", ""G"", ""D"", ""B"", ""G sharp"", ""C sharp"", ""E""]"	symbolic	symbolic.abc.txt	data/chorale-bricks/Vulpius_ChristusDerIstMeinLeben/symbolic.abc.txt	F sharp	"[""F sharp"", ""none of the other options is correct"", ""A"", ""G"", ""D""]"	0.2	0	"[""A"", ""B"", ""C"", ""D"", ""E""]"	"{""A"": ""G"", ""B"": ""F sharp"", ""C"": ""D"", ""D"": ""none of the other options is correct"", ""E"": ""A""}"	"[""(A) G"", ""(B) F sharp"", ""(C) D"", ""(D) none of the other options is correct"", ""(E) A""]"	(B) F sharp	B
8a9c2f82-56e9-572a-9f18-582fceb81be8	1	perception	pitch	absolute	pitch-absolute	pitch-recognition		pitch recognition	What is the pitch name of the {target_index} {voice} note in the provided excerpt?	"[""target_index"", ""voice""]"	get_nth_note	symbolic.musicxml	pitch	"{""target_index"": ""25th"", ""voice"": ""tenor""}"	What is the pitch name of the 25th tenor note in the provided excerpt?	Vulpius_ChristusDerIstMeinLeben	chorale-bricks	Vulpius_ChristusDerIstMeinLeben	data/chorale-bricks/Vulpius_ChristusDerIstMeinLeben	F sharp	"[""A"", ""B"", ""C sharp"", ""D"", ""E"", ""G"", ""G sharp""]"	"[""A"", ""G"", ""D"", ""B"", ""G sharp"", ""C sharp"", ""E""]"	visual	visual.short.png	data/chorale-bricks/Vulpius_ChristusDerIstMeinLeben/visual.short.png	F sharp	"[""F sharp"", ""none of the other options is correct"", ""A"", ""G"", ""D""]"	0.2	0	"[""A"", ""B"", ""C"", ""D"", ""E""]"	"{""A"": ""D"", ""B"": ""none of the other options is correct"", ""C"": ""A"", ""D"": ""F sharp"", ""E"": ""G""}"	"[""(A) D"", ""(B) none of the other options is correct"", ""(C) A"", ""(D) F sharp"", ""(E) G""]"	(D) F sharp	D
c695471f-bc6f-58fa-bc73-abcc5cc9763a	1	perception	pitch	absolute	pitch-absolute	pitch-recognition		pitch recognition	What is the pitch name of the {target_index} {voice} note in the provided excerpt?	"[""target_index"", ""voice""]"	get_nth_note	symbolic.musicxml	pitch	"{""target_index"": ""19th"", ""voice"": ""soprano""}"	What is the pitch name of the 19th soprano note in the provided excerpt?	Gesius_BefiehlDuDeineWege	chorale-bricks	Gesius_BefiehlDuDeineWege	data/chorale-bricks/Gesius_BefiehlDuDeineWege	A	"[""B"", ""C"", ""C sharp"", ""D"", ""E"", ""F"", ""G"", ""G sharp""]"	"[""G"", ""G sharp"", ""C sharp"", ""E"", ""D"", ""B"", ""F"", ""C""]"	audio	audio.mastermix.wav	data/chorale-bricks/Gesius_BefiehlDuDeineWege/audio.mastermix.wav	A	"[""A"", ""none of the other options is correct"", ""G"", ""G sharp"", ""C sharp""]"	0.2	0	"[""A"", ""B"", ""C"", ""D"", ""E""]"	"{""A"": ""G"", ""B"": ""G sharp"", ""C"": ""C sharp"", ""D"": ""none of the other options is correct"", ""E"": ""A""}"	"[""(A) G"", ""(B) G sharp"", ""(C) C sharp"", ""(D) none of the other options is correct"", ""(E) A""]"	(E) A	E
c5d8a7f0-fabc-5e6d-8f55-adbde56fae41	1	perception	pitch	absolute	pitch-absolute	pitch-recognition		pitch recognition	What is the pitch name of the {target_index} {voice} note in the provided excerpt?	"[""target_index"", ""voice""]"	get_nth_note	symbolic.musicxml	pitch	"{""target_index"": ""19th"", ""voice"": ""soprano""}"	What is the pitch name of the 19th soprano note in the provided excerpt?	Gesius_BefiehlDuDeineWege	chorale-bricks	Gesius_BefiehlDuDeineWege	data/chorale-bricks/Gesius_BefiehlDuDeineWege	A	"[""B"", ""C"", ""C sharp"", ""D"", ""E"", ""F"", ""G"", ""G sharp""]"	"[""G"", ""G sharp"", ""C sharp"", ""E"", ""D"", ""B"", ""F"", ""C""]"	symbolic	symbolic.abc.txt	data/chorale-bricks/Gesius_BefiehlDuDeineWege/symbolic.abc.txt	A	"[""A"", ""none of the other options is correct"", ""G"", ""G sharp"", ""C sharp""]"	0.2	0	"[""A"", ""B"", ""C"", ""D"", ""E""]"	"{""A"": ""none of the other options is correct"", ""B"": ""G sharp"", ""C"": ""G"", ""D"": ""C sharp"", ""E"": ""A""}"	"[""(A) none of the other options is correct"", ""(B) G sharp"", ""(C) G"", ""(D) C sharp"", ""(E) A""]"	(E) A	E
61dd88d2-a0bb-519f-acbf-d9eb5416a35a	1	perception	pitch	absolute	pitch-absolute	pitch-recognition		pitch recognition	What is the pitch name of the {target_index} {voice} note in the provided excerpt?	"[""target_index"", ""voice""]"	get_nth_note	symbolic.musicxml	pitch	"{""target_index"": ""19th"", ""voice"": ""soprano""}"	What is the pitch name of the 19th soprano note in the provided excerpt?	Gesius_BefiehlDuDeineWege	chorale-bricks	Gesius_BefiehlDuDeineWege	data/chorale-bricks/Gesius_BefiehlDuDeineWege	A	"[""B"", ""C"", ""C sharp"", ""D"", ""E"", ""F"", ""G"", ""G sharp""]"	"[""G"", ""G sharp"", ""C sharp"", ""E"", ""D"", ""B"", ""F"", ""C""]"	visual	visual.short.png	data/chorale-bricks/Gesius_BefiehlDuDeineWege/visual.short.png	A	"[""A"", ""none of the other options is correct"", ""G"", ""G sharp"", ""C sharp""]"	0.2	0	"[""A"", ""B"", ""C"", ""D"", ""E""]"	"{""A"": ""C sharp"", ""B"": ""G"", ""C"": ""none of the other options is correct"", ""D"": ""A"", ""E"": ""G sharp""}"	"[""(A) C sharp"", ""(B) G"", ""(C) none of the other options is correct"", ""(D) A"", ""(E) G sharp""]"	(D) A	D
9b4162cf-3294-524a-937e-a480beecc836	1	perception	pitch	absolute	pitch-absolute	pitch-recognition		pitch recognition	What is the pitch name of the {target_index} {voice} note in the provided excerpt?	"[""target_index"", ""voice""]"	get_nth_note	symbolic.musicxml	pitch	"{""target_index"": ""45th"", ""voice"": ""tenor""}"	What is the pitch name of the 45th tenor note in the provided excerpt?	Anonymous_AusMeinesHerzensGrunde	chorale-bricks	Anonymous_AusMeinesHerzensGrunde	data/chorale-bricks/Anonymous_AusMeinesHerzensGrunde	G	"[""A"", ""B"", ""C"", ""D"", ""D sharp"", ""E"", ""F sharp""]"	"[""A"", ""D"", ""E"", ""B"", ""F sharp"", ""D sharp"", ""C""]"	audio	audio.mastermix.wav	data/chorale-bricks/Anonymous_AusMeinesHerzensGrunde/audio.mastermix.wav	G	"[""G"", ""none of the other options is correct"", ""A"", ""D"", ""E""]"	0.2	0	"[""A"", ""B"", ""C"", ""D"", ""E""]"	"{""A"": ""none of the other options is correct"", ""B"": ""G"", ""C"": ""A"", ""D"": ""D"", ""E"": ""E""}"	"[""(A) none of the other options is correct"", ""(B) G"", ""(C) A"", ""(D) D"", ""(E) E""]"	(B) G	B
e9259102-78a0-568c-a085-a006f9432166	1	perception	pitch	absolute	pitch-absolute	pitch-recognition		pitch recognition	What is the pitch name of the {target_index} {voice} note in the provided excerpt?	"[""target_index"", ""voice""]"	get_nth_note	symbolic.musicxml	pitch	"{""target_index"": ""45th"", ""voice"": ""tenor""}"	What is the pitch name of the 45th tenor note in the provided excerpt?	Anonymous_AusMeinesHerzensGrunde	chorale-bricks	Anonymous_AusMeinesHerzensGrunde	data/chorale-bricks/Anonymous_AusMeinesHerzensGrunde	G	"[""A"", ""B"", ""C"", ""D"", ""D sharp"", ""E"", ""F sharp""]"	"[""A"", ""D"", ""E"", ""B"", ""F sharp"", ""D sharp"", ""C""]"	symbolic	symbolic.abc.txt	data/chorale-bricks/Anonymous_AusMeinesHerzensGrunde/symbolic.abc.txt	G	"[""G"", ""none of the other options is correct"", ""A"", ""D"", ""E""]"	0.2	0	"[""A"", ""B"", ""C"", ""D"", ""E""]"	"{""A"": ""G"", ""B"": ""A"", ""C"": ""D"", ""D"": ""none of the other options is correct"", ""E"": ""E""}"	"[""(A) G"", ""(B) A"", ""(C) D"", ""(D) none of the other options is correct"", ""(E) E""]"	(A) G	A
185bb16e-5682-5aaf-adfb-5709b7c12f88	1	perception	pitch	absolute	pitch-absolute	pitch-recognition		pitch recognition	What is the pitch name of the {target_index} {voice} note in the provided excerpt?	"[""target_index"", ""voice""]"	get_nth_note	symbolic.musicxml	pitch	"{""target_index"": ""45th"", ""voice"": ""tenor""}"	What is the pitch name of the 45th tenor note in the provided excerpt?	Anonymous_AusMeinesHerzensGrunde	chorale-bricks	Anonymous_AusMeinesHerzensGrunde	data/chorale-bricks/Anonymous_AusMeinesHerzensGrunde	G	"[""A"", ""B"", ""C"", ""D"", ""D sharp"", ""E"", ""F sharp""]"	"[""A"", ""D"", ""E"", ""B"", ""F sharp"", ""D sharp"", ""C""]"	visual	visual.short.png	data/chorale-bricks/Anonymous_AusMeinesHerzensGrunde/visual.short.png	G	"[""G"", ""none of the other options is correct"", ""A"", ""D"", ""E""]"	0.2	0	"[""A"", ""B"", ""C"", ""D"", ""E""]"	"{""A"": ""E"", ""B"": ""D"", ""C"": ""A"", ""D"": ""G"", ""E"": ""none of the other options is correct""}"	"[""(A) E"", ""(B) D"", ""(C) A"", ""(D) G"", ""(E) none of the other options is correct""]"	(D) G	D
1dcec483-755e-551f-8dfe-b5becfad347b	1	perception	pitch	absolute	pitch-absolute	pitch-recognition		pitch recognition	What is the pitch name of the {target_index} {voice} note in the provided excerpt?	"[""target_index"", ""voice""]"	get_nth_note	symbolic.musicxml	pitch	"{""target_index"": ""8th"", ""voice"": ""alto""}"	What is the pitch name of the 8th alto note in the provided excerpt?	Telemann_DerLiebenSonneLichtUndPracht	chorale-bricks	Telemann_DerLiebenSonneLichtUndPracht	data/chorale-bricks/Telemann_DerLiebenSonneLichtUndPracht	F sharp	"[""A"", ""B"", ""C"", ""C sharp"", ""D"", ""D sharp"", ""E"", ""G""]"	"[""G"", ""E"", ""B"", ""D"", ""C"", ""A"", ""C sharp"", ""D sharp""]"	audio	audio.mastermix.wav	data/chorale-bricks/Telemann_DerLiebenSonneLichtUndPracht/audio.mastermix.wav	none of the other options is correct	"[""none of the other options is correct"", ""G"", ""E"", ""B"", ""D""]"	0.2	1	"[""A"", ""B"", ""C"", ""D"", ""E""]"	"{""A"": ""G"", ""B"": ""E"", ""C"": ""B"", ""D"": ""D"", ""E"": ""none of the other options is correct""}"	"[""(A) G"", ""(B) E"", ""(C) B"", ""(D) D"", ""(E) none of the other options is correct""]"	(E) none of the other options is correct	E
bf957e1c-f976-559e-b752-298b7197666b	1	perception	pitch	absolute	pitch-absolute	pitch-recognition		pitch recognition	What is the pitch name of the {target_index} {voice} note in the provided excerpt?	"[""target_index"", ""voice""]"	get_nth_note	symbolic.musicxml	pitch	"{""target_index"": ""8th"", ""voice"": ""alto""}"	What is the pitch name of the 8th alto note in the provided excerpt?	Telemann_DerLiebenSonneLichtUndPracht	chorale-bricks	Telemann_DerLiebenSonneLichtUndPracht	data/chorale-bricks/Telemann_DerLiebenSonneLichtUndPracht	F sharp	"[""A"", ""B"", ""C"", ""C sharp"", ""D"", ""D sharp"", ""E"", ""G""]"	"[""G"", ""E"", ""B"", ""D"", ""C"", ""A"", ""C sharp"", ""D sharp""]"	symbolic	symbolic.abc.txt	data/chorale-bricks/Telemann_DerLiebenSonneLichtUndPracht/symbolic.abc.txt	F sharp	"[""F sharp"", ""none of the other options is correct"", ""G"", ""E"", ""B""]"	0.2	0	"[""A"", ""B"", ""C"", ""D"", ""E""]"	"{""A"": ""B"", ""B"": ""none of the other options is correct"", ""C"": ""G"", ""D"": ""E"", ""E"": ""F sharp""}"	"[""(A) B"", ""(B) none of the other options is correct"", ""(C) G"", ""(D) E"", ""(E) F sharp""]"	(E) F sharp	E
9169f098-9b22-5461-92b2-e23f00cfa50d	1	perception	pitch	absolute	pitch-absolute	pitch-recognition		pitch recognition	What is the pitch name of the {target_index} {voice} note in the provided excerpt?	"[""target_index"", ""voice""]"	get_nth_note	symbolic.musicxml	pitch	"{""target_index"": ""8th"", ""voice"": ""alto""}"	What is the pitch name of the 8th alto note in the provided excerpt?	Telemann_DerLiebenSonneLichtUndPracht	chorale-bricks	Telemann_DerLiebenSonneLichtUndPracht	data/chorale-bricks/Telemann_DerLiebenSonneLichtUndPracht	F sharp	"[""A"", ""B"", ""C"", ""C sharp"", ""D"", ""D sharp"", ""E"", ""G""]"	"[""G"", ""E"", ""B"", ""D"", ""C"", ""A"", ""C sharp"", ""D sharp""]"	visual	visual.short.png	data/chorale-bricks/Telemann_DerLiebenSonneLichtUndPracht/visual.short.png	F sharp	"[""F sharp"", ""none of the other options is correct"", ""G"", ""E"", ""B""]"	0.2	0	"[""A"", ""B"", ""C"", ""D"", ""E""]"	"{""A"": ""G"", ""B"": ""none of the other options is correct"", ""C"": ""F sharp"", ""D"": ""E"", ""E"": ""B""}"	"[""(A) G"", ""(B) none of the other options is correct"", ""(C) F sharp"", ""(D) E"", ""(E) B""]"	(C) F sharp	C
9e72ff81-d35b-5a8c-a7bc-56d7b492b226	1	perception	pitch	absolute	pitch-absolute	pitch-recognition		pitch recognition	What is the pitch name of the {target_index} {voice} note in the provided excerpt?	"[""target_index"", ""voice""]"	get_nth_note	symbolic.musicxml	pitch	"{""target_index"": ""24th"", ""voice"": ""soprano""}"	What is the pitch name of the 24th soprano note in the provided excerpt?	Bach_IchStehAnDeinerKrippe	chorale-bricks	Bach_IchStehAnDeinerKrippe	data/chorale-bricks/Bach_IchStehAnDeinerKrippe	A	"[""A sharp"", ""B"", ""C sharp"", ""D"", ""D sharp"", ""E"", ""F sharp"", ""G"", ""G sharp""]"	"[""E"", ""D"", ""C sharp"", ""F sharp"", ""G sharp"", ""B"", ""D sharp"", ""G"", ""A sharp""]"	audio	audio.mastermix.wav	data/chorale-bricks/Bach_IchStehAnDeinerKrippe/audio.mastermix.wav	none of the other options is correct	"[""none of the other options is correct"", ""E"", ""D"", ""C sharp"", ""F sharp""]"	0.2	1	"[""A"", ""B"", ""C"", ""D"", ""E""]"	"{""A"": ""none of the other options is correct"", ""B"": ""F sharp"", ""C"": ""E"", ""D"": ""D"", ""E"": ""C sharp""}"	"[""(A) none of the other options is correct"", ""(B) F sharp"", ""(C) E"", ""(D) D"", ""(E) C sharp""]"	(A) none of the other options is correct	A
67f1ef35-ae0b-5c12-9c44-b40c9b42b0d7	1	perception	pitch	absolute	pitch-absolute	pitch-recognition		pitch recognition	What is the pitch name of the {target_index} {voice} note in the provided excerpt?	"[""target_index"", ""voice""]"	get_nth_note	symbolic.musicxml	pitch	"{""target_index"": ""24th"", ""voice"": ""soprano""}"	What is the pitch name of the 24th soprano note in the provided excerpt?	Bach_IchStehAnDeinerKrippe	chorale-bricks	Bach_IchStehAnDeinerKrippe	data/chorale-bricks/Bach_IchStehAnDeinerKrippe	A	"[""A sharp"", ""B"", ""C sharp"", ""D"", ""D sharp"", ""E"", ""F sharp"", ""G"", ""G sharp""]"	"[""E"", ""D"", ""C sharp"", ""F sharp"", ""G sharp"", ""B"", ""D sharp"", ""G"", ""A sharp""]"	symbolic	symbolic.abc.txt	data/chorale-bricks/Bach_IchStehAnDeinerKrippe/symbolic.abc.txt	A	"[""A"", ""none of the other options is correct"", ""E"", ""D"", ""C sharp""]"	0.2	0	"[""A"", ""B"", ""C"", ""D"", ""E""]"	"{""A"": ""E"", ""B"": ""none of the other options is correct"", ""C"": ""D"", ""D"": ""A"", ""E"": ""C sharp""}"	"[""(A) E"", ""(B) none of the other options is correct"", ""(C) D"", ""(D) A"", ""(E) C sharp""]"	(D) A	D
a8304bbd-ef17-52ae-bb0e-c79a1a5d1ee8	1	perception	pitch	absolute	pitch-absolute	pitch-recognition		pitch recognition	What is the pitch name of the {target_index} {voice} note in the provided excerpt?	"[""target_index"", ""voice""]"	get_nth_note	symbolic.musicxml	pitch	"{""target_index"": ""24th"", ""voice"": ""soprano""}"	What is the pitch name of the 24th soprano note in the provided excerpt?	Bach_IchStehAnDeinerKrippe	chorale-bricks	Bach_IchStehAnDeinerKrippe	data/chorale-bricks/Bach_IchStehAnDeinerKrippe	A	"[""A sharp"", ""B"", ""C sharp"", ""D"", ""D sharp"", ""E"", ""F sharp"", ""G"", ""G sharp""]"	"[""E"", ""D"", ""C sharp"", ""F sharp"", ""G sharp"", ""B"", ""D sharp"", ""G"", ""A sharp""]"	visual	visual.short.png	data/chorale-bricks/Bach_IchStehAnDeinerKrippe/visual.short.png	A	"[""A"", ""none of the other options is correct"", ""E"", ""D"", ""C sharp""]"	0.2	0	"[""A"", ""B"", ""C"", ""D"", ""E""]"	"{""A"": ""E"", ""B"": ""none of the other options is correct"", ""C"": ""C sharp"", ""D"": ""A"", ""E"": ""D""}"	"[""(A) E"", ""(B) none of the other options is correct"", ""(C) C sharp"", ""(D) A"", ""(E) D""]"	(D) A	D
9c2778f2-03a3-56d8-a95a-0756c4e8dbc7	1	perception	pitch	absolute	pitch-absolute	pitch-recognition		pitch recognition	What is the pitch name of the {target_index} {voice} note in the provided excerpt?	"[""target_index"", ""voice""]"	get_nth_note	symbolic.musicxml	pitch	"{""target_index"": ""50th"", ""voice"": ""tenor""}"	What is the pitch name of the 50th tenor note in the provided excerpt?	Anonymous_AusMeinesHerzensGrunde	chorale-bricks	Anonymous_AusMeinesHerzensGrunde	data/chorale-bricks/Anonymous_AusMeinesHerzensGrunde	D	"[""A"", ""B"", ""C"", ""D sharp"", ""E"", ""F sharp"", ""G""]"	"[""A"", ""G"", ""D sharp"", ""B"", ""E"", ""C"", ""F sharp""]"	audio	audio.mastermix.wav	data/chorale-bricks/Anonymous_AusMeinesHerzensGrunde/audio.mastermix.wav	D	"[""D"", ""none of the other options is correct"", ""A"", ""G"", ""D sharp""]"	0.2	0	"[""A"", ""B"", ""C"", ""D"", ""E""]"	"{""A"": ""none of the other options is correct"", ""B"": ""D"", ""C"": ""A"", ""D"": ""D sharp"", ""E"": ""G""}"	"[""(A) none of the other options is correct"", ""(B) D"", ""(C) A"", ""(D) D sharp"", ""(E) G""]"	(B) D	B
322fb099-78e7-56c3-aa4b-1f7fa621f919	1	perception	pitch	absolute	pitch-absolute	pitch-recognition		pitch recognition	What is the pitch name of the {target_index} {voice} note in the provided excerpt?	"[""target_index"", ""voice""]"	get_nth_note	symbolic.musicxml	pitch	"{""target_index"": ""50th"", ""voice"": ""tenor""}"	What is the pitch name of the 50th tenor note in the provided excerpt?	Anonymous_AusMeinesHerzensGrunde	chorale-bricks	Anonymous_AusMeinesHerzensGrunde	data/chorale-bricks/Anonymous_AusMeinesHerzensGrunde	D	"[""A"", ""B"", ""C"", ""D sharp"", ""E"", ""F sharp"", ""G""]"	"[""A"", ""G"", ""D sharp"", ""B"", ""E"", ""C"", ""F sharp""]"	symbolic	symbolic.abc.txt	data/chorale-bricks/Anonymous_AusMeinesHerzensGrunde/symbolic.abc.txt	D	"[""D"", ""none of the other options is correct"", ""A"", ""G"", ""D sharp""]"	0.2	0	"[""A"", ""B"", ""C"", ""D"", ""E""]"	"{""A"": ""D sharp"", ""B"": ""none of the other options is correct"", ""C"": ""G"", ""D"": ""D"", ""E"": ""A""}"	"[""(A) D sharp"", ""(B) none of the other options is correct"", ""(C) G"", ""(D) D"", ""(E) A""]"	(D) D	D
56b6e24d-7a0f-5146-b4f4-346532ba6346	1	perception	pitch	absolute	pitch-absolute	pitch-recognition		pitch recognition	What is the pitch name of the {target_index} {voice} note in the provided excerpt?	"[""target_index"", ""voice""]"	get_nth_note	symbolic.musicxml	pitch	"{""target_index"": ""50th"", ""voice"": ""tenor""}"	What is the pitch name of the 50th tenor note in the provided excerpt?	Anonymous_AusMeinesHerzensGrunde	chorale-bricks	Anonymous_AusMeinesHerzensGrunde	data/chorale-bricks/Anonymous_AusMeinesHerzensGrunde	D	"[""A"", ""B"", ""C"", ""D sharp"", ""E"", ""F sharp"", ""G""]"	"[""A"", ""G"", ""D sharp"", ""B"", ""E"", ""C"", ""F sharp""]"	visual	visual.short.png	data/chorale-bricks/Anonymous_AusMeinesHerzensGrunde/visual.short.png	D	"[""D"", ""none of the other options is correct"", ""A"", ""G"", ""D sharp""]"	0.2	0	"[""A"", ""B"", ""C"", ""D"", ""E""]"	"{""A"": ""none of the other options is correct"", ""B"": ""D"", ""C"": ""A"", ""D"": ""D sharp"", ""E"": ""G""}"	"[""(A) none of the other options is correct"", ""(B) D"", ""(C) A"", ""(D) D sharp"", ""(E) G""]"	(B) D	B
d2c98d24-9673-5595-b343-ad1c77048107	1	perception	pitch	absolute	pitch-absolute	pitch-recognition		pitch recognition	What is the pitch name of the {target_index} {voice} note in the provided excerpt?	"[""target_index"", ""voice""]"	get_nth_note	symbolic.musicxml	pitch	"{""target_index"": ""12th"", ""voice"": ""soprano""}"	What is the pitch name of the 12th soprano note in the provided excerpt?	Jan_DuGrosserSchmerzensmann	chorale-bricks	Jan_DuGrosserSchmerzensmann	data/chorale-bricks/Jan_DuGrosserSchmerzensmann	B	"[""A"", ""C"", ""C sharp"", ""D"", ""D sharp"", ""E"", ""F sharp"", ""G""]"	"[""F sharp"", ""D"", ""A"", ""C sharp"", ""G"", ""C"", ""E"", ""D sharp""]"	audio	audio.mastermix.wav	data/chorale-bricks/Jan_DuGrosserSchmerzensmann/audio.mastermix.wav	B	"[""B"", ""none of the other options is correct"", ""F sharp"", ""D"", ""A""]"	0.2	0	"[""A"", ""B"", ""C"", ""D"", ""E""]"	"{""A"": ""A"", ""B"": ""B"", ""C"": ""none of the other options is correct"", ""D"": ""D"", ""E"": ""F sharp""}"	"[""(A) A"", ""(B) B"", ""(C) none of the other options is correct"", ""(D) D"", ""(E) F sharp""]"	(B) B	B
a798fd99-1b30-5c13-8b32-58409164038d	1	perception	pitch	absolute	pitch-absolute	pitch-recognition		pitch recognition	What is the pitch name of the {target_index} {voice} note in the provided excerpt?	"[""target_index"", ""voice""]"	get_nth_note	symbolic.musicxml	pitch	"{""target_index"": ""12th"", ""voice"": ""soprano""}"	What is the pitch name of the 12th soprano note in the provided excerpt?	Jan_DuGrosserSchmerzensmann	chorale-bricks	Jan_DuGrosserSchmerzensmann	data/chorale-bricks/Jan_DuGrosserSchmerzensmann	B	"[""A"", ""C"", ""C sharp"", ""D"", ""D sharp"", ""E"", ""F sharp"", ""G""]"	"[""F sharp"", ""D"", ""A"", ""C sharp"", ""G"", ""C"", ""E"", ""D sharp""]"	symbolic	symbolic.abc.txt	data/chorale-bricks/Jan_DuGrosserSchmerzensmann/symbolic.abc.txt	none of the other options is correct	"[""none of the other options is correct"", ""F sharp"", ""D"", ""A"", ""C sharp""]"	0.2	1	"[""A"", ""B"", ""C"", ""D"", ""E""]"	"{""A"": ""none of the other options is correct"", ""B"": ""F sharp"", ""C"": ""C sharp"", ""D"": ""D"", ""E"": ""A""}"	"[""(A) none of the other options is correct"", ""(B) F sharp"", ""(C) C sharp"", ""(D) D"", ""(E) A""]"	(A) none of the other options is correct	A
333fefa4-ca71-581b-a826-29a4cbbcf332	1	perception	pitch	absolute	pitch-absolute	pitch-recognition		pitch recognition	What is the pitch name of the {target_index} {voice} note in the provided excerpt?	"[""target_index"", ""voice""]"	get_nth_note	symbolic.musicxml	pitch	"{""target_index"": ""12th"", ""voice"": ""soprano""}"	What is the pitch name of the 12th soprano note in the provided excerpt?	Jan_DuGrosserSchmerzensmann	chorale-bricks	Jan_DuGrosserSchmerzensmann	data/chorale-bricks/Jan_DuGrosserSchmerzensmann	B	"[""A"", ""C"", ""C sharp"", ""D"", ""D sharp"", ""E"", ""F sharp"", ""G""]"	"[""F sharp"", ""D"", ""A"", ""C sharp"", ""G"", ""C"", ""E"", ""D sharp""]"	visual	visual.short.png	data/chorale-bricks/Jan_DuGrosserSchmerzensmann/visual.short.png	B	"[""B"", ""none of the other options is correct"", ""F sharp"", ""D"", ""A""]"	0.2	0	"[""A"", ""B"", ""C"", ""D"", ""E""]"	"{""A"": ""A"", ""B"": ""F sharp"", ""C"": ""D"", ""D"": ""B"", ""E"": ""none of the other options is correct""}"	"[""(A) A"", ""(B) F sharp"", ""(C) D"", ""(D) B"", ""(E) none of the other options is correct""]"	(D) B	D
6e5ecee8-6df0-5f4b-b759-aa5b59771b5f	1	perception	pitch	absolute	pitch-absolute	pitch-recognition		pitch recognition	What is the pitch name of the {target_index} {voice} note in the provided excerpt?	"[""target_index"", ""voice""]"	get_nth_note	symbolic.musicxml	pitch	"{""target_index"": ""33rd"", ""voice"": ""soprano""}"	What is the pitch name of the 33rd soprano note in the provided excerpt?	Gesius_DuFriedensfuerstHerrJesuChrist	chorale-bricks	Gesius_DuFriedensfuerstHerrJesuChrist	data/chorale-bricks/Gesius_DuFriedensfuerstHerrJesuChrist	G	"[""A"", ""B"", ""B flat"", ""C"", ""D"", ""E"", ""F""]"	"[""F"", ""A"", ""B flat"", ""D"", ""C"", ""E"", ""B""]"	audio	audio.mastermix.wav	data/chorale-bricks/Gesius_DuFriedensfuerstHerrJesuChrist/audio.mastermix.wav	G	"[""G"", ""none of the other options is correct"", ""F"", ""A"", ""B flat""]"	0.2	0	"[""A"", ""B"", ""C"", ""D"", ""E""]"	"{""A"": ""A"", ""B"": ""none of the other options is correct"", ""C"": ""B flat"", ""D"": ""G"", ""E"": ""F""}"	"[""(A) A"", ""(B) none of the other options is correct"", ""(C) B flat"", ""(D) G"", ""(E) F""]"	(D) G	D
d04b33ad-4e91-5583-a0f7-f3733dc23f3d	1	perception	pitch	absolute	pitch-absolute	pitch-recognition		pitch recognition	What is the pitch name of the {target_index} {voice} note in the provided excerpt?	"[""target_index"", ""voice""]"	get_nth_note	symbolic.musicxml	pitch	"{""target_index"": ""33rd"", ""voice"": ""soprano""}"	What is the pitch name of the 33rd soprano note in the provided excerpt?	Gesius_DuFriedensfuerstHerrJesuChrist	chorale-bricks	Gesius_DuFriedensfuerstHerrJesuChrist	data/chorale-bricks/Gesius_DuFriedensfuerstHerrJesuChrist	G	"[""A"", ""B"", ""B flat"", ""C"", ""D"", ""E"", ""F""]"	"[""F"", ""A"", ""B flat"", ""D"", ""C"", ""E"", ""B""]"	symbolic	symbolic.abc.txt	data/chorale-bricks/Gesius_DuFriedensfuerstHerrJesuChrist/symbolic.abc.txt	G	"[""G"", ""none of the other options is correct"", ""F"", ""A"", ""B flat""]"	0.2	0	"[""A"", ""B"", ""C"", ""D"", ""E""]"	"{""A"": ""G"", ""B"": ""A"", ""C"": ""F"", ""D"": ""none of the other options is correct"", ""E"": ""B flat""}"	"[""(A) G"", ""(B) A"", ""(C) F"", ""(D) none of the other options is correct"", ""(E) B flat""]"	(A) G	A
5b685684-18f7-536e-86f9-2456b486453a	1	perception	pitch	absolute	pitch-absolute	pitch-recognition		pitch recognition	What is the pitch name of the {target_index} {voice} note in the provided excerpt?	"[""target_index"", ""voice""]"	get_nth_note	symbolic.musicxml	pitch	"{""target_index"": ""33rd"", ""voice"": ""soprano""}"	What is the pitch name of the 33rd soprano note in the provided excerpt?	Gesius_DuFriedensfuerstHerrJesuChrist	chorale-bricks	Gesius_DuFriedensfuerstHerrJesuChrist	data/chorale-bricks/Gesius_DuFriedensfuerstHerrJesuChrist	G	"[""A"", ""B"", ""B flat"", ""C"", ""D"", ""E"", ""F""]"	"[""F"", ""A"", ""B flat"", ""D"", ""C"", ""E"", ""B""]"	visual	visual.short.png	data/chorale-bricks/Gesius_DuFriedensfuerstHerrJesuChrist/visual.short.png	none of the other options is correct	"[""none of the other options is correct"", ""F"", ""A"", ""B flat"", ""D""]"	0.2	1	"[""A"", ""B"", ""C"", ""D"", ""E""]"	"{""A"": ""F"", ""B"": ""A"", ""C"": ""none of the other options is correct"", ""D"": ""D"", ""E"": ""B flat""}"	"[""(A) F"", ""(B) A"", ""(C) none of the other options is correct"", ""(D) D"", ""(E) B flat""]"	(C) none of the other options is correct	C
7a0810c6-4da1-58ef-a41b-ac98c149439b	1	perception	pitch	absolute	pitch-absolute	pitch-recognition		pitch recognition	What is the pitch name of the {target_index} {voice} note in the provided excerpt?	"[""target_index"", ""voice""]"	get_nth_note	symbolic.musicxml	pitch	"{""target_index"": ""22nd"", ""voice"": ""bass""}"	What is the pitch name of the 22nd bass note in the provided excerpt?	Gesius_BefiehlDuDeineWege	chorale-bricks	Gesius_BefiehlDuDeineWege	data/chorale-bricks/Gesius_BefiehlDuDeineWege	G	"[""A"", ""B"", ""C"", ""C sharp"", ""D"", ""E"", ""F"", ""G sharp""]"	"[""F"", ""C sharp"", ""G sharp"", ""A"", ""B"", ""C"", ""E"", ""D""]"	audio	audio.mastermix.wav	data/chorale-bricks/Gesius_BefiehlDuDeineWege/audio.mastermix.wav	G	"[""G"", ""none of the other options is correct"", ""F"", ""C sharp"", ""G sharp""]"	0.2	0	"[""A"", ""B"", ""C"", ""D"", ""E""]"	"{""A"": ""G sharp"", ""B"": ""none of the other options is correct"", ""C"": ""C sharp"", ""D"": ""F"", ""E"": ""G""}"	"[""(A) G sharp"", ""(B) none of the other options is correct"", ""(C) C sharp"", ""(D) F"", ""(E) G""]"	(E) G	E
b6572e43-fe90-559d-974a-3682fa64be98	1	perception	pitch	absolute	pitch-absolute	pitch-recognition		pitch recognition	What is the pitch name of the {target_index} {voice} note in the provided excerpt?	"[""target_index"", ""voice""]"	get_nth_note	symbolic.musicxml	pitch	"{""target_index"": ""22nd"", ""voice"": ""bass""}"	What is the pitch name of the 22nd bass note in the provided excerpt?	Gesius_BefiehlDuDeineWege	chorale-bricks	Gesius_BefiehlDuDeineWege	data/chorale-bricks/Gesius_BefiehlDuDeineWege	G	"[""A"", ""B"", ""C"", ""C sharp"", ""D"", ""E"", ""F"", ""G sharp""]"	"[""F"", ""C sharp"", ""G sharp"", ""A"", ""B"", ""C"", ""E"", ""D""]"	symbolic	symbolic.abc.txt	data/chorale-bricks/Gesius_BefiehlDuDeineWege/symbolic.abc.txt	none of the other options is correct	"[""none of the other options is correct"", ""F"", ""C sharp"", ""G sharp"", ""A""]"	0.2	1	"[""A"", ""B"", ""C"", ""D"", ""E""]"	"{""A"": ""F"", ""B"": ""C sharp"", ""C"": ""G sharp"", ""D"": ""none of the other options is correct"", ""E"": ""A""}"	"[""(A) F"", ""(B) C sharp"", ""(C) G sharp"", ""(D) none of the other options is correct"", ""(E) A""]"	(D) none of the other options is correct	D
04466bbf-90a8-5af8-af2c-30867701eddf	1	perception	pitch	absolute	pitch-absolute	pitch-recognition		pitch recognition	What is the pitch name of the {target_index} {voice} note in the provided excerpt?	"[""target_index"", ""voice""]"	get_nth_note	symbolic.musicxml	pitch	"{""target_index"": ""22nd"", ""voice"": ""bass""}"	What is the pitch name of the 22nd bass note in the provided excerpt?	Gesius_BefiehlDuDeineWege	chorale-bricks	Gesius_BefiehlDuDeineWege	data/chorale-bricks/Gesius_BefiehlDuDeineWege	G	"[""A"", ""B"", ""C"", ""C sharp"", ""D"", ""E"", ""F"", ""G sharp""]"	"[""F"", ""C sharp"", ""G sharp"", ""A"", ""B"", ""C"", ""E"", ""D""]"	visual	visual.short.png	data/chorale-bricks/Gesius_BefiehlDuDeineWege/visual.short.png	G	"[""G"", ""none of the other options is correct"", ""F"", ""C sharp"", ""G sharp""]"	0.2	0	"[""A"", ""B"", ""C"", ""D"", ""E""]"	"{""A"": ""G sharp"", ""B"": ""none of the other options is correct"", ""C"": ""C sharp"", ""D"": ""F"", ""E"": ""G""}"	"[""(A) G sharp"", ""(B) none of the other options is correct"", ""(C) C sharp"", ""(D) F"", ""(E) G""]"	(E) G	E
655a9459-6e2b-56ee-8c60-57206234f6f6	1	perception	pitch	absolute	pitch-absolute	pitch-recognition		pitch recognition	What is the pitch name of the {target_index} {voice} note in the provided excerpt?	"[""target_index"", ""voice""]"	get_nth_note	symbolic.musicxml	pitch	"{""target_index"": ""14th"", ""voice"": ""alto""}"	What is the pitch name of the 14th alto note in the provided excerpt?	Drese_JesuGehVoran	chorale-bricks	Drese_JesuGehVoran	data/chorale-bricks/Drese_JesuGehVoran	E	"[""A"", ""B"", ""C"", ""D"", ""D sharp"", ""F sharp"", ""G""]"	"[""D"", ""C"", ""F sharp"", ""B"", ""D sharp"", ""A"", ""G""]"	audio	audio.mastermix.wav	data/chorale-bricks/Drese_JesuGehVoran/audio.mastermix.wav	E	"[""E"", ""none of the other options is correct"", ""D"", ""C"", ""F sharp""]"	0.2	0	"[""A"", ""B"", ""C"", ""D"", ""E""]"	"{""A"": ""D"", ""B"": ""C"", ""C"": ""F sharp"", ""D"": ""E"", ""E"": ""none of the other options is correct""}"	"[""(A) D"", ""(B) C"", ""(C) F sharp"", ""(D) E"", ""(E) none of the other options is correct""]"	(D) E	D
256be6c1-d130-52dc-8cb8-0f5fcbd193e4	1	perception	pitch	absolute	pitch-absolute	pitch-recognition		pitch recognition	What is the pitch name of the {target_index} {voice} note in the provided excerpt?	"[""target_index"", ""voice""]"	get_nth_note	symbolic.musicxml	pitch	"{""target_index"": ""14th"", ""voice"": ""alto""}"	What is the pitch name of the 14th alto note in the provided excerpt?	Drese_JesuGehVoran	chorale-bricks	Drese_JesuGehVoran	data/chorale-bricks/Drese_JesuGehVoran	E	"[""A"", ""B"", ""C"", ""D"", ""D sharp"", ""F sharp"", ""G""]"	"[""D"", ""C"", ""F sharp"", ""B"", ""D sharp"", ""A"", ""G""]"	symbolic	symbolic.abc.txt	data/chorale-bricks/Drese_JesuGehVoran/symbolic.abc.txt	E	"[""E"", ""none of the other options is correct"", ""D"", ""C"", ""F sharp""]"	0.2	0	"[""A"", ""B"", ""C"", ""D"", ""E""]"	"{""A"": ""D"", ""B"": ""none of the other options is correct"", ""C"": ""F sharp"", ""D"": ""C"", ""E"": ""E""}"	"[""(A) D"", ""(B) none of the other options is correct"", ""(C) F sharp"", ""(D) C"", ""(E) E""]"	(E) E	E
ecc6f118-cbe1-5c3e-a5a9-4615b85f85d2	1	perception	pitch	absolute	pitch-absolute	pitch-recognition		pitch recognition	What is the pitch name of the {target_index} {voice} note in the provided excerpt?	"[""target_index"", ""voice""]"	get_nth_note	symbolic.musicxml	pitch	"{""target_index"": ""14th"", ""voice"": ""alto""}"	What is the pitch name of the 14th alto note in the provided excerpt?	Drese_JesuGehVoran	chorale-bricks	Drese_JesuGehVoran	data/chorale-bricks/Drese_JesuGehVoran	E	"[""A"", ""B"", ""C"", ""D"", ""D sharp"", ""F sharp"", ""G""]"	"[""D"", ""C"", ""F sharp"", ""B"", ""D sharp"", ""A"", ""G""]"	visual	visual.short.png	data/chorale-bricks/Drese_JesuGehVoran/visual.short.png	E	"[""E"", ""none of the other options is correct"", ""D"", ""C"", ""F sharp""]"	0.2	0	"[""A"", ""B"", ""C"", ""D"", ""E""]"	"{""A"": ""none of the other options is correct"", ""B"": ""C"", ""C"": ""D"", ""D"": ""F sharp"", ""E"": ""E""}"	"[""(A) none of the other options is correct"", ""(B) C"", ""(C) D"", ""(D) F sharp"", ""(E) E""]"	(E) E	E
77c65c7a-4f78-5c64-a218-062c7f9635c7	1	perception	pitch	absolute	pitch-absolute	pitch-recognition		pitch recognition	What is the pitch name of the {target_index} {voice} note in the provided excerpt?	"[""target_index"", ""voice""]"	get_nth_note	symbolic.musicxml	pitch	"{""target_index"": ""9th"", ""voice"": ""tenor""}"	What is the pitch name of the 9th tenor note in the provided excerpt?	Crueger_AufAufMeinHerzMitFreuden	chorale-bricks	Crueger_AufAufMeinHerzMitFreuden	data/chorale-bricks/Crueger_AufAufMeinHerzMitFreuden	E	"[""A"", ""B"", ""B flat"", ""C"", ""C sharp"", ""D"", ""F"", ""F sharp"", ""G"", ""G sharp""]"	"[""C"", ""G"", ""F"", ""A"", ""B"", ""B flat"", ""F sharp"", ""G sharp"", ""D"", ""C sharp""]"	audio	audio.mastermix.wav	data/chorale-bricks/Crueger_AufAufMeinHerzMitFreuden/audio.mastermix.wav	E	"[""E"", ""none of the other options is correct"", ""C"", ""G"", ""F""]"	0.2	0	"[""A"", ""B"", ""C"", ""D"", ""E""]"	"{""A"": ""none of the other options is correct"", ""B"": ""C"", ""C"": ""F"", ""D"": ""E"", ""E"": ""G""}"	"[""(A) none of the other options is correct"", ""(B) C"", ""(C) F"", ""(D) E"", ""(E) G""]"	(D) E	D
b96dda5e-62ac-511f-b7dc-96b5b2823a9b	1	perception	pitch	absolute	pitch-absolute	pitch-recognition		pitch recognition	What is the pitch name of the {target_index} {voice} note in the provided excerpt?	"[""target_index"", ""voice""]"	get_nth_note	symbolic.musicxml	pitch	"{""target_index"": ""9th"", ""voice"": ""tenor""}"	What is the pitch name of the 9th tenor note in the provided excerpt?	Crueger_AufAufMeinHerzMitFreuden	chorale-bricks	Crueger_AufAufMeinHerzMitFreuden	data/chorale-bricks/Crueger_AufAufMeinHerzMitFreuden	E	"[""A"", ""B"", ""B flat"", ""C"", ""C sharp"", ""D"", ""F"", ""F sharp"", ""G"", ""G sharp""]"	"[""C"", ""G"", ""F"", ""A"", ""B"", ""B flat"", ""F sharp"", ""G sharp"", ""D"", ""C sharp""]"	symbolic	symbolic.abc.txt	data/chorale-bricks/Crueger_AufAufMeinHerzMitFreuden/symbolic.abc.txt	E	"[""E"", ""none of the other options is correct"", ""C"", ""G"", ""F""]"	0.2	0	"[""A"", ""B"", ""C"", ""D"", ""E""]"	"{""A"": ""F"", ""B"": ""E"", ""C"": ""none of the other options is correct"", ""D"": ""C"", ""E"": ""G""}"	"[""(A) F"", ""(B) E"", ""(C) none of the other options is correct"", ""(D) C"", ""(E) G""]"	(B) E	B
0cb84851-2c1e-574f-9e7e-7b8622d0f099	1	perception	pitch	absolute	pitch-absolute	pitch-recognition		pitch recognition	What is the pitch name of the {target_index} {voice} note in the provided excerpt?	"[""target_index"", ""voice""]"	get_nth_note	symbolic.musicxml	pitch	"{""target_index"": ""9th"", ""voice"": ""tenor""}"	What is the pitch name of the 9th tenor note in the provided excerpt?	Crueger_AufAufMeinHerzMitFreuden	chorale-bricks	Crueger_AufAufMeinHerzMitFreuden	data/chorale-bricks/Crueger_AufAufMeinHerzMitFreuden	E	"[""A"", ""B"", ""B flat"", ""C"", ""C sharp"", ""D"", ""F"", ""F sharp"", ""G"", ""G sharp""]"	"[""C"", ""G"", ""F"", ""A"", ""B"", ""B flat"", ""F sharp"", ""G sharp"", ""D"", ""C sharp""]"	visual	visual.short.png	data/chorale-bricks/Crueger_AufAufMeinHerzMitFreuden/visual.short.png	none of the other options is correct	"[""none of the other options is correct"", ""C"", ""G"", ""F"", ""A""]"	0.2	1	"[""A"", ""B"", ""C"", ""D"", ""E""]"	"{""A"": ""F"", ""B"": ""G"", ""C"": ""A"", ""D"": ""none of the other options is correct"", ""E"": ""C""}"	"[""(A) F"", ""(B) G"", ""(C) A"", ""(D) none of the other options is correct"", ""(E) C""]"	(D) none of the other options is correct	D
df9c322b-883c-5d5e-885b-e243d4654311	1	perception	pitch	absolute	pitch-absolute	pitch-recognition		pitch recognition	What is the pitch name of the {target_index} {voice} note in the provided excerpt?	"[""target_index"", ""voice""]"	get_nth_note	symbolic.musicxml	pitch	"{""target_index"": ""59th"", ""voice"": ""tenor""}"	What is the pitch name of the 59th tenor note in the provided excerpt?	Anonymous_AusMeinesHerzensGrunde	chorale-bricks	Anonymous_AusMeinesHerzensGrunde	data/chorale-bricks/Anonymous_AusMeinesHerzensGrunde	D	"[""A"", ""B"", ""C"", ""D sharp"", ""E"", ""F sharp"", ""G""]"	"[""A"", ""D sharp"", ""C"", ""G"", ""B"", ""E"", ""F sharp""]"	audio	audio.mastermix.wav	data/chorale-bricks/Anonymous_AusMeinesHerzensGrunde/audio.mastermix.wav	D	"[""D"", ""none of the other options is correct"", ""A"", ""D sharp"", ""C""]"	0.2	0	"[""A"", ""B"", ""C"", ""D"", ""E""]"	"{""A"": ""C"", ""B"": ""A"", ""C"": ""none of the other options is correct"", ""D"": ""D sharp"", ""E"": ""D""}"	"[""(A) C"", ""(B) A"", ""(C) none of the other options is correct"", ""(D) D sharp"", ""(E) D""]"	(E) D	E
f3427d47-1dcd-5858-84aa-bdde5f3081b6	1	perception	pitch	absolute	pitch-absolute	pitch-recognition		pitch recognition	What is the pitch name of the {target_index} {voice} note in the provided excerpt?	"[""target_index"", ""voice""]"	get_nth_note	symbolic.musicxml	pitch	"{""target_index"": ""59th"", ""voice"": ""tenor""}"	What is the pitch name of the 59th tenor note in the provided excerpt?	Anonymous_AusMeinesHerzensGrunde	chorale-bricks	Anonymous_AusMeinesHerzensGrunde	data/chorale-bricks/Anonymous_AusMeinesHerzensGrunde	D	"[""A"", ""B"", ""C"", ""D sharp"", ""E"", ""F sharp"", ""G""]"	"[""A"", ""D sharp"", ""C"", ""G"", ""B"", ""E"", ""F sharp""]"	symbolic	symbolic.abc.txt	data/chorale-bricks/Anonymous_AusMeinesHerzensGrunde/symbolic.abc.txt	D	"[""D"", ""none of the other options is correct"", ""A"", ""D sharp"", ""C""]"	0.2	0	"[""A"", ""B"", ""C"", ""D"", ""E""]"	"{""A"": ""D"", ""B"": ""D sharp"", ""C"": ""none of the other options is correct"", ""D"": ""C"", ""E"": ""A""}"	"[""(A) D"", ""(B) D sharp"", ""(C) none of the other options is correct"", ""(D) C"", ""(E) A""]"	(A) D	A
9ddc31d3-d26f-5b49-8721-96bb7bf4ae04	1	perception	pitch	absolute	pitch-absolute	pitch-recognition		pitch recognition	What is the pitch name of the {target_index} {voice} note in the provided excerpt?	"[""target_index"", ""voice""]"	get_nth_note	symbolic.musicxml	pitch	"{""target_index"": ""59th"", ""voice"": ""tenor""}"	What is the pitch name of the 59th tenor note in the provided excerpt?	Anonymous_AusMeinesHerzensGrunde	chorale-bricks	Anonymous_AusMeinesHerzensGrunde	data/chorale-bricks/Anonymous_AusMeinesHerzensGrunde	D	"[""A"", ""B"", ""C"", ""D sharp"", ""E"", ""F sharp"", ""G""]"	"[""A"", ""D sharp"", ""C"", ""G"", ""B"", ""E"", ""F sharp""]"	visual	visual.short.png	data/chorale-bricks/Anonymous_AusMeinesHerzensGrunde/visual.short.png	D	"[""D"", ""none of the other options is correct"", ""A"", ""D sharp"", ""C""]"	0.2	0	"[""A"", ""B"", ""C"", ""D"", ""E""]"	"{""A"": ""C"", ""B"": ""A"", ""C"": ""D sharp"", ""D"": ""D"", ""E"": ""none of the other options is correct""}"	"[""(A) C"", ""(B) A"", ""(C) D sharp"", ""(D) D"", ""(E) none of the other options is correct""]"	(D) D	D
a729553d-0afd-588c-a1ea-2fa1be9b896b	1	perception	pitch	absolute	pitch-absolute	pitch-recognition		pitch recognition	What is the pitch name of the {target_index} {voice} note in the provided excerpt?	"[""target_index"", ""voice""]"	get_nth_note	symbolic.musicxml	pitch	"{""target_index"": ""32nd"", ""voice"": ""alto""}"	What is the pitch name of the 32nd alto note in the provided excerpt?	Anonymous_AusMeinesHerzensGrunde	chorale-bricks	Anonymous_AusMeinesHerzensGrunde	data/chorale-bricks/Anonymous_AusMeinesHerzensGrunde	G	"[""A"", ""B"", ""C"", ""D"", ""D sharp"", ""E"", ""F sharp""]"	"[""A"", ""B"", ""C"", ""D"", ""F sharp"", ""D sharp"", ""E""]"	audio	audio.mastermix.wav	data/chorale-bricks/Anonymous_AusMeinesHerzensGrunde/audio.mastermix.wav	none of the other options is correct	"[""none of the other options is correct"", ""A"", ""B"", ""C"", ""D""]"	0.2	1	"[""A"", ""B"", ""C"", ""D"", ""E""]"	"{""A"": ""B"", ""B"": ""C"", ""C"": ""none of the other options is correct"", ""D"": ""D"", ""E"": ""A""}"	"[""(A) B"", ""(B) C"", ""(C) none of the other options is correct"", ""(D) D"", ""(E) A""]"	(C) none of the other options is correct	C
81e413a1-4c66-5df2-9619-75fa65dce5b8	1	perception	pitch	absolute	pitch-absolute	pitch-recognition		pitch recognition	What is the pitch name of the {target_index} {voice} note in the provided excerpt?	"[""target_index"", ""voice""]"	get_nth_note	symbolic.musicxml	pitch	"{""target_index"": ""32nd"", ""voice"": ""alto""}"	What is the pitch name of the 32nd alto note in the provided excerpt?	Anonymous_AusMeinesHerzensGrunde	chorale-bricks	Anonymous_AusMeinesHerzensGrunde	data/chorale-bricks/Anonymous_AusMeinesHerzensGrunde	G	"[""A"", ""B"", ""C"", ""D"", ""D sharp"", ""E"", ""F sharp""]"	"[""A"", ""B"", ""C"", ""D"", ""F sharp"", ""D sharp"", ""E""]"	symbolic	symbolic.abc.txt	data/chorale-bricks/Anonymous_AusMeinesHerzensGrunde/symbolic.abc.txt	G	"[""G"", ""none of the other options is correct"", ""A"", ""B"", ""C""]"	0.2	0	"[""A"", ""B"", ""C"", ""D"", ""E""]"	"{""A"": ""G"", ""B"": ""B"", ""C"": ""C"", ""D"": ""none of the other options is correct"", ""E"": ""A""}"	"[""(A) G"", ""(B) B"", ""(C) C"", ""(D) none of the other options is correct"", ""(E) A""]"	(A) G	A
6706284b-5d05-5646-bba4-ee8312447a13	1	perception	pitch	absolute	pitch-absolute	pitch-recognition		pitch recognition	What is the pitch name of the {target_index} {voice} note in the provided excerpt?	"[""target_index"", ""voice""]"	get_nth_note	symbolic.musicxml	pitch	"{""target_index"": ""32nd"", ""voice"": ""alto""}"	What is the pitch name of the 32nd alto note in the provided excerpt?	Anonymous_AusMeinesHerzensGrunde	chorale-bricks	Anonymous_AusMeinesHerzensGrunde	data/chorale-bricks/Anonymous_AusMeinesHerzensGrunde	G	"[""A"", ""B"", ""C"", ""D"", ""D sharp"", ""E"", ""F sharp""]"	"[""A"", ""B"", ""C"", ""D"", ""F sharp"", ""D sharp"", ""E""]"	visual	visual.short.png	data/chorale-bricks/Anonymous_AusMeinesHerzensGrunde/visual.short.png	none of the other options is correct	"[""none of the other options is correct"", ""A"", ""B"", ""C"", ""D""]"	0.2	1	"[""A"", ""B"", ""C"", ""D"", ""E""]"	"{""A"": ""C"", ""B"": ""D"", ""C"": ""B"", ""D"": ""A"", ""E"": ""none of the other options is correct""}"	"[""(A) C"", ""(B) D"", ""(C) B"", ""(D) A"", ""(E) none of the other options is correct""]"	(E) none of the other options is correct	E
02434eb5-9e5d-55ea-a1d8-2c33f9aaee96	1	perception	pitch	absolute	pitch-absolute	pitch-recognition		pitch recognition	What is the pitch name of the {target_index} {voice} note in the provided excerpt?	"[""target_index"", ""voice""]"	get_nth_note	symbolic.musicxml	pitch	"{""target_index"": ""19th"", ""voice"": ""soprano""}"	What is the pitch name of the 19th soprano note in the provided excerpt?	Vulpius_DieHelleSonnLeuchtJetztHerfuer	chorale-bricks	Vulpius_DieHelleSonnLeuchtJetztHerfuer	data/chorale-bricks/Vulpius_DieHelleSonnLeuchtJetztHerfuer	C sharp	"[""A"", ""A sharp"", ""B"", ""D"", ""E"", ""F sharp"", ""G"", ""G sharp""]"	"[""E"", ""G sharp"", ""F sharp"", ""A sharp"", ""D"", ""B"", ""A"", ""G""]"	audio	audio.mastermix.wav	data/chorale-bricks/Vulpius_DieHelleSonnLeuchtJetztHerfuer/audio.mastermix.wav	C sharp	"[""C sharp"", ""none of the other options is correct"", ""E"", ""G sharp"", ""F sharp""]"	0.2	0	"[""A"", ""B"", ""C"", ""D"", ""E""]"	"{""A"": ""E"", ""B"": ""none of the other options is correct"", ""C"": ""G sharp"", ""D"": ""C sharp"", ""E"": ""F sharp""}"	"[""(A) E"", ""(B) none of the other options is correct"", ""(C) G sharp"", ""(D) C sharp"", ""(E) F sharp""]"	(D) C sharp	D
2384ec0e-4c8c-5066-ba54-2e4a1c41ceb2	1	perception	pitch	absolute	pitch-absolute	pitch-recognition		pitch recognition	What is the pitch name of the {target_index} {voice} note in the provided excerpt?	"[""target_index"", ""voice""]"	get_nth_note	symbolic.musicxml	pitch	"{""target_index"": ""19th"", ""voice"": ""soprano""}"	What is the pitch name of the 19th soprano note in the provided excerpt?	Vulpius_DieHelleSonnLeuchtJetztHerfuer	chorale-bricks	Vulpius_DieHelleSonnLeuchtJetztHerfuer	data/chorale-bricks/Vulpius_DieHelleSonnLeuchtJetztHerfuer	C sharp	"[""A"", ""A sharp"", ""B"", ""D"", ""E"", ""F sharp"", ""G"", ""G sharp""]"	"[""E"", ""G sharp"", ""F sharp"", ""A sharp"", ""D"", ""B"", ""A"", ""G""]"	symbolic	symbolic.abc.txt	data/chorale-bricks/Vulpius_DieHelleSonnLeuchtJetztHerfuer/symbolic.abc.txt	none of the other options is correct	"[""none of the other options is correct"", ""E"", ""G sharp"", ""F sharp"", ""A sharp""]"	0.2	1	"[""A"", ""B"", ""C"", ""D"", ""E""]"	"{""A"": ""none of the other options is correct"", ""B"": ""E"", ""C"": ""F sharp"", ""D"": ""A sharp"", ""E"": ""G sharp""}"	"[""(A) none of the other options is correct"", ""(B) E"", ""(C) F sharp"", ""(D) A sharp"", ""(E) G sharp""]"	(A) none of the other options is correct	A
41aa67ff-fd9f-527f-bead-e6f28b02e3cb	1	perception	pitch	absolute	pitch-absolute	pitch-recognition		pitch recognition	What is the pitch name of the {target_index} {voice} note in the provided excerpt?	"[""target_index"", ""voice""]"	get_nth_note	symbolic.musicxml	pitch	"{""target_index"": ""19th"", ""voice"": ""soprano""}"	What is the pitch name of the 19th soprano note in the provided excerpt?	Vulpius_DieHelleSonnLeuchtJetztHerfuer	chorale-bricks	Vulpius_DieHelleSonnLeuchtJetztHerfuer	data/chorale-bricks/Vulpius_DieHelleSonnLeuchtJetztHerfuer	C sharp	"[""A"", ""A sharp"", ""B"", ""D"", ""E"", ""F sharp"", ""G"", ""G sharp""]"	"[""E"", ""G sharp"", ""F sharp"", ""A sharp"", ""D"", ""B"", ""A"", ""G""]"	visual	visual.short.png	data/chorale-bricks/Vulpius_DieHelleSonnLeuchtJetztHerfuer/visual.short.png	C sharp	"[""C sharp"", ""none of the other options is correct"", ""E"", ""G sharp"", ""F sharp""]"	0.2	0	"[""A"", ""B"", ""C"", ""D"", ""E""]"	"{""A"": ""none of the other options is correct"", ""B"": ""G sharp"", ""C"": ""C sharp"", ""D"": ""E"", ""E"": ""F sharp""}"	"[""(A) none of the other options is correct"", ""(B) G sharp"", ""(C) C sharp"", ""(D) E"", ""(E) F sharp""]"	(C) C sharp	C
501873a0-dad8-5917-ac56-71a84ba32545	1	perception	pitch	absolute	pitch-absolute	pitch-recognition		pitch recognition	What is the pitch name of the {target_index} {voice} note in the provided excerpt?	"[""target_index"", ""voice""]"	get_nth_note	symbolic.musicxml	pitch	"{""target_index"": ""22nd"", ""voice"": ""bass""}"	What is the pitch name of the 22nd bass note in the provided excerpt?	Crueger_AufAufMeinHerzMitFreuden	chorale-bricks	Crueger_AufAufMeinHerzMitFreuden	data/chorale-bricks/Crueger_AufAufMeinHerzMitFreuden	A	"[""B"", ""B flat"", ""C"", ""C sharp"", ""D"", ""E"", ""F"", ""F sharp"", ""G"", ""G sharp""]"	"[""F"", ""F sharp"", ""C sharp"", ""B flat"", ""C"", ""G"", ""B"", ""G sharp"", ""E"", ""D""]"	audio	audio.mastermix.wav	data/chorale-bricks/Crueger_AufAufMeinHerzMitFreuden/audio.mastermix.wav	A	"[""A"", ""none of the other options is correct"", ""F"", ""F sharp"", ""C sharp""]"	0.2	0	"[""A"", ""B"", ""C"", ""D"", ""E""]"	"{""A"": ""F"", ""B"": ""none of the other options is correct"", ""C"": ""F sharp"", ""D"": ""C sharp"", ""E"": ""A""}"	"[""(A) F"", ""(B) none of the other options is correct"", ""(C) F sharp"", ""(D) C sharp"", ""(E) A""]"	(E) A	E
b94a8b50-c133-5a8d-b2d9-4e4789b34d3b	1	perception	pitch	absolute	pitch-absolute	pitch-recognition		pitch recognition	What is the pitch name of the {target_index} {voice} note in the provided excerpt?	"[""target_index"", ""voice""]"	get_nth_note	symbolic.musicxml	pitch	"{""target_index"": ""22nd"", ""voice"": ""bass""}"	What is the pitch name of the 22nd bass note in the provided excerpt?	Crueger_AufAufMeinHerzMitFreuden	chorale-bricks	Crueger_AufAufMeinHerzMitFreuden	data/chorale-bricks/Crueger_AufAufMeinHerzMitFreuden	A	"[""B"", ""B flat"", ""C"", ""C sharp"", ""D"", ""E"", ""F"", ""F sharp"", ""G"", ""G sharp""]"	"[""F"", ""F sharp"", ""C sharp"", ""B flat"", ""C"", ""G"", ""B"", ""G sharp"", ""E"", ""D""]"	symbolic	symbolic.abc.txt	data/chorale-bricks/Crueger_AufAufMeinHerzMitFreuden/symbolic.abc.txt	none of the other options is correct	"[""none of the other options is correct"", ""F"", ""F sharp"", ""C sharp"", ""B flat""]"	0.2	1	"[""A"", ""B"", ""C"", ""D"", ""E""]"	"{""A"": ""B flat"", ""B"": ""F sharp"", ""C"": ""C sharp"", ""D"": ""F"", ""E"": ""none of the other options is correct""}"	"[""(A) B flat"", ""(B) F sharp"", ""(C) C sharp"", ""(D) F"", ""(E) none of the other options is correct""]"	(E) none of the other options is correct	E
0b328c2d-512a-5b11-ba1f-100a095e481b	1	perception	pitch	absolute	pitch-absolute	pitch-recognition		pitch recognition	What is the pitch name of the {target_index} {voice} note in the provided excerpt?	"[""target_index"", ""voice""]"	get_nth_note	symbolic.musicxml	pitch	"{""target_index"": ""22nd"", ""voice"": ""bass""}"	What is the pitch name of the 22nd bass note in the provided excerpt?	Crueger_AufAufMeinHerzMitFreuden	chorale-bricks	Crueger_AufAufMeinHerzMitFreuden	data/chorale-bricks/Crueger_AufAufMeinHerzMitFreuden	A	"[""B"", ""B flat"", ""C"", ""C sharp"", ""D"", ""E"", ""F"", ""F sharp"", ""G"", ""G sharp""]"	"[""F"", ""F sharp"", ""C sharp"", ""B flat"", ""C"", ""G"", ""B"", ""G sharp"", ""E"", ""D""]"	visual	visual.short.png	data/chorale-bricks/Crueger_AufAufMeinHerzMitFreuden/visual.short.png	A	"[""A"", ""none of the other options is correct"", ""F"", ""F sharp"", ""C sharp""]"	0.2	0	"[""A"", ""B"", ""C"", ""D"", ""E""]"	"{""A"": ""none of the other options is correct"", ""B"": ""F sharp"", ""C"": ""C sharp"", ""D"": ""F"", ""E"": ""A""}"	"[""(A) none of the other options is correct"", ""(B) F sharp"", ""(C) C sharp"", ""(D) F"", ""(E) A""]"	(E) A	E
ba4549cd-2613-5187-a12a-a192b6e371e6	1	perception	pitch	absolute	pitch-absolute	pitch-recognition		pitch recognition	What is the pitch name of the {target_index} {voice} note in the provided excerpt?	"[""target_index"", ""voice""]"	get_nth_note	symbolic.musicxml	pitch	"{""target_index"": ""29th"", ""voice"": ""soprano""}"	What is the pitch name of the 29th soprano note in the provided excerpt?	Vulpius_DieHelleSonnLeuchtJetztHerfuer	chorale-bricks	Vulpius_DieHelleSonnLeuchtJetztHerfuer	data/chorale-bricks/Vulpius_DieHelleSonnLeuchtJetztHerfuer	E	"[""A"", ""A sharp"", ""B"", ""C sharp"", ""D"", ""F sharp"", ""G"", ""G sharp""]"	"[""G"", ""F sharp"", ""C sharp"", ""D"", ""A sharp"", ""A"", ""B"", ""G sharp""]"	audio	audio.mastermix.wav	data/chorale-bricks/Vulpius_DieHelleSonnLeuchtJetztHerfuer/audio.mastermix.wav	none of the other options is correct	"[""none of the other options is correct"", ""G"", ""F sharp"", ""C sharp"", ""D""]"	0.2	1	"[""A"", ""B"", ""C"", ""D"", ""E""]"	"{""A"": ""none of the other options is correct"", ""B"": ""G"", ""C"": ""C sharp"", ""D"": ""F sharp"", ""E"": ""D""}"	"[""(A) none of the other options is correct"", ""(B) G"", ""(C) C sharp"", ""(D) F sharp"", ""(E) D""]"	(A) none of the other options is correct	A
2c32600c-166b-5254-b84a-611c007fe21d	1	perception	pitch	absolute	pitch-absolute	pitch-recognition		pitch recognition	What is the pitch name of the {target_index} {voice} note in the provided excerpt?	"[""target_index"", ""voice""]"	get_nth_note	symbolic.musicxml	pitch	"{""target_index"": ""29th"", ""voice"": ""soprano""}"	What is the pitch name of the 29th soprano note in the provided excerpt?	Vulpius_DieHelleSonnLeuchtJetztHerfuer	chorale-bricks	Vulpius_DieHelleSonnLeuchtJetztHerfuer	data/chorale-bricks/Vulpius_DieHelleSonnLeuchtJetztHerfuer	E	"[""A"", ""A sharp"", ""B"", ""C sharp"", ""D"", ""F sharp"", ""G"", ""G sharp""]"	"[""G"", ""F sharp"", ""C sharp"", ""D"", ""A sharp"", ""A"", ""B"", ""G sharp""]"	symbolic	symbolic.abc.txt	data/chorale-bricks/Vulpius_DieHelleSonnLeuchtJetztHerfuer/symbolic.abc.txt	none of the other options is correct	"[""none of the other options is correct"", ""G"", ""F sharp"", ""C sharp"", ""D""]"	0.2	1	"[""A"", ""B"", ""C"", ""D"", ""E""]"	"{""A"": ""C sharp"", ""B"": ""none of the other options is correct"", ""C"": ""D"", ""D"": ""G"", ""E"": ""F sharp""}"	"[""(A) C sharp"", ""(B) none of the other options is correct"", ""(C) D"", ""(D) G"", ""(E) F sharp""]"	(B) none of the other options is correct	B
375d9f75-969a-5109-bc1f-bfab940477d7	1	perception	pitch	absolute	pitch-absolute	pitch-recognition		pitch recognition	What is the pitch name of the {target_index} {voice} note in the provided excerpt?	"[""target_index"", ""voice""]"	get_nth_note	symbolic.musicxml	pitch	"{""target_index"": ""29th"", ""voice"": ""soprano""}"	What is the pitch name of the 29th soprano note in the provided excerpt?	Vulpius_DieHelleSonnLeuchtJetztHerfuer	chorale-bricks	Vulpius_DieHelleSonnLeuchtJetztHerfuer	data/chorale-bricks/Vulpius_DieHelleSonnLeuchtJetztHerfuer	E	"[""A"", ""A sharp"", ""B"", ""C sharp"", ""D"", ""F sharp"", ""G"", ""G sharp""]"	"[""G"", ""F sharp"", ""C sharp"", ""D"", ""A sharp"", ""A"", ""B"", ""G sharp""]"	visual	visual.short.png	data/chorale-bricks/Vulpius_DieHelleSonnLeuchtJetztHerfuer/visual.short.png	E	"[""E"", ""none of the other options is correct"", ""G"", ""F sharp"", ""C sharp""]"	0.2	0	"[""A"", ""B"", ""C"", ""D"", ""E""]"	"{""A"": ""C sharp"", ""B"": ""none of the other options is correct"", ""C"": ""F sharp"", ""D"": ""E"", ""E"": ""G""}"	"[""(A) C sharp"", ""(B) none of the other options is correct"", ""(C) F sharp"", ""(D) E"", ""(E) G""]"	(D) E	D
769e02e6-715e-5eb7-8909-55a5028f2afb	1	perception	pitch	absolute	pitch-absolute	pitch-recognition		pitch recognition	What is the pitch name of the {target_index} {voice} note in the provided excerpt?	"[""target_index"", ""voice""]"	get_nth_note	symbolic.musicxml	pitch	"{""target_index"": ""32nd"", ""voice"": ""bass""}"	What is the pitch name of the 32nd bass note in the provided excerpt?	Gesius_BefiehlDuDeineWege	chorale-bricks	Gesius_BefiehlDuDeineWege	data/chorale-bricks/Gesius_BefiehlDuDeineWege	C	"[""A"", ""B"", ""C sharp"", ""D"", ""E"", ""F"", ""G"", ""G sharp""]"	"[""C sharp"", ""A"", ""D"", ""B"", ""G"", ""E"", ""F"", ""G sharp""]"	audio	audio.mastermix.wav	data/chorale-bricks/Gesius_BefiehlDuDeineWege/audio.mastermix.wav	C	"[""C"", ""none of the other options is correct"", ""C sharp"", ""A"", ""D""]"	0.2	0	"[""A"", ""B"", ""C"", ""D"", ""E""]"	"{""A"": ""C"", ""B"": ""A"", ""C"": ""none of the other options is correct"", ""D"": ""D"", ""E"": ""C sharp""}"	"[""(A) C"", ""(B) A"", ""(C) none of the other options is correct"", ""(D) D"", ""(E) C sharp""]"	(A) C	A
a5a87b00-952c-50f8-8a60-5390f87fe386	1	perception	pitch	absolute	pitch-absolute	pitch-recognition		pitch recognition	What is the pitch name of the {target_index} {voice} note in the provided excerpt?	"[""target_index"", ""voice""]"	get_nth_note	symbolic.musicxml	pitch	"{""target_index"": ""32nd"", ""voice"": ""bass""}"	What is the pitch name of the 32nd bass note in the provided excerpt?	Gesius_BefiehlDuDeineWege	chorale-bricks	Gesius_BefiehlDuDeineWege	data/chorale-bricks/Gesius_BefiehlDuDeineWege	C	"[""A"", ""B"", ""C sharp"", ""D"", ""E"", ""F"", ""G"", ""G sharp""]"	"[""C sharp"", ""A"", ""D"", ""B"", ""G"", ""E"", ""F"", ""G sharp""]"	symbolic	symbolic.abc.txt	data/chorale-bricks/Gesius_BefiehlDuDeineWege/symbolic.abc.txt	none of the other options is correct	"[""none of the other options is correct"", ""C sharp"", ""A"", ""D"", ""B""]"	0.2	1	"[""A"", ""B"", ""C"", ""D"", ""E""]"	"{""A"": ""A"", ""B"": ""B"", ""C"": ""D"", ""D"": ""none of the other options is correct"", ""E"": ""C sharp""}"	"[""(A) A"", ""(B) B"", ""(C) D"", ""(D) none of the other options is correct"", ""(E) C sharp""]"	(D) none of the other options is correct	D
40b4208d-db3a-554d-94cf-fb4d515f1edd	1	perception	pitch	absolute	pitch-absolute	pitch-recognition		pitch recognition	What is the pitch name of the {target_index} {voice} note in the provided excerpt?	"[""target_index"", ""voice""]"	get_nth_note	symbolic.musicxml	pitch	"{""target_index"": ""32nd"", ""voice"": ""bass""}"	What is the pitch name of the 32nd bass note in the provided excerpt?	Gesius_BefiehlDuDeineWege	chorale-bricks	Gesius_BefiehlDuDeineWege	data/chorale-bricks/Gesius_BefiehlDuDeineWege	C	"[""A"", ""B"", ""C sharp"", ""D"", ""E"", ""F"", ""G"", ""G sharp""]"	"[""C sharp"", ""A"", ""D"", ""B"", ""G"", ""E"", ""F"", ""G sharp""]"	visual	visual.short.png	data/chorale-bricks/Gesius_BefiehlDuDeineWege/visual.short.png	C	"[""C"", ""none of the other options is correct"", ""C sharp"", ""A"", ""D""]"	0.2	0	"[""A"", ""B"", ""C"", ""D"", ""E""]"	"{""A"": ""C"", ""B"": ""D"", ""C"": ""C sharp"", ""D"": ""A"", ""E"": ""none of the other options is correct""}"	"[""(A) C"", ""(B) D"", ""(C) C sharp"", ""(D) A"", ""(E) none of the other options is correct""]"	(A) C	A
8423243b-07d9-5cb9-b144-fd4342722242	1	perception	pitch	absolute	pitch-absolute	pitch-recognition		pitch recognition	What is the pitch name of the {target_index} {voice} note in the provided excerpt?	"[""target_index"", ""voice""]"	get_nth_note	symbolic.musicxml	pitch	"{""target_index"": ""34th"", ""voice"": ""tenor""}"	What is the pitch name of the 34th tenor note in the provided excerpt?	Gesius_DuFriedensfuerstHerrJesuChrist	chorale-bricks	Gesius_DuFriedensfuerstHerrJesuChrist	data/chorale-bricks/Gesius_DuFriedensfuerstHerrJesuChrist	A	"[""B"", ""B flat"", ""C"", ""D"", ""E"", ""F"", ""G""]"	"[""B flat"", ""B"", ""C"", ""E"", ""D"", ""G"", ""F""]"	audio	audio.mastermix.wav	data/chorale-bricks/Gesius_DuFriedensfuerstHerrJesuChrist/audio.mastermix.wav	A	"[""A"", ""none of the other options is correct"", ""B flat"", ""B"", ""C""]"	0.2	0	"[""A"", ""B"", ""C"", ""D"", ""E""]"	"{""A"": ""B"", ""B"": ""B flat"", ""C"": ""C"", ""D"": ""A"", ""E"": ""none of the other options is correct""}"	"[""(A) B"", ""(B) B flat"", ""(C) C"", ""(D) A"", ""(E) none of the other options is correct""]"	(D) A	D
4273f35a-2c18-5562-890e-f9d2e5f1a12e	1	perception	pitch	absolute	pitch-absolute	pitch-recognition		pitch recognition	What is the pitch name of the {target_index} {voice} note in the provided excerpt?	"[""target_index"", ""voice""]"	get_nth_note	symbolic.musicxml	pitch	"{""target_index"": ""34th"", ""voice"": ""tenor""}"	What is the pitch name of the 34th tenor note in the provided excerpt?	Gesius_DuFriedensfuerstHerrJesuChrist	chorale-bricks	Gesius_DuFriedensfuerstHerrJesuChrist	data/chorale-bricks/Gesius_DuFriedensfuerstHerrJesuChrist	A	"[""B"", ""B flat"", ""C"", ""D"", ""E"", ""F"", ""G""]"	"[""B flat"", ""B"", ""C"", ""E"", ""D"", ""G"", ""F""]"	symbolic	symbolic.abc.txt	data/chorale-bricks/Gesius_DuFriedensfuerstHerrJesuChrist/symbolic.abc.txt	A	"[""A"", ""none of the other options is correct"", ""B flat"", ""B"", ""C""]"	0.2	0	"[""A"", ""B"", ""C"", ""D"", ""E""]"	"{""A"": ""B flat"", ""B"": ""C"", ""C"": ""A"", ""D"": ""B"", ""E"": ""none of the other options is correct""}"	"[""(A) B flat"", ""(B) C"", ""(C) A"", ""(D) B"", ""(E) none of the other options is correct""]"	(C) A	C
9cf79353-bf3e-5451-b49f-5fc9ae694838	1	perception	pitch	absolute	pitch-absolute	pitch-recognition		pitch recognition	What is the pitch name of the {target_index} {voice} note in the provided excerpt?	"[""target_index"", ""voice""]"	get_nth_note	symbolic.musicxml	pitch	"{""target_index"": ""34th"", ""voice"": ""tenor""}"	What is the pitch name of the 34th tenor note in the provided excerpt?	Gesius_DuFriedensfuerstHerrJesuChrist	chorale-bricks	Gesius_DuFriedensfuerstHerrJesuChrist	data/chorale-bricks/Gesius_DuFriedensfuerstHerrJesuChrist	A	"[""B"", ""B flat"", ""C"", ""D"", ""E"", ""F"", ""G""]"	"[""B flat"", ""B"", ""C"", ""E"", ""D"", ""G"", ""F""]"	visual	visual.short.png	data/chorale-bricks/Gesius_DuFriedensfuerstHerrJesuChrist/visual.short.png	none of the other options is correct	"[""none of the other options is correct"", ""B flat"", ""B"", ""C"", ""E""]"	0.2	1	"[""A"", ""B"", ""C"", ""D"", ""E""]"	"{""A"": ""C"", ""B"": ""E"", ""C"": ""none of the other options is correct"", ""D"": ""B"", ""E"": ""B flat""}"	"[""(A) C"", ""(B) E"", ""(C) none of the other options is correct"", ""(D) B"", ""(E) B flat""]"	(C) none of the other options is correct	C
503cf09a-df4c-5368-aded-f627fdfa55e9	1	perception	pitch	absolute	pitch-absolute	pitch-recognition		pitch recognition	What is the pitch name of the {target_index} {voice} note in the provided excerpt?	"[""target_index"", ""voice""]"	get_nth_note	symbolic.musicxml	pitch	"{""target_index"": ""38th"", ""voice"": ""soprano""}"	What is the pitch name of the 38th soprano note in the provided excerpt?	Gesius_BefiehlDuDeineWege	chorale-bricks	Gesius_BefiehlDuDeineWege	data/chorale-bricks/Gesius_BefiehlDuDeineWege	E	"[""A"", ""B"", ""C"", ""C sharp"", ""D"", ""F"", ""G"", ""G sharp""]"	"[""D"", ""B"", ""F"", ""G sharp"", ""G"", ""A"", ""C sharp"", ""C""]"	audio	audio.mastermix.wav	data/chorale-bricks/Gesius_BefiehlDuDeineWege/audio.mastermix.wav	E	"[""E"", ""none of the other options is correct"", ""D"", ""B"", ""F""]"	0.2	0	"[""A"", ""B"", ""C"", ""D"", ""E""]"	"{""A"": ""F"", ""B"": ""D"", ""C"": ""E"", ""D"": ""none of the other options is correct"", ""E"": ""B""}"	"[""(A) F"", ""(B) D"", ""(C) E"", ""(D) none of the other options is correct"", ""(E) B""]"	(C) E	C
ccac3c36-d623-5165-ba88-e56931c2bd95	1	perception	pitch	absolute	pitch-absolute	pitch-recognition		pitch recognition	What is the pitch name of the {target_index} {voice} note in the provided excerpt?	"[""target_index"", ""voice""]"	get_nth_note	symbolic.musicxml	pitch	"{""target_index"": ""38th"", ""voice"": ""soprano""}"	What is the pitch name of the 38th soprano note in the provided excerpt?	Gesius_BefiehlDuDeineWege	chorale-bricks	Gesius_BefiehlDuDeineWege	data/chorale-bricks/Gesius_BefiehlDuDeineWege	E	"[""A"", ""B"", ""C"", ""C sharp"", ""D"", ""F"", ""G"", ""G sharp""]"	"[""D"", ""B"", ""F"", ""G sharp"", ""G"", ""A"", ""C sharp"", ""C""]"	symbolic	symbolic.abc.txt	data/chorale-bricks/Gesius_BefiehlDuDeineWege/symbolic.abc.txt	E	"[""E"", ""none of the other options is correct"", ""D"", ""B"", ""F""]"	0.2	0	"[""A"", ""B"", ""C"", ""D"", ""E""]"	"{""A"": ""D"", ""B"": ""E"", ""C"": ""F"", ""D"": ""B"", ""E"": ""none of the other options is correct""}"	"[""(A) D"", ""(B) E"", ""(C) F"", ""(D) B"", ""(E) none of the other options is correct""]"	(B) E	B
2ee4d274-fb6a-5f5d-ad9e-43b715f8e689	1	perception	pitch	absolute	pitch-absolute	pitch-recognition		pitch recognition	What is the pitch name of the {target_index} {voice} note in the provided excerpt?	"[""target_index"", ""voice""]"	get_nth_note	symbolic.musicxml	pitch	"{""target_index"": ""38th"", ""voice"": ""soprano""}"	What is the pitch name of the 38th soprano note in the provided excerpt?	Gesius_BefiehlDuDeineWege	chorale-bricks	Gesius_BefiehlDuDeineWege	data/chorale-bricks/Gesius_BefiehlDuDeineWege	E	"[""A"", ""B"", ""C"", ""C sharp"", ""D"", ""F"", ""G"", ""G sharp""]"	"[""D"", ""B"", ""F"", ""G sharp"", ""G"", ""A"", ""C sharp"", ""C""]"	visual	visual.short.png	data/chorale-bricks/Gesius_BefiehlDuDeineWege/visual.short.png	E	"[""E"", ""none of the other options is correct"", ""D"", ""B"", ""F""]"	0.2	0	"[""A"", ""B"", ""C"", ""D"", ""E""]"	"{""A"": ""F"", ""B"": ""E"", ""C"": ""D"", ""D"": ""B"", ""E"": ""none of the other options is correct""}"	"[""(A) F"", ""(B) E"", ""(C) D"", ""(D) B"", ""(E) none of the other options is correct""]"	(B) E	B
a133c6cd-a49d-5795-9a1a-33078fb1dd2c	1	perception	pitch	absolute	pitch-absolute	pitch-recognition		pitch recognition	What is the pitch name of the {target_index} {voice} note in the provided excerpt?	"[""target_index"", ""voice""]"	get_nth_note	symbolic.musicxml	pitch	"{""target_index"": ""51st"", ""voice"": ""alto""}"	What is the pitch name of the 51st alto note in the provided excerpt?	Jan_DuGrosserSchmerzensmann	chorale-bricks	Jan_DuGrosserSchmerzensmann	data/chorale-bricks/Jan_DuGrosserSchmerzensmann	B	"[""A"", ""C"", ""C sharp"", ""D"", ""D sharp"", ""E"", ""F sharp"", ""G""]"	"[""E"", ""C"", ""D sharp"", ""G"", ""C sharp"", ""F sharp"", ""A"", ""D""]"	audio	audio.mastermix.wav	data/chorale-bricks/Jan_DuGrosserSchmerzensmann/audio.mastermix.wav	B	"[""B"", ""none of the other options is correct"", ""E"", ""C"", ""D sharp""]"	0.2	0	"[""A"", ""B"", ""C"", ""D"", ""E""]"	"{""A"": ""D sharp"", ""B"": ""E"", ""C"": ""B"", ""D"": ""C"", ""E"": ""none of the other options is correct""}"	"[""(A) D sharp"", ""(B) E"", ""(C) B"", ""(D) C"", ""(E) none of the other options is correct""]"	(C) B	C
a644a9b1-c06a-5403-a810-59b8aa889a69	1	perception	pitch	absolute	pitch-absolute	pitch-recognition		pitch recognition	What is the pitch name of the {target_index} {voice} note in the provided excerpt?	"[""target_index"", ""voice""]"	get_nth_note	symbolic.musicxml	pitch	"{""target_index"": ""51st"", ""voice"": ""alto""}"	What is the pitch name of the 51st alto note in the provided excerpt?	Jan_DuGrosserSchmerzensmann	chorale-bricks	Jan_DuGrosserSchmerzensmann	data/chorale-bricks/Jan_DuGrosserSchmerzensmann	B	"[""A"", ""C"", ""C sharp"", ""D"", ""D sharp"", ""E"", ""F sharp"", ""G""]"	"[""E"", ""C"", ""D sharp"", ""G"", ""C sharp"", ""F sharp"", ""A"", ""D""]"	symbolic	symbolic.abc.txt	data/chorale-bricks/Jan_DuGrosserSchmerzensmann/symbolic.abc.txt	B	"[""B"", ""none of the other options is correct"", ""E"", ""C"", ""D sharp""]"	0.2	0	"[""A"", ""B"", ""C"", ""D"", ""E""]"	"{""A"": ""C"", ""B"": ""D sharp"", ""C"": ""B"", ""D"": ""E"", ""E"": ""none of the other options is correct""}"	"[""(A) C"", ""(B) D sharp"", ""(C) B"", ""(D) E"", ""(E) none of the other options is correct""]"	(C) B	C
80d20492-bf5e-5c49-9ff9-706c8d9b3b4b	1	perception	pitch	absolute	pitch-absolute	pitch-recognition		pitch recognition	What is the pitch name of the {target_index} {voice} note in the provided excerpt?	"[""target_index"", ""voice""]"	get_nth_note	symbolic.musicxml	pitch	"{""target_index"": ""51st"", ""voice"": ""alto""}"	What is the pitch name of the 51st alto note in the provided excerpt?	Jan_DuGrosserSchmerzensmann	chorale-bricks	Jan_DuGrosserSchmerzensmann	data/chorale-bricks/Jan_DuGrosserSchmerzensmann	B	"[""A"", ""C"", ""C sharp"", ""D"", ""D sharp"", ""E"", ""F sharp"", ""G""]"	"[""E"", ""C"", ""D sharp"", ""G"", ""C sharp"", ""F sharp"", ""A"", ""D""]"	visual	visual.short.png	data/chorale-bricks/Jan_DuGrosserSchmerzensmann/visual.short.png	B	"[""B"", ""none of the other options is correct"", ""E"", ""C"", ""D sharp""]"	0.2	0	"[""A"", ""B"", ""C"", ""D"", ""E""]"	"{""A"": ""C"", ""B"": ""E"", ""C"": ""D sharp"", ""D"": ""B"", ""E"": ""none of the other options is correct""}"	"[""(A) C"", ""(B) E"", ""(C) D sharp"", ""(D) B"", ""(E) none of the other options is correct""]"	(D) B	D
7d64e6f9-3b80-5b5e-8d5f-01791e90be24	1	perception	pitch	absolute	pitch-absolute	pitch-recognition		pitch recognition	What is the pitch name of the {target_index} {voice} note in the provided excerpt?	"[""target_index"", ""voice""]"	get_nth_note	symbolic.musicxml	pitch	"{""target_index"": ""37th"", ""voice"": ""bass""}"	What is the pitch name of the 37th bass note in the provided excerpt?	Gesius_BefiehlDuDeineWege	chorale-bricks	Gesius_BefiehlDuDeineWege	data/chorale-bricks/Gesius_BefiehlDuDeineWege	A	"[""B"", ""C"", ""C sharp"", ""D"", ""E"", ""F"", ""G"", ""G sharp""]"	"[""C"", ""G"", ""F"", ""E"", ""G sharp"", ""B"", ""D"", ""C sharp""]"	audio	audio.mastermix.wav	data/chorale-bricks/Gesius_BefiehlDuDeineWege/audio.mastermix.wav	A	"[""A"", ""none of the other options is correct"", ""C"", ""G"", ""F""]"	0.2	0	"[""A"", ""B"", ""C"", ""D"", ""E""]"	"{""A"": ""none of the other options is correct"", ""B"": ""A"", ""C"": ""C"", ""D"": ""G"", ""E"": ""F""}"	"[""(A) none of the other options is correct"", ""(B) A"", ""(C) C"", ""(D) G"", ""(E) F""]"	(B) A	B
4eab497b-7ded-55df-8e42-a6bd160d28e0	1	perception	pitch	absolute	pitch-absolute	pitch-recognition		pitch recognition	What is the pitch name of the {target_index} {voice} note in the provided excerpt?	"[""target_index"", ""voice""]"	get_nth_note	symbolic.musicxml	pitch	"{""target_index"": ""37th"", ""voice"": ""bass""}"	What is the pitch name of the 37th bass note in the provided excerpt?	Gesius_BefiehlDuDeineWege	chorale-bricks	Gesius_BefiehlDuDeineWege	data/chorale-bricks/Gesius_BefiehlDuDeineWege	A	"[""B"", ""C"", ""C sharp"", ""D"", ""E"", ""F"", ""G"", ""G sharp""]"	"[""C"", ""G"", ""F"", ""E"", ""G sharp"", ""B"", ""D"", ""C sharp""]"	symbolic	symbolic.abc.txt	data/chorale-bricks/Gesius_BefiehlDuDeineWege/symbolic.abc.txt	A	"[""A"", ""none of the other options is correct"", ""C"", ""G"", ""F""]"	0.2	0	"[""A"", ""B"", ""C"", ""D"", ""E""]"	"{""A"": ""C"", ""B"": ""G"", ""C"": ""A"", ""D"": ""F"", ""E"": ""none of the other options is correct""}"	"[""(A) C"", ""(B) G"", ""(C) A"", ""(D) F"", ""(E) none of the other options is correct""]"	(C) A	C
4a44705a-e9e2-5ecb-ad8b-7b261b7c0ed9	1	perception	pitch	absolute	pitch-absolute	pitch-recognition		pitch recognition	What is the pitch name of the {target_index} {voice} note in the provided excerpt?	"[""target_index"", ""voice""]"	get_nth_note	symbolic.musicxml	pitch	"{""target_index"": ""37th"", ""voice"": ""bass""}"	What is the pitch name of the 37th bass note in the provided excerpt?	Gesius_BefiehlDuDeineWege	chorale-bricks	Gesius_BefiehlDuDeineWege	data/chorale-bricks/Gesius_BefiehlDuDeineWege	A	"[""B"", ""C"", ""C sharp"", ""D"", ""E"", ""F"", ""G"", ""G sharp""]"	"[""C"", ""G"", ""F"", ""E"", ""G sharp"", ""B"", ""D"", ""C sharp""]"	visual	visual.short.png	data/chorale-bricks/Gesius_BefiehlDuDeineWege/visual.short.png	A	"[""A"", ""none of the other options is correct"", ""C"", ""G"", ""F""]"	0.2	0	"[""A"", ""B"", ""C"", ""D"", ""E""]"	"{""A"": ""C"", ""B"": ""none of the other options is correct"", ""C"": ""G"", ""D"": ""F"", ""E"": ""A""}"	"[""(A) C"", ""(B) none of the other options is correct"", ""(C) G"", ""(D) F"", ""(E) A""]"	(E) A	E
963e2556-651c-5429-8ed9-8f6422605abf	1	perception	pitch	absolute	pitch-absolute	pitch-recognition		pitch recognition	What is the pitch name of the {target_index} {voice} note in the provided excerpt?	"[""target_index"", ""voice""]"	get_nth_note	symbolic.musicxml	pitch	"{""target_index"": ""21st"", ""voice"": ""soprano""}"	What is the pitch name of the 21st soprano note in the provided excerpt?	Jan_DuGrosserSchmerzensmann	chorale-bricks	Jan_DuGrosserSchmerzensmann	data/chorale-bricks/Jan_DuGrosserSchmerzensmann	F sharp	"[""A"", ""B"", ""C"", ""C sharp"", ""D"", ""D sharp"", ""E"", ""G""]"	"[""G"", ""A"", ""B"", ""D"", ""C sharp"", ""D sharp"", ""C"", ""E""]"	audio	audio.mastermix.wav	data/chorale-bricks/Jan_DuGrosserSchmerzensmann/audio.mastermix.wav	F sharp	"[""F sharp"", ""none of the other options is correct"", ""G"", ""A"", ""B""]"	0.2	0	"[""A"", ""B"", ""C"", ""D"", ""E""]"	"{""A"": ""A"", ""B"": ""none of the other options is correct"", ""C"": ""G"", ""D"": ""B"", ""E"": ""F sharp""}"	"[""(A) A"", ""(B) none of the other options is correct"", ""(C) G"", ""(D) B"", ""(E) F sharp""]"	(E) F sharp	E
684d8f27-81bd-59f6-8390-0d2f90de02d9	1	perception	pitch	absolute	pitch-absolute	pitch-recognition		pitch recognition	What is the pitch name of the {target_index} {voice} note in the provided excerpt?	"[""target_index"", ""voice""]"	get_nth_note	symbolic.musicxml	pitch	"{""target_index"": ""21st"", ""voice"": ""soprano""}"	What is the pitch name of the 21st soprano note in the provided excerpt?	Jan_DuGrosserSchmerzensmann	chorale-bricks	Jan_DuGrosserSchmerzensmann	data/chorale-bricks/Jan_DuGrosserSchmerzensmann	F sharp	"[""A"", ""B"", ""C"", ""C sharp"", ""D"", ""D sharp"", ""E"", ""G""]"	"[""G"", ""A"", ""B"", ""D"", ""C sharp"", ""D sharp"", ""C"", ""E""]"	symbolic	symbolic.abc.txt	data/chorale-bricks/Jan_DuGrosserSchmerzensmann/symbolic.abc.txt	F sharp	"[""F sharp"", ""none of the other options is correct"", ""G"", ""A"", ""B""]"	0.2	0	"[""A"", ""B"", ""C"", ""D"", ""E""]"	"{""A"": ""none of the other options is correct"", ""B"": ""B"", ""C"": ""G"", ""D"": ""F sharp"", ""E"": ""A""}"	"[""(A) none of the other options is correct"", ""(B) B"", ""(C) G"", ""(D) F sharp"", ""(E) A""]"	(D) F sharp	D
d61c2ba0-78d7-592b-b731-185ede48cac7	1	perception	pitch	absolute	pitch-absolute	pitch-recognition		pitch recognition	What is the pitch name of the {target_index} {voice} note in the provided excerpt?	"[""target_index"", ""voice""]"	get_nth_note	symbolic.musicxml	pitch	"{""target_index"": ""21st"", ""voice"": ""soprano""}"	What is the pitch name of the 21st soprano note in the provided excerpt?	Jan_DuGrosserSchmerzensmann	chorale-bricks	Jan_DuGrosserSchmerzensmann	data/chorale-bricks/Jan_DuGrosserSchmerzensmann	F sharp	"[""A"", ""B"", ""C"", ""C sharp"", ""D"", ""D sharp"", ""E"", ""G""]"	"[""G"", ""A"", ""B"", ""D"", ""C sharp"", ""D sharp"", ""C"", ""E""]"	visual	visual.short.png	data/chorale-bricks/Jan_DuGrosserSchmerzensmann/visual.short.png	F sharp	"[""F sharp"", ""none of the other options is correct"", ""G"", ""A"", ""B""]"	0.2	0	"[""A"", ""B"", ""C"", ""D"", ""E""]"	"{""A"": ""A"", ""B"": ""G"", ""C"": ""none of the other options is correct"", ""D"": ""F sharp"", ""E"": ""B""}"	"[""(A) A"", ""(B) G"", ""(C) none of the other options is correct"", ""(D) F sharp"", ""(E) B""]"	(D) F sharp	D
c4b5cf6f-284e-5022-aece-74735c5a4f26	1	perception	pitch	absolute	pitch-absolute	pitch-recognition		pitch recognition	What is the pitch name of the {target_index} {voice} note in the provided excerpt?	"[""target_index"", ""voice""]"	get_nth_note	symbolic.musicxml	pitch	"{""target_index"": ""16th"", ""voice"": ""tenor""}"	What is the pitch name of the 16th tenor note in the provided excerpt?	Crueger_AufAufMeinHerzMitFreuden	chorale-bricks	Crueger_AufAufMeinHerzMitFreuden	data/chorale-bricks/Crueger_AufAufMeinHerzMitFreuden	G	"[""A"", ""B"", ""B flat"", ""C"", ""C sharp"", ""D"", ""E"", ""F"", ""F sharp"", ""G sharp""]"	"[""C sharp"", ""B"", ""G sharp"", ""F sharp"", ""D"", ""C"", ""F"", ""E"", ""A"", ""B flat""]"	audio	audio.mastermix.wav	data/chorale-bricks/Crueger_AufAufMeinHerzMitFreuden/audio.mastermix.wav	G	"[""G"", ""none of the other options is correct"", ""C sharp"", ""B"", ""G sharp""]"	0.2	0	"[""A"", ""B"", ""C"", ""D"", ""E""]"	"{""A"": ""B"", ""B"": ""G sharp"", ""C"": ""C sharp"", ""D"": ""G"", ""E"": ""none of the other options is correct""}"	"[""(A) B"", ""(B) G sharp"", ""(C) C sharp"", ""(D) G"", ""(E) none of the other options is correct""]"	(D) G	D
50b10730-8734-529c-aa10-a33cf91586ef	1	perception	pitch	absolute	pitch-absolute	pitch-recognition		pitch recognition	What is the pitch name of the {target_index} {voice} note in the provided excerpt?	"[""target_index"", ""voice""]"	get_nth_note	symbolic.musicxml	pitch	"{""target_index"": ""16th"", ""voice"": ""tenor""}"	What is the pitch name of the 16th tenor note in the provided excerpt?	Crueger_AufAufMeinHerzMitFreuden	chorale-bricks	Crueger_AufAufMeinHerzMitFreuden	data/chorale-bricks/Crueger_AufAufMeinHerzMitFreuden	G	"[""A"", ""B"", ""B flat"", ""C"", ""C sharp"", ""D"", ""E"", ""F"", ""F sharp"", ""G sharp""]"	"[""C sharp"", ""B"", ""G sharp"", ""F sharp"", ""D"", ""C"", ""F"", ""E"", ""A"", ""B flat""]"	symbolic	symbolic.abc.txt	data/chorale-bricks/Crueger_AufAufMeinHerzMitFreuden/symbolic.abc.txt	G	"[""G"", ""none of the other options is correct"", ""C sharp"", ""B"", ""G sharp""]"	0.2	0	"[""A"", ""B"", ""C"", ""D"", ""E""]"	"{""A"": ""none of the other options is correct"", ""B"": ""B"", ""C"": ""G"", ""D"": ""G sharp"", ""E"": ""C sharp""}"	"[""(A) none of the other options is correct"", ""(B) B"", ""(C) G"", ""(D) G sharp"", ""(E) C sharp""]"	(C) G	C
06321093-4fed-5bb5-8e60-49ef98fc0e29	1	perception	pitch	absolute	pitch-absolute	pitch-recognition		pitch recognition	What is the pitch name of the {target_index} {voice} note in the provided excerpt?	"[""target_index"", ""voice""]"	get_nth_note	symbolic.musicxml	pitch	"{""target_index"": ""16th"", ""voice"": ""tenor""}"	What is the pitch name of the 16th tenor note in the provided excerpt?	Crueger_AufAufMeinHerzMitFreuden	chorale-bricks	Crueger_AufAufMeinHerzMitFreuden	data/chorale-bricks/Crueger_AufAufMeinHerzMitFreuden	G	"[""A"", ""B"", ""B flat"", ""C"", ""C sharp"", ""D"", ""E"", ""F"", ""F sharp"", ""G sharp""]"	"[""C sharp"", ""B"", ""G sharp"", ""F sharp"", ""D"", ""C"", ""F"", ""E"", ""A"", ""B flat""]"	visual	visual.short.png	data/chorale-bricks/Crueger_AufAufMeinHerzMitFreuden/visual.short.png	G	"[""G"", ""none of the other options is correct"", ""C sharp"", ""B"", ""G sharp""]"	0.2	0	"[""A"", ""B"", ""C"", ""D"", ""E""]"	"{""A"": ""G"", ""B"": ""G sharp"", ""C"": ""none of the other options is correct"", ""D"": ""C sharp"", ""E"": ""B""}"	"[""(A) G"", ""(B) G sharp"", ""(C) none of the other options is correct"", ""(D) C sharp"", ""(E) B""]"	(A) G	A
f001749a-9b8f-5714-875c-7055c4bc07a4	1	perception	pitch	absolute	pitch-absolute	pitch-recognition		pitch recognition	What is the pitch name of the {target_index} {voice} note in the provided excerpt?	"[""target_index"", ""voice""]"	get_nth_note	symbolic.musicxml	pitch	"{""target_index"": ""51st"", ""voice"": ""soprano""}"	What is the pitch name of the 51st soprano note in the provided excerpt?	Crueger_AufAufMeinHerzMitFreuden	chorale-bricks	Crueger_AufAufMeinHerzMitFreuden	data/chorale-bricks/Crueger_AufAufMeinHerzMitFreuden	A	"[""B"", ""B flat"", ""C"", ""C sharp"", ""D"", ""E"", ""F"", ""F sharp"", ""G"", ""G sharp""]"	"[""E"", ""G"", ""G sharp"", ""D"", ""C"", ""F"", ""C sharp"", ""F sharp"", ""B flat"", ""B""]"	audio	audio.mastermix.wav	data/chorale-bricks/Crueger_AufAufMeinHerzMitFreuden/audio.mastermix.wav	A	"[""A"", ""none of the other options is correct"", ""E"", ""G"", ""G sharp""]"	0.2	0	"[""A"", ""B"", ""C"", ""D"", ""E""]"	"{""A"": ""E"", ""B"": ""G"", ""C"": ""none of the other options is correct"", ""D"": ""G sharp"", ""E"": ""A""}"	"[""(A) E"", ""(B) G"", ""(C) none of the other options is correct"", ""(D) G sharp"", ""(E) A""]"	(E) A	E
70fc3844-338b-5e6c-914d-4235c411d5e9	1	perception	pitch	absolute	pitch-absolute	pitch-recognition		pitch recognition	What is the pitch name of the {target_index} {voice} note in the provided excerpt?	"[""target_index"", ""voice""]"	get_nth_note	symbolic.musicxml	pitch	"{""target_index"": ""51st"", ""voice"": ""soprano""}"	What is the pitch name of the 51st soprano note in the provided excerpt?	Crueger_AufAufMeinHerzMitFreuden	chorale-bricks	Crueger_AufAufMeinHerzMitFreuden	data/chorale-bricks/Crueger_AufAufMeinHerzMitFreuden	A	"[""B"", ""B flat"", ""C"", ""C sharp"", ""D"", ""E"", ""F"", ""F sharp"", ""G"", ""G sharp""]"	"[""E"", ""G"", ""G sharp"", ""D"", ""C"", ""F"", ""C sharp"", ""F sharp"", ""B flat"", ""B""]"	symbolic	symbolic.abc.txt	data/chorale-bricks/Crueger_AufAufMeinHerzMitFreuden/symbolic.abc.txt	A	"[""A"", ""none of the other options is correct"", ""E"", ""G"", ""G sharp""]"	0.2	0	"[""A"", ""B"", ""C"", ""D"", ""E""]"	"{""A"": ""A"", ""B"": ""E"", ""C"": ""none of the other options is correct"", ""D"": ""G"", ""E"": ""G sharp""}"	"[""(A) A"", ""(B) E"", ""(C) none of the other options is correct"", ""(D) G"", ""(E) G sharp""]"	(A) A	A
8d649761-d323-5bc2-92a5-2ea91b7f80b2	1	perception	pitch	absolute	pitch-absolute	pitch-recognition		pitch recognition	What is the pitch name of the {target_index} {voice} note in the provided excerpt?	"[""target_index"", ""voice""]"	get_nth_note	symbolic.musicxml	pitch	"{""target_index"": ""51st"", ""voice"": ""soprano""}"	What is the pitch name of the 51st soprano note in the provided excerpt?	Crueger_AufAufMeinHerzMitFreuden	chorale-bricks	Crueger_AufAufMeinHerzMitFreuden	data/chorale-bricks/Crueger_AufAufMeinHerzMitFreuden	A	"[""B"", ""B flat"", ""C"", ""C sharp"", ""D"", ""E"", ""F"", ""F sharp"", ""G"", ""G sharp""]"	"[""E"", ""G"", ""G sharp"", ""D"", ""C"", ""F"", ""C sharp"", ""F sharp"", ""B flat"", ""B""]"	visual	visual.short.png	data/chorale-bricks/Crueger_AufAufMeinHerzMitFreuden/visual.short.png	A	"[""A"", ""none of the other options is correct"", ""E"", ""G"", ""G sharp""]"	0.2	0	"[""A"", ""B"", ""C"", ""D"", ""E""]"	"{""A"": ""G sharp"", ""B"": ""G"", ""C"": ""A"", ""D"": ""none of the other options is correct"", ""E"": ""E""}"	"[""(A) G sharp"", ""(B) G"", ""(C) A"", ""(D) none of the other options is correct"", ""(E) E""]"	(C) A	C
751d66e9-e665-5ab4-a10f-1bdba42097ac	2	perception	pitch	absolute	pitch-absolute	pitch-recognition		pitch statistics	How many times is the note {pitch} present in the {voice} line?	"[""voice"", ""pitch""]"	get_note_quantity		pitch	"{""voice"": ""alto"", ""pitch"": ""B""}"	How many times is the note B present in the alto line?	Bach_IchStehAnDeinerKrippe	chorale-bricks	Bach_IchStehAnDeinerKrippe	data/chorale-bricks/Bach_IchStehAnDeinerKrippe	5	"[""1"", ""2"", ""3"", ""4"", ""6"", ""7"", ""8"", ""9"", ""11"", ""12"", ""13"", ""14""]"	"[""2"", ""4"", ""14"", ""1"", ""11"", ""7"", ""12"", ""6"", ""13"", ""9"", ""8"", ""3""]"	audio	audio.mastermix.wav	data/chorale-bricks/Bach_IchStehAnDeinerKrippe/audio.mastermix.wav	5	"[""5"", ""none of the other options is correct"", ""2"", ""4"", ""14""]"	0.2	0	"[""A"", ""B"", ""C"", ""D"", ""E""]"	"{""A"": ""14"", ""B"": ""2"", ""C"": ""none of the other options is correct"", ""D"": ""4"", ""E"": ""5""}"	"[""(A) 14"", ""(B) 2"", ""(C) none of the other options is correct"", ""(D) 4"", ""(E) 5""]"	(E) 5	E
637e18b7-5226-561a-98f3-c58dd3fdd563	2	perception	pitch	absolute	pitch-absolute	pitch-recognition		pitch statistics	How many times is the note {pitch} present in the {voice} line?	"[""voice"", ""pitch""]"	get_note_quantity		pitch	"{""voice"": ""alto"", ""pitch"": ""B""}"	How many times is the note B present in the alto line?	Bach_IchStehAnDeinerKrippe	chorale-bricks	Bach_IchStehAnDeinerKrippe	data/chorale-bricks/Bach_IchStehAnDeinerKrippe	5	"[""1"", ""2"", ""3"", ""4"", ""6"", ""7"", ""8"", ""9"", ""11"", ""12"", ""13"", ""14""]"	"[""2"", ""4"", ""14"", ""1"", ""11"", ""7"", ""12"", ""6"", ""13"", ""9"", ""8"", ""3""]"	symbolic	symbolic.abc.txt	data/chorale-bricks/Bach_IchStehAnDeinerKrippe/symbolic.abc.txt	5	"[""5"", ""none of the other options is correct"", ""2"", ""4"", ""14""]"	0.2	0	"[""A"", ""B"", ""C"", ""D"", ""E""]"	"{""A"": ""none of the other options is correct"", ""B"": ""4"", ""C"": ""14"", ""D"": ""2"", ""E"": ""5""}"	"[""(A) none of the other options is correct"", ""(B) 4"", ""(C) 14"", ""(D) 2"", ""(E) 5""]"	(E) 5	E
cfd1cd1d-4df9-5294-bfbe-7734a39e417f	2	perception	pitch	absolute	pitch-absolute	pitch-recognition		pitch statistics	How many times is the note {pitch} present in the {voice} line?	"[""voice"", ""pitch""]"	get_note_quantity		pitch	"{""voice"": ""alto"", ""pitch"": ""B""}"	How many times is the note B present in the alto line?	Bach_IchStehAnDeinerKrippe	chorale-bricks	Bach_IchStehAnDeinerKrippe	data/chorale-bricks/Bach_IchStehAnDeinerKrippe	5	"[""1"", ""2"", ""3"", ""4"", ""6"", ""7"", ""8"", ""9"", ""11"", ""12"", ""13"", ""14""]"	"[""2"", ""4"", ""14"", ""1"", ""11"", ""7"", ""12"", ""6"", ""13"", ""9"", ""8"", ""3""]"	visual	visual.short.png	data/chorale-bricks/Bach_IchStehAnDeinerKrippe/visual.short.png	5	"[""5"", ""none of the other options is correct"", ""2"", ""4"", ""14""]"	0.2	0	"[""A"", ""B"", ""C"", ""D"", ""E""]"	"{""A"": ""14"", ""B"": ""4"", ""C"": ""none of the other options is correct"", ""D"": ""5"", ""E"": ""2""}"	"[""(A) 14"", ""(B) 4"", ""(C) none of the other options is correct"", ""(D) 5"", ""(E) 2""]"	(D) 5	D
3008f88b-0428-5f8b-8b53-40168ff370b8	2	perception	pitch	absolute	pitch-absolute	pitch-recognition		pitch statistics	How many times is the note {pitch} present in the {voice} line?	"[""voice"", ""pitch""]"	get_note_quantity		pitch	"{""voice"": ""tenor"", ""pitch"": ""C""}"	How many times is the note C present in the tenor line?	Jan_DuGrosserSchmerzensmann	chorale-bricks	Jan_DuGrosserSchmerzensmann	data/chorale-bricks/Jan_DuGrosserSchmerzensmann	7	"[""1"", ""2"", ""3"", ""5"", ""6"", ""8"", ""9"", ""12"", ""13"", ""14"", ""19""]"	"[""13"", ""9"", ""12"", ""1"", ""19"", ""2"", ""6"", ""8"", ""14"", ""3"", ""5""]"	audio	audio.mastermix.wav	data/chorale-bricks/Jan_DuGrosserSchmerzensmann/audio.mastermix.wav	7	"[""7"", ""none of the other options is correct"", ""13"", ""9"", ""12""]"	0.2	0	"[""A"", ""B"", ""C"", ""D"", ""E""]"	"{""A"": ""9"", ""B"": ""12"", ""C"": ""13"", ""D"": ""7"", ""E"": ""none of the other options is correct""}"	"[""(A) 9"", ""(B) 12"", ""(C) 13"", ""(D) 7"", ""(E) none of the other options is correct""]"	(D) 7	D
e2082615-b502-56d8-b0d3-8b9320614cce	2	perception	pitch	absolute	pitch-absolute	pitch-recognition		pitch statistics	How many times is the note {pitch} present in the {voice} line?	"[""voice"", ""pitch""]"	get_note_quantity		pitch	"{""voice"": ""tenor"", ""pitch"": ""C""}"	How many times is the note C present in the tenor line?	Jan_DuGrosserSchmerzensmann	chorale-bricks	Jan_DuGrosserSchmerzensmann	data/chorale-bricks/Jan_DuGrosserSchmerzensmann	7	"[""1"", ""2"", ""3"", ""5"", ""6"", ""8"", ""9"", ""12"", ""13"", ""14"", ""19""]"	"[""13"", ""9"", ""12"", ""1"", ""19"", ""2"", ""6"", ""8"", ""14"", ""3"", ""5""]"	symbolic	symbolic.abc.txt	data/chorale-bricks/Jan_DuGrosserSchmerzensmann/symbolic.abc.txt	none of the other options is correct	"[""none of the other options is correct"", ""13"", ""9"", ""12"", ""1""]"	0.2	1	"[""A"", ""B"", ""C"", ""D"", ""E""]"	"{""A"": ""none of the other options is correct"", ""B"": ""9"", ""C"": ""13"", ""D"": ""1"", ""E"": ""12""}"	"[""(A) none of the other options is correct"", ""(B) 9"", ""(C) 13"", ""(D) 1"", ""(E) 12""]"	(A) none of the other options is correct	A
67c9f6db-06c1-56c4-926b-26f4c8e6b0d5	2	perception	pitch	absolute	pitch-absolute	pitch-recognition		pitch statistics	How many times is the note {pitch} present in the {voice} line?	"[""voice"", ""pitch""]"	get_note_quantity		pitch	"{""voice"": ""tenor"", ""pitch"": ""C""}"	How many times is the note C present in the tenor line?	Jan_DuGrosserSchmerzensmann	chorale-bricks	Jan_DuGrosserSchmerzensmann	data/chorale-bricks/Jan_DuGrosserSchmerzensmann	7	"[""1"", ""2"", ""3"", ""5"", ""6"", ""8"", ""9"", ""12"", ""13"", ""14"", ""19""]"	"[""13"", ""9"", ""12"", ""1"", ""19"", ""2"", ""6"", ""8"", ""14"", ""3"", ""5""]"	visual	visual.short.png	data/chorale-bricks/Jan_DuGrosserSchmerzensmann/visual.short.png	7	"[""7"", ""none of the other options is correct"", ""13"", ""9"", ""12""]"	0.2	0	"[""A"", ""B"", ""C"", ""D"", ""E""]"	"{""A"": ""none of the other options is correct"", ""B"": ""7"", ""C"": ""13"", ""D"": ""9"", ""E"": ""12""}"	"[""(A) none of the other options is correct"", ""(B) 7"", ""(C) 13"", ""(D) 9"", ""(E) 12""]"	(B) 7	B
495b91e8-6188-5c9a-bc6b-8427fa8b477c	2	perception	pitch	absolute	pitch-absolute	pitch-recognition		pitch statistics	How many times is the note {pitch} present in the {voice} line?	"[""voice"", ""pitch""]"	get_note_quantity		pitch	"{""voice"": ""tenor"", ""pitch"": ""D""}"	How many times is the note D present in the tenor line?	Drese_JesuGehVoran	chorale-bricks	Drese_JesuGehVoran	data/chorale-bricks/Drese_JesuGehVoran	4	"[""1"", ""2"", ""3"", ""5"", ""6"", ""7"", ""8"", ""9"", ""10"", ""12"", ""13"", ""17""]"	"[""17"", ""1"", ""3"", ""5"", ""7"", ""10"", ""9"", ""6"", ""8"", ""2"", ""12"", ""13""]"	audio	audio.mastermix.wav	data/chorale-bricks/Drese_JesuGehVoran/audio.mastermix.wav	4	"[""4"", ""none of the other options is correct"", ""17"", ""1"", ""3""]"	0.2	0	"[""A"", ""B"", ""C"", ""D"", ""E""]"	"{""A"": ""17"", ""B"": ""none of the other options is correct"", ""C"": ""3"", ""D"": ""1"", ""E"": ""4""}"	"[""(A) 17"", ""(B) none of the other options is correct"", ""(C) 3"", ""(D) 1"", ""(E) 4""]"	(E) 4	E
dcabfa24-14ef-58f6-b4e3-3e1548525b4c	2	perception	pitch	absolute	pitch-absolute	pitch-recognition		pitch statistics	How many times is the note {pitch} present in the {voice} line?	"[""voice"", ""pitch""]"	get_note_quantity		pitch	"{""voice"": ""tenor"", ""pitch"": ""D""}"	How many times is the note D present in the tenor line?	Drese_JesuGehVoran	chorale-bricks	Drese_JesuGehVoran	data/chorale-bricks/Drese_JesuGehVoran	4	"[""1"", ""2"", ""3"", ""5"", ""6"", ""7"", ""8"", ""9"", ""10"", ""12"", ""13"", ""17""]"	"[""17"", ""1"", ""3"", ""5"", ""7"", ""10"", ""9"", ""6"", ""8"", ""2"", ""12"", ""13""]"	symbolic	symbolic.abc.txt	data/chorale-bricks/Drese_JesuGehVoran/symbolic.abc.txt	none of the other options is correct	"[""none of the other options is correct"", ""17"", ""1"", ""3"", ""5""]"	0.2	1	"[""A"", ""B"", ""C"", ""D"", ""E""]"	"{""A"": ""3"", ""B"": ""none of the other options is correct"", ""C"": ""17"", ""D"": ""5"", ""E"": ""1""}"	"[""(A) 3"", ""(B) none of the other options is correct"", ""(C) 17"", ""(D) 5"", ""(E) 1""]"	(B) none of the other options is correct	B
9573b060-d3cb-5f0d-939e-516d588fea8e	2	perception	pitch	absolute	pitch-absolute	pitch-recognition		pitch statistics	How many times is the note {pitch} present in the {voice} line?	"[""voice"", ""pitch""]"	get_note_quantity		pitch	"{""voice"": ""tenor"", ""pitch"": ""D""}"	How many times is the note D present in the tenor line?	Drese_JesuGehVoran	chorale-bricks	Drese_JesuGehVoran	data/chorale-bricks/Drese_JesuGehVoran	4	"[""1"", ""2"", ""3"", ""5"", ""6"", ""7"", ""8"", ""9"", ""10"", ""12"", ""13"", ""17""]"	"[""17"", ""1"", ""3"", ""5"", ""7"", ""10"", ""9"", ""6"", ""8"", ""2"", ""12"", ""13""]"	visual	visual.short.png	data/chorale-bricks/Drese_JesuGehVoran/visual.short.png	4	"[""4"", ""none of the other options is correct"", ""17"", ""1"", ""3""]"	0.2	0	"[""A"", ""B"", ""C"", ""D"", ""E""]"	"{""A"": ""none of the other options is correct"", ""B"": ""4"", ""C"": ""1"", ""D"": ""3"", ""E"": ""17""}"	"[""(A) none of the other options is correct"", ""(B) 4"", ""(C) 1"", ""(D) 3"", ""(E) 17""]"	(B) 4	B
94565e8d-5d9a-5667-b557-1f904de194b2	2	perception	pitch	absolute	pitch-absolute	pitch-recognition		pitch statistics	How many times is the note {pitch} present in the {voice} line?	"[""voice"", ""pitch""]"	get_note_quantity		pitch	"{""voice"": ""soprano"", ""pitch"": ""C sharp""}"	How many times is the note C sharp present in the soprano line?	Gesius_BefiehlDuDeineWege	chorale-bricks	Gesius_BefiehlDuDeineWege	data/chorale-bricks/Gesius_BefiehlDuDeineWege	0	"[""1"", ""2"", ""3"", ""4"", ""5"", ""6"", ""7"", ""8"", ""10"", ""11"", ""12"", ""13"", ""16"", ""17""]"	"[""1"", ""17"", ""13"", ""11"", ""6"", ""7"", ""4"", ""12"", ""5"", ""10"", ""16"", ""2"", ""8"", ""3""]"	audio	audio.mastermix.wav	data/chorale-bricks/Gesius_BefiehlDuDeineWege/audio.mastermix.wav	0	"[""0"", ""none of the other options is correct"", ""1"", ""17"", ""13""]"	0.2	0	"[""A"", ""B"", ""C"", ""D"", ""E""]"	"{""A"": ""17"", ""B"": ""0"", ""C"": ""13"", ""D"": ""1"", ""E"": ""none of the other options is correct""}"	"[""(A) 17"", ""(B) 0"", ""(C) 13"", ""(D) 1"", ""(E) none of the other options is correct""]"	(B) 0	B
a1ee7121-582e-5277-b48b-251921bcdf56	2	perception	pitch	absolute	pitch-absolute	pitch-recognition		pitch statistics	How many times is the note {pitch} present in the {voice} line?	"[""voice"", ""pitch""]"	get_note_quantity		pitch	"{""voice"": ""soprano"", ""pitch"": ""C sharp""}"	How many times is the note C sharp present in the soprano line?	Gesius_BefiehlDuDeineWege	chorale-bricks	Gesius_BefiehlDuDeineWege	data/chorale-bricks/Gesius_BefiehlDuDeineWege	0	"[""1"", ""2"", ""3"", ""4"", ""5"", ""6"", ""7"", ""8"", ""10"", ""11"", ""12"", ""13"", ""16"", ""17""]"	"[""1"", ""17"", ""13"", ""11"", ""6"", ""7"", ""4"", ""12"", ""5"", ""10"", ""16"", ""2"", ""8"", ""3""]"	symbolic	symbolic.abc.txt	data/chorale-bricks/Gesius_BefiehlDuDeineWege/symbolic.abc.txt	0	"[""0"", ""none of the other options is correct"", ""1"", ""17"", ""13""]"	0.2	0	"[""A"", ""B"", ""C"", ""D"", ""E""]"	"{""A"": ""none of the other options is correct"", ""B"": ""17"", ""C"": ""13"", ""D"": ""1"", ""E"": ""0""}"	"[""(A) none of the other options is correct"", ""(B) 17"", ""(C) 13"", ""(D) 1"", ""(E) 0""]"	(E) 0	E
cce29ae7-264f-5d67-b080-4b0ba7ba356a	2	perception	pitch	absolute	pitch-absolute	pitch-recognition		pitch statistics	How many times is the note {pitch} present in the {voice} line?	"[""voice"", ""pitch""]"	get_note_quantity		pitch	"{""voice"": ""soprano"", ""pitch"": ""C sharp""}"	How many times is the note C sharp present in the soprano line?	Gesius_BefiehlDuDeineWege	chorale-bricks	Gesius_BefiehlDuDeineWege	data/chorale-bricks/Gesius_BefiehlDuDeineWege	0	"[""1"", ""2"", ""3"", ""4"", ""5"", ""6"", ""7"", ""8"", ""10"", ""11"", ""12"", ""13"", ""16"", ""17""]"	"[""1"", ""17"", ""13"", ""11"", ""6"", ""7"", ""4"", ""12"", ""5"", ""10"", ""16"", ""2"", ""8"", ""3""]"	visual	visual.short.png	data/chorale-bricks/Gesius_BefiehlDuDeineWege/visual.short.png	0	"[""0"", ""none of the other options is correct"", ""1"", ""17"", ""13""]"	0.2	0	"[""A"", ""B"", ""C"", ""D"", ""E""]"	"{""A"": ""17"", ""B"": ""none of the other options is correct"", ""C"": ""13"", ""D"": ""1"", ""E"": ""0""}"	"[""(A) 17"", ""(B) none of the other options is correct"", ""(C) 13"", ""(D) 1"", ""(E) 0""]"	(E) 0	E
ab949373-30e5-5d52-9b14-73311b3e6779	2	perception	pitch	absolute	pitch-absolute	pitch-recognition		pitch statistics	How many times is the note {pitch} present in the {voice} line?	"[""voice"", ""pitch""]"	get_note_quantity		pitch	"{""voice"": ""bass"", ""pitch"": ""G""}"	How many times is the note G present in the bass line?	Bach_IchStehAnDeinerKrippe	chorale-bricks	Bach_IchStehAnDeinerKrippe	data/chorale-bricks/Bach_IchStehAnDeinerKrippe	8	"[""1"", ""2"", ""3"", ""4"", ""5"", ""6"", ""7"", ""9"", ""11"", ""12"", ""13"", ""14""]"	"[""9"", ""11"", ""7"", ""12"", ""2"", ""4"", ""6"", ""5"", ""3"", ""13"", ""1"", ""14""]"	audio	audio.mastermix.wav	data/chorale-bricks/Bach_IchStehAnDeinerKrippe/audio.mastermix.wav	none of the other options is correct	"[""none of the other options is correct"", ""9"", ""11"", ""7"", ""12""]"	0.2	1	"[""A"", ""B"", ""C"", ""D"", ""E""]"	"{""A"": ""12"", ""B"": ""7"", ""C"": ""9"", ""D"": ""none of the other options is correct"", ""E"": ""11""}"	"[""(A) 12"", ""(B) 7"", ""(C) 9"", ""(D) none of the other options is correct"", ""(E) 11""]"	(D) none of the other options is correct	D
56bbcaa4-2235-5e3c-bb65-2bd6fd96ed35	2	perception	pitch	absolute	pitch-absolute	pitch-recognition		pitch statistics	How many times is the note {pitch} present in the {voice} line?	"[""voice"", ""pitch""]"	get_note_quantity		pitch	"{""voice"": ""bass"", ""pitch"": ""G""}"	How many times is the note G present in the bass line?	Bach_IchStehAnDeinerKrippe	chorale-bricks	Bach_IchStehAnDeinerKrippe	data/chorale-bricks/Bach_IchStehAnDeinerKrippe	8	"[""1"", ""2"", ""3"", ""4"", ""5"", ""6"", ""7"", ""9"", ""11"", ""12"", ""13"", ""14""]"	"[""9"", ""11"", ""7"", ""12"", ""2"", ""4"", ""6"", ""5"", ""3"", ""13"", ""1"", ""14""]"	symbolic	symbolic.abc.txt	data/chorale-bricks/Bach_IchStehAnDeinerKrippe/symbolic.abc.txt	none of the other options is correct	"[""none of the other options is correct"", ""9"", ""11"", ""7"", ""12""]"	0.2	1	"[""A"", ""B"", ""C"", ""D"", ""E""]"	"{""A"": ""12"", ""B"": ""none of the other options is correct"", ""C"": ""11"", ""D"": ""7"", ""E"": ""9""}"	"[""(A) 12"", ""(B) none of the other options is correct"", ""(C) 11"", ""(D) 7"", ""(E) 9""]"	(B) none of the other options is correct	B
5f49c0e3-c580-5504-9fb6-d95cd4970228	2	perception	pitch	absolute	pitch-absolute	pitch-recognition		pitch statistics	How many times is the note {pitch} present in the {voice} line?	"[""voice"", ""pitch""]"	get_note_quantity		pitch	"{""voice"": ""bass"", ""pitch"": ""G""}"	How many times is the note G present in the bass line?	Bach_IchStehAnDeinerKrippe	chorale-bricks	Bach_IchStehAnDeinerKrippe	data/chorale-bricks/Bach_IchStehAnDeinerKrippe	8	"[""1"", ""2"", ""3"", ""4"", ""5"", ""6"", ""7"", ""9"", ""11"", ""12"", ""13"", ""14""]"	"[""9"", ""11"", ""7"", ""12"", ""2"", ""4"", ""6"", ""5"", ""3"", ""13"", ""1"", ""14""]"	visual	visual.short.png	data/chorale-bricks/Bach_IchStehAnDeinerKrippe/visual.short.png	8	"[""8"", ""none of the other options is correct"", ""9"", ""11"", ""7""]"	0.2	0	"[""A"", ""B"", ""C"", ""D"", ""E""]"	"{""A"": ""none of the other options is correct"", ""B"": ""8"", ""C"": ""11"", ""D"": ""7"", ""E"": ""9""}"	"[""(A) none of the other options is correct"", ""(B) 8"", ""(C) 11"", ""(D) 7"", ""(E) 9""]"	(B) 8	B
a27d6ae0-62fc-5d2f-bcf6-3d07f41d3770	2	perception	pitch	absolute	pitch-absolute	pitch-recognition		pitch statistics	How many times is the note {pitch} present in the {voice} line?	"[""voice"", ""pitch""]"	get_note_quantity		pitch	"{""voice"": ""alto"", ""pitch"": ""B""}"	How many times is the note B present in the alto line?	Vulpius_ChristusDerIstMeinLeben	chorale-bricks	Vulpius_ChristusDerIstMeinLeben	data/chorale-bricks/Vulpius_ChristusDerIstMeinLeben	3	"[""1"", ""2"", ""4"", ""5"", ""6"", ""7"", ""8"", ""10"", ""11"", ""14""]"	"[""1"", ""6"", ""2"", ""14"", ""8"", ""7"", ""11"", ""10"", ""4"", ""5""]"	audio	audio.mastermix.wav	data/chorale-bricks/Vulpius_ChristusDerIstMeinLeben/audio.mastermix.wav	3	"[""3"", ""none of the other options is correct"", ""1"", ""6"", ""2""]"	0.2	0	"[""A"", ""B"", ""C"", ""D"", ""E""]"	"{""A"": ""1"", ""B"": ""2"", ""C"": ""3"", ""D"": ""6"", ""E"": ""none of the other options is correct""}"	"[""(A) 1"", ""(B) 2"", ""(C) 3"", ""(D) 6"", ""(E) none of the other options is correct""]"	(C) 3	C
45edf9f3-192a-595f-9cf3-874248538799	2	perception	pitch	absolute	pitch-absolute	pitch-recognition		pitch statistics	How many times is the note {pitch} present in the {voice} line?	"[""voice"", ""pitch""]"	get_note_quantity		pitch	"{""voice"": ""alto"", ""pitch"": ""B""}"	How many times is the note B present in the alto line?	Vulpius_ChristusDerIstMeinLeben	chorale-bricks	Vulpius_ChristusDerIstMeinLeben	data/chorale-bricks/Vulpius_ChristusDerIstMeinLeben	3	"[""1"", ""2"", ""4"", ""5"", ""6"", ""7"", ""8"", ""10"", ""11"", ""14""]"	"[""1"", ""6"", ""2"", ""14"", ""8"", ""7"", ""11"", ""10"", ""4"", ""5""]"	symbolic	symbolic.abc.txt	data/chorale-bricks/Vulpius_ChristusDerIstMeinLeben/symbolic.abc.txt	3	"[""3"", ""none of the other options is correct"", ""1"", ""6"", ""2""]"	0.2	0	"[""A"", ""B"", ""C"", ""D"", ""E""]"	"{""A"": ""3"", ""B"": ""1"", ""C"": ""none of the other options is correct"", ""D"": ""6"", ""E"": ""2""}"	"[""(A) 3"", ""(B) 1"", ""(C) none of the other options is correct"", ""(D) 6"", ""(E) 2""]"	(A) 3	A
bc51a1d0-e6c0-587c-be15-b3540c5d8a01	2	perception	pitch	absolute	pitch-absolute	pitch-recognition		pitch statistics	How many times is the note {pitch} present in the {voice} line?	"[""voice"", ""pitch""]"	get_note_quantity		pitch	"{""voice"": ""alto"", ""pitch"": ""B""}"	How many times is the note B present in the alto line?	Vulpius_ChristusDerIstMeinLeben	chorale-bricks	Vulpius_ChristusDerIstMeinLeben	data/chorale-bricks/Vulpius_ChristusDerIstMeinLeben	3	"[""1"", ""2"", ""4"", ""5"", ""6"", ""7"", ""8"", ""10"", ""11"", ""14""]"	"[""1"", ""6"", ""2"", ""14"", ""8"", ""7"", ""11"", ""10"", ""4"", ""5""]"	visual	visual.short.png	data/chorale-bricks/Vulpius_ChristusDerIstMeinLeben/visual.short.png	3	"[""3"", ""none of the other options is correct"", ""1"", ""6"", ""2""]"	0.2	0	"[""A"", ""B"", ""C"", ""D"", ""E""]"	"{""A"": ""3"", ""B"": ""2"", ""C"": ""6"", ""D"": ""1"", ""E"": ""none of the other options is correct""}"	"[""(A) 3"", ""(B) 2"", ""(C) 6"", ""(D) 1"", ""(E) none of the other options is correct""]"	(A) 3	A
8360c304-77ba-514b-b84f-b03bbd805959	2	perception	pitch	absolute	pitch-absolute	pitch-recognition		pitch statistics	How many times is the note {pitch} present in the {voice} line?	"[""voice"", ""pitch""]"	get_note_quantity		pitch	"{""voice"": ""bass"", ""pitch"": ""G""}"	How many times is the note G present in the bass line?	Gesius_DuFriedensfuerstHerrJesuChrist	chorale-bricks	Gesius_DuFriedensfuerstHerrJesuChrist	data/chorale-bricks/Gesius_DuFriedensfuerstHerrJesuChrist	7	"[""1"", ""2"", ""3"", ""4"", ""5"", ""6"", ""8"", ""9"", ""12"", ""13"", ""14"", ""15""]"	"[""5"", ""8"", ""3"", ""13"", ""15"", ""4"", ""14"", ""2"", ""6"", ""9"", ""12"", ""1""]"	audio	audio.mastermix.wav	data/chorale-bricks/Gesius_DuFriedensfuerstHerrJesuChrist/audio.mastermix.wav	7	"[""7"", ""none of the other options is correct"", ""5"", ""8"", ""3""]"	0.2	0	"[""A"", ""B"", ""C"", ""D"", ""E""]"	"{""A"": ""none of the other options is correct"", ""B"": ""7"", ""C"": ""8"", ""D"": ""5"", ""E"": ""3""}"	"[""(A) none of the other options is correct"", ""(B) 7"", ""(C) 8"", ""(D) 5"", ""(E) 3""]"	(B) 7	B
35ceb5d4-044e-5537-b263-3bece7486787	2	perception	pitch	absolute	pitch-absolute	pitch-recognition		pitch statistics	How many times is the note {pitch} present in the {voice} line?	"[""voice"", ""pitch""]"	get_note_quantity		pitch	"{""voice"": ""bass"", ""pitch"": ""G""}"	How many times is the note G present in the bass line?	Gesius_DuFriedensfuerstHerrJesuChrist	chorale-bricks	Gesius_DuFriedensfuerstHerrJesuChrist	data/chorale-bricks/Gesius_DuFriedensfuerstHerrJesuChrist	7	"[""1"", ""2"", ""3"", ""4"", ""5"", ""6"", ""8"", ""9"", ""12"", ""13"", ""14"", ""15""]"	"[""5"", ""8"", ""3"", ""13"", ""15"", ""4"", ""14"", ""2"", ""6"", ""9"", ""12"", ""1""]"	symbolic	symbolic.abc.txt	data/chorale-bricks/Gesius_DuFriedensfuerstHerrJesuChrist/symbolic.abc.txt	none of the other options is correct	"[""none of the other options is correct"", ""5"", ""8"", ""3"", ""13""]"	0.2	1	"[""A"", ""B"", ""C"", ""D"", ""E""]"	"{""A"": ""13"", ""B"": ""8"", ""C"": ""3"", ""D"": ""5"", ""E"": ""none of the other options is correct""}"	"[""(A) 13"", ""(B) 8"", ""(C) 3"", ""(D) 5"", ""(E) none of the other options is correct""]"	(E) none of the other options is correct	E
d7c87eb0-6f1b-52a3-a64c-a24811129d9c	2	perception	pitch	absolute	pitch-absolute	pitch-recognition		pitch statistics	How many times is the note {pitch} present in the {voice} line?	"[""voice"", ""pitch""]"	get_note_quantity		pitch	"{""voice"": ""bass"", ""pitch"": ""G""}"	How many times is the note G present in the bass line?	Gesius_DuFriedensfuerstHerrJesuChrist	chorale-bricks	Gesius_DuFriedensfuerstHerrJesuChrist	data/chorale-bricks/Gesius_DuFriedensfuerstHerrJesuChrist	7	"[""1"", ""2"", ""3"", ""4"", ""5"", ""6"", ""8"", ""9"", ""12"", ""13"", ""14"", ""15""]"	"[""5"", ""8"", ""3"", ""13"", ""15"", ""4"", ""14"", ""2"", ""6"", ""9"", ""12"", ""1""]"	visual	visual.short.png	data/chorale-bricks/Gesius_DuFriedensfuerstHerrJesuChrist/visual.short.png	7	"[""7"", ""none of the other options is correct"", ""5"", ""8"", ""3""]"	0.2	0	"[""A"", ""B"", ""C"", ""D"", ""E""]"	"{""A"": ""5"", ""B"": ""3"", ""C"": ""none of the other options is correct"", ""D"": ""7"", ""E"": ""8""}"	"[""(A) 5"", ""(B) 3"", ""(C) none of the other options is correct"", ""(D) 7"", ""(E) 8""]"	(D) 7	D
ec0bbc9b-033c-5738-b690-a73cfb16dcd4	2	perception	pitch	absolute	pitch-absolute	pitch-recognition		pitch statistics	How many times is the note {pitch} present in the {voice} line?	"[""voice"", ""pitch""]"	get_note_quantity		pitch	"{""voice"": ""soprano"", ""pitch"": ""G""}"	How many times is the note G present in the soprano line?	Drese_JesuGehVoran	chorale-bricks	Drese_JesuGehVoran	data/chorale-bricks/Drese_JesuGehVoran	13	"[""1"", ""2"", ""3"", ""4"", ""5"", ""6"", ""7"", ""8"", ""9"", ""10"", ""12"", ""17""]"	"[""2"", ""12"", ""1"", ""9"", ""4"", ""6"", ""10"", ""7"", ""8"", ""5"", ""3"", ""17""]"	audio	audio.mastermix.wav	data/chorale-bricks/Drese_JesuGehVoran/audio.mastermix.wav	13	"[""13"", ""none of the other options is correct"", ""2"", ""12"", ""1""]"	0.2	0	"[""A"", ""B"", ""C"", ""D"", ""E""]"	"{""A"": ""2"", ""B"": ""12"", ""C"": ""none of the other options is correct"", ""D"": ""1"", ""E"": ""13""}"	"[""(A) 2"", ""(B) 12"", ""(C) none of the other options is correct"", ""(D) 1"", ""(E) 13""]"	(E) 13	E
b250da13-4ef8-512e-a335-b4090f10bc00	2	perception	pitch	absolute	pitch-absolute	pitch-recognition		pitch statistics	How many times is the note {pitch} present in the {voice} line?	"[""voice"", ""pitch""]"	get_note_quantity		pitch	"{""voice"": ""soprano"", ""pitch"": ""G""}"	How many times is the note G present in the soprano line?	Drese_JesuGehVoran	chorale-bricks	Drese_JesuGehVoran	data/chorale-bricks/Drese_JesuGehVoran	13	"[""1"", ""2"", ""3"", ""4"", ""5"", ""6"", ""7"", ""8"", ""9"", ""10"", ""12"", ""17""]"	"[""2"", ""12"", ""1"", ""9"", ""4"", ""6"", ""10"", ""7"", ""8"", ""5"", ""3"", ""17""]"	symbolic	symbolic.abc.txt	data/chorale-bricks/Drese_JesuGehVoran/symbolic.abc.txt	13	"[""13"", ""none of the other options is correct"", ""2"", ""12"", ""1""]"	0.2	0	"[""A"", ""B"", ""C"", ""D"", ""E""]"	"{""A"": ""none of the other options is correct"", ""B"": ""1"", ""C"": ""13"", ""D"": ""12"", ""E"": ""2""}"	"[""(A) none of the other options is correct"", ""(B) 1"", ""(C) 13"", ""(D) 12"", ""(E) 2""]"	(C) 13	C
30cb1570-02aa-5560-94f8-1955548070fe	2	perception	pitch	absolute	pitch-absolute	pitch-recognition		pitch statistics	How many times is the note {pitch} present in the {voice} line?	"[""voice"", ""pitch""]"	get_note_quantity		pitch	"{""voice"": ""soprano"", ""pitch"": ""G""}"	How many times is the note G present in the soprano line?	Drese_JesuGehVoran	chorale-bricks	Drese_JesuGehVoran	data/chorale-bricks/Drese_JesuGehVoran	13	"[""1"", ""2"", ""3"", ""4"", ""5"", ""6"", ""7"", ""8"", ""9"", ""10"", ""12"", ""17""]"	"[""2"", ""12"", ""1"", ""9"", ""4"", ""6"", ""10"", ""7"", ""8"", ""5"", ""3"", ""17""]"	visual	visual.short.png	data/chorale-bricks/Drese_JesuGehVoran/visual.short.png	13	"[""13"", ""none of the other options is correct"", ""2"", ""12"", ""1""]"	0.2	0	"[""A"", ""B"", ""C"", ""D"", ""E""]"	"{""A"": ""12"", ""B"": ""none of the other options is correct"", ""C"": ""1"", ""D"": ""13"", ""E"": ""2""}"	"[""(A) 12"", ""(B) none of the other options is correct"", ""(C) 1"", ""(D) 13"", ""(E) 2""]"	(D) 13	D
2e8148c2-df7e-5fb7-a613-c3d8f1d8a08a	2	perception	pitch	absolute	pitch-absolute	pitch-recognition		pitch statistics	How many times is the note {pitch} present in the {voice} line?	"[""voice"", ""pitch""]"	get_note_quantity		pitch	"{""voice"": ""tenor"", ""pitch"": ""A flat""}"	How many times is the note A flat present in the tenor line?	Jan_DuGrosserSchmerzensmann	chorale-bricks	Jan_DuGrosserSchmerzensmann	data/chorale-bricks/Jan_DuGrosserSchmerzensmann	0	"[""1"", ""2"", ""3"", ""5"", ""6"", ""7"", ""8"", ""9"", ""12"", ""13"", ""14"", ""19""]"	"[""12"", ""2"", ""14"", ""13"", ""1"", ""3"", ""8"", ""19"", ""7"", ""5"", ""9"", ""6""]"	audio	audio.mastermix.wav	data/chorale-bricks/Jan_DuGrosserSchmerzensmann/audio.mastermix.wav	0	"[""0"", ""none of the other options is correct"", ""12"", ""2"", ""14""]"	0.2	0	"[""A"", ""B"", ""C"", ""D"", ""E""]"	"{""A"": ""12"", ""B"": ""0"", ""C"": ""2"", ""D"": ""none of the other options is correct"", ""E"": ""14""}"	"[""(A) 12"", ""(B) 0"", ""(C) 2"", ""(D) none of the other options is correct"", ""(E) 14""]"	(B) 0	B
d7ac7463-64cc-5010-ac88-1465cb363ad0	2	perception	pitch	absolute	pitch-absolute	pitch-recognition		pitch statistics	How many times is the note {pitch} present in the {voice} line?	"[""voice"", ""pitch""]"	get_note_quantity		pitch	"{""voice"": ""tenor"", ""pitch"": ""A flat""}"	How many times is the note A flat present in the tenor line?	Jan_DuGrosserSchmerzensmann	chorale-bricks	Jan_DuGrosserSchmerzensmann	data/chorale-bricks/Jan_DuGrosserSchmerzensmann	0	"[""1"", ""2"", ""3"", ""5"", ""6"", ""7"", ""8"", ""9"", ""12"", ""13"", ""14"", ""19""]"	"[""12"", ""2"", ""14"", ""13"", ""1"", ""3"", ""8"", ""19"", ""7"", ""5"", ""9"", ""6""]"	symbolic	symbolic.abc.txt	data/chorale-bricks/Jan_DuGrosserSchmerzensmann/symbolic.abc.txt	0	"[""0"", ""none of the other options is correct"", ""12"", ""2"", ""14""]"	0.2	0	"[""A"", ""B"", ""C"", ""D"", ""E""]"	"{""A"": ""none of the other options is correct"", ""B"": ""14"", ""C"": ""2"", ""D"": ""0"", ""E"": ""12""}"	"[""(A) none of the other options is correct"", ""(B) 14"", ""(C) 2"", ""(D) 0"", ""(E) 12""]"	(D) 0	D
63405303-3f1d-5515-ba49-16c7de86ac13	2	perception	pitch	absolute	pitch-absolute	pitch-recognition		pitch statistics	How many times is the note {pitch} present in the {voice} line?	"[""voice"", ""pitch""]"	get_note_quantity		pitch	"{""voice"": ""tenor"", ""pitch"": ""A flat""}"	How many times is the note A flat present in the tenor line?	Jan_DuGrosserSchmerzensmann	chorale-bricks	Jan_DuGrosserSchmerzensmann	data/chorale-bricks/Jan_DuGrosserSchmerzensmann	0	"[""1"", ""2"", ""3"", ""5"", ""6"", ""7"", ""8"", ""9"", ""12"", ""13"", ""14"", ""19""]"	"[""12"", ""2"", ""14"", ""13"", ""1"", ""3"", ""8"", ""19"", ""7"", ""5"", ""9"", ""6""]"	visual	visual.short.png	data/chorale-bricks/Jan_DuGrosserSchmerzensmann/visual.short.png	none of the other options is correct	"[""none of the other options is correct"", ""12"", ""2"", ""14"", ""13""]"	0.2	1	"[""A"", ""B"", ""C"", ""D"", ""E""]"	"{""A"": ""none of the other options is correct"", ""B"": ""2"", ""C"": ""13"", ""D"": ""12"", ""E"": ""14""}"	"[""(A) none of the other options is correct"", ""(B) 2"", ""(C) 13"", ""(D) 12"", ""(E) 14""]"	(A) none of the other options is correct	A
95c74a39-6271-513d-80ee-b5e5922995fe	2	perception	pitch	absolute	pitch-absolute	pitch-recognition		pitch statistics	How many times is the note {pitch} present in the {voice} line?	"[""voice"", ""pitch""]"	get_note_quantity		pitch	"{""voice"": ""tenor"", ""pitch"": ""B""}"	How many times is the note B present in the tenor line?	Vulpius_DieHelleSonnLeuchtJetztHerfuer	chorale-bricks	Vulpius_DieHelleSonnLeuchtJetztHerfuer	data/chorale-bricks/Vulpius_DieHelleSonnLeuchtJetztHerfuer	6	"[""1"", ""2"", ""3"", ""4"", ""5"", ""8"", ""9""]"	"[""2"", ""1"", ""9"", ""5"", ""3"", ""8"", ""4""]"	audio	audio.mastermix.wav	data/chorale-bricks/Vulpius_DieHelleSonnLeuchtJetztHerfuer/audio.mastermix.wav	6	"[""6"", ""none of the other options is correct"", ""2"", ""1"", ""9""]"	0.2	0	"[""A"", ""B"", ""C"", ""D"", ""E""]"	"{""A"": ""1"", ""B"": ""9"", ""C"": ""none of the other options is correct"", ""D"": ""6"", ""E"": ""2""}"	"[""(A) 1"", ""(B) 9"", ""(C) none of the other options is correct"", ""(D) 6"", ""(E) 2""]"	(D) 6	D
bef3c618-eb13-5e64-a42a-09109dfa3caa	2	perception	pitch	absolute	pitch-absolute	pitch-recognition		pitch statistics	How many times is the note {pitch} present in the {voice} line?	"[""voice"", ""pitch""]"	get_note_quantity		pitch	"{""voice"": ""tenor"", ""pitch"": ""B""}"	How many times is the note B present in the tenor line?	Vulpius_DieHelleSonnLeuchtJetztHerfuer	chorale-bricks	Vulpius_DieHelleSonnLeuchtJetztHerfuer	data/chorale-bricks/Vulpius_DieHelleSonnLeuchtJetztHerfuer	6	"[""1"", ""2"", ""3"", ""4"", ""5"", ""8"", ""9""]"	"[""2"", ""1"", ""9"", ""5"", ""3"", ""8"", ""4""]"	symbolic	symbolic.abc.txt	data/chorale-bricks/Vulpius_DieHelleSonnLeuchtJetztHerfuer/symbolic.abc.txt	6	"[""6"", ""none of the other options is correct"", ""2"", ""1"", ""9""]"	0.2	0	"[""A"", ""B"", ""C"", ""D"", ""E""]"	"{""A"": ""2"", ""B"": ""6"", ""C"": ""1"", ""D"": ""9"", ""E"": ""none of the other options is correct""}"	"[""(A) 2"", ""(B) 6"", ""(C) 1"", ""(D) 9"", ""(E) none of the other options is correct""]"	(B) 6	B
3eae49e1-eb69-5efe-a076-ee5eb9c5cb8a	2	perception	pitch	absolute	pitch-absolute	pitch-recognition		pitch statistics	How many times is the note {pitch} present in the {voice} line?	"[""voice"", ""pitch""]"	get_note_quantity		pitch	"{""voice"": ""tenor"", ""pitch"": ""B""}"	How many times is the note B present in the tenor line?	Vulpius_DieHelleSonnLeuchtJetztHerfuer	chorale-bricks	Vulpius_DieHelleSonnLeuchtJetztHerfuer	data/chorale-bricks/Vulpius_DieHelleSonnLeuchtJetztHerfuer	6	"[""1"", ""2"", ""3"", ""4"", ""5"", ""8"", ""9""]"	"[""2"", ""1"", ""9"", ""5"", ""3"", ""8"", ""4""]"	visual	visual.short.png	data/chorale-bricks/Vulpius_DieHelleSonnLeuchtJetztHerfuer/visual.short.png	6	"[""6"", ""none of the other options is correct"", ""2"", ""1"", ""9""]"	0.2	0	"[""A"", ""B"", ""C"", ""D"", ""E""]"	"{""A"": ""6"", ""B"": ""none of the other options is correct"", ""C"": ""9"", ""D"": ""2"", ""E"": ""1""}"	"[""(A) 6"", ""(B) none of the other options is correct"", ""(C) 9"", ""(D) 2"", ""(E) 1""]"	(A) 6	A
db382a64-a9df-555b-85ea-9c1cfc8acbb9	2	perception	pitch	absolute	pitch-absolute	pitch-recognition		pitch statistics	How many times is the note {pitch} present in the {voice} line?	"[""voice"", ""pitch""]"	get_note_quantity		pitch	"{""voice"": ""bass"", ""pitch"": ""F sharp""}"	How many times is the note F sharp present in the bass line?	Telemann_DerLiebenSonneLichtUndPracht	chorale-bricks	Telemann_DerLiebenSonneLichtUndPracht	data/chorale-bricks/Telemann_DerLiebenSonneLichtUndPracht	4	"[""2"", ""3"", ""5"", ""6"", ""7"", ""8"", ""9"", ""10"", ""11"", ""12"", ""13"", ""14"", ""19"", ""21""]"	"[""9"", ""8"", ""13"", ""12"", ""11"", ""10"", ""3"", ""6"", ""7"", ""5"", ""19"", ""21"", ""14"", ""2""]"	audio	audio.mastermix.wav	data/chorale-bricks/Telemann_DerLiebenSonneLichtUndPracht/audio.mastermix.wav	4	"[""4"", ""none of the other options is correct"", ""9"", ""8"", ""13""]"	0.2	0	"[""A"", ""B"", ""C"", ""D"", ""E""]"	"{""A"": ""13"", ""B"": ""none of the other options is correct"", ""C"": ""4"", ""D"": ""9"", ""E"": ""8""}"	"[""(A) 13"", ""(B) none of the other options is correct"", ""(C) 4"", ""(D) 9"", ""(E) 8""]"	(C) 4	C
0d8516e8-e6b7-556c-9739-ab20a0d9bb1b	2	perception	pitch	absolute	pitch-absolute	pitch-recognition		pitch statistics	How many times is the note {pitch} present in the {voice} line?	"[""voice"", ""pitch""]"	get_note_quantity		pitch	"{""voice"": ""bass"", ""pitch"": ""F sharp""}"	How many times is the note F sharp present in the bass line?	Telemann_DerLiebenSonneLichtUndPracht	chorale-bricks	Telemann_DerLiebenSonneLichtUndPracht	data/chorale-bricks/Telemann_DerLiebenSonneLichtUndPracht	4	"[""2"", ""3"", ""5"", ""6"", ""7"", ""8"", ""9"", ""10"", ""11"", ""12"", ""13"", ""14"", ""19"", ""21""]"	"[""9"", ""8"", ""13"", ""12"", ""11"", ""10"", ""3"", ""6"", ""7"", ""5"", ""19"", ""21"", ""14"", ""2""]"	symbolic	symbolic.abc.txt	data/chorale-bricks/Telemann_DerLiebenSonneLichtUndPracht/symbolic.abc.txt	4	"[""4"", ""none of the other options is correct"", ""9"", ""8"", ""13""]"	0.2	0	"[""A"", ""B"", ""C"", ""D"", ""E""]"	"{""A"": ""13"", ""B"": ""4"", ""C"": ""9"", ""D"": ""none of the other options is correct"", ""E"": ""8""}"	"[""(A) 13"", ""(B) 4"", ""(C) 9"", ""(D) none of the other options is correct"", ""(E) 8""]"	(B) 4	B
bc2a4017-7631-5591-ba52-5912239a78b1	2	perception	pitch	absolute	pitch-absolute	pitch-recognition		pitch statistics	How many times is the note {pitch} present in the {voice} line?	"[""voice"", ""pitch""]"	get_note_quantity		pitch	"{""voice"": ""bass"", ""pitch"": ""F sharp""}"	How many times is the note F sharp present in the bass line?	Telemann_DerLiebenSonneLichtUndPracht	chorale-bricks	Telemann_DerLiebenSonneLichtUndPracht	data/chorale-bricks/Telemann_DerLiebenSonneLichtUndPracht	4	"[""2"", ""3"", ""5"", ""6"", ""7"", ""8"", ""9"", ""10"", ""11"", ""12"", ""13"", ""14"", ""19"", ""21""]"	"[""9"", ""8"", ""13"", ""12"", ""11"", ""10"", ""3"", ""6"", ""7"", ""5"", ""19"", ""21"", ""14"", ""2""]"	visual	visual.short.png	data/chorale-bricks/Telemann_DerLiebenSonneLichtUndPracht/visual.short.png	none of the other options is correct	"[""none of the other options is correct"", ""9"", ""8"", ""13"", ""12""]"	0.2	1	"[""A"", ""B"", ""C"", ""D"", ""E""]"	"{""A"": ""none of the other options is correct"", ""B"": ""13"", ""C"": ""8"", ""D"": ""9"", ""E"": ""12""}"	"[""(A) none of the other options is correct"", ""(B) 13"", ""(C) 8"", ""(D) 9"", ""(E) 12""]"	(A) none of the other options is correct	A
04a48ae6-05e8-59b7-adcb-3860cbcac07f	2	perception	pitch	absolute	pitch-absolute	pitch-recognition		pitch statistics	How many times is the note {pitch} present in the {voice} line?	"[""voice"", ""pitch""]"	get_note_quantity		pitch	"{""voice"": ""bass"", ""pitch"": ""E""}"	How many times is the note E present in the bass line?	Jan_DuGrosserSchmerzensmann	chorale-bricks	Jan_DuGrosserSchmerzensmann	data/chorale-bricks/Jan_DuGrosserSchmerzensmann	12	"[""1"", ""2"", ""3"", ""5"", ""6"", ""7"", ""8"", ""9"", ""13"", ""14"", ""19""]"	"[""1"", ""7"", ""9"", ""19"", ""8"", ""6"", ""3"", ""5"", ""2"", ""13"", ""14""]"	audio	audio.mastermix.wav	data/chorale-bricks/Jan_DuGrosserSchmerzensmann/audio.mastermix.wav	12	"[""12"", ""none of the other options is correct"", ""1"", ""7"", ""9""]"	0.2	0	"[""A"", ""B"", ""C"", ""D"", ""E""]"	"{""A"": ""none of the other options is correct"", ""B"": ""7"", ""C"": ""12"", ""D"": ""1"", ""E"": ""9""}"	"[""(A) none of the other options is correct"", ""(B) 7"", ""(C) 12"", ""(D) 1"", ""(E) 9""]"	(C) 12	C
da75d66e-bfa8-554e-b6ea-3dbef375b168	2	perception	pitch	absolute	pitch-absolute	pitch-recognition		pitch statistics	How many times is the note {pitch} present in the {voice} line?	"[""voice"", ""pitch""]"	get_note_quantity		pitch	"{""voice"": ""bass"", ""pitch"": ""E""}"	How many times is the note E present in the bass line?	Jan_DuGrosserSchmerzensmann	chorale-bricks	Jan_DuGrosserSchmerzensmann	data/chorale-bricks/Jan_DuGrosserSchmerzensmann	12	"[""1"", ""2"", ""3"", ""5"", ""6"", ""7"", ""8"", ""9"", ""13"", ""14"", ""19""]"	"[""1"", ""7"", ""9"", ""19"", ""8"", ""6"", ""3"", ""5"", ""2"", ""13"", ""14""]"	symbolic	symbolic.abc.txt	data/chorale-bricks/Jan_DuGrosserSchmerzensmann/symbolic.abc.txt	12	"[""12"", ""none of the other options is correct"", ""1"", ""7"", ""9""]"	0.2	0	"[""A"", ""B"", ""C"", ""D"", ""E""]"	"{""A"": ""7"", ""B"": ""12"", ""C"": ""1"", ""D"": ""9"", ""E"": ""none of the other options is correct""}"	"[""(A) 7"", ""(B) 12"", ""(C) 1"", ""(D) 9"", ""(E) none of the other options is correct""]"	(B) 12	B
84bcc10c-da9a-5c44-9d7b-2667925a8f2f	2	perception	pitch	absolute	pitch-absolute	pitch-recognition		pitch statistics	How many times is the note {pitch} present in the {voice} line?	"[""voice"", ""pitch""]"	get_note_quantity		pitch	"{""voice"": ""bass"", ""pitch"": ""E""}"	How many times is the note E present in the bass line?	Jan_DuGrosserSchmerzensmann	chorale-bricks	Jan_DuGrosserSchmerzensmann	data/chorale-bricks/Jan_DuGrosserSchmerzensmann	12	"[""1"", ""2"", ""3"", ""5"", ""6"", ""7"", ""8"", ""9"", ""13"", ""14"", ""19""]"	"[""1"", ""7"", ""9"", ""19"", ""8"", ""6"", ""3"", ""5"", ""2"", ""13"", ""14""]"	visual	visual.short.png	data/chorale-bricks/Jan_DuGrosserSchmerzensmann/visual.short.png	none of the other options is correct	"[""none of the other options is correct"", ""1"", ""7"", ""9"", ""19""]"	0.2	1	"[""A"", ""B"", ""C"", ""D"", ""E""]"	"{""A"": ""9"", ""B"": ""7"", ""C"": ""none of the other options is correct"", ""D"": ""19"", ""E"": ""1""}"	"[""(A) 9"", ""(B) 7"", ""(C) none of the other options is correct"", ""(D) 19"", ""(E) 1""]"	(C) none of the other options is correct	C
88d2f41f-b53d-5941-9a58-285f935ca88c	2	perception	pitch	absolute	pitch-absolute	pitch-recognition		pitch statistics	How many times is the note {pitch} present in the {voice} line?	"[""voice"", ""pitch""]"	get_note_quantity		pitch	"{""voice"": ""tenor"", ""pitch"": ""A""}"	How many times is the note A present in the tenor line?	Anonymous_AusMeinesHerzensGrunde	chorale-bricks	Anonymous_AusMeinesHerzensGrunde	data/chorale-bricks/Anonymous_AusMeinesHerzensGrunde	13	"[""1"", ""2"", ""3"", ""5"", ""6"", ""7"", ""8"", ""9"", ""15"", ""16"", ""18"", ""23"", ""25""]"	"[""18"", ""7"", ""1"", ""8"", ""2"", ""9"", ""23"", ""6"", ""3"", ""16"", ""25"", ""5"", ""15""]"	audio	audio.mastermix.wav	data/chorale-bricks/Anonymous_AusMeinesHerzensGrunde/audio.mastermix.wav	13	"[""13"", ""none of the other options is correct"", ""18"", ""7"", ""1""]"	0.2	0	"[""A"", ""B"", ""C"", ""D"", ""E""]"	"{""A"": ""18"", ""B"": ""1"", ""C"": ""7"", ""D"": ""13"", ""E"": ""none of the other options is correct""}"	"[""(A) 18"", ""(B) 1"", ""(C) 7"", ""(D) 13"", ""(E) none of the other options is correct""]"	(D) 13	D
c888d726-f4dd-520e-92ba-5d32397b876a	2	perception	pitch	absolute	pitch-absolute	pitch-recognition		pitch statistics	How many times is the note {pitch} present in the {voice} line?	"[""voice"", ""pitch""]"	get_note_quantity		pitch	"{""voice"": ""tenor"", ""pitch"": ""A""}"	How many times is the note A present in the tenor line?	Anonymous_AusMeinesHerzensGrunde	chorale-bricks	Anonymous_AusMeinesHerzensGrunde	data/chorale-bricks/Anonymous_AusMeinesHerzensGrunde	13	"[""1"", ""2"", ""3"", ""5"", ""6"", ""7"", ""8"", ""9"", ""15"", ""16"", ""18"", ""23"", ""25""]"	"[""18"", ""7"", ""1"", ""8"", ""2"", ""9"", ""23"", ""6"", ""3"", ""16"", ""25"", ""5"", ""15""]"	symbolic	symbolic.abc.txt	data/chorale-bricks/Anonymous_AusMeinesHerzensGrunde/symbolic.abc.txt	13	"[""13"", ""none of the other options is correct"", ""18"", ""7"", ""1""]"	0.2	0	"[""A"", ""B"", ""C"", ""D"", ""E""]"	"{""A"": ""13"", ""B"": ""1"", ""C"": ""none of the other options is correct"", ""D"": ""18"", ""E"": ""7""}"	"[""(A) 13"", ""(B) 1"", ""(C) none of the other options is correct"", ""(D) 18"", ""(E) 7""]"	(A) 13	A
335bd819-7ec8-509d-8696-0782acb2d87b	2	perception	pitch	absolute	pitch-absolute	pitch-recognition		pitch statistics	How many times is the note {pitch} present in the {voice} line?	"[""voice"", ""pitch""]"	get_note_quantity		pitch	"{""voice"": ""tenor"", ""pitch"": ""A""}"	How many times is the note A present in the tenor line?	Anonymous_AusMeinesHerzensGrunde	chorale-bricks	Anonymous_AusMeinesHerzensGrunde	data/chorale-bricks/Anonymous_AusMeinesHerzensGrunde	13	"[""1"", ""2"", ""3"", ""5"", ""6"", ""7"", ""8"", ""9"", ""15"", ""16"", ""18"", ""23"", ""25""]"	"[""18"", ""7"", ""1"", ""8"", ""2"", ""9"", ""23"", ""6"", ""3"", ""16"", ""25"", ""5"", ""15""]"	visual	visual.short.png	data/chorale-bricks/Anonymous_AusMeinesHerzensGrunde/visual.short.png	none of the other options is correct	"[""none of the other options is correct"", ""18"", ""7"", ""1"", ""8""]"	0.2	1	"[""A"", ""B"", ""C"", ""D"", ""E""]"	"{""A"": ""1"", ""B"": ""8"", ""C"": ""none of the other options is correct"", ""D"": ""18"", ""E"": ""7""}"	"[""(A) 1"", ""(B) 8"", ""(C) none of the other options is correct"", ""(D) 18"", ""(E) 7""]"	(C) none of the other options is correct	C
5354c532-74af-5206-82c5-e6f15459c76c	2	perception	pitch	absolute	pitch-absolute	pitch-recognition		pitch statistics	How many times is the note {pitch} present in the {voice} line?	"[""voice"", ""pitch""]"	get_note_quantity		pitch	"{""voice"": ""alto"", ""pitch"": ""F sharp""}"	How many times is the note F sharp present in the alto line?	Crueger_AufAufMeinHerzMitFreuden	chorale-bricks	Crueger_AufAufMeinHerzMitFreuden	data/chorale-bricks/Crueger_AufAufMeinHerzMitFreuden	1	"[""2"", ""4"", ""5"", ""7"", ""8"", ""9"", ""10"", ""11"", ""13"", ""16"", ""18""]"	"[""5"", ""9"", ""2"", ""16"", ""10"", ""8"", ""11"", ""7"", ""4"", ""13"", ""18""]"	audio	audio.mastermix.wav	data/chorale-bricks/Crueger_AufAufMeinHerzMitFreuden/audio.mastermix.wav	1	"[""1"", ""none of the other options is correct"", ""5"", ""9"", ""2""]"	0.2	0	"[""A"", ""B"", ""C"", ""D"", ""E""]"	"{""A"": ""none of the other options is correct"", ""B"": ""9"", ""C"": ""2"", ""D"": ""5"", ""E"": ""1""}"	"[""(A) none of the other options is correct"", ""(B) 9"", ""(C) 2"", ""(D) 5"", ""(E) 1""]"	(E) 1	E
9ee43af4-3dad-579a-bed0-c8a0add61d8e	2	perception	pitch	absolute	pitch-absolute	pitch-recognition		pitch statistics	How many times is the note {pitch} present in the {voice} line?	"[""voice"", ""pitch""]"	get_note_quantity		pitch	"{""voice"": ""alto"", ""pitch"": ""F sharp""}"	How many times is the note F sharp present in the alto line?	Crueger_AufAufMeinHerzMitFreuden	chorale-bricks	Crueger_AufAufMeinHerzMitFreuden	data/chorale-bricks/Crueger_AufAufMeinHerzMitFreuden	1	"[""2"", ""4"", ""5"", ""7"", ""8"", ""9"", ""10"", ""11"", ""13"", ""16"", ""18""]"	"[""5"", ""9"", ""2"", ""16"", ""10"", ""8"", ""11"", ""7"", ""4"", ""13"", ""18""]"	symbolic	symbolic.abc.txt	data/chorale-bricks/Crueger_AufAufMeinHerzMitFreuden/symbolic.abc.txt	1	"[""1"", ""none of the other options is correct"", ""5"", ""9"", ""2""]"	0.2	0	"[""A"", ""B"", ""C"", ""D"", ""E""]"	"{""A"": ""2"", ""B"": ""none of the other options is correct"", ""C"": ""5"", ""D"": ""9"", ""E"": ""1""}"	"[""(A) 2"", ""(B) none of the other options is correct"", ""(C) 5"", ""(D) 9"", ""(E) 1""]"	(E) 1	E
eea30226-ea12-515a-896b-c35822938404	2	perception	pitch	absolute	pitch-absolute	pitch-recognition		pitch statistics	How many times is the note {pitch} present in the {voice} line?	"[""voice"", ""pitch""]"	get_note_quantity		pitch	"{""voice"": ""alto"", ""pitch"": ""F sharp""}"	How many times is the note F sharp present in the alto line?	Crueger_AufAufMeinHerzMitFreuden	chorale-bricks	Crueger_AufAufMeinHerzMitFreuden	data/chorale-bricks/Crueger_AufAufMeinHerzMitFreuden	1	"[""2"", ""4"", ""5"", ""7"", ""8"", ""9"", ""10"", ""11"", ""13"", ""16"", ""18""]"	"[""5"", ""9"", ""2"", ""16"", ""10"", ""8"", ""11"", ""7"", ""4"", ""13"", ""18""]"	visual	visual.short.png	data/chorale-bricks/Crueger_AufAufMeinHerzMitFreuden/visual.short.png	1	"[""1"", ""none of the other options is correct"", ""5"", ""9"", ""2""]"	0.2	0	"[""A"", ""B"", ""C"", ""D"", ""E""]"	"{""A"": ""5"", ""B"": ""none of the other options is correct"", ""C"": ""1"", ""D"": ""2"", ""E"": ""9""}"	"[""(A) 5"", ""(B) none of the other options is correct"", ""(C) 1"", ""(D) 2"", ""(E) 9""]"	(C) 1	C
894d1eec-942a-5bac-8e95-9435c0a6739c	2	perception	pitch	absolute	pitch-absolute	pitch-recognition		pitch statistics	How many times is the note {pitch} present in the {voice} line?	"[""voice"", ""pitch""]"	get_note_quantity		pitch	"{""voice"": ""alto"", ""pitch"": ""G""}"	How many times is the note G present in the alto line?	Gesius_DuFriedensfuerstHerrJesuChrist	chorale-bricks	Gesius_DuFriedensfuerstHerrJesuChrist	data/chorale-bricks/Gesius_DuFriedensfuerstHerrJesuChrist	1	"[""2"", ""3"", ""4"", ""5"", ""6"", ""7"", ""8"", ""9"", ""12"", ""13"", ""14"", ""15""]"	"[""8"", ""14"", ""9"", ""15"", ""2"", ""3"", ""13"", ""4"", ""7"", ""5"", ""12"", ""6""]"	audio	audio.mastermix.wav	data/chorale-bricks/Gesius_DuFriedensfuerstHerrJesuChrist/audio.mastermix.wav	1	"[""1"", ""none of the other options is correct"", ""8"", ""14"", ""9""]"	0.2	0	"[""A"", ""B"", ""C"", ""D"", ""E""]"	"{""A"": ""1"", ""B"": ""none of the other options is correct"", ""C"": ""9"", ""D"": ""8"", ""E"": ""14""}"	"[""(A) 1"", ""(B) none of the other options is correct"", ""(C) 9"", ""(D) 8"", ""(E) 14""]"	(A) 1	A
9cb00f8e-9a20-5dea-9f5c-e061582b6376	2	perception	pitch	absolute	pitch-absolute	pitch-recognition		pitch statistics	How many times is the note {pitch} present in the {voice} line?	"[""voice"", ""pitch""]"	get_note_quantity		pitch	"{""voice"": ""alto"", ""pitch"": ""G""}"	How many times is the note G present in the alto line?	Gesius_DuFriedensfuerstHerrJesuChrist	chorale-bricks	Gesius_DuFriedensfuerstHerrJesuChrist	data/chorale-bricks/Gesius_DuFriedensfuerstHerrJesuChrist	1	"[""2"", ""3"", ""4"", ""5"", ""6"", ""7"", ""8"", ""9"", ""12"", ""13"", ""14"", ""15""]"	"[""8"", ""14"", ""9"", ""15"", ""2"", ""3"", ""13"", ""4"", ""7"", ""5"", ""12"", ""6""]"	symbolic	symbolic.abc.txt	data/chorale-bricks/Gesius_DuFriedensfuerstHerrJesuChrist/symbolic.abc.txt	1	"[""1"", ""none of the other options is correct"", ""8"", ""14"", ""9""]"	0.2	0	"[""A"", ""B"", ""C"", ""D"", ""E""]"	"{""A"": ""8"", ""B"": ""none of the other options is correct"", ""C"": ""1"", ""D"": ""9"", ""E"": ""14""}"	"[""(A) 8"", ""(B) none of the other options is correct"", ""(C) 1"", ""(D) 9"", ""(E) 14""]"	(C) 1	C
0bfa6718-4359-54ae-92e4-78630406f746	2	perception	pitch	absolute	pitch-absolute	pitch-recognition		pitch statistics	How many times is the note {pitch} present in the {voice} line?	"[""voice"", ""pitch""]"	get_note_quantity		pitch	"{""voice"": ""alto"", ""pitch"": ""G""}"	How many times is the note G present in the alto line?	Gesius_DuFriedensfuerstHerrJesuChrist	chorale-bricks	Gesius_DuFriedensfuerstHerrJesuChrist	data/chorale-bricks/Gesius_DuFriedensfuerstHerrJesuChrist	1	"[""2"", ""3"", ""4"", ""5"", ""6"", ""7"", ""8"", ""9"", ""12"", ""13"", ""14"", ""15""]"	"[""8"", ""14"", ""9"", ""15"", ""2"", ""3"", ""13"", ""4"", ""7"", ""5"", ""12"", ""6""]"	visual	visual.short.png	data/chorale-bricks/Gesius_DuFriedensfuerstHerrJesuChrist/visual.short.png	1	"[""1"", ""none of the other options is correct"", ""8"", ""14"", ""9""]"	0.2	0	"[""A"", ""B"", ""C"", ""D"", ""E""]"	"{""A"": ""1"", ""B"": ""14"", ""C"": ""none of the other options is correct"", ""D"": ""9"", ""E"": ""8""}"	"[""(A) 1"", ""(B) 14"", ""(C) none of the other options is correct"", ""(D) 9"", ""(E) 8""]"	(A) 1	A
b4105e1f-aae1-50ba-ad42-7496673c21e8	2	perception	pitch	absolute	pitch-absolute	pitch-recognition		pitch statistics	How many times is the note {pitch} present in the {voice} line?	"[""voice"", ""pitch""]"	get_note_quantity		pitch	"{""voice"": ""bass"", ""pitch"": ""D""}"	How many times is the note D present in the bass line?	Drese_JesuGehVoran	chorale-bricks	Drese_JesuGehVoran	data/chorale-bricks/Drese_JesuGehVoran	12	"[""1"", ""2"", ""3"", ""4"", ""5"", ""6"", ""7"", ""8"", ""9"", ""10"", ""13"", ""17""]"	"[""9"", ""13"", ""10"", ""2"", ""5"", ""1"", ""17"", ""6"", ""8"", ""3"", ""4"", ""7""]"	audio	audio.mastermix.wav	data/chorale-bricks/Drese_JesuGehVoran/audio.mastermix.wav	12	"[""12"", ""none of the other options is correct"", ""9"", ""13"", ""10""]"	0.2	0	"[""A"", ""B"", ""C"", ""D"", ""E""]"	"{""A"": ""9"", ""B"": ""10"", ""C"": ""none of the other options is correct"", ""D"": ""12"", ""E"": ""13""}"	"[""(A) 9"", ""(B) 10"", ""(C) none of the other options is correct"", ""(D) 12"", ""(E) 13""]"	(D) 12	D
331a9abb-5a94-5fee-bbf7-2922b305dcb5	2	perception	pitch	absolute	pitch-absolute	pitch-recognition		pitch statistics	How many times is the note {pitch} present in the {voice} line?	"[""voice"", ""pitch""]"	get_note_quantity		pitch	"{""voice"": ""bass"", ""pitch"": ""D""}"	How many times is the note D present in the bass line?	Drese_JesuGehVoran	chorale-bricks	Drese_JesuGehVoran	data/chorale-bricks/Drese_JesuGehVoran	12	"[""1"", ""2"", ""3"", ""4"", ""5"", ""6"", ""7"", ""8"", ""9"", ""10"", ""13"", ""17""]"	"[""9"", ""13"", ""10"", ""2"", ""5"", ""1"", ""17"", ""6"", ""8"", ""3"", ""4"", ""7""]"	symbolic	symbolic.abc.txt	data/chorale-bricks/Drese_JesuGehVoran/symbolic.abc.txt	12	"[""12"", ""none of the other options is correct"", ""9"", ""13"", ""10""]"	0.2	0	"[""A"", ""B"", ""C"", ""D"", ""E""]"	"{""A"": ""none of the other options is correct"", ""B"": ""10"", ""C"": ""12"", ""D"": ""13"", ""E"": ""9""}"	"[""(A) none of the other options is correct"", ""(B) 10"", ""(C) 12"", ""(D) 13"", ""(E) 9""]"	(C) 12	C
416b890e-650a-58ce-9ea6-f69117372f6d	2	perception	pitch	absolute	pitch-absolute	pitch-recognition		pitch statistics	How many times is the note {pitch} present in the {voice} line?	"[""voice"", ""pitch""]"	get_note_quantity		pitch	"{""voice"": ""bass"", ""pitch"": ""D""}"	How many times is the note D present in the bass line?	Drese_JesuGehVoran	chorale-bricks	Drese_JesuGehVoran	data/chorale-bricks/Drese_JesuGehVoran	12	"[""1"", ""2"", ""3"", ""4"", ""5"", ""6"", ""7"", ""8"", ""9"", ""10"", ""13"", ""17""]"	"[""9"", ""13"", ""10"", ""2"", ""5"", ""1"", ""17"", ""6"", ""8"", ""3"", ""4"", ""7""]"	visual	visual.short.png	data/chorale-bricks/Drese_JesuGehVoran/visual.short.png	12	"[""12"", ""none of the other options is correct"", ""9"", ""13"", ""10""]"	0.2	0	"[""A"", ""B"", ""C"", ""D"", ""E""]"	"{""A"": ""12"", ""B"": ""10"", ""C"": ""13"", ""D"": ""9"", ""E"": ""none of the other options is correct""}"	"[""(A) 12"", ""(B) 10"", ""(C) 13"", ""(D) 9"", ""(E) none of the other options is correct""]"	(A) 12	A
4f98c6c4-5710-56c7-bddf-6c9cfd7b34bf	2	perception	pitch	absolute	pitch-absolute	pitch-recognition		pitch statistics	How many times is the note {pitch} present in the {voice} line?	"[""voice"", ""pitch""]"	get_note_quantity		pitch	"{""voice"": ""alto"", ""pitch"": ""B flat""}"	How many times is the note B flat present in the alto line?	Crueger_AufAufMeinHerzMitFreuden	chorale-bricks	Crueger_AufAufMeinHerzMitFreuden	data/chorale-bricks/Crueger_AufAufMeinHerzMitFreuden	1	"[""2"", ""4"", ""5"", ""7"", ""8"", ""9"", ""10"", ""11"", ""13"", ""16"", ""18""]"	"[""4"", ""5"", ""9"", ""7"", ""8"", ""2"", ""10"", ""11"", ""13"", ""18"", ""16""]"	audio	audio.mastermix.wav	data/chorale-bricks/Crueger_AufAufMeinHerzMitFreuden/audio.mastermix.wav	1	"[""1"", ""none of the other options is correct"", ""4"", ""5"", ""9""]"	0.2	0	"[""A"", ""B"", ""C"", ""D"", ""E""]"	"{""A"": ""none of the other options is correct"", ""B"": ""9"", ""C"": ""4"", ""D"": ""1"", ""E"": ""5""}"	"[""(A) none of the other options is correct"", ""(B) 9"", ""(C) 4"", ""(D) 1"", ""(E) 5""]"	(D) 1	D
7fb1835f-8a48-55d3-a879-2ef55d4f4c32	2	perception	pitch	absolute	pitch-absolute	pitch-recognition		pitch statistics	How many times is the note {pitch} present in the {voice} line?	"[""voice"", ""pitch""]"	get_note_quantity		pitch	"{""voice"": ""alto"", ""pitch"": ""B flat""}"	How many times is the note B flat present in the alto line?	Crueger_AufAufMeinHerzMitFreuden	chorale-bricks	Crueger_AufAufMeinHerzMitFreuden	data/chorale-bricks/Crueger_AufAufMeinHerzMitFreuden	1	"[""2"", ""4"", ""5"", ""7"", ""8"", ""9"", ""10"", ""11"", ""13"", ""16"", ""18""]"	"[""4"", ""5"", ""9"", ""7"", ""8"", ""2"", ""10"", ""11"", ""13"", ""18"", ""16""]"	symbolic	symbolic.abc.txt	data/chorale-bricks/Crueger_AufAufMeinHerzMitFreuden/symbolic.abc.txt	1	"[""1"", ""none of the other options is correct"", ""4"", ""5"", ""9""]"	0.2	0	"[""A"", ""B"", ""C"", ""D"", ""E""]"	"{""A"": ""9"", ""B"": ""4"", ""C"": ""none of the other options is correct"", ""D"": ""1"", ""E"": ""5""}"	"[""(A) 9"", ""(B) 4"", ""(C) none of the other options is correct"", ""(D) 1"", ""(E) 5""]"	(D) 1	D
6b081d4a-6547-5135-a37b-eac8fdadd581	2	perception	pitch	absolute	pitch-absolute	pitch-recognition		pitch statistics	How many times is the note {pitch} present in the {voice} line?	"[""voice"", ""pitch""]"	get_note_quantity		pitch	"{""voice"": ""alto"", ""pitch"": ""B flat""}"	How many times is the note B flat present in the alto line?	Crueger_AufAufMeinHerzMitFreuden	chorale-bricks	Crueger_AufAufMeinHerzMitFreuden	data/chorale-bricks/Crueger_AufAufMeinHerzMitFreuden	1	"[""2"", ""4"", ""5"", ""7"", ""8"", ""9"", ""10"", ""11"", ""13"", ""16"", ""18""]"	"[""4"", ""5"", ""9"", ""7"", ""8"", ""2"", ""10"", ""11"", ""13"", ""18"", ""16""]"	visual	visual.short.png	data/chorale-bricks/Crueger_AufAufMeinHerzMitFreuden/visual.short.png	1	"[""1"", ""none of the other options is correct"", ""4"", ""5"", ""9""]"	0.2	0	"[""A"", ""B"", ""C"", ""D"", ""E""]"	"{""A"": ""5"", ""B"": ""none of the other options is correct"", ""C"": ""1"", ""D"": ""4"", ""E"": ""9""}"	"[""(A) 5"", ""(B) none of the other options is correct"", ""(C) 1"", ""(D) 4"", ""(E) 9""]"	(C) 1	C
6bf9b283-8c73-5bea-9f89-782c5cb56201	2	perception	pitch	absolute	pitch-absolute	pitch-recognition		pitch statistics	How many times is the note {pitch} present in the {voice} line?	"[""voice"", ""pitch""]"	get_note_quantity		pitch	"{""voice"": ""soprano"", ""pitch"": ""F""}"	How many times is the note F present in the soprano line?	Crueger_AufAufMeinHerzMitFreuden	chorale-bricks	Crueger_AufAufMeinHerzMitFreuden	data/chorale-bricks/Crueger_AufAufMeinHerzMitFreuden	4	"[""1"", ""2"", ""5"", ""7"", ""8"", ""9"", ""10"", ""11"", ""13"", ""16"", ""18""]"	"[""10"", ""1"", ""5"", ""13"", ""16"", ""18"", ""2"", ""7"", ""11"", ""9"", ""8""]"	audio	audio.mastermix.wav	data/chorale-bricks/Crueger_AufAufMeinHerzMitFreuden/audio.mastermix.wav	4	"[""4"", ""none of the other options is correct"", ""10"", ""1"", ""5""]"	0.2	0	"[""A"", ""B"", ""C"", ""D"", ""E""]"	"{""A"": ""none of the other options is correct"", ""B"": ""10"", ""C"": ""4"", ""D"": ""1"", ""E"": ""5""}"	"[""(A) none of the other options is correct"", ""(B) 10"", ""(C) 4"", ""(D) 1"", ""(E) 5""]"	(C) 4	C
345ea8fc-c1de-59eb-a016-a54498d23d74	2	perception	pitch	absolute	pitch-absolute	pitch-recognition		pitch statistics	How many times is the note {pitch} present in the {voice} line?	"[""voice"", ""pitch""]"	get_note_quantity		pitch	"{""voice"": ""soprano"", ""pitch"": ""F""}"	How many times is the note F present in the soprano line?	Crueger_AufAufMeinHerzMitFreuden	chorale-bricks	Crueger_AufAufMeinHerzMitFreuden	data/chorale-bricks/Crueger_AufAufMeinHerzMitFreuden	4	"[""1"", ""2"", ""5"", ""7"", ""8"", ""9"", ""10"", ""11"", ""13"", ""16"", ""18""]"	"[""10"", ""1"", ""5"", ""13"", ""16"", ""18"", ""2"", ""7"", ""11"", ""9"", ""8""]"	symbolic	symbolic.abc.txt	data/chorale-bricks/Crueger_AufAufMeinHerzMitFreuden/symbolic.abc.txt	4	"[""4"", ""none of the other options is correct"", ""10"", ""1"", ""5""]"	0.2	0	"[""A"", ""B"", ""C"", ""D"", ""E""]"	"{""A"": ""5"", ""B"": ""none of the other options is correct"", ""C"": ""1"", ""D"": ""4"", ""E"": ""10""}"	"[""(A) 5"", ""(B) none of the other options is correct"", ""(C) 1"", ""(D) 4"", ""(E) 10""]"	(D) 4	D
d12d0273-c2fe-50ee-a9c2-71595e5c392d	2	perception	pitch	absolute	pitch-absolute	pitch-recognition		pitch statistics	How many times is the note {pitch} present in the {voice} line?	"[""voice"", ""pitch""]"	get_note_quantity		pitch	"{""voice"": ""soprano"", ""pitch"": ""F""}"	How many times is the note F present in the soprano line?	Crueger_AufAufMeinHerzMitFreuden	chorale-bricks	Crueger_AufAufMeinHerzMitFreuden	data/chorale-bricks/Crueger_AufAufMeinHerzMitFreuden	4	"[""1"", ""2"", ""5"", ""7"", ""8"", ""9"", ""10"", ""11"", ""13"", ""16"", ""18""]"	"[""10"", ""1"", ""5"", ""13"", ""16"", ""18"", ""2"", ""7"", ""11"", ""9"", ""8""]"	visual	visual.short.png	data/chorale-bricks/Crueger_AufAufMeinHerzMitFreuden/visual.short.png	none of the other options is correct	"[""none of the other options is correct"", ""10"", ""1"", ""5"", ""13""]"	0.2	1	"[""A"", ""B"", ""C"", ""D"", ""E""]"	"{""A"": ""5"", ""B"": ""10"", ""C"": ""1"", ""D"": ""none of the other options is correct"", ""E"": ""13""}"	"[""(A) 5"", ""(B) 10"", ""(C) 1"", ""(D) none of the other options is correct"", ""(E) 13""]"	(D) none of the other options is correct	D
23724061-9948-5ffa-8ea9-b3a4a4015618	2	perception	pitch	absolute	pitch-absolute	pitch-recognition		pitch statistics	How many times is the note {pitch} present in the {voice} line?	"[""voice"", ""pitch""]"	get_note_quantity		pitch	"{""voice"": ""alto"", ""pitch"": ""E""}"	How many times is the note E present in the alto line?	Gesius_BefiehlDuDeineWege	chorale-bricks	Gesius_BefiehlDuDeineWege	data/chorale-bricks/Gesius_BefiehlDuDeineWege	13	"[""1"", ""2"", ""3"", ""4"", ""5"", ""6"", ""7"", ""8"", ""10"", ""11"", ""12"", ""16"", ""17""]"	"[""11"", ""10"", ""2"", ""12"", ""4"", ""7"", ""17"", ""3"", ""6"", ""1"", ""5"", ""16"", ""8""]"	audio	audio.mastermix.wav	data/chorale-bricks/Gesius_BefiehlDuDeineWege/audio.mastermix.wav	13	"[""13"", ""none of the other options is correct"", ""11"", ""10"", ""2""]"	0.2	0	"[""A"", ""B"", ""C"", ""D"", ""E""]"	"{""A"": ""11"", ""B"": ""10"", ""C"": ""2"", ""D"": ""none of the other options is correct"", ""E"": ""13""}"	"[""(A) 11"", ""(B) 10"", ""(C) 2"", ""(D) none of the other options is correct"", ""(E) 13""]"	(E) 13	E
5c527df3-a611-517f-baf4-635c1b8f67dc	2	perception	pitch	absolute	pitch-absolute	pitch-recognition		pitch statistics	How many times is the note {pitch} present in the {voice} line?	"[""voice"", ""pitch""]"	get_note_quantity		pitch	"{""voice"": ""alto"", ""pitch"": ""E""}"	How many times is the note E present in the alto line?	Gesius_BefiehlDuDeineWege	chorale-bricks	Gesius_BefiehlDuDeineWege	data/chorale-bricks/Gesius_BefiehlDuDeineWege	13	"[""1"", ""2"", ""3"", ""4"", ""5"", ""6"", ""7"", ""8"", ""10"", ""11"", ""12"", ""16"", ""17""]"	"[""11"", ""10"", ""2"", ""12"", ""4"", ""7"", ""17"", ""3"", ""6"", ""1"", ""5"", ""16"", ""8""]"	symbolic	symbolic.abc.txt	data/chorale-bricks/Gesius_BefiehlDuDeineWege/symbolic.abc.txt	13	"[""13"", ""none of the other options is correct"", ""11"", ""10"", ""2""]"	0.2	0	"[""A"", ""B"", ""C"", ""D"", ""E""]"	"{""A"": ""10"", ""B"": ""none of the other options is correct"", ""C"": ""13"", ""D"": ""2"", ""E"": ""11""}"	"[""(A) 10"", ""(B) none of the other options is correct"", ""(C) 13"", ""(D) 2"", ""(E) 11""]"	(C) 13	C
be21fa75-415f-561b-867a-db68c9fea75d	2	perception	pitch	absolute	pitch-absolute	pitch-recognition		pitch statistics	How many times is the note {pitch} present in the {voice} line?	"[""voice"", ""pitch""]"	get_note_quantity		pitch	"{""voice"": ""alto"", ""pitch"": ""E""}"	How many times is the note E present in the alto line?	Gesius_BefiehlDuDeineWege	chorale-bricks	Gesius_BefiehlDuDeineWege	data/chorale-bricks/Gesius_BefiehlDuDeineWege	13	"[""1"", ""2"", ""3"", ""4"", ""5"", ""6"", ""7"", ""8"", ""10"", ""11"", ""12"", ""16"", ""17""]"	"[""11"", ""10"", ""2"", ""12"", ""4"", ""7"", ""17"", ""3"", ""6"", ""1"", ""5"", ""16"", ""8""]"	visual	visual.short.png	data/chorale-bricks/Gesius_BefiehlDuDeineWege/visual.short.png	none of the other options is correct	"[""none of the other options is correct"", ""11"", ""10"", ""2"", ""12""]"	0.2	1	"[""A"", ""B"", ""C"", ""D"", ""E""]"	"{""A"": ""2"", ""B"": ""11"", ""C"": ""10"", ""D"": ""12"", ""E"": ""none of the other options is correct""}"	"[""(A) 2"", ""(B) 11"", ""(C) 10"", ""(D) 12"", ""(E) none of the other options is correct""]"	(E) none of the other options is correct	E
d7ccfe08-685c-5634-b2ba-6a2f60be9b6d	2	perception	pitch	absolute	pitch-absolute	pitch-recognition		pitch statistics	How many times is the note {pitch} present in the {voice} line?	"[""voice"", ""pitch""]"	get_note_quantity		pitch	"{""voice"": ""alto"", ""pitch"": ""C sharp""}"	How many times is the note C sharp present in the alto line?	Jan_DuGrosserSchmerzensmann	chorale-bricks	Jan_DuGrosserSchmerzensmann	data/chorale-bricks/Jan_DuGrosserSchmerzensmann	1	"[""2"", ""3"", ""5"", ""6"", ""7"", ""8"", ""9"", ""12"", ""13"", ""14"", ""19""]"	"[""14"", ""8"", ""19"", ""13"", ""12"", ""3"", ""6"", ""9"", ""2"", ""5"", ""7""]"	audio	audio.mastermix.wav	data/chorale-bricks/Jan_DuGrosserSchmerzensmann/audio.mastermix.wav	1	"[""1"", ""none of the other options is correct"", ""14"", ""8"", ""19""]"	0.2	0	"[""A"", ""B"", ""C"", ""D"", ""E""]"	"{""A"": ""none of the other options is correct"", ""B"": ""1"", ""C"": ""14"", ""D"": ""19"", ""E"": ""8""}"	"[""(A) none of the other options is correct"", ""(B) 1"", ""(C) 14"", ""(D) 19"", ""(E) 8""]"	(B) 1	B
e7bee8bc-76a6-5816-be29-a49c9350030b	2	perception	pitch	absolute	pitch-absolute	pitch-recognition		pitch statistics	How many times is the note {pitch} present in the {voice} line?	"[""voice"", ""pitch""]"	get_note_quantity		pitch	"{""voice"": ""alto"", ""pitch"": ""C sharp""}"	How many times is the note C sharp present in the alto line?	Jan_DuGrosserSchmerzensmann	chorale-bricks	Jan_DuGrosserSchmerzensmann	data/chorale-bricks/Jan_DuGrosserSchmerzensmann	1	"[""2"", ""3"", ""5"", ""6"", ""7"", ""8"", ""9"", ""12"", ""13"", ""14"", ""19""]"	"[""14"", ""8"", ""19"", ""13"", ""12"", ""3"", ""6"", ""9"", ""2"", ""5"", ""7""]"	symbolic	symbolic.abc.txt	data/chorale-bricks/Jan_DuGrosserSchmerzensmann/symbolic.abc.txt	1	"[""1"", ""none of the other options is correct"", ""14"", ""8"", ""19""]"	0.2	0	"[""A"", ""B"", ""C"", ""D"", ""E""]"	"{""A"": ""8"", ""B"": ""none of the other options is correct"", ""C"": ""1"", ""D"": ""19"", ""E"": ""14""}"	"[""(A) 8"", ""(B) none of the other options is correct"", ""(C) 1"", ""(D) 19"", ""(E) 14""]"	(C) 1	C
267fea5d-f607-5813-a48e-0ee75d08d823	2	perception	pitch	absolute	pitch-absolute	pitch-recognition		pitch statistics	How many times is the note {pitch} present in the {voice} line?	"[""voice"", ""pitch""]"	get_note_quantity		pitch	"{""voice"": ""alto"", ""pitch"": ""C sharp""}"	How many times is the note C sharp present in the alto line?	Jan_DuGrosserSchmerzensmann	chorale-bricks	Jan_DuGrosserSchmerzensmann	data/chorale-bricks/Jan_DuGrosserSchmerzensmann	1	"[""2"", ""3"", ""5"", ""6"", ""7"", ""8"", ""9"", ""12"", ""13"", ""14"", ""19""]"	"[""14"", ""8"", ""19"", ""13"", ""12"", ""3"", ""6"", ""9"", ""2"", ""5"", ""7""]"	visual	visual.short.png	data/chorale-bricks/Jan_DuGrosserSchmerzensmann/visual.short.png	none of the other options is correct	"[""none of the other options is correct"", ""14"", ""8"", ""19"", ""13""]"	0.2	1	"[""A"", ""B"", ""C"", ""D"", ""E""]"	"{""A"": ""13"", ""B"": ""19"", ""C"": ""none of the other options is correct"", ""D"": ""14"", ""E"": ""8""}"	"[""(A) 13"", ""(B) 19"", ""(C) none of the other options is correct"", ""(D) 14"", ""(E) 8""]"	(C) none of the other options is correct	C
4bb207ae-d9f5-5116-ac8a-2d7957ec3b99	2	perception	pitch	absolute	pitch-absolute	pitch-recognition		pitch statistics	How many times is the note {pitch} present in the {voice} line?	"[""voice"", ""pitch""]"	get_note_quantity		pitch	"{""voice"": ""alto"", ""pitch"": ""F sharp""}"	How many times is the note F sharp present in the alto line?	Vulpius_ChristusDerIstMeinLeben	chorale-bricks	Vulpius_ChristusDerIstMeinLeben	data/chorale-bricks/Vulpius_ChristusDerIstMeinLeben	1	"[""2"", ""3"", ""4"", ""5"", ""6"", ""7"", ""8"", ""10"", ""11"", ""14""]"	"[""7"", ""11"", ""2"", ""14"", ""8"", ""6"", ""4"", ""10"", ""5"", ""3""]"	audio	audio.mastermix.wav	data/chorale-bricks/Vulpius_ChristusDerIstMeinLeben/audio.mastermix.wav	1	"[""1"", ""none of the other options is correct"", ""7"", ""11"", ""2""]"	0.2	0	"[""A"", ""B"", ""C"", ""D"", ""E""]"	"{""A"": ""1"", ""B"": ""2"", ""C"": ""none of the other options is correct"", ""D"": ""7"", ""E"": ""11""}"	"[""(A) 1"", ""(B) 2"", ""(C) none of the other options is correct"", ""(D) 7"", ""(E) 11""]"	(A) 1	A
cde5f548-f0a2-58b6-ad62-4dc37078c2f7	2	perception	pitch	absolute	pitch-absolute	pitch-recognition		pitch statistics	How many times is the note {pitch} present in the {voice} line?	"[""voice"", ""pitch""]"	get_note_quantity		pitch	"{""voice"": ""alto"", ""pitch"": ""F sharp""}"	How many times is the note F sharp present in the alto line?	Vulpius_ChristusDerIstMeinLeben	chorale-bricks	Vulpius_ChristusDerIstMeinLeben	data/chorale-bricks/Vulpius_ChristusDerIstMeinLeben	1	"[""2"", ""3"", ""4"", ""5"", ""6"", ""7"", ""8"", ""10"", ""11"", ""14""]"	"[""7"", ""11"", ""2"", ""14"", ""8"", ""6"", ""4"", ""10"", ""5"", ""3""]"	symbolic	symbolic.abc.txt	data/chorale-bricks/Vulpius_ChristusDerIstMeinLeben/symbolic.abc.txt	1	"[""1"", ""none of the other options is correct"", ""7"", ""11"", ""2""]"	0.2	0	"[""A"", ""B"", ""C"", ""D"", ""E""]"	"{""A"": ""11"", ""B"": ""2"", ""C"": ""1"", ""D"": ""7"", ""E"": ""none of the other options is correct""}"	"[""(A) 11"", ""(B) 2"", ""(C) 1"", ""(D) 7"", ""(E) none of the other options is correct""]"	(C) 1	C
387218f9-7492-5fda-b8e7-6ba19c8b3692	2	perception	pitch	absolute	pitch-absolute	pitch-recognition		pitch statistics	How many times is the note {pitch} present in the {voice} line?	"[""voice"", ""pitch""]"	get_note_quantity		pitch	"{""voice"": ""alto"", ""pitch"": ""F sharp""}"	How many times is the note F sharp present in the alto line?	Vulpius_ChristusDerIstMeinLeben	chorale-bricks	Vulpius_ChristusDerIstMeinLeben	data/chorale-bricks/Vulpius_ChristusDerIstMeinLeben	1	"[""2"", ""3"", ""4"", ""5"", ""6"", ""7"", ""8"", ""10"", ""11"", ""14""]"	"[""7"", ""11"", ""2"", ""14"", ""8"", ""6"", ""4"", ""10"", ""5"", ""3""]"	visual	visual.short.png	data/chorale-bricks/Vulpius_ChristusDerIstMeinLeben/visual.short.png	1	"[""1"", ""none of the other options is correct"", ""7"", ""11"", ""2""]"	0.2	0	"[""A"", ""B"", ""C"", ""D"", ""E""]"	"{""A"": ""11"", ""B"": ""7"", ""C"": ""2"", ""D"": ""1"", ""E"": ""none of the other options is correct""}"	"[""(A) 11"", ""(B) 7"", ""(C) 2"", ""(D) 1"", ""(E) none of the other options is correct""]"	(D) 1	D
d1d84a33-2087-554c-b37a-93ec2a82781b	2	perception	pitch	absolute	pitch-absolute	pitch-recognition		pitch statistics	How many times is the note {pitch} present in the {voice} line?	"[""voice"", ""pitch""]"	get_note_quantity		pitch	"{""voice"": ""alto"", ""pitch"": ""A""}"	How many times is the note A present in the alto line?	Gesius_BefiehlDuDeineWege	chorale-bricks	Gesius_BefiehlDuDeineWege	data/chorale-bricks/Gesius_BefiehlDuDeineWege	3	"[""1"", ""2"", ""4"", ""5"", ""6"", ""7"", ""8"", ""10"", ""11"", ""12"", ""13"", ""16"", ""17""]"	"[""5"", ""1"", ""10"", ""6"", ""11"", ""12"", ""16"", ""7"", ""17"", ""8"", ""2"", ""13"", ""4""]"	audio	audio.mastermix.wav	data/chorale-bricks/Gesius_BefiehlDuDeineWege/audio.mastermix.wav	3	"[""3"", ""none of the other options is correct"", ""5"", ""1"", ""10""]"	0.2	0	"[""A"", ""B"", ""C"", ""D"", ""E""]"	"{""A"": ""none of the other options is correct"", ""B"": ""1"", ""C"": ""3"", ""D"": ""5"", ""E"": ""10""}"	"[""(A) none of the other options is correct"", ""(B) 1"", ""(C) 3"", ""(D) 5"", ""(E) 10""]"	(C) 3	C
d6c10f38-eb80-5d57-aec9-06f21f92b5a5	2	perception	pitch	absolute	pitch-absolute	pitch-recognition		pitch statistics	How many times is the note {pitch} present in the {voice} line?	"[""voice"", ""pitch""]"	get_note_quantity		pitch	"{""voice"": ""alto"", ""pitch"": ""A""}"	How many times is the note A present in the alto line?	Gesius_BefiehlDuDeineWege	chorale-bricks	Gesius_BefiehlDuDeineWege	data/chorale-bricks/Gesius_BefiehlDuDeineWege	3	"[""1"", ""2"", ""4"", ""5"", ""6"", ""7"", ""8"", ""10"", ""11"", ""12"", ""13"", ""16"", ""17""]"	"[""5"", ""1"", ""10"", ""6"", ""11"", ""12"", ""16"", ""7"", ""17"", ""8"", ""2"", ""13"", ""4""]"	symbolic	symbolic.abc.txt	data/chorale-bricks/Gesius_BefiehlDuDeineWege/symbolic.abc.txt	3	"[""3"", ""none of the other options is correct"", ""5"", ""1"", ""10""]"	0.2	0	"[""A"", ""B"", ""C"", ""D"", ""E""]"	"{""A"": ""none of the other options is correct"", ""B"": ""5"", ""C"": ""10"", ""D"": ""1"", ""E"": ""3""}"	"[""(A) none of the other options is correct"", ""(B) 5"", ""(C) 10"", ""(D) 1"", ""(E) 3""]"	(E) 3	E
99d6c32b-58bd-5ff3-aaad-7db59cd00fdc	2	perception	pitch	absolute	pitch-absolute	pitch-recognition		pitch statistics	How many times is the note {pitch} present in the {voice} line?	"[""voice"", ""pitch""]"	get_note_quantity		pitch	"{""voice"": ""alto"", ""pitch"": ""A""}"	How many times is the note A present in the alto line?	Gesius_BefiehlDuDeineWege	chorale-bricks	Gesius_BefiehlDuDeineWege	data/chorale-bricks/Gesius_BefiehlDuDeineWege	3	"[""1"", ""2"", ""4"", ""5"", ""6"", ""7"", ""8"", ""10"", ""11"", ""12"", ""13"", ""16"", ""17""]"	"[""5"", ""1"", ""10"", ""6"", ""11"", ""12"", ""16"", ""7"", ""17"", ""8"", ""2"", ""13"", ""4""]"	visual	visual.short.png	data/chorale-bricks/Gesius_BefiehlDuDeineWege/visual.short.png	3	"[""3"", ""none of the other options is correct"", ""5"", ""1"", ""10""]"	0.2	0	"[""A"", ""B"", ""C"", ""D"", ""E""]"	"{""A"": ""1"", ""B"": ""10"", ""C"": ""3"", ""D"": ""5"", ""E"": ""none of the other options is correct""}"	"[""(A) 1"", ""(B) 10"", ""(C) 3"", ""(D) 5"", ""(E) none of the other options is correct""]"	(C) 3	C
f62f1293-1e4e-5f85-a4e1-5d363d688a57	2	perception	pitch	absolute	pitch-absolute	pitch-recognition		pitch statistics	How many times is the note {pitch} present in the {voice} line?	"[""voice"", ""pitch""]"	get_note_quantity		pitch	"{""voice"": ""soprano"", ""pitch"": ""E""}"	How many times is the note E present in the soprano line?	Jan_DuGrosserSchmerzensmann	chorale-bricks	Jan_DuGrosserSchmerzensmann	data/chorale-bricks/Jan_DuGrosserSchmerzensmann	2	"[""1"", ""3"", ""5"", ""6"", ""7"", ""8"", ""9"", ""12"", ""13"", ""14"", ""19""]"	"[""7"", ""6"", ""9"", ""5"", ""3"", ""1"", ""8"", ""14"", ""19"", ""12"", ""13""]"	audio	audio.mastermix.wav	data/chorale-bricks/Jan_DuGrosserSchmerzensmann/audio.mastermix.wav	2	"[""2"", ""none of the other options is correct"", ""7"", ""6"", ""9""]"	0.2	0	"[""A"", ""B"", ""C"", ""D"", ""E""]"	"{""A"": ""2"", ""B"": ""6"", ""C"": ""none of the other options is correct"", ""D"": ""7"", ""E"": ""9""}"	"[""(A) 2"", ""(B) 6"", ""(C) none of the other options is correct"", ""(D) 7"", ""(E) 9""]"	(A) 2	A
0250e9e5-1e38-5bae-8011-b15d162bc32c	2	perception	pitch	absolute	pitch-absolute	pitch-recognition		pitch statistics	How many times is the note {pitch} present in the {voice} line?	"[""voice"", ""pitch""]"	get_note_quantity		pitch	"{""voice"": ""soprano"", ""pitch"": ""E""}"	How many times is the note E present in the soprano line?	Jan_DuGrosserSchmerzensmann	chorale-bricks	Jan_DuGrosserSchmerzensmann	data/chorale-bricks/Jan_DuGrosserSchmerzensmann	2	"[""1"", ""3"", ""5"", ""6"", ""7"", ""8"", ""9"", ""12"", ""13"", ""14"", ""19""]"	"[""7"", ""6"", ""9"", ""5"", ""3"", ""1"", ""8"", ""14"", ""19"", ""12"", ""13""]"	symbolic	symbolic.abc.txt	data/chorale-bricks/Jan_DuGrosserSchmerzensmann/symbolic.abc.txt	2	"[""2"", ""none of the other options is correct"", ""7"", ""6"", ""9""]"	0.2	0	"[""A"", ""B"", ""C"", ""D"", ""E""]"	"{""A"": ""9"", ""B"": ""7"", ""C"": ""6"", ""D"": ""none of the other options is correct"", ""E"": ""2""}"	"[""(A) 9"", ""(B) 7"", ""(C) 6"", ""(D) none of the other options is correct"", ""(E) 2""]"	(E) 2	E
74fbd0e9-d215-54ac-bca8-a27ed07bb8de	2	perception	pitch	absolute	pitch-absolute	pitch-recognition		pitch statistics	How many times is the note {pitch} present in the {voice} line?	"[""voice"", ""pitch""]"	get_note_quantity		pitch	"{""voice"": ""soprano"", ""pitch"": ""E""}"	How many times is the note E present in the soprano line?	Jan_DuGrosserSchmerzensmann	chorale-bricks	Jan_DuGrosserSchmerzensmann	data/chorale-bricks/Jan_DuGrosserSchmerzensmann	2	"[""1"", ""3"", ""5"", ""6"", ""7"", ""8"", ""9"", ""12"", ""13"", ""14"", ""19""]"	"[""7"", ""6"", ""9"", ""5"", ""3"", ""1"", ""8"", ""14"", ""19"", ""12"", ""13""]"	visual	visual.short.png	data/chorale-bricks/Jan_DuGrosserSchmerzensmann/visual.short.png	2	"[""2"", ""none of the other options is correct"", ""7"", ""6"", ""9""]"	0.2	0	"[""A"", ""B"", ""C"", ""D"", ""E""]"	"{""A"": ""2"", ""B"": ""6"", ""C"": ""9"", ""D"": ""7"", ""E"": ""none of the other options is correct""}"	"[""(A) 2"", ""(B) 6"", ""(C) 9"", ""(D) 7"", ""(E) none of the other options is correct""]"	(A) 2	A
ebf4dc87-b0ec-59bf-87d3-acf2e96ca616	2	perception	pitch	absolute	pitch-absolute	pitch-recognition		pitch statistics	How many times is the note {pitch} present in the {voice} line?	"[""voice"", ""pitch""]"	get_note_quantity		pitch	"{""voice"": ""tenor"", ""pitch"": ""B""}"	How many times is the note B present in the tenor line?	Bach_IchStehAnDeinerKrippe	chorale-bricks	Bach_IchStehAnDeinerKrippe	data/chorale-bricks/Bach_IchStehAnDeinerKrippe	13	"[""1"", ""2"", ""3"", ""4"", ""5"", ""6"", ""7"", ""8"", ""9"", ""11"", ""12"", ""14""]"	"[""3"", ""1"", ""4"", ""8"", ""12"", ""2"", ""7"", ""11"", ""6"", ""14"", ""9"", ""5""]"	audio	audio.mastermix.wav	data/chorale-bricks/Bach_IchStehAnDeinerKrippe/audio.mastermix.wav	13	"[""13"", ""none of the other options is correct"", ""3"", ""1"", ""4""]"	0.2	0	"[""A"", ""B"", ""C"", ""D"", ""E""]"	"{""A"": ""4"", ""B"": ""1"", ""C"": ""none of the other options is correct"", ""D"": ""3"", ""E"": ""13""}"	"[""(A) 4"", ""(B) 1"", ""(C) none of the other options is correct"", ""(D) 3"", ""(E) 13""]"	(E) 13	E
c5e5209d-72f9-5446-b56c-d4b6f0517ed5	2	perception	pitch	absolute	pitch-absolute	pitch-recognition		pitch statistics	How many times is the note {pitch} present in the {voice} line?	"[""voice"", ""pitch""]"	get_note_quantity		pitch	"{""voice"": ""tenor"", ""pitch"": ""B""}"	How many times is the note B present in the tenor line?	Bach_IchStehAnDeinerKrippe	chorale-bricks	Bach_IchStehAnDeinerKrippe	data/chorale-bricks/Bach_IchStehAnDeinerKrippe	13	"[""1"", ""2"", ""3"", ""4"", ""5"", ""6"", ""7"", ""8"", ""9"", ""11"", ""12"", ""14""]"	"[""3"", ""1"", ""4"", ""8"", ""12"", ""2"", ""7"", ""11"", ""6"", ""14"", ""9"", ""5""]"	symbolic	symbolic.abc.txt	data/chorale-bricks/Bach_IchStehAnDeinerKrippe/symbolic.abc.txt	13	"[""13"", ""none of the other options is correct"", ""3"", ""1"", ""4""]"	0.2	0	"[""A"", ""B"", ""C"", ""D"", ""E""]"	"{""A"": ""none of the other options is correct"", ""B"": ""1"", ""C"": ""3"", ""D"": ""4"", ""E"": ""13""}"	"[""(A) none of the other options is correct"", ""(B) 1"", ""(C) 3"", ""(D) 4"", ""(E) 13""]"	(E) 13	E
3136b3fc-6fdc-5a3a-98c6-e117ec5ce4d6	2	perception	pitch	absolute	pitch-absolute	pitch-recognition		pitch statistics	How many times is the note {pitch} present in the {voice} line?	"[""voice"", ""pitch""]"	get_note_quantity		pitch	"{""voice"": ""tenor"", ""pitch"": ""B""}"	How many times is the note B present in the tenor line?	Bach_IchStehAnDeinerKrippe	chorale-bricks	Bach_IchStehAnDeinerKrippe	data/chorale-bricks/Bach_IchStehAnDeinerKrippe	13	"[""1"", ""2"", ""3"", ""4"", ""5"", ""6"", ""7"", ""8"", ""9"", ""11"", ""12"", ""14""]"	"[""3"", ""1"", ""4"", ""8"", ""12"", ""2"", ""7"", ""11"", ""6"", ""14"", ""9"", ""5""]"	visual	visual.short.png	data/chorale-bricks/Bach_IchStehAnDeinerKrippe/visual.short.png	none of the other options is correct	"[""none of the other options is correct"", ""3"", ""1"", ""4"", ""8""]"	0.2	1	"[""A"", ""B"", ""C"", ""D"", ""E""]"	"{""A"": ""1"", ""B"": ""8"", ""C"": ""none of the other options is correct"", ""D"": ""4"", ""E"": ""3""}"	"[""(A) 1"", ""(B) 8"", ""(C) none of the other options is correct"", ""(D) 4"", ""(E) 3""]"	(C) none of the other options is correct	C
5815b8dd-87fd-5718-8d88-97f15b4db2af	2	perception	pitch	absolute	pitch-absolute	pitch-recognition		pitch statistics	How many times is the note {pitch} present in the {voice} line?	"[""voice"", ""pitch""]"	get_note_quantity		pitch	"{""voice"": ""tenor"", ""pitch"": ""G""}"	How many times is the note G present in the tenor line?	Anonymous_AusMeinesHerzensGrunde	chorale-bricks	Anonymous_AusMeinesHerzensGrunde	data/chorale-bricks/Anonymous_AusMeinesHerzensGrunde	9	"[""1"", ""2"", ""3"", ""5"", ""6"", ""7"", ""8"", ""13"", ""15"", ""16"", ""18"", ""23"", ""25""]"	"[""1"", ""25"", ""6"", ""15"", ""18"", ""3"", ""13"", ""7"", ""16"", ""2"", ""5"", ""8"", ""23""]"	audio	audio.mastermix.wav	data/chorale-bricks/Anonymous_AusMeinesHerzensGrunde/audio.mastermix.wav	9	"[""9"", ""none of the other options is correct"", ""1"", ""25"", ""6""]"	0.2	0	"[""A"", ""B"", ""C"", ""D"", ""E""]"	"{""A"": ""1"", ""B"": ""6"", ""C"": ""9"", ""D"": ""none of the other options is correct"", ""E"": ""25""}"	"[""(A) 1"", ""(B) 6"", ""(C) 9"", ""(D) none of the other options is correct"", ""(E) 25""]"	(C) 9	C
c98a1e87-a3b2-58b1-8253-ff555f0b2e1f	2	perception	pitch	absolute	pitch-absolute	pitch-recognition		pitch statistics	How many times is the note {pitch} present in the {voice} line?	"[""voice"", ""pitch""]"	get_note_quantity		pitch	"{""voice"": ""tenor"", ""pitch"": ""G""}"	How many times is the note G present in the tenor line?	Anonymous_AusMeinesHerzensGrunde	chorale-bricks	Anonymous_AusMeinesHerzensGrunde	data/chorale-bricks/Anonymous_AusMeinesHerzensGrunde	9	"[""1"", ""2"", ""3"", ""5"", ""6"", ""7"", ""8"", ""13"", ""15"", ""16"", ""18"", ""23"", ""25""]"	"[""1"", ""25"", ""6"", ""15"", ""18"", ""3"", ""13"", ""7"", ""16"", ""2"", ""5"", ""8"", ""23""]"	symbolic	symbolic.abc.txt	data/chorale-bricks/Anonymous_AusMeinesHerzensGrunde/symbolic.abc.txt	9	"[""9"", ""none of the other options is correct"", ""1"", ""25"", ""6""]"	0.2	0	"[""A"", ""B"", ""C"", ""D"", ""E""]"	"{""A"": ""9"", ""B"": ""none of the other options is correct"", ""C"": ""1"", ""D"": ""6"", ""E"": ""25""}"	"[""(A) 9"", ""(B) none of the other options is correct"", ""(C) 1"", ""(D) 6"", ""(E) 25""]"	(A) 9	A
83744eb3-3892-5fca-a0f4-9f30cea4f514	2	perception	pitch	absolute	pitch-absolute	pitch-recognition		pitch statistics	How many times is the note {pitch} present in the {voice} line?	"[""voice"", ""pitch""]"	get_note_quantity		pitch	"{""voice"": ""tenor"", ""pitch"": ""G""}"	How many times is the note G present in the tenor line?	Anonymous_AusMeinesHerzensGrunde	chorale-bricks	Anonymous_AusMeinesHerzensGrunde	data/chorale-bricks/Anonymous_AusMeinesHerzensGrunde	9	"[""1"", ""2"", ""3"", ""5"", ""6"", ""7"", ""8"", ""13"", ""15"", ""16"", ""18"", ""23"", ""25""]"	"[""1"", ""25"", ""6"", ""15"", ""18"", ""3"", ""13"", ""7"", ""16"", ""2"", ""5"", ""8"", ""23""]"	visual	visual.short.png	data/chorale-bricks/Anonymous_AusMeinesHerzensGrunde/visual.short.png	9	"[""9"", ""none of the other options is correct"", ""1"", ""25"", ""6""]"	0.2	0	"[""A"", ""B"", ""C"", ""D"", ""E""]"	"{""A"": ""none of the other options is correct"", ""B"": ""25"", ""C"": ""9"", ""D"": ""1"", ""E"": ""6""}"	"[""(A) none of the other options is correct"", ""(B) 25"", ""(C) 9"", ""(D) 1"", ""(E) 6""]"	(C) 9	C
965bc694-bb7a-561f-8e15-7c2c6ccefe0b	3	perception	pitch	relative	pitch-relative	interval-recognition		interval recognition	What is the {target_index} interval in the {voice} line?	"[""target_index"", ""voice""]"	get_nth_interval		interval	"{""target_index"": ""37th"", ""voice"": ""bass""}"	What is the 37th interval in the bass line?	Bach_IchStehAnDeinerKrippe	chorale-bricks	Bach_IchStehAnDeinerKrippe	data/chorale-bricks/Bach_IchStehAnDeinerKrippe	Minor Second	"[""Diminished Unison"", ""Major Second"", ""Major Third"", ""Minor Sixth"", ""Minor Third"", ""Perfect Fifth"", ""Perfect Fourth"", ""Perfect Unison""]"	"[""Major Third"", ""Major Second"", ""Perfect Fourth"", ""Perfect Unison"", ""Minor Third"", ""Diminished Unison"", ""Minor Sixth"", ""Perfect Fifth""]"	audio	audio.mastermix.wav	data/chorale-bricks/Bach_IchStehAnDeinerKrippe/audio.mastermix.wav	Minor Second	"[""Minor Second"", ""none of the other options is correct"", ""Major Third"", ""Major Second"", ""Perfect Fourth""]"	0.2	0	"[""A"", ""B"", ""C"", ""D"", ""E""]"	"{""A"": ""Perfect Fourth"", ""B"": ""Major Third"", ""C"": ""Major Second"", ""D"": ""Minor Second"", ""E"": ""none of the other options is correct""}"	"[""(A) Perfect Fourth"", ""(B) Major Third"", ""(C) Major Second"", ""(D) Minor Second"", ""(E) none of the other options is correct""]"	(D) Minor Second	D
ea36ced0-fa86-57d3-9083-0901b8e914c2	3	perception	pitch	relative	pitch-relative	interval-recognition		interval recognition	What is the {target_index} interval in the {voice} line?	"[""target_index"", ""voice""]"	get_nth_interval		interval	"{""target_index"": ""37th"", ""voice"": ""bass""}"	What is the 37th interval in the bass line?	Bach_IchStehAnDeinerKrippe	chorale-bricks	Bach_IchStehAnDeinerKrippe	data/chorale-bricks/Bach_IchStehAnDeinerKrippe	Minor Second	"[""Diminished Unison"", ""Major Second"", ""Major Third"", ""Minor Sixth"", ""Minor Third"", ""Perfect Fifth"", ""Perfect Fourth"", ""Perfect Unison""]"	"[""Major Third"", ""Major Second"", ""Perfect Fourth"", ""Perfect Unison"", ""Minor Third"", ""Diminished Unison"", ""Minor Sixth"", ""Perfect Fifth""]"	symbolic	symbolic.abc.txt	data/chorale-bricks/Bach_IchStehAnDeinerKrippe/symbolic.abc.txt	Minor Second	"[""Minor Second"", ""none of the other options is correct"", ""Major Third"", ""Major Second"", ""Perfect Fourth""]"	0.2	0	"[""A"", ""B"", ""C"", ""D"", ""E""]"	"{""A"": ""none of the other options is correct"", ""B"": ""Perfect Fourth"", ""C"": ""Major Second"", ""D"": ""Minor Second"", ""E"": ""Major Third""}"	"[""(A) none of the other options is correct"", ""(B) Perfect Fourth"", ""(C) Major Second"", ""(D) Minor Second"", ""(E) Major Third""]"	(D) Minor Second	D
691ad166-b0ee-58b3-9d01-12d73ec17cd2	3	perception	pitch	relative	pitch-relative	interval-recognition		interval recognition	What is the {target_index} interval in the {voice} line?	"[""target_index"", ""voice""]"	get_nth_interval		interval	"{""target_index"": ""37th"", ""voice"": ""bass""}"	What is the 37th interval in the bass line?	Bach_IchStehAnDeinerKrippe	chorale-bricks	Bach_IchStehAnDeinerKrippe	data/chorale-bricks/Bach_IchStehAnDeinerKrippe	Minor Second	"[""Diminished Unison"", ""Major Second"", ""Major Third"", ""Minor Sixth"", ""Minor Third"", ""Perfect Fifth"", ""Perfect Fourth"", ""Perfect Unison""]"	"[""Major Third"", ""Major Second"", ""Perfect Fourth"", ""Perfect Unison"", ""Minor Third"", ""Diminished Unison"", ""Minor Sixth"", ""Perfect Fifth""]"	visual	visual.short.png	data/chorale-bricks/Bach_IchStehAnDeinerKrippe/visual.short.png	none of the other options is correct	"[""none of the other options is correct"", ""Major Third"", ""Major Second"", ""Perfect Fourth"", ""Perfect Unison""]"	0.2	1	"[""A"", ""B"", ""C"", ""D"", ""E""]"	"{""A"": ""Perfect Fourth"", ""B"": ""Major Third"", ""C"": ""Major Second"", ""D"": ""none of the other options is correct"", ""E"": ""Perfect Unison""}"	"[""(A) Perfect Fourth"", ""(B) Major Third"", ""(C) Major Second"", ""(D) none of the other options is correct"", ""(E) Perfect Unison""]"	(D) none of the other options is correct	D
0d345dc7-59ab-5d26-9290-70a0ed75356d	3	perception	pitch	relative	pitch-relative	interval-recognition		interval recognition	What is the {target_index} interval in the {voice} line?	"[""target_index"", ""voice""]"	get_nth_interval		interval	"{""target_index"": ""21st"", ""voice"": ""bass""}"	What is the 21st interval in the bass line?	Bach_IchStehAnDeinerKrippe	chorale-bricks	Bach_IchStehAnDeinerKrippe	data/chorale-bricks/Bach_IchStehAnDeinerKrippe	Perfect Unison	"[""Diminished Unison"", ""Major Second"", ""Major Third"", ""Minor Second"", ""Minor Sixth"", ""Minor Third"", ""Perfect Fifth"", ""Perfect Fourth""]"	"[""Major Second"", ""Minor Third"", ""Perfect Fourth"", ""Minor Sixth"", ""Major Third"", ""Perfect Fifth"", ""Minor Second"", ""Diminished Unison""]"	audio	audio.mastermix.wav	data/chorale-bricks/Bach_IchStehAnDeinerKrippe/audio.mastermix.wav	none of the other options is correct	"[""none of the other options is correct"", ""Major Second"", ""Minor Third"", ""Perfect Fourth"", ""Minor Sixth""]"	0.2	1	"[""A"", ""B"", ""C"", ""D"", ""E""]"	"{""A"": ""Minor Third"", ""B"": ""Minor Sixth"", ""C"": ""none of the other options is correct"", ""D"": ""Perfect Fourth"", ""E"": ""Major Second""}"	"[""(A) Minor Third"", ""(B) Minor Sixth"", ""(C) none of the other options is correct"", ""(D) Perfect Fourth"", ""(E) Major Second""]"	(C) none of the other options is correct	C
7fbbd6df-4950-575f-9ee6-7cc520a41519	3	perception	pitch	relative	pitch-relative	interval-recognition		interval recognition	What is the {target_index} interval in the {voice} line?	"[""target_index"", ""voice""]"	get_nth_interval		interval	"{""target_index"": ""21st"", ""voice"": ""bass""}"	What is the 21st interval in the bass line?	Bach_IchStehAnDeinerKrippe	chorale-bricks	Bach_IchStehAnDeinerKrippe	data/chorale-bricks/Bach_IchStehAnDeinerKrippe	Perfect Unison	"[""Diminished Unison"", ""Major Second"", ""Major Third"", ""Minor Second"", ""Minor Sixth"", ""Minor Third"", ""Perfect Fifth"", ""Perfect Fourth""]"	"[""Major Second"", ""Minor Third"", ""Perfect Fourth"", ""Minor Sixth"", ""Major Third"", ""Perfect Fifth"", ""Minor Second"", ""Diminished Unison""]"	symbolic	symbolic.abc.txt	data/chorale-bricks/Bach_IchStehAnDeinerKrippe/symbolic.abc.txt	Perfect Unison	"[""Perfect Unison"", ""none of the other options is correct"", ""Major Second"", ""Minor Third"", ""Perfect Fourth""]"	0.2	0	"[""A"", ""B"", ""C"", ""D"", ""E""]"	"{""A"": ""Perfect Fourth"", ""B"": ""Perfect Unison"", ""C"": ""Minor Third"", ""D"": ""Major Second"", ""E"": ""none of the other options is correct""}"	"[""(A) Perfect Fourth"", ""(B) Perfect Unison"", ""(C) Minor Third"", ""(D) Major Second"", ""(E) none of the other options is correct""]"	(B) Perfect Unison	B
e9df1bc6-fe03-574c-8726-a17142e3720d	3	perception	pitch	relative	pitch-relative	interval-recognition		interval recognition	What is the {target_index} interval in the {voice} line?	"[""target_index"", ""voice""]"	get_nth_interval		interval	"{""target_index"": ""21st"", ""voice"": ""bass""}"	What is the 21st interval in the bass line?	Bach_IchStehAnDeinerKrippe	chorale-bricks	Bach_IchStehAnDeinerKrippe	data/chorale-bricks/Bach_IchStehAnDeinerKrippe	Perfect Unison	"[""Diminished Unison"", ""Major Second"", ""Major Third"", ""Minor Second"", ""Minor Sixth"", ""Minor Third"", ""Perfect Fifth"", ""Perfect Fourth""]"	"[""Major Second"", ""Minor Third"", ""Perfect Fourth"", ""Minor Sixth"", ""Major Third"", ""Perfect Fifth"", ""Minor Second"", ""Diminished Unison""]"	visual	visual.short.png	data/chorale-bricks/Bach_IchStehAnDeinerKrippe/visual.short.png	Perfect Unison	"[""Perfect Unison"", ""none of the other options is correct"", ""Major Second"", ""Minor Third"", ""Perfect Fourth""]"	0.2	0	"[""A"", ""B"", ""C"", ""D"", ""E""]"	"{""A"": ""Perfect Fourth"", ""B"": ""Perfect Unison"", ""C"": ""Minor Third"", ""D"": ""Major Second"", ""E"": ""none of the other options is correct""}"	"[""(A) Perfect Fourth"", ""(B) Perfect Unison"", ""(C) Minor Third"", ""(D) Major Second"", ""(E) none of the other options is correct""]"	(B) Perfect Unison	B
2b1afdea-acb9-5fc8-819a-5964d7efe2ac	3	perception	pitch	relative	pitch-relative	interval-recognition		interval recognition	What is the {target_index} interval in the {voice} line?	"[""target_index"", ""voice""]"	get_nth_interval		interval	"{""target_index"": ""22nd"", ""voice"": ""bass""}"	What is the 22nd interval in the bass line?	Vulpius_ChristusDerIstMeinLeben	chorale-bricks	Vulpius_ChristusDerIstMeinLeben	data/chorale-bricks/Vulpius_ChristusDerIstMeinLeben	Major Second	"[""Major Third"", ""Minor Second"", ""Minor Third"", ""Perfect Fifth"", ""Perfect Fourth"", ""Perfect Unison""]"	"[""Minor Second"", ""Perfect Fourth"", ""Perfect Unison"", ""Major Third"", ""Minor Third"", ""Perfect Fifth""]"	audio	audio.mastermix.wav	data/chorale-bricks/Vulpius_ChristusDerIstMeinLeben/audio.mastermix.wav	Major Second	"[""Major Second"", ""none of the other options is correct"", ""Minor Second"", ""Perfect Fourth"", ""Perfect Unison""]"	0.2	0	"[""A"", ""B"", ""C"", ""D"", ""E""]"	"{""A"": ""Perfect Fourth"", ""B"": ""Perfect Unison"", ""C"": ""none of the other options is correct"", ""D"": ""Major Second"", ""E"": ""Minor Second""}"	"[""(A) Perfect Fourth"", ""(B) Perfect Unison"", ""(C) none of the other options is correct"", ""(D) Major Second"", ""(E) Minor Second""]"	(D) Major Second	D
23921e93-dff7-5fca-8bf3-88ef17a6e3f6	3	perception	pitch	relative	pitch-relative	interval-recognition		interval recognition	What is the {target_index} interval in the {voice} line?	"[""target_index"", ""voice""]"	get_nth_interval		interval	"{""target_index"": ""22nd"", ""voice"": ""bass""}"	What is the 22nd interval in the bass line?	Vulpius_ChristusDerIstMeinLeben	chorale-bricks	Vulpius_ChristusDerIstMeinLeben	data/chorale-bricks/Vulpius_ChristusDerIstMeinLeben	Major Second	"[""Major Third"", ""Minor Second"", ""Minor Third"", ""Perfect Fifth"", ""Perfect Fourth"", ""Perfect Unison""]"	"[""Minor Second"", ""Perfect Fourth"", ""Perfect Unison"", ""Major Third"", ""Minor Third"", ""Perfect Fifth""]"	symbolic	symbolic.abc.txt	data/chorale-bricks/Vulpius_ChristusDerIstMeinLeben/symbolic.abc.txt	Major Second	"[""Major Second"", ""none of the other options is correct"", ""Minor Second"", ""Perfect Fourth"", ""Perfect Unison""]"	0.2	0	"[""A"", ""B"", ""C"", ""D"", ""E""]"	"{""A"": ""Major Second"", ""B"": ""Perfect Unison"", ""C"": ""Minor Second"", ""D"": ""none of the other options is correct"", ""E"": ""Perfect Fourth""}"	"[""(A) Major Second"", ""(B) Perfect Unison"", ""(C) Minor Second"", ""(D) none of the other options is correct"", ""(E) Perfect Fourth""]"	(A) Major Second	A
cc67b4d5-0fc7-58a3-bcd2-502d782f6bac	3	perception	pitch	relative	pitch-relative	interval-recognition		interval recognition	What is the {target_index} interval in the {voice} line?	"[""target_index"", ""voice""]"	get_nth_interval		interval	"{""target_index"": ""22nd"", ""voice"": ""bass""}"	What is the 22nd interval in the bass line?	Vulpius_ChristusDerIstMeinLeben	chorale-bricks	Vulpius_ChristusDerIstMeinLeben	data/chorale-bricks/Vulpius_ChristusDerIstMeinLeben	Major Second	"[""Major Third"", ""Minor Second"", ""Minor Third"", ""Perfect Fifth"", ""Perfect Fourth"", ""Perfect Unison""]"	"[""Minor Second"", ""Perfect Fourth"", ""Perfect Unison"", ""Major Third"", ""Minor Third"", ""Perfect Fifth""]"	visual	visual.short.png	data/chorale-bricks/Vulpius_ChristusDerIstMeinLeben/visual.short.png	Major Second	"[""Major Second"", ""none of the other options is correct"", ""Minor Second"", ""Perfect Fourth"", ""Perfect Unison""]"	0.2	0	"[""A"", ""B"", ""C"", ""D"", ""E""]"	"{""A"": ""Perfect Fourth"", ""B"": ""Minor Second"", ""C"": ""Major Second"", ""D"": ""Perfect Unison"", ""E"": ""none of the other options is correct""}"	"[""(A) Perfect Fourth"", ""(B) Minor Second"", ""(C) Major Second"", ""(D) Perfect Unison"", ""(E) none of the other options is correct""]"	(C) Major Second	C
0359c195-e3af-5946-9121-b29cb9782635	3	perception	pitch	relative	pitch-relative	interval-recognition		interval recognition	What is the {target_index} interval in the {voice} line?	"[""target_index"", ""voice""]"	get_nth_interval		interval	"{""target_index"": ""30th"", ""voice"": ""bass""}"	What is the 30th interval in the bass line?	Bach_IchStehAnDeinerKrippe	chorale-bricks	Bach_IchStehAnDeinerKrippe	data/chorale-bricks/Bach_IchStehAnDeinerKrippe	Perfect Unison	"[""Diminished Unison"", ""Major Second"", ""Major Third"", ""Minor Second"", ""Minor Sixth"", ""Minor Third"", ""Perfect Fifth"", ""Perfect Fourth""]"	"[""Diminished Unison"", ""Perfect Fourth"", ""Major Second"", ""Minor Second"", ""Perfect Fifth"", ""Minor Third"", ""Minor Sixth"", ""Major Third""]"	audio	audio.mastermix.wav	data/chorale-bricks/Bach_IchStehAnDeinerKrippe/audio.mastermix.wav	Perfect Unison	"[""Perfect Unison"", ""none of the other options is correct"", ""Diminished Unison"", ""Perfect Fourth"", ""Major Second""]"	0.2	0	"[""A"", ""B"", ""C"", ""D"", ""E""]"	"{""A"": ""Perfect Unison"", ""B"": ""Perfect Fourth"", ""C"": ""Major Second"", ""D"": ""Diminished Unison"", ""E"": ""none of the other options is correct""}"	"[""(A) Perfect Unison"", ""(B) Perfect Fourth"", ""(C) Major Second"", ""(D) Diminished Unison"", ""(E) none of the other options is correct""]"	(A) Perfect Unison	A
bd263c0b-d8d3-5d1b-b38d-a61958e2ffc2	3	perception	pitch	relative	pitch-relative	interval-recognition		interval recognition	What is the {target_index} interval in the {voice} line?	"[""target_index"", ""voice""]"	get_nth_interval		interval	"{""target_index"": ""30th"", ""voice"": ""bass""}"	What is the 30th interval in the bass line?	Bach_IchStehAnDeinerKrippe	chorale-bricks	Bach_IchStehAnDeinerKrippe	data/chorale-bricks/Bach_IchStehAnDeinerKrippe	Perfect Unison	"[""Diminished Unison"", ""Major Second"", ""Major Third"", ""Minor Second"", ""Minor Sixth"", ""Minor Third"", ""Perfect Fifth"", ""Perfect Fourth""]"	"[""Diminished Unison"", ""Perfect Fourth"", ""Major Second"", ""Minor Second"", ""Perfect Fifth"", ""Minor Third"", ""Minor Sixth"", ""Major Third""]"	symbolic	symbolic.abc.txt	data/chorale-bricks/Bach_IchStehAnDeinerKrippe/symbolic.abc.txt	Perfect Unison	"[""Perfect Unison"", ""none of the other options is correct"", ""Diminished Unison"", ""Perfect Fourth"", ""Major Second""]"	0.2	0	"[""A"", ""B"", ""C"", ""D"", ""E""]"	"{""A"": ""none of the other options is correct"", ""B"": ""Perfect Fourth"", ""C"": ""Perfect Unison"", ""D"": ""Diminished Unison"", ""E"": ""Major Second""}"	"[""(A) none of the other options is correct"", ""(B) Perfect Fourth"", ""(C) Perfect Unison"", ""(D) Diminished Unison"", ""(E) Major Second""]"	(C) Perfect Unison	C
38c5e051-9470-561c-b4b2-759514f5236b	3	perception	pitch	relative	pitch-relative	interval-recognition		interval recognition	What is the {target_index} interval in the {voice} line?	"[""target_index"", ""voice""]"	get_nth_interval		interval	"{""target_index"": ""30th"", ""voice"": ""bass""}"	What is the 30th interval in the bass line?	Bach_IchStehAnDeinerKrippe	chorale-bricks	Bach_IchStehAnDeinerKrippe	data/chorale-bricks/Bach_IchStehAnDeinerKrippe	Perfect Unison	"[""Diminished Unison"", ""Major Second"", ""Major Third"", ""Minor Second"", ""Minor Sixth"", ""Minor Third"", ""Perfect Fifth"", ""Perfect Fourth""]"	"[""Diminished Unison"", ""Perfect Fourth"", ""Major Second"", ""Minor Second"", ""Perfect Fifth"", ""Minor Third"", ""Minor Sixth"", ""Major Third""]"	visual	visual.short.png	data/chorale-bricks/Bach_IchStehAnDeinerKrippe/visual.short.png	Perfect Unison	"[""Perfect Unison"", ""none of the other options is correct"", ""Diminished Unison"", ""Perfect Fourth"", ""Major Second""]"	0.2	0	"[""A"", ""B"", ""C"", ""D"", ""E""]"	"{""A"": ""Major Second"", ""B"": ""Perfect Fourth"", ""C"": ""none of the other options is correct"", ""D"": ""Diminished Unison"", ""E"": ""Perfect Unison""}"	"[""(A) Major Second"", ""(B) Perfect Fourth"", ""(C) none of the other options is correct"", ""(D) Diminished Unison"", ""(E) Perfect Unison""]"	(E) Perfect Unison	E
95a51ce3-a4b5-5954-9774-d6e4c061b8f4	3	perception	pitch	relative	pitch-relative	interval-recognition		interval recognition	What is the {target_index} interval in the {voice} line?	"[""target_index"", ""voice""]"	get_nth_interval		interval	"{""target_index"": ""23rd"", ""voice"": ""alto""}"	What is the 23rd interval in the alto line?	Vulpius_ChristusDerIstMeinLeben	chorale-bricks	Vulpius_ChristusDerIstMeinLeben	data/chorale-bricks/Vulpius_ChristusDerIstMeinLeben	Minor Second	"[""Major Second"", ""Major Third"", ""Minor Third"", ""Perfect Fifth"", ""Perfect Fourth"", ""Perfect Unison""]"	"[""Perfect Unison"", ""Perfect Fifth"", ""Perfect Fourth"", ""Major Second"", ""Minor Third"", ""Major Third""]"	audio	audio.mastermix.wav	data/chorale-bricks/Vulpius_ChristusDerIstMeinLeben/audio.mastermix.wav	Minor Second	"[""Minor Second"", ""none of the other options is correct"", ""Perfect Unison"", ""Perfect Fifth"", ""Perfect Fourth""]"	0.2	0	"[""A"", ""B"", ""C"", ""D"", ""E""]"	"{""A"": ""Perfect Fifth"", ""B"": ""Minor Second"", ""C"": ""none of the other options is correct"", ""D"": ""Perfect Fourth"", ""E"": ""Perfect Unison""}"	"[""(A) Perfect Fifth"", ""(B) Minor Second"", ""(C) none of the other options is correct"", ""(D) Perfect Fourth"", ""(E) Perfect Unison""]"	(B) Minor Second	B
7435dbdf-24e0-5d3b-8630-a43ba72df76b	3	perception	pitch	relative	pitch-relative	interval-recognition		interval recognition	What is the {target_index} interval in the {voice} line?	"[""target_index"", ""voice""]"	get_nth_interval		interval	"{""target_index"": ""23rd"", ""voice"": ""alto""}"	What is the 23rd interval in the alto line?	Vulpius_ChristusDerIstMeinLeben	chorale-bricks	Vulpius_ChristusDerIstMeinLeben	data/chorale-bricks/Vulpius_ChristusDerIstMeinLeben	Minor Second	"[""Major Second"", ""Major Third"", ""Minor Third"", ""Perfect Fifth"", ""Perfect Fourth"", ""Perfect Unison""]"	"[""Perfect Unison"", ""Perfect Fifth"", ""Perfect Fourth"", ""Major Second"", ""Minor Third"", ""Major Third""]"	symbolic	symbolic.abc.txt	data/chorale-bricks/Vulpius_ChristusDerIstMeinLeben/symbolic.abc.txt	Minor Second	"[""Minor Second"", ""none of the other options is correct"", ""Perfect Unison"", ""Perfect Fifth"", ""Perfect Fourth""]"	0.2	0	"[""A"", ""B"", ""C"", ""D"", ""E""]"	"{""A"": ""none of the other options is correct"", ""B"": ""Perfect Fifth"", ""C"": ""Minor Second"", ""D"": ""Perfect Unison"", ""E"": ""Perfect Fourth""}"	"[""(A) none of the other options is correct"", ""(B) Perfect Fifth"", ""(C) Minor Second"", ""(D) Perfect Unison"", ""(E) Perfect Fourth""]"	(C) Minor Second	C
d5a8eb07-c8ec-5c48-b036-35ca83025c0b	3	perception	pitch	relative	pitch-relative	interval-recognition		interval recognition	What is the {target_index} interval in the {voice} line?	"[""target_index"", ""voice""]"	get_nth_interval		interval	"{""target_index"": ""23rd"", ""voice"": ""alto""}"	What is the 23rd interval in the alto line?	Vulpius_ChristusDerIstMeinLeben	chorale-bricks	Vulpius_ChristusDerIstMeinLeben	data/chorale-bricks/Vulpius_ChristusDerIstMeinLeben	Minor Second	"[""Major Second"", ""Major Third"", ""Minor Third"", ""Perfect Fifth"", ""Perfect Fourth"", ""Perfect Unison""]"	"[""Perfect Unison"", ""Perfect Fifth"", ""Perfect Fourth"", ""Major Second"", ""Minor Third"", ""Major Third""]"	visual	visual.short.png	data/chorale-bricks/Vulpius_ChristusDerIstMeinLeben/visual.short.png	none of the other options is correct	"[""none of the other options is correct"", ""Perfect Unison"", ""Perfect Fifth"", ""Perfect Fourth"", ""Major Second""]"	0.2	1	"[""A"", ""B"", ""C"", ""D"", ""E""]"	"{""A"": ""Perfect Unison"", ""B"": ""Major Second"", ""C"": ""Perfect Fifth"", ""D"": ""none of the other options is correct"", ""E"": ""Perfect Fourth""}"	"[""(A) Perfect Unison"", ""(B) Major Second"", ""(C) Perfect Fifth"", ""(D) none of the other options is correct"", ""(E) Perfect Fourth""]"	(D) none of the other options is correct	D
e99df755-9545-5300-b571-aab21119c63a	3	perception	pitch	relative	pitch-relative	interval-recognition		interval recognition	What is the {target_index} interval in the {voice} line?	"[""target_index"", ""voice""]"	get_nth_interval		interval	"{""target_index"": ""14th"", ""voice"": ""bass""}"	What is the 14th interval in the bass line?	Crueger_AufAufMeinHerzMitFreuden	chorale-bricks	Crueger_AufAufMeinHerzMitFreuden	data/chorale-bricks/Crueger_AufAufMeinHerzMitFreuden	Perfect Unison	"[""Diminished Fifth"", ""Major Second"", ""Major Sixth"", ""Major Third"", ""Minor Second"", ""Minor Sixth"", ""Minor Third"", ""Perfect Fifth"", ""Perfect Fourth""]"	"[""Diminished Fifth"", ""Major Third"", ""Minor Second"", ""Perfect Fourth"", ""Major Sixth"", ""Major Second"", ""Minor Sixth"", ""Minor Third"", ""Perfect Fifth""]"	audio	audio.mastermix.wav	data/chorale-bricks/Crueger_AufAufMeinHerzMitFreuden/audio.mastermix.wav	none of the other options is correct	"[""none of the other options is correct"", ""Diminished Fifth"", ""Major Third"", ""Minor Second"", ""Perfect Fourth""]"	0.2	1	"[""A"", ""B"", ""C"", ""D"", ""E""]"	"{""A"": ""Diminished Fifth"", ""B"": ""Minor Second"", ""C"": ""none of the other options is correct"", ""D"": ""Perfect Fourth"", ""E"": ""Major Third""}"	"[""(A) Diminished Fifth"", ""(B) Minor Second"", ""(C) none of the other options is correct"", ""(D) Perfect Fourth"", ""(E) Major Third""]"	(C) none of the other options is correct	C
f844ad0a-8734-50e1-9f60-fdaead2a4cd9	3	perception	pitch	relative	pitch-relative	interval-recognition		interval recognition	What is the {target_index} interval in the {voice} line?	"[""target_index"", ""voice""]"	get_nth_interval		interval	"{""target_index"": ""14th"", ""voice"": ""bass""}"	What is the 14th interval in the bass line?	Crueger_AufAufMeinHerzMitFreuden	chorale-bricks	Crueger_AufAufMeinHerzMitFreuden	data/chorale-bricks/Crueger_AufAufMeinHerzMitFreuden	Perfect Unison	"[""Diminished Fifth"", ""Major Second"", ""Major Sixth"", ""Major Third"", ""Minor Second"", ""Minor Sixth"", ""Minor Third"", ""Perfect Fifth"", ""Perfect Fourth""]"	"[""Diminished Fifth"", ""Major Third"", ""Minor Second"", ""Perfect Fourth"", ""Major Sixth"", ""Major Second"", ""Minor Sixth"", ""Minor Third"", ""Perfect Fifth""]"	symbolic	symbolic.abc.txt	data/chorale-bricks/Crueger_AufAufMeinHerzMitFreuden/symbolic.abc.txt	Perfect Unison	"[""Perfect Unison"", ""none of the other options is correct"", ""Diminished Fifth"", ""Major Third"", ""Minor Second""]"	0.2	0	"[""A"", ""B"", ""C"", ""D"", ""E""]"	"{""A"": ""Minor Second"", ""B"": ""none of the other options is correct"", ""C"": ""Perfect Unison"", ""D"": ""Major Third"", ""E"": ""Diminished Fifth""}"	"[""(A) Minor Second"", ""(B) none of the other options is correct"", ""(C) Perfect Unison"", ""(D) Major Third"", ""(E) Diminished Fifth""]"	(C) Perfect Unison	C
358b31a2-92db-53df-8b48-69dd9dd0837b	3	perception	pitch	relative	pitch-relative	interval-recognition		interval recognition	What is the {target_index} interval in the {voice} line?	"[""target_index"", ""voice""]"	get_nth_interval		interval	"{""target_index"": ""14th"", ""voice"": ""bass""}"	What is the 14th interval in the bass line?	Crueger_AufAufMeinHerzMitFreuden	chorale-bricks	Crueger_AufAufMeinHerzMitFreuden	data/chorale-bricks/Crueger_AufAufMeinHerzMitFreuden	Perfect Unison	"[""Diminished Fifth"", ""Major Second"", ""Major Sixth"", ""Major Third"", ""Minor Second"", ""Minor Sixth"", ""Minor Third"", ""Perfect Fifth"", ""Perfect Fourth""]"	"[""Diminished Fifth"", ""Major Third"", ""Minor Second"", ""Perfect Fourth"", ""Major Sixth"", ""Major Second"", ""Minor Sixth"", ""Minor Third"", ""Perfect Fifth""]"	visual	visual.short.png	data/chorale-bricks/Crueger_AufAufMeinHerzMitFreuden/visual.short.png	Perfect Unison	"[""Perfect Unison"", ""none of the other options is correct"", ""Diminished Fifth"", ""Major Third"", ""Minor Second""]"	0.2	0	"[""A"", ""B"", ""C"", ""D"", ""E""]"	"{""A"": ""Minor Second"", ""B"": ""Perfect Unison"", ""C"": ""none of the other options is correct"", ""D"": ""Major Third"", ""E"": ""Diminished Fifth""}"	"[""(A) Minor Second"", ""(B) Perfect Unison"", ""(C) none of the other options is correct"", ""(D) Major Third"", ""(E) Diminished Fifth""]"	(B) Perfect Unison	B
7c11496c-a773-5266-ac78-3bac65d8eb8e	3	perception	pitch	relative	pitch-relative	interval-recognition		interval recognition	What is the {target_index} interval in the {voice} line?	"[""target_index"", ""voice""]"	get_nth_interval		interval	"{""target_index"": ""12th"", ""voice"": ""soprano""}"	What is the 12th interval in the soprano line?	Crueger_AufAufMeinHerzMitFreuden	chorale-bricks	Crueger_AufAufMeinHerzMitFreuden	data/chorale-bricks/Crueger_AufAufMeinHerzMitFreuden	Major Second	"[""Diminished Fifth"", ""Major Sixth"", ""Major Third"", ""Minor Second"", ""Minor Sixth"", ""Minor Third"", ""Perfect Fifth"", ""Perfect Fourth"", ""Perfect Unison""]"	"[""Perfect Fifth"", ""Minor Third"", ""Major Sixth"", ""Perfect Fourth"", ""Major Third"", ""Minor Sixth"", ""Minor Second"", ""Perfect Unison"", ""Diminished Fifth""]"	audio	audio.mastermix.wav	data/chorale-bricks/Crueger_AufAufMeinHerzMitFreuden/audio.mastermix.wav	none of the other options is correct	"[""none of the other options is correct"", ""Perfect Fifth"", ""Minor Third"", ""Major Sixth"", ""Perfect Fourth""]"	0.2	1	"[""A"", ""B"", ""C"", ""D"", ""E""]"	"{""A"": ""Major Sixth"", ""B"": ""Minor Third"", ""C"": ""none of the other options is correct"", ""D"": ""Perfect Fourth"", ""E"": ""Perfect Fifth""}"	"[""(A) Major Sixth"", ""(B) Minor Third"", ""(C) none of the other options is correct"", ""(D) Perfect Fourth"", ""(E) Perfect Fifth""]"	(C) none of the other options is correct	C
2e76ab99-b6b6-565b-83c8-f3e020aeb649	3	perception	pitch	relative	pitch-relative	interval-recognition		interval recognition	What is the {target_index} interval in the {voice} line?	"[""target_index"", ""voice""]"	get_nth_interval		interval	"{""target_index"": ""12th"", ""voice"": ""soprano""}"	What is the 12th interval in the soprano line?	Crueger_AufAufMeinHerzMitFreuden	chorale-bricks	Crueger_AufAufMeinHerzMitFreuden	data/chorale-bricks/Crueger_AufAufMeinHerzMitFreuden	Major Second	"[""Diminished Fifth"", ""Major Sixth"", ""Major Third"", ""Minor Second"", ""Minor Sixth"", ""Minor Third"", ""Perfect Fifth"", ""Perfect Fourth"", ""Perfect Unison""]"	"[""Perfect Fifth"", ""Minor Third"", ""Major Sixth"", ""Perfect Fourth"", ""Major Third"", ""Minor Sixth"", ""Minor Second"", ""Perfect Unison"", ""Diminished Fifth""]"	symbolic	symbolic.abc.txt	data/chorale-bricks/Crueger_AufAufMeinHerzMitFreuden/symbolic.abc.txt	Major Second	"[""Major Second"", ""none of the other options is correct"", ""Perfect Fifth"", ""Minor Third"", ""Major Sixth""]"	0.2	0	"[""A"", ""B"", ""C"", ""D"", ""E""]"	"{""A"": ""Perfect Fifth"", ""B"": ""Minor Third"", ""C"": ""Major Sixth"", ""D"": ""Major Second"", ""E"": ""none of the other options is correct""}"	"[""(A) Perfect Fifth"", ""(B) Minor Third"", ""(C) Major Sixth"", ""(D) Major Second"", ""(E) none of the other options is correct""]"	(D) Major Second	D
cd782b7b-d2c0-5da8-8bba-c0b945b3bcd3	3	perception	pitch	relative	pitch-relative	interval-recognition		interval recognition	What is the {target_index} interval in the {voice} line?	"[""target_index"", ""voice""]"	get_nth_interval		interval	"{""target_index"": ""12th"", ""voice"": ""soprano""}"	What is the 12th interval in the soprano line?	Crueger_AufAufMeinHerzMitFreuden	chorale-bricks	Crueger_AufAufMeinHerzMitFreuden	data/chorale-bricks/Crueger_AufAufMeinHerzMitFreuden	Major Second	"[""Diminished Fifth"", ""Major Sixth"", ""Major Third"", ""Minor Second"", ""Minor Sixth"", ""Minor Third"", ""Perfect Fifth"", ""Perfect Fourth"", ""Perfect Unison""]"	"[""Perfect Fifth"", ""Minor Third"", ""Major Sixth"", ""Perfect Fourth"", ""Major Third"", ""Minor Sixth"", ""Minor Second"", ""Perfect Unison"", ""Diminished Fifth""]"	visual	visual.short.png	data/chorale-bricks/Crueger_AufAufMeinHerzMitFreuden/visual.short.png	Major Second	"[""Major Second"", ""none of the other options is correct"", ""Perfect Fifth"", ""Minor Third"", ""Major Sixth""]"	0.2	0	"[""A"", ""B"", ""C"", ""D"", ""E""]"	"{""A"": ""Major Second"", ""B"": ""Minor Third"", ""C"": ""Perfect Fifth"", ""D"": ""Major Sixth"", ""E"": ""none of the other options is correct""}"	"[""(A) Major Second"", ""(B) Minor Third"", ""(C) Perfect Fifth"", ""(D) Major Sixth"", ""(E) none of the other options is correct""]"	(A) Major Second	A
20d9660d-0150-5a4f-8cd7-c2981294521e	3	perception	pitch	relative	pitch-relative	interval-recognition		interval recognition	What is the {target_index} interval in the {voice} line?	"[""target_index"", ""voice""]"	get_nth_interval		interval	"{""target_index"": ""33rd"", ""voice"": ""soprano""}"	What is the 33rd interval in the soprano line?	Drese_JesuGehVoran	chorale-bricks	Drese_JesuGehVoran	data/chorale-bricks/Drese_JesuGehVoran	Major Second	"[""Major Sixth"", ""Major Third"", ""Minor Second"", ""Minor Third"", ""Perfect Fifth"", ""Perfect Fourth"", ""Perfect Unison""]"	"[""Perfect Fifth"", ""Perfect Fourth"", ""Major Third"", ""Major Sixth"", ""Perfect Unison"", ""Minor Third"", ""Minor Second""]"	audio	audio.mastermix.wav	data/chorale-bricks/Drese_JesuGehVoran/audio.mastermix.wav	Major Second	"[""Major Second"", ""none of the other options is correct"", ""Perfect Fifth"", ""Perfect Fourth"", ""Major Third""]"	0.2	0	"[""A"", ""B"", ""C"", ""D"", ""E""]"	"{""A"": ""Perfect Fifth"", ""B"": ""Major Second"", ""C"": ""Perfect Fourth"", ""D"": ""Major Third"", ""E"": ""none of the other options is correct""}"	"[""(A) Perfect Fifth"", ""(B) Major Second"", ""(C) Perfect Fourth"", ""(D) Major Third"", ""(E) none of the other options is correct""]"	(B) Major Second	B
58f82ad7-2871-5ca5-af08-8214f89d9fbd	3	perception	pitch	relative	pitch-relative	interval-recognition		interval recognition	What is the {target_index} interval in the {voice} line?	"[""target_index"", ""voice""]"	get_nth_interval		interval	"{""target_index"": ""33rd"", ""voice"": ""soprano""}"	What is the 33rd interval in the soprano line?	Drese_JesuGehVoran	chorale-bricks	Drese_JesuGehVoran	data/chorale-bricks/Drese_JesuGehVoran	Major Second	"[""Major Sixth"", ""Major Third"", ""Minor Second"", ""Minor Third"", ""Perfect Fifth"", ""Perfect Fourth"", ""Perfect Unison""]"	"[""Perfect Fifth"", ""Perfect Fourth"", ""Major Third"", ""Major Sixth"", ""Perfect Unison"", ""Minor Third"", ""Minor Second""]"	symbolic	symbolic.abc.txt	data/chorale-bricks/Drese_JesuGehVoran/symbolic.abc.txt	Major Second	"[""Major Second"", ""none of the other options is correct"", ""Perfect Fifth"", ""Perfect Fourth"", ""Major Third""]"	0.2	0	"[""A"", ""B"", ""C"", ""D"", ""E""]"	"{""A"": ""Major Second"", ""B"": ""Perfect Fifth"", ""C"": ""Major Third"", ""D"": ""Perfect Fourth"", ""E"": ""none of the other options is correct""}"	"[""(A) Major Second"", ""(B) Perfect Fifth"", ""(C) Major Third"", ""(D) Perfect Fourth"", ""(E) none of the other options is correct""]"	(A) Major Second	A
d69fc325-d9ac-5a37-a35c-43ea03fcb2fb	3	perception	pitch	relative	pitch-relative	interval-recognition		interval recognition	What is the {target_index} interval in the {voice} line?	"[""target_index"", ""voice""]"	get_nth_interval		interval	"{""target_index"": ""33rd"", ""voice"": ""soprano""}"	What is the 33rd interval in the soprano line?	Drese_JesuGehVoran	chorale-bricks	Drese_JesuGehVoran	data/chorale-bricks/Drese_JesuGehVoran	Major Second	"[""Major Sixth"", ""Major Third"", ""Minor Second"", ""Minor Third"", ""Perfect Fifth"", ""Perfect Fourth"", ""Perfect Unison""]"	"[""Perfect Fifth"", ""Perfect Fourth"", ""Major Third"", ""Major Sixth"", ""Perfect Unison"", ""Minor Third"", ""Minor Second""]"	visual	visual.short.png	data/chorale-bricks/Drese_JesuGehVoran/visual.short.png	none of the other options is correct	"[""none of the other options is correct"", ""Perfect Fifth"", ""Perfect Fourth"", ""Major Third"", ""Major Sixth""]"	0.2	1	"[""A"", ""B"", ""C"", ""D"", ""E""]"	"{""A"": ""Perfect Fifth"", ""B"": ""none of the other options is correct"", ""C"": ""Major Third"", ""D"": ""Major Sixth"", ""E"": ""Perfect Fourth""}"	"[""(A) Perfect Fifth"", ""(B) none of the other options is correct"", ""(C) Major Third"", ""(D) Major Sixth"", ""(E) Perfect Fourth""]"	(B) none of the other options is correct	B
d20dc075-c87b-5530-b204-bc8728f214ff	3	perception	pitch	relative	pitch-relative	interval-recognition		interval recognition	What is the {target_index} interval in the {voice} line?	"[""target_index"", ""voice""]"	get_nth_interval		interval	"{""target_index"": ""26th"", ""voice"": ""alto""}"	What is the 26th interval in the alto line?	Gesius_DuFriedensfuerstHerrJesuChrist	chorale-bricks	Gesius_DuFriedensfuerstHerrJesuChrist	data/chorale-bricks/Gesius_DuFriedensfuerstHerrJesuChrist	Major Second	"[""Major Third"", ""Minor Second"", ""Minor Third"", ""Perfect Fifth"", ""Perfect Fourth"", ""Perfect Unison""]"	"[""Perfect Fifth"", ""Minor Second"", ""Major Third"", ""Minor Third"", ""Perfect Fourth"", ""Perfect Unison""]"	audio	audio.mastermix.wav	data/chorale-bricks/Gesius_DuFriedensfuerstHerrJesuChrist/audio.mastermix.wav	Major Second	"[""Major Second"", ""none of the other options is correct"", ""Perfect Fifth"", ""Minor Second"", ""Major Third""]"	0.2	0	"[""A"", ""B"", ""C"", ""D"", ""E""]"	"{""A"": ""Minor Second"", ""B"": ""none of the other options is correct"", ""C"": ""Major Second"", ""D"": ""Perfect Fifth"", ""E"": ""Major Third""}"	"[""(A) Minor Second"", ""(B) none of the other options is correct"", ""(C) Major Second"", ""(D) Perfect Fifth"", ""(E) Major Third""]"	(C) Major Second	C
24f96df3-ee52-5b52-8d6f-806ce53f2a27	3	perception	pitch	relative	pitch-relative	interval-recognition		interval recognition	What is the {target_index} interval in the {voice} line?	"[""target_index"", ""voice""]"	get_nth_interval		interval	"{""target_index"": ""26th"", ""voice"": ""alto""}"	What is the 26th interval in the alto line?	Gesius_DuFriedensfuerstHerrJesuChrist	chorale-bricks	Gesius_DuFriedensfuerstHerrJesuChrist	data/chorale-bricks/Gesius_DuFriedensfuerstHerrJesuChrist	Major Second	"[""Major Third"", ""Minor Second"", ""Minor Third"", ""Perfect Fifth"", ""Perfect Fourth"", ""Perfect Unison""]"	"[""Perfect Fifth"", ""Minor Second"", ""Major Third"", ""Minor Third"", ""Perfect Fourth"", ""Perfect Unison""]"	symbolic	symbolic.abc.txt	data/chorale-bricks/Gesius_DuFriedensfuerstHerrJesuChrist/symbolic.abc.txt	none of the other options is correct	"[""none of the other options is correct"", ""Perfect Fifth"", ""Minor Second"", ""Major Third"", ""Minor Third""]"	0.2	1	"[""A"", ""B"", ""C"", ""D"", ""E""]"	"{""A"": ""Minor Second"", ""B"": ""none of the other options is correct"", ""C"": ""Minor Third"", ""D"": ""Major Third"", ""E"": ""Perfect Fifth""}"	"[""(A) Minor Second"", ""(B) none of the other options is correct"", ""(C) Minor Third"", ""(D) Major Third"", ""(E) Perfect Fifth""]"	(B) none of the other options is correct	B
ae82290c-9054-5779-9299-8bd8ec7553ac	3	perception	pitch	relative	pitch-relative	interval-recognition		interval recognition	What is the {target_index} interval in the {voice} line?	"[""target_index"", ""voice""]"	get_nth_interval		interval	"{""target_index"": ""26th"", ""voice"": ""alto""}"	What is the 26th interval in the alto line?	Gesius_DuFriedensfuerstHerrJesuChrist	chorale-bricks	Gesius_DuFriedensfuerstHerrJesuChrist	data/chorale-bricks/Gesius_DuFriedensfuerstHerrJesuChrist	Major Second	"[""Major Third"", ""Minor Second"", ""Minor Third"", ""Perfect Fifth"", ""Perfect Fourth"", ""Perfect Unison""]"	"[""Perfect Fifth"", ""Minor Second"", ""Major Third"", ""Minor Third"", ""Perfect Fourth"", ""Perfect Unison""]"	visual	visual.short.png	data/chorale-bricks/Gesius_DuFriedensfuerstHerrJesuChrist/visual.short.png	none of the other options is correct	"[""none of the other options is correct"", ""Perfect Fifth"", ""Minor Second"", ""Major Third"", ""Minor Third""]"	0.2	1	"[""A"", ""B"", ""C"", ""D"", ""E""]"	"{""A"": ""Minor Second"", ""B"": ""Major Third"", ""C"": ""Perfect Fifth"", ""D"": ""none of the other options is correct"", ""E"": ""Minor Third""}"	"[""(A) Minor Second"", ""(B) Major Third"", ""(C) Perfect Fifth"", ""(D) none of the other options is correct"", ""(E) Minor Third""]"	(D) none of the other options is correct	D
f437bdae-33d7-5380-af35-f914e9f5a83f	3	perception	pitch	relative	pitch-relative	interval-recognition		interval recognition	What is the {target_index} interval in the {voice} line?	"[""target_index"", ""voice""]"	get_nth_interval		interval	"{""target_index"": ""17th"", ""voice"": ""bass""}"	What is the 17th interval in the bass line?	Vulpius_DieHelleSonnLeuchtJetztHerfuer	chorale-bricks	Vulpius_DieHelleSonnLeuchtJetztHerfuer	data/chorale-bricks/Vulpius_DieHelleSonnLeuchtJetztHerfuer	Perfect Unison	"[""Diminished Unison"", ""Major Second"", ""Major Third"", ""Minor Second"", ""Minor Third"", ""Perfect Fifth"", ""Perfect Fourth""]"	"[""Major Second"", ""Perfect Fifth"", ""Major Third"", ""Diminished Unison"", ""Perfect Fourth"", ""Minor Third"", ""Minor Second""]"	audio	audio.mastermix.wav	data/chorale-bricks/Vulpius_DieHelleSonnLeuchtJetztHerfuer/audio.mastermix.wav	Perfect Unison	"[""Perfect Unison"", ""none of the other options is correct"", ""Major Second"", ""Perfect Fifth"", ""Major Third""]"	0.2	0	"[""A"", ""B"", ""C"", ""D"", ""E""]"	"{""A"": ""Perfect Fifth"", ""B"": ""Major Second"", ""C"": ""Major Third"", ""D"": ""Perfect Unison"", ""E"": ""none of the other options is correct""}"	"[""(A) Perfect Fifth"", ""(B) Major Second"", ""(C) Major Third"", ""(D) Perfect Unison"", ""(E) none of the other options is correct""]"	(D) Perfect Unison	D
ecd5d4a4-de1f-5935-92e2-43fe59f4bceb	3	perception	pitch	relative	pitch-relative	interval-recognition		interval recognition	What is the {target_index} interval in the {voice} line?	"[""target_index"", ""voice""]"	get_nth_interval		interval	"{""target_index"": ""17th"", ""voice"": ""bass""}"	What is the 17th interval in the bass line?	Vulpius_DieHelleSonnLeuchtJetztHerfuer	chorale-bricks	Vulpius_DieHelleSonnLeuchtJetztHerfuer	data/chorale-bricks/Vulpius_DieHelleSonnLeuchtJetztHerfuer	Perfect Unison	"[""Diminished Unison"", ""Major Second"", ""Major Third"", ""Minor Second"", ""Minor Third"", ""Perfect Fifth"", ""Perfect Fourth""]"	"[""Major Second"", ""Perfect Fifth"", ""Major Third"", ""Diminished Unison"", ""Perfect Fourth"", ""Minor Third"", ""Minor Second""]"	symbolic	symbolic.abc.txt	data/chorale-bricks/Vulpius_DieHelleSonnLeuchtJetztHerfuer/symbolic.abc.txt	Perfect Unison	"[""Perfect Unison"", ""none of the other options is correct"", ""Major Second"", ""Perfect Fifth"", ""Major Third""]"	0.2	0	"[""A"", ""B"", ""C"", ""D"", ""E""]"	"{""A"": ""Major Third"", ""B"": ""Perfect Fifth"", ""C"": ""Perfect Unison"", ""D"": ""none of the other options is correct"", ""E"": ""Major Second""}"	"[""(A) Major Third"", ""(B) Perfect Fifth"", ""(C) Perfect Unison"", ""(D) none of the other options is correct"", ""(E) Major Second""]"	(C) Perfect Unison	C
bda8d08e-5c5c-5d78-847e-92201e819325	3	perception	pitch	relative	pitch-relative	interval-recognition		interval recognition	What is the {target_index} interval in the {voice} line?	"[""target_index"", ""voice""]"	get_nth_interval		interval	"{""target_index"": ""17th"", ""voice"": ""bass""}"	What is the 17th interval in the bass line?	Vulpius_DieHelleSonnLeuchtJetztHerfuer	chorale-bricks	Vulpius_DieHelleSonnLeuchtJetztHerfuer	data/chorale-bricks/Vulpius_DieHelleSonnLeuchtJetztHerfuer	Perfect Unison	"[""Diminished Unison"", ""Major Second"", ""Major Third"", ""Minor Second"", ""Minor Third"", ""Perfect Fifth"", ""Perfect Fourth""]"	"[""Major Second"", ""Perfect Fifth"", ""Major Third"", ""Diminished Unison"", ""Perfect Fourth"", ""Minor Third"", ""Minor Second""]"	visual	visual.short.png	data/chorale-bricks/Vulpius_DieHelleSonnLeuchtJetztHerfuer/visual.short.png	Perfect Unison	"[""Perfect Unison"", ""none of the other options is correct"", ""Major Second"", ""Perfect Fifth"", ""Major Third""]"	0.2	0	"[""A"", ""B"", ""C"", ""D"", ""E""]"	"{""A"": ""none of the other options is correct"", ""B"": ""Major Second"", ""C"": ""Perfect Unison"", ""D"": ""Major Third"", ""E"": ""Perfect Fifth""}"	"[""(A) none of the other options is correct"", ""(B) Major Second"", ""(C) Perfect Unison"", ""(D) Major Third"", ""(E) Perfect Fifth""]"	(C) Perfect Unison	C
280c9ea9-657c-5b13-b175-fc8aa0fa4e70	3	perception	pitch	relative	pitch-relative	interval-recognition		interval recognition	What is the {target_index} interval in the {voice} line?	"[""target_index"", ""voice""]"	get_nth_interval		interval	"{""target_index"": ""7th"", ""voice"": ""soprano""}"	What is the 7th interval in the soprano line?	Gesius_DuFriedensfuerstHerrJesuChrist	chorale-bricks	Gesius_DuFriedensfuerstHerrJesuChrist	data/chorale-bricks/Gesius_DuFriedensfuerstHerrJesuChrist	Minor Second	"[""Major Second"", ""Major Third"", ""Minor Third"", ""Perfect Fifth"", ""Perfect Fourth"", ""Perfect Unison""]"	"[""Major Third"", ""Perfect Unison"", ""Perfect Fourth"", ""Major Second"", ""Perfect Fifth"", ""Minor Third""]"	audio	audio.mastermix.wav	data/chorale-bricks/Gesius_DuFriedensfuerstHerrJesuChrist/audio.mastermix.wav	Minor Second	"[""Minor Second"", ""none of the other options is correct"", ""Major Third"", ""Perfect Unison"", ""Perfect Fourth""]"	0.2	0	"[""A"", ""B"", ""C"", ""D"", ""E""]"	"{""A"": ""Perfect Fourth"", ""B"": ""none of the other options is correct"", ""C"": ""Major Third"", ""D"": ""Minor Second"", ""E"": ""Perfect Unison""}"	"[""(A) Perfect Fourth"", ""(B) none of the other options is correct"", ""(C) Major Third"", ""(D) Minor Second"", ""(E) Perfect Unison""]"	(D) Minor Second	D
42e64f42-638c-5019-b506-24927f50dda4	3	perception	pitch	relative	pitch-relative	interval-recognition		interval recognition	What is the {target_index} interval in the {voice} line?	"[""target_index"", ""voice""]"	get_nth_interval		interval	"{""target_index"": ""7th"", ""voice"": ""soprano""}"	What is the 7th interval in the soprano line?	Gesius_DuFriedensfuerstHerrJesuChrist	chorale-bricks	Gesius_DuFriedensfuerstHerrJesuChrist	data/chorale-bricks/Gesius_DuFriedensfuerstHerrJesuChrist	Minor Second	"[""Major Second"", ""Major Third"", ""Minor Third"", ""Perfect Fifth"", ""Perfect Fourth"", ""Perfect Unison""]"	"[""Major Third"", ""Perfect Unison"", ""Perfect Fourth"", ""Major Second"", ""Perfect Fifth"", ""Minor Third""]"	symbolic	symbolic.abc.txt	data/chorale-bricks/Gesius_DuFriedensfuerstHerrJesuChrist/symbolic.abc.txt	none of the other options is correct	"[""none of the other options is correct"", ""Major Third"", ""Perfect Unison"", ""Perfect Fourth"", ""Major Second""]"	0.2	1	"[""A"", ""B"", ""C"", ""D"", ""E""]"	"{""A"": ""Major Second"", ""B"": ""Perfect Unison"", ""C"": ""Major Third"", ""D"": ""none of the other options is correct"", ""E"": ""Perfect Fourth""}"	"[""(A) Major Second"", ""(B) Perfect Unison"", ""(C) Major Third"", ""(D) none of the other options is correct"", ""(E) Perfect Fourth""]"	(D) none of the other options is correct	D
205b348f-d40f-5b7e-b99b-36bec6c8885c	3	perception	pitch	relative	pitch-relative	interval-recognition		interval recognition	What is the {target_index} interval in the {voice} line?	"[""target_index"", ""voice""]"	get_nth_interval		interval	"{""target_index"": ""7th"", ""voice"": ""soprano""}"	What is the 7th interval in the soprano line?	Gesius_DuFriedensfuerstHerrJesuChrist	chorale-bricks	Gesius_DuFriedensfuerstHerrJesuChrist	data/chorale-bricks/Gesius_DuFriedensfuerstHerrJesuChrist	Minor Second	"[""Major Second"", ""Major Third"", ""Minor Third"", ""Perfect Fifth"", ""Perfect Fourth"", ""Perfect Unison""]"	"[""Major Third"", ""Perfect Unison"", ""Perfect Fourth"", ""Major Second"", ""Perfect Fifth"", ""Minor Third""]"	visual	visual.short.png	data/chorale-bricks/Gesius_DuFriedensfuerstHerrJesuChrist/visual.short.png	Minor Second	"[""Minor Second"", ""none of the other options is correct"", ""Major Third"", ""Perfect Unison"", ""Perfect Fourth""]"	0.2	0	"[""A"", ""B"", ""C"", ""D"", ""E""]"	"{""A"": ""Minor Second"", ""B"": ""Perfect Unison"", ""C"": ""Perfect Fourth"", ""D"": ""Major Third"", ""E"": ""none of the other options is correct""}"	"[""(A) Minor Second"", ""(B) Perfect Unison"", ""(C) Perfect Fourth"", ""(D) Major Third"", ""(E) none of the other options is correct""]"	(A) Minor Second	A
3efafe05-d88c-5519-8172-065578729460	3	perception	pitch	relative	pitch-relative	interval-recognition		interval recognition	What is the {target_index} interval in the {voice} line?	"[""target_index"", ""voice""]"	get_nth_interval		interval	"{""target_index"": ""14th"", ""voice"": ""tenor""}"	What is the 14th interval in the tenor line?	Vulpius_ChristusDerIstMeinLeben	chorale-bricks	Vulpius_ChristusDerIstMeinLeben	data/chorale-bricks/Vulpius_ChristusDerIstMeinLeben	Minor Third	"[""Major Second"", ""Major Third"", ""Minor Second"", ""Perfect Fifth"", ""Perfect Fourth"", ""Perfect Unison""]"	"[""Major Second"", ""Major Third"", ""Perfect Unison"", ""Minor Second"", ""Perfect Fourth"", ""Perfect Fifth""]"	audio	audio.mastermix.wav	data/chorale-bricks/Vulpius_ChristusDerIstMeinLeben/audio.mastermix.wav	Minor Third	"[""Minor Third"", ""none of the other options is correct"", ""Major Second"", ""Major Third"", ""Perfect Unison""]"	0.2	0	"[""A"", ""B"", ""C"", ""D"", ""E""]"	"{""A"": ""Major Third"", ""B"": ""Minor Third"", ""C"": ""Perfect Unison"", ""D"": ""Major Second"", ""E"": ""none of the other options is correct""}"	"[""(A) Major Third"", ""(B) Minor Third"", ""(C) Perfect Unison"", ""(D) Major Second"", ""(E) none of the other options is correct""]"	(B) Minor Third	B
d1e92e8c-bfaa-5ad9-a7d6-fc63bea70549	3	perception	pitch	relative	pitch-relative	interval-recognition		interval recognition	What is the {target_index} interval in the {voice} line?	"[""target_index"", ""voice""]"	get_nth_interval		interval	"{""target_index"": ""14th"", ""voice"": ""tenor""}"	What is the 14th interval in the tenor line?	Vulpius_ChristusDerIstMeinLeben	chorale-bricks	Vulpius_ChristusDerIstMeinLeben	data/chorale-bricks/Vulpius_ChristusDerIstMeinLeben	Minor Third	"[""Major Second"", ""Major Third"", ""Minor Second"", ""Perfect Fifth"", ""Perfect Fourth"", ""Perfect Unison""]"	"[""Major Second"", ""Major Third"", ""Perfect Unison"", ""Minor Second"", ""Perfect Fourth"", ""Perfect Fifth""]"	symbolic	symbolic.abc.txt	data/chorale-bricks/Vulpius_ChristusDerIstMeinLeben/symbolic.abc.txt	none of the other options is correct	"[""none of the other options is correct"", ""Major Second"", ""Major Third"", ""Perfect Unison"", ""Minor Second""]"	0.2	1	"[""A"", ""B"", ""C"", ""D"", ""E""]"	"{""A"": ""Perfect Unison"", ""B"": ""none of the other options is correct"", ""C"": ""Major Third"", ""D"": ""Minor Second"", ""E"": ""Major Second""}"	"[""(A) Perfect Unison"", ""(B) none of the other options is correct"", ""(C) Major Third"", ""(D) Minor Second"", ""(E) Major Second""]"	(B) none of the other options is correct	B
9fbdc6de-0e2e-57a5-867f-2d9c71a9de59	3	perception	pitch	relative	pitch-relative	interval-recognition		interval recognition	What is the {target_index} interval in the {voice} line?	"[""target_index"", ""voice""]"	get_nth_interval		interval	"{""target_index"": ""14th"", ""voice"": ""tenor""}"	What is the 14th interval in the tenor line?	Vulpius_ChristusDerIstMeinLeben	chorale-bricks	Vulpius_ChristusDerIstMeinLeben	data/chorale-bricks/Vulpius_ChristusDerIstMeinLeben	Minor Third	"[""Major Second"", ""Major Third"", ""Minor Second"", ""Perfect Fifth"", ""Perfect Fourth"", ""Perfect Unison""]"	"[""Major Second"", ""Major Third"", ""Perfect Unison"", ""Minor Second"", ""Perfect Fourth"", ""Perfect Fifth""]"	visual	visual.short.png	data/chorale-bricks/Vulpius_ChristusDerIstMeinLeben/visual.short.png	none of the other options is correct	"[""none of the other options is correct"", ""Major Second"", ""Major Third"", ""Perfect Unison"", ""Minor Second""]"	0.2	1	"[""A"", ""B"", ""C"", ""D"", ""E""]"	"{""A"": ""none of the other options is correct"", ""B"": ""Major Third"", ""C"": ""Major Second"", ""D"": ""Perfect Unison"", ""E"": ""Minor Second""}"	"[""(A) none of the other options is correct"", ""(B) Major Third"", ""(C) Major Second"", ""(D) Perfect Unison"", ""(E) Minor Second""]"	(A) none of the other options is correct	A
0c96fd01-f50e-5a87-b745-e6833042bfa2	3	perception	pitch	relative	pitch-relative	interval-recognition		interval recognition	What is the {target_index} interval in the {voice} line?	"[""target_index"", ""voice""]"	get_nth_interval		interval	"{""target_index"": ""36th"", ""voice"": ""soprano""}"	What is the 36th interval in the soprano line?	Gesius_DuFriedensfuerstHerrJesuChrist	chorale-bricks	Gesius_DuFriedensfuerstHerrJesuChrist	data/chorale-bricks/Gesius_DuFriedensfuerstHerrJesuChrist	Minor Second	"[""Major Second"", ""Major Third"", ""Minor Third"", ""Perfect Fifth"", ""Perfect Fourth"", ""Perfect Unison""]"	"[""Perfect Fifth"", ""Perfect Unison"", ""Minor Third"", ""Perfect Fourth"", ""Major Third"", ""Major Second""]"	audio	audio.mastermix.wav	data/chorale-bricks/Gesius_DuFriedensfuerstHerrJesuChrist/audio.mastermix.wav	Minor Second	"[""Minor Second"", ""none of the other options is correct"", ""Perfect Fifth"", ""Perfect Unison"", ""Minor Third""]"	0.2	0	"[""A"", ""B"", ""C"", ""D"", ""E""]"	"{""A"": ""Perfect Unison"", ""B"": ""Minor Third"", ""C"": ""Minor Second"", ""D"": ""Perfect Fifth"", ""E"": ""none of the other options is correct""}"	"[""(A) Perfect Unison"", ""(B) Minor Third"", ""(C) Minor Second"", ""(D) Perfect Fifth"", ""(E) none of the other options is correct""]"	(C) Minor Second	C
35dc7fa9-e920-5026-9e0a-59ce7c49b2c3	3	perception	pitch	relative	pitch-relative	interval-recognition		interval recognition	What is the {target_index} interval in the {voice} line?	"[""target_index"", ""voice""]"	get_nth_interval		interval	"{""target_index"": ""36th"", ""voice"": ""soprano""}"	What is the 36th interval in the soprano line?	Gesius_DuFriedensfuerstHerrJesuChrist	chorale-bricks	Gesius_DuFriedensfuerstHerrJesuChrist	data/chorale-bricks/Gesius_DuFriedensfuerstHerrJesuChrist	Minor Second	"[""Major Second"", ""Major Third"", ""Minor Third"", ""Perfect Fifth"", ""Perfect Fourth"", ""Perfect Unison""]"	"[""Perfect Fifth"", ""Perfect Unison"", ""Minor Third"", ""Perfect Fourth"", ""Major Third"", ""Major Second""]"	symbolic	symbolic.abc.txt	data/chorale-bricks/Gesius_DuFriedensfuerstHerrJesuChrist/symbolic.abc.txt	Minor Second	"[""Minor Second"", ""none of the other options is correct"", ""Perfect Fifth"", ""Perfect Unison"", ""Minor Third""]"	0.2	0	"[""A"", ""B"", ""C"", ""D"", ""E""]"	"{""A"": ""none of the other options is correct"", ""B"": ""Perfect Fifth"", ""C"": ""Perfect Unison"", ""D"": ""Minor Third"", ""E"": ""Minor Second""}"	"[""(A) none of the other options is correct"", ""(B) Perfect Fifth"", ""(C) Perfect Unison"", ""(D) Minor Third"", ""(E) Minor Second""]"	(E) Minor Second	E
67d5caaa-576c-50f8-a93a-d451e41460ee	3	perception	pitch	relative	pitch-relative	interval-recognition		interval recognition	What is the {target_index} interval in the {voice} line?	"[""target_index"", ""voice""]"	get_nth_interval		interval	"{""target_index"": ""36th"", ""voice"": ""soprano""}"	What is the 36th interval in the soprano line?	Gesius_DuFriedensfuerstHerrJesuChrist	chorale-bricks	Gesius_DuFriedensfuerstHerrJesuChrist	data/chorale-bricks/Gesius_DuFriedensfuerstHerrJesuChrist	Minor Second	"[""Major Second"", ""Major Third"", ""Minor Third"", ""Perfect Fifth"", ""Perfect Fourth"", ""Perfect Unison""]"	"[""Perfect Fifth"", ""Perfect Unison"", ""Minor Third"", ""Perfect Fourth"", ""Major Third"", ""Major Second""]"	visual	visual.short.png	data/chorale-bricks/Gesius_DuFriedensfuerstHerrJesuChrist/visual.short.png	Minor Second	"[""Minor Second"", ""none of the other options is correct"", ""Perfect Fifth"", ""Perfect Unison"", ""Minor Third""]"	0.2	0	"[""A"", ""B"", ""C"", ""D"", ""E""]"	"{""A"": ""Minor Second"", ""B"": ""Perfect Fifth"", ""C"": ""none of the other options is correct"", ""D"": ""Minor Third"", ""E"": ""Perfect Unison""}"	"[""(A) Minor Second"", ""(B) Perfect Fifth"", ""(C) none of the other options is correct"", ""(D) Minor Third"", ""(E) Perfect Unison""]"	(A) Minor Second	A
4a8fe4e5-cdde-5c20-a2e0-d7c3321ba159	3	perception	pitch	relative	pitch-relative	interval-recognition		interval recognition	What is the {target_index} interval in the {voice} line?	"[""target_index"", ""voice""]"	get_nth_interval		interval	"{""target_index"": ""30th"", ""voice"": ""tenor""}"	What is the 30th interval in the tenor line?	Vulpius_DieHelleSonnLeuchtJetztHerfuer	chorale-bricks	Vulpius_DieHelleSonnLeuchtJetztHerfuer	data/chorale-bricks/Vulpius_DieHelleSonnLeuchtJetztHerfuer	Minor Second	"[""Diminished Unison"", ""Major Second"", ""Major Third"", ""Minor Third"", ""Perfect Fifth"", ""Perfect Fourth"", ""Perfect Unison""]"	"[""Major Second"", ""Diminished Unison"", ""Major Third"", ""Perfect Fifth"", ""Minor Third"", ""Perfect Fourth"", ""Perfect Unison""]"	audio	audio.mastermix.wav	data/chorale-bricks/Vulpius_DieHelleSonnLeuchtJetztHerfuer/audio.mastermix.wav	Minor Second	"[""Minor Second"", ""none of the other options is correct"", ""Major Second"", ""Diminished Unison"", ""Major Third""]"	0.2	0	"[""A"", ""B"", ""C"", ""D"", ""E""]"	"{""A"": ""Major Third"", ""B"": ""Minor Second"", ""C"": ""none of the other options is correct"", ""D"": ""Diminished Unison"", ""E"": ""Major Second""}"	"[""(A) Major Third"", ""(B) Minor Second"", ""(C) none of the other options is correct"", ""(D) Diminished Unison"", ""(E) Major Second""]"	(B) Minor Second	B
5522e186-a19b-5678-880d-7871f85d65fb	3	perception	pitch	relative	pitch-relative	interval-recognition		interval recognition	What is the {target_index} interval in the {voice} line?	"[""target_index"", ""voice""]"	get_nth_interval		interval	"{""target_index"": ""30th"", ""voice"": ""tenor""}"	What is the 30th interval in the tenor line?	Vulpius_DieHelleSonnLeuchtJetztHerfuer	chorale-bricks	Vulpius_DieHelleSonnLeuchtJetztHerfuer	data/chorale-bricks/Vulpius_DieHelleSonnLeuchtJetztHerfuer	Minor Second	"[""Diminished Unison"", ""Major Second"", ""Major Third"", ""Minor Third"", ""Perfect Fifth"", ""Perfect Fourth"", ""Perfect Unison""]"	"[""Major Second"", ""Diminished Unison"", ""Major Third"", ""Perfect Fifth"", ""Minor Third"", ""Perfect Fourth"", ""Perfect Unison""]"	symbolic	symbolic.abc.txt	data/chorale-bricks/Vulpius_DieHelleSonnLeuchtJetztHerfuer/symbolic.abc.txt	Minor Second	"[""Minor Second"", ""none of the other options is correct"", ""Major Second"", ""Diminished Unison"", ""Major Third""]"	0.2	0	"[""A"", ""B"", ""C"", ""D"", ""E""]"	"{""A"": ""Diminished Unison"", ""B"": ""Major Third"", ""C"": ""Major Second"", ""D"": ""Minor Second"", ""E"": ""none of the other options is correct""}"	"[""(A) Diminished Unison"", ""(B) Major Third"", ""(C) Major Second"", ""(D) Minor Second"", ""(E) none of the other options is correct""]"	(D) Minor Second	D
be8b53e2-5dbd-5b21-ad29-52d2d4a5be94	3	perception	pitch	relative	pitch-relative	interval-recognition		interval recognition	What is the {target_index} interval in the {voice} line?	"[""target_index"", ""voice""]"	get_nth_interval		interval	"{""target_index"": ""30th"", ""voice"": ""tenor""}"	What is the 30th interval in the tenor line?	Vulpius_DieHelleSonnLeuchtJetztHerfuer	chorale-bricks	Vulpius_DieHelleSonnLeuchtJetztHerfuer	data/chorale-bricks/Vulpius_DieHelleSonnLeuchtJetztHerfuer	Minor Second	"[""Diminished Unison"", ""Major Second"", ""Major Third"", ""Minor Third"", ""Perfect Fifth"", ""Perfect Fourth"", ""Perfect Unison""]"	"[""Major Second"", ""Diminished Unison"", ""Major Third"", ""Perfect Fifth"", ""Minor Third"", ""Perfect Fourth"", ""Perfect Unison""]"	visual	visual.short.png	data/chorale-bricks/Vulpius_DieHelleSonnLeuchtJetztHerfuer/visual.short.png	Minor Second	"[""Minor Second"", ""none of the other options is correct"", ""Major Second"", ""Diminished Unison"", ""Major Third""]"	0.2	0	"[""A"", ""B"", ""C"", ""D"", ""E""]"	"{""A"": ""Major Third"", ""B"": ""none of the other options is correct"", ""C"": ""Minor Second"", ""D"": ""Major Second"", ""E"": ""Diminished Unison""}"	"[""(A) Major Third"", ""(B) none of the other options is correct"", ""(C) Minor Second"", ""(D) Major Second"", ""(E) Diminished Unison""]"	(C) Minor Second	C
8ad04ccd-98f2-5990-8e42-074c44b9affb	3	perception	pitch	relative	pitch-relative	interval-recognition		interval recognition	What is the {target_index} interval in the {voice} line?	"[""target_index"", ""voice""]"	get_nth_interval		interval	"{""target_index"": ""15th"", ""voice"": ""alto""}"	What is the 15th interval in the alto line?	Anonymous_AusMeinesHerzensGrunde	chorale-bricks	Anonymous_AusMeinesHerzensGrunde	data/chorale-bricks/Anonymous_AusMeinesHerzensGrunde	Perfect Fourth	"[""Major Second"", ""Major Third"", ""Minor Second"", ""Minor Sixth"", ""Minor Third"", ""Perfect Fifth"", ""Perfect Unison""]"	"[""Major Second"", ""Minor Sixth"", ""Minor Third"", ""Minor Second"", ""Major Third"", ""Perfect Unison"", ""Perfect Fifth""]"	audio	audio.mastermix.wav	data/chorale-bricks/Anonymous_AusMeinesHerzensGrunde/audio.mastermix.wav	Perfect Fourth	"[""Perfect Fourth"", ""none of the other options is correct"", ""Major Second"", ""Minor Sixth"", ""Minor Third""]"	0.2	0	"[""A"", ""B"", ""C"", ""D"", ""E""]"	"{""A"": ""Minor Third"", ""B"": ""Minor Sixth"", ""C"": ""none of the other options is correct"", ""D"": ""Perfect Fourth"", ""E"": ""Major Second""}"	"[""(A) Minor Third"", ""(B) Minor Sixth"", ""(C) none of the other options is correct"", ""(D) Perfect Fourth"", ""(E) Major Second""]"	(D) Perfect Fourth	D
4e342942-bde0-5241-9fef-16efffb0900d	3	perception	pitch	relative	pitch-relative	interval-recognition		interval recognition	What is the {target_index} interval in the {voice} line?	"[""target_index"", ""voice""]"	get_nth_interval		interval	"{""target_index"": ""15th"", ""voice"": ""alto""}"	What is the 15th interval in the alto line?	Anonymous_AusMeinesHerzensGrunde	chorale-bricks	Anonymous_AusMeinesHerzensGrunde	data/chorale-bricks/Anonymous_AusMeinesHerzensGrunde	Perfect Fourth	"[""Major Second"", ""Major Third"", ""Minor Second"", ""Minor Sixth"", ""Minor Third"", ""Perfect Fifth"", ""Perfect Unison""]"	"[""Major Second"", ""Minor Sixth"", ""Minor Third"", ""Minor Second"", ""Major Third"", ""Perfect Unison"", ""Perfect Fifth""]"	symbolic	symbolic.abc.txt	data/chorale-bricks/Anonymous_AusMeinesHerzensGrunde/symbolic.abc.txt	Perfect Fourth	"[""Perfect Fourth"", ""none of the other options is correct"", ""Major Second"", ""Minor Sixth"", ""Minor Third""]"	0.2	0	"[""A"", ""B"", ""C"", ""D"", ""E""]"	"{""A"": ""none of the other options is correct"", ""B"": ""Perfect Fourth"", ""C"": ""Minor Third"", ""D"": ""Major Second"", ""E"": ""Minor Sixth""}"	"[""(A) none of the other options is correct"", ""(B) Perfect Fourth"", ""(C) Minor Third"", ""(D) Major Second"", ""(E) Minor Sixth""]"	(B) Perfect Fourth	B
6f614a16-83dc-50d8-8aab-2230990c0995	3	perception	pitch	relative	pitch-relative	interval-recognition		interval recognition	What is the {target_index} interval in the {voice} line?	"[""target_index"", ""voice""]"	get_nth_interval		interval	"{""target_index"": ""15th"", ""voice"": ""alto""}"	What is the 15th interval in the alto line?	Anonymous_AusMeinesHerzensGrunde	chorale-bricks	Anonymous_AusMeinesHerzensGrunde	data/chorale-bricks/Anonymous_AusMeinesHerzensGrunde	Perfect Fourth	"[""Major Second"", ""Major Third"", ""Minor Second"", ""Minor Sixth"", ""Minor Third"", ""Perfect Fifth"", ""Perfect Unison""]"	"[""Major Second"", ""Minor Sixth"", ""Minor Third"", ""Minor Second"", ""Major Third"", ""Perfect Unison"", ""Perfect Fifth""]"	visual	visual.short.png	data/chorale-bricks/Anonymous_AusMeinesHerzensGrunde/visual.short.png	Perfect Fourth	"[""Perfect Fourth"", ""none of the other options is correct"", ""Major Second"", ""Minor Sixth"", ""Minor Third""]"	0.2	0	"[""A"", ""B"", ""C"", ""D"", ""E""]"	"{""A"": ""Major Second"", ""B"": ""Minor Sixth"", ""C"": ""Minor Third"", ""D"": ""Perfect Fourth"", ""E"": ""none of the other options is correct""}"	"[""(A) Major Second"", ""(B) Minor Sixth"", ""(C) Minor Third"", ""(D) Perfect Fourth"", ""(E) none of the other options is correct""]"	(D) Perfect Fourth	D
b8e51b94-5877-541e-8dfd-3bb7257c3133	3	perception	pitch	relative	pitch-relative	interval-recognition		interval recognition	What is the {target_index} interval in the {voice} line?	"[""target_index"", ""voice""]"	get_nth_interval		interval	"{""target_index"": ""1st"", ""voice"": ""tenor""}"	What is the 1st interval in the tenor line?	Drese_JesuGehVoran	chorale-bricks	Drese_JesuGehVoran	data/chorale-bricks/Drese_JesuGehVoran	Perfect Unison	"[""Major Second"", ""Major Sixth"", ""Major Third"", ""Minor Second"", ""Minor Third"", ""Perfect Fifth"", ""Perfect Fourth""]"	"[""Major Sixth"", ""Minor Second"", ""Minor Third"", ""Perfect Fourth"", ""Major Second"", ""Major Third"", ""Perfect Fifth""]"	audio	audio.mastermix.wav	data/chorale-bricks/Drese_JesuGehVoran/audio.mastermix.wav	none of the other options is correct	"[""none of the other options is correct"", ""Major Sixth"", ""Minor Second"", ""Minor Third"", ""Perfect Fourth""]"	0.2	1	"[""A"", ""B"", ""C"", ""D"", ""E""]"	"{""A"": ""Perfect Fourth"", ""B"": ""none of the other options is correct"", ""C"": ""Minor Second"", ""D"": ""Major Sixth"", ""E"": ""Minor Third""}"	"[""(A) Perfect Fourth"", ""(B) none of the other options is correct"", ""(C) Minor Second"", ""(D) Major Sixth"", ""(E) Minor Third""]"	(B) none of the other options is correct	B
8f427257-3264-56b7-a90d-011426e3dd1c	3	perception	pitch	relative	pitch-relative	interval-recognition		interval recognition	What is the {target_index} interval in the {voice} line?	"[""target_index"", ""voice""]"	get_nth_interval		interval	"{""target_index"": ""1st"", ""voice"": ""tenor""}"	What is the 1st interval in the tenor line?	Drese_JesuGehVoran	chorale-bricks	Drese_JesuGehVoran	data/chorale-bricks/Drese_JesuGehVoran	Perfect Unison	"[""Major Second"", ""Major Sixth"", ""Major Third"", ""Minor Second"", ""Minor Third"", ""Perfect Fifth"", ""Perfect Fourth""]"	"[""Major Sixth"", ""Minor Second"", ""Minor Third"", ""Perfect Fourth"", ""Major Second"", ""Major Third"", ""Perfect Fifth""]"	symbolic	symbolic.abc.txt	data/chorale-bricks/Drese_JesuGehVoran/symbolic.abc.txt	Perfect Unison	"[""Perfect Unison"", ""none of the other options is correct"", ""Major Sixth"", ""Minor Second"", ""Minor Third""]"	0.2	0	"[""A"", ""B"", ""C"", ""D"", ""E""]"	"{""A"": ""Minor Third"", ""B"": ""Perfect Unison"", ""C"": ""Minor Second"", ""D"": ""none of the other options is correct"", ""E"": ""Major Sixth""}"	"[""(A) Minor Third"", ""(B) Perfect Unison"", ""(C) Minor Second"", ""(D) none of the other options is correct"", ""(E) Major Sixth""]"	(B) Perfect Unison	B
cc0fb8d3-ba8d-5336-ba36-65d96fd47d29	3	perception	pitch	relative	pitch-relative	interval-recognition		interval recognition	What is the {target_index} interval in the {voice} line?	"[""target_index"", ""voice""]"	get_nth_interval		interval	"{""target_index"": ""1st"", ""voice"": ""tenor""}"	What is the 1st interval in the tenor line?	Drese_JesuGehVoran	chorale-bricks	Drese_JesuGehVoran	data/chorale-bricks/Drese_JesuGehVoran	Perfect Unison	"[""Major Second"", ""Major Sixth"", ""Major Third"", ""Minor Second"", ""Minor Third"", ""Perfect Fifth"", ""Perfect Fourth""]"	"[""Major Sixth"", ""Minor Second"", ""Minor Third"", ""Perfect Fourth"", ""Major Second"", ""Major Third"", ""Perfect Fifth""]"	visual	visual.short.png	data/chorale-bricks/Drese_JesuGehVoran/visual.short.png	Perfect Unison	"[""Perfect Unison"", ""none of the other options is correct"", ""Major Sixth"", ""Minor Second"", ""Minor Third""]"	0.2	0	"[""A"", ""B"", ""C"", ""D"", ""E""]"	"{""A"": ""none of the other options is correct"", ""B"": ""Perfect Unison"", ""C"": ""Minor Third"", ""D"": ""Minor Second"", ""E"": ""Major Sixth""}"	"[""(A) none of the other options is correct"", ""(B) Perfect Unison"", ""(C) Minor Third"", ""(D) Minor Second"", ""(E) Major Sixth""]"	(B) Perfect Unison	B
330c9d76-1d52-5379-b3d2-5f2e3eeefadf	3	perception	pitch	relative	pitch-relative	interval-recognition		interval recognition	What is the {target_index} interval in the {voice} line?	"[""target_index"", ""voice""]"	get_nth_interval		interval	"{""target_index"": ""20th"", ""voice"": ""soprano""}"	What is the 20th interval in the soprano line?	Drese_JesuGehVoran	chorale-bricks	Drese_JesuGehVoran	data/chorale-bricks/Drese_JesuGehVoran	Major Second	"[""Major Sixth"", ""Major Third"", ""Minor Second"", ""Minor Third"", ""Perfect Fifth"", ""Perfect Fourth"", ""Perfect Unison""]"	"[""Major Third"", ""Minor Third"", ""Perfect Fourth"", ""Minor Second"", ""Major Sixth"", ""Perfect Unison"", ""Perfect Fifth""]"	audio	audio.mastermix.wav	data/chorale-bricks/Drese_JesuGehVoran/audio.mastermix.wav	Major Second	"[""Major Second"", ""none of the other options is correct"", ""Major Third"", ""Minor Third"", ""Perfect Fourth""]"	0.2	0	"[""A"", ""B"", ""C"", ""D"", ""E""]"	"{""A"": ""none of the other options is correct"", ""B"": ""Minor Third"", ""C"": ""Major Second"", ""D"": ""Perfect Fourth"", ""E"": ""Major Third""}"	"[""(A) none of the other options is correct"", ""(B) Minor Third"", ""(C) Major Second"", ""(D) Perfect Fourth"", ""(E) Major Third""]"	(C) Major Second	C
4986a84e-7732-51da-8a65-cbe7388cd413	3	perception	pitch	relative	pitch-relative	interval-recognition		interval recognition	What is the {target_index} interval in the {voice} line?	"[""target_index"", ""voice""]"	get_nth_interval		interval	"{""target_index"": ""20th"", ""voice"": ""soprano""}"	What is the 20th interval in the soprano line?	Drese_JesuGehVoran	chorale-bricks	Drese_JesuGehVoran	data/chorale-bricks/Drese_JesuGehVoran	Major Second	"[""Major Sixth"", ""Major Third"", ""Minor Second"", ""Minor Third"", ""Perfect Fifth"", ""Perfect Fourth"", ""Perfect Unison""]"	"[""Major Third"", ""Minor Third"", ""Perfect Fourth"", ""Minor Second"", ""Major Sixth"", ""Perfect Unison"", ""Perfect Fifth""]"	symbolic	symbolic.abc.txt	data/chorale-bricks/Drese_JesuGehVoran/symbolic.abc.txt	Major Second	"[""Major Second"", ""none of the other options is correct"", ""Major Third"", ""Minor Third"", ""Perfect Fourth""]"	0.2	0	"[""A"", ""B"", ""C"", ""D"", ""E""]"	"{""A"": ""Major Third"", ""B"": ""Minor Third"", ""C"": ""Major Second"", ""D"": ""Perfect Fourth"", ""E"": ""none of the other options is correct""}"	"[""(A) Major Third"", ""(B) Minor Third"", ""(C) Major Second"", ""(D) Perfect Fourth"", ""(E) none of the other options is correct""]"	(C) Major Second	C
cac8311d-ffd1-5643-a3de-e87619d70063	3	perception	pitch	relative	pitch-relative	interval-recognition		interval recognition	What is the {target_index} interval in the {voice} line?	"[""target_index"", ""voice""]"	get_nth_interval		interval	"{""target_index"": ""20th"", ""voice"": ""soprano""}"	What is the 20th interval in the soprano line?	Drese_JesuGehVoran	chorale-bricks	Drese_JesuGehVoran	data/chorale-bricks/Drese_JesuGehVoran	Major Second	"[""Major Sixth"", ""Major Third"", ""Minor Second"", ""Minor Third"", ""Perfect Fifth"", ""Perfect Fourth"", ""Perfect Unison""]"	"[""Major Third"", ""Minor Third"", ""Perfect Fourth"", ""Minor Second"", ""Major Sixth"", ""Perfect Unison"", ""Perfect Fifth""]"	visual	visual.short.png	data/chorale-bricks/Drese_JesuGehVoran/visual.short.png	Major Second	"[""Major Second"", ""none of the other options is correct"", ""Major Third"", ""Minor Third"", ""Perfect Fourth""]"	0.2	0	"[""A"", ""B"", ""C"", ""D"", ""E""]"	"{""A"": ""Major Third"", ""B"": ""none of the other options is correct"", ""C"": ""Major Second"", ""D"": ""Perfect Fourth"", ""E"": ""Minor Third""}"	"[""(A) Major Third"", ""(B) none of the other options is correct"", ""(C) Major Second"", ""(D) Perfect Fourth"", ""(E) Minor Third""]"	(C) Major Second	C
3d51a341-1446-557c-ace9-ecdaf7edeca2	3	perception	pitch	relative	pitch-relative	interval-recognition		interval recognition	What is the {target_index} interval in the {voice} line?	"[""target_index"", ""voice""]"	get_nth_interval		interval	"{""target_index"": ""3rd"", ""voice"": ""tenor""}"	What is the 3rd interval in the tenor line?	Jan_DuGrosserSchmerzensmann	chorale-bricks	Jan_DuGrosserSchmerzensmann	data/chorale-bricks/Jan_DuGrosserSchmerzensmann	Minor Third	"[""Major Second"", ""Major Sixth"", ""Major Third"", ""Minor Second"", ""Minor Sixth"", ""Perfect Fifth"", ""Perfect Fourth"", ""Perfect Unison""]"	"[""Perfect Fifth"", ""Perfect Fourth"", ""Major Third"", ""Minor Sixth"", ""Major Second"", ""Minor Second"", ""Perfect Unison"", ""Major Sixth""]"	audio	audio.mastermix.wav	data/chorale-bricks/Jan_DuGrosserSchmerzensmann/audio.mastermix.wav	Minor Third	"[""Minor Third"", ""none of the other options is correct"", ""Perfect Fifth"", ""Perfect Fourth"", ""Major Third""]"	0.2	0	"[""A"", ""B"", ""C"", ""D"", ""E""]"	"{""A"": ""Perfect Fifth"", ""B"": ""Perfect Fourth"", ""C"": ""Minor Third"", ""D"": ""none of the other options is correct"", ""E"": ""Major Third""}"	"[""(A) Perfect Fifth"", ""(B) Perfect Fourth"", ""(C) Minor Third"", ""(D) none of the other options is correct"", ""(E) Major Third""]"	(C) Minor Third	C
1a81b22d-9158-5d49-a639-9d87037ce2d2	3	perception	pitch	relative	pitch-relative	interval-recognition		interval recognition	What is the {target_index} interval in the {voice} line?	"[""target_index"", ""voice""]"	get_nth_interval		interval	"{""target_index"": ""3rd"", ""voice"": ""tenor""}"	What is the 3rd interval in the tenor line?	Jan_DuGrosserSchmerzensmann	chorale-bricks	Jan_DuGrosserSchmerzensmann	data/chorale-bricks/Jan_DuGrosserSchmerzensmann	Minor Third	"[""Major Second"", ""Major Sixth"", ""Major Third"", ""Minor Second"", ""Minor Sixth"", ""Perfect Fifth"", ""Perfect Fourth"", ""Perfect Unison""]"	"[""Perfect Fifth"", ""Perfect Fourth"", ""Major Third"", ""Minor Sixth"", ""Major Second"", ""Minor Second"", ""Perfect Unison"", ""Major Sixth""]"	symbolic	symbolic.abc.txt	data/chorale-bricks/Jan_DuGrosserSchmerzensmann/symbolic.abc.txt	Minor Third	"[""Minor Third"", ""none of the other options is correct"", ""Perfect Fifth"", ""Perfect Fourth"", ""Major Third""]"	0.2	0	"[""A"", ""B"", ""C"", ""D"", ""E""]"	"{""A"": ""Perfect Fifth"", ""B"": ""Perfect Fourth"", ""C"": ""Minor Third"", ""D"": ""Major Third"", ""E"": ""none of the other options is correct""}"	"[""(A) Perfect Fifth"", ""(B) Perfect Fourth"", ""(C) Minor Third"", ""(D) Major Third"", ""(E) none of the other options is correct""]"	(C) Minor Third	C
147e1997-04a7-561c-9925-62545ef01703	3	perception	pitch	relative	pitch-relative	interval-recognition		interval recognition	What is the {target_index} interval in the {voice} line?	"[""target_index"", ""voice""]"	get_nth_interval		interval	"{""target_index"": ""3rd"", ""voice"": ""tenor""}"	What is the 3rd interval in the tenor line?	Jan_DuGrosserSchmerzensmann	chorale-bricks	Jan_DuGrosserSchmerzensmann	data/chorale-bricks/Jan_DuGrosserSchmerzensmann	Minor Third	"[""Major Second"", ""Major Sixth"", ""Major Third"", ""Minor Second"", ""Minor Sixth"", ""Perfect Fifth"", ""Perfect Fourth"", ""Perfect Unison""]"	"[""Perfect Fifth"", ""Perfect Fourth"", ""Major Third"", ""Minor Sixth"", ""Major Second"", ""Minor Second"", ""Perfect Unison"", ""Major Sixth""]"	visual	visual.short.png	data/chorale-bricks/Jan_DuGrosserSchmerzensmann/visual.short.png	none of the other options is correct	"[""none of the other options is correct"", ""Perfect Fifth"", ""Perfect Fourth"", ""Major Third"", ""Minor Sixth""]"	0.2	1	"[""A"", ""B"", ""C"", ""D"", ""E""]"	"{""A"": ""Major Third"", ""B"": ""Minor Sixth"", ""C"": ""Perfect Fifth"", ""D"": ""none of the other options is correct"", ""E"": ""Perfect Fourth""}"	"[""(A) Major Third"", ""(B) Minor Sixth"", ""(C) Perfect Fifth"", ""(D) none of the other options is correct"", ""(E) Perfect Fourth""]"	(D) none of the other options is correct	D
90018547-1db7-5d72-a5e4-98841331094b	3	perception	pitch	relative	pitch-relative	interval-recognition		interval recognition	What is the {target_index} interval in the {voice} line?	"[""target_index"", ""voice""]"	get_nth_interval		interval	"{""target_index"": ""6th"", ""voice"": ""tenor""}"	What is the 6th interval in the tenor line?	Gesius_DuFriedensfuerstHerrJesuChrist	chorale-bricks	Gesius_DuFriedensfuerstHerrJesuChrist	data/chorale-bricks/Gesius_DuFriedensfuerstHerrJesuChrist	Major Third	"[""Major Second"", ""Minor Second"", ""Minor Third"", ""Perfect Fifth"", ""Perfect Fourth"", ""Perfect Unison""]"	"[""Minor Third"", ""Perfect Unison"", ""Major Second"", ""Perfect Fifth"", ""Perfect Fourth"", ""Minor Second""]"	audio	audio.mastermix.wav	data/chorale-bricks/Gesius_DuFriedensfuerstHerrJesuChrist/audio.mastermix.wav	Major Third	"[""Major Third"", ""none of the other options is correct"", ""Minor Third"", ""Perfect Unison"", ""Major Second""]"	0.2	0	"[""A"", ""B"", ""C"", ""D"", ""E""]"	"{""A"": ""Minor Third"", ""B"": ""Major Third"", ""C"": ""Major Second"", ""D"": ""none of the other options is correct"", ""E"": ""Perfect Unison""}"	"[""(A) Minor Third"", ""(B) Major Third"", ""(C) Major Second"", ""(D) none of the other options is correct"", ""(E) Perfect Unison""]"	(B) Major Third	B
e7168a4a-2188-53d5-8038-766c6bfa45a5	3	perception	pitch	relative	pitch-relative	interval-recognition		interval recognition	What is the {target_index} interval in the {voice} line?	"[""target_index"", ""voice""]"	get_nth_interval		interval	"{""target_index"": ""6th"", ""voice"": ""tenor""}"	What is the 6th interval in the tenor line?	Gesius_DuFriedensfuerstHerrJesuChrist	chorale-bricks	Gesius_DuFriedensfuerstHerrJesuChrist	data/chorale-bricks/Gesius_DuFriedensfuerstHerrJesuChrist	Major Third	"[""Major Second"", ""Minor Second"", ""Minor Third"", ""Perfect Fifth"", ""Perfect Fourth"", ""Perfect Unison""]"	"[""Minor Third"", ""Perfect Unison"", ""Major Second"", ""Perfect Fifth"", ""Perfect Fourth"", ""Minor Second""]"	symbolic	symbolic.abc.txt	data/chorale-bricks/Gesius_DuFriedensfuerstHerrJesuChrist/symbolic.abc.txt	Major Third	"[""Major Third"", ""none of the other options is correct"", ""Minor Third"", ""Perfect Unison"", ""Major Second""]"	0.2	0	"[""A"", ""B"", ""C"", ""D"", ""E""]"	"{""A"": ""none of the other options is correct"", ""B"": ""Minor Third"", ""C"": ""Major Third"", ""D"": ""Major Second"", ""E"": ""Perfect Unison""}"	"[""(A) none of the other options is correct"", ""(B) Minor Third"", ""(C) Major Third"", ""(D) Major Second"", ""(E) Perfect Unison""]"	(C) Major Third	C
140f3e88-712e-5735-ab9b-1ab61e400fd4	3	perception	pitch	relative	pitch-relative	interval-recognition		interval recognition	What is the {target_index} interval in the {voice} line?	"[""target_index"", ""voice""]"	get_nth_interval		interval	"{""target_index"": ""6th"", ""voice"": ""tenor""}"	What is the 6th interval in the tenor line?	Gesius_DuFriedensfuerstHerrJesuChrist	chorale-bricks	Gesius_DuFriedensfuerstHerrJesuChrist	data/chorale-bricks/Gesius_DuFriedensfuerstHerrJesuChrist	Major Third	"[""Major Second"", ""Minor Second"", ""Minor Third"", ""Perfect Fifth"", ""Perfect Fourth"", ""Perfect Unison""]"	"[""Minor Third"", ""Perfect Unison"", ""Major Second"", ""Perfect Fifth"", ""Perfect Fourth"", ""Minor Second""]"	visual	visual.short.png	data/chorale-bricks/Gesius_DuFriedensfuerstHerrJesuChrist/visual.short.png	Major Third	"[""Major Third"", ""none of the other options is correct"", ""Minor Third"", ""Perfect Unison"", ""Major Second""]"	0.2	0	"[""A"", ""B"", ""C"", ""D"", ""E""]"	"{""A"": ""Perfect Unison"", ""B"": ""Major Second"", ""C"": ""Major Third"", ""D"": ""Minor Third"", ""E"": ""none of the other options is correct""}"	"[""(A) Perfect Unison"", ""(B) Major Second"", ""(C) Major Third"", ""(D) Minor Third"", ""(E) none of the other options is correct""]"	(C) Major Third	C
51082976-d5c0-596d-86e3-f136d2ce7986	3	perception	pitch	relative	pitch-relative	interval-recognition		interval recognition	What is the {target_index} interval in the {voice} line?	"[""target_index"", ""voice""]"	get_nth_interval		interval	"{""target_index"": ""34th"", ""voice"": ""alto""}"	What is the 34th interval in the alto line?	Telemann_DerLiebenSonneLichtUndPracht	chorale-bricks	Telemann_DerLiebenSonneLichtUndPracht	data/chorale-bricks/Telemann_DerLiebenSonneLichtUndPracht	Perfect Unison	"[""Diminished Unison"", ""Major Second"", ""Major Third"", ""Minor Second"", ""Minor Sixth"", ""Minor Third"", ""Perfect Fifth"", ""Perfect Fourth""]"	"[""Perfect Fifth"", ""Major Third"", ""Minor Third"", ""Perfect Fourth"", ""Minor Sixth"", ""Minor Second"", ""Diminished Unison"", ""Major Second""]"	audio	audio.mastermix.wav	data/chorale-bricks/Telemann_DerLiebenSonneLichtUndPracht/audio.mastermix.wav	none of the other options is correct	"[""none of the other options is correct"", ""Perfect Fifth"", ""Major Third"", ""Minor Third"", ""Perfect Fourth""]"	0.2	1	"[""A"", ""B"", ""C"", ""D"", ""E""]"	"{""A"": ""none of the other options is correct"", ""B"": ""Perfect Fourth"", ""C"": ""Major Third"", ""D"": ""Perfect Fifth"", ""E"": ""Minor Third""}"	"[""(A) none of the other options is correct"", ""(B) Perfect Fourth"", ""(C) Major Third"", ""(D) Perfect Fifth"", ""(E) Minor Third""]"	(A) none of the other options is correct	A
2a3581cb-8db9-503c-96c5-0f95f9fb074a	3	perception	pitch	relative	pitch-relative	interval-recognition		interval recognition	What is the {target_index} interval in the {voice} line?	"[""target_index"", ""voice""]"	get_nth_interval		interval	"{""target_index"": ""34th"", ""voice"": ""alto""}"	What is the 34th interval in the alto line?	Telemann_DerLiebenSonneLichtUndPracht	chorale-bricks	Telemann_DerLiebenSonneLichtUndPracht	data/chorale-bricks/Telemann_DerLiebenSonneLichtUndPracht	Perfect Unison	"[""Diminished Unison"", ""Major Second"", ""Major Third"", ""Minor Second"", ""Minor Sixth"", ""Minor Third"", ""Perfect Fifth"", ""Perfect Fourth""]"	"[""Perfect Fifth"", ""Major Third"", ""Minor Third"", ""Perfect Fourth"", ""Minor Sixth"", ""Minor Second"", ""Diminished Unison"", ""Major Second""]"	symbolic	symbolic.abc.txt	data/chorale-bricks/Telemann_DerLiebenSonneLichtUndPracht/symbolic.abc.txt	none of the other options is correct	"[""none of the other options is correct"", ""Perfect Fifth"", ""Major Third"", ""Minor Third"", ""Perfect Fourth""]"	0.2	1	"[""A"", ""B"", ""C"", ""D"", ""E""]"	"{""A"": ""Major Third"", ""B"": ""Perfect Fourth"", ""C"": ""none of the other options is correct"", ""D"": ""Minor Third"", ""E"": ""Perfect Fifth""}"	"[""(A) Major Third"", ""(B) Perfect Fourth"", ""(C) none of the other options is correct"", ""(D) Minor Third"", ""(E) Perfect Fifth""]"	(C) none of the other options is correct	C
636c9923-3450-53c8-ad03-f298ea17dcea	3	perception	pitch	relative	pitch-relative	interval-recognition		interval recognition	What is the {target_index} interval in the {voice} line?	"[""target_index"", ""voice""]"	get_nth_interval		interval	"{""target_index"": ""34th"", ""voice"": ""alto""}"	What is the 34th interval in the alto line?	Telemann_DerLiebenSonneLichtUndPracht	chorale-bricks	Telemann_DerLiebenSonneLichtUndPracht	data/chorale-bricks/Telemann_DerLiebenSonneLichtUndPracht	Perfect Unison	"[""Diminished Unison"", ""Major Second"", ""Major Third"", ""Minor Second"", ""Minor Sixth"", ""Minor Third"", ""Perfect Fifth"", ""Perfect Fourth""]"	"[""Perfect Fifth"", ""Major Third"", ""Minor Third"", ""Perfect Fourth"", ""Minor Sixth"", ""Minor Second"", ""Diminished Unison"", ""Major Second""]"	visual	visual.short.png	data/chorale-bricks/Telemann_DerLiebenSonneLichtUndPracht/visual.short.png	none of the other options is correct	"[""none of the other options is correct"", ""Perfect Fifth"", ""Major Third"", ""Minor Third"", ""Perfect Fourth""]"	0.2	1	"[""A"", ""B"", ""C"", ""D"", ""E""]"	"{""A"": ""Major Third"", ""B"": ""Perfect Fifth"", ""C"": ""Perfect Fourth"", ""D"": ""none of the other options is correct"", ""E"": ""Minor Third""}"	"[""(A) Major Third"", ""(B) Perfect Fifth"", ""(C) Perfect Fourth"", ""(D) none of the other options is correct"", ""(E) Minor Third""]"	(D) none of the other options is correct	D
3c5a1f06-255d-596b-8a3e-d665400fe457	3	perception	pitch	relative	pitch-relative	interval-recognition		interval recognition	What is the {target_index} interval in the {voice} line?	"[""target_index"", ""voice""]"	get_nth_interval		interval	"{""target_index"": ""29th"", ""voice"": ""bass""}"	What is the 29th interval in the bass line?	Drese_JesuGehVoran	chorale-bricks	Drese_JesuGehVoran	data/chorale-bricks/Drese_JesuGehVoran	Perfect Fourth	"[""Major Second"", ""Major Sixth"", ""Major Third"", ""Minor Second"", ""Minor Third"", ""Perfect Fifth"", ""Perfect Unison""]"	"[""Perfect Unison"", ""Major Sixth"", ""Perfect Fifth"", ""Minor Third"", ""Minor Second"", ""Major Second"", ""Major Third""]"	audio	audio.mastermix.wav	data/chorale-bricks/Drese_JesuGehVoran/audio.mastermix.wav	Perfect Fourth	"[""Perfect Fourth"", ""none of the other options is correct"", ""Perfect Unison"", ""Major Sixth"", ""Perfect Fifth""]"	0.2	0	"[""A"", ""B"", ""C"", ""D"", ""E""]"	"{""A"": ""Major Sixth"", ""B"": ""Perfect Unison"", ""C"": ""none of the other options is correct"", ""D"": ""Perfect Fifth"", ""E"": ""Perfect Fourth""}"	"[""(A) Major Sixth"", ""(B) Perfect Unison"", ""(C) none of the other options is correct"", ""(D) Perfect Fifth"", ""(E) Perfect Fourth""]"	(E) Perfect Fourth	E
09dbc7c2-6eb0-5a50-92b1-252016b647cf	3	perception	pitch	relative	pitch-relative	interval-recognition		interval recognition	What is the {target_index} interval in the {voice} line?	"[""target_index"", ""voice""]"	get_nth_interval		interval	"{""target_index"": ""29th"", ""voice"": ""bass""}"	What is the 29th interval in the bass line?	Drese_JesuGehVoran	chorale-bricks	Drese_JesuGehVoran	data/chorale-bricks/Drese_JesuGehVoran	Perfect Fourth	"[""Major Second"", ""Major Sixth"", ""Major Third"", ""Minor Second"", ""Minor Third"", ""Perfect Fifth"", ""Perfect Unison""]"	"[""Perfect Unison"", ""Major Sixth"", ""Perfect Fifth"", ""Minor Third"", ""Minor Second"", ""Major Second"", ""Major Third""]"	symbolic	symbolic.abc.txt	data/chorale-bricks/Drese_JesuGehVoran/symbolic.abc.txt	none of the other options is correct	"[""none of the other options is correct"", ""Perfect Unison"", ""Major Sixth"", ""Perfect Fifth"", ""Minor Third""]"	0.2	1	"[""A"", ""B"", ""C"", ""D"", ""E""]"	"{""A"": ""Perfect Fifth"", ""B"": ""none of the other options is correct"", ""C"": ""Perfect Unison"", ""D"": ""Minor Third"", ""E"": ""Major Sixth""}"	"[""(A) Perfect Fifth"", ""(B) none of the other options is correct"", ""(C) Perfect Unison"", ""(D) Minor Third"", ""(E) Major Sixth""]"	(B) none of the other options is correct	B
4874cea0-c95f-5eed-af61-177502456302	3	perception	pitch	relative	pitch-relative	interval-recognition		interval recognition	What is the {target_index} interval in the {voice} line?	"[""target_index"", ""voice""]"	get_nth_interval		interval	"{""target_index"": ""29th"", ""voice"": ""bass""}"	What is the 29th interval in the bass line?	Drese_JesuGehVoran	chorale-bricks	Drese_JesuGehVoran	data/chorale-bricks/Drese_JesuGehVoran	Perfect Fourth	"[""Major Second"", ""Major Sixth"", ""Major Third"", ""Minor Second"", ""Minor Third"", ""Perfect Fifth"", ""Perfect Unison""]"	"[""Perfect Unison"", ""Major Sixth"", ""Perfect Fifth"", ""Minor Third"", ""Minor Second"", ""Major Second"", ""Major Third""]"	visual	visual.short.png	data/chorale-bricks/Drese_JesuGehVoran/visual.short.png	Perfect Fourth	"[""Perfect Fourth"", ""none of the other options is correct"", ""Perfect Unison"", ""Major Sixth"", ""Perfect Fifth""]"	0.2	0	"[""A"", ""B"", ""C"", ""D"", ""E""]"	"{""A"": ""none of the other options is correct"", ""B"": ""Perfect Unison"", ""C"": ""Perfect Fourth"", ""D"": ""Major Sixth"", ""E"": ""Perfect Fifth""}"	"[""(A) none of the other options is correct"", ""(B) Perfect Unison"", ""(C) Perfect Fourth"", ""(D) Major Sixth"", ""(E) Perfect Fifth""]"	(C) Perfect Fourth	C
a83b03d4-279b-5b0e-b3bb-ce978b5cb8b4	3	perception	pitch	relative	pitch-relative	interval-recognition		interval recognition	What is the {target_index} interval in the {voice} line?	"[""target_index"", ""voice""]"	get_nth_interval		interval	"{""target_index"": ""17th"", ""voice"": ""alto""}"	What is the 17th interval in the alto line?	Anonymous_AusMeinesHerzensGrunde	chorale-bricks	Anonymous_AusMeinesHerzensGrunde	data/chorale-bricks/Anonymous_AusMeinesHerzensGrunde	Major Second	"[""Major Third"", ""Minor Second"", ""Minor Sixth"", ""Minor Third"", ""Perfect Fifth"", ""Perfect Fourth"", ""Perfect Unison""]"	"[""Perfect Unison"", ""Minor Second"", ""Perfect Fifth"", ""Minor Third"", ""Minor Sixth"", ""Perfect Fourth"", ""Major Third""]"	audio	audio.mastermix.wav	data/chorale-bricks/Anonymous_AusMeinesHerzensGrunde/audio.mastermix.wav	Major Second	"[""Major Second"", ""none of the other options is correct"", ""Perfect Unison"", ""Minor Second"", ""Perfect Fifth""]"	0.2	0	"[""A"", ""B"", ""C"", ""D"", ""E""]"	"{""A"": ""Perfect Fifth"", ""B"": ""Perfect Unison"", ""C"": ""Minor Second"", ""D"": ""Major Second"", ""E"": ""none of the other options is correct""}"	"[""(A) Perfect Fifth"", ""(B) Perfect Unison"", ""(C) Minor Second"", ""(D) Major Second"", ""(E) none of the other options is correct""]"	(D) Major Second	D
60e6e4e0-05c9-59b1-8324-d78df6dc5a33	3	perception	pitch	relative	pitch-relative	interval-recognition		interval recognition	What is the {target_index} interval in the {voice} line?	"[""target_index"", ""voice""]"	get_nth_interval		interval	"{""target_index"": ""17th"", ""voice"": ""alto""}"	What is the 17th interval in the alto line?	Anonymous_AusMeinesHerzensGrunde	chorale-bricks	Anonymous_AusMeinesHerzensGrunde	data/chorale-bricks/Anonymous_AusMeinesHerzensGrunde	Major Second	"[""Major Third"", ""Minor Second"", ""Minor Sixth"", ""Minor Third"", ""Perfect Fifth"", ""Perfect Fourth"", ""Perfect Unison""]"	"[""Perfect Unison"", ""Minor Second"", ""Perfect Fifth"", ""Minor Third"", ""Minor Sixth"", ""Perfect Fourth"", ""Major Third""]"	symbolic	symbolic.abc.txt	data/chorale-bricks/Anonymous_AusMeinesHerzensGrunde/symbolic.abc.txt	none of the other options is correct	"[""none of the other options is correct"", ""Perfect Unison"", ""Minor Second"", ""Perfect Fifth"", ""Minor Third""]"	0.2	1	"[""A"", ""B"", ""C"", ""D"", ""E""]"	"{""A"": ""Minor Second"", ""B"": ""Perfect Fifth"", ""C"": ""none of the other options is correct"", ""D"": ""Minor Third"", ""E"": ""Perfect Unison""}"	"[""(A) Minor Second"", ""(B) Perfect Fifth"", ""(C) none of the other options is correct"", ""(D) Minor Third"", ""(E) Perfect Unison""]"	(C) none of the other options is correct	C
409db291-4c03-5064-89bf-506068bfa73f	3	perception	pitch	relative	pitch-relative	interval-recognition		interval recognition	What is the {target_index} interval in the {voice} line?	"[""target_index"", ""voice""]"	get_nth_interval		interval	"{""target_index"": ""17th"", ""voice"": ""alto""}"	What is the 17th interval in the alto line?	Anonymous_AusMeinesHerzensGrunde	chorale-bricks	Anonymous_AusMeinesHerzensGrunde	data/chorale-bricks/Anonymous_AusMeinesHerzensGrunde	Major Second	"[""Major Third"", ""Minor Second"", ""Minor Sixth"", ""Minor Third"", ""Perfect Fifth"", ""Perfect Fourth"", ""Perfect Unison""]"	"[""Perfect Unison"", ""Minor Second"", ""Perfect Fifth"", ""Minor Third"", ""Minor Sixth"", ""Perfect Fourth"", ""Major Third""]"	visual	visual.short.png	data/chorale-bricks/Anonymous_AusMeinesHerzensGrunde/visual.short.png	Major Second	"[""Major Second"", ""none of the other options is correct"", ""Perfect Unison"", ""Minor Second"", ""Perfect Fifth""]"	0.2	0	"[""A"", ""B"", ""C"", ""D"", ""E""]"	"{""A"": ""Perfect Fifth"", ""B"": ""Minor Second"", ""C"": ""none of the other options is correct"", ""D"": ""Perfect Unison"", ""E"": ""Major Second""}"	"[""(A) Perfect Fifth"", ""(B) Minor Second"", ""(C) none of the other options is correct"", ""(D) Perfect Unison"", ""(E) Major Second""]"	(E) Major Second	E
141f9c7f-ad32-5723-a131-5fb6796e80ad	3	perception	pitch	relative	pitch-relative	interval-recognition		interval recognition	What is the {target_index} interval in the {voice} line?	"[""target_index"", ""voice""]"	get_nth_interval		interval	"{""target_index"": ""21st"", ""voice"": ""bass""}"	What is the 21st interval in the bass line?	Vulpius_DieHelleSonnLeuchtJetztHerfuer	chorale-bricks	Vulpius_DieHelleSonnLeuchtJetztHerfuer	data/chorale-bricks/Vulpius_DieHelleSonnLeuchtJetztHerfuer	Major Second	"[""Diminished Unison"", ""Major Third"", ""Minor Second"", ""Minor Third"", ""Perfect Fifth"", ""Perfect Fourth"", ""Perfect Unison""]"	"[""Perfect Fourth"", ""Perfect Unison"", ""Perfect Fifth"", ""Minor Third"", ""Diminished Unison"", ""Minor Second"", ""Major Third""]"	audio	audio.mastermix.wav	data/chorale-bricks/Vulpius_DieHelleSonnLeuchtJetztHerfuer/audio.mastermix.wav	Major Second	"[""Major Second"", ""none of the other options is correct"", ""Perfect Fourth"", ""Perfect Unison"", ""Perfect Fifth""]"	0.2	0	"[""A"", ""B"", ""C"", ""D"", ""E""]"	"{""A"": ""Major Second"", ""B"": ""Perfect Fourth"", ""C"": ""Perfect Fifth"", ""D"": ""Perfect Unison"", ""E"": ""none of the other options is correct""}"	"[""(A) Major Second"", ""(B) Perfect Fourth"", ""(C) Perfect Fifth"", ""(D) Perfect Unison"", ""(E) none of the other options is correct""]"	(A) Major Second	A
bac78773-7401-5e99-b4c1-6708e469b8ca	3	perception	pitch	relative	pitch-relative	interval-recognition		interval recognition	What is the {target_index} interval in the {voice} line?	"[""target_index"", ""voice""]"	get_nth_interval		interval	"{""target_index"": ""21st"", ""voice"": ""bass""}"	What is the 21st interval in the bass line?	Vulpius_DieHelleSonnLeuchtJetztHerfuer	chorale-bricks	Vulpius_DieHelleSonnLeuchtJetztHerfuer	data/chorale-bricks/Vulpius_DieHelleSonnLeuchtJetztHerfuer	Major Second	"[""Diminished Unison"", ""Major Third"", ""Minor Second"", ""Minor Third"", ""Perfect Fifth"", ""Perfect Fourth"", ""Perfect Unison""]"	"[""Perfect Fourth"", ""Perfect Unison"", ""Perfect Fifth"", ""Minor Third"", ""Diminished Unison"", ""Minor Second"", ""Major Third""]"	symbolic	symbolic.abc.txt	data/chorale-bricks/Vulpius_DieHelleSonnLeuchtJetztHerfuer/symbolic.abc.txt	Major Second	"[""Major Second"", ""none of the other options is correct"", ""Perfect Fourth"", ""Perfect Unison"", ""Perfect Fifth""]"	0.2	0	"[""A"", ""B"", ""C"", ""D"", ""E""]"	"{""A"": ""Perfect Unison"", ""B"": ""Perfect Fourth"", ""C"": ""none of the other options is correct"", ""D"": ""Perfect Fifth"", ""E"": ""Major Second""}"	"[""(A) Perfect Unison"", ""(B) Perfect Fourth"", ""(C) none of the other options is correct"", ""(D) Perfect Fifth"", ""(E) Major Second""]"	(E) Major Second	E
74971e53-c0b4-5454-a0ab-2d27ef9c864a	3	perception	pitch	relative	pitch-relative	interval-recognition		interval recognition	What is the {target_index} interval in the {voice} line?	"[""target_index"", ""voice""]"	get_nth_interval		interval	"{""target_index"": ""21st"", ""voice"": ""bass""}"	What is the 21st interval in the bass line?	Vulpius_DieHelleSonnLeuchtJetztHerfuer	chorale-bricks	Vulpius_DieHelleSonnLeuchtJetztHerfuer	data/chorale-bricks/Vulpius_DieHelleSonnLeuchtJetztHerfuer	Major Second	"[""Diminished Unison"", ""Major Third"", ""Minor Second"", ""Minor Third"", ""Perfect Fifth"", ""Perfect Fourth"", ""Perfect Unison""]"	"[""Perfect Fourth"", ""Perfect Unison"", ""Perfect Fifth"", ""Minor Third"", ""Diminished Unison"", ""Minor Second"", ""Major Third""]"	visual	visual.short.png	data/chorale-bricks/Vulpius_DieHelleSonnLeuchtJetztHerfuer/visual.short.png	Major Second	"[""Major Second"", ""none of the other options is correct"", ""Perfect Fourth"", ""Perfect Unison"", ""Perfect Fifth""]"	0.2	0	"[""A"", ""B"", ""C"", ""D"", ""E""]"	"{""A"": ""Perfect Unison"", ""B"": ""Perfect Fifth"", ""C"": ""Major Second"", ""D"": ""none of the other options is correct"", ""E"": ""Perfect Fourth""}"	"[""(A) Perfect Unison"", ""(B) Perfect Fifth"", ""(C) Major Second"", ""(D) none of the other options is correct"", ""(E) Perfect Fourth""]"	(C) Major Second	C
f763d666-d7aa-5567-92c6-d27b0c56193c	3	perception	pitch	relative	pitch-relative	interval-recognition		interval recognition	What is the {target_index} interval in the {voice} line?	"[""target_index"", ""voice""]"	get_nth_interval		interval	"{""target_index"": ""28th"", ""voice"": ""tenor""}"	What is the 28th interval in the tenor line?	Gesius_BefiehlDuDeineWege	chorale-bricks	Gesius_BefiehlDuDeineWege	data/chorale-bricks/Gesius_BefiehlDuDeineWege	Perfect Unison	"[""Major Second"", ""Major Third"", ""Minor Second"", ""Minor Sixth"", ""Minor Third"", ""Perfect Fifth"", ""Perfect Fourth""]"	"[""Major Second"", ""Minor Second"", ""Perfect Fifth"", ""Minor Sixth"", ""Minor Third"", ""Perfect Fourth"", ""Major Third""]"	audio	audio.mastermix.wav	data/chorale-bricks/Gesius_BefiehlDuDeineWege/audio.mastermix.wav	Perfect Unison	"[""Perfect Unison"", ""none of the other options is correct"", ""Major Second"", ""Minor Second"", ""Perfect Fifth""]"	0.2	0	"[""A"", ""B"", ""C"", ""D"", ""E""]"	"{""A"": ""Minor Second"", ""B"": ""Major Second"", ""C"": ""Perfect Unison"", ""D"": ""none of the other options is correct"", ""E"": ""Perfect Fifth""}"	"[""(A) Minor Second"", ""(B) Major Second"", ""(C) Perfect Unison"", ""(D) none of the other options is correct"", ""(E) Perfect Fifth""]"	(C) Perfect Unison	C
a8f46e03-0607-583f-ac2d-493e34120683	3	perception	pitch	relative	pitch-relative	interval-recognition		interval recognition	What is the {target_index} interval in the {voice} line?	"[""target_index"", ""voice""]"	get_nth_interval		interval	"{""target_index"": ""28th"", ""voice"": ""tenor""}"	What is the 28th interval in the tenor line?	Gesius_BefiehlDuDeineWege	chorale-bricks	Gesius_BefiehlDuDeineWege	data/chorale-bricks/Gesius_BefiehlDuDeineWege	Perfect Unison	"[""Major Second"", ""Major Third"", ""Minor Second"", ""Minor Sixth"", ""Minor Third"", ""Perfect Fifth"", ""Perfect Fourth""]"	"[""Major Second"", ""Minor Second"", ""Perfect Fifth"", ""Minor Sixth"", ""Minor Third"", ""Perfect Fourth"", ""Major Third""]"	symbolic	symbolic.abc.txt	data/chorale-bricks/Gesius_BefiehlDuDeineWege/symbolic.abc.txt	Perfect Unison	"[""Perfect Unison"", ""none of the other options is correct"", ""Major Second"", ""Minor Second"", ""Perfect Fifth""]"	0.2	0	"[""A"", ""B"", ""C"", ""D"", ""E""]"	"{""A"": ""Perfect Fifth"", ""B"": ""Minor Second"", ""C"": ""none of the other options is correct"", ""D"": ""Major Second"", ""E"": ""Perfect Unison""}"	"[""(A) Perfect Fifth"", ""(B) Minor Second"", ""(C) none of the other options is correct"", ""(D) Major Second"", ""(E) Perfect Unison""]"	(E) Perfect Unison	E
6306c3aa-4a2a-59a7-b2be-b99917b62583	3	perception	pitch	relative	pitch-relative	interval-recognition		interval recognition	What is the {target_index} interval in the {voice} line?	"[""target_index"", ""voice""]"	get_nth_interval		interval	"{""target_index"": ""28th"", ""voice"": ""tenor""}"	What is the 28th interval in the tenor line?	Gesius_BefiehlDuDeineWege	chorale-bricks	Gesius_BefiehlDuDeineWege	data/chorale-bricks/Gesius_BefiehlDuDeineWege	Perfect Unison	"[""Major Second"", ""Major Third"", ""Minor Second"", ""Minor Sixth"", ""Minor Third"", ""Perfect Fifth"", ""Perfect Fourth""]"	"[""Major Second"", ""Minor Second"", ""Perfect Fifth"", ""Minor Sixth"", ""Minor Third"", ""Perfect Fourth"", ""Major Third""]"	visual	visual.short.png	data/chorale-bricks/Gesius_BefiehlDuDeineWege/visual.short.png	Perfect Unison	"[""Perfect Unison"", ""none of the other options is correct"", ""Major Second"", ""Minor Second"", ""Perfect Fifth""]"	0.2	0	"[""A"", ""B"", ""C"", ""D"", ""E""]"	"{""A"": ""Perfect Fifth"", ""B"": ""Minor Second"", ""C"": ""none of the other options is correct"", ""D"": ""Perfect Unison"", ""E"": ""Major Second""}"	"[""(A) Perfect Fifth"", ""(B) Minor Second"", ""(C) none of the other options is correct"", ""(D) Perfect Unison"", ""(E) Major Second""]"	(D) Perfect Unison	D
e6545120-d3e2-54e3-a908-b79d47c60fdc	3	perception	pitch	relative	pitch-relative	interval-recognition		interval recognition	What is the {target_index} interval in the {voice} line?	"[""target_index"", ""voice""]"	get_nth_interval		interval	"{""target_index"": ""21st"", ""voice"": ""tenor""}"	What is the 21st interval in the tenor line?	Gesius_DuFriedensfuerstHerrJesuChrist	chorale-bricks	Gesius_DuFriedensfuerstHerrJesuChrist	data/chorale-bricks/Gesius_DuFriedensfuerstHerrJesuChrist	Major Second	"[""Major Third"", ""Minor Second"", ""Minor Third"", ""Perfect Fifth"", ""Perfect Fourth"", ""Perfect Unison""]"	"[""Minor Second"", ""Major Third"", ""Perfect Unison"", ""Perfect Fourth"", ""Minor Third"", ""Perfect Fifth""]"	audio	audio.mastermix.wav	data/chorale-bricks/Gesius_DuFriedensfuerstHerrJesuChrist/audio.mastermix.wav	none of the other options is correct	"[""none of the other options is correct"", ""Minor Second"", ""Major Third"", ""Perfect Unison"", ""Perfect Fourth""]"	0.2	1	"[""A"", ""B"", ""C"", ""D"", ""E""]"	"{""A"": ""Major Third"", ""B"": ""Minor Second"", ""C"": ""Perfect Fourth"", ""D"": ""Perfect Unison"", ""E"": ""none of the other options is correct""}"	"[""(A) Major Third"", ""(B) Minor Second"", ""(C) Perfect Fourth"", ""(D) Perfect Unison"", ""(E) none of the other options is correct""]"	(E) none of the other options is correct	E
32cf045a-34c6-5084-93bf-e24264167766	3	perception	pitch	relative	pitch-relative	interval-recognition		interval recognition	What is the {target_index} interval in the {voice} line?	"[""target_index"", ""voice""]"	get_nth_interval		interval	"{""target_index"": ""21st"", ""voice"": ""tenor""}"	What is the 21st interval in the tenor line?	Gesius_DuFriedensfuerstHerrJesuChrist	chorale-bricks	Gesius_DuFriedensfuerstHerrJesuChrist	data/chorale-bricks/Gesius_DuFriedensfuerstHerrJesuChrist	Major Second	"[""Major Third"", ""Minor Second"", ""Minor Third"", ""Perfect Fifth"", ""Perfect Fourth"", ""Perfect Unison""]"	"[""Minor Second"", ""Major Third"", ""Perfect Unison"", ""Perfect Fourth"", ""Minor Third"", ""Perfect Fifth""]"	symbolic	symbolic.abc.txt	data/chorale-bricks/Gesius_DuFriedensfuerstHerrJesuChrist/symbolic.abc.txt	none of the other options is correct	"[""none of the other options is correct"", ""Minor Second"", ""Major Third"", ""Perfect Unison"", ""Perfect Fourth""]"	0.2	1	"[""A"", ""B"", ""C"", ""D"", ""E""]"	"{""A"": ""Major Third"", ""B"": ""Minor Second"", ""C"": ""Perfect Unison"", ""D"": ""none of the other options is correct"", ""E"": ""Perfect Fourth""}"	"[""(A) Major Third"", ""(B) Minor Second"", ""(C) Perfect Unison"", ""(D) none of the other options is correct"", ""(E) Perfect Fourth""]"	(D) none of the other options is correct	D
58426536-22cc-5653-b44f-e6a10636fb31	3	perception	pitch	relative	pitch-relative	interval-recognition		interval recognition	What is the {target_index} interval in the {voice} line?	"[""target_index"", ""voice""]"	get_nth_interval		interval	"{""target_index"": ""21st"", ""voice"": ""tenor""}"	What is the 21st interval in the tenor line?	Gesius_DuFriedensfuerstHerrJesuChrist	chorale-bricks	Gesius_DuFriedensfuerstHerrJesuChrist	data/chorale-bricks/Gesius_DuFriedensfuerstHerrJesuChrist	Major Second	"[""Major Third"", ""Minor Second"", ""Minor Third"", ""Perfect Fifth"", ""Perfect Fourth"", ""Perfect Unison""]"	"[""Minor Second"", ""Major Third"", ""Perfect Unison"", ""Perfect Fourth"", ""Minor Third"", ""Perfect Fifth""]"	visual	visual.short.png	data/chorale-bricks/Gesius_DuFriedensfuerstHerrJesuChrist/visual.short.png	Major Second	"[""Major Second"", ""none of the other options is correct"", ""Minor Second"", ""Major Third"", ""Perfect Unison""]"	0.2	0	"[""A"", ""B"", ""C"", ""D"", ""E""]"	"{""A"": ""Minor Second"", ""B"": ""Major Second"", ""C"": ""Major Third"", ""D"": ""Perfect Unison"", ""E"": ""none of the other options is correct""}"	"[""(A) Minor Second"", ""(B) Major Second"", ""(C) Major Third"", ""(D) Perfect Unison"", ""(E) none of the other options is correct""]"	(B) Major Second	B
b502e0d9-aa75-5bf4-a549-e7eafdbbda19	4	perception	pitch	relative	pitch-relative	interval-recognition		interval statistics	How many times is the interval {interval} present in the {voice} line?	"[""voice"", ""interval""]"	get_interval_quantity		interval	"{""voice"": ""alto"", ""interval"": ""Perfect Fourth""}"	How many times is the interval Perfect Fourth present in the alto line?	Anonymous_AusMeinesHerzensGrunde	chorale-bricks	Anonymous_AusMeinesHerzensGrunde	data/chorale-bricks/Anonymous_AusMeinesHerzensGrunde	6	"[""2"", ""8"", ""29"", ""35"", ""48"", ""87"", ""88""]"	"[""8"", ""87"", ""88"", ""35"", ""48"", ""29"", ""2""]"	audio	audio.mastermix.wav	data/chorale-bricks/Anonymous_AusMeinesHerzensGrunde/audio.mastermix.wav	6	"[""6"", ""none of the other options is correct"", ""8"", ""87"", ""88""]"	0.2	0	"[""A"", ""B"", ""C"", ""D"", ""E""]"	"{""A"": ""none of the other options is correct"", ""B"": ""8"", ""C"": ""87"", ""D"": ""6"", ""E"": ""88""}"	"[""(A) none of the other options is correct"", ""(B) 8"", ""(C) 87"", ""(D) 6"", ""(E) 88""]"	(D) 6	D
d4b10568-33eb-5de8-baa6-885119ddd727	4	perception	pitch	relative	pitch-relative	interval-recognition		interval statistics	How many times is the interval {interval} present in the {voice} line?	"[""voice"", ""interval""]"	get_interval_quantity		interval	"{""voice"": ""alto"", ""interval"": ""Perfect Fourth""}"	How many times is the interval Perfect Fourth present in the alto line?	Anonymous_AusMeinesHerzensGrunde	chorale-bricks	Anonymous_AusMeinesHerzensGrunde	data/chorale-bricks/Anonymous_AusMeinesHerzensGrunde	6	"[""2"", ""8"", ""29"", ""35"", ""48"", ""87"", ""88""]"	"[""8"", ""87"", ""88"", ""35"", ""48"", ""29"", ""2""]"	symbolic	symbolic.abc.txt	data/chorale-bricks/Anonymous_AusMeinesHerzensGrunde/symbolic.abc.txt	6	"[""6"", ""none of the other options is correct"", ""8"", ""87"", ""88""]"	0.2	0	"[""A"", ""B"", ""C"", ""D"", ""E""]"	"{""A"": ""87"", ""B"": ""8"", ""C"": ""none of the other options is correct"", ""D"": ""6"", ""E"": ""88""}"	"[""(A) 87"", ""(B) 8"", ""(C) none of the other options is correct"", ""(D) 6"", ""(E) 88""]"	(D) 6	D
dc98ff73-9182-5398-a298-95e652bc7ea9	4	perception	pitch	relative	pitch-relative	interval-recognition		interval statistics	How many times is the interval {interval} present in the {voice} line?	"[""voice"", ""interval""]"	get_interval_quantity		interval	"{""voice"": ""alto"", ""interval"": ""Perfect Fourth""}"	How many times is the interval Perfect Fourth present in the alto line?	Anonymous_AusMeinesHerzensGrunde	chorale-bricks	Anonymous_AusMeinesHerzensGrunde	data/chorale-bricks/Anonymous_AusMeinesHerzensGrunde	6	"[""2"", ""8"", ""29"", ""35"", ""48"", ""87"", ""88""]"	"[""8"", ""87"", ""88"", ""35"", ""48"", ""29"", ""2""]"	visual	visual.short.png	data/chorale-bricks/Anonymous_AusMeinesHerzensGrunde/visual.short.png	6	"[""6"", ""none of the other options is correct"", ""8"", ""87"", ""88""]"	0.2	0	"[""A"", ""B"", ""C"", ""D"", ""E""]"	"{""A"": ""88"", ""B"": ""6"", ""C"": ""87"", ""D"": ""none of the other options is correct"", ""E"": ""8""}"	"[""(A) 88"", ""(B) 6"", ""(C) 87"", ""(D) none of the other options is correct"", ""(E) 8""]"	(B) 6	B
665d3049-2e46-5076-9459-b299b0f4c2e7	4	perception	pitch	relative	pitch-relative	interval-recognition		interval statistics	How many times is the interval {interval} present in the {voice} line?	"[""voice"", ""interval""]"	get_interval_quantity		interval	"{""voice"": ""alto"", ""interval"": ""Minor Third""}"	How many times is the interval Minor Third present in the alto line?	Bach_IchStehAnDeinerKrippe	chorale-bricks	Bach_IchStehAnDeinerKrippe	data/chorale-bricks/Bach_IchStehAnDeinerKrippe	5	"[""1"", ""2"", ""7"", ""12"", ""28"", ""32"", ""52"", ""55"", ""73""]"	"[""28"", ""12"", ""32"", ""52"", ""55"", ""1"", ""73"", ""7"", ""2""]"	audio	audio.mastermix.wav	data/chorale-bricks/Bach_IchStehAnDeinerKrippe/audio.mastermix.wav	5	"[""5"", ""none of the other options is correct"", ""28"", ""12"", ""32""]"	0.2	0	"[""A"", ""B"", ""C"", ""D"", ""E""]"	"{""A"": ""32"", ""B"": ""5"", ""C"": ""28"", ""D"": ""none of the other options is correct"", ""E"": ""12""}"	"[""(A) 32"", ""(B) 5"", ""(C) 28"", ""(D) none of the other options is correct"", ""(E) 12""]"	(B) 5	B
f6e61933-199e-5967-a26c-ca5b6c6f9dcd	4	perception	pitch	relative	pitch-relative	interval-recognition		interval statistics	How many times is the interval {interval} present in the {voice} line?	"[""voice"", ""interval""]"	get_interval_quantity		interval	"{""voice"": ""alto"", ""interval"": ""Minor Third""}"	How many times is the interval Minor Third present in the alto line?	Bach_IchStehAnDeinerKrippe	chorale-bricks	Bach_IchStehAnDeinerKrippe	data/chorale-bricks/Bach_IchStehAnDeinerKrippe	5	"[""1"", ""2"", ""7"", ""12"", ""28"", ""32"", ""52"", ""55"", ""73""]"	"[""28"", ""12"", ""32"", ""52"", ""55"", ""1"", ""73"", ""7"", ""2""]"	symbolic	symbolic.abc.txt	data/chorale-bricks/Bach_IchStehAnDeinerKrippe/symbolic.abc.txt	5	"[""5"", ""none of the other options is correct"", ""28"", ""12"", ""32""]"	0.2	0	"[""A"", ""B"", ""C"", ""D"", ""E""]"	"{""A"": ""12"", ""B"": ""5"", ""C"": ""28"", ""D"": ""none of the other options is correct"", ""E"": ""32""}"	"[""(A) 12"", ""(B) 5"", ""(C) 28"", ""(D) none of the other options is correct"", ""(E) 32""]"	(B) 5	B
c2535040-6bd3-540b-b89f-98f82019fe90	4	perception	pitch	relative	pitch-relative	interval-recognition		interval statistics	How many times is the interval {interval} present in the {voice} line?	"[""voice"", ""interval""]"	get_interval_quantity		interval	"{""voice"": ""alto"", ""interval"": ""Minor Third""}"	How many times is the interval Minor Third present in the alto line?	Bach_IchStehAnDeinerKrippe	chorale-bricks	Bach_IchStehAnDeinerKrippe	data/chorale-bricks/Bach_IchStehAnDeinerKrippe	5	"[""1"", ""2"", ""7"", ""12"", ""28"", ""32"", ""52"", ""55"", ""73""]"	"[""28"", ""12"", ""32"", ""52"", ""55"", ""1"", ""73"", ""7"", ""2""]"	visual	visual.short.png	data/chorale-bricks/Bach_IchStehAnDeinerKrippe/visual.short.png	none of the other options is correct	"[""none of the other options is correct"", ""28"", ""12"", ""32"", ""52""]"	0.2	1	"[""A"", ""B"", ""C"", ""D"", ""E""]"	"{""A"": ""32"", ""B"": ""none of the other options is correct"", ""C"": ""28"", ""D"": ""12"", ""E"": ""52""}"	"[""(A) 32"", ""(B) none of the other options is correct"", ""(C) 28"", ""(D) 12"", ""(E) 52""]"	(B) none of the other options is correct	B
dba6ae6d-f484-500d-b363-8c21fbe488e6	4	perception	pitch	relative	pitch-relative	interval-recognition		interval statistics	How many times is the interval {interval} present in the {voice} line?	"[""voice"", ""interval""]"	get_interval_quantity		interval	"{""voice"": ""bass"", ""interval"": ""Minor Second""}"	How many times is the interval Minor Second present in the bass line?	Telemann_DerLiebenSonneLichtUndPracht	chorale-bricks	Telemann_DerLiebenSonneLichtUndPracht	data/chorale-bricks/Telemann_DerLiebenSonneLichtUndPracht	6	"[""1"", ""3"", ""10"", ""21"", ""23"", ""40"", ""54"", ""60"", ""85""]"	"[""54"", ""3"", ""10"", ""85"", ""21"", ""1"", ""60"", ""40"", ""23""]"	audio	audio.mastermix.wav	data/chorale-bricks/Telemann_DerLiebenSonneLichtUndPracht/audio.mastermix.wav	6	"[""6"", ""none of the other options is correct"", ""54"", ""3"", ""10""]"	0.2	0	"[""A"", ""B"", ""C"", ""D"", ""E""]"	"{""A"": ""54"", ""B"": ""3"", ""C"": ""10"", ""D"": ""6"", ""E"": ""none of the other options is correct""}"	"[""(A) 54"", ""(B) 3"", ""(C) 10"", ""(D) 6"", ""(E) none of the other options is correct""]"	(D) 6	D
1b4a2b57-642b-5d97-8ed8-33f3aac5a6d7	4	perception	pitch	relative	pitch-relative	interval-recognition		interval statistics	How many times is the interval {interval} present in the {voice} line?	"[""voice"", ""interval""]"	get_interval_quantity		interval	"{""voice"": ""bass"", ""interval"": ""Minor Second""}"	How many times is the interval Minor Second present in the bass line?	Telemann_DerLiebenSonneLichtUndPracht	chorale-bricks	Telemann_DerLiebenSonneLichtUndPracht	data/chorale-bricks/Telemann_DerLiebenSonneLichtUndPracht	6	"[""1"", ""3"", ""10"", ""21"", ""23"", ""40"", ""54"", ""60"", ""85""]"	"[""54"", ""3"", ""10"", ""85"", ""21"", ""1"", ""60"", ""40"", ""23""]"	symbolic	symbolic.abc.txt	data/chorale-bricks/Telemann_DerLiebenSonneLichtUndPracht/symbolic.abc.txt	6	"[""6"", ""none of the other options is correct"", ""54"", ""3"", ""10""]"	0.2	0	"[""A"", ""B"", ""C"", ""D"", ""E""]"	"{""A"": ""none of the other options is correct"", ""B"": ""3"", ""C"": ""6"", ""D"": ""10"", ""E"": ""54""}"	"[""(A) none of the other options is correct"", ""(B) 3"", ""(C) 6"", ""(D) 10"", ""(E) 54""]"	(C) 6	C
5fec10e7-62d3-54cd-870c-a17a6f85a8f1	4	perception	pitch	relative	pitch-relative	interval-recognition		interval statistics	How many times is the interval {interval} present in the {voice} line?	"[""voice"", ""interval""]"	get_interval_quantity		interval	"{""voice"": ""bass"", ""interval"": ""Minor Second""}"	How many times is the interval Minor Second present in the bass line?	Telemann_DerLiebenSonneLichtUndPracht	chorale-bricks	Telemann_DerLiebenSonneLichtUndPracht	data/chorale-bricks/Telemann_DerLiebenSonneLichtUndPracht	6	"[""1"", ""3"", ""10"", ""21"", ""23"", ""40"", ""54"", ""60"", ""85""]"	"[""54"", ""3"", ""10"", ""85"", ""21"", ""1"", ""60"", ""40"", ""23""]"	visual	visual.short.png	data/chorale-bricks/Telemann_DerLiebenSonneLichtUndPracht/visual.short.png	6	"[""6"", ""none of the other options is correct"", ""54"", ""3"", ""10""]"	0.2	0	"[""A"", ""B"", ""C"", ""D"", ""E""]"	"{""A"": ""6"", ""B"": ""10"", ""C"": ""54"", ""D"": ""3"", ""E"": ""none of the other options is correct""}"	"[""(A) 6"", ""(B) 10"", ""(C) 54"", ""(D) 3"", ""(E) none of the other options is correct""]"	(A) 6	A
544aed34-abdf-51f8-b278-586ba8eb2f2a	4	perception	pitch	relative	pitch-relative	interval-recognition		interval statistics	How many times is the interval {interval} present in the {voice} line?	"[""voice"", ""interval""]"	get_interval_quantity		interval	"{""voice"": ""tenor"", ""interval"": ""Major Seventh""}"	How many times is the interval Major Seventh present in the tenor line?	Anonymous_AusMeinesHerzensGrunde	chorale-bricks	Anonymous_AusMeinesHerzensGrunde	data/chorale-bricks/Anonymous_AusMeinesHerzensGrunde	0	"[""2"", ""5"", ""7"", ""26"", ""39"", ""42"", ""81"", ""103""]"	"[""26"", ""2"", ""39"", ""103"", ""42"", ""5"", ""81"", ""7""]"	audio	audio.mastermix.wav	data/chorale-bricks/Anonymous_AusMeinesHerzensGrunde/audio.mastermix.wav	none of the other options is correct	"[""none of the other options is correct"", ""26"", ""2"", ""39"", ""103""]"	0.2	1	"[""A"", ""B"", ""C"", ""D"", ""E""]"	"{""A"": ""2"", ""B"": ""26"", ""C"": ""39"", ""D"": ""103"", ""E"": ""none of the other options is correct""}"	"[""(A) 2"", ""(B) 26"", ""(C) 39"", ""(D) 103"", ""(E) none of the other options is correct""]"	(E) none of the other options is correct	E
3f9dcfaa-0a46-51c6-8a11-fd55ea59bac9	4	perception	pitch	relative	pitch-relative	interval-recognition		interval statistics	How many times is the interval {interval} present in the {voice} line?	"[""voice"", ""interval""]"	get_interval_quantity		interval	"{""voice"": ""tenor"", ""interval"": ""Major Seventh""}"	How many times is the interval Major Seventh present in the tenor line?	Anonymous_AusMeinesHerzensGrunde	chorale-bricks	Anonymous_AusMeinesHerzensGrunde	data/chorale-bricks/Anonymous_AusMeinesHerzensGrunde	0	"[""2"", ""5"", ""7"", ""26"", ""39"", ""42"", ""81"", ""103""]"	"[""26"", ""2"", ""39"", ""103"", ""42"", ""5"", ""81"", ""7""]"	symbolic	symbolic.abc.txt	data/chorale-bricks/Anonymous_AusMeinesHerzensGrunde/symbolic.abc.txt	0	"[""0"", ""none of the other options is correct"", ""26"", ""2"", ""39""]"	0.2	0	"[""A"", ""B"", ""C"", ""D"", ""E""]"	"{""A"": ""39"", ""B"": ""0"", ""C"": ""2"", ""D"": ""26"", ""E"": ""none of the other options is correct""}"	"[""(A) 39"", ""(B) 0"", ""(C) 2"", ""(D) 26"", ""(E) none of the other options is correct""]"	(B) 0	B
10ddab66-7cc2-5af3-b9c4-c03713313ee0	4	perception	pitch	relative	pitch-relative	interval-recognition		interval statistics	How many times is the interval {interval} present in the {voice} line?	"[""voice"", ""interval""]"	get_interval_quantity		interval	"{""voice"": ""tenor"", ""interval"": ""Major Seventh""}"	How many times is the interval Major Seventh present in the tenor line?	Anonymous_AusMeinesHerzensGrunde	chorale-bricks	Anonymous_AusMeinesHerzensGrunde	data/chorale-bricks/Anonymous_AusMeinesHerzensGrunde	0	"[""2"", ""5"", ""7"", ""26"", ""39"", ""42"", ""81"", ""103""]"	"[""26"", ""2"", ""39"", ""103"", ""42"", ""5"", ""81"", ""7""]"	visual	visual.short.png	data/chorale-bricks/Anonymous_AusMeinesHerzensGrunde/visual.short.png	none of the other options is correct	"[""none of the other options is correct"", ""26"", ""2"", ""39"", ""103""]"	0.2	1	"[""A"", ""B"", ""C"", ""D"", ""E""]"	"{""A"": ""2"", ""B"": ""26"", ""C"": ""103"", ""D"": ""none of the other options is correct"", ""E"": ""39""}"	"[""(A) 2"", ""(B) 26"", ""(C) 103"", ""(D) none of the other options is correct"", ""(E) 39""]"	(D) none of the other options is correct	D
fc75a500-d5a2-5677-ae00-8dd67036f4d5	4	perception	pitch	relative	pitch-relative	interval-recognition		interval statistics	How many times is the interval {interval} present in the {voice} line?	"[""voice"", ""interval""]"	get_interval_quantity		interval	"{""voice"": ""alto"", ""interval"": ""Diminished Second""}"	How many times is the interval Diminished Second present in the alto line?	Vulpius_DieHelleSonnLeuchtJetztHerfuer	chorale-bricks	Vulpius_DieHelleSonnLeuchtJetztHerfuer	data/chorale-bricks/Vulpius_DieHelleSonnLeuchtJetztHerfuer	0	"[""1"", ""14"", ""15"", ""24"", ""28"", ""29"", ""45""]"	"[""45"", ""28"", ""29"", ""24"", ""1"", ""14"", ""15""]"	audio	audio.mastermix.wav	data/chorale-bricks/Vulpius_DieHelleSonnLeuchtJetztHerfuer/audio.mastermix.wav	0	"[""0"", ""none of the other options is correct"", ""45"", ""28"", ""29""]"	0.2	0	"[""A"", ""B"", ""C"", ""D"", ""E""]"	"{""A"": ""29"", ""B"": ""45"", ""C"": ""28"", ""D"": ""none of the other options is correct"", ""E"": ""0""}"	"[""(A) 29"", ""(B) 45"", ""(C) 28"", ""(D) none of the other options is correct"", ""(E) 0""]"	(E) 0	E
4d4ff07f-9c95-524f-ad9e-6c742e6d0a2c	4	perception	pitch	relative	pitch-relative	interval-recognition		interval statistics	How many times is the interval {interval} present in the {voice} line?	"[""voice"", ""interval""]"	get_interval_quantity		interval	"{""voice"": ""alto"", ""interval"": ""Diminished Second""}"	How many times is the interval Diminished Second present in the alto line?	Vulpius_DieHelleSonnLeuchtJetztHerfuer	chorale-bricks	Vulpius_DieHelleSonnLeuchtJetztHerfuer	data/chorale-bricks/Vulpius_DieHelleSonnLeuchtJetztHerfuer	0	"[""1"", ""14"", ""15"", ""24"", ""28"", ""29"", ""45""]"	"[""45"", ""28"", ""29"", ""24"", ""1"", ""14"", ""15""]"	symbolic	symbolic.abc.txt	data/chorale-bricks/Vulpius_DieHelleSonnLeuchtJetztHerfuer/symbolic.abc.txt	0	"[""0"", ""none of the other options is correct"", ""45"", ""28"", ""29""]"	0.2	0	"[""A"", ""B"", ""C"", ""D"", ""E""]"	"{""A"": ""45"", ""B"": ""29"", ""C"": ""none of the other options is correct"", ""D"": ""0"", ""E"": ""28""}"	"[""(A) 45"", ""(B) 29"", ""(C) none of the other options is correct"", ""(D) 0"", ""(E) 28""]"	(D) 0	D
adb54c5b-d16e-559a-9ceb-2399c52d705b	4	perception	pitch	relative	pitch-relative	interval-recognition		interval statistics	How many times is the interval {interval} present in the {voice} line?	"[""voice"", ""interval""]"	get_interval_quantity		interval	"{""voice"": ""alto"", ""interval"": ""Diminished Second""}"	How many times is the interval Diminished Second present in the alto line?	Vulpius_DieHelleSonnLeuchtJetztHerfuer	chorale-bricks	Vulpius_DieHelleSonnLeuchtJetztHerfuer	data/chorale-bricks/Vulpius_DieHelleSonnLeuchtJetztHerfuer	0	"[""1"", ""14"", ""15"", ""24"", ""28"", ""29"", ""45""]"	"[""45"", ""28"", ""29"", ""24"", ""1"", ""14"", ""15""]"	visual	visual.short.png	data/chorale-bricks/Vulpius_DieHelleSonnLeuchtJetztHerfuer/visual.short.png	0	"[""0"", ""none of the other options is correct"", ""45"", ""28"", ""29""]"	0.2	0	"[""A"", ""B"", ""C"", ""D"", ""E""]"	"{""A"": ""29"", ""B"": ""45"", ""C"": ""28"", ""D"": ""0"", ""E"": ""none of the other options is correct""}"	"[""(A) 29"", ""(B) 45"", ""(C) 28"", ""(D) 0"", ""(E) none of the other options is correct""]"	(D) 0	D
913688f8-dcc4-5609-a154-9c758e0a726c	4	perception	pitch	relative	pitch-relative	interval-recognition		interval statistics	How many times is the interval {interval} present in the {voice} line?	"[""voice"", ""interval""]"	get_interval_quantity		interval	"{""voice"": ""alto"", ""interval"": ""Diminished Fifth""}"	How many times is the interval Diminished Fifth present in the alto line?	Gesius_DuFriedensfuerstHerrJesuChrist	chorale-bricks	Gesius_DuFriedensfuerstHerrJesuChrist	data/chorale-bricks/Gesius_DuFriedensfuerstHerrJesuChrist	0	"[""11"", ""13"", ""18"", ""26"", ""43"", ""44"", ""56""]"	"[""26"", ""13"", ""56"", ""18"", ""44"", ""43"", ""11""]"	audio	audio.mastermix.wav	data/chorale-bricks/Gesius_DuFriedensfuerstHerrJesuChrist/audio.mastermix.wav	0	"[""0"", ""none of the other options is correct"", ""26"", ""13"", ""56""]"	0.2	0	"[""A"", ""B"", ""C"", ""D"", ""E""]"	"{""A"": ""0"", ""B"": ""56"", ""C"": ""none of the other options is correct"", ""D"": ""26"", ""E"": ""13""}"	"[""(A) 0"", ""(B) 56"", ""(C) none of the other options is correct"", ""(D) 26"", ""(E) 13""]"	(A) 0	A
d5c043b1-3ad1-5e17-abef-fbc402284191	4	perception	pitch	relative	pitch-relative	interval-recognition		interval statistics	How many times is the interval {interval} present in the {voice} line?	"[""voice"", ""interval""]"	get_interval_quantity		interval	"{""voice"": ""alto"", ""interval"": ""Diminished Fifth""}"	How many times is the interval Diminished Fifth present in the alto line?	Gesius_DuFriedensfuerstHerrJesuChrist	chorale-bricks	Gesius_DuFriedensfuerstHerrJesuChrist	data/chorale-bricks/Gesius_DuFriedensfuerstHerrJesuChrist	0	"[""11"", ""13"", ""18"", ""26"", ""43"", ""44"", ""56""]"	"[""26"", ""13"", ""56"", ""18"", ""44"", ""43"", ""11""]"	symbolic	symbolic.abc.txt	data/chorale-bricks/Gesius_DuFriedensfuerstHerrJesuChrist/symbolic.abc.txt	0	"[""0"", ""none of the other options is correct"", ""26"", ""13"", ""56""]"	0.2	0	"[""A"", ""B"", ""C"", ""D"", ""E""]"	"{""A"": ""26"", ""B"": ""none of the other options is correct"", ""C"": ""13"", ""D"": ""56"", ""E"": ""0""}"	"[""(A) 26"", ""(B) none of the other options is correct"", ""(C) 13"", ""(D) 56"", ""(E) 0""]"	(E) 0	E
bf348da3-60db-552f-bb08-280c6d997b9e	4	perception	pitch	relative	pitch-relative	interval-recognition		interval statistics	How many times is the interval {interval} present in the {voice} line?	"[""voice"", ""interval""]"	get_interval_quantity		interval	"{""voice"": ""alto"", ""interval"": ""Diminished Fifth""}"	How many times is the interval Diminished Fifth present in the alto line?	Gesius_DuFriedensfuerstHerrJesuChrist	chorale-bricks	Gesius_DuFriedensfuerstHerrJesuChrist	data/chorale-bricks/Gesius_DuFriedensfuerstHerrJesuChrist	0	"[""11"", ""13"", ""18"", ""26"", ""43"", ""44"", ""56""]"	"[""26"", ""13"", ""56"", ""18"", ""44"", ""43"", ""11""]"	visual	visual.short.png	data/chorale-bricks/Gesius_DuFriedensfuerstHerrJesuChrist/visual.short.png	0	"[""0"", ""none of the other options is correct"", ""26"", ""13"", ""56""]"	0.2	0	"[""A"", ""B"", ""C"", ""D"", ""E""]"	"{""A"": ""26"", ""B"": ""0"", ""C"": ""none of the other options is correct"", ""D"": ""56"", ""E"": ""13""}"	"[""(A) 26"", ""(B) 0"", ""(C) none of the other options is correct"", ""(D) 56"", ""(E) 13""]"	(B) 0	B
b135059c-a023-5df2-bdc8-5484f755c4cc	4	perception	pitch	relative	pitch-relative	interval-recognition		interval statistics	How many times is the interval {interval} present in the {voice} line?	"[""voice"", ""interval""]"	get_interval_quantity		interval	"{""voice"": ""soprano"", ""interval"": ""Major Third""}"	How many times is the interval Major Third present in the soprano line?	Vulpius_ChristusDerIstMeinLeben	chorale-bricks	Vulpius_ChristusDerIstMeinLeben	data/chorale-bricks/Vulpius_ChristusDerIstMeinLeben	1	"[""3"", ""5"", ""14"", ""17"", ""24"", ""42""]"	"[""3"", ""42"", ""14"", ""24"", ""17"", ""5""]"	audio	audio.mastermix.wav	data/chorale-bricks/Vulpius_ChristusDerIstMeinLeben/audio.mastermix.wav	none of the other options is correct	"[""none of the other options is correct"", ""3"", ""42"", ""14"", ""24""]"	0.2	1	"[""A"", ""B"", ""C"", ""D"", ""E""]"	"{""A"": ""14"", ""B"": ""3"", ""C"": ""42"", ""D"": ""24"", ""E"": ""none of the other options is correct""}"	"[""(A) 14"", ""(B) 3"", ""(C) 42"", ""(D) 24"", ""(E) none of the other options is correct""]"	(E) none of the other options is correct	E
2c966ec2-3950-5f69-9fe4-b2bdc544c81a	4	perception	pitch	relative	pitch-relative	interval-recognition		interval statistics	How many times is the interval {interval} present in the {voice} line?	"[""voice"", ""interval""]"	get_interval_quantity		interval	"{""voice"": ""soprano"", ""interval"": ""Major Third""}"	How many times is the interval Major Third present in the soprano line?	Vulpius_ChristusDerIstMeinLeben	chorale-bricks	Vulpius_ChristusDerIstMeinLeben	data/chorale-bricks/Vulpius_ChristusDerIstMeinLeben	1	"[""3"", ""5"", ""14"", ""17"", ""24"", ""42""]"	"[""3"", ""42"", ""14"", ""24"", ""17"", ""5""]"	symbolic	symbolic.abc.txt	data/chorale-bricks/Vulpius_ChristusDerIstMeinLeben/symbolic.abc.txt	none of the other options is correct	"[""none of the other options is correct"", ""3"", ""42"", ""14"", ""24""]"	0.2	1	"[""A"", ""B"", ""C"", ""D"", ""E""]"	"{""A"": ""none of the other options is correct"", ""B"": ""24"", ""C"": ""14"", ""D"": ""3"", ""E"": ""42""}"	"[""(A) none of the other options is correct"", ""(B) 24"", ""(C) 14"", ""(D) 3"", ""(E) 42""]"	(A) none of the other options is correct	A
95923eae-053b-510f-862e-2186ebbb81c5	4	perception	pitch	relative	pitch-relative	interval-recognition		interval statistics	How many times is the interval {interval} present in the {voice} line?	"[""voice"", ""interval""]"	get_interval_quantity		interval	"{""voice"": ""soprano"", ""interval"": ""Major Third""}"	How many times is the interval Major Third present in the soprano line?	Vulpius_ChristusDerIstMeinLeben	chorale-bricks	Vulpius_ChristusDerIstMeinLeben	data/chorale-bricks/Vulpius_ChristusDerIstMeinLeben	1	"[""3"", ""5"", ""14"", ""17"", ""24"", ""42""]"	"[""3"", ""42"", ""14"", ""24"", ""17"", ""5""]"	visual	visual.short.png	data/chorale-bricks/Vulpius_ChristusDerIstMeinLeben/visual.short.png	1	"[""1"", ""none of the other options is correct"", ""3"", ""42"", ""14""]"	0.2	0	"[""A"", ""B"", ""C"", ""D"", ""E""]"	"{""A"": ""42"", ""B"": ""none of the other options is correct"", ""C"": ""1"", ""D"": ""3"", ""E"": ""14""}"	"[""(A) 42"", ""(B) none of the other options is correct"", ""(C) 1"", ""(D) 3"", ""(E) 14""]"	(C) 1	C
6396072f-e0e8-5388-b0ea-04a88b04758d	4	perception	pitch	relative	pitch-relative	interval-recognition		interval statistics	How many times is the interval {interval} present in the {voice} line?	"[""voice"", ""interval""]"	get_interval_quantity		interval	"{""voice"": ""bass"", ""interval"": ""Perfect Fifth""}"	How many times is the interval Perfect Fifth present in the bass line?	Telemann_DerLiebenSonneLichtUndPracht	chorale-bricks	Telemann_DerLiebenSonneLichtUndPracht	data/chorale-bricks/Telemann_DerLiebenSonneLichtUndPracht	3	"[""1"", ""10"", ""21"", ""23"", ""40"", ""54"", ""60"", ""85""]"	"[""85"", ""21"", ""54"", ""40"", ""23"", ""10"", ""1"", ""60""]"	audio	audio.mastermix.wav	data/chorale-bricks/Telemann_DerLiebenSonneLichtUndPracht/audio.mastermix.wav	3	"[""3"", ""none of the other options is correct"", ""85"", ""21"", ""54""]"	0.2	0	"[""A"", ""B"", ""C"", ""D"", ""E""]"	"{""A"": ""21"", ""B"": ""85"", ""C"": ""54"", ""D"": ""3"", ""E"": ""none of the other options is correct""}"	"[""(A) 21"", ""(B) 85"", ""(C) 54"", ""(D) 3"", ""(E) none of the other options is correct""]"	(D) 3	D
dc458121-5513-5f9b-a011-791eb643d232	4	perception	pitch	relative	pitch-relative	interval-recognition		interval statistics	How many times is the interval {interval} present in the {voice} line?	"[""voice"", ""interval""]"	get_interval_quantity		interval	"{""voice"": ""bass"", ""interval"": ""Perfect Fifth""}"	How many times is the interval Perfect Fifth present in the bass line?	Telemann_DerLiebenSonneLichtUndPracht	chorale-bricks	Telemann_DerLiebenSonneLichtUndPracht	data/chorale-bricks/Telemann_DerLiebenSonneLichtUndPracht	3	"[""1"", ""10"", ""21"", ""23"", ""40"", ""54"", ""60"", ""85""]"	"[""85"", ""21"", ""54"", ""40"", ""23"", ""10"", ""1"", ""60""]"	symbolic	symbolic.abc.txt	data/chorale-bricks/Telemann_DerLiebenSonneLichtUndPracht/symbolic.abc.txt	3	"[""3"", ""none of the other options is correct"", ""85"", ""21"", ""54""]"	0.2	0	"[""A"", ""B"", ""C"", ""D"", ""E""]"	"{""A"": ""54"", ""B"": ""21"", ""C"": ""85"", ""D"": ""none of the other options is correct"", ""E"": ""3""}"	"[""(A) 54"", ""(B) 21"", ""(C) 85"", ""(D) none of the other options is correct"", ""(E) 3""]"	(E) 3	E
28ff8da3-e30b-5b50-9dc6-68a95e3ec0aa	4	perception	pitch	relative	pitch-relative	interval-recognition		interval statistics	How many times is the interval {interval} present in the {voice} line?	"[""voice"", ""interval""]"	get_interval_quantity		interval	"{""voice"": ""bass"", ""interval"": ""Perfect Fifth""}"	How many times is the interval Perfect Fifth present in the bass line?	Telemann_DerLiebenSonneLichtUndPracht	chorale-bricks	Telemann_DerLiebenSonneLichtUndPracht	data/chorale-bricks/Telemann_DerLiebenSonneLichtUndPracht	3	"[""1"", ""10"", ""21"", ""23"", ""40"", ""54"", ""60"", ""85""]"	"[""85"", ""21"", ""54"", ""40"", ""23"", ""10"", ""1"", ""60""]"	visual	visual.short.png	data/chorale-bricks/Telemann_DerLiebenSonneLichtUndPracht/visual.short.png	3	"[""3"", ""none of the other options is correct"", ""85"", ""21"", ""54""]"	0.2	0	"[""A"", ""B"", ""C"", ""D"", ""E""]"	"{""A"": ""54"", ""B"": ""3"", ""C"": ""85"", ""D"": ""21"", ""E"": ""none of the other options is correct""}"	"[""(A) 54"", ""(B) 3"", ""(C) 85"", ""(D) 21"", ""(E) none of the other options is correct""]"	(B) 3	B
1a1a3509-d2d1-5a9f-84dc-e7c03cf9d884	4	perception	pitch	relative	pitch-relative	interval-recognition		interval statistics	How many times is the interval {interval} present in the {voice} line?	"[""voice"", ""interval""]"	get_interval_quantity		interval	"{""voice"": ""soprano"", ""interval"": ""Diminished Seventh""}"	How many times is the interval Diminished Seventh present in the soprano line?	Drese_JesuGehVoran	chorale-bricks	Drese_JesuGehVoran	data/chorale-bricks/Drese_JesuGehVoran	0	"[""1"", ""3"", ""5"", ""9"", ""19"", ""25"", ""45"", ""72""]"	"[""45"", ""72"", ""5"", ""3"", ""25"", ""1"", ""9"", ""19""]"	audio	audio.mastermix.wav	data/chorale-bricks/Drese_JesuGehVoran/audio.mastermix.wav	0	"[""0"", ""none of the other options is correct"", ""45"", ""72"", ""5""]"	0.2	0	"[""A"", ""B"", ""C"", ""D"", ""E""]"	"{""A"": ""none of the other options is correct"", ""B"": ""72"", ""C"": ""5"", ""D"": ""45"", ""E"": ""0""}"	"[""(A) none of the other options is correct"", ""(B) 72"", ""(C) 5"", ""(D) 45"", ""(E) 0""]"	(E) 0	E
3c085b7c-1167-573a-9496-472ae22847ef	4	perception	pitch	relative	pitch-relative	interval-recognition		interval statistics	How many times is the interval {interval} present in the {voice} line?	"[""voice"", ""interval""]"	get_interval_quantity		interval	"{""voice"": ""soprano"", ""interval"": ""Diminished Seventh""}"	How many times is the interval Diminished Seventh present in the soprano line?	Drese_JesuGehVoran	chorale-bricks	Drese_JesuGehVoran	data/chorale-bricks/Drese_JesuGehVoran	0	"[""1"", ""3"", ""5"", ""9"", ""19"", ""25"", ""45"", ""72""]"	"[""45"", ""72"", ""5"", ""3"", ""25"", ""1"", ""9"", ""19""]"	symbolic	symbolic.abc.txt	data/chorale-bricks/Drese_JesuGehVoran/symbolic.abc.txt	none of the other options is correct	"[""none of the other options is correct"", ""45"", ""72"", ""5"", ""3""]"	0.2	1	"[""A"", ""B"", ""C"", ""D"", ""E""]"	"{""A"": ""45"", ""B"": ""5"", ""C"": ""3"", ""D"": ""72"", ""E"": ""none of the other options is correct""}"	"[""(A) 45"", ""(B) 5"", ""(C) 3"", ""(D) 72"", ""(E) none of the other options is correct""]"	(E) none of the other options is correct	E
06344bdd-4f26-5adb-8615-3e24127a6a71	4	perception	pitch	relative	pitch-relative	interval-recognition		interval statistics	How many times is the interval {interval} present in the {voice} line?	"[""voice"", ""interval""]"	get_interval_quantity		interval	"{""voice"": ""soprano"", ""interval"": ""Diminished Seventh""}"	How many times is the interval Diminished Seventh present in the soprano line?	Drese_JesuGehVoran	chorale-bricks	Drese_JesuGehVoran	data/chorale-bricks/Drese_JesuGehVoran	0	"[""1"", ""3"", ""5"", ""9"", ""19"", ""25"", ""45"", ""72""]"	"[""45"", ""72"", ""5"", ""3"", ""25"", ""1"", ""9"", ""19""]"	visual	visual.short.png	data/chorale-bricks/Drese_JesuGehVoran/visual.short.png	0	"[""0"", ""none of the other options is correct"", ""45"", ""72"", ""5""]"	0.2	0	"[""A"", ""B"", ""C"", ""D"", ""E""]"	"{""A"": ""0"", ""B"": ""72"", ""C"": ""45"", ""D"": ""none of the other options is correct"", ""E"": ""5""}"	"[""(A) 0"", ""(B) 72"", ""(C) 45"", ""(D) none of the other options is correct"", ""(E) 5""]"	(A) 0	A
f7277a41-f9f8-5461-9125-18bd4d78d30c	4	perception	pitch	relative	pitch-relative	interval-recognition		interval statistics	How many times is the interval {interval} present in the {voice} line?	"[""voice"", ""interval""]"	get_interval_quantity		interval	"{""voice"": ""soprano"", ""interval"": ""Perfect Fifth""}"	How many times is the interval Perfect Fifth present in the soprano line?	Gesius_BefiehlDuDeineWege	chorale-bricks	Gesius_BefiehlDuDeineWege	data/chorale-bricks/Gesius_BefiehlDuDeineWege	1	"[""10"", ""12"", ""22"", ""28"", ""49"", ""59"", ""77""]"	"[""22"", ""49"", ""10"", ""12"", ""59"", ""77"", ""28""]"	audio	audio.mastermix.wav	data/chorale-bricks/Gesius_BefiehlDuDeineWege/audio.mastermix.wav	1	"[""1"", ""none of the other options is correct"", ""22"", ""49"", ""10""]"	0.2	0	"[""A"", ""B"", ""C"", ""D"", ""E""]"	"{""A"": ""22"", ""B"": ""1"", ""C"": ""none of the other options is correct"", ""D"": ""49"", ""E"": ""10""}"	"[""(A) 22"", ""(B) 1"", ""(C) none of the other options is correct"", ""(D) 49"", ""(E) 10""]"	(B) 1	B
229fcfb1-1d0d-5926-861e-bbbc11080022	4	perception	pitch	relative	pitch-relative	interval-recognition		interval statistics	How many times is the interval {interval} present in the {voice} line?	"[""voice"", ""interval""]"	get_interval_quantity		interval	"{""voice"": ""soprano"", ""interval"": ""Perfect Fifth""}"	How many times is the interval Perfect Fifth present in the soprano line?	Gesius_BefiehlDuDeineWege	chorale-bricks	Gesius_BefiehlDuDeineWege	data/chorale-bricks/Gesius_BefiehlDuDeineWege	1	"[""10"", ""12"", ""22"", ""28"", ""49"", ""59"", ""77""]"	"[""22"", ""49"", ""10"", ""12"", ""59"", ""77"", ""28""]"	symbolic	symbolic.abc.txt	data/chorale-bricks/Gesius_BefiehlDuDeineWege/symbolic.abc.txt	none of the other options is correct	"[""none of the other options is correct"", ""22"", ""49"", ""10"", ""12""]"	0.2	1	"[""A"", ""B"", ""C"", ""D"", ""E""]"	"{""A"": ""10"", ""B"": ""22"", ""C"": ""12"", ""D"": ""49"", ""E"": ""none of the other options is correct""}"	"[""(A) 10"", ""(B) 22"", ""(C) 12"", ""(D) 49"", ""(E) none of the other options is correct""]"	(E) none of the other options is correct	E
dc860983-7acc-55ed-8a67-22124e3af6f9	4	perception	pitch	relative	pitch-relative	interval-recognition		interval statistics	How many times is the interval {interval} present in the {voice} line?	"[""voice"", ""interval""]"	get_interval_quantity		interval	"{""voice"": ""soprano"", ""interval"": ""Perfect Fifth""}"	How many times is the interval Perfect Fifth present in the soprano line?	Gesius_BefiehlDuDeineWege	chorale-bricks	Gesius_BefiehlDuDeineWege	data/chorale-bricks/Gesius_BefiehlDuDeineWege	1	"[""10"", ""12"", ""22"", ""28"", ""49"", ""59"", ""77""]"	"[""22"", ""49"", ""10"", ""12"", ""59"", ""77"", ""28""]"	visual	visual.short.png	data/chorale-bricks/Gesius_BefiehlDuDeineWege/visual.short.png	1	"[""1"", ""none of the other options is correct"", ""22"", ""49"", ""10""]"	0.2	0	"[""A"", ""B"", ""C"", ""D"", ""E""]"	"{""A"": ""22"", ""B"": ""1"", ""C"": ""none of the other options is correct"", ""D"": ""49"", ""E"": ""10""}"	"[""(A) 22"", ""(B) 1"", ""(C) none of the other options is correct"", ""(D) 49"", ""(E) 10""]"	(B) 1	B
c4799ede-f486-545e-b36d-4d9a43db5364	4	perception	pitch	relative	pitch-relative	interval-recognition		interval statistics	How many times is the interval {interval} present in the {voice} line?	"[""voice"", ""interval""]"	get_interval_quantity		interval	"{""voice"": ""bass"", ""interval"": ""Diminished Fourth""}"	How many times is the interval Diminished Fourth present in the bass line?	Vulpius_DieHelleSonnLeuchtJetztHerfuer	chorale-bricks	Vulpius_DieHelleSonnLeuchtJetztHerfuer	data/chorale-bricks/Vulpius_DieHelleSonnLeuchtJetztHerfuer	0	"[""1"", ""2"", ""17"", ""21"", ""24"", ""25"", ""47""]"	"[""1"", ""47"", ""17"", ""21"", ""25"", ""2"", ""24""]"	audio	audio.mastermix.wav	data/chorale-bricks/Vulpius_DieHelleSonnLeuchtJetztHerfuer/audio.mastermix.wav	none of the other options is correct	"[""none of the other options is correct"", ""1"", ""47"", ""17"", ""21""]"	0.2	1	"[""A"", ""B"", ""C"", ""D"", ""E""]"	"{""A"": ""1"", ""B"": ""none of the other options is correct"", ""C"": ""17"", ""D"": ""47"", ""E"": ""21""}"	"[""(A) 1"", ""(B) none of the other options is correct"", ""(C) 17"", ""(D) 47"", ""(E) 21""]"	(B) none of the other options is correct	B
01b03f77-f743-5652-9970-8d41847be572	4	perception	pitch	relative	pitch-relative	interval-recognition		interval statistics	How many times is the interval {interval} present in the {voice} line?	"[""voice"", ""interval""]"	get_interval_quantity		interval	"{""voice"": ""bass"", ""interval"": ""Diminished Fourth""}"	How many times is the interval Diminished Fourth present in the bass line?	Vulpius_DieHelleSonnLeuchtJetztHerfuer	chorale-bricks	Vulpius_DieHelleSonnLeuchtJetztHerfuer	data/chorale-bricks/Vulpius_DieHelleSonnLeuchtJetztHerfuer	0	"[""1"", ""2"", ""17"", ""21"", ""24"", ""25"", ""47""]"	"[""1"", ""47"", ""17"", ""21"", ""25"", ""2"", ""24""]"	symbolic	symbolic.abc.txt	data/chorale-bricks/Vulpius_DieHelleSonnLeuchtJetztHerfuer/symbolic.abc.txt	0	"[""0"", ""none of the other options is correct"", ""1"", ""47"", ""17""]"	0.2	0	"[""A"", ""B"", ""C"", ""D"", ""E""]"	"{""A"": ""47"", ""B"": ""none of the other options is correct"", ""C"": ""17"", ""D"": ""1"", ""E"": ""0""}"	"[""(A) 47"", ""(B) none of the other options is correct"", ""(C) 17"", ""(D) 1"", ""(E) 0""]"	(E) 0	E
9c780255-a2df-552a-89b2-6f2b8f578f5e	4	perception	pitch	relative	pitch-relative	interval-recognition		interval statistics	How many times is the interval {interval} present in the {voice} line?	"[""voice"", ""interval""]"	get_interval_quantity		interval	"{""voice"": ""bass"", ""interval"": ""Diminished Fourth""}"	How many times is the interval Diminished Fourth present in the bass line?	Vulpius_DieHelleSonnLeuchtJetztHerfuer	chorale-bricks	Vulpius_DieHelleSonnLeuchtJetztHerfuer	data/chorale-bricks/Vulpius_DieHelleSonnLeuchtJetztHerfuer	0	"[""1"", ""2"", ""17"", ""21"", ""24"", ""25"", ""47""]"	"[""1"", ""47"", ""17"", ""21"", ""25"", ""2"", ""24""]"	visual	visual.short.png	data/chorale-bricks/Vulpius_DieHelleSonnLeuchtJetztHerfuer/visual.short.png	0	"[""0"", ""none of the other options is correct"", ""1"", ""47"", ""17""]"	0.2	0	"[""A"", ""B"", ""C"", ""D"", ""E""]"	"{""A"": ""none of the other options is correct"", ""B"": ""1"", ""C"": ""0"", ""D"": ""47"", ""E"": ""17""}"	"[""(A) none of the other options is correct"", ""(B) 1"", ""(C) 0"", ""(D) 47"", ""(E) 17""]"	(C) 0	C
024b1ed4-1d87-534a-856a-0bfba4658e3c	4	perception	pitch	relative	pitch-relative	interval-recognition		interval statistics	How many times is the interval {interval} present in the {voice} line?	"[""voice"", ""interval""]"	get_interval_quantity		interval	"{""voice"": ""bass"", ""interval"": ""Perfect Fifth""}"	How many times is the interval Perfect Fifth present in the bass line?	Jan_DuGrosserSchmerzensmann	chorale-bricks	Jan_DuGrosserSchmerzensmann	data/chorale-bricks/Jan_DuGrosserSchmerzensmann	8	"[""1"", ""2"", ""18"", ""19"", ""24"", ""25"", ""42"", ""58"", ""69""]"	"[""1"", ""25"", ""18"", ""19"", ""24"", ""42"", ""69"", ""58"", ""2""]"	audio	audio.mastermix.wav	data/chorale-bricks/Jan_DuGrosserSchmerzensmann/audio.mastermix.wav	8	"[""8"", ""none of the other options is correct"", ""1"", ""25"", ""18""]"	0.2	0	"[""A"", ""B"", ""C"", ""D"", ""E""]"	"{""A"": ""1"", ""B"": ""18"", ""C"": ""8"", ""D"": ""25"", ""E"": ""none of the other options is correct""}"	"[""(A) 1"", ""(B) 18"", ""(C) 8"", ""(D) 25"", ""(E) none of the other options is correct""]"	(C) 8	C
d2e406c7-ae88-5873-b8ed-8cbbe06bc4b3	4	perception	pitch	relative	pitch-relative	interval-recognition		interval statistics	How many times is the interval {interval} present in the {voice} line?	"[""voice"", ""interval""]"	get_interval_quantity		interval	"{""voice"": ""bass"", ""interval"": ""Perfect Fifth""}"	How many times is the interval Perfect Fifth present in the bass line?	Jan_DuGrosserSchmerzensmann	chorale-bricks	Jan_DuGrosserSchmerzensmann	data/chorale-bricks/Jan_DuGrosserSchmerzensmann	8	"[""1"", ""2"", ""18"", ""19"", ""24"", ""25"", ""42"", ""58"", ""69""]"	"[""1"", ""25"", ""18"", ""19"", ""24"", ""42"", ""69"", ""58"", ""2""]"	symbolic	symbolic.abc.txt	data/chorale-bricks/Jan_DuGrosserSchmerzensmann/symbolic.abc.txt	8	"[""8"", ""none of the other options is correct"", ""1"", ""25"", ""18""]"	0.2	0	"[""A"", ""B"", ""C"", ""D"", ""E""]"	"{""A"": ""18"", ""B"": ""25"", ""C"": ""none of the other options is correct"", ""D"": ""8"", ""E"": ""1""}"	"[""(A) 18"", ""(B) 25"", ""(C) none of the other options is correct"", ""(D) 8"", ""(E) 1""]"	(D) 8	D
bfa2780e-a3e0-549b-a7e8-23f6f7a5ab06	4	perception	pitch	relative	pitch-relative	interval-recognition		interval statistics	How many times is the interval {interval} present in the {voice} line?	"[""voice"", ""interval""]"	get_interval_quantity		interval	"{""voice"": ""bass"", ""interval"": ""Perfect Fifth""}"	How many times is the interval Perfect Fifth present in the bass line?	Jan_DuGrosserSchmerzensmann	chorale-bricks	Jan_DuGrosserSchmerzensmann	data/chorale-bricks/Jan_DuGrosserSchmerzensmann	8	"[""1"", ""2"", ""18"", ""19"", ""24"", ""25"", ""42"", ""58"", ""69""]"	"[""1"", ""25"", ""18"", ""19"", ""24"", ""42"", ""69"", ""58"", ""2""]"	visual	visual.short.png	data/chorale-bricks/Jan_DuGrosserSchmerzensmann/visual.short.png	8	"[""8"", ""none of the other options is correct"", ""1"", ""25"", ""18""]"	0.2	0	"[""A"", ""B"", ""C"", ""D"", ""E""]"	"{""A"": ""none of the other options is correct"", ""B"": ""8"", ""C"": ""25"", ""D"": ""1"", ""E"": ""18""}"	"[""(A) none of the other options is correct"", ""(B) 8"", ""(C) 25"", ""(D) 1"", ""(E) 18""]"	(B) 8	B
f03319e0-41d1-5d76-9298-be45225562f3	4	perception	pitch	relative	pitch-relative	interval-recognition		interval statistics	How many times is the interval {interval} present in the {voice} line?	"[""voice"", ""interval""]"	get_interval_quantity		interval	"{""voice"": ""bass"", ""interval"": ""Major Sixth""}"	How many times is the interval Major Sixth present in the bass line?	Jan_DuGrosserSchmerzensmann	chorale-bricks	Jan_DuGrosserSchmerzensmann	data/chorale-bricks/Jan_DuGrosserSchmerzensmann	1	"[""2"", ""18"", ""19"", ""24"", ""25"", ""42"", ""58"", ""69""]"	"[""18"", ""24"", ""25"", ""58"", ""19"", ""69"", ""42"", ""2""]"	audio	audio.mastermix.wav	data/chorale-bricks/Jan_DuGrosserSchmerzensmann/audio.mastermix.wav	none of the other options is correct	"[""none of the other options is correct"", ""18"", ""24"", ""25"", ""58""]"	0.2	1	"[""A"", ""B"", ""C"", ""D"", ""E""]"	"{""A"": ""58"", ""B"": ""18"", ""C"": ""24"", ""D"": ""25"", ""E"": ""none of the other options is correct""}"	"[""(A) 58"", ""(B) 18"", ""(C) 24"", ""(D) 25"", ""(E) none of the other options is correct""]"	(E) none of the other options is correct	E
d4caa59e-ebc4-5d40-b92c-4abf2dbc0ff2	4	perception	pitch	relative	pitch-relative	interval-recognition		interval statistics	How many times is the interval {interval} present in the {voice} line?	"[""voice"", ""interval""]"	get_interval_quantity		interval	"{""voice"": ""bass"", ""interval"": ""Major Sixth""}"	How many times is the interval Major Sixth present in the bass line?	Jan_DuGrosserSchmerzensmann	chorale-bricks	Jan_DuGrosserSchmerzensmann	data/chorale-bricks/Jan_DuGrosserSchmerzensmann	1	"[""2"", ""18"", ""19"", ""24"", ""25"", ""42"", ""58"", ""69""]"	"[""18"", ""24"", ""25"", ""58"", ""19"", ""69"", ""42"", ""2""]"	symbolic	symbolic.abc.txt	data/chorale-bricks/Jan_DuGrosserSchmerzensmann/symbolic.abc.txt	1	"[""1"", ""none of the other options is correct"", ""18"", ""24"", ""25""]"	0.2	0	"[""A"", ""B"", ""C"", ""D"", ""E""]"	"{""A"": ""24"", ""B"": ""1"", ""C"": ""none of the other options is correct"", ""D"": ""25"", ""E"": ""18""}"	"[""(A) 24"", ""(B) 1"", ""(C) none of the other options is correct"", ""(D) 25"", ""(E) 18""]"	(B) 1	B
3e4c4a03-9329-5ed4-84d3-8351bc484e72	4	perception	pitch	relative	pitch-relative	interval-recognition		interval statistics	How many times is the interval {interval} present in the {voice} line?	"[""voice"", ""interval""]"	get_interval_quantity		interval	"{""voice"": ""bass"", ""interval"": ""Major Sixth""}"	How many times is the interval Major Sixth present in the bass line?	Jan_DuGrosserSchmerzensmann	chorale-bricks	Jan_DuGrosserSchmerzensmann	data/chorale-bricks/Jan_DuGrosserSchmerzensmann	1	"[""2"", ""18"", ""19"", ""24"", ""25"", ""42"", ""58"", ""69""]"	"[""18"", ""24"", ""25"", ""58"", ""19"", ""69"", ""42"", ""2""]"	visual	visual.short.png	data/chorale-bricks/Jan_DuGrosserSchmerzensmann/visual.short.png	1	"[""1"", ""none of the other options is correct"", ""18"", ""24"", ""25""]"	0.2	0	"[""A"", ""B"", ""C"", ""D"", ""E""]"	"{""A"": ""none of the other options is correct"", ""B"": ""18"", ""C"": ""24"", ""D"": ""1"", ""E"": ""25""}"	"[""(A) none of the other options is correct"", ""(B) 18"", ""(C) 24"", ""(D) 1"", ""(E) 25""]"	(D) 1	D
9de79c4b-754b-592c-bcda-c29057f57974	4	perception	pitch	relative	pitch-relative	interval-recognition		interval statistics	How many times is the interval {interval} present in the {voice} line?	"[""voice"", ""interval""]"	get_interval_quantity		interval	"{""voice"": ""bass"", ""interval"": ""Augmented Unison""}"	How many times is the interval Augmented Unison present in the bass line?	Bach_IchStehAnDeinerKrippe	chorale-bricks	Bach_IchStehAnDeinerKrippe	data/chorale-bricks/Bach_IchStehAnDeinerKrippe	0	"[""1"", ""4"", ""12"", ""16"", ""31"", ""34"", ""43"", ""53"", ""68""]"	"[""53"", ""43"", ""68"", ""12"", ""31"", ""34"", ""16"", ""1"", ""4""]"	audio	audio.mastermix.wav	data/chorale-bricks/Bach_IchStehAnDeinerKrippe/audio.mastermix.wav	0	"[""0"", ""none of the other options is correct"", ""53"", ""43"", ""68""]"	0.2	0	"[""A"", ""B"", ""C"", ""D"", ""E""]"	"{""A"": ""43"", ""B"": ""0"", ""C"": ""none of the other options is correct"", ""D"": ""53"", ""E"": ""68""}"	"[""(A) 43"", ""(B) 0"", ""(C) none of the other options is correct"", ""(D) 53"", ""(E) 68""]"	(B) 0	B
2a6e908c-bec3-5c34-892a-c1177c11d70e	4	perception	pitch	relative	pitch-relative	interval-recognition		interval statistics	How many times is the interval {interval} present in the {voice} line?	"[""voice"", ""interval""]"	get_interval_quantity		interval	"{""voice"": ""bass"", ""interval"": ""Augmented Unison""}"	How many times is the interval Augmented Unison present in the bass line?	Bach_IchStehAnDeinerKrippe	chorale-bricks	Bach_IchStehAnDeinerKrippe	data/chorale-bricks/Bach_IchStehAnDeinerKrippe	0	"[""1"", ""4"", ""12"", ""16"", ""31"", ""34"", ""43"", ""53"", ""68""]"	"[""53"", ""43"", ""68"", ""12"", ""31"", ""34"", ""16"", ""1"", ""4""]"	symbolic	symbolic.abc.txt	data/chorale-bricks/Bach_IchStehAnDeinerKrippe/symbolic.abc.txt	0	"[""0"", ""none of the other options is correct"", ""53"", ""43"", ""68""]"	0.2	0	"[""A"", ""B"", ""C"", ""D"", ""E""]"	"{""A"": ""0"", ""B"": ""68"", ""C"": ""53"", ""D"": ""43"", ""E"": ""none of the other options is correct""}"	"[""(A) 0"", ""(B) 68"", ""(C) 53"", ""(D) 43"", ""(E) none of the other options is correct""]"	(A) 0	A
37991231-b696-5aa5-a0ff-b4b96320c10a	4	perception	pitch	relative	pitch-relative	interval-recognition		interval statistics	How many times is the interval {interval} present in the {voice} line?	"[""voice"", ""interval""]"	get_interval_quantity		interval	"{""voice"": ""bass"", ""interval"": ""Augmented Unison""}"	How many times is the interval Augmented Unison present in the bass line?	Bach_IchStehAnDeinerKrippe	chorale-bricks	Bach_IchStehAnDeinerKrippe	data/chorale-bricks/Bach_IchStehAnDeinerKrippe	0	"[""1"", ""4"", ""12"", ""16"", ""31"", ""34"", ""43"", ""53"", ""68""]"	"[""53"", ""43"", ""68"", ""12"", ""31"", ""34"", ""16"", ""1"", ""4""]"	visual	visual.short.png	data/chorale-bricks/Bach_IchStehAnDeinerKrippe/visual.short.png	0	"[""0"", ""none of the other options is correct"", ""53"", ""43"", ""68""]"	0.2	0	"[""A"", ""B"", ""C"", ""D"", ""E""]"	"{""A"": ""43"", ""B"": ""68"", ""C"": ""none of the other options is correct"", ""D"": ""0"", ""E"": ""53""}"	"[""(A) 43"", ""(B) 68"", ""(C) none of the other options is correct"", ""(D) 0"", ""(E) 53""]"	(D) 0	D
8464720d-1d07-509b-8261-62471e782e2c	4	perception	pitch	relative	pitch-relative	interval-recognition		interval statistics	How many times is the interval {interval} present in the {voice} line?	"[""voice"", ""interval""]"	get_interval_quantity		interval	"{""voice"": ""soprano"", ""interval"": ""Major Third""}"	How many times is the interval Major Third present in the soprano line?	Gesius_DuFriedensfuerstHerrJesuChrist	chorale-bricks	Gesius_DuFriedensfuerstHerrJesuChrist	data/chorale-bricks/Gesius_DuFriedensfuerstHerrJesuChrist	2	"[""11"", ""15"", ""16"", ""22"", ""38"", ""42"", ""67""]"	"[""38"", ""67"", ""42"", ""16"", ""22"", ""15"", ""11""]"	audio	audio.mastermix.wav	data/chorale-bricks/Gesius_DuFriedensfuerstHerrJesuChrist/audio.mastermix.wav	none of the other options is correct	"[""none of the other options is correct"", ""38"", ""67"", ""42"", ""16""]"	0.2	1	"[""A"", ""B"", ""C"", ""D"", ""E""]"	"{""A"": ""16"", ""B"": ""42"", ""C"": ""38"", ""D"": ""67"", ""E"": ""none of the other options is correct""}"	"[""(A) 16"", ""(B) 42"", ""(C) 38"", ""(D) 67"", ""(E) none of the other options is correct""]"	(E) none of the other options is correct	E
a3fd4cd0-4a52-5f91-8afa-e70188d3ecb5	4	perception	pitch	relative	pitch-relative	interval-recognition		interval statistics	How many times is the interval {interval} present in the {voice} line?	"[""voice"", ""interval""]"	get_interval_quantity		interval	"{""voice"": ""soprano"", ""interval"": ""Major Third""}"	How many times is the interval Major Third present in the soprano line?	Gesius_DuFriedensfuerstHerrJesuChrist	chorale-bricks	Gesius_DuFriedensfuerstHerrJesuChrist	data/chorale-bricks/Gesius_DuFriedensfuerstHerrJesuChrist	2	"[""11"", ""15"", ""16"", ""22"", ""38"", ""42"", ""67""]"	"[""38"", ""67"", ""42"", ""16"", ""22"", ""15"", ""11""]"	symbolic	symbolic.abc.txt	data/chorale-bricks/Gesius_DuFriedensfuerstHerrJesuChrist/symbolic.abc.txt	2	"[""2"", ""none of the other options is correct"", ""38"", ""67"", ""42""]"	0.2	0	"[""A"", ""B"", ""C"", ""D"", ""E""]"	"{""A"": ""none of the other options is correct"", ""B"": ""2"", ""C"": ""42"", ""D"": ""67"", ""E"": ""38""}"	"[""(A) none of the other options is correct"", ""(B) 2"", ""(C) 42"", ""(D) 67"", ""(E) 38""]"	(B) 2	B
788c9bd7-1fa7-5a4c-b74d-1e1ef96369ae	4	perception	pitch	relative	pitch-relative	interval-recognition		interval statistics	How many times is the interval {interval} present in the {voice} line?	"[""voice"", ""interval""]"	get_interval_quantity		interval	"{""voice"": ""soprano"", ""interval"": ""Major Third""}"	How many times is the interval Major Third present in the soprano line?	Gesius_DuFriedensfuerstHerrJesuChrist	chorale-bricks	Gesius_DuFriedensfuerstHerrJesuChrist	data/chorale-bricks/Gesius_DuFriedensfuerstHerrJesuChrist	2	"[""11"", ""15"", ""16"", ""22"", ""38"", ""42"", ""67""]"	"[""38"", ""67"", ""42"", ""16"", ""22"", ""15"", ""11""]"	visual	visual.short.png	data/chorale-bricks/Gesius_DuFriedensfuerstHerrJesuChrist/visual.short.png	2	"[""2"", ""none of the other options is correct"", ""38"", ""67"", ""42""]"	0.2	0	"[""A"", ""B"", ""C"", ""D"", ""E""]"	"{""A"": ""none of the other options is correct"", ""B"": ""42"", ""C"": ""67"", ""D"": ""2"", ""E"": ""38""}"	"[""(A) none of the other options is correct"", ""(B) 42"", ""(C) 67"", ""(D) 2"", ""(E) 38""]"	(D) 2	D
142e5728-ffd7-5b20-827d-ce2a240edaa8	4	perception	pitch	relative	pitch-relative	interval-recognition		interval statistics	How many times is the interval {interval} present in the {voice} line?	"[""voice"", ""interval""]"	get_interval_quantity		interval	"{""voice"": ""bass"", ""interval"": ""Major Third""}"	How many times is the interval Major Third present in the bass line?	Jan_DuGrosserSchmerzensmann	chorale-bricks	Jan_DuGrosserSchmerzensmann	data/chorale-bricks/Jan_DuGrosserSchmerzensmann	5	"[""1"", ""2"", ""18"", ""19"", ""24"", ""25"", ""42"", ""58"", ""69""]"	"[""69"", ""58"", ""24"", ""18"", ""19"", ""1"", ""25"", ""42"", ""2""]"	audio	audio.mastermix.wav	data/chorale-bricks/Jan_DuGrosserSchmerzensmann/audio.mastermix.wav	5	"[""5"", ""none of the other options is correct"", ""69"", ""58"", ""24""]"	0.2	0	"[""A"", ""B"", ""C"", ""D"", ""E""]"	"{""A"": ""24"", ""B"": ""58"", ""C"": ""69"", ""D"": ""none of the other options is correct"", ""E"": ""5""}"	"[""(A) 24"", ""(B) 58"", ""(C) 69"", ""(D) none of the other options is correct"", ""(E) 5""]"	(E) 5	E
ef3d8bf2-00ab-5d5f-8ede-ee913bfe75ab	4	perception	pitch	relative	pitch-relative	interval-recognition		interval statistics	How many times is the interval {interval} present in the {voice} line?	"[""voice"", ""interval""]"	get_interval_quantity		interval	"{""voice"": ""bass"", ""interval"": ""Major Third""}"	How many times is the interval Major Third present in the bass line?	Jan_DuGrosserSchmerzensmann	chorale-bricks	Jan_DuGrosserSchmerzensmann	data/chorale-bricks/Jan_DuGrosserSchmerzensmann	5	"[""1"", ""2"", ""18"", ""19"", ""24"", ""25"", ""42"", ""58"", ""69""]"	"[""69"", ""58"", ""24"", ""18"", ""19"", ""1"", ""25"", ""42"", ""2""]"	symbolic	symbolic.abc.txt	data/chorale-bricks/Jan_DuGrosserSchmerzensmann/symbolic.abc.txt	5	"[""5"", ""none of the other options is correct"", ""69"", ""58"", ""24""]"	0.2	0	"[""A"", ""B"", ""C"", ""D"", ""E""]"	"{""A"": ""24"", ""B"": ""58"", ""C"": ""69"", ""D"": ""none of the other options is correct"", ""E"": ""5""}"	"[""(A) 24"", ""(B) 58"", ""(C) 69"", ""(D) none of the other options is correct"", ""(E) 5""]"	(E) 5	E
151b84c0-3b28-57ba-942a-e9455c2fcc89	4	perception	pitch	relative	pitch-relative	interval-recognition		interval statistics	How many times is the interval {interval} present in the {voice} line?	"[""voice"", ""interval""]"	get_interval_quantity		interval	"{""voice"": ""bass"", ""interval"": ""Major Third""}"	How many times is the interval Major Third present in the bass line?	Jan_DuGrosserSchmerzensmann	chorale-bricks	Jan_DuGrosserSchmerzensmann	data/chorale-bricks/Jan_DuGrosserSchmerzensmann	5	"[""1"", ""2"", ""18"", ""19"", ""24"", ""25"", ""42"", ""58"", ""69""]"	"[""69"", ""58"", ""24"", ""18"", ""19"", ""1"", ""25"", ""42"", ""2""]"	visual	visual.short.png	data/chorale-bricks/Jan_DuGrosserSchmerzensmann/visual.short.png	none of the other options is correct	"[""none of the other options is correct"", ""69"", ""58"", ""24"", ""18""]"	0.2	1	"[""A"", ""B"", ""C"", ""D"", ""E""]"	"{""A"": ""69"", ""B"": ""18"", ""C"": ""58"", ""D"": ""none of the other options is correct"", ""E"": ""24""}"	"[""(A) 69"", ""(B) 18"", ""(C) 58"", ""(D) none of the other options is correct"", ""(E) 24""]"	(D) none of the other options is correct	D
aca023f0-2295-5791-aa71-a3b5c6c8660a	4	perception	pitch	relative	pitch-relative	interval-recognition		interval statistics	How many times is the interval {interval} present in the {voice} line?	"[""voice"", ""interval""]"	get_interval_quantity		interval	"{""voice"": ""alto"", ""interval"": ""Perfect Fourth""}"	How many times is the interval Perfect Fourth present in the alto line?	Drese_JesuGehVoran	chorale-bricks	Drese_JesuGehVoran	data/chorale-bricks/Drese_JesuGehVoran	1	"[""4"", ""10"", ""31"", ""32"", ""42"", ""56""]"	"[""4"", ""10"", ""31"", ""32"", ""56"", ""42""]"	audio	audio.mastermix.wav	data/chorale-bricks/Drese_JesuGehVoran/audio.mastermix.wav	1	"[""1"", ""none of the other options is correct"", ""4"", ""10"", ""31""]"	0.2	0	"[""A"", ""B"", ""C"", ""D"", ""E""]"	"{""A"": ""none of the other options is correct"", ""B"": ""31"", ""C"": ""10"", ""D"": ""1"", ""E"": ""4""}"	"[""(A) none of the other options is correct"", ""(B) 31"", ""(C) 10"", ""(D) 1"", ""(E) 4""]"	(D) 1	D
87595010-cf8a-5f3d-921c-dda58cac202a	4	perception	pitch	relative	pitch-relative	interval-recognition		interval statistics	How many times is the interval {interval} present in the {voice} line?	"[""voice"", ""interval""]"	get_interval_quantity		interval	"{""voice"": ""alto"", ""interval"": ""Perfect Fourth""}"	How many times is the interval Perfect Fourth present in the alto line?	Drese_JesuGehVoran	chorale-bricks	Drese_JesuGehVoran	data/chorale-bricks/Drese_JesuGehVoran	1	"[""4"", ""10"", ""31"", ""32"", ""42"", ""56""]"	"[""4"", ""10"", ""31"", ""32"", ""56"", ""42""]"	symbolic	symbolic.abc.txt	data/chorale-bricks/Drese_JesuGehVoran/symbolic.abc.txt	1	"[""1"", ""none of the other options is correct"", ""4"", ""10"", ""31""]"	0.2	0	"[""A"", ""B"", ""C"", ""D"", ""E""]"	"{""A"": ""none of the other options is correct"", ""B"": ""1"", ""C"": ""10"", ""D"": ""4"", ""E"": ""31""}"	"[""(A) none of the other options is correct"", ""(B) 1"", ""(C) 10"", ""(D) 4"", ""(E) 31""]"	(B) 1	B
47426db4-d39b-5afa-bd4d-559b551ac43c	4	perception	pitch	relative	pitch-relative	interval-recognition		interval statistics	How many times is the interval {interval} present in the {voice} line?	"[""voice"", ""interval""]"	get_interval_quantity		interval	"{""voice"": ""alto"", ""interval"": ""Perfect Fourth""}"	How many times is the interval Perfect Fourth present in the alto line?	Drese_JesuGehVoran	chorale-bricks	Drese_JesuGehVoran	data/chorale-bricks/Drese_JesuGehVoran	1	"[""4"", ""10"", ""31"", ""32"", ""42"", ""56""]"	"[""4"", ""10"", ""31"", ""32"", ""56"", ""42""]"	visual	visual.short.png	data/chorale-bricks/Drese_JesuGehVoran/visual.short.png	1	"[""1"", ""none of the other options is correct"", ""4"", ""10"", ""31""]"	0.2	0	"[""A"", ""B"", ""C"", ""D"", ""E""]"	"{""A"": ""none of the other options is correct"", ""B"": ""31"", ""C"": ""10"", ""D"": ""1"", ""E"": ""4""}"	"[""(A) none of the other options is correct"", ""(B) 31"", ""(C) 10"", ""(D) 1"", ""(E) 4""]"	(D) 1	D
934f1175-a89d-5ef2-ad3b-8a6c6c0ae413	4	perception	pitch	relative	pitch-relative	interval-recognition		interval statistics	How many times is the interval {interval} present in the {voice} line?	"[""voice"", ""interval""]"	get_interval_quantity		interval	"{""voice"": ""bass"", ""interval"": ""Perfect Octave""}"	How many times is the interval Perfect Octave present in the bass line?	Gesius_DuFriedensfuerstHerrJesuChrist	chorale-bricks	Gesius_DuFriedensfuerstHerrJesuChrist	data/chorale-bricks/Gesius_DuFriedensfuerstHerrJesuChrist	0	"[""17"", ""21"", ""28"", ""31"", ""38"", ""55""]"	"[""38"", ""28"", ""55"", ""21"", ""31"", ""17""]"	audio	audio.mastermix.wav	data/chorale-bricks/Gesius_DuFriedensfuerstHerrJesuChrist/audio.mastermix.wav	0	"[""0"", ""none of the other options is correct"", ""38"", ""28"", ""55""]"	0.2	0	"[""A"", ""B"", ""C"", ""D"", ""E""]"	"{""A"": ""28"", ""B"": ""55"", ""C"": ""none of the other options is correct"", ""D"": ""38"", ""E"": ""0""}"	"[""(A) 28"", ""(B) 55"", ""(C) none of the other options is correct"", ""(D) 38"", ""(E) 0""]"	(E) 0	E
fed562e8-ecec-5e44-af09-878c2a500d26	4	perception	pitch	relative	pitch-relative	interval-recognition		interval statistics	How many times is the interval {interval} present in the {voice} line?	"[""voice"", ""interval""]"	get_interval_quantity		interval	"{""voice"": ""bass"", ""interval"": ""Perfect Octave""}"	How many times is the interval Perfect Octave present in the bass line?	Gesius_DuFriedensfuerstHerrJesuChrist	chorale-bricks	Gesius_DuFriedensfuerstHerrJesuChrist	data/chorale-bricks/Gesius_DuFriedensfuerstHerrJesuChrist	0	"[""17"", ""21"", ""28"", ""31"", ""38"", ""55""]"	"[""38"", ""28"", ""55"", ""21"", ""31"", ""17""]"	symbolic	symbolic.abc.txt	data/chorale-bricks/Gesius_DuFriedensfuerstHerrJesuChrist/symbolic.abc.txt	0	"[""0"", ""none of the other options is correct"", ""38"", ""28"", ""55""]"	0.2	0	"[""A"", ""B"", ""C"", ""D"", ""E""]"	"{""A"": ""0"", ""B"": ""55"", ""C"": ""38"", ""D"": ""28"", ""E"": ""none of the other options is correct""}"	"[""(A) 0"", ""(B) 55"", ""(C) 38"", ""(D) 28"", ""(E) none of the other options is correct""]"	(A) 0	A
4f989a2b-fcec-5280-9cd0-da81ce41bffd	4	perception	pitch	relative	pitch-relative	interval-recognition		interval statistics	How many times is the interval {interval} present in the {voice} line?	"[""voice"", ""interval""]"	get_interval_quantity		interval	"{""voice"": ""bass"", ""interval"": ""Perfect Octave""}"	How many times is the interval Perfect Octave present in the bass line?	Gesius_DuFriedensfuerstHerrJesuChrist	chorale-bricks	Gesius_DuFriedensfuerstHerrJesuChrist	data/chorale-bricks/Gesius_DuFriedensfuerstHerrJesuChrist	0	"[""17"", ""21"", ""28"", ""31"", ""38"", ""55""]"	"[""38"", ""28"", ""55"", ""21"", ""31"", ""17""]"	visual	visual.short.png	data/chorale-bricks/Gesius_DuFriedensfuerstHerrJesuChrist/visual.short.png	0	"[""0"", ""none of the other options is correct"", ""38"", ""28"", ""55""]"	0.2	0	"[""A"", ""B"", ""C"", ""D"", ""E""]"	"{""A"": ""55"", ""B"": ""none of the other options is correct"", ""C"": ""38"", ""D"": ""28"", ""E"": ""0""}"	"[""(A) 55"", ""(B) none of the other options is correct"", ""(C) 38"", ""(D) 28"", ""(E) 0""]"	(E) 0	E
3a221d07-5d9a-57e2-89b2-62390ad50ddd	4	perception	pitch	relative	pitch-relative	interval-recognition		interval statistics	How many times is the interval {interval} present in the {voice} line?	"[""voice"", ""interval""]"	get_interval_quantity		interval	"{""voice"": ""alto"", ""interval"": ""Perfect Unison""}"	How many times is the interval Perfect Unison present in the alto line?	Gesius_BefiehlDuDeineWege	chorale-bricks	Gesius_BefiehlDuDeineWege	data/chorale-bricks/Gesius_BefiehlDuDeineWege	15	"[""1"", ""7"", ""12"", ""25"", ""57"", ""58"", ""74""]"	"[""25"", ""74"", ""7"", ""58"", ""12"", ""57"", ""1""]"	audio	audio.mastermix.wav	data/chorale-bricks/Gesius_BefiehlDuDeineWege/audio.mastermix.wav	15	"[""15"", ""none of the other options is correct"", ""25"", ""74"", ""7""]"	0.2	0	"[""A"", ""B"", ""C"", ""D"", ""E""]"	"{""A"": ""7"", ""B"": ""15"", ""C"": ""25"", ""D"": ""none of the other options is correct"", ""E"": ""74""}"	"[""(A) 7"", ""(B) 15"", ""(C) 25"", ""(D) none of the other options is correct"", ""(E) 74""]"	(B) 15	B
e0288830-dfcc-5826-9d9b-e716012e24b1	4	perception	pitch	relative	pitch-relative	interval-recognition		interval statistics	How many times is the interval {interval} present in the {voice} line?	"[""voice"", ""interval""]"	get_interval_quantity		interval	"{""voice"": ""alto"", ""interval"": ""Perfect Unison""}"	How many times is the interval Perfect Unison present in the alto line?	Gesius_BefiehlDuDeineWege	chorale-bricks	Gesius_BefiehlDuDeineWege	data/chorale-bricks/Gesius_BefiehlDuDeineWege	15	"[""1"", ""7"", ""12"", ""25"", ""57"", ""58"", ""74""]"	"[""25"", ""74"", ""7"", ""58"", ""12"", ""57"", ""1""]"	symbolic	symbolic.abc.txt	data/chorale-bricks/Gesius_BefiehlDuDeineWege/symbolic.abc.txt	15	"[""15"", ""none of the other options is correct"", ""25"", ""74"", ""7""]"	0.2	0	"[""A"", ""B"", ""C"", ""D"", ""E""]"	"{""A"": ""74"", ""B"": ""none of the other options is correct"", ""C"": ""15"", ""D"": ""25"", ""E"": ""7""}"	"[""(A) 74"", ""(B) none of the other options is correct"", ""(C) 15"", ""(D) 25"", ""(E) 7""]"	(C) 15	C
37c0ffb4-5bf8-5c1a-9e41-f06238a2b44a	4	perception	pitch	relative	pitch-relative	interval-recognition		interval statistics	How many times is the interval {interval} present in the {voice} line?	"[""voice"", ""interval""]"	get_interval_quantity		interval	"{""voice"": ""alto"", ""interval"": ""Perfect Unison""}"	How many times is the interval Perfect Unison present in the alto line?	Gesius_BefiehlDuDeineWege	chorale-bricks	Gesius_BefiehlDuDeineWege	data/chorale-bricks/Gesius_BefiehlDuDeineWege	15	"[""1"", ""7"", ""12"", ""25"", ""57"", ""58"", ""74""]"	"[""25"", ""74"", ""7"", ""58"", ""12"", ""57"", ""1""]"	visual	visual.short.png	data/chorale-bricks/Gesius_BefiehlDuDeineWege/visual.short.png	none of the other options is correct	"[""none of the other options is correct"", ""25"", ""74"", ""7"", ""58""]"	0.2	1	"[""A"", ""B"", ""C"", ""D"", ""E""]"	"{""A"": ""25"", ""B"": ""none of the other options is correct"", ""C"": ""74"", ""D"": ""7"", ""E"": ""58""}"	"[""(A) 25"", ""(B) none of the other options is correct"", ""(C) 74"", ""(D) 7"", ""(E) 58""]"	(B) none of the other options is correct	B
bc7fa2f5-aa87-5b8b-9c5a-785b71220073	4	perception	pitch	relative	pitch-relative	interval-recognition		interval statistics	How many times is the interval {interval} present in the {voice} line?	"[""voice"", ""interval""]"	get_interval_quantity		interval	"{""voice"": ""soprano"", ""interval"": ""Perfect Unison""}"	How many times is the interval Perfect Unison present in the soprano line?	Bach_IchStehAnDeinerKrippe	chorale-bricks	Bach_IchStehAnDeinerKrippe	data/chorale-bricks/Bach_IchStehAnDeinerKrippe	4	"[""1"", ""2"", ""9"", ""10"", ""31"", ""36"", ""41"", ""55"", ""79""]"	"[""41"", ""2"", ""55"", ""10"", ""36"", ""9"", ""1"", ""31"", ""79""]"	audio	audio.mastermix.wav	data/chorale-bricks/Bach_IchStehAnDeinerKrippe/audio.mastermix.wav	none of the other options is correct	"[""none of the other options is correct"", ""41"", ""2"", ""55"", ""10""]"	0.2	1	"[""A"", ""B"", ""C"", ""D"", ""E""]"	"{""A"": ""2"", ""B"": ""none of the other options is correct"", ""C"": ""10"", ""D"": ""41"", ""E"": ""55""}"	"[""(A) 2"", ""(B) none of the other options is correct"", ""(C) 10"", ""(D) 41"", ""(E) 55""]"	(B) none of the other options is correct	B
42d3f463-a99b-537c-b5c4-f09b93d328db	4	perception	pitch	relative	pitch-relative	interval-recognition		interval statistics	How many times is the interval {interval} present in the {voice} line?	"[""voice"", ""interval""]"	get_interval_quantity		interval	"{""voice"": ""soprano"", ""interval"": ""Perfect Unison""}"	How many times is the interval Perfect Unison present in the soprano line?	Bach_IchStehAnDeinerKrippe	chorale-bricks	Bach_IchStehAnDeinerKrippe	data/chorale-bricks/Bach_IchStehAnDeinerKrippe	4	"[""1"", ""2"", ""9"", ""10"", ""31"", ""36"", ""41"", ""55"", ""79""]"	"[""41"", ""2"", ""55"", ""10"", ""36"", ""9"", ""1"", ""31"", ""79""]"	symbolic	symbolic.abc.txt	data/chorale-bricks/Bach_IchStehAnDeinerKrippe/symbolic.abc.txt	4	"[""4"", ""none of the other options is correct"", ""41"", ""2"", ""55""]"	0.2	0	"[""A"", ""B"", ""C"", ""D"", ""E""]"	"{""A"": ""4"", ""B"": ""none of the other options is correct"", ""C"": ""55"", ""D"": ""41"", ""E"": ""2""}"	"[""(A) 4"", ""(B) none of the other options is correct"", ""(C) 55"", ""(D) 41"", ""(E) 2""]"	(A) 4	A
66cafb14-df1f-59f4-b440-b472e3f10d49	4	perception	pitch	relative	pitch-relative	interval-recognition		interval statistics	How many times is the interval {interval} present in the {voice} line?	"[""voice"", ""interval""]"	get_interval_quantity		interval	"{""voice"": ""soprano"", ""interval"": ""Perfect Unison""}"	How many times is the interval Perfect Unison present in the soprano line?	Bach_IchStehAnDeinerKrippe	chorale-bricks	Bach_IchStehAnDeinerKrippe	data/chorale-bricks/Bach_IchStehAnDeinerKrippe	4	"[""1"", ""2"", ""9"", ""10"", ""31"", ""36"", ""41"", ""55"", ""79""]"	"[""41"", ""2"", ""55"", ""10"", ""36"", ""9"", ""1"", ""31"", ""79""]"	visual	visual.short.png	data/chorale-bricks/Bach_IchStehAnDeinerKrippe/visual.short.png	4	"[""4"", ""none of the other options is correct"", ""41"", ""2"", ""55""]"	0.2	0	"[""A"", ""B"", ""C"", ""D"", ""E""]"	"{""A"": ""41"", ""B"": ""none of the other options is correct"", ""C"": ""2"", ""D"": ""4"", ""E"": ""55""}"	"[""(A) 41"", ""(B) none of the other options is correct"", ""(C) 2"", ""(D) 4"", ""(E) 55""]"	(D) 4	D
fdb645ce-0acf-5aed-82d6-1eda135d6084	4	perception	pitch	relative	pitch-relative	interval-recognition		interval statistics	How many times is the interval {interval} present in the {voice} line?	"[""voice"", ""interval""]"	get_interval_quantity		interval	"{""voice"": ""tenor"", ""interval"": ""Minor Third""}"	How many times is the interval Minor Third present in the tenor line?	Drese_JesuGehVoran	chorale-bricks	Drese_JesuGehVoran	data/chorale-bricks/Drese_JesuGehVoran	2	"[""1"", ""3"", ""5"", ""9"", ""21"", ""34"", ""49"", ""58""]"	"[""1"", ""21"", ""9"", ""58"", ""34"", ""3"", ""49"", ""5""]"	audio	audio.mastermix.wav	data/chorale-bricks/Drese_JesuGehVoran/audio.mastermix.wav	none of the other options is correct	"[""none of the other options is correct"", ""1"", ""21"", ""9"", ""58""]"	0.2	1	"[""A"", ""B"", ""C"", ""D"", ""E""]"	"{""A"": ""none of the other options is correct"", ""B"": ""21"", ""C"": ""58"", ""D"": ""1"", ""E"": ""9""}"	"[""(A) none of the other options is correct"", ""(B) 21"", ""(C) 58"", ""(D) 1"", ""(E) 9""]"	(A) none of the other options is correct	A
2d7a1435-38e4-5697-8bd0-39ca151bf88a	4	perception	pitch	relative	pitch-relative	interval-recognition		interval statistics	How many times is the interval {interval} present in the {voice} line?	"[""voice"", ""interval""]"	get_interval_quantity		interval	"{""voice"": ""tenor"", ""interval"": ""Minor Third""}"	How many times is the interval Minor Third present in the tenor line?	Drese_JesuGehVoran	chorale-bricks	Drese_JesuGehVoran	data/chorale-bricks/Drese_JesuGehVoran	2	"[""1"", ""3"", ""5"", ""9"", ""21"", ""34"", ""49"", ""58""]"	"[""1"", ""21"", ""9"", ""58"", ""34"", ""3"", ""49"", ""5""]"	symbolic	symbolic.abc.txt	data/chorale-bricks/Drese_JesuGehVoran/symbolic.abc.txt	none of the other options is correct	"[""none of the other options is correct"", ""1"", ""21"", ""9"", ""58""]"	0.2	1	"[""A"", ""B"", ""C"", ""D"", ""E""]"	"{""A"": ""1"", ""B"": ""21"", ""C"": ""none of the other options is correct"", ""D"": ""9"", ""E"": ""58""}"	"[""(A) 1"", ""(B) 21"", ""(C) none of the other options is correct"", ""(D) 9"", ""(E) 58""]"	(C) none of the other options is correct	C
f7af5083-a23d-5f4e-bc6b-18ee00e314f0	4	perception	pitch	relative	pitch-relative	interval-recognition		interval statistics	How many times is the interval {interval} present in the {voice} line?	"[""voice"", ""interval""]"	get_interval_quantity		interval	"{""voice"": ""tenor"", ""interval"": ""Minor Third""}"	How many times is the interval Minor Third present in the tenor line?	Drese_JesuGehVoran	chorale-bricks	Drese_JesuGehVoran	data/chorale-bricks/Drese_JesuGehVoran	2	"[""1"", ""3"", ""5"", ""9"", ""21"", ""34"", ""49"", ""58""]"	"[""1"", ""21"", ""9"", ""58"", ""34"", ""3"", ""49"", ""5""]"	visual	visual.short.png	data/chorale-bricks/Drese_JesuGehVoran/visual.short.png	2	"[""2"", ""none of the other options is correct"", ""1"", ""21"", ""9""]"	0.2	0	"[""A"", ""B"", ""C"", ""D"", ""E""]"	"{""A"": ""21"", ""B"": ""9"", ""C"": ""2"", ""D"": ""none of the other options is correct"", ""E"": ""1""}"	"[""(A) 21"", ""(B) 9"", ""(C) 2"", ""(D) none of the other options is correct"", ""(E) 1""]"	(C) 2	C
75a3afa9-a9f6-515d-95ae-f450f6b97b3d	4	perception	pitch	relative	pitch-relative	interval-recognition		interval statistics	How many times is the interval {interval} present in the {voice} line?	"[""voice"", ""interval""]"	get_interval_quantity		interval	"{""voice"": ""soprano"", ""interval"": ""Perfect Fifth""}"	How many times is the interval Perfect Fifth present in the soprano line?	Gesius_DuFriedensfuerstHerrJesuChrist	chorale-bricks	Gesius_DuFriedensfuerstHerrJesuChrist	data/chorale-bricks/Gesius_DuFriedensfuerstHerrJesuChrist	0	"[""11"", ""15"", ""16"", ""22"", ""38"", ""42"", ""67""]"	"[""11"", ""67"", ""42"", ""15"", ""16"", ""38"", ""22""]"	audio	audio.mastermix.wav	data/chorale-bricks/Gesius_DuFriedensfuerstHerrJesuChrist/audio.mastermix.wav	none of the other options is correct	"[""none of the other options is correct"", ""11"", ""67"", ""42"", ""15""]"	0.2	1	"[""A"", ""B"", ""C"", ""D"", ""E""]"	"{""A"": ""11"", ""B"": ""none of the other options is correct"", ""C"": ""15"", ""D"": ""67"", ""E"": ""42""}"	"[""(A) 11"", ""(B) none of the other options is correct"", ""(C) 15"", ""(D) 67"", ""(E) 42""]"	(B) none of the other options is correct	B
d8cfbf35-5f1f-5188-a5d2-5d8373a1c648	4	perception	pitch	relative	pitch-relative	interval-recognition		interval statistics	How many times is the interval {interval} present in the {voice} line?	"[""voice"", ""interval""]"	get_interval_quantity		interval	"{""voice"": ""soprano"", ""interval"": ""Perfect Fifth""}"	How many times is the interval Perfect Fifth present in the soprano line?	Gesius_DuFriedensfuerstHerrJesuChrist	chorale-bricks	Gesius_DuFriedensfuerstHerrJesuChrist	data/chorale-bricks/Gesius_DuFriedensfuerstHerrJesuChrist	0	"[""11"", ""15"", ""16"", ""22"", ""38"", ""42"", ""67""]"	"[""11"", ""67"", ""42"", ""15"", ""16"", ""38"", ""22""]"	symbolic	symbolic.abc.txt	data/chorale-bricks/Gesius_DuFriedensfuerstHerrJesuChrist/symbolic.abc.txt	none of the other options is correct	"[""none of the other options is correct"", ""11"", ""67"", ""42"", ""15""]"	0.2	1	"[""A"", ""B"", ""C"", ""D"", ""E""]"	"{""A"": ""none of the other options is correct"", ""B"": ""42"", ""C"": ""67"", ""D"": ""15"", ""E"": ""11""}"	"[""(A) none of the other options is correct"", ""(B) 42"", ""(C) 67"", ""(D) 15"", ""(E) 11""]"	(A) none of the other options is correct	A
19d40334-1441-5b26-af0b-31aba6467c18	4	perception	pitch	relative	pitch-relative	interval-recognition		interval statistics	How many times is the interval {interval} present in the {voice} line?	"[""voice"", ""interval""]"	get_interval_quantity		interval	"{""voice"": ""soprano"", ""interval"": ""Perfect Fifth""}"	How many times is the interval Perfect Fifth present in the soprano line?	Gesius_DuFriedensfuerstHerrJesuChrist	chorale-bricks	Gesius_DuFriedensfuerstHerrJesuChrist	data/chorale-bricks/Gesius_DuFriedensfuerstHerrJesuChrist	0	"[""11"", ""15"", ""16"", ""22"", ""38"", ""42"", ""67""]"	"[""11"", ""67"", ""42"", ""15"", ""16"", ""38"", ""22""]"	visual	visual.short.png	data/chorale-bricks/Gesius_DuFriedensfuerstHerrJesuChrist/visual.short.png	none of the other options is correct	"[""none of the other options is correct"", ""11"", ""67"", ""42"", ""15""]"	0.2	1	"[""A"", ""B"", ""C"", ""D"", ""E""]"	"{""A"": ""42"", ""B"": ""none of the other options is correct"", ""C"": ""11"", ""D"": ""15"", ""E"": ""67""}"	"[""(A) 42"", ""(B) none of the other options is correct"", ""(C) 11"", ""(D) 15"", ""(E) 67""]"	(B) none of the other options is correct	B
a0581773-00bb-5baa-bae3-ef19fed24021	4	perception	pitch	relative	pitch-relative	interval-recognition		interval statistics	How many times is the interval {interval} present in the {voice} line?	"[""voice"", ""interval""]"	get_interval_quantity		interval	"{""voice"": ""bass"", ""interval"": ""Perfect Fourth""}"	How many times is the interval Perfect Fourth present in the bass line?	Jan_DuGrosserSchmerzensmann	chorale-bricks	Jan_DuGrosserSchmerzensmann	data/chorale-bricks/Jan_DuGrosserSchmerzensmann	10	"[""1"", ""2"", ""18"", ""19"", ""24"", ""25"", ""42"", ""58"", ""69""]"	"[""1"", ""69"", ""42"", ""2"", ""19"", ""18"", ""25"", ""24"", ""58""]"	audio	audio.mastermix.wav	data/chorale-bricks/Jan_DuGrosserSchmerzensmann/audio.mastermix.wav	10	"[""10"", ""none of the other options is correct"", ""1"", ""69"", ""42""]"	0.2	0	"[""A"", ""B"", ""C"", ""D"", ""E""]"	"{""A"": ""69"", ""B"": ""42"", ""C"": ""10"", ""D"": ""1"", ""E"": ""none of the other options is correct""}"	"[""(A) 69"", ""(B) 42"", ""(C) 10"", ""(D) 1"", ""(E) none of the other options is correct""]"	(C) 10	C
b2ef64ca-7847-5477-85e7-4a336fcdbbee	4	perception	pitch	relative	pitch-relative	interval-recognition		interval statistics	How many times is the interval {interval} present in the {voice} line?	"[""voice"", ""interval""]"	get_interval_quantity		interval	"{""voice"": ""bass"", ""interval"": ""Perfect Fourth""}"	How many times is the interval Perfect Fourth present in the bass line?	Jan_DuGrosserSchmerzensmann	chorale-bricks	Jan_DuGrosserSchmerzensmann	data/chorale-bricks/Jan_DuGrosserSchmerzensmann	10	"[""1"", ""2"", ""18"", ""19"", ""24"", ""25"", ""42"", ""58"", ""69""]"	"[""1"", ""69"", ""42"", ""2"", ""19"", ""18"", ""25"", ""24"", ""58""]"	symbolic	symbolic.abc.txt	data/chorale-bricks/Jan_DuGrosserSchmerzensmann/symbolic.abc.txt	none of the other options is correct	"[""none of the other options is correct"", ""1"", ""69"", ""42"", ""2""]"	0.2	1	"[""A"", ""B"", ""C"", ""D"", ""E""]"	"{""A"": ""42"", ""B"": ""69"", ""C"": ""2"", ""D"": ""1"", ""E"": ""none of the other options is correct""}"	"[""(A) 42"", ""(B) 69"", ""(C) 2"", ""(D) 1"", ""(E) none of the other options is correct""]"	(E) none of the other options is correct	E
2981fe44-2c20-5ff1-8e5d-486faaf40d17	4	perception	pitch	relative	pitch-relative	interval-recognition		interval statistics	How many times is the interval {interval} present in the {voice} line?	"[""voice"", ""interval""]"	get_interval_quantity		interval	"{""voice"": ""bass"", ""interval"": ""Perfect Fourth""}"	How many times is the interval Perfect Fourth present in the bass line?	Jan_DuGrosserSchmerzensmann	chorale-bricks	Jan_DuGrosserSchmerzensmann	data/chorale-bricks/Jan_DuGrosserSchmerzensmann	10	"[""1"", ""2"", ""18"", ""19"", ""24"", ""25"", ""42"", ""58"", ""69""]"	"[""1"", ""69"", ""42"", ""2"", ""19"", ""18"", ""25"", ""24"", ""58""]"	visual	visual.short.png	data/chorale-bricks/Jan_DuGrosserSchmerzensmann/visual.short.png	none of the other options is correct	"[""none of the other options is correct"", ""1"", ""69"", ""42"", ""2""]"	0.2	1	"[""A"", ""B"", ""C"", ""D"", ""E""]"	"{""A"": ""none of the other options is correct"", ""B"": ""2"", ""C"": ""69"", ""D"": ""42"", ""E"": ""1""}"	"[""(A) none of the other options is correct"", ""(B) 2"", ""(C) 69"", ""(D) 42"", ""(E) 1""]"	(A) none of the other options is correct	A
77a7062b-4af9-59fb-904f-9017a11e64c2	4	perception	pitch	relative	pitch-relative	interval-recognition		interval statistics	How many times is the interval {interval} present in the {voice} line?	"[""voice"", ""interval""]"	get_interval_quantity		interval	"{""voice"": ""bass"", ""interval"": ""Major Second""}"	How many times is the interval Major Second present in the bass line?	Bach_IchStehAnDeinerKrippe	chorale-bricks	Bach_IchStehAnDeinerKrippe	data/chorale-bricks/Bach_IchStehAnDeinerKrippe	10	"[""1"", ""4"", ""12"", ""16"", ""31"", ""34"", ""43"", ""53"", ""68""]"	"[""34"", ""31"", ""12"", ""1"", ""4"", ""43"", ""53"", ""16"", ""68""]"	audio	audio.mastermix.wav	data/chorale-bricks/Bach_IchStehAnDeinerKrippe/audio.mastermix.wav	10	"[""10"", ""none of the other options is correct"", ""34"", ""31"", ""12""]"	0.2	0	"[""A"", ""B"", ""C"", ""D"", ""E""]"	"{""A"": ""10"", ""B"": ""34"", ""C"": ""31"", ""D"": ""none of the other options is correct"", ""E"": ""12""}"	"[""(A) 10"", ""(B) 34"", ""(C) 31"", ""(D) none of the other options is correct"", ""(E) 12""]"	(A) 10	A
c019be0f-6857-5e09-bf07-9ca7acbe3b61	4	perception	pitch	relative	pitch-relative	interval-recognition		interval statistics	How many times is the interval {interval} present in the {voice} line?	"[""voice"", ""interval""]"	get_interval_quantity		interval	"{""voice"": ""bass"", ""interval"": ""Major Second""}"	How many times is the interval Major Second present in the bass line?	Bach_IchStehAnDeinerKrippe	chorale-bricks	Bach_IchStehAnDeinerKrippe	data/chorale-bricks/Bach_IchStehAnDeinerKrippe	10	"[""1"", ""4"", ""12"", ""16"", ""31"", ""34"", ""43"", ""53"", ""68""]"	"[""34"", ""31"", ""12"", ""1"", ""4"", ""43"", ""53"", ""16"", ""68""]"	symbolic	symbolic.abc.txt	data/chorale-bricks/Bach_IchStehAnDeinerKrippe/symbolic.abc.txt	none of the other options is correct	"[""none of the other options is correct"", ""34"", ""31"", ""12"", ""1""]"	0.2	1	"[""A"", ""B"", ""C"", ""D"", ""E""]"	"{""A"": ""31"", ""B"": ""none of the other options is correct"", ""C"": ""34"", ""D"": ""1"", ""E"": ""12""}"	"[""(A) 31"", ""(B) none of the other options is correct"", ""(C) 34"", ""(D) 1"", ""(E) 12""]"	(B) none of the other options is correct	B
fcf1baf0-3cd3-5e38-bb56-c379de035c8e	4	perception	pitch	relative	pitch-relative	interval-recognition		interval statistics	How many times is the interval {interval} present in the {voice} line?	"[""voice"", ""interval""]"	get_interval_quantity		interval	"{""voice"": ""bass"", ""interval"": ""Major Second""}"	How many times is the interval Major Second present in the bass line?	Bach_IchStehAnDeinerKrippe	chorale-bricks	Bach_IchStehAnDeinerKrippe	data/chorale-bricks/Bach_IchStehAnDeinerKrippe	10	"[""1"", ""4"", ""12"", ""16"", ""31"", ""34"", ""43"", ""53"", ""68""]"	"[""34"", ""31"", ""12"", ""1"", ""4"", ""43"", ""53"", ""16"", ""68""]"	visual	visual.short.png	data/chorale-bricks/Bach_IchStehAnDeinerKrippe/visual.short.png	none of the other options is correct	"[""none of the other options is correct"", ""34"", ""31"", ""12"", ""1""]"	0.2	1	"[""A"", ""B"", ""C"", ""D"", ""E""]"	"{""A"": ""none of the other options is correct"", ""B"": ""12"", ""C"": ""1"", ""D"": ""34"", ""E"": ""31""}"	"[""(A) none of the other options is correct"", ""(B) 12"", ""(C) 1"", ""(D) 34"", ""(E) 31""]"	(A) none of the other options is correct	A
084de563-bd6d-5814-b299-da3ce9251c2d	4	perception	pitch	relative	pitch-relative	interval-recognition		interval statistics	How many times is the interval {interval} present in the {voice} line?	"[""voice"", ""interval""]"	get_interval_quantity		interval	"{""voice"": ""alto"", ""interval"": ""Augmented Seventh""}"	How many times is the interval Augmented Seventh present in the alto line?	Telemann_DerLiebenSonneLichtUndPracht	chorale-bricks	Telemann_DerLiebenSonneLichtUndPracht	data/chorale-bricks/Telemann_DerLiebenSonneLichtUndPracht	0	"[""2"", ""3"", ""7"", ""22"", ""27"", ""38"", ""55"", ""66"", ""77""]"	"[""77"", ""55"", ""22"", ""7"", ""66"", ""27"", ""3"", ""2"", ""38""]"	audio	audio.mastermix.wav	data/chorale-bricks/Telemann_DerLiebenSonneLichtUndPracht/audio.mastermix.wav	0	"[""0"", ""none of the other options is correct"", ""77"", ""55"", ""22""]"	0.2	0	"[""A"", ""B"", ""C"", ""D"", ""E""]"	"{""A"": ""55"", ""B"": ""22"", ""C"": ""0"", ""D"": ""none of the other options is correct"", ""E"": ""77""}"	"[""(A) 55"", ""(B) 22"", ""(C) 0"", ""(D) none of the other options is correct"", ""(E) 77""]"	(C) 0	C
81441f15-d320-5c79-bf65-91e5d3a3ed5b	4	perception	pitch	relative	pitch-relative	interval-recognition		interval statistics	How many times is the interval {interval} present in the {voice} line?	"[""voice"", ""interval""]"	get_interval_quantity		interval	"{""voice"": ""alto"", ""interval"": ""Augmented Seventh""}"	How many times is the interval Augmented Seventh present in the alto line?	Telemann_DerLiebenSonneLichtUndPracht	chorale-bricks	Telemann_DerLiebenSonneLichtUndPracht	data/chorale-bricks/Telemann_DerLiebenSonneLichtUndPracht	0	"[""2"", ""3"", ""7"", ""22"", ""27"", ""38"", ""55"", ""66"", ""77""]"	"[""77"", ""55"", ""22"", ""7"", ""66"", ""27"", ""3"", ""2"", ""38""]"	symbolic	symbolic.abc.txt	data/chorale-bricks/Telemann_DerLiebenSonneLichtUndPracht/symbolic.abc.txt	0	"[""0"", ""none of the other options is correct"", ""77"", ""55"", ""22""]"	0.2	0	"[""A"", ""B"", ""C"", ""D"", ""E""]"	"{""A"": ""77"", ""B"": ""22"", ""C"": ""none of the other options is correct"", ""D"": ""55"", ""E"": ""0""}"	"[""(A) 77"", ""(B) 22"", ""(C) none of the other options is correct"", ""(D) 55"", ""(E) 0""]"	(E) 0	E
1023b63e-fbea-5f69-929d-d220eb59c8f7	4	perception	pitch	relative	pitch-relative	interval-recognition		interval statistics	How many times is the interval {interval} present in the {voice} line?	"[""voice"", ""interval""]"	get_interval_quantity		interval	"{""voice"": ""alto"", ""interval"": ""Augmented Seventh""}"	How many times is the interval Augmented Seventh present in the alto line?	Telemann_DerLiebenSonneLichtUndPracht	chorale-bricks	Telemann_DerLiebenSonneLichtUndPracht	data/chorale-bricks/Telemann_DerLiebenSonneLichtUndPracht	0	"[""2"", ""3"", ""7"", ""22"", ""27"", ""38"", ""55"", ""66"", ""77""]"	"[""77"", ""55"", ""22"", ""7"", ""66"", ""27"", ""3"", ""2"", ""38""]"	visual	visual.short.png	data/chorale-bricks/Telemann_DerLiebenSonneLichtUndPracht/visual.short.png	0	"[""0"", ""none of the other options is correct"", ""77"", ""55"", ""22""]"	0.2	0	"[""A"", ""B"", ""C"", ""D"", ""E""]"	"{""A"": ""55"", ""B"": ""77"", ""C"": ""22"", ""D"": ""none of the other options is correct"", ""E"": ""0""}"	"[""(A) 55"", ""(B) 77"", ""(C) 22"", ""(D) none of the other options is correct"", ""(E) 0""]"	(E) 0	E
e610cb99-8831-5613-aa0f-060d4c01f9e7	5	perception	rhythm	absolute	rhythm-absolute	rhythmic-recognition		note length	What is the rhythmic notation of the {target_index} {voice} note (or rest)?	"[""target_index"", ""voice""]"	get_nth_rhythm		rhythm	"{""target_index"": ""41st"", ""voice"": ""tenor""}"	What is the rhythmic notation of the 41st tenor note (or rest)?	Bach_IchStehAnDeinerKrippe	chorale-bricks	Bach_IchStehAnDeinerKrippe	data/chorale-bricks/Bach_IchStehAnDeinerKrippe	quarter	"[""dotted-32nd"", ""dotted-quarter"", ""eighth"", ""half""]"	"[""dotted-quarter"", ""dotted-32nd"", ""eighth"", ""half""]"	audio	audio.mastermix.wav	data/chorale-bricks/Bach_IchStehAnDeinerKrippe/audio.mastermix.wav	quarter	"[""quarter"", ""none of the other options is correct"", ""dotted-quarter"", ""dotted-32nd"", ""eighth""]"	0.2	0	"[""A"", ""B"", ""C"", ""D"", ""E""]"	"{""A"": ""eighth"", ""B"": ""dotted-quarter"", ""C"": ""quarter"", ""D"": ""none of the other options is correct"", ""E"": ""dotted-32nd""}"	"[""(A) eighth"", ""(B) dotted-quarter"", ""(C) quarter"", ""(D) none of the other options is correct"", ""(E) dotted-32nd""]"	(C) quarter	C
9035db01-8d84-5606-84d2-280a5dc0c4ae	5	perception	rhythm	absolute	rhythm-absolute	rhythmic-recognition		note length	What is the rhythmic notation of the {target_index} {voice} note (or rest)?	"[""target_index"", ""voice""]"	get_nth_rhythm		rhythm	"{""target_index"": ""41st"", ""voice"": ""tenor""}"	What is the rhythmic notation of the 41st tenor note (or rest)?	Bach_IchStehAnDeinerKrippe	chorale-bricks	Bach_IchStehAnDeinerKrippe	data/chorale-bricks/Bach_IchStehAnDeinerKrippe	quarter	"[""dotted-32nd"", ""dotted-quarter"", ""eighth"", ""half""]"	"[""dotted-quarter"", ""dotted-32nd"", ""eighth"", ""half""]"	symbolic	symbolic.abc.txt	data/chorale-bricks/Bach_IchStehAnDeinerKrippe/symbolic.abc.txt	quarter	"[""quarter"", ""none of the other options is correct"", ""dotted-quarter"", ""dotted-32nd"", ""eighth""]"	0.2	0	"[""A"", ""B"", ""C"", ""D"", ""E""]"	"{""A"": ""dotted-32nd"", ""B"": ""eighth"", ""C"": ""none of the other options is correct"", ""D"": ""dotted-quarter"", ""E"": ""quarter""}"	"[""(A) dotted-32nd"", ""(B) eighth"", ""(C) none of the other options is correct"", ""(D) dotted-quarter"", ""(E) quarter""]"	(E) quarter	E
bfc474e3-3fec-5dcc-ad68-933e6fe0f005	5	perception	rhythm	absolute	rhythm-absolute	rhythmic-recognition		note length	What is the rhythmic notation of the {target_index} {voice} note (or rest)?	"[""target_index"", ""voice""]"	get_nth_rhythm		rhythm	"{""target_index"": ""41st"", ""voice"": ""tenor""}"	What is the rhythmic notation of the 41st tenor note (or rest)?	Bach_IchStehAnDeinerKrippe	chorale-bricks	Bach_IchStehAnDeinerKrippe	data/chorale-bricks/Bach_IchStehAnDeinerKrippe	quarter	"[""dotted-32nd"", ""dotted-quarter"", ""eighth"", ""half""]"	"[""dotted-quarter"", ""dotted-32nd"", ""eighth"", ""half""]"	visual	visual.short.png	data/chorale-bricks/Bach_IchStehAnDeinerKrippe/visual.short.png	quarter	"[""quarter"", ""none of the other options is correct"", ""dotted-quarter"", ""dotted-32nd"", ""eighth""]"	0.2	0	"[""A"", ""B"", ""C"", ""D"", ""E""]"	"{""A"": ""eighth"", ""B"": ""quarter"", ""C"": ""dotted-quarter"", ""D"": ""none of the other options is correct"", ""E"": ""dotted-32nd""}"	"[""(A) eighth"", ""(B) quarter"", ""(C) dotted-quarter"", ""(D) none of the other options is correct"", ""(E) dotted-32nd""]"	(B) quarter	B
3b8ddf26-2a94-5903-9893-8f8ffc5f9f90	5	perception	rhythm	absolute	rhythm-absolute	rhythmic-recognition		note length	What is the rhythmic notation of the {target_index} {voice} note (or rest)?	"[""target_index"", ""voice""]"	get_nth_rhythm		rhythm	"{""target_index"": ""25th"", ""voice"": ""bass""}"	What is the rhythmic notation of the 25th bass note (or rest)?	Crueger_AufAufMeinHerzMitFreuden	chorale-bricks	Crueger_AufAufMeinHerzMitFreuden	data/chorale-bricks/Crueger_AufAufMeinHerzMitFreuden	half	"[""dotted-half"", ""dotted-quarter"", ""eighth"", ""quarter""]"	"[""quarter"", ""dotted-half"", ""dotted-quarter"", ""eighth""]"	audio	audio.mastermix.wav	data/chorale-bricks/Crueger_AufAufMeinHerzMitFreuden/audio.mastermix.wav	half	"[""half"", ""none of the other options is correct"", ""quarter"", ""dotted-half"", ""dotted-quarter""]"	0.2	0	"[""A"", ""B"", ""C"", ""D"", ""E""]"	"{""A"": ""half"", ""B"": ""dotted-half"", ""C"": ""quarter"", ""D"": ""dotted-quarter"", ""E"": ""none of the other options is correct""}"	"[""(A) half"", ""(B) dotted-half"", ""(C) quarter"", ""(D) dotted-quarter"", ""(E) none of the other options is correct""]"	(A) half	A
775a8f98-ee9b-586c-81e7-6bc329b3255b	5	perception	rhythm	absolute	rhythm-absolute	rhythmic-recognition		note length	What is the rhythmic notation of the {target_index} {voice} note (or rest)?	"[""target_index"", ""voice""]"	get_nth_rhythm		rhythm	"{""target_index"": ""25th"", ""voice"": ""bass""}"	What is the rhythmic notation of the 25th bass note (or rest)?	Crueger_AufAufMeinHerzMitFreuden	chorale-bricks	Crueger_AufAufMeinHerzMitFreuden	data/chorale-bricks/Crueger_AufAufMeinHerzMitFreuden	half	"[""dotted-half"", ""dotted-quarter"", ""eighth"", ""quarter""]"	"[""quarter"", ""dotted-half"", ""dotted-quarter"", ""eighth""]"	symbolic	symbolic.abc.txt	data/chorale-bricks/Crueger_AufAufMeinHerzMitFreuden/symbolic.abc.txt	half	"[""half"", ""none of the other options is correct"", ""quarter"", ""dotted-half"", ""dotted-quarter""]"	0.2	0	"[""A"", ""B"", ""C"", ""D"", ""E""]"	"{""A"": ""dotted-half"", ""B"": ""quarter"", ""C"": ""none of the other options is correct"", ""D"": ""dotted-quarter"", ""E"": ""half""}"	"[""(A) dotted-half"", ""(B) quarter"", ""(C) none of the other options is correct"", ""(D) dotted-quarter"", ""(E) half""]"	(E) half	E
310b0958-1551-5389-a8f2-ba1bdb140df2	5	perception	rhythm	absolute	rhythm-absolute	rhythmic-recognition		note length	What is the rhythmic notation of the {target_index} {voice} note (or rest)?	"[""target_index"", ""voice""]"	get_nth_rhythm		rhythm	"{""target_index"": ""25th"", ""voice"": ""bass""}"	What is the rhythmic notation of the 25th bass note (or rest)?	Crueger_AufAufMeinHerzMitFreuden	chorale-bricks	Crueger_AufAufMeinHerzMitFreuden	data/chorale-bricks/Crueger_AufAufMeinHerzMitFreuden	half	"[""dotted-half"", ""dotted-quarter"", ""eighth"", ""quarter""]"	"[""quarter"", ""dotted-half"", ""dotted-quarter"", ""eighth""]"	visual	visual.short.png	data/chorale-bricks/Crueger_AufAufMeinHerzMitFreuden/visual.short.png	half	"[""half"", ""none of the other options is correct"", ""quarter"", ""dotted-half"", ""dotted-quarter""]"	0.2	0	"[""A"", ""B"", ""C"", ""D"", ""E""]"	"{""A"": ""dotted-quarter"", ""B"": ""none of the other options is correct"", ""C"": ""dotted-half"", ""D"": ""half"", ""E"": ""quarter""}"	"[""(A) dotted-quarter"", ""(B) none of the other options is correct"", ""(C) dotted-half"", ""(D) half"", ""(E) quarter""]"	(D) half	D
13801197-c895-5c69-92a2-287d7fb1493e	5	perception	rhythm	absolute	rhythm-absolute	rhythmic-recognition		note length	What is the rhythmic notation of the {target_index} {voice} note (or rest)?	"[""target_index"", ""voice""]"	get_nth_rhythm		rhythm	"{""target_index"": ""54th"", ""voice"": ""bass""}"	What is the rhythmic notation of the 54th bass note (or rest)?	Telemann_DerLiebenSonneLichtUndPracht	chorale-bricks	Telemann_DerLiebenSonneLichtUndPracht	data/chorale-bricks/Telemann_DerLiebenSonneLichtUndPracht	quarter	"[""dotted-longa"", ""dotted-quarter"", ""eighth"", ""half""]"	"[""half"", ""dotted-quarter"", ""eighth"", ""dotted-longa""]"	audio	audio.mastermix.wav	data/chorale-bricks/Telemann_DerLiebenSonneLichtUndPracht/audio.mastermix.wav	none of the other options is correct	"[""none of the other options is correct"", ""half"", ""dotted-quarter"", ""eighth"", ""dotted-longa""]"	0.2	1	"[""A"", ""B"", ""C"", ""D"", ""E""]"	"{""A"": ""dotted-longa"", ""B"": ""dotted-quarter"", ""C"": ""eighth"", ""D"": ""none of the other options is correct"", ""E"": ""half""}"	"[""(A) dotted-longa"", ""(B) dotted-quarter"", ""(C) eighth"", ""(D) none of the other options is correct"", ""(E) half""]"	(D) none of the other options is correct	D
fa09c9f5-8495-5841-b4b7-bc2ec78832b7	5	perception	rhythm	absolute	rhythm-absolute	rhythmic-recognition		note length	What is the rhythmic notation of the {target_index} {voice} note (or rest)?	"[""target_index"", ""voice""]"	get_nth_rhythm		rhythm	"{""target_index"": ""54th"", ""voice"": ""bass""}"	What is the rhythmic notation of the 54th bass note (or rest)?	Telemann_DerLiebenSonneLichtUndPracht	chorale-bricks	Telemann_DerLiebenSonneLichtUndPracht	data/chorale-bricks/Telemann_DerLiebenSonneLichtUndPracht	quarter	"[""dotted-longa"", ""dotted-quarter"", ""eighth"", ""half""]"	"[""half"", ""dotted-quarter"", ""eighth"", ""dotted-longa""]"	symbolic	symbolic.abc.txt	data/chorale-bricks/Telemann_DerLiebenSonneLichtUndPracht/symbolic.abc.txt	quarter	"[""quarter"", ""none of the other options is correct"", ""half"", ""dotted-quarter"", ""eighth""]"	0.2	0	"[""A"", ""B"", ""C"", ""D"", ""E""]"	"{""A"": ""quarter"", ""B"": ""eighth"", ""C"": ""half"", ""D"": ""dotted-quarter"", ""E"": ""none of the other options is correct""}"	"[""(A) quarter"", ""(B) eighth"", ""(C) half"", ""(D) dotted-quarter"", ""(E) none of the other options is correct""]"	(A) quarter	A
e2d31375-c9db-5ec8-84bb-bbbfac132073	5	perception	rhythm	absolute	rhythm-absolute	rhythmic-recognition		note length	What is the rhythmic notation of the {target_index} {voice} note (or rest)?	"[""target_index"", ""voice""]"	get_nth_rhythm		rhythm	"{""target_index"": ""54th"", ""voice"": ""bass""}"	What is the rhythmic notation of the 54th bass note (or rest)?	Telemann_DerLiebenSonneLichtUndPracht	chorale-bricks	Telemann_DerLiebenSonneLichtUndPracht	data/chorale-bricks/Telemann_DerLiebenSonneLichtUndPracht	quarter	"[""dotted-longa"", ""dotted-quarter"", ""eighth"", ""half""]"	"[""half"", ""dotted-quarter"", ""eighth"", ""dotted-longa""]"	visual	visual.short.png	data/chorale-bricks/Telemann_DerLiebenSonneLichtUndPracht/visual.short.png	none of the other options is correct	"[""none of the other options is correct"", ""half"", ""dotted-quarter"", ""eighth"", ""dotted-longa""]"	0.2	1	"[""A"", ""B"", ""C"", ""D"", ""E""]"	"{""A"": ""dotted-longa"", ""B"": ""half"", ""C"": ""eighth"", ""D"": ""dotted-quarter"", ""E"": ""none of the other options is correct""}"	"[""(A) dotted-longa"", ""(B) half"", ""(C) eighth"", ""(D) dotted-quarter"", ""(E) none of the other options is correct""]"	(E) none of the other options is correct	E
cc44eaac-795d-5dad-8073-b7a5ca202277	5	perception	rhythm	absolute	rhythm-absolute	rhythmic-recognition		note length	What is the rhythmic notation of the {target_index} {voice} note (or rest)?	"[""target_index"", ""voice""]"	get_nth_rhythm		rhythm	"{""target_index"": ""19th"", ""voice"": ""alto""}"	What is the rhythmic notation of the 19th alto note (or rest)?	Vulpius_DieHelleSonnLeuchtJetztHerfuer	chorale-bricks	Vulpius_DieHelleSonnLeuchtJetztHerfuer	data/chorale-bricks/Vulpius_DieHelleSonnLeuchtJetztHerfuer	quarter	"[""dotted-128th"", ""dotted-half"", ""dotted-quarter"", ""half""]"	"[""dotted-quarter"", ""half"", ""dotted-128th"", ""dotted-half""]"	audio	audio.mastermix.wav	data/chorale-bricks/Vulpius_DieHelleSonnLeuchtJetztHerfuer/audio.mastermix.wav	quarter	"[""quarter"", ""none of the other options is correct"", ""dotted-quarter"", ""half"", ""dotted-128th""]"	0.2	0	"[""A"", ""B"", ""C"", ""D"", ""E""]"	"{""A"": ""half"", ""B"": ""dotted-128th"", ""C"": ""quarter"", ""D"": ""dotted-quarter"", ""E"": ""none of the other options is correct""}"	"[""(A) half"", ""(B) dotted-128th"", ""(C) quarter"", ""(D) dotted-quarter"", ""(E) none of the other options is correct""]"	(C) quarter	C
61c940c2-8552-54e5-838c-bce10e65eaa9	5	perception	rhythm	absolute	rhythm-absolute	rhythmic-recognition		note length	What is the rhythmic notation of the {target_index} {voice} note (or rest)?	"[""target_index"", ""voice""]"	get_nth_rhythm		rhythm	"{""target_index"": ""19th"", ""voice"": ""alto""}"	What is the rhythmic notation of the 19th alto note (or rest)?	Vulpius_DieHelleSonnLeuchtJetztHerfuer	chorale-bricks	Vulpius_DieHelleSonnLeuchtJetztHerfuer	data/chorale-bricks/Vulpius_DieHelleSonnLeuchtJetztHerfuer	quarter	"[""dotted-128th"", ""dotted-half"", ""dotted-quarter"", ""half""]"	"[""dotted-quarter"", ""half"", ""dotted-128th"", ""dotted-half""]"	symbolic	symbolic.abc.txt	data/chorale-bricks/Vulpius_DieHelleSonnLeuchtJetztHerfuer/symbolic.abc.txt	quarter	"[""quarter"", ""none of the other options is correct"", ""dotted-quarter"", ""half"", ""dotted-128th""]"	0.2	0	"[""A"", ""B"", ""C"", ""D"", ""E""]"	"{""A"": ""none of the other options is correct"", ""B"": ""dotted-quarter"", ""C"": ""half"", ""D"": ""quarter"", ""E"": ""dotted-128th""}"	"[""(A) none of the other options is correct"", ""(B) dotted-quarter"", ""(C) half"", ""(D) quarter"", ""(E) dotted-128th""]"	(D) quarter	D
b9618688-5244-54bb-99b6-604024886fc8	5	perception	rhythm	absolute	rhythm-absolute	rhythmic-recognition		note length	What is the rhythmic notation of the {target_index} {voice} note (or rest)?	"[""target_index"", ""voice""]"	get_nth_rhythm		rhythm	"{""target_index"": ""19th"", ""voice"": ""alto""}"	What is the rhythmic notation of the 19th alto note (or rest)?	Vulpius_DieHelleSonnLeuchtJetztHerfuer	chorale-bricks	Vulpius_DieHelleSonnLeuchtJetztHerfuer	data/chorale-bricks/Vulpius_DieHelleSonnLeuchtJetztHerfuer	quarter	"[""dotted-128th"", ""dotted-half"", ""dotted-quarter"", ""half""]"	"[""dotted-quarter"", ""half"", ""dotted-128th"", ""dotted-half""]"	visual	visual.short.png	data/chorale-bricks/Vulpius_DieHelleSonnLeuchtJetztHerfuer/visual.short.png	quarter	"[""quarter"", ""none of the other options is correct"", ""dotted-quarter"", ""half"", ""dotted-128th""]"	0.2	0	"[""A"", ""B"", ""C"", ""D"", ""E""]"	"{""A"": ""dotted-128th"", ""B"": ""none of the other options is correct"", ""C"": ""quarter"", ""D"": ""half"", ""E"": ""dotted-quarter""}"	"[""(A) dotted-128th"", ""(B) none of the other options is correct"", ""(C) quarter"", ""(D) half"", ""(E) dotted-quarter""]"	(C) quarter	C
d8a339f8-ee3d-5937-868d-171c5a2caf44	5	perception	rhythm	absolute	rhythm-absolute	rhythmic-recognition		note length	What is the rhythmic notation of the {target_index} {voice} note (or rest)?	"[""target_index"", ""voice""]"	get_nth_rhythm		rhythm	"{""target_index"": ""2nd"", ""voice"": ""soprano""}"	What is the rhythmic notation of the 2nd soprano note (or rest)?	Jan_DuGrosserSchmerzensmann	chorale-bricks	Jan_DuGrosserSchmerzensmann	data/chorale-bricks/Jan_DuGrosserSchmerzensmann	quarter	"[""dotted-half"", ""dotted-quarter"", ""eighth"", ""half""]"	"[""dotted-half"", ""eighth"", ""half"", ""dotted-quarter""]"	audio	audio.mastermix.wav	data/chorale-bricks/Jan_DuGrosserSchmerzensmann/audio.mastermix.wav	quarter	"[""quarter"", ""none of the other options is correct"", ""dotted-half"", ""eighth"", ""half""]"	0.2	0	"[""A"", ""B"", ""C"", ""D"", ""E""]"	"{""A"": ""dotted-half"", ""B"": ""none of the other options is correct"", ""C"": ""eighth"", ""D"": ""quarter"", ""E"": ""half""}"	"[""(A) dotted-half"", ""(B) none of the other options is correct"", ""(C) eighth"", ""(D) quarter"", ""(E) half""]"	(D) quarter	D
7a6acd83-018e-5825-8405-4b827d3adae4	5	perception	rhythm	absolute	rhythm-absolute	rhythmic-recognition		note length	What is the rhythmic notation of the {target_index} {voice} note (or rest)?	"[""target_index"", ""voice""]"	get_nth_rhythm		rhythm	"{""target_index"": ""2nd"", ""voice"": ""soprano""}"	What is the rhythmic notation of the 2nd soprano note (or rest)?	Jan_DuGrosserSchmerzensmann	chorale-bricks	Jan_DuGrosserSchmerzensmann	data/chorale-bricks/Jan_DuGrosserSchmerzensmann	quarter	"[""dotted-half"", ""dotted-quarter"", ""eighth"", ""half""]"	"[""dotted-half"", ""eighth"", ""half"", ""dotted-quarter""]"	symbolic	symbolic.abc.txt	data/chorale-bricks/Jan_DuGrosserSchmerzensmann/symbolic.abc.txt	none of the other options is correct	"[""none of the other options is correct"", ""dotted-half"", ""eighth"", ""half"", ""dotted-quarter""]"	0.2	1	"[""A"", ""B"", ""C"", ""D"", ""E""]"	"{""A"": ""dotted-quarter"", ""B"": ""dotted-half"", ""C"": ""eighth"", ""D"": ""none of the other options is correct"", ""E"": ""half""}"	"[""(A) dotted-quarter"", ""(B) dotted-half"", ""(C) eighth"", ""(D) none of the other options is correct"", ""(E) half""]"	(D) none of the other options is correct	D
4a2e3baa-52b6-5a39-a4dc-be245bd31881	5	perception	rhythm	absolute	rhythm-absolute	rhythmic-recognition		note length	What is the rhythmic notation of the {target_index} {voice} note (or rest)?	"[""target_index"", ""voice""]"	get_nth_rhythm		rhythm	"{""target_index"": ""2nd"", ""voice"": ""soprano""}"	What is the rhythmic notation of the 2nd soprano note (or rest)?	Jan_DuGrosserSchmerzensmann	chorale-bricks	Jan_DuGrosserSchmerzensmann	data/chorale-bricks/Jan_DuGrosserSchmerzensmann	quarter	"[""dotted-half"", ""dotted-quarter"", ""eighth"", ""half""]"	"[""dotted-half"", ""eighth"", ""half"", ""dotted-quarter""]"	visual	visual.short.png	data/chorale-bricks/Jan_DuGrosserSchmerzensmann/visual.short.png	quarter	"[""quarter"", ""none of the other options is correct"", ""dotted-half"", ""eighth"", ""half""]"	0.2	0	"[""A"", ""B"", ""C"", ""D"", ""E""]"	"{""A"": ""none of the other options is correct"", ""B"": ""quarter"", ""C"": ""half"", ""D"": ""dotted-half"", ""E"": ""eighth""}"	"[""(A) none of the other options is correct"", ""(B) quarter"", ""(C) half"", ""(D) dotted-half"", ""(E) eighth""]"	(B) quarter	B
8e4f8d4e-89c7-59c1-9cbf-e08e62e36cad	5	perception	rhythm	absolute	rhythm-absolute	rhythmic-recognition		note length	What is the rhythmic notation of the {target_index} {voice} note (or rest)?	"[""target_index"", ""voice""]"	get_nth_rhythm		rhythm	"{""target_index"": ""37th"", ""voice"": ""bass""}"	What is the rhythmic notation of the 37th bass note (or rest)?	Vulpius_DieHelleSonnLeuchtJetztHerfuer	chorale-bricks	Vulpius_DieHelleSonnLeuchtJetztHerfuer	data/chorale-bricks/Vulpius_DieHelleSonnLeuchtJetztHerfuer	quarter	"[""dotted-512th"", ""dotted-half"", ""half"", ""whole""]"	"[""dotted-512th"", ""half"", ""dotted-half"", ""whole""]"	audio	audio.mastermix.wav	data/chorale-bricks/Vulpius_DieHelleSonnLeuchtJetztHerfuer/audio.mastermix.wav	quarter	"[""quarter"", ""none of the other options is correct"", ""dotted-512th"", ""half"", ""dotted-half""]"	0.2	0	"[""A"", ""B"", ""C"", ""D"", ""E""]"	"{""A"": ""half"", ""B"": ""dotted-512th"", ""C"": ""none of the other options is correct"", ""D"": ""dotted-half"", ""E"": ""quarter""}"	"[""(A) half"", ""(B) dotted-512th"", ""(C) none of the other options is correct"", ""(D) dotted-half"", ""(E) quarter""]"	(E) quarter	E
70b02b63-46da-5f66-ab68-03a40b1f52dd	5	perception	rhythm	absolute	rhythm-absolute	rhythmic-recognition		note length	What is the rhythmic notation of the {target_index} {voice} note (or rest)?	"[""target_index"", ""voice""]"	get_nth_rhythm		rhythm	"{""target_index"": ""37th"", ""voice"": ""bass""}"	What is the rhythmic notation of the 37th bass note (or rest)?	Vulpius_DieHelleSonnLeuchtJetztHerfuer	chorale-bricks	Vulpius_DieHelleSonnLeuchtJetztHerfuer	data/chorale-bricks/Vulpius_DieHelleSonnLeuchtJetztHerfuer	quarter	"[""dotted-512th"", ""dotted-half"", ""half"", ""whole""]"	"[""dotted-512th"", ""half"", ""dotted-half"", ""whole""]"	symbolic	symbolic.abc.txt	data/chorale-bricks/Vulpius_DieHelleSonnLeuchtJetztHerfuer/symbolic.abc.txt	quarter	"[""quarter"", ""none of the other options is correct"", ""dotted-512th"", ""half"", ""dotted-half""]"	0.2	0	"[""A"", ""B"", ""C"", ""D"", ""E""]"	"{""A"": ""none of the other options is correct"", ""B"": ""quarter"", ""C"": ""dotted-half"", ""D"": ""dotted-512th"", ""E"": ""half""}"	"[""(A) none of the other options is correct"", ""(B) quarter"", ""(C) dotted-half"", ""(D) dotted-512th"", ""(E) half""]"	(B) quarter	B
aab6deb3-43de-5674-a33e-1697ba99983e	5	perception	rhythm	absolute	rhythm-absolute	rhythmic-recognition		note length	What is the rhythmic notation of the {target_index} {voice} note (or rest)?	"[""target_index"", ""voice""]"	get_nth_rhythm		rhythm	"{""target_index"": ""37th"", ""voice"": ""bass""}"	What is the rhythmic notation of the 37th bass note (or rest)?	Vulpius_DieHelleSonnLeuchtJetztHerfuer	chorale-bricks	Vulpius_DieHelleSonnLeuchtJetztHerfuer	data/chorale-bricks/Vulpius_DieHelleSonnLeuchtJetztHerfuer	quarter	"[""dotted-512th"", ""dotted-half"", ""half"", ""whole""]"	"[""dotted-512th"", ""half"", ""dotted-half"", ""whole""]"	visual	visual.short.png	data/chorale-bricks/Vulpius_DieHelleSonnLeuchtJetztHerfuer/visual.short.png	quarter	"[""quarter"", ""none of the other options is correct"", ""dotted-512th"", ""half"", ""dotted-half""]"	0.2	0	"[""A"", ""B"", ""C"", ""D"", ""E""]"	"{""A"": ""dotted-half"", ""B"": ""half"", ""C"": ""none of the other options is correct"", ""D"": ""dotted-512th"", ""E"": ""quarter""}"	"[""(A) dotted-half"", ""(B) half"", ""(C) none of the other options is correct"", ""(D) dotted-512th"", ""(E) quarter""]"	(E) quarter	E
e2101ba6-15cb-5860-a81e-1ab2332e4375	5	perception	rhythm	absolute	rhythm-absolute	rhythmic-recognition		note length	What is the rhythmic notation of the {target_index} {voice} note (or rest)?	"[""target_index"", ""voice""]"	get_nth_rhythm		rhythm	"{""target_index"": ""15th"", ""voice"": ""soprano""}"	What is the rhythmic notation of the 15th soprano note (or rest)?	Gesius_DuFriedensfuerstHerrJesuChrist	chorale-bricks	Gesius_DuFriedensfuerstHerrJesuChrist	data/chorale-bricks/Gesius_DuFriedensfuerstHerrJesuChrist	half	"[""128th"", ""dotted-eighth"", ""dotted-half"", ""quarter""]"	"[""128th"", ""dotted-half"", ""quarter"", ""dotted-eighth""]"	audio	audio.mastermix.wav	data/chorale-bricks/Gesius_DuFriedensfuerstHerrJesuChrist/audio.mastermix.wav	half	"[""half"", ""none of the other options is correct"", ""128th"", ""dotted-half"", ""quarter""]"	0.2	0	"[""A"", ""B"", ""C"", ""D"", ""E""]"	"{""A"": ""quarter"", ""B"": ""none of the other options is correct"", ""C"": ""128th"", ""D"": ""dotted-half"", ""E"": ""half""}"	"[""(A) quarter"", ""(B) none of the other options is correct"", ""(C) 128th"", ""(D) dotted-half"", ""(E) half""]"	(E) half	E
4cb97eeb-7e5d-5749-8839-fdece2001f9d	5	perception	rhythm	absolute	rhythm-absolute	rhythmic-recognition		note length	What is the rhythmic notation of the {target_index} {voice} note (or rest)?	"[""target_index"", ""voice""]"	get_nth_rhythm		rhythm	"{""target_index"": ""15th"", ""voice"": ""soprano""}"	What is the rhythmic notation of the 15th soprano note (or rest)?	Gesius_DuFriedensfuerstHerrJesuChrist	chorale-bricks	Gesius_DuFriedensfuerstHerrJesuChrist	data/chorale-bricks/Gesius_DuFriedensfuerstHerrJesuChrist	half	"[""128th"", ""dotted-eighth"", ""dotted-half"", ""quarter""]"	"[""128th"", ""dotted-half"", ""quarter"", ""dotted-eighth""]"	symbolic	symbolic.abc.txt	data/chorale-bricks/Gesius_DuFriedensfuerstHerrJesuChrist/symbolic.abc.txt	half	"[""half"", ""none of the other options is correct"", ""128th"", ""dotted-half"", ""quarter""]"	0.2	0	"[""A"", ""B"", ""C"", ""D"", ""E""]"	"{""A"": ""128th"", ""B"": ""quarter"", ""C"": ""none of the other options is correct"", ""D"": ""half"", ""E"": ""dotted-half""}"	"[""(A) 128th"", ""(B) quarter"", ""(C) none of the other options is correct"", ""(D) half"", ""(E) dotted-half""]"	(D) half	D
62705056-0d63-54e1-afbe-04bde41b766b	5	perception	rhythm	absolute	rhythm-absolute	rhythmic-recognition		note length	What is the rhythmic notation of the {target_index} {voice} note (or rest)?	"[""target_index"", ""voice""]"	get_nth_rhythm		rhythm	"{""target_index"": ""15th"", ""voice"": ""soprano""}"	What is the rhythmic notation of the 15th soprano note (or rest)?	Gesius_DuFriedensfuerstHerrJesuChrist	chorale-bricks	Gesius_DuFriedensfuerstHerrJesuChrist	data/chorale-bricks/Gesius_DuFriedensfuerstHerrJesuChrist	half	"[""128th"", ""dotted-eighth"", ""dotted-half"", ""quarter""]"	"[""128th"", ""dotted-half"", ""quarter"", ""dotted-eighth""]"	visual	visual.short.png	data/chorale-bricks/Gesius_DuFriedensfuerstHerrJesuChrist/visual.short.png	half	"[""half"", ""none of the other options is correct"", ""128th"", ""dotted-half"", ""quarter""]"	0.2	0	"[""A"", ""B"", ""C"", ""D"", ""E""]"	"{""A"": ""quarter"", ""B"": ""none of the other options is correct"", ""C"": ""128th"", ""D"": ""dotted-half"", ""E"": ""half""}"	"[""(A) quarter"", ""(B) none of the other options is correct"", ""(C) 128th"", ""(D) dotted-half"", ""(E) half""]"	(E) half	E
36de8d20-5841-5182-9eaa-d64f0ac42605	5	perception	rhythm	absolute	rhythm-absolute	rhythmic-recognition		note length	What is the rhythmic notation of the {target_index} {voice} note (or rest)?	"[""target_index"", ""voice""]"	get_nth_rhythm		rhythm	"{""target_index"": ""13th"", ""voice"": ""bass""}"	What is the rhythmic notation of the 13th bass note (or rest)?	Vulpius_ChristusDerIstMeinLeben	chorale-bricks	Vulpius_ChristusDerIstMeinLeben	data/chorale-bricks/Vulpius_ChristusDerIstMeinLeben	dotted-half	"[""dotted-quarter"", ""eighth"", ""half"", ""quarter""]"	"[""quarter"", ""half"", ""dotted-quarter"", ""eighth""]"	audio	audio.mastermix.wav	data/chorale-bricks/Vulpius_ChristusDerIstMeinLeben/audio.mastermix.wav	dotted-half	"[""dotted-half"", ""none of the other options is correct"", ""quarter"", ""half"", ""dotted-quarter""]"	0.2	0	"[""A"", ""B"", ""C"", ""D"", ""E""]"	"{""A"": ""dotted-quarter"", ""B"": ""none of the other options is correct"", ""C"": ""half"", ""D"": ""quarter"", ""E"": ""dotted-half""}"	"[""(A) dotted-quarter"", ""(B) none of the other options is correct"", ""(C) half"", ""(D) quarter"", ""(E) dotted-half""]"	(E) dotted-half	E
bada640c-fd48-5ec6-b025-8390e5b06f8a	5	perception	rhythm	absolute	rhythm-absolute	rhythmic-recognition		note length	What is the rhythmic notation of the {target_index} {voice} note (or rest)?	"[""target_index"", ""voice""]"	get_nth_rhythm		rhythm	"{""target_index"": ""13th"", ""voice"": ""bass""}"	What is the rhythmic notation of the 13th bass note (or rest)?	Vulpius_ChristusDerIstMeinLeben	chorale-bricks	Vulpius_ChristusDerIstMeinLeben	data/chorale-bricks/Vulpius_ChristusDerIstMeinLeben	dotted-half	"[""dotted-quarter"", ""eighth"", ""half"", ""quarter""]"	"[""quarter"", ""half"", ""dotted-quarter"", ""eighth""]"	symbolic	symbolic.abc.txt	data/chorale-bricks/Vulpius_ChristusDerIstMeinLeben/symbolic.abc.txt	dotted-half	"[""dotted-half"", ""none of the other options is correct"", ""quarter"", ""half"", ""dotted-quarter""]"	0.2	0	"[""A"", ""B"", ""C"", ""D"", ""E""]"	"{""A"": ""half"", ""B"": ""quarter"", ""C"": ""dotted-half"", ""D"": ""dotted-quarter"", ""E"": ""none of the other options is correct""}"	"[""(A) half"", ""(B) quarter"", ""(C) dotted-half"", ""(D) dotted-quarter"", ""(E) none of the other options is correct""]"	(C) dotted-half	C
5d475794-ebdd-5ac6-9484-cf80bf9481ff	5	perception	rhythm	absolute	rhythm-absolute	rhythmic-recognition		note length	What is the rhythmic notation of the {target_index} {voice} note (or rest)?	"[""target_index"", ""voice""]"	get_nth_rhythm		rhythm	"{""target_index"": ""13th"", ""voice"": ""bass""}"	What is the rhythmic notation of the 13th bass note (or rest)?	Vulpius_ChristusDerIstMeinLeben	chorale-bricks	Vulpius_ChristusDerIstMeinLeben	data/chorale-bricks/Vulpius_ChristusDerIstMeinLeben	dotted-half	"[""dotted-quarter"", ""eighth"", ""half"", ""quarter""]"	"[""quarter"", ""half"", ""dotted-quarter"", ""eighth""]"	visual	visual.short.png	data/chorale-bricks/Vulpius_ChristusDerIstMeinLeben/visual.short.png	dotted-half	"[""dotted-half"", ""none of the other options is correct"", ""quarter"", ""half"", ""dotted-quarter""]"	0.2	0	"[""A"", ""B"", ""C"", ""D"", ""E""]"	"{""A"": ""dotted-quarter"", ""B"": ""quarter"", ""C"": ""half"", ""D"": ""none of the other options is correct"", ""E"": ""dotted-half""}"	"[""(A) dotted-quarter"", ""(B) quarter"", ""(C) half"", ""(D) none of the other options is correct"", ""(E) dotted-half""]"	(E) dotted-half	E
9b5023cf-59ad-5c68-af13-22f0ab9af6c4	5	perception	rhythm	absolute	rhythm-absolute	rhythmic-recognition		note length	What is the rhythmic notation of the {target_index} {voice} note (or rest)?	"[""target_index"", ""voice""]"	get_nth_rhythm		rhythm	"{""target_index"": ""33rd"", ""voice"": ""tenor""}"	What is the rhythmic notation of the 33rd tenor note (or rest)?	Jan_DuGrosserSchmerzensmann	chorale-bricks	Jan_DuGrosserSchmerzensmann	data/chorale-bricks/Jan_DuGrosserSchmerzensmann	quarter	"[""dotted-half"", ""dotted-quarter"", ""eighth"", ""half""]"	"[""dotted-quarter"", ""dotted-half"", ""half"", ""eighth""]"	audio	audio.mastermix.wav	data/chorale-bricks/Jan_DuGrosserSchmerzensmann/audio.mastermix.wav	quarter	"[""quarter"", ""none of the other options is correct"", ""dotted-quarter"", ""dotted-half"", ""half""]"	0.2	0	"[""A"", ""B"", ""C"", ""D"", ""E""]"	"{""A"": ""quarter"", ""B"": ""dotted-half"", ""C"": ""dotted-quarter"", ""D"": ""half"", ""E"": ""none of the other options is correct""}"	"[""(A) quarter"", ""(B) dotted-half"", ""(C) dotted-quarter"", ""(D) half"", ""(E) none of the other options is correct""]"	(A) quarter	A
7bf26869-292d-52e8-8e50-966e321e0c47	5	perception	rhythm	absolute	rhythm-absolute	rhythmic-recognition		note length	What is the rhythmic notation of the {target_index} {voice} note (or rest)?	"[""target_index"", ""voice""]"	get_nth_rhythm		rhythm	"{""target_index"": ""33rd"", ""voice"": ""tenor""}"	What is the rhythmic notation of the 33rd tenor note (or rest)?	Jan_DuGrosserSchmerzensmann	chorale-bricks	Jan_DuGrosserSchmerzensmann	data/chorale-bricks/Jan_DuGrosserSchmerzensmann	quarter	"[""dotted-half"", ""dotted-quarter"", ""eighth"", ""half""]"	"[""dotted-quarter"", ""dotted-half"", ""half"", ""eighth""]"	symbolic	symbolic.abc.txt	data/chorale-bricks/Jan_DuGrosserSchmerzensmann/symbolic.abc.txt	quarter	"[""quarter"", ""none of the other options is correct"", ""dotted-quarter"", ""dotted-half"", ""half""]"	0.2	0	"[""A"", ""B"", ""C"", ""D"", ""E""]"	"{""A"": ""dotted-half"", ""B"": ""quarter"", ""C"": ""dotted-quarter"", ""D"": ""half"", ""E"": ""none of the other options is correct""}"	"[""(A) dotted-half"", ""(B) quarter"", ""(C) dotted-quarter"", ""(D) half"", ""(E) none of the other options is correct""]"	(B) quarter	B
73679e9f-11a0-552b-be96-3cc3a3fdabec	5	perception	rhythm	absolute	rhythm-absolute	rhythmic-recognition		note length	What is the rhythmic notation of the {target_index} {voice} note (or rest)?	"[""target_index"", ""voice""]"	get_nth_rhythm		rhythm	"{""target_index"": ""33rd"", ""voice"": ""tenor""}"	What is the rhythmic notation of the 33rd tenor note (or rest)?	Jan_DuGrosserSchmerzensmann	chorale-bricks	Jan_DuGrosserSchmerzensmann	data/chorale-bricks/Jan_DuGrosserSchmerzensmann	quarter	"[""dotted-half"", ""dotted-quarter"", ""eighth"", ""half""]"	"[""dotted-quarter"", ""dotted-half"", ""half"", ""eighth""]"	visual	visual.short.png	data/chorale-bricks/Jan_DuGrosserSchmerzensmann/visual.short.png	quarter	"[""quarter"", ""none of the other options is correct"", ""dotted-quarter"", ""dotted-half"", ""half""]"	0.2	0	"[""A"", ""B"", ""C"", ""D"", ""E""]"	"{""A"": ""quarter"", ""B"": ""half"", ""C"": ""dotted-half"", ""D"": ""dotted-quarter"", ""E"": ""none of the other options is correct""}"	"[""(A) quarter"", ""(B) half"", ""(C) dotted-half"", ""(D) dotted-quarter"", ""(E) none of the other options is correct""]"	(A) quarter	A
5c8a50bb-ad5e-5add-8566-5c6d4885508c	5	perception	rhythm	absolute	rhythm-absolute	rhythmic-recognition		note length	What is the rhythmic notation of the {target_index} {voice} note (or rest)?	"[""target_index"", ""voice""]"	get_nth_rhythm		rhythm	"{""target_index"": ""21st"", ""voice"": ""tenor""}"	What is the rhythmic notation of the 21st tenor note (or rest)?	Crueger_AufAufMeinHerzMitFreuden	chorale-bricks	Crueger_AufAufMeinHerzMitFreuden	data/chorale-bricks/Crueger_AufAufMeinHerzMitFreuden	dotted-half	"[""dotted-quarter"", ""eighth"", ""half"", ""quarter""]"	"[""quarter"", ""dotted-quarter"", ""eighth"", ""half""]"	audio	audio.mastermix.wav	data/chorale-bricks/Crueger_AufAufMeinHerzMitFreuden/audio.mastermix.wav	none of the other options is correct	"[""none of the other options is correct"", ""quarter"", ""dotted-quarter"", ""eighth"", ""half""]"	0.2	1	"[""A"", ""B"", ""C"", ""D"", ""E""]"	"{""A"": ""half"", ""B"": ""none of the other options is correct"", ""C"": ""dotted-quarter"", ""D"": ""quarter"", ""E"": ""eighth""}"	"[""(A) half"", ""(B) none of the other options is correct"", ""(C) dotted-quarter"", ""(D) quarter"", ""(E) eighth""]"	(B) none of the other options is correct	B
1ed2dfd4-3047-52d1-833f-9b6955d01eb1	5	perception	rhythm	absolute	rhythm-absolute	rhythmic-recognition		note length	What is the rhythmic notation of the {target_index} {voice} note (or rest)?	"[""target_index"", ""voice""]"	get_nth_rhythm		rhythm	"{""target_index"": ""21st"", ""voice"": ""tenor""}"	What is the rhythmic notation of the 21st tenor note (or rest)?	Crueger_AufAufMeinHerzMitFreuden	chorale-bricks	Crueger_AufAufMeinHerzMitFreuden	data/chorale-bricks/Crueger_AufAufMeinHerzMitFreuden	dotted-half	"[""dotted-quarter"", ""eighth"", ""half"", ""quarter""]"	"[""quarter"", ""dotted-quarter"", ""eighth"", ""half""]"	symbolic	symbolic.abc.txt	data/chorale-bricks/Crueger_AufAufMeinHerzMitFreuden/symbolic.abc.txt	dotted-half	"[""dotted-half"", ""none of the other options is correct"", ""quarter"", ""dotted-quarter"", ""eighth""]"	0.2	0	"[""A"", ""B"", ""C"", ""D"", ""E""]"	"{""A"": ""none of the other options is correct"", ""B"": ""dotted-half"", ""C"": ""quarter"", ""D"": ""dotted-quarter"", ""E"": ""eighth""}"	"[""(A) none of the other options is correct"", ""(B) dotted-half"", ""(C) quarter"", ""(D) dotted-quarter"", ""(E) eighth""]"	(B) dotted-half	B
ab73050b-94a9-5676-9a71-fd909cdad6d9	5	perception	rhythm	absolute	rhythm-absolute	rhythmic-recognition		note length	What is the rhythmic notation of the {target_index} {voice} note (or rest)?	"[""target_index"", ""voice""]"	get_nth_rhythm		rhythm	"{""target_index"": ""21st"", ""voice"": ""tenor""}"	What is the rhythmic notation of the 21st tenor note (or rest)?	Crueger_AufAufMeinHerzMitFreuden	chorale-bricks	Crueger_AufAufMeinHerzMitFreuden	data/chorale-bricks/Crueger_AufAufMeinHerzMitFreuden	dotted-half	"[""dotted-quarter"", ""eighth"", ""half"", ""quarter""]"	"[""quarter"", ""dotted-quarter"", ""eighth"", ""half""]"	visual	visual.short.png	data/chorale-bricks/Crueger_AufAufMeinHerzMitFreuden/visual.short.png	dotted-half	"[""dotted-half"", ""none of the other options is correct"", ""quarter"", ""dotted-quarter"", ""eighth""]"	0.2	0	"[""A"", ""B"", ""C"", ""D"", ""E""]"	"{""A"": ""eighth"", ""B"": ""none of the other options is correct"", ""C"": ""quarter"", ""D"": ""dotted-quarter"", ""E"": ""dotted-half""}"	"[""(A) eighth"", ""(B) none of the other options is correct"", ""(C) quarter"", ""(D) dotted-quarter"", ""(E) dotted-half""]"	(E) dotted-half	E
89b94444-b77c-5372-bb96-37ed4c1c6a3b	5	perception	rhythm	absolute	rhythm-absolute	rhythmic-recognition		note length	What is the rhythmic notation of the {target_index} {voice} note (or rest)?	"[""target_index"", ""voice""]"	get_nth_rhythm		rhythm	"{""target_index"": ""28th"", ""voice"": ""soprano""}"	What is the rhythmic notation of the 28th soprano note (or rest)?	Vulpius_DieHelleSonnLeuchtJetztHerfuer	chorale-bricks	Vulpius_DieHelleSonnLeuchtJetztHerfuer	data/chorale-bricks/Vulpius_DieHelleSonnLeuchtJetztHerfuer	quarter	"[""dotted-16th"", ""dotted-512th"", ""dotted-half"", ""half""]"	"[""half"", ""dotted-512th"", ""dotted-16th"", ""dotted-half""]"	audio	audio.mastermix.wav	data/chorale-bricks/Vulpius_DieHelleSonnLeuchtJetztHerfuer/audio.mastermix.wav	none of the other options is correct	"[""none of the other options is correct"", ""half"", ""dotted-512th"", ""dotted-16th"", ""dotted-half""]"	0.2	1	"[""A"", ""B"", ""C"", ""D"", ""E""]"	"{""A"": ""dotted-16th"", ""B"": ""dotted-half"", ""C"": ""dotted-512th"", ""D"": ""none of the other options is correct"", ""E"": ""half""}"	"[""(A) dotted-16th"", ""(B) dotted-half"", ""(C) dotted-512th"", ""(D) none of the other options is correct"", ""(E) half""]"	(D) none of the other options is correct	D
afe2294f-08ff-5010-b6ab-a9aece131805	5	perception	rhythm	absolute	rhythm-absolute	rhythmic-recognition		note length	What is the rhythmic notation of the {target_index} {voice} note (or rest)?	"[""target_index"", ""voice""]"	get_nth_rhythm		rhythm	"{""target_index"": ""28th"", ""voice"": ""soprano""}"	What is the rhythmic notation of the 28th soprano note (or rest)?	Vulpius_DieHelleSonnLeuchtJetztHerfuer	chorale-bricks	Vulpius_DieHelleSonnLeuchtJetztHerfuer	data/chorale-bricks/Vulpius_DieHelleSonnLeuchtJetztHerfuer	quarter	"[""dotted-16th"", ""dotted-512th"", ""dotted-half"", ""half""]"	"[""half"", ""dotted-512th"", ""dotted-16th"", ""dotted-half""]"	symbolic	symbolic.abc.txt	data/chorale-bricks/Vulpius_DieHelleSonnLeuchtJetztHerfuer/symbolic.abc.txt	quarter	"[""quarter"", ""none of the other options is correct"", ""half"", ""dotted-512th"", ""dotted-16th""]"	0.2	0	"[""A"", ""B"", ""C"", ""D"", ""E""]"	"{""A"": ""dotted-512th"", ""B"": ""dotted-16th"", ""C"": ""quarter"", ""D"": ""none of the other options is correct"", ""E"": ""half""}"	"[""(A) dotted-512th"", ""(B) dotted-16th"", ""(C) quarter"", ""(D) none of the other options is correct"", ""(E) half""]"	(C) quarter	C
1e907034-cee3-556f-9fdf-2aebf61bd25d	5	perception	rhythm	absolute	rhythm-absolute	rhythmic-recognition		note length	What is the rhythmic notation of the {target_index} {voice} note (or rest)?	"[""target_index"", ""voice""]"	get_nth_rhythm		rhythm	"{""target_index"": ""28th"", ""voice"": ""soprano""}"	What is the rhythmic notation of the 28th soprano note (or rest)?	Vulpius_DieHelleSonnLeuchtJetztHerfuer	chorale-bricks	Vulpius_DieHelleSonnLeuchtJetztHerfuer	data/chorale-bricks/Vulpius_DieHelleSonnLeuchtJetztHerfuer	quarter	"[""dotted-16th"", ""dotted-512th"", ""dotted-half"", ""half""]"	"[""half"", ""dotted-512th"", ""dotted-16th"", ""dotted-half""]"	visual	visual.short.png	data/chorale-bricks/Vulpius_DieHelleSonnLeuchtJetztHerfuer/visual.short.png	none of the other options is correct	"[""none of the other options is correct"", ""half"", ""dotted-512th"", ""dotted-16th"", ""dotted-half""]"	0.2	1	"[""A"", ""B"", ""C"", ""D"", ""E""]"	"{""A"": ""dotted-512th"", ""B"": ""dotted-half"", ""C"": ""dotted-16th"", ""D"": ""half"", ""E"": ""none of the other options is correct""}"	"[""(A) dotted-512th"", ""(B) dotted-half"", ""(C) dotted-16th"", ""(D) half"", ""(E) none of the other options is correct""]"	(E) none of the other options is correct	E
14b00a2d-3139-554f-825c-044e84b0dd9d	5	perception	rhythm	absolute	rhythm-absolute	rhythmic-recognition		note length	What is the rhythmic notation of the {target_index} {voice} note (or rest)?	"[""target_index"", ""voice""]"	get_nth_rhythm		rhythm	"{""target_index"": ""56th"", ""voice"": ""tenor""}"	What is the rhythmic notation of the 56th tenor note (or rest)?	Gesius_BefiehlDuDeineWege	chorale-bricks	Gesius_BefiehlDuDeineWege	data/chorale-bricks/Gesius_BefiehlDuDeineWege	quarter	"[""32nd"", ""dotted-half"", ""eighth"", ""half""]"	"[""32nd"", ""dotted-half"", ""half"", ""eighth""]"	audio	audio.mastermix.wav	data/chorale-bricks/Gesius_BefiehlDuDeineWege/audio.mastermix.wav	quarter	"[""quarter"", ""none of the other options is correct"", ""32nd"", ""dotted-half"", ""half""]"	0.2	0	"[""A"", ""B"", ""C"", ""D"", ""E""]"	"{""A"": ""dotted-half"", ""B"": ""32nd"", ""C"": ""half"", ""D"": ""quarter"", ""E"": ""none of the other options is correct""}"	"[""(A) dotted-half"", ""(B) 32nd"", ""(C) half"", ""(D) quarter"", ""(E) none of the other options is correct""]"	(D) quarter	D
9533339d-7420-5c59-99bc-53ceb0f3bcd8	5	perception	rhythm	absolute	rhythm-absolute	rhythmic-recognition		note length	What is the rhythmic notation of the {target_index} {voice} note (or rest)?	"[""target_index"", ""voice""]"	get_nth_rhythm		rhythm	"{""target_index"": ""56th"", ""voice"": ""tenor""}"	What is the rhythmic notation of the 56th tenor note (or rest)?	Gesius_BefiehlDuDeineWege	chorale-bricks	Gesius_BefiehlDuDeineWege	data/chorale-bricks/Gesius_BefiehlDuDeineWege	quarter	"[""32nd"", ""dotted-half"", ""eighth"", ""half""]"	"[""32nd"", ""dotted-half"", ""half"", ""eighth""]"	symbolic	symbolic.abc.txt	data/chorale-bricks/Gesius_BefiehlDuDeineWege/symbolic.abc.txt	quarter	"[""quarter"", ""none of the other options is correct"", ""32nd"", ""dotted-half"", ""half""]"	0.2	0	"[""A"", ""B"", ""C"", ""D"", ""E""]"	"{""A"": ""32nd"", ""B"": ""dotted-half"", ""C"": ""none of the other options is correct"", ""D"": ""quarter"", ""E"": ""half""}"	"[""(A) 32nd"", ""(B) dotted-half"", ""(C) none of the other options is correct"", ""(D) quarter"", ""(E) half""]"	(D) quarter	D
8870d6f7-6cb7-5e3e-9f2a-0c053730772a	5	perception	rhythm	absolute	rhythm-absolute	rhythmic-recognition		note length	What is the rhythmic notation of the {target_index} {voice} note (or rest)?	"[""target_index"", ""voice""]"	get_nth_rhythm		rhythm	"{""target_index"": ""56th"", ""voice"": ""tenor""}"	What is the rhythmic notation of the 56th tenor note (or rest)?	Gesius_BefiehlDuDeineWege	chorale-bricks	Gesius_BefiehlDuDeineWege	data/chorale-bricks/Gesius_BefiehlDuDeineWege	quarter	"[""32nd"", ""dotted-half"", ""eighth"", ""half""]"	"[""32nd"", ""dotted-half"", ""half"", ""eighth""]"	visual	visual.short.png	data/chorale-bricks/Gesius_BefiehlDuDeineWege/visual.short.png	quarter	"[""quarter"", ""none of the other options is correct"", ""32nd"", ""dotted-half"", ""half""]"	0.2	0	"[""A"", ""B"", ""C"", ""D"", ""E""]"	"{""A"": ""quarter"", ""B"": ""half"", ""C"": ""32nd"", ""D"": ""dotted-half"", ""E"": ""none of the other options is correct""}"	"[""(A) quarter"", ""(B) half"", ""(C) 32nd"", ""(D) dotted-half"", ""(E) none of the other options is correct""]"	(A) quarter	A
f85eb25f-5000-5240-bf31-47dad0288376	5	perception	rhythm	absolute	rhythm-absolute	rhythmic-recognition		note length	What is the rhythmic notation of the {target_index} {voice} note (or rest)?	"[""target_index"", ""voice""]"	get_nth_rhythm		rhythm	"{""target_index"": ""20th"", ""voice"": ""bass""}"	What is the rhythmic notation of the 20th bass note (or rest)?	Vulpius_DieHelleSonnLeuchtJetztHerfuer	chorale-bricks	Vulpius_DieHelleSonnLeuchtJetztHerfuer	data/chorale-bricks/Vulpius_DieHelleSonnLeuchtJetztHerfuer	quarter	"[""dotted-1024th"", ""dotted-64th"", ""dotted-half"", ""half""]"	"[""dotted-1024th"", ""dotted-half"", ""dotted-64th"", ""half""]"	audio	audio.mastermix.wav	data/chorale-bricks/Vulpius_DieHelleSonnLeuchtJetztHerfuer/audio.mastermix.wav	quarter	"[""quarter"", ""none of the other options is correct"", ""dotted-1024th"", ""dotted-half"", ""dotted-64th""]"	0.2	0	"[""A"", ""B"", ""C"", ""D"", ""E""]"	"{""A"": ""quarter"", ""B"": ""dotted-64th"", ""C"": ""none of the other options is correct"", ""D"": ""dotted-half"", ""E"": ""dotted-1024th""}"	"[""(A) quarter"", ""(B) dotted-64th"", ""(C) none of the other options is correct"", ""(D) dotted-half"", ""(E) dotted-1024th""]"	(A) quarter	A
f1fff8a4-a0e4-54c2-a8b5-6f1df000d2c8	5	perception	rhythm	absolute	rhythm-absolute	rhythmic-recognition		note length	What is the rhythmic notation of the {target_index} {voice} note (or rest)?	"[""target_index"", ""voice""]"	get_nth_rhythm		rhythm	"{""target_index"": ""20th"", ""voice"": ""bass""}"	What is the rhythmic notation of the 20th bass note (or rest)?	Vulpius_DieHelleSonnLeuchtJetztHerfuer	chorale-bricks	Vulpius_DieHelleSonnLeuchtJetztHerfuer	data/chorale-bricks/Vulpius_DieHelleSonnLeuchtJetztHerfuer	quarter	"[""dotted-1024th"", ""dotted-64th"", ""dotted-half"", ""half""]"	"[""dotted-1024th"", ""dotted-half"", ""dotted-64th"", ""half""]"	symbolic	symbolic.abc.txt	data/chorale-bricks/Vulpius_DieHelleSonnLeuchtJetztHerfuer/symbolic.abc.txt	none of the other options is correct	"[""none of the other options is correct"", ""dotted-1024th"", ""dotted-half"", ""dotted-64th"", ""half""]"	0.2	1	"[""A"", ""B"", ""C"", ""D"", ""E""]"	"{""A"": ""dotted-64th"", ""B"": ""none of the other options is correct"", ""C"": ""dotted-half"", ""D"": ""dotted-1024th"", ""E"": ""half""}"	"[""(A) dotted-64th"", ""(B) none of the other options is correct"", ""(C) dotted-half"", ""(D) dotted-1024th"", ""(E) half""]"	(B) none of the other options is correct	B
8f848aa6-e2e7-5ba5-889d-2b944a63b497	5	perception	rhythm	absolute	rhythm-absolute	rhythmic-recognition		note length	What is the rhythmic notation of the {target_index} {voice} note (or rest)?	"[""target_index"", ""voice""]"	get_nth_rhythm		rhythm	"{""target_index"": ""20th"", ""voice"": ""bass""}"	What is the rhythmic notation of the 20th bass note (or rest)?	Vulpius_DieHelleSonnLeuchtJetztHerfuer	chorale-bricks	Vulpius_DieHelleSonnLeuchtJetztHerfuer	data/chorale-bricks/Vulpius_DieHelleSonnLeuchtJetztHerfuer	quarter	"[""dotted-1024th"", ""dotted-64th"", ""dotted-half"", ""half""]"	"[""dotted-1024th"", ""dotted-half"", ""dotted-64th"", ""half""]"	visual	visual.short.png	data/chorale-bricks/Vulpius_DieHelleSonnLeuchtJetztHerfuer/visual.short.png	quarter	"[""quarter"", ""none of the other options is correct"", ""dotted-1024th"", ""dotted-half"", ""dotted-64th""]"	0.2	0	"[""A"", ""B"", ""C"", ""D"", ""E""]"	"{""A"": ""dotted-1024th"", ""B"": ""none of the other options is correct"", ""C"": ""dotted-half"", ""D"": ""quarter"", ""E"": ""dotted-64th""}"	"[""(A) dotted-1024th"", ""(B) none of the other options is correct"", ""(C) dotted-half"", ""(D) quarter"", ""(E) dotted-64th""]"	(D) quarter	D
a602a29c-9637-5a47-9c4b-c74e20990f0d	5	perception	rhythm	absolute	rhythm-absolute	rhythmic-recognition		note length	What is the rhythmic notation of the {target_index} {voice} note (or rest)?	"[""target_index"", ""voice""]"	get_nth_rhythm		rhythm	"{""target_index"": ""47th"", ""voice"": ""soprano""}"	What is the rhythmic notation of the 47th soprano note (or rest)?	Gesius_BefiehlDuDeineWege	chorale-bricks	Gesius_BefiehlDuDeineWege	data/chorale-bricks/Gesius_BefiehlDuDeineWege	quarter	"[""dotted-128th"", ""dotted-half"", ""duplex-maxima"", ""half""]"	"[""half"", ""dotted-128th"", ""dotted-half"", ""duplex-maxima""]"	audio	audio.mastermix.wav	data/chorale-bricks/Gesius_BefiehlDuDeineWege/audio.mastermix.wav	quarter	"[""quarter"", ""none of the other options is correct"", ""half"", ""dotted-128th"", ""dotted-half""]"	0.2	0	"[""A"", ""B"", ""C"", ""D"", ""E""]"	"{""A"": ""quarter"", ""B"": ""none of the other options is correct"", ""C"": ""dotted-half"", ""D"": ""dotted-128th"", ""E"": ""half""}"	"[""(A) quarter"", ""(B) none of the other options is correct"", ""(C) dotted-half"", ""(D) dotted-128th"", ""(E) half""]"	(A) quarter	A
bacfd9c5-f2cc-5577-ab35-8b5a05165d29	5	perception	rhythm	absolute	rhythm-absolute	rhythmic-recognition		note length	What is the rhythmic notation of the {target_index} {voice} note (or rest)?	"[""target_index"", ""voice""]"	get_nth_rhythm		rhythm	"{""target_index"": ""47th"", ""voice"": ""soprano""}"	What is the rhythmic notation of the 47th soprano note (or rest)?	Gesius_BefiehlDuDeineWege	chorale-bricks	Gesius_BefiehlDuDeineWege	data/chorale-bricks/Gesius_BefiehlDuDeineWege	quarter	"[""dotted-128th"", ""dotted-half"", ""duplex-maxima"", ""half""]"	"[""half"", ""dotted-128th"", ""dotted-half"", ""duplex-maxima""]"	symbolic	symbolic.abc.txt	data/chorale-bricks/Gesius_BefiehlDuDeineWege/symbolic.abc.txt	quarter	"[""quarter"", ""none of the other options is correct"", ""half"", ""dotted-128th"", ""dotted-half""]"	0.2	0	"[""A"", ""B"", ""C"", ""D"", ""E""]"	"{""A"": ""dotted-half"", ""B"": ""none of the other options is correct"", ""C"": ""dotted-128th"", ""D"": ""half"", ""E"": ""quarter""}"	"[""(A) dotted-half"", ""(B) none of the other options is correct"", ""(C) dotted-128th"", ""(D) half"", ""(E) quarter""]"	(E) quarter	E
8452c957-3965-53d2-b636-24629acbdd36	5	perception	rhythm	absolute	rhythm-absolute	rhythmic-recognition		note length	What is the rhythmic notation of the {target_index} {voice} note (or rest)?	"[""target_index"", ""voice""]"	get_nth_rhythm		rhythm	"{""target_index"": ""47th"", ""voice"": ""soprano""}"	What is the rhythmic notation of the 47th soprano note (or rest)?	Gesius_BefiehlDuDeineWege	chorale-bricks	Gesius_BefiehlDuDeineWege	data/chorale-bricks/Gesius_BefiehlDuDeineWege	quarter	"[""dotted-128th"", ""dotted-half"", ""duplex-maxima"", ""half""]"	"[""half"", ""dotted-128th"", ""dotted-half"", ""duplex-maxima""]"	visual	visual.short.png	data/chorale-bricks/Gesius_BefiehlDuDeineWege/visual.short.png	quarter	"[""quarter"", ""none of the other options is correct"", ""half"", ""dotted-128th"", ""dotted-half""]"	0.2	0	"[""A"", ""B"", ""C"", ""D"", ""E""]"	"{""A"": ""half"", ""B"": ""dotted-half"", ""C"": ""dotted-128th"", ""D"": ""quarter"", ""E"": ""none of the other options is correct""}"	"[""(A) half"", ""(B) dotted-half"", ""(C) dotted-128th"", ""(D) quarter"", ""(E) none of the other options is correct""]"	(D) quarter	D
77cd5a55-a654-53d9-9277-81ff92f51b9d	5	perception	rhythm	absolute	rhythm-absolute	rhythmic-recognition		note length	What is the rhythmic notation of the {target_index} {voice} note (or rest)?	"[""target_index"", ""voice""]"	get_nth_rhythm		rhythm	"{""target_index"": ""24th"", ""voice"": ""alto""}"	What is the rhythmic notation of the 24th alto note (or rest)?	Drese_JesuGehVoran	chorale-bricks	Drese_JesuGehVoran	data/chorale-bricks/Drese_JesuGehVoran	quarter	"[""dotted-half"", ""dotted-quarter"", ""eighth"", ""half""]"	"[""eighth"", ""dotted-half"", ""dotted-quarter"", ""half""]"	audio	audio.mastermix.wav	data/chorale-bricks/Drese_JesuGehVoran/audio.mastermix.wav	quarter	"[""quarter"", ""none of the other options is correct"", ""eighth"", ""dotted-half"", ""dotted-quarter""]"	0.2	0	"[""A"", ""B"", ""C"", ""D"", ""E""]"	"{""A"": ""quarter"", ""B"": ""none of the other options is correct"", ""C"": ""eighth"", ""D"": ""dotted-half"", ""E"": ""dotted-quarter""}"	"[""(A) quarter"", ""(B) none of the other options is correct"", ""(C) eighth"", ""(D) dotted-half"", ""(E) dotted-quarter""]"	(A) quarter	A
7bd10e29-6008-5238-ae02-b67169d5984c	5	perception	rhythm	absolute	rhythm-absolute	rhythmic-recognition		note length	What is the rhythmic notation of the {target_index} {voice} note (or rest)?	"[""target_index"", ""voice""]"	get_nth_rhythm		rhythm	"{""target_index"": ""24th"", ""voice"": ""alto""}"	What is the rhythmic notation of the 24th alto note (or rest)?	Drese_JesuGehVoran	chorale-bricks	Drese_JesuGehVoran	data/chorale-bricks/Drese_JesuGehVoran	quarter	"[""dotted-half"", ""dotted-quarter"", ""eighth"", ""half""]"	"[""eighth"", ""dotted-half"", ""dotted-quarter"", ""half""]"	symbolic	symbolic.abc.txt	data/chorale-bricks/Drese_JesuGehVoran/symbolic.abc.txt	quarter	"[""quarter"", ""none of the other options is correct"", ""eighth"", ""dotted-half"", ""dotted-quarter""]"	0.2	0	"[""A"", ""B"", ""C"", ""D"", ""E""]"	"{""A"": ""dotted-half"", ""B"": ""none of the other options is correct"", ""C"": ""dotted-quarter"", ""D"": ""quarter"", ""E"": ""eighth""}"	"[""(A) dotted-half"", ""(B) none of the other options is correct"", ""(C) dotted-quarter"", ""(D) quarter"", ""(E) eighth""]"	(D) quarter	D
62514cc5-492f-5f93-a1e1-051ec58206b9	5	perception	rhythm	absolute	rhythm-absolute	rhythmic-recognition		note length	What is the rhythmic notation of the {target_index} {voice} note (or rest)?	"[""target_index"", ""voice""]"	get_nth_rhythm		rhythm	"{""target_index"": ""24th"", ""voice"": ""alto""}"	What is the rhythmic notation of the 24th alto note (or rest)?	Drese_JesuGehVoran	chorale-bricks	Drese_JesuGehVoran	data/chorale-bricks/Drese_JesuGehVoran	quarter	"[""dotted-half"", ""dotted-quarter"", ""eighth"", ""half""]"	"[""eighth"", ""dotted-half"", ""dotted-quarter"", ""half""]"	visual	visual.short.png	data/chorale-bricks/Drese_JesuGehVoran/visual.short.png	quarter	"[""quarter"", ""none of the other options is correct"", ""eighth"", ""dotted-half"", ""dotted-quarter""]"	0.2	0	"[""A"", ""B"", ""C"", ""D"", ""E""]"	"{""A"": ""dotted-quarter"", ""B"": ""eighth"", ""C"": ""dotted-half"", ""D"": ""quarter"", ""E"": ""none of the other options is correct""}"	"[""(A) dotted-quarter"", ""(B) eighth"", ""(C) dotted-half"", ""(D) quarter"", ""(E) none of the other options is correct""]"	(D) quarter	D
5b0d66be-5f24-5d85-a643-a7724c956f8e	5	perception	rhythm	absolute	rhythm-absolute	rhythmic-recognition		note length	What is the rhythmic notation of the {target_index} {voice} note (or rest)?	"[""target_index"", ""voice""]"	get_nth_rhythm		rhythm	"{""target_index"": ""26th"", ""voice"": ""tenor""}"	What is the rhythmic notation of the 26th tenor note (or rest)?	Gesius_BefiehlDuDeineWege	chorale-bricks	Gesius_BefiehlDuDeineWege	data/chorale-bricks/Gesius_BefiehlDuDeineWege	quarter	"[""dotted-512th"", ""dotted-duplex-maxima"", ""dotted-half"", ""half""]"	"[""dotted-duplex-maxima"", ""half"", ""dotted-512th"", ""dotted-half""]"	audio	audio.mastermix.wav	data/chorale-bricks/Gesius_BefiehlDuDeineWege/audio.mastermix.wav	quarter	"[""quarter"", ""none of the other options is correct"", ""dotted-duplex-maxima"", ""half"", ""dotted-512th""]"	0.2	0	"[""A"", ""B"", ""C"", ""D"", ""E""]"	"{""A"": ""none of the other options is correct"", ""B"": ""quarter"", ""C"": ""dotted-512th"", ""D"": ""dotted-duplex-maxima"", ""E"": ""half""}"	"[""(A) none of the other options is correct"", ""(B) quarter"", ""(C) dotted-512th"", ""(D) dotted-duplex-maxima"", ""(E) half""]"	(B) quarter	B
b9244308-f93b-58e3-8d53-757cd54e2cc5	5	perception	rhythm	absolute	rhythm-absolute	rhythmic-recognition		note length	What is the rhythmic notation of the {target_index} {voice} note (or rest)?	"[""target_index"", ""voice""]"	get_nth_rhythm		rhythm	"{""target_index"": ""26th"", ""voice"": ""tenor""}"	What is the rhythmic notation of the 26th tenor note (or rest)?	Gesius_BefiehlDuDeineWege	chorale-bricks	Gesius_BefiehlDuDeineWege	data/chorale-bricks/Gesius_BefiehlDuDeineWege	quarter	"[""dotted-512th"", ""dotted-duplex-maxima"", ""dotted-half"", ""half""]"	"[""dotted-duplex-maxima"", ""half"", ""dotted-512th"", ""dotted-half""]"	symbolic	symbolic.abc.txt	data/chorale-bricks/Gesius_BefiehlDuDeineWege/symbolic.abc.txt	none of the other options is correct	"[""none of the other options is correct"", ""dotted-duplex-maxima"", ""half"", ""dotted-512th"", ""dotted-half""]"	0.2	1	"[""A"", ""B"", ""C"", ""D"", ""E""]"	"{""A"": ""dotted-duplex-maxima"", ""B"": ""dotted-half"", ""C"": ""dotted-512th"", ""D"": ""half"", ""E"": ""none of the other options is correct""}"	"[""(A) dotted-duplex-maxima"", ""(B) dotted-half"", ""(C) dotted-512th"", ""(D) half"", ""(E) none of the other options is correct""]"	(E) none of the other options is correct	E
36228814-35a9-5b02-a73a-8c3381a55bc6	5	perception	rhythm	absolute	rhythm-absolute	rhythmic-recognition		note length	What is the rhythmic notation of the {target_index} {voice} note (or rest)?	"[""target_index"", ""voice""]"	get_nth_rhythm		rhythm	"{""target_index"": ""26th"", ""voice"": ""tenor""}"	What is the rhythmic notation of the 26th tenor note (or rest)?	Gesius_BefiehlDuDeineWege	chorale-bricks	Gesius_BefiehlDuDeineWege	data/chorale-bricks/Gesius_BefiehlDuDeineWege	quarter	"[""dotted-512th"", ""dotted-duplex-maxima"", ""dotted-half"", ""half""]"	"[""dotted-duplex-maxima"", ""half"", ""dotted-512th"", ""dotted-half""]"	visual	visual.short.png	data/chorale-bricks/Gesius_BefiehlDuDeineWege/visual.short.png	quarter	"[""quarter"", ""none of the other options is correct"", ""dotted-duplex-maxima"", ""half"", ""dotted-512th""]"	0.2	0	"[""A"", ""B"", ""C"", ""D"", ""E""]"	"{""A"": ""dotted-512th"", ""B"": ""half"", ""C"": ""dotted-duplex-maxima"", ""D"": ""quarter"", ""E"": ""none of the other options is correct""}"	"[""(A) dotted-512th"", ""(B) half"", ""(C) dotted-duplex-maxima"", ""(D) quarter"", ""(E) none of the other options is correct""]"	(D) quarter	D
aa34ccf5-f653-5b06-a101-a1abe7cfd428	5	perception	rhythm	absolute	rhythm-absolute	rhythmic-recognition		note length	What is the rhythmic notation of the {target_index} {voice} note (or rest)?	"[""target_index"", ""voice""]"	get_nth_rhythm		rhythm	"{""target_index"": ""52nd"", ""voice"": ""alto""}"	What is the rhythmic notation of the 52nd alto note (or rest)?	Crueger_AufAufMeinHerzMitFreuden	chorale-bricks	Crueger_AufAufMeinHerzMitFreuden	data/chorale-bricks/Crueger_AufAufMeinHerzMitFreuden	quarter	"[""dotted-half"", ""dotted-quarter"", ""eighth"", ""half""]"	"[""dotted-quarter"", ""half"", ""eighth"", ""dotted-half""]"	audio	audio.mastermix.wav	data/chorale-bricks/Crueger_AufAufMeinHerzMitFreuden/audio.mastermix.wav	quarter	"[""quarter"", ""none of the other options is correct"", ""dotted-quarter"", ""half"", ""eighth""]"	0.2	0	"[""A"", ""B"", ""C"", ""D"", ""E""]"	"{""A"": ""half"", ""B"": ""quarter"", ""C"": ""dotted-quarter"", ""D"": ""none of the other options is correct"", ""E"": ""eighth""}"	"[""(A) half"", ""(B) quarter"", ""(C) dotted-quarter"", ""(D) none of the other options is correct"", ""(E) eighth""]"	(B) quarter	B
8b8649c8-f27c-578c-8063-113ba58f92f9	5	perception	rhythm	absolute	rhythm-absolute	rhythmic-recognition		note length	What is the rhythmic notation of the {target_index} {voice} note (or rest)?	"[""target_index"", ""voice""]"	get_nth_rhythm		rhythm	"{""target_index"": ""52nd"", ""voice"": ""alto""}"	What is the rhythmic notation of the 52nd alto note (or rest)?	Crueger_AufAufMeinHerzMitFreuden	chorale-bricks	Crueger_AufAufMeinHerzMitFreuden	data/chorale-bricks/Crueger_AufAufMeinHerzMitFreuden	quarter	"[""dotted-half"", ""dotted-quarter"", ""eighth"", ""half""]"	"[""dotted-quarter"", ""half"", ""eighth"", ""dotted-half""]"	symbolic	symbolic.abc.txt	data/chorale-bricks/Crueger_AufAufMeinHerzMitFreuden/symbolic.abc.txt	quarter	"[""quarter"", ""none of the other options is correct"", ""dotted-quarter"", ""half"", ""eighth""]"	0.2	0	"[""A"", ""B"", ""C"", ""D"", ""E""]"	"{""A"": ""half"", ""B"": ""none of the other options is correct"", ""C"": ""dotted-quarter"", ""D"": ""eighth"", ""E"": ""quarter""}"	"[""(A) half"", ""(B) none of the other options is correct"", ""(C) dotted-quarter"", ""(D) eighth"", ""(E) quarter""]"	(E) quarter	E
9165bf44-a95d-51a8-852e-f5fdc40c5f29	5	perception	rhythm	absolute	rhythm-absolute	rhythmic-recognition		note length	What is the rhythmic notation of the {target_index} {voice} note (or rest)?	"[""target_index"", ""voice""]"	get_nth_rhythm		rhythm	"{""target_index"": ""52nd"", ""voice"": ""alto""}"	What is the rhythmic notation of the 52nd alto note (or rest)?	Crueger_AufAufMeinHerzMitFreuden	chorale-bricks	Crueger_AufAufMeinHerzMitFreuden	data/chorale-bricks/Crueger_AufAufMeinHerzMitFreuden	quarter	"[""dotted-half"", ""dotted-quarter"", ""eighth"", ""half""]"	"[""dotted-quarter"", ""half"", ""eighth"", ""dotted-half""]"	visual	visual.short.png	data/chorale-bricks/Crueger_AufAufMeinHerzMitFreuden/visual.short.png	quarter	"[""quarter"", ""none of the other options is correct"", ""dotted-quarter"", ""half"", ""eighth""]"	0.2	0	"[""A"", ""B"", ""C"", ""D"", ""E""]"	"{""A"": ""half"", ""B"": ""eighth"", ""C"": ""none of the other options is correct"", ""D"": ""quarter"", ""E"": ""dotted-quarter""}"	"[""(A) half"", ""(B) eighth"", ""(C) none of the other options is correct"", ""(D) quarter"", ""(E) dotted-quarter""]"	(D) quarter	D
9b869c09-44c4-5b72-ab91-29f0d2a58e57	5	perception	rhythm	absolute	rhythm-absolute	rhythmic-recognition		note length	What is the rhythmic notation of the {target_index} {voice} note (or rest)?	"[""target_index"", ""voice""]"	get_nth_rhythm		rhythm	"{""target_index"": ""14th"", ""voice"": ""alto""}"	What is the rhythmic notation of the 14th alto note (or rest)?	Drese_JesuGehVoran	chorale-bricks	Drese_JesuGehVoran	data/chorale-bricks/Drese_JesuGehVoran	eighth	"[""dotted-duplex-maxima"", ""dotted-half"", ""half"", ""quarter""]"	"[""dotted-half"", ""half"", ""dotted-duplex-maxima"", ""quarter""]"	audio	audio.mastermix.wav	data/chorale-bricks/Drese_JesuGehVoran/audio.mastermix.wav	eighth	"[""eighth"", ""none of the other options is correct"", ""dotted-half"", ""half"", ""dotted-duplex-maxima""]"	0.2	0	"[""A"", ""B"", ""C"", ""D"", ""E""]"	"{""A"": ""eighth"", ""B"": ""dotted-duplex-maxima"", ""C"": ""dotted-half"", ""D"": ""half"", ""E"": ""none of the other options is correct""}"	"[""(A) eighth"", ""(B) dotted-duplex-maxima"", ""(C) dotted-half"", ""(D) half"", ""(E) none of the other options is correct""]"	(A) eighth	A
fd3073f8-aa85-5189-af42-ec1320a7e005	5	perception	rhythm	absolute	rhythm-absolute	rhythmic-recognition		note length	What is the rhythmic notation of the {target_index} {voice} note (or rest)?	"[""target_index"", ""voice""]"	get_nth_rhythm		rhythm	"{""target_index"": ""14th"", ""voice"": ""alto""}"	What is the rhythmic notation of the 14th alto note (or rest)?	Drese_JesuGehVoran	chorale-bricks	Drese_JesuGehVoran	data/chorale-bricks/Drese_JesuGehVoran	eighth	"[""dotted-duplex-maxima"", ""dotted-half"", ""half"", ""quarter""]"	"[""dotted-half"", ""half"", ""dotted-duplex-maxima"", ""quarter""]"	symbolic	symbolic.abc.txt	data/chorale-bricks/Drese_JesuGehVoran/symbolic.abc.txt	eighth	"[""eighth"", ""none of the other options is correct"", ""dotted-half"", ""half"", ""dotted-duplex-maxima""]"	0.2	0	"[""A"", ""B"", ""C"", ""D"", ""E""]"	"{""A"": ""dotted-duplex-maxima"", ""B"": ""half"", ""C"": ""dotted-half"", ""D"": ""eighth"", ""E"": ""none of the other options is correct""}"	"[""(A) dotted-duplex-maxima"", ""(B) half"", ""(C) dotted-half"", ""(D) eighth"", ""(E) none of the other options is correct""]"	(D) eighth	D
48f175d2-9035-5b34-9b74-765fdd3b2636	5	perception	rhythm	absolute	rhythm-absolute	rhythmic-recognition		note length	What is the rhythmic notation of the {target_index} {voice} note (or rest)?	"[""target_index"", ""voice""]"	get_nth_rhythm		rhythm	"{""target_index"": ""14th"", ""voice"": ""alto""}"	What is the rhythmic notation of the 14th alto note (or rest)?	Drese_JesuGehVoran	chorale-bricks	Drese_JesuGehVoran	data/chorale-bricks/Drese_JesuGehVoran	eighth	"[""dotted-duplex-maxima"", ""dotted-half"", ""half"", ""quarter""]"	"[""dotted-half"", ""half"", ""dotted-duplex-maxima"", ""quarter""]"	visual	visual.short.png	data/chorale-bricks/Drese_JesuGehVoran/visual.short.png	eighth	"[""eighth"", ""none of the other options is correct"", ""dotted-half"", ""half"", ""dotted-duplex-maxima""]"	0.2	0	"[""A"", ""B"", ""C"", ""D"", ""E""]"	"{""A"": ""none of the other options is correct"", ""B"": ""eighth"", ""C"": ""dotted-duplex-maxima"", ""D"": ""half"", ""E"": ""dotted-half""}"	"[""(A) none of the other options is correct"", ""(B) eighth"", ""(C) dotted-duplex-maxima"", ""(D) half"", ""(E) dotted-half""]"	(B) eighth	B
078d906c-6736-56e5-a000-7cd356e4574a	5	perception	rhythm	absolute	rhythm-absolute	rhythmic-recognition		note length	What is the rhythmic notation of the {target_index} {voice} note (or rest)?	"[""target_index"", ""voice""]"	get_nth_rhythm		rhythm	"{""target_index"": ""42nd"", ""voice"": ""alto""}"	What is the rhythmic notation of the 42nd alto note (or rest)?	Crueger_AufAufMeinHerzMitFreuden	chorale-bricks	Crueger_AufAufMeinHerzMitFreuden	data/chorale-bricks/Crueger_AufAufMeinHerzMitFreuden	quarter	"[""dotted-half"", ""dotted-quarter"", ""eighth"", ""half""]"	"[""half"", ""dotted-quarter"", ""eighth"", ""dotted-half""]"	audio	audio.mastermix.wav	data/chorale-bricks/Crueger_AufAufMeinHerzMitFreuden/audio.mastermix.wav	quarter	"[""quarter"", ""none of the other options is correct"", ""half"", ""dotted-quarter"", ""eighth""]"	0.2	0	"[""A"", ""B"", ""C"", ""D"", ""E""]"	"{""A"": ""eighth"", ""B"": ""half"", ""C"": ""quarter"", ""D"": ""none of the other options is correct"", ""E"": ""dotted-quarter""}"	"[""(A) eighth"", ""(B) half"", ""(C) quarter"", ""(D) none of the other options is correct"", ""(E) dotted-quarter""]"	(C) quarter	C
04a9f2a5-0333-5b8c-8c3b-f4269fb5f3b4	5	perception	rhythm	absolute	rhythm-absolute	rhythmic-recognition		note length	What is the rhythmic notation of the {target_index} {voice} note (or rest)?	"[""target_index"", ""voice""]"	get_nth_rhythm		rhythm	"{""target_index"": ""42nd"", ""voice"": ""alto""}"	What is the rhythmic notation of the 42nd alto note (or rest)?	Crueger_AufAufMeinHerzMitFreuden	chorale-bricks	Crueger_AufAufMeinHerzMitFreuden	data/chorale-bricks/Crueger_AufAufMeinHerzMitFreuden	quarter	"[""dotted-half"", ""dotted-quarter"", ""eighth"", ""half""]"	"[""half"", ""dotted-quarter"", ""eighth"", ""dotted-half""]"	symbolic	symbolic.abc.txt	data/chorale-bricks/Crueger_AufAufMeinHerzMitFreuden/symbolic.abc.txt	quarter	"[""quarter"", ""none of the other options is correct"", ""half"", ""dotted-quarter"", ""eighth""]"	0.2	0	"[""A"", ""B"", ""C"", ""D"", ""E""]"	"{""A"": ""none of the other options is correct"", ""B"": ""dotted-quarter"", ""C"": ""half"", ""D"": ""eighth"", ""E"": ""quarter""}"	"[""(A) none of the other options is correct"", ""(B) dotted-quarter"", ""(C) half"", ""(D) eighth"", ""(E) quarter""]"	(E) quarter	E
c09a0038-117b-527d-b99e-2eb581c6867a	5	perception	rhythm	absolute	rhythm-absolute	rhythmic-recognition		note length	What is the rhythmic notation of the {target_index} {voice} note (or rest)?	"[""target_index"", ""voice""]"	get_nth_rhythm		rhythm	"{""target_index"": ""42nd"", ""voice"": ""alto""}"	What is the rhythmic notation of the 42nd alto note (or rest)?	Crueger_AufAufMeinHerzMitFreuden	chorale-bricks	Crueger_AufAufMeinHerzMitFreuden	data/chorale-bricks/Crueger_AufAufMeinHerzMitFreuden	quarter	"[""dotted-half"", ""dotted-quarter"", ""eighth"", ""half""]"	"[""half"", ""dotted-quarter"", ""eighth"", ""dotted-half""]"	visual	visual.short.png	data/chorale-bricks/Crueger_AufAufMeinHerzMitFreuden/visual.short.png	quarter	"[""quarter"", ""none of the other options is correct"", ""half"", ""dotted-quarter"", ""eighth""]"	0.2	0	"[""A"", ""B"", ""C"", ""D"", ""E""]"	"{""A"": ""half"", ""B"": ""dotted-quarter"", ""C"": ""quarter"", ""D"": ""none of the other options is correct"", ""E"": ""eighth""}"	"[""(A) half"", ""(B) dotted-quarter"", ""(C) quarter"", ""(D) none of the other options is correct"", ""(E) eighth""]"	(C) quarter	C
beaf7167-9302-5d67-b1ef-2d5736712a8c	5	perception	rhythm	absolute	rhythm-absolute	rhythmic-recognition		note length	What is the rhythmic notation of the {target_index} {voice} note (or rest)?	"[""target_index"", ""voice""]"	get_nth_rhythm		rhythm	"{""target_index"": ""11th"", ""voice"": ""soprano""}"	What is the rhythmic notation of the 11th soprano note (or rest)?	Drese_JesuGehVoran	chorale-bricks	Drese_JesuGehVoran	data/chorale-bricks/Drese_JesuGehVoran	half	"[""256th"", ""dotted-half"", ""eighth"", ""quarter""]"	"[""dotted-half"", ""quarter"", ""eighth"", ""256th""]"	audio	audio.mastermix.wav	data/chorale-bricks/Drese_JesuGehVoran/audio.mastermix.wav	half	"[""half"", ""none of the other options is correct"", ""dotted-half"", ""quarter"", ""eighth""]"	0.2	0	"[""A"", ""B"", ""C"", ""D"", ""E""]"	"{""A"": ""dotted-half"", ""B"": ""none of the other options is correct"", ""C"": ""eighth"", ""D"": ""half"", ""E"": ""quarter""}"	"[""(A) dotted-half"", ""(B) none of the other options is correct"", ""(C) eighth"", ""(D) half"", ""(E) quarter""]"	(D) half	D
d0058bd7-0f66-5060-8900-e136cf8a509a	5	perception	rhythm	absolute	rhythm-absolute	rhythmic-recognition		note length	What is the rhythmic notation of the {target_index} {voice} note (or rest)?	"[""target_index"", ""voice""]"	get_nth_rhythm		rhythm	"{""target_index"": ""11th"", ""voice"": ""soprano""}"	What is the rhythmic notation of the 11th soprano note (or rest)?	Drese_JesuGehVoran	chorale-bricks	Drese_JesuGehVoran	data/chorale-bricks/Drese_JesuGehVoran	half	"[""256th"", ""dotted-half"", ""eighth"", ""quarter""]"	"[""dotted-half"", ""quarter"", ""eighth"", ""256th""]"	symbolic	symbolic.abc.txt	data/chorale-bricks/Drese_JesuGehVoran/symbolic.abc.txt	half	"[""half"", ""none of the other options is correct"", ""dotted-half"", ""quarter"", ""eighth""]"	0.2	0	"[""A"", ""B"", ""C"", ""D"", ""E""]"	"{""A"": ""dotted-half"", ""B"": ""eighth"", ""C"": ""half"", ""D"": ""none of the other options is correct"", ""E"": ""quarter""}"	"[""(A) dotted-half"", ""(B) eighth"", ""(C) half"", ""(D) none of the other options is correct"", ""(E) quarter""]"	(C) half	C
980e7c91-91c5-5eba-bf71-a96ec7793a1e	5	perception	rhythm	absolute	rhythm-absolute	rhythmic-recognition		note length	What is the rhythmic notation of the {target_index} {voice} note (or rest)?	"[""target_index"", ""voice""]"	get_nth_rhythm		rhythm	"{""target_index"": ""11th"", ""voice"": ""soprano""}"	What is the rhythmic notation of the 11th soprano note (or rest)?	Drese_JesuGehVoran	chorale-bricks	Drese_JesuGehVoran	data/chorale-bricks/Drese_JesuGehVoran	half	"[""256th"", ""dotted-half"", ""eighth"", ""quarter""]"	"[""dotted-half"", ""quarter"", ""eighth"", ""256th""]"	visual	visual.short.png	data/chorale-bricks/Drese_JesuGehVoran/visual.short.png	half	"[""half"", ""none of the other options is correct"", ""dotted-half"", ""quarter"", ""eighth""]"	0.2	0	"[""A"", ""B"", ""C"", ""D"", ""E""]"	"{""A"": ""none of the other options is correct"", ""B"": ""dotted-half"", ""C"": ""eighth"", ""D"": ""half"", ""E"": ""quarter""}"	"[""(A) none of the other options is correct"", ""(B) dotted-half"", ""(C) eighth"", ""(D) half"", ""(E) quarter""]"	(D) half	D
e88dbc8d-d32a-5202-9e4f-27c642597a5e	5	perception	rhythm	absolute	rhythm-absolute	rhythmic-recognition		note length	What is the rhythmic notation of the {target_index} {voice} note (or rest)?	"[""target_index"", ""voice""]"	get_nth_rhythm		rhythm	"{""target_index"": ""20th"", ""voice"": ""soprano""}"	What is the rhythmic notation of the 20th soprano note (or rest)?	Vulpius_DieHelleSonnLeuchtJetztHerfuer	chorale-bricks	Vulpius_DieHelleSonnLeuchtJetztHerfuer	data/chorale-bricks/Vulpius_DieHelleSonnLeuchtJetztHerfuer	quarter	"[""dotted-16th"", ""dotted-half"", ""dotted-longa"", ""half""]"	"[""half"", ""dotted-longa"", ""dotted-16th"", ""dotted-half""]"	audio	audio.mastermix.wav	data/chorale-bricks/Vulpius_DieHelleSonnLeuchtJetztHerfuer/audio.mastermix.wav	quarter	"[""quarter"", ""none of the other options is correct"", ""half"", ""dotted-longa"", ""dotted-16th""]"	0.2	0	"[""A"", ""B"", ""C"", ""D"", ""E""]"	"{""A"": ""quarter"", ""B"": ""dotted-16th"", ""C"": ""half"", ""D"": ""none of the other options is correct"", ""E"": ""dotted-longa""}"	"[""(A) quarter"", ""(B) dotted-16th"", ""(C) half"", ""(D) none of the other options is correct"", ""(E) dotted-longa""]"	(A) quarter	A
8acb3aec-9704-5ee2-8465-234d8d928cbe	5	perception	rhythm	absolute	rhythm-absolute	rhythmic-recognition		note length	What is the rhythmic notation of the {target_index} {voice} note (or rest)?	"[""target_index"", ""voice""]"	get_nth_rhythm		rhythm	"{""target_index"": ""20th"", ""voice"": ""soprano""}"	What is the rhythmic notation of the 20th soprano note (or rest)?	Vulpius_DieHelleSonnLeuchtJetztHerfuer	chorale-bricks	Vulpius_DieHelleSonnLeuchtJetztHerfuer	data/chorale-bricks/Vulpius_DieHelleSonnLeuchtJetztHerfuer	quarter	"[""dotted-16th"", ""dotted-half"", ""dotted-longa"", ""half""]"	"[""half"", ""dotted-longa"", ""dotted-16th"", ""dotted-half""]"	symbolic	symbolic.abc.txt	data/chorale-bricks/Vulpius_DieHelleSonnLeuchtJetztHerfuer/symbolic.abc.txt	quarter	"[""quarter"", ""none of the other options is correct"", ""half"", ""dotted-longa"", ""dotted-16th""]"	0.2	0	"[""A"", ""B"", ""C"", ""D"", ""E""]"	"{""A"": ""quarter"", ""B"": ""dotted-longa"", ""C"": ""half"", ""D"": ""none of the other options is correct"", ""E"": ""dotted-16th""}"	"[""(A) quarter"", ""(B) dotted-longa"", ""(C) half"", ""(D) none of the other options is correct"", ""(E) dotted-16th""]"	(A) quarter	A
87bbfdb6-1841-5cb7-b84c-0fcbdc1e577d	5	perception	rhythm	absolute	rhythm-absolute	rhythmic-recognition		note length	What is the rhythmic notation of the {target_index} {voice} note (or rest)?	"[""target_index"", ""voice""]"	get_nth_rhythm		rhythm	"{""target_index"": ""20th"", ""voice"": ""soprano""}"	What is the rhythmic notation of the 20th soprano note (or rest)?	Vulpius_DieHelleSonnLeuchtJetztHerfuer	chorale-bricks	Vulpius_DieHelleSonnLeuchtJetztHerfuer	data/chorale-bricks/Vulpius_DieHelleSonnLeuchtJetztHerfuer	quarter	"[""dotted-16th"", ""dotted-half"", ""dotted-longa"", ""half""]"	"[""half"", ""dotted-longa"", ""dotted-16th"", ""dotted-half""]"	visual	visual.short.png	data/chorale-bricks/Vulpius_DieHelleSonnLeuchtJetztHerfuer/visual.short.png	quarter	"[""quarter"", ""none of the other options is correct"", ""half"", ""dotted-longa"", ""dotted-16th""]"	0.2	0	"[""A"", ""B"", ""C"", ""D"", ""E""]"	"{""A"": ""dotted-longa"", ""B"": ""none of the other options is correct"", ""C"": ""quarter"", ""D"": ""half"", ""E"": ""dotted-16th""}"	"[""(A) dotted-longa"", ""(B) none of the other options is correct"", ""(C) quarter"", ""(D) half"", ""(E) dotted-16th""]"	(C) quarter	C
de224bd6-3145-57ca-a0c0-c5996b0b481c	5	perception	rhythm	absolute	rhythm-absolute	rhythmic-recognition		note length	What is the rhythmic notation of the {target_index} {voice} note (or rest)?	"[""target_index"", ""voice""]"	get_nth_rhythm		rhythm	"{""target_index"": ""16th"", ""voice"": ""bass""}"	What is the rhythmic notation of the 16th bass note (or rest)?	Gesius_DuFriedensfuerstHerrJesuChrist	chorale-bricks	Gesius_DuFriedensfuerstHerrJesuChrist	data/chorale-bricks/Gesius_DuFriedensfuerstHerrJesuChrist	half	"[""512th"", ""dotted-256th"", ""dotted-half"", ""quarter""]"	"[""quarter"", ""dotted-256th"", ""dotted-half"", ""512th""]"	audio	audio.mastermix.wav	data/chorale-bricks/Gesius_DuFriedensfuerstHerrJesuChrist/audio.mastermix.wav	half	"[""half"", ""none of the other options is correct"", ""quarter"", ""dotted-256th"", ""dotted-half""]"	0.2	0	"[""A"", ""B"", ""C"", ""D"", ""E""]"	"{""A"": ""none of the other options is correct"", ""B"": ""half"", ""C"": ""dotted-256th"", ""D"": ""dotted-half"", ""E"": ""quarter""}"	"[""(A) none of the other options is correct"", ""(B) half"", ""(C) dotted-256th"", ""(D) dotted-half"", ""(E) quarter""]"	(B) half	B
2152d8c9-1b05-5dce-a7e8-3122e5485803	5	perception	rhythm	absolute	rhythm-absolute	rhythmic-recognition		note length	What is the rhythmic notation of the {target_index} {voice} note (or rest)?	"[""target_index"", ""voice""]"	get_nth_rhythm		rhythm	"{""target_index"": ""16th"", ""voice"": ""bass""}"	What is the rhythmic notation of the 16th bass note (or rest)?	Gesius_DuFriedensfuerstHerrJesuChrist	chorale-bricks	Gesius_DuFriedensfuerstHerrJesuChrist	data/chorale-bricks/Gesius_DuFriedensfuerstHerrJesuChrist	half	"[""512th"", ""dotted-256th"", ""dotted-half"", ""quarter""]"	"[""quarter"", ""dotted-256th"", ""dotted-half"", ""512th""]"	symbolic	symbolic.abc.txt	data/chorale-bricks/Gesius_DuFriedensfuerstHerrJesuChrist/symbolic.abc.txt	half	"[""half"", ""none of the other options is correct"", ""quarter"", ""dotted-256th"", ""dotted-half""]"	0.2	0	"[""A"", ""B"", ""C"", ""D"", ""E""]"	"{""A"": ""none of the other options is correct"", ""B"": ""quarter"", ""C"": ""half"", ""D"": ""dotted-256th"", ""E"": ""dotted-half""}"	"[""(A) none of the other options is correct"", ""(B) quarter"", ""(C) half"", ""(D) dotted-256th"", ""(E) dotted-half""]"	(C) half	C
4f4d38c4-d318-5db1-b8b4-8cf1cc683168	5	perception	rhythm	absolute	rhythm-absolute	rhythmic-recognition		note length	What is the rhythmic notation of the {target_index} {voice} note (or rest)?	"[""target_index"", ""voice""]"	get_nth_rhythm		rhythm	"{""target_index"": ""16th"", ""voice"": ""bass""}"	What is the rhythmic notation of the 16th bass note (or rest)?	Gesius_DuFriedensfuerstHerrJesuChrist	chorale-bricks	Gesius_DuFriedensfuerstHerrJesuChrist	data/chorale-bricks/Gesius_DuFriedensfuerstHerrJesuChrist	half	"[""512th"", ""dotted-256th"", ""dotted-half"", ""quarter""]"	"[""quarter"", ""dotted-256th"", ""dotted-half"", ""512th""]"	visual	visual.short.png	data/chorale-bricks/Gesius_DuFriedensfuerstHerrJesuChrist/visual.short.png	half	"[""half"", ""none of the other options is correct"", ""quarter"", ""dotted-256th"", ""dotted-half""]"	0.2	0	"[""A"", ""B"", ""C"", ""D"", ""E""]"	"{""A"": ""half"", ""B"": ""none of the other options is correct"", ""C"": ""quarter"", ""D"": ""dotted-half"", ""E"": ""dotted-256th""}"	"[""(A) half"", ""(B) none of the other options is correct"", ""(C) quarter"", ""(D) dotted-half"", ""(E) dotted-256th""]"	(A) half	A
e910b395-9024-5524-b693-8a367a02fd1a	5	perception	rhythm	absolute	rhythm-absolute	rhythmic-recognition		note length	What is the rhythmic notation of the {target_index} {voice} note (or rest)?	"[""target_index"", ""voice""]"	get_nth_rhythm		rhythm	"{""target_index"": ""10th"", ""voice"": ""alto""}"	What is the rhythmic notation of the 10th alto note (or rest)?	Vulpius_ChristusDerIstMeinLeben	chorale-bricks	Vulpius_ChristusDerIstMeinLeben	data/chorale-bricks/Vulpius_ChristusDerIstMeinLeben	quarter	"[""dotted-half"", ""dotted-quarter"", ""eighth"", ""half""]"	"[""dotted-half"", ""half"", ""eighth"", ""dotted-quarter""]"	audio	audio.mastermix.wav	data/chorale-bricks/Vulpius_ChristusDerIstMeinLeben/audio.mastermix.wav	quarter	"[""quarter"", ""none of the other options is correct"", ""dotted-half"", ""half"", ""eighth""]"	0.2	0	"[""A"", ""B"", ""C"", ""D"", ""E""]"	"{""A"": ""quarter"", ""B"": ""half"", ""C"": ""dotted-half"", ""D"": ""none of the other options is correct"", ""E"": ""eighth""}"	"[""(A) quarter"", ""(B) half"", ""(C) dotted-half"", ""(D) none of the other options is correct"", ""(E) eighth""]"	(A) quarter	A
50fb1337-b975-5143-8ea0-ca1a5588cf4f	5	perception	rhythm	absolute	rhythm-absolute	rhythmic-recognition		note length	What is the rhythmic notation of the {target_index} {voice} note (or rest)?	"[""target_index"", ""voice""]"	get_nth_rhythm		rhythm	"{""target_index"": ""10th"", ""voice"": ""alto""}"	What is the rhythmic notation of the 10th alto note (or rest)?	Vulpius_ChristusDerIstMeinLeben	chorale-bricks	Vulpius_ChristusDerIstMeinLeben	data/chorale-bricks/Vulpius_ChristusDerIstMeinLeben	quarter	"[""dotted-half"", ""dotted-quarter"", ""eighth"", ""half""]"	"[""dotted-half"", ""half"", ""eighth"", ""dotted-quarter""]"	symbolic	symbolic.abc.txt	data/chorale-bricks/Vulpius_ChristusDerIstMeinLeben/symbolic.abc.txt	quarter	"[""quarter"", ""none of the other options is correct"", ""dotted-half"", ""half"", ""eighth""]"	0.2	0	"[""A"", ""B"", ""C"", ""D"", ""E""]"	"{""A"": ""dotted-half"", ""B"": ""none of the other options is correct"", ""C"": ""quarter"", ""D"": ""half"", ""E"": ""eighth""}"	"[""(A) dotted-half"", ""(B) none of the other options is correct"", ""(C) quarter"", ""(D) half"", ""(E) eighth""]"	(C) quarter	C
72904681-1a7d-51f1-a443-db77e013dde4	5	perception	rhythm	absolute	rhythm-absolute	rhythmic-recognition		note length	What is the rhythmic notation of the {target_index} {voice} note (or rest)?	"[""target_index"", ""voice""]"	get_nth_rhythm		rhythm	"{""target_index"": ""10th"", ""voice"": ""alto""}"	What is the rhythmic notation of the 10th alto note (or rest)?	Vulpius_ChristusDerIstMeinLeben	chorale-bricks	Vulpius_ChristusDerIstMeinLeben	data/chorale-bricks/Vulpius_ChristusDerIstMeinLeben	quarter	"[""dotted-half"", ""dotted-quarter"", ""eighth"", ""half""]"	"[""dotted-half"", ""half"", ""eighth"", ""dotted-quarter""]"	visual	visual.short.png	data/chorale-bricks/Vulpius_ChristusDerIstMeinLeben/visual.short.png	quarter	"[""quarter"", ""none of the other options is correct"", ""dotted-half"", ""half"", ""eighth""]"	0.2	0	"[""A"", ""B"", ""C"", ""D"", ""E""]"	"{""A"": ""quarter"", ""B"": ""dotted-half"", ""C"": ""half"", ""D"": ""eighth"", ""E"": ""none of the other options is correct""}"	"[""(A) quarter"", ""(B) dotted-half"", ""(C) half"", ""(D) eighth"", ""(E) none of the other options is correct""]"	(A) quarter	A
17a9161b-8fa4-531b-bc37-9abc8ad80490	5	perception	rhythm	absolute	rhythm-absolute	rhythmic-recognition		note length	What is the rhythmic notation of the {target_index} {voice} note (or rest)?	"[""target_index"", ""voice""]"	get_nth_rhythm		rhythm	"{""target_index"": ""38th"", ""voice"": ""tenor""}"	What is the rhythmic notation of the 38th tenor note (or rest)?	Gesius_DuFriedensfuerstHerrJesuChrist	chorale-bricks	Gesius_DuFriedensfuerstHerrJesuChrist	data/chorale-bricks/Gesius_DuFriedensfuerstHerrJesuChrist	quarter	"[""dotted-256th"", ""dotted-half"", ""dotted-whole"", ""half""]"	"[""dotted-half"", ""dotted-whole"", ""half"", ""dotted-256th""]"	audio	audio.mastermix.wav	data/chorale-bricks/Gesius_DuFriedensfuerstHerrJesuChrist/audio.mastermix.wav	quarter	"[""quarter"", ""none of the other options is correct"", ""dotted-half"", ""dotted-whole"", ""half""]"	0.2	0	"[""A"", ""B"", ""C"", ""D"", ""E""]"	"{""A"": ""half"", ""B"": ""dotted-whole"", ""C"": ""dotted-half"", ""D"": ""none of the other options is correct"", ""E"": ""quarter""}"	"[""(A) half"", ""(B) dotted-whole"", ""(C) dotted-half"", ""(D) none of the other options is correct"", ""(E) quarter""]"	(E) quarter	E
89179a57-686a-588c-ac1e-f25bf12f65ef	5	perception	rhythm	absolute	rhythm-absolute	rhythmic-recognition		note length	What is the rhythmic notation of the {target_index} {voice} note (or rest)?	"[""target_index"", ""voice""]"	get_nth_rhythm		rhythm	"{""target_index"": ""38th"", ""voice"": ""tenor""}"	What is the rhythmic notation of the 38th tenor note (or rest)?	Gesius_DuFriedensfuerstHerrJesuChrist	chorale-bricks	Gesius_DuFriedensfuerstHerrJesuChrist	data/chorale-bricks/Gesius_DuFriedensfuerstHerrJesuChrist	quarter	"[""dotted-256th"", ""dotted-half"", ""dotted-whole"", ""half""]"	"[""dotted-half"", ""dotted-whole"", ""half"", ""dotted-256th""]"	symbolic	symbolic.abc.txt	data/chorale-bricks/Gesius_DuFriedensfuerstHerrJesuChrist/symbolic.abc.txt	quarter	"[""quarter"", ""none of the other options is correct"", ""dotted-half"", ""dotted-whole"", ""half""]"	0.2	0	"[""A"", ""B"", ""C"", ""D"", ""E""]"	"{""A"": ""half"", ""B"": ""dotted-whole"", ""C"": ""quarter"", ""D"": ""none of the other options is correct"", ""E"": ""dotted-half""}"	"[""(A) half"", ""(B) dotted-whole"", ""(C) quarter"", ""(D) none of the other options is correct"", ""(E) dotted-half""]"	(C) quarter	C
2dd2c96b-e4a8-5884-b3e4-14303f3c3f5f	5	perception	rhythm	absolute	rhythm-absolute	rhythmic-recognition		note length	What is the rhythmic notation of the {target_index} {voice} note (or rest)?	"[""target_index"", ""voice""]"	get_nth_rhythm		rhythm	"{""target_index"": ""38th"", ""voice"": ""tenor""}"	What is the rhythmic notation of the 38th tenor note (or rest)?	Gesius_DuFriedensfuerstHerrJesuChrist	chorale-bricks	Gesius_DuFriedensfuerstHerrJesuChrist	data/chorale-bricks/Gesius_DuFriedensfuerstHerrJesuChrist	quarter	"[""dotted-256th"", ""dotted-half"", ""dotted-whole"", ""half""]"	"[""dotted-half"", ""dotted-whole"", ""half"", ""dotted-256th""]"	visual	visual.short.png	data/chorale-bricks/Gesius_DuFriedensfuerstHerrJesuChrist/visual.short.png	quarter	"[""quarter"", ""none of the other options is correct"", ""dotted-half"", ""dotted-whole"", ""half""]"	0.2	0	"[""A"", ""B"", ""C"", ""D"", ""E""]"	"{""A"": ""half"", ""B"": ""none of the other options is correct"", ""C"": ""dotted-whole"", ""D"": ""dotted-half"", ""E"": ""quarter""}"	"[""(A) half"", ""(B) none of the other options is correct"", ""(C) dotted-whole"", ""(D) dotted-half"", ""(E) quarter""]"	(E) quarter	E
efa65727-85ac-5fd4-b80e-191255e332a6	5	perception	rhythm	absolute	rhythm-absolute	rhythmic-recognition		note length	What is the rhythmic notation of the {target_index} {voice} note (or rest)?	"[""target_index"", ""voice""]"	get_nth_rhythm		rhythm	"{""target_index"": ""8th"", ""voice"": ""alto""}"	What is the rhythmic notation of the 8th alto note (or rest)?	Telemann_DerLiebenSonneLichtUndPracht	chorale-bricks	Telemann_DerLiebenSonneLichtUndPracht	data/chorale-bricks/Telemann_DerLiebenSonneLichtUndPracht	quarter	"[""32nd"", ""dotted-quarter"", ""eighth"", ""half""]"	"[""eighth"", ""half"", ""dotted-quarter"", ""32nd""]"	audio	audio.mastermix.wav	data/chorale-bricks/Telemann_DerLiebenSonneLichtUndPracht/audio.mastermix.wav	quarter	"[""quarter"", ""none of the other options is correct"", ""eighth"", ""half"", ""dotted-quarter""]"	0.2	0	"[""A"", ""B"", ""C"", ""D"", ""E""]"	"{""A"": ""quarter"", ""B"": ""eighth"", ""C"": ""dotted-quarter"", ""D"": ""none of the other options is correct"", ""E"": ""half""}"	"[""(A) quarter"", ""(B) eighth"", ""(C) dotted-quarter"", ""(D) none of the other options is correct"", ""(E) half""]"	(A) quarter	A
7a8cb1d6-ea35-5396-ab85-1626acf65961	5	perception	rhythm	absolute	rhythm-absolute	rhythmic-recognition		note length	What is the rhythmic notation of the {target_index} {voice} note (or rest)?	"[""target_index"", ""voice""]"	get_nth_rhythm		rhythm	"{""target_index"": ""8th"", ""voice"": ""alto""}"	What is the rhythmic notation of the 8th alto note (or rest)?	Telemann_DerLiebenSonneLichtUndPracht	chorale-bricks	Telemann_DerLiebenSonneLichtUndPracht	data/chorale-bricks/Telemann_DerLiebenSonneLichtUndPracht	quarter	"[""32nd"", ""dotted-quarter"", ""eighth"", ""half""]"	"[""eighth"", ""half"", ""dotted-quarter"", ""32nd""]"	symbolic	symbolic.abc.txt	data/chorale-bricks/Telemann_DerLiebenSonneLichtUndPracht/symbolic.abc.txt	quarter	"[""quarter"", ""none of the other options is correct"", ""eighth"", ""half"", ""dotted-quarter""]"	0.2	0	"[""A"", ""B"", ""C"", ""D"", ""E""]"	"{""A"": ""quarter"", ""B"": ""none of the other options is correct"", ""C"": ""half"", ""D"": ""eighth"", ""E"": ""dotted-quarter""}"	"[""(A) quarter"", ""(B) none of the other options is correct"", ""(C) half"", ""(D) eighth"", ""(E) dotted-quarter""]"	(A) quarter	A
d1f2017b-2d57-56c6-91e9-0b1a59493ecd	5	perception	rhythm	absolute	rhythm-absolute	rhythmic-recognition		note length	What is the rhythmic notation of the {target_index} {voice} note (or rest)?	"[""target_index"", ""voice""]"	get_nth_rhythm		rhythm	"{""target_index"": ""8th"", ""voice"": ""alto""}"	What is the rhythmic notation of the 8th alto note (or rest)?	Telemann_DerLiebenSonneLichtUndPracht	chorale-bricks	Telemann_DerLiebenSonneLichtUndPracht	data/chorale-bricks/Telemann_DerLiebenSonneLichtUndPracht	quarter	"[""32nd"", ""dotted-quarter"", ""eighth"", ""half""]"	"[""eighth"", ""half"", ""dotted-quarter"", ""32nd""]"	visual	visual.short.png	data/chorale-bricks/Telemann_DerLiebenSonneLichtUndPracht/visual.short.png	none of the other options is correct	"[""none of the other options is correct"", ""eighth"", ""half"", ""dotted-quarter"", ""32nd""]"	0.2	1	"[""A"", ""B"", ""C"", ""D"", ""E""]"	"{""A"": ""32nd"", ""B"": ""eighth"", ""C"": ""half"", ""D"": ""dotted-quarter"", ""E"": ""none of the other options is correct""}"	"[""(A) 32nd"", ""(B) eighth"", ""(C) half"", ""(D) dotted-quarter"", ""(E) none of the other options is correct""]"	(E) none of the other options is correct	E
af1e09ed-7888-5fbb-9e03-5fdaa32b8055	6	perception	rhythm	absolute	rhythm-absolute	rhythmic-recognition		note length statistics	What is the total count of {rhythm}-note units in the {voice} line?	"[""rhythm"", ""voice""]"	get_rhythm_count		rhythm	"{""rhythm"": ""dotted-32nd"", ""voice"": ""alto""}"	What is the total count of dotted-32nd-note units in the alto line?	Vulpius_ChristusDerIstMeinLeben	chorale-bricks	Vulpius_ChristusDerIstMeinLeben	data/chorale-bricks/Vulpius_ChristusDerIstMeinLeben	0	"[""1"", ""2"", ""3"", ""4"", ""5"", ""21"", ""22"", ""23""]"	"[""1"", ""23"", ""22"", ""5"", ""2"", ""21"", ""4"", ""3""]"	audio	audio.mastermix.wav	data/chorale-bricks/Vulpius_ChristusDerIstMeinLeben/audio.mastermix.wav	0	"[""0"", ""none of the other options is correct"", ""1"", ""23"", ""22""]"	0.2	0	"[""A"", ""B"", ""C"", ""D"", ""E""]"	"{""A"": ""23"", ""B"": ""none of the other options is correct"", ""C"": ""22"", ""D"": ""1"", ""E"": ""0""}"	"[""(A) 23"", ""(B) none of the other options is correct"", ""(C) 22"", ""(D) 1"", ""(E) 0""]"	(E) 0	E
e2f3f5ac-678f-548f-b1df-72341f0558d0	6	perception	rhythm	absolute	rhythm-absolute	rhythmic-recognition		note length statistics	What is the total count of {rhythm}-note units in the {voice} line?	"[""rhythm"", ""voice""]"	get_rhythm_count		rhythm	"{""rhythm"": ""dotted-32nd"", ""voice"": ""alto""}"	What is the total count of dotted-32nd-note units in the alto line?	Vulpius_ChristusDerIstMeinLeben	chorale-bricks	Vulpius_ChristusDerIstMeinLeben	data/chorale-bricks/Vulpius_ChristusDerIstMeinLeben	0	"[""1"", ""2"", ""3"", ""4"", ""5"", ""21"", ""22"", ""23""]"	"[""1"", ""23"", ""22"", ""5"", ""2"", ""21"", ""4"", ""3""]"	symbolic	symbolic.abc.txt	data/chorale-bricks/Vulpius_ChristusDerIstMeinLeben/symbolic.abc.txt	0	"[""0"", ""none of the other options is correct"", ""1"", ""23"", ""22""]"	0.2	0	"[""A"", ""B"", ""C"", ""D"", ""E""]"	"{""A"": ""none of the other options is correct"", ""B"": ""0"", ""C"": ""23"", ""D"": ""1"", ""E"": ""22""}"	"[""(A) none of the other options is correct"", ""(B) 0"", ""(C) 23"", ""(D) 1"", ""(E) 22""]"	(B) 0	B
5170e20b-a09b-505e-9b70-dbe9c90593f7	6	perception	rhythm	absolute	rhythm-absolute	rhythmic-recognition		note length statistics	What is the total count of {rhythm}-note units in the {voice} line?	"[""rhythm"", ""voice""]"	get_rhythm_count		rhythm	"{""rhythm"": ""dotted-32nd"", ""voice"": ""alto""}"	What is the total count of dotted-32nd-note units in the alto line?	Vulpius_ChristusDerIstMeinLeben	chorale-bricks	Vulpius_ChristusDerIstMeinLeben	data/chorale-bricks/Vulpius_ChristusDerIstMeinLeben	0	"[""1"", ""2"", ""3"", ""4"", ""5"", ""21"", ""22"", ""23""]"	"[""1"", ""23"", ""22"", ""5"", ""2"", ""21"", ""4"", ""3""]"	visual	visual.short.png	data/chorale-bricks/Vulpius_ChristusDerIstMeinLeben/visual.short.png	0	"[""0"", ""none of the other options is correct"", ""1"", ""23"", ""22""]"	0.2	0	"[""A"", ""B"", ""C"", ""D"", ""E""]"	"{""A"": ""23"", ""B"": ""0"", ""C"": ""1"", ""D"": ""none of the other options is correct"", ""E"": ""22""}"	"[""(A) 23"", ""(B) 0"", ""(C) 1"", ""(D) none of the other options is correct"", ""(E) 22""]"	(B) 0	B
1469e537-0ffa-5bdc-90b6-ef7dbe4ea844	6	perception	rhythm	absolute	rhythm-absolute	rhythmic-recognition		note length statistics	What is the total count of {rhythm}-note units in the {voice} line?	"[""rhythm"", ""voice""]"	get_rhythm_count		rhythm	"{""rhythm"": ""128th"", ""voice"": ""tenor""}"	What is the total count of 128th-note units in the tenor line?	Telemann_DerLiebenSonneLichtUndPracht	chorale-bricks	Telemann_DerLiebenSonneLichtUndPracht	data/chorale-bricks/Telemann_DerLiebenSonneLichtUndPracht	0	"[""1"", ""2"", ""3"", ""4"", ""57"", ""58"", ""60""]"	"[""60"", ""57"", ""4"", ""1"", ""58"", ""2"", ""3""]"	audio	audio.mastermix.wav	data/chorale-bricks/Telemann_DerLiebenSonneLichtUndPracht/audio.mastermix.wav	0	"[""0"", ""none of the other options is correct"", ""60"", ""57"", ""4""]"	0.2	0	"[""A"", ""B"", ""C"", ""D"", ""E""]"	"{""A"": ""4"", ""B"": ""0"", ""C"": ""none of the other options is correct"", ""D"": ""60"", ""E"": ""57""}"	"[""(A) 4"", ""(B) 0"", ""(C) none of the other options is correct"", ""(D) 60"", ""(E) 57""]"	(B) 0	B
990f60c2-7b85-5aa4-a5dc-1c87b4b62d4f	6	perception	rhythm	absolute	rhythm-absolute	rhythmic-recognition		note length statistics	What is the total count of {rhythm}-note units in the {voice} line?	"[""rhythm"", ""voice""]"	get_rhythm_count		rhythm	"{""rhythm"": ""128th"", ""voice"": ""tenor""}"	What is the total count of 128th-note units in the tenor line?	Telemann_DerLiebenSonneLichtUndPracht	chorale-bricks	Telemann_DerLiebenSonneLichtUndPracht	data/chorale-bricks/Telemann_DerLiebenSonneLichtUndPracht	0	"[""1"", ""2"", ""3"", ""4"", ""57"", ""58"", ""60""]"	"[""60"", ""57"", ""4"", ""1"", ""58"", ""2"", ""3""]"	symbolic	symbolic.abc.txt	data/chorale-bricks/Telemann_DerLiebenSonneLichtUndPracht/symbolic.abc.txt	0	"[""0"", ""none of the other options is correct"", ""60"", ""57"", ""4""]"	0.2	0	"[""A"", ""B"", ""C"", ""D"", ""E""]"	"{""A"": ""60"", ""B"": ""0"", ""C"": ""57"", ""D"": ""none of the other options is correct"", ""E"": ""4""}"	"[""(A) 60"", ""(B) 0"", ""(C) 57"", ""(D) none of the other options is correct"", ""(E) 4""]"	(B) 0	B
36b64ab4-f5cd-58b2-abe6-4890065e3688	6	perception	rhythm	absolute	rhythm-absolute	rhythmic-recognition		note length statistics	What is the total count of {rhythm}-note units in the {voice} line?	"[""rhythm"", ""voice""]"	get_rhythm_count		rhythm	"{""rhythm"": ""128th"", ""voice"": ""tenor""}"	What is the total count of 128th-note units in the tenor line?	Telemann_DerLiebenSonneLichtUndPracht	chorale-bricks	Telemann_DerLiebenSonneLichtUndPracht	data/chorale-bricks/Telemann_DerLiebenSonneLichtUndPracht	0	"[""1"", ""2"", ""3"", ""4"", ""57"", ""58"", ""60""]"	"[""60"", ""57"", ""4"", ""1"", ""58"", ""2"", ""3""]"	visual	visual.short.png	data/chorale-bricks/Telemann_DerLiebenSonneLichtUndPracht/visual.short.png	0	"[""0"", ""none of the other options is correct"", ""60"", ""57"", ""4""]"	0.2	0	"[""A"", ""B"", ""C"", ""D"", ""E""]"	"{""A"": ""0"", ""B"": ""60"", ""C"": ""none of the other options is correct"", ""D"": ""4"", ""E"": ""57""}"	"[""(A) 0"", ""(B) 60"", ""(C) none of the other options is correct"", ""(D) 4"", ""(E) 57""]"	(A) 0	A
9ea9d440-5e06-51b4-ae7a-35cb6bd6c543	6	perception	rhythm	absolute	rhythm-absolute	rhythmic-recognition		note length statistics	What is the total count of {rhythm}-note units in the {voice} line?	"[""rhythm"", ""voice""]"	get_rhythm_count		rhythm	"{""rhythm"": ""dotted-32nd"", ""voice"": ""bass""}"	What is the total count of dotted-32nd-note units in the bass line?	Vulpius_ChristusDerIstMeinLeben	chorale-bricks	Vulpius_ChristusDerIstMeinLeben	data/chorale-bricks/Vulpius_ChristusDerIstMeinLeben	0	"[""1"", ""2"", ""3"", ""4"", ""5"", ""21"", ""22"", ""23""]"	"[""5"", ""21"", ""4"", ""23"", ""2"", ""3"", ""22"", ""1""]"	audio	audio.mastermix.wav	data/chorale-bricks/Vulpius_ChristusDerIstMeinLeben/audio.mastermix.wav	0	"[""0"", ""none of the other options is correct"", ""5"", ""21"", ""4""]"	0.2	0	"[""A"", ""B"", ""C"", ""D"", ""E""]"	"{""A"": ""4"", ""B"": ""0"", ""C"": ""5"", ""D"": ""none of the other options is correct"", ""E"": ""21""}"	"[""(A) 4"", ""(B) 0"", ""(C) 5"", ""(D) none of the other options is correct"", ""(E) 21""]"	(B) 0	B
ad159148-0650-59ac-a21e-2ac9c9a0d947	6	perception	rhythm	absolute	rhythm-absolute	rhythmic-recognition		note length statistics	What is the total count of {rhythm}-note units in the {voice} line?	"[""rhythm"", ""voice""]"	get_rhythm_count		rhythm	"{""rhythm"": ""dotted-32nd"", ""voice"": ""bass""}"	What is the total count of dotted-32nd-note units in the bass line?	Vulpius_ChristusDerIstMeinLeben	chorale-bricks	Vulpius_ChristusDerIstMeinLeben	data/chorale-bricks/Vulpius_ChristusDerIstMeinLeben	0	"[""1"", ""2"", ""3"", ""4"", ""5"", ""21"", ""22"", ""23""]"	"[""5"", ""21"", ""4"", ""23"", ""2"", ""3"", ""22"", ""1""]"	symbolic	symbolic.abc.txt	data/chorale-bricks/Vulpius_ChristusDerIstMeinLeben/symbolic.abc.txt	none of the other options is correct	"[""none of the other options is correct"", ""5"", ""21"", ""4"", ""23""]"	0.2	1	"[""A"", ""B"", ""C"", ""D"", ""E""]"	"{""A"": ""21"", ""B"": ""none of the other options is correct"", ""C"": ""4"", ""D"": ""5"", ""E"": ""23""}"	"[""(A) 21"", ""(B) none of the other options is correct"", ""(C) 4"", ""(D) 5"", ""(E) 23""]"	(B) none of the other options is correct	B
4e6386d4-05a1-5b7b-a6b9-f02390d8797a	6	perception	rhythm	absolute	rhythm-absolute	rhythmic-recognition		note length statistics	What is the total count of {rhythm}-note units in the {voice} line?	"[""rhythm"", ""voice""]"	get_rhythm_count		rhythm	"{""rhythm"": ""dotted-32nd"", ""voice"": ""bass""}"	What is the total count of dotted-32nd-note units in the bass line?	Vulpius_ChristusDerIstMeinLeben	chorale-bricks	Vulpius_ChristusDerIstMeinLeben	data/chorale-bricks/Vulpius_ChristusDerIstMeinLeben	0	"[""1"", ""2"", ""3"", ""4"", ""5"", ""21"", ""22"", ""23""]"	"[""5"", ""21"", ""4"", ""23"", ""2"", ""3"", ""22"", ""1""]"	visual	visual.short.png	data/chorale-bricks/Vulpius_ChristusDerIstMeinLeben/visual.short.png	0	"[""0"", ""none of the other options is correct"", ""5"", ""21"", ""4""]"	0.2	0	"[""A"", ""B"", ""C"", ""D"", ""E""]"	"{""A"": ""4"", ""B"": ""0"", ""C"": ""none of the other options is correct"", ""D"": ""21"", ""E"": ""5""}"	"[""(A) 4"", ""(B) 0"", ""(C) none of the other options is correct"", ""(D) 21"", ""(E) 5""]"	(B) 0	B
a27c0c7b-8ad1-598e-8974-0c27ec80979c	6	perception	rhythm	absolute	rhythm-absolute	rhythmic-recognition		note length statistics	What is the total count of {rhythm}-note units in the {voice} line?	"[""rhythm"", ""voice""]"	get_rhythm_count		rhythm	"{""rhythm"": ""dotted-1024th"", ""voice"": ""soprano""}"	What is the total count of dotted-1024th-note units in the soprano line?	Gesius_DuFriedensfuerstHerrJesuChrist	chorale-bricks	Gesius_DuFriedensfuerstHerrJesuChrist	data/chorale-bricks/Gesius_DuFriedensfuerstHerrJesuChrist	0	"[""1"", ""8"", ""9"", ""37"", ""39""]"	"[""37"", ""1"", ""39"", ""9"", ""8""]"	audio	audio.mastermix.wav	data/chorale-bricks/Gesius_DuFriedensfuerstHerrJesuChrist/audio.mastermix.wav	0	"[""0"", ""none of the other options is correct"", ""37"", ""1"", ""39""]"	0.2	0	"[""A"", ""B"", ""C"", ""D"", ""E""]"	"{""A"": ""39"", ""B"": ""0"", ""C"": ""1"", ""D"": ""37"", ""E"": ""none of the other options is correct""}"	"[""(A) 39"", ""(B) 0"", ""(C) 1"", ""(D) 37"", ""(E) none of the other options is correct""]"	(B) 0	B
25e09787-9d1f-55d2-ae21-32c593423981	6	perception	rhythm	absolute	rhythm-absolute	rhythmic-recognition		note length statistics	What is the total count of {rhythm}-note units in the {voice} line?	"[""rhythm"", ""voice""]"	get_rhythm_count		rhythm	"{""rhythm"": ""dotted-1024th"", ""voice"": ""soprano""}"	What is the total count of dotted-1024th-note units in the soprano line?	Gesius_DuFriedensfuerstHerrJesuChrist	chorale-bricks	Gesius_DuFriedensfuerstHerrJesuChrist	data/chorale-bricks/Gesius_DuFriedensfuerstHerrJesuChrist	0	"[""1"", ""8"", ""9"", ""37"", ""39""]"	"[""37"", ""1"", ""39"", ""9"", ""8""]"	symbolic	symbolic.abc.txt	data/chorale-bricks/Gesius_DuFriedensfuerstHerrJesuChrist/symbolic.abc.txt	0	"[""0"", ""none of the other options is correct"", ""37"", ""1"", ""39""]"	0.2	0	"[""A"", ""B"", ""C"", ""D"", ""E""]"	"{""A"": ""1"", ""B"": ""39"", ""C"": ""none of the other options is correct"", ""D"": ""37"", ""E"": ""0""}"	"[""(A) 1"", ""(B) 39"", ""(C) none of the other options is correct"", ""(D) 37"", ""(E) 0""]"	(E) 0	E
c1f9a0ed-40e8-5a2f-a377-5d183b6f5d2f	6	perception	rhythm	absolute	rhythm-absolute	rhythmic-recognition		note length statistics	What is the total count of {rhythm}-note units in the {voice} line?	"[""rhythm"", ""voice""]"	get_rhythm_count		rhythm	"{""rhythm"": ""dotted-1024th"", ""voice"": ""soprano""}"	What is the total count of dotted-1024th-note units in the soprano line?	Gesius_DuFriedensfuerstHerrJesuChrist	chorale-bricks	Gesius_DuFriedensfuerstHerrJesuChrist	data/chorale-bricks/Gesius_DuFriedensfuerstHerrJesuChrist	0	"[""1"", ""8"", ""9"", ""37"", ""39""]"	"[""37"", ""1"", ""39"", ""9"", ""8""]"	visual	visual.short.png	data/chorale-bricks/Gesius_DuFriedensfuerstHerrJesuChrist/visual.short.png	0	"[""0"", ""none of the other options is correct"", ""37"", ""1"", ""39""]"	0.2	0	"[""A"", ""B"", ""C"", ""D"", ""E""]"	"{""A"": ""0"", ""B"": ""39"", ""C"": ""1"", ""D"": ""none of the other options is correct"", ""E"": ""37""}"	"[""(A) 0"", ""(B) 39"", ""(C) 1"", ""(D) none of the other options is correct"", ""(E) 37""]"	(A) 0	A
7ca497db-fb16-5c2a-bfcd-80b0fe600c79	6	perception	rhythm	absolute	rhythm-absolute	rhythmic-recognition		note length statistics	What is the total count of {rhythm}-note units in the {voice} line?	"[""rhythm"", ""voice""]"	get_rhythm_count		rhythm	"{""rhythm"": ""maxima"", ""voice"": ""soprano""}"	What is the total count of maxima-note units in the soprano line?	Anonymous_AusMeinesHerzensGrunde	chorale-bricks	Anonymous_AusMeinesHerzensGrunde	data/chorale-bricks/Anonymous_AusMeinesHerzensGrunde	0	"[""1"", ""3"", ""4"", ""5"", ""20"", ""23"", ""33"", ""34"", ""36""]"	"[""20"", ""3"", ""36"", ""23"", ""33"", ""34"", ""5"", ""1"", ""4""]"	audio	audio.mastermix.wav	data/chorale-bricks/Anonymous_AusMeinesHerzensGrunde/audio.mastermix.wav	none of the other options is correct	"[""none of the other options is correct"", ""20"", ""3"", ""36"", ""23""]"	0.2	1	"[""A"", ""B"", ""C"", ""D"", ""E""]"	"{""A"": ""none of the other options is correct"", ""B"": ""3"", ""C"": ""20"", ""D"": ""36"", ""E"": ""23""}"	"[""(A) none of the other options is correct"", ""(B) 3"", ""(C) 20"", ""(D) 36"", ""(E) 23""]"	(A) none of the other options is correct	A
40c12e1a-8207-580a-99f2-c0ef5ec6ff88	6	perception	rhythm	absolute	rhythm-absolute	rhythmic-recognition		note length statistics	What is the total count of {rhythm}-note units in the {voice} line?	"[""rhythm"", ""voice""]"	get_rhythm_count		rhythm	"{""rhythm"": ""maxima"", ""voice"": ""soprano""}"	What is the total count of maxima-note units in the soprano line?	Anonymous_AusMeinesHerzensGrunde	chorale-bricks	Anonymous_AusMeinesHerzensGrunde	data/chorale-bricks/Anonymous_AusMeinesHerzensGrunde	0	"[""1"", ""3"", ""4"", ""5"", ""20"", ""23"", ""33"", ""34"", ""36""]"	"[""20"", ""3"", ""36"", ""23"", ""33"", ""34"", ""5"", ""1"", ""4""]"	symbolic	symbolic.abc.txt	data/chorale-bricks/Anonymous_AusMeinesHerzensGrunde/symbolic.abc.txt	0	"[""0"", ""none of the other options is correct"", ""20"", ""3"", ""36""]"	0.2	0	"[""A"", ""B"", ""C"", ""D"", ""E""]"	"{""A"": ""none of the other options is correct"", ""B"": ""3"", ""C"": ""0"", ""D"": ""36"", ""E"": ""20""}"	"[""(A) none of the other options is correct"", ""(B) 3"", ""(C) 0"", ""(D) 36"", ""(E) 20""]"	(C) 0	C
1a1a6784-7d78-5171-9acf-2554e967a75e	6	perception	rhythm	absolute	rhythm-absolute	rhythmic-recognition		note length statistics	What is the total count of {rhythm}-note units in the {voice} line?	"[""rhythm"", ""voice""]"	get_rhythm_count		rhythm	"{""rhythm"": ""maxima"", ""voice"": ""soprano""}"	What is the total count of maxima-note units in the soprano line?	Anonymous_AusMeinesHerzensGrunde	chorale-bricks	Anonymous_AusMeinesHerzensGrunde	data/chorale-bricks/Anonymous_AusMeinesHerzensGrunde	0	"[""1"", ""3"", ""4"", ""5"", ""20"", ""23"", ""33"", ""34"", ""36""]"	"[""20"", ""3"", ""36"", ""23"", ""33"", ""34"", ""5"", ""1"", ""4""]"	visual	visual.short.png	data/chorale-bricks/Anonymous_AusMeinesHerzensGrunde/visual.short.png	0	"[""0"", ""none of the other options is correct"", ""20"", ""3"", ""36""]"	0.2	0	"[""A"", ""B"", ""C"", ""D"", ""E""]"	"{""A"": ""20"", ""B"": ""3"", ""C"": ""0"", ""D"": ""36"", ""E"": ""none of the other options is correct""}"	"[""(A) 20"", ""(B) 3"", ""(C) 0"", ""(D) 36"", ""(E) none of the other options is correct""]"	(C) 0	C
ddb741ae-0be4-5c1f-b538-cb6991c6c44a	6	perception	rhythm	absolute	rhythm-absolute	rhythmic-recognition		note length statistics	What is the total count of {rhythm}-note units in the {voice} line?	"[""rhythm"", ""voice""]"	get_rhythm_count		rhythm	"{""rhythm"": ""half"", ""voice"": ""soprano""}"	What is the total count of half-note units in the soprano line?	Jan_DuGrosserSchmerzensmann	chorale-bricks	Jan_DuGrosserSchmerzensmann	data/chorale-bricks/Jan_DuGrosserSchmerzensmann	15	"[""1"", ""2"", ""14"", ""40"", ""42"", ""44""]"	"[""42"", ""2"", ""40"", ""1"", ""44"", ""14""]"	audio	audio.mastermix.wav	data/chorale-bricks/Jan_DuGrosserSchmerzensmann/audio.mastermix.wav	15	"[""15"", ""none of the other options is correct"", ""42"", ""2"", ""40""]"	0.2	0	"[""A"", ""B"", ""C"", ""D"", ""E""]"	"{""A"": ""42"", ""B"": ""2"", ""C"": ""15"", ""D"": ""none of the other options is correct"", ""E"": ""40""}"	"[""(A) 42"", ""(B) 2"", ""(C) 15"", ""(D) none of the other options is correct"", ""(E) 40""]"	(C) 15	C
f4dc0b47-1a1e-592c-bff1-e470320fdc82	6	perception	rhythm	absolute	rhythm-absolute	rhythmic-recognition		note length statistics	What is the total count of {rhythm}-note units in the {voice} line?	"[""rhythm"", ""voice""]"	get_rhythm_count		rhythm	"{""rhythm"": ""half"", ""voice"": ""soprano""}"	What is the total count of half-note units in the soprano line?	Jan_DuGrosserSchmerzensmann	chorale-bricks	Jan_DuGrosserSchmerzensmann	data/chorale-bricks/Jan_DuGrosserSchmerzensmann	15	"[""1"", ""2"", ""14"", ""40"", ""42"", ""44""]"	"[""42"", ""2"", ""40"", ""1"", ""44"", ""14""]"	symbolic	symbolic.abc.txt	data/chorale-bricks/Jan_DuGrosserSchmerzensmann/symbolic.abc.txt	15	"[""15"", ""none of the other options is correct"", ""42"", ""2"", ""40""]"	0.2	0	"[""A"", ""B"", ""C"", ""D"", ""E""]"	"{""A"": ""2"", ""B"": ""40"", ""C"": ""none of the other options is correct"", ""D"": ""15"", ""E"": ""42""}"	"[""(A) 2"", ""(B) 40"", ""(C) none of the other options is correct"", ""(D) 15"", ""(E) 42""]"	(D) 15	D
2efd295a-9b04-50c9-a14f-2ff8509df4c8	6	perception	rhythm	absolute	rhythm-absolute	rhythmic-recognition		note length statistics	What is the total count of {rhythm}-note units in the {voice} line?	"[""rhythm"", ""voice""]"	get_rhythm_count		rhythm	"{""rhythm"": ""half"", ""voice"": ""soprano""}"	What is the total count of half-note units in the soprano line?	Jan_DuGrosserSchmerzensmann	chorale-bricks	Jan_DuGrosserSchmerzensmann	data/chorale-bricks/Jan_DuGrosserSchmerzensmann	15	"[""1"", ""2"", ""14"", ""40"", ""42"", ""44""]"	"[""42"", ""2"", ""40"", ""1"", ""44"", ""14""]"	visual	visual.short.png	data/chorale-bricks/Jan_DuGrosserSchmerzensmann/visual.short.png	15	"[""15"", ""none of the other options is correct"", ""42"", ""2"", ""40""]"	0.2	0	"[""A"", ""B"", ""C"", ""D"", ""E""]"	"{""A"": ""42"", ""B"": ""40"", ""C"": ""none of the other options is correct"", ""D"": ""2"", ""E"": ""15""}"	"[""(A) 42"", ""(B) 40"", ""(C) none of the other options is correct"", ""(D) 2"", ""(E) 15""]"	(E) 15	E
b93d509c-d32d-5c21-ba37-8405c9a6906d	6	perception	rhythm	absolute	rhythm-absolute	rhythmic-recognition		note length statistics	What is the total count of {rhythm}-note units in the {voice} line?	"[""rhythm"", ""voice""]"	get_rhythm_count		rhythm	"{""rhythm"": ""dotted-half"", ""voice"": ""bass""}"	What is the total count of dotted-half-note units in the bass line?	Anonymous_AusMeinesHerzensGrunde	chorale-bricks	Anonymous_AusMeinesHerzensGrunde	data/chorale-bricks/Anonymous_AusMeinesHerzensGrunde	5	"[""1"", ""3"", ""4"", ""20"", ""23"", ""33"", ""34"", ""36""]"	"[""23"", ""4"", ""3"", ""34"", ""33"", ""1"", ""20"", ""36""]"	audio	audio.mastermix.wav	data/chorale-bricks/Anonymous_AusMeinesHerzensGrunde/audio.mastermix.wav	5	"[""5"", ""none of the other options is correct"", ""23"", ""4"", ""3""]"	0.2	0	"[""A"", ""B"", ""C"", ""D"", ""E""]"	"{""A"": ""4"", ""B"": ""5"", ""C"": ""23"", ""D"": ""3"", ""E"": ""none of the other options is correct""}"	"[""(A) 4"", ""(B) 5"", ""(C) 23"", ""(D) 3"", ""(E) none of the other options is correct""]"	(B) 5	B
f963795f-1857-5371-a4c2-928df7f81746	6	perception	rhythm	absolute	rhythm-absolute	rhythmic-recognition		note length statistics	What is the total count of {rhythm}-note units in the {voice} line?	"[""rhythm"", ""voice""]"	get_rhythm_count		rhythm	"{""rhythm"": ""dotted-half"", ""voice"": ""bass""}"	What is the total count of dotted-half-note units in the bass line?	Anonymous_AusMeinesHerzensGrunde	chorale-bricks	Anonymous_AusMeinesHerzensGrunde	data/chorale-bricks/Anonymous_AusMeinesHerzensGrunde	5	"[""1"", ""3"", ""4"", ""20"", ""23"", ""33"", ""34"", ""36""]"	"[""23"", ""4"", ""3"", ""34"", ""33"", ""1"", ""20"", ""36""]"	symbolic	symbolic.abc.txt	data/chorale-bricks/Anonymous_AusMeinesHerzensGrunde/symbolic.abc.txt	5	"[""5"", ""none of the other options is correct"", ""23"", ""4"", ""3""]"	0.2	0	"[""A"", ""B"", ""C"", ""D"", ""E""]"	"{""A"": ""5"", ""B"": ""23"", ""C"": ""none of the other options is correct"", ""D"": ""4"", ""E"": ""3""}"	"[""(A) 5"", ""(B) 23"", ""(C) none of the other options is correct"", ""(D) 4"", ""(E) 3""]"	(A) 5	A
d247ba8d-bb90-5116-a1ca-ceb4b85f7e69	6	perception	rhythm	absolute	rhythm-absolute	rhythmic-recognition		note length statistics	What is the total count of {rhythm}-note units in the {voice} line?	"[""rhythm"", ""voice""]"	get_rhythm_count		rhythm	"{""rhythm"": ""dotted-half"", ""voice"": ""bass""}"	What is the total count of dotted-half-note units in the bass line?	Anonymous_AusMeinesHerzensGrunde	chorale-bricks	Anonymous_AusMeinesHerzensGrunde	data/chorale-bricks/Anonymous_AusMeinesHerzensGrunde	5	"[""1"", ""3"", ""4"", ""20"", ""23"", ""33"", ""34"", ""36""]"	"[""23"", ""4"", ""3"", ""34"", ""33"", ""1"", ""20"", ""36""]"	visual	visual.short.png	data/chorale-bricks/Anonymous_AusMeinesHerzensGrunde/visual.short.png	5	"[""5"", ""none of the other options is correct"", ""23"", ""4"", ""3""]"	0.2	0	"[""A"", ""B"", ""C"", ""D"", ""E""]"	"{""A"": ""23"", ""B"": ""3"", ""C"": ""4"", ""D"": ""5"", ""E"": ""none of the other options is correct""}"	"[""(A) 23"", ""(B) 3"", ""(C) 4"", ""(D) 5"", ""(E) none of the other options is correct""]"	(D) 5	D
692a1292-8168-503e-9dbc-2a51379ce7b4	6	perception	rhythm	absolute	rhythm-absolute	rhythmic-recognition		note length statistics	What is the total count of {rhythm}-note units in the {voice} line?	"[""rhythm"", ""voice""]"	get_rhythm_count		rhythm	"{""rhythm"": ""quarter"", ""voice"": ""bass""}"	What is the total count of quarter-note units in the bass line?	Vulpius_DieHelleSonnLeuchtJetztHerfuer	chorale-bricks	Vulpius_DieHelleSonnLeuchtJetztHerfuer	data/chorale-bricks/Vulpius_DieHelleSonnLeuchtJetztHerfuer	27	"[""1"", ""11"", ""12"", ""25""]"	"[""12"", ""11"", ""25"", ""1""]"	audio	audio.mastermix.wav	data/chorale-bricks/Vulpius_DieHelleSonnLeuchtJetztHerfuer/audio.mastermix.wav	none of the other options is correct	"[""none of the other options is correct"", ""12"", ""11"", ""25"", ""1""]"	0.2	1	"[""A"", ""B"", ""C"", ""D"", ""E""]"	"{""A"": ""11"", ""B"": ""25"", ""C"": ""1"", ""D"": ""none of the other options is correct"", ""E"": ""12""}"	"[""(A) 11"", ""(B) 25"", ""(C) 1"", ""(D) none of the other options is correct"", ""(E) 12""]"	(D) none of the other options is correct	D
21262c06-66cb-58cf-8368-c76d92bd868c	6	perception	rhythm	absolute	rhythm-absolute	rhythmic-recognition		note length statistics	What is the total count of {rhythm}-note units in the {voice} line?	"[""rhythm"", ""voice""]"	get_rhythm_count		rhythm	"{""rhythm"": ""quarter"", ""voice"": ""bass""}"	What is the total count of quarter-note units in the bass line?	Vulpius_DieHelleSonnLeuchtJetztHerfuer	chorale-bricks	Vulpius_DieHelleSonnLeuchtJetztHerfuer	data/chorale-bricks/Vulpius_DieHelleSonnLeuchtJetztHerfuer	27	"[""1"", ""11"", ""12"", ""25""]"	"[""12"", ""11"", ""25"", ""1""]"	symbolic	symbolic.abc.txt	data/chorale-bricks/Vulpius_DieHelleSonnLeuchtJetztHerfuer/symbolic.abc.txt	27	"[""27"", ""none of the other options is correct"", ""12"", ""11"", ""25""]"	0.2	0	"[""A"", ""B"", ""C"", ""D"", ""E""]"	"{""A"": ""25"", ""B"": ""12"", ""C"": ""27"", ""D"": ""none of the other options is correct"", ""E"": ""11""}"	"[""(A) 25"", ""(B) 12"", ""(C) 27"", ""(D) none of the other options is correct"", ""(E) 11""]"	(C) 27	C
6a25af68-9e79-58fe-b98a-374ddd574a0c	6	perception	rhythm	absolute	rhythm-absolute	rhythmic-recognition		note length statistics	What is the total count of {rhythm}-note units in the {voice} line?	"[""rhythm"", ""voice""]"	get_rhythm_count		rhythm	"{""rhythm"": ""quarter"", ""voice"": ""bass""}"	What is the total count of quarter-note units in the bass line?	Vulpius_DieHelleSonnLeuchtJetztHerfuer	chorale-bricks	Vulpius_DieHelleSonnLeuchtJetztHerfuer	data/chorale-bricks/Vulpius_DieHelleSonnLeuchtJetztHerfuer	27	"[""1"", ""11"", ""12"", ""25""]"	"[""12"", ""11"", ""25"", ""1""]"	visual	visual.short.png	data/chorale-bricks/Vulpius_DieHelleSonnLeuchtJetztHerfuer/visual.short.png	27	"[""27"", ""none of the other options is correct"", ""12"", ""11"", ""25""]"	0.2	0	"[""A"", ""B"", ""C"", ""D"", ""E""]"	"{""A"": ""25"", ""B"": ""12"", ""C"": ""none of the other options is correct"", ""D"": ""27"", ""E"": ""11""}"	"[""(A) 25"", ""(B) 12"", ""(C) none of the other options is correct"", ""(D) 27"", ""(E) 11""]"	(D) 27	D
7d06d57a-7284-5a45-b094-a9ff0b6e52db	6	perception	rhythm	absolute	rhythm-absolute	rhythmic-recognition		note length statistics	What is the total count of {rhythm}-note units in the {voice} line?	"[""rhythm"", ""voice""]"	get_rhythm_count		rhythm	"{""rhythm"": ""eighth"", ""voice"": ""bass""}"	What is the total count of eighth-note units in the bass line?	Jan_DuGrosserSchmerzensmann	chorale-bricks	Jan_DuGrosserSchmerzensmann	data/chorale-bricks/Jan_DuGrosserSchmerzensmann	0	"[""1"", ""2"", ""14"", ""15"", ""40"", ""42"", ""44""]"	"[""14"", ""15"", ""42"", ""44"", ""40"", ""1"", ""2""]"	audio	audio.mastermix.wav	data/chorale-bricks/Jan_DuGrosserSchmerzensmann/audio.mastermix.wav	0	"[""0"", ""none of the other options is correct"", ""14"", ""15"", ""42""]"	0.2	0	"[""A"", ""B"", ""C"", ""D"", ""E""]"	"{""A"": ""42"", ""B"": ""15"", ""C"": ""0"", ""D"": ""14"", ""E"": ""none of the other options is correct""}"	"[""(A) 42"", ""(B) 15"", ""(C) 0"", ""(D) 14"", ""(E) none of the other options is correct""]"	(C) 0	C
a4343515-6575-5956-934a-5343d3d25940	6	perception	rhythm	absolute	rhythm-absolute	rhythmic-recognition		note length statistics	What is the total count of {rhythm}-note units in the {voice} line?	"[""rhythm"", ""voice""]"	get_rhythm_count		rhythm	"{""rhythm"": ""eighth"", ""voice"": ""bass""}"	What is the total count of eighth-note units in the bass line?	Jan_DuGrosserSchmerzensmann	chorale-bricks	Jan_DuGrosserSchmerzensmann	data/chorale-bricks/Jan_DuGrosserSchmerzensmann	0	"[""1"", ""2"", ""14"", ""15"", ""40"", ""42"", ""44""]"	"[""14"", ""15"", ""42"", ""44"", ""40"", ""1"", ""2""]"	symbolic	symbolic.abc.txt	data/chorale-bricks/Jan_DuGrosserSchmerzensmann/symbolic.abc.txt	0	"[""0"", ""none of the other options is correct"", ""14"", ""15"", ""42""]"	0.2	0	"[""A"", ""B"", ""C"", ""D"", ""E""]"	"{""A"": ""0"", ""B"": ""14"", ""C"": ""42"", ""D"": ""15"", ""E"": ""none of the other options is correct""}"	"[""(A) 0"", ""(B) 14"", ""(C) 42"", ""(D) 15"", ""(E) none of the other options is correct""]"	(A) 0	A
7d4ee7f6-7310-5cc4-9bb6-f98eaa21b7ac	6	perception	rhythm	absolute	rhythm-absolute	rhythmic-recognition		note length statistics	What is the total count of {rhythm}-note units in the {voice} line?	"[""rhythm"", ""voice""]"	get_rhythm_count		rhythm	"{""rhythm"": ""eighth"", ""voice"": ""bass""}"	What is the total count of eighth-note units in the bass line?	Jan_DuGrosserSchmerzensmann	chorale-bricks	Jan_DuGrosserSchmerzensmann	data/chorale-bricks/Jan_DuGrosserSchmerzensmann	0	"[""1"", ""2"", ""14"", ""15"", ""40"", ""42"", ""44""]"	"[""14"", ""15"", ""42"", ""44"", ""40"", ""1"", ""2""]"	visual	visual.short.png	data/chorale-bricks/Jan_DuGrosserSchmerzensmann/visual.short.png	0	"[""0"", ""none of the other options is correct"", ""14"", ""15"", ""42""]"	0.2	0	"[""A"", ""B"", ""C"", ""D"", ""E""]"	"{""A"": ""0"", ""B"": ""none of the other options is correct"", ""C"": ""15"", ""D"": ""42"", ""E"": ""14""}"	"[""(A) 0"", ""(B) none of the other options is correct"", ""(C) 15"", ""(D) 42"", ""(E) 14""]"	(A) 0	A
e5514b20-deb5-54d2-834d-56efa9cb26be	6	perception	rhythm	absolute	rhythm-absolute	rhythmic-recognition		note length statistics	What is the total count of {rhythm}-note units in the {voice} line?	"[""rhythm"", ""voice""]"	get_rhythm_count		rhythm	"{""rhythm"": ""512th"", ""voice"": ""bass""}"	What is the total count of 512th-note units in the bass line?	Drese_JesuGehVoran	chorale-bricks	Drese_JesuGehVoran	data/chorale-bricks/Drese_JesuGehVoran	0	"[""1"", ""4"", ""16"", ""18"", ""19"", ""20""]"	"[""4"", ""20"", ""19"", ""16"", ""1"", ""18""]"	audio	audio.mastermix.wav	data/chorale-bricks/Drese_JesuGehVoran/audio.mastermix.wav	none of the other options is correct	"[""none of the other options is correct"", ""4"", ""20"", ""19"", ""16""]"	0.2	1	"[""A"", ""B"", ""C"", ""D"", ""E""]"	"{""A"": ""none of the other options is correct"", ""B"": ""16"", ""C"": ""20"", ""D"": ""4"", ""E"": ""19""}"	"[""(A) none of the other options is correct"", ""(B) 16"", ""(C) 20"", ""(D) 4"", ""(E) 19""]"	(A) none of the other options is correct	A
1e3fe21c-9a36-5246-8a51-6e2c4057d8f1	6	perception	rhythm	absolute	rhythm-absolute	rhythmic-recognition		note length statistics	What is the total count of {rhythm}-note units in the {voice} line?	"[""rhythm"", ""voice""]"	get_rhythm_count		rhythm	"{""rhythm"": ""512th"", ""voice"": ""bass""}"	What is the total count of 512th-note units in the bass line?	Drese_JesuGehVoran	chorale-bricks	Drese_JesuGehVoran	data/chorale-bricks/Drese_JesuGehVoran	0	"[""1"", ""4"", ""16"", ""18"", ""19"", ""20""]"	"[""4"", ""20"", ""19"", ""16"", ""1"", ""18""]"	symbolic	symbolic.abc.txt	data/chorale-bricks/Drese_JesuGehVoran/symbolic.abc.txt	0	"[""0"", ""none of the other options is correct"", ""4"", ""20"", ""19""]"	0.2	0	"[""A"", ""B"", ""C"", ""D"", ""E""]"	"{""A"": ""19"", ""B"": ""none of the other options is correct"", ""C"": ""0"", ""D"": ""4"", ""E"": ""20""}"	"[""(A) 19"", ""(B) none of the other options is correct"", ""(C) 0"", ""(D) 4"", ""(E) 20""]"	(C) 0	C
bcd5d146-aee0-5942-b30d-703678c02648	6	perception	rhythm	absolute	rhythm-absolute	rhythmic-recognition		note length statistics	What is the total count of {rhythm}-note units in the {voice} line?	"[""rhythm"", ""voice""]"	get_rhythm_count		rhythm	"{""rhythm"": ""512th"", ""voice"": ""bass""}"	What is the total count of 512th-note units in the bass line?	Drese_JesuGehVoran	chorale-bricks	Drese_JesuGehVoran	data/chorale-bricks/Drese_JesuGehVoran	0	"[""1"", ""4"", ""16"", ""18"", ""19"", ""20""]"	"[""4"", ""20"", ""19"", ""16"", ""1"", ""18""]"	visual	visual.short.png	data/chorale-bricks/Drese_JesuGehVoran/visual.short.png	none of the other options is correct	"[""none of the other options is correct"", ""4"", ""20"", ""19"", ""16""]"	0.2	1	"[""A"", ""B"", ""C"", ""D"", ""E""]"	"{""A"": ""19"", ""B"": ""20"", ""C"": ""16"", ""D"": ""none of the other options is correct"", ""E"": ""4""}"	"[""(A) 19"", ""(B) 20"", ""(C) 16"", ""(D) none of the other options is correct"", ""(E) 4""]"	(D) none of the other options is correct	D
89a9a2eb-2948-51d1-8d1c-41e5d775b24f	6	perception	rhythm	absolute	rhythm-absolute	rhythmic-recognition		note length statistics	What is the total count of {rhythm}-note units in the {voice} line?	"[""rhythm"", ""voice""]"	get_rhythm_count		rhythm	"{""rhythm"": ""64th"", ""voice"": ""tenor""}"	What is the total count of 64th-note units in the tenor line?	Telemann_DerLiebenSonneLichtUndPracht	chorale-bricks	Telemann_DerLiebenSonneLichtUndPracht	data/chorale-bricks/Telemann_DerLiebenSonneLichtUndPracht	0	"[""1"", ""2"", ""3"", ""4"", ""57"", ""58"", ""60""]"	"[""3"", ""2"", ""60"", ""1"", ""58"", ""57"", ""4""]"	audio	audio.mastermix.wav	data/chorale-bricks/Telemann_DerLiebenSonneLichtUndPracht/audio.mastermix.wav	0	"[""0"", ""none of the other options is correct"", ""3"", ""2"", ""60""]"	0.2	0	"[""A"", ""B"", ""C"", ""D"", ""E""]"	"{""A"": ""60"", ""B"": ""3"", ""C"": ""none of the other options is correct"", ""D"": ""2"", ""E"": ""0""}"	"[""(A) 60"", ""(B) 3"", ""(C) none of the other options is correct"", ""(D) 2"", ""(E) 0""]"	(E) 0	E
89df08b0-d43c-5ef7-8a53-ec62adf1b4e2	6	perception	rhythm	absolute	rhythm-absolute	rhythmic-recognition		note length statistics	What is the total count of {rhythm}-note units in the {voice} line?	"[""rhythm"", ""voice""]"	get_rhythm_count		rhythm	"{""rhythm"": ""64th"", ""voice"": ""tenor""}"	What is the total count of 64th-note units in the tenor line?	Telemann_DerLiebenSonneLichtUndPracht	chorale-bricks	Telemann_DerLiebenSonneLichtUndPracht	data/chorale-bricks/Telemann_DerLiebenSonneLichtUndPracht	0	"[""1"", ""2"", ""3"", ""4"", ""57"", ""58"", ""60""]"	"[""3"", ""2"", ""60"", ""1"", ""58"", ""57"", ""4""]"	symbolic	symbolic.abc.txt	data/chorale-bricks/Telemann_DerLiebenSonneLichtUndPracht/symbolic.abc.txt	0	"[""0"", ""none of the other options is correct"", ""3"", ""2"", ""60""]"	0.2	0	"[""A"", ""B"", ""C"", ""D"", ""E""]"	"{""A"": ""0"", ""B"": ""60"", ""C"": ""2"", ""D"": ""none of the other options is correct"", ""E"": ""3""}"	"[""(A) 0"", ""(B) 60"", ""(C) 2"", ""(D) none of the other options is correct"", ""(E) 3""]"	(A) 0	A
b21b92f7-5e4f-5b3e-b9d7-bee107fd5120	6	perception	rhythm	absolute	rhythm-absolute	rhythmic-recognition		note length statistics	What is the total count of {rhythm}-note units in the {voice} line?	"[""rhythm"", ""voice""]"	get_rhythm_count		rhythm	"{""rhythm"": ""64th"", ""voice"": ""tenor""}"	What is the total count of 64th-note units in the tenor line?	Telemann_DerLiebenSonneLichtUndPracht	chorale-bricks	Telemann_DerLiebenSonneLichtUndPracht	data/chorale-bricks/Telemann_DerLiebenSonneLichtUndPracht	0	"[""1"", ""2"", ""3"", ""4"", ""57"", ""58"", ""60""]"	"[""3"", ""2"", ""60"", ""1"", ""58"", ""57"", ""4""]"	visual	visual.short.png	data/chorale-bricks/Telemann_DerLiebenSonneLichtUndPracht/visual.short.png	0	"[""0"", ""none of the other options is correct"", ""3"", ""2"", ""60""]"	0.2	0	"[""A"", ""B"", ""C"", ""D"", ""E""]"	"{""A"": ""0"", ""B"": ""60"", ""C"": ""2"", ""D"": ""3"", ""E"": ""none of the other options is correct""}"	"[""(A) 0"", ""(B) 60"", ""(C) 2"", ""(D) 3"", ""(E) none of the other options is correct""]"	(A) 0	A
fe240fcf-511a-5214-a124-e24559dae059	6	perception	rhythm	absolute	rhythm-absolute	rhythmic-recognition		note length statistics	What is the total count of {rhythm}-note units in the {voice} line?	"[""rhythm"", ""voice""]"	get_rhythm_count		rhythm	"{""rhythm"": ""dotted-2048th"", ""voice"": ""tenor""}"	What is the total count of dotted-2048th-note units in the tenor line?	Gesius_BefiehlDuDeineWege	chorale-bricks	Gesius_BefiehlDuDeineWege	data/chorale-bricks/Gesius_BefiehlDuDeineWege	0	"[""1"", ""5"", ""6"", ""7"", ""48"", ""50"", ""52""]"	"[""5"", ""50"", ""7"", ""6"", ""48"", ""52"", ""1""]"	audio	audio.mastermix.wav	data/chorale-bricks/Gesius_BefiehlDuDeineWege/audio.mastermix.wav	0	"[""0"", ""none of the other options is correct"", ""5"", ""50"", ""7""]"	0.2	0	"[""A"", ""B"", ""C"", ""D"", ""E""]"	"{""A"": ""50"", ""B"": ""5"", ""C"": ""0"", ""D"": ""none of the other options is correct"", ""E"": ""7""}"	"[""(A) 50"", ""(B) 5"", ""(C) 0"", ""(D) none of the other options is correct"", ""(E) 7""]"	(C) 0	C
a0f01f9a-4404-5dc5-8dfd-0b51403adc32	6	perception	rhythm	absolute	rhythm-absolute	rhythmic-recognition		note length statistics	What is the total count of {rhythm}-note units in the {voice} line?	"[""rhythm"", ""voice""]"	get_rhythm_count		rhythm	"{""rhythm"": ""dotted-2048th"", ""voice"": ""tenor""}"	What is the total count of dotted-2048th-note units in the tenor line?	Gesius_BefiehlDuDeineWege	chorale-bricks	Gesius_BefiehlDuDeineWege	data/chorale-bricks/Gesius_BefiehlDuDeineWege	0	"[""1"", ""5"", ""6"", ""7"", ""48"", ""50"", ""52""]"	"[""5"", ""50"", ""7"", ""6"", ""48"", ""52"", ""1""]"	symbolic	symbolic.abc.txt	data/chorale-bricks/Gesius_BefiehlDuDeineWege/symbolic.abc.txt	0	"[""0"", ""none of the other options is correct"", ""5"", ""50"", ""7""]"	0.2	0	"[""A"", ""B"", ""C"", ""D"", ""E""]"	"{""A"": ""50"", ""B"": ""none of the other options is correct"", ""C"": ""0"", ""D"": ""7"", ""E"": ""5""}"	"[""(A) 50"", ""(B) none of the other options is correct"", ""(C) 0"", ""(D) 7"", ""(E) 5""]"	(C) 0	C
ed06e17a-8cc1-5b97-be2b-cd389a83792b	6	perception	rhythm	absolute	rhythm-absolute	rhythmic-recognition		note length statistics	What is the total count of {rhythm}-note units in the {voice} line?	"[""rhythm"", ""voice""]"	get_rhythm_count		rhythm	"{""rhythm"": ""dotted-2048th"", ""voice"": ""tenor""}"	What is the total count of dotted-2048th-note units in the tenor line?	Gesius_BefiehlDuDeineWege	chorale-bricks	Gesius_BefiehlDuDeineWege	data/chorale-bricks/Gesius_BefiehlDuDeineWege	0	"[""1"", ""5"", ""6"", ""7"", ""48"", ""50"", ""52""]"	"[""5"", ""50"", ""7"", ""6"", ""48"", ""52"", ""1""]"	visual	visual.short.png	data/chorale-bricks/Gesius_BefiehlDuDeineWege/visual.short.png	none of the other options is correct	"[""none of the other options is correct"", ""5"", ""50"", ""7"", ""6""]"	0.2	1	"[""A"", ""B"", ""C"", ""D"", ""E""]"	"{""A"": ""50"", ""B"": ""7"", ""C"": ""none of the other options is correct"", ""D"": ""6"", ""E"": ""5""}"	"[""(A) 50"", ""(B) 7"", ""(C) none of the other options is correct"", ""(D) 6"", ""(E) 5""]"	(C) none of the other options is correct	C
bfb97ebd-9757-50a7-aaee-92ac86980043	6	perception	rhythm	absolute	rhythm-absolute	rhythmic-recognition		note length statistics	What is the total count of {rhythm}-note units in the {voice} line?	"[""rhythm"", ""voice""]"	get_rhythm_count		rhythm	"{""rhythm"": ""512th"", ""voice"": ""tenor""}"	What is the total count of 512th-note units in the tenor line?	Gesius_DuFriedensfuerstHerrJesuChrist	chorale-bricks	Gesius_DuFriedensfuerstHerrJesuChrist	data/chorale-bricks/Gesius_DuFriedensfuerstHerrJesuChrist	0	"[""1"", ""8"", ""9"", ""37"", ""39""]"	"[""1"", ""37"", ""9"", ""39"", ""8""]"	audio	audio.mastermix.wav	data/chorale-bricks/Gesius_DuFriedensfuerstHerrJesuChrist/audio.mastermix.wav	0	"[""0"", ""none of the other options is correct"", ""1"", ""37"", ""9""]"	0.2	0	"[""A"", ""B"", ""C"", ""D"", ""E""]"	"{""A"": ""9"", ""B"": ""0"", ""C"": ""1"", ""D"": ""none of the other options is correct"", ""E"": ""37""}"	"[""(A) 9"", ""(B) 0"", ""(C) 1"", ""(D) none of the other options is correct"", ""(E) 37""]"	(B) 0	B
d9572819-e7a2-5b7d-80f3-015c5e196ad4	6	perception	rhythm	absolute	rhythm-absolute	rhythmic-recognition		note length statistics	What is the total count of {rhythm}-note units in the {voice} line?	"[""rhythm"", ""voice""]"	get_rhythm_count		rhythm	"{""rhythm"": ""512th"", ""voice"": ""tenor""}"	What is the total count of 512th-note units in the tenor line?	Gesius_DuFriedensfuerstHerrJesuChrist	chorale-bricks	Gesius_DuFriedensfuerstHerrJesuChrist	data/chorale-bricks/Gesius_DuFriedensfuerstHerrJesuChrist	0	"[""1"", ""8"", ""9"", ""37"", ""39""]"	"[""1"", ""37"", ""9"", ""39"", ""8""]"	symbolic	symbolic.abc.txt	data/chorale-bricks/Gesius_DuFriedensfuerstHerrJesuChrist/symbolic.abc.txt	0	"[""0"", ""none of the other options is correct"", ""1"", ""37"", ""9""]"	0.2	0	"[""A"", ""B"", ""C"", ""D"", ""E""]"	"{""A"": ""37"", ""B"": ""9"", ""C"": ""1"", ""D"": ""0"", ""E"": ""none of the other options is correct""}"	"[""(A) 37"", ""(B) 9"", ""(C) 1"", ""(D) 0"", ""(E) none of the other options is correct""]"	(D) 0	D
92023e75-a3a8-5c5a-80c1-e85831346b39	6	perception	rhythm	absolute	rhythm-absolute	rhythmic-recognition		note length statistics	What is the total count of {rhythm}-note units in the {voice} line?	"[""rhythm"", ""voice""]"	get_rhythm_count		rhythm	"{""rhythm"": ""512th"", ""voice"": ""tenor""}"	What is the total count of 512th-note units in the tenor line?	Gesius_DuFriedensfuerstHerrJesuChrist	chorale-bricks	Gesius_DuFriedensfuerstHerrJesuChrist	data/chorale-bricks/Gesius_DuFriedensfuerstHerrJesuChrist	0	"[""1"", ""8"", ""9"", ""37"", ""39""]"	"[""1"", ""37"", ""9"", ""39"", ""8""]"	visual	visual.short.png	data/chorale-bricks/Gesius_DuFriedensfuerstHerrJesuChrist/visual.short.png	0	"[""0"", ""none of the other options is correct"", ""1"", ""37"", ""9""]"	0.2	0	"[""A"", ""B"", ""C"", ""D"", ""E""]"	"{""A"": ""0"", ""B"": ""none of the other options is correct"", ""C"": ""9"", ""D"": ""37"", ""E"": ""1""}"	"[""(A) 0"", ""(B) none of the other options is correct"", ""(C) 9"", ""(D) 37"", ""(E) 1""]"	(A) 0	A
0afd578c-d38c-5cce-a2ae-65ccd20ced5d	6	perception	rhythm	absolute	rhythm-absolute	rhythmic-recognition		note length statistics	What is the total count of {rhythm}-note units in the {voice} line?	"[""rhythm"", ""voice""]"	get_rhythm_count		rhythm	"{""rhythm"": ""dotted-half"", ""voice"": ""bass""}"	What is the total count of dotted-half-note units in the bass line?	Drese_JesuGehVoran	chorale-bricks	Drese_JesuGehVoran	data/chorale-bricks/Drese_JesuGehVoran	1	"[""4"", ""16"", ""18"", ""19"", ""20""]"	"[""18"", ""19"", ""4"", ""20"", ""16""]"	audio	audio.mastermix.wav	data/chorale-bricks/Drese_JesuGehVoran/audio.mastermix.wav	1	"[""1"", ""none of the other options is correct"", ""18"", ""19"", ""4""]"	0.2	0	"[""A"", ""B"", ""C"", ""D"", ""E""]"	"{""A"": ""none of the other options is correct"", ""B"": ""4"", ""C"": ""18"", ""D"": ""19"", ""E"": ""1""}"	"[""(A) none of the other options is correct"", ""(B) 4"", ""(C) 18"", ""(D) 19"", ""(E) 1""]"	(E) 1	E
d600fe87-c75e-5593-ae0f-4b4e6df253c6	6	perception	rhythm	absolute	rhythm-absolute	rhythmic-recognition		note length statistics	What is the total count of {rhythm}-note units in the {voice} line?	"[""rhythm"", ""voice""]"	get_rhythm_count		rhythm	"{""rhythm"": ""dotted-half"", ""voice"": ""bass""}"	What is the total count of dotted-half-note units in the bass line?	Drese_JesuGehVoran	chorale-bricks	Drese_JesuGehVoran	data/chorale-bricks/Drese_JesuGehVoran	1	"[""4"", ""16"", ""18"", ""19"", ""20""]"	"[""18"", ""19"", ""4"", ""20"", ""16""]"	symbolic	symbolic.abc.txt	data/chorale-bricks/Drese_JesuGehVoran/symbolic.abc.txt	1	"[""1"", ""none of the other options is correct"", ""18"", ""19"", ""4""]"	0.2	0	"[""A"", ""B"", ""C"", ""D"", ""E""]"	"{""A"": ""19"", ""B"": ""4"", ""C"": ""18"", ""D"": ""1"", ""E"": ""none of the other options is correct""}"	"[""(A) 19"", ""(B) 4"", ""(C) 18"", ""(D) 1"", ""(E) none of the other options is correct""]"	(D) 1	D
e54e6abc-4206-5f37-9356-d0af837aae68	6	perception	rhythm	absolute	rhythm-absolute	rhythmic-recognition		note length statistics	What is the total count of {rhythm}-note units in the {voice} line?	"[""rhythm"", ""voice""]"	get_rhythm_count		rhythm	"{""rhythm"": ""dotted-half"", ""voice"": ""bass""}"	What is the total count of dotted-half-note units in the bass line?	Drese_JesuGehVoran	chorale-bricks	Drese_JesuGehVoran	data/chorale-bricks/Drese_JesuGehVoran	1	"[""4"", ""16"", ""18"", ""19"", ""20""]"	"[""18"", ""19"", ""4"", ""20"", ""16""]"	visual	visual.short.png	data/chorale-bricks/Drese_JesuGehVoran/visual.short.png	1	"[""1"", ""none of the other options is correct"", ""18"", ""19"", ""4""]"	0.2	0	"[""A"", ""B"", ""C"", ""D"", ""E""]"	"{""A"": ""none of the other options is correct"", ""B"": ""1"", ""C"": ""19"", ""D"": ""4"", ""E"": ""18""}"	"[""(A) none of the other options is correct"", ""(B) 1"", ""(C) 19"", ""(D) 4"", ""(E) 18""]"	(B) 1	B
a2c95e63-fed0-51c6-abfe-e0291a1e03f7	6	perception	rhythm	absolute	rhythm-absolute	rhythmic-recognition		note length statistics	What is the total count of {rhythm}-note units in the {voice} line?	"[""rhythm"", ""voice""]"	get_rhythm_count		rhythm	"{""rhythm"": ""dotted-16th"", ""voice"": ""alto""}"	What is the total count of dotted-16th-note units in the alto line?	Anonymous_AusMeinesHerzensGrunde	chorale-bricks	Anonymous_AusMeinesHerzensGrunde	data/chorale-bricks/Anonymous_AusMeinesHerzensGrunde	0	"[""1"", ""3"", ""4"", ""5"", ""20"", ""23"", ""33"", ""34"", ""36""]"	"[""33"", ""4"", ""1"", ""3"", ""34"", ""20"", ""23"", ""36"", ""5""]"	audio	audio.mastermix.wav	data/chorale-bricks/Anonymous_AusMeinesHerzensGrunde/audio.mastermix.wav	0	"[""0"", ""none of the other options is correct"", ""33"", ""4"", ""1""]"	0.2	0	"[""A"", ""B"", ""C"", ""D"", ""E""]"	"{""A"": ""0"", ""B"": ""1"", ""C"": ""4"", ""D"": ""none of the other options is correct"", ""E"": ""33""}"	"[""(A) 0"", ""(B) 1"", ""(C) 4"", ""(D) none of the other options is correct"", ""(E) 33""]"	(A) 0	A
4133720e-929a-5558-bf6f-89f6ab968e86	6	perception	rhythm	absolute	rhythm-absolute	rhythmic-recognition		note length statistics	What is the total count of {rhythm}-note units in the {voice} line?	"[""rhythm"", ""voice""]"	get_rhythm_count		rhythm	"{""rhythm"": ""dotted-16th"", ""voice"": ""alto""}"	What is the total count of dotted-16th-note units in the alto line?	Anonymous_AusMeinesHerzensGrunde	chorale-bricks	Anonymous_AusMeinesHerzensGrunde	data/chorale-bricks/Anonymous_AusMeinesHerzensGrunde	0	"[""1"", ""3"", ""4"", ""5"", ""20"", ""23"", ""33"", ""34"", ""36""]"	"[""33"", ""4"", ""1"", ""3"", ""34"", ""20"", ""23"", ""36"", ""5""]"	symbolic	symbolic.abc.txt	data/chorale-bricks/Anonymous_AusMeinesHerzensGrunde/symbolic.abc.txt	0	"[""0"", ""none of the other options is correct"", ""33"", ""4"", ""1""]"	0.2	0	"[""A"", ""B"", ""C"", ""D"", ""E""]"	"{""A"": ""1"", ""B"": ""4"", ""C"": ""none of the other options is correct"", ""D"": ""33"", ""E"": ""0""}"	"[""(A) 1"", ""(B) 4"", ""(C) none of the other options is correct"", ""(D) 33"", ""(E) 0""]"	(E) 0	E
7abe8ec6-b1d4-5511-acf2-84c228ada49b	6	perception	rhythm	absolute	rhythm-absolute	rhythmic-recognition		note length statistics	What is the total count of {rhythm}-note units in the {voice} line?	"[""rhythm"", ""voice""]"	get_rhythm_count		rhythm	"{""rhythm"": ""dotted-16th"", ""voice"": ""alto""}"	What is the total count of dotted-16th-note units in the alto line?	Anonymous_AusMeinesHerzensGrunde	chorale-bricks	Anonymous_AusMeinesHerzensGrunde	data/chorale-bricks/Anonymous_AusMeinesHerzensGrunde	0	"[""1"", ""3"", ""4"", ""5"", ""20"", ""23"", ""33"", ""34"", ""36""]"	"[""33"", ""4"", ""1"", ""3"", ""34"", ""20"", ""23"", ""36"", ""5""]"	visual	visual.short.png	data/chorale-bricks/Anonymous_AusMeinesHerzensGrunde/visual.short.png	0	"[""0"", ""none of the other options is correct"", ""33"", ""4"", ""1""]"	0.2	0	"[""A"", ""B"", ""C"", ""D"", ""E""]"	"{""A"": ""33"", ""B"": ""1"", ""C"": ""none of the other options is correct"", ""D"": ""0"", ""E"": ""4""}"	"[""(A) 33"", ""(B) 1"", ""(C) none of the other options is correct"", ""(D) 0"", ""(E) 4""]"	(D) 0	D
a091b091-402b-512e-a3d5-d432d30474db	6	perception	rhythm	absolute	rhythm-absolute	rhythmic-recognition		note length statistics	What is the total count of {rhythm}-note units in the {voice} line?	"[""rhythm"", ""voice""]"	get_rhythm_count		rhythm	"{""rhythm"": ""16th"", ""voice"": ""alto""}"	What is the total count of 16th-note units in the alto line?	Telemann_DerLiebenSonneLichtUndPracht	chorale-bricks	Telemann_DerLiebenSonneLichtUndPracht	data/chorale-bricks/Telemann_DerLiebenSonneLichtUndPracht	0	"[""1"", ""2"", ""3"", ""4"", ""57"", ""58"", ""60""]"	"[""60"", ""3"", ""58"", ""4"", ""57"", ""1"", ""2""]"	audio	audio.mastermix.wav	data/chorale-bricks/Telemann_DerLiebenSonneLichtUndPracht/audio.mastermix.wav	0	"[""0"", ""none of the other options is correct"", ""60"", ""3"", ""58""]"	0.2	0	"[""A"", ""B"", ""C"", ""D"", ""E""]"	"{""A"": ""0"", ""B"": ""58"", ""C"": ""3"", ""D"": ""none of the other options is correct"", ""E"": ""60""}"	"[""(A) 0"", ""(B) 58"", ""(C) 3"", ""(D) none of the other options is correct"", ""(E) 60""]"	(A) 0	A
e3752c88-3d19-5148-853d-98b2d40095bf	6	perception	rhythm	absolute	rhythm-absolute	rhythmic-recognition		note length statistics	What is the total count of {rhythm}-note units in the {voice} line?	"[""rhythm"", ""voice""]"	get_rhythm_count		rhythm	"{""rhythm"": ""16th"", ""voice"": ""alto""}"	What is the total count of 16th-note units in the alto line?	Telemann_DerLiebenSonneLichtUndPracht	chorale-bricks	Telemann_DerLiebenSonneLichtUndPracht	data/chorale-bricks/Telemann_DerLiebenSonneLichtUndPracht	0	"[""1"", ""2"", ""3"", ""4"", ""57"", ""58"", ""60""]"	"[""60"", ""3"", ""58"", ""4"", ""57"", ""1"", ""2""]"	symbolic	symbolic.abc.txt	data/chorale-bricks/Telemann_DerLiebenSonneLichtUndPracht/symbolic.abc.txt	0	"[""0"", ""none of the other options is correct"", ""60"", ""3"", ""58""]"	0.2	0	"[""A"", ""B"", ""C"", ""D"", ""E""]"	"{""A"": ""3"", ""B"": ""58"", ""C"": ""0"", ""D"": ""none of the other options is correct"", ""E"": ""60""}"	"[""(A) 3"", ""(B) 58"", ""(C) 0"", ""(D) none of the other options is correct"", ""(E) 60""]"	(C) 0	C
2cdc9a27-1fa2-5278-87bc-2da3c7409b08	6	perception	rhythm	absolute	rhythm-absolute	rhythmic-recognition		note length statistics	What is the total count of {rhythm}-note units in the {voice} line?	"[""rhythm"", ""voice""]"	get_rhythm_count		rhythm	"{""rhythm"": ""16th"", ""voice"": ""alto""}"	What is the total count of 16th-note units in the alto line?	Telemann_DerLiebenSonneLichtUndPracht	chorale-bricks	Telemann_DerLiebenSonneLichtUndPracht	data/chorale-bricks/Telemann_DerLiebenSonneLichtUndPracht	0	"[""1"", ""2"", ""3"", ""4"", ""57"", ""58"", ""60""]"	"[""60"", ""3"", ""58"", ""4"", ""57"", ""1"", ""2""]"	visual	visual.short.png	data/chorale-bricks/Telemann_DerLiebenSonneLichtUndPracht/visual.short.png	0	"[""0"", ""none of the other options is correct"", ""60"", ""3"", ""58""]"	0.2	0	"[""A"", ""B"", ""C"", ""D"", ""E""]"	"{""A"": ""0"", ""B"": ""3"", ""C"": ""none of the other options is correct"", ""D"": ""60"", ""E"": ""58""}"	"[""(A) 0"", ""(B) 3"", ""(C) none of the other options is correct"", ""(D) 60"", ""(E) 58""]"	(A) 0	A
2f42fb3b-167a-579a-8743-3072e270d9bb	6	perception	rhythm	absolute	rhythm-absolute	rhythmic-recognition		note length statistics	What is the total count of {rhythm}-note units in the {voice} line?	"[""rhythm"", ""voice""]"	get_rhythm_count		rhythm	"{""rhythm"": ""half"", ""voice"": ""tenor""}"	What is the total count of half-note units in the tenor line?	Crueger_AufAufMeinHerzMitFreuden	chorale-bricks	Crueger_AufAufMeinHerzMitFreuden	data/chorale-bricks/Crueger_AufAufMeinHerzMitFreuden	15	"[""1"", ""3"", ""4"", ""9"", ""10"", ""18"", ""19"", ""31"", ""35""]"	"[""4"", ""31"", ""18"", ""9"", ""19"", ""3"", ""35"", ""1"", ""10""]"	audio	audio.mastermix.wav	data/chorale-bricks/Crueger_AufAufMeinHerzMitFreuden/audio.mastermix.wav	none of the other options is correct	"[""none of the other options is correct"", ""4"", ""31"", ""18"", ""9""]"	0.2	1	"[""A"", ""B"", ""C"", ""D"", ""E""]"	"{""A"": ""18"", ""B"": ""none of the other options is correct"", ""C"": ""31"", ""D"": ""9"", ""E"": ""4""}"	"[""(A) 18"", ""(B) none of the other options is correct"", ""(C) 31"", ""(D) 9"", ""(E) 4""]"	(B) none of the other options is correct	B
54235c50-10d3-5e13-bbbb-c356d9aea7f1	6	perception	rhythm	absolute	rhythm-absolute	rhythmic-recognition		note length statistics	What is the total count of {rhythm}-note units in the {voice} line?	"[""rhythm"", ""voice""]"	get_rhythm_count		rhythm	"{""rhythm"": ""half"", ""voice"": ""tenor""}"	What is the total count of half-note units in the tenor line?	Crueger_AufAufMeinHerzMitFreuden	chorale-bricks	Crueger_AufAufMeinHerzMitFreuden	data/chorale-bricks/Crueger_AufAufMeinHerzMitFreuden	15	"[""1"", ""3"", ""4"", ""9"", ""10"", ""18"", ""19"", ""31"", ""35""]"	"[""4"", ""31"", ""18"", ""9"", ""19"", ""3"", ""35"", ""1"", ""10""]"	symbolic	symbolic.abc.txt	data/chorale-bricks/Crueger_AufAufMeinHerzMitFreuden/symbolic.abc.txt	none of the other options is correct	"[""none of the other options is correct"", ""4"", ""31"", ""18"", ""9""]"	0.2	1	"[""A"", ""B"", ""C"", ""D"", ""E""]"	"{""A"": ""31"", ""B"": ""4"", ""C"": ""none of the other options is correct"", ""D"": ""9"", ""E"": ""18""}"	"[""(A) 31"", ""(B) 4"", ""(C) none of the other options is correct"", ""(D) 9"", ""(E) 18""]"	(C) none of the other options is correct	C
75ff4da0-1264-53f9-850d-ccc974bd03d9	6	perception	rhythm	absolute	rhythm-absolute	rhythmic-recognition		note length statistics	What is the total count of {rhythm}-note units in the {voice} line?	"[""rhythm"", ""voice""]"	get_rhythm_count		rhythm	"{""rhythm"": ""half"", ""voice"": ""tenor""}"	What is the total count of half-note units in the tenor line?	Crueger_AufAufMeinHerzMitFreuden	chorale-bricks	Crueger_AufAufMeinHerzMitFreuden	data/chorale-bricks/Crueger_AufAufMeinHerzMitFreuden	15	"[""1"", ""3"", ""4"", ""9"", ""10"", ""18"", ""19"", ""31"", ""35""]"	"[""4"", ""31"", ""18"", ""9"", ""19"", ""3"", ""35"", ""1"", ""10""]"	visual	visual.short.png	data/chorale-bricks/Crueger_AufAufMeinHerzMitFreuden/visual.short.png	none of the other options is correct	"[""none of the other options is correct"", ""4"", ""31"", ""18"", ""9""]"	0.2	1	"[""A"", ""B"", ""C"", ""D"", ""E""]"	"{""A"": ""18"", ""B"": ""4"", ""C"": ""9"", ""D"": ""none of the other options is correct"", ""E"": ""31""}"	"[""(A) 18"", ""(B) 4"", ""(C) 9"", ""(D) none of the other options is correct"", ""(E) 31""]"	(D) none of the other options is correct	D
2263ab9c-5f66-591d-86d3-817adadbce95	6	perception	rhythm	absolute	rhythm-absolute	rhythmic-recognition		note length statistics	What is the total count of {rhythm}-note units in the {voice} line?	"[""rhythm"", ""voice""]"	get_rhythm_count		rhythm	"{""rhythm"": ""quarter"", ""voice"": ""tenor""}"	What is the total count of quarter-note units in the tenor line?	Vulpius_DieHelleSonnLeuchtJetztHerfuer	chorale-bricks	Vulpius_DieHelleSonnLeuchtJetztHerfuer	data/chorale-bricks/Vulpius_DieHelleSonnLeuchtJetztHerfuer	27	"[""1"", ""11"", ""12"", ""25""]"	"[""1"", ""12"", ""11"", ""25""]"	audio	audio.mastermix.wav	data/chorale-bricks/Vulpius_DieHelleSonnLeuchtJetztHerfuer/audio.mastermix.wav	27	"[""27"", ""none of the other options is correct"", ""1"", ""12"", ""11""]"	0.2	0	"[""A"", ""B"", ""C"", ""D"", ""E""]"	"{""A"": ""12"", ""B"": ""11"", ""C"": ""none of the other options is correct"", ""D"": ""1"", ""E"": ""27""}"	"[""(A) 12"", ""(B) 11"", ""(C) none of the other options is correct"", ""(D) 1"", ""(E) 27""]"	(E) 27	E
089d8709-8a8f-5807-813a-f0542470a9b6	6	perception	rhythm	absolute	rhythm-absolute	rhythmic-recognition		note length statistics	What is the total count of {rhythm}-note units in the {voice} line?	"[""rhythm"", ""voice""]"	get_rhythm_count		rhythm	"{""rhythm"": ""quarter"", ""voice"": ""tenor""}"	What is the total count of quarter-note units in the tenor line?	Vulpius_DieHelleSonnLeuchtJetztHerfuer	chorale-bricks	Vulpius_DieHelleSonnLeuchtJetztHerfuer	data/chorale-bricks/Vulpius_DieHelleSonnLeuchtJetztHerfuer	27	"[""1"", ""11"", ""12"", ""25""]"	"[""1"", ""12"", ""11"", ""25""]"	symbolic	symbolic.abc.txt	data/chorale-bricks/Vulpius_DieHelleSonnLeuchtJetztHerfuer/symbolic.abc.txt	none of the other options is correct	"[""none of the other options is correct"", ""1"", ""12"", ""11"", ""25""]"	0.2	1	"[""A"", ""B"", ""C"", ""D"", ""E""]"	"{""A"": ""12"", ""B"": ""none of the other options is correct"", ""C"": ""25"", ""D"": ""1"", ""E"": ""11""}"	"[""(A) 12"", ""(B) none of the other options is correct"", ""(C) 25"", ""(D) 1"", ""(E) 11""]"	(B) none of the other options is correct	B
8f957188-8e4d-5d83-9fb7-36bd127d5584	6	perception	rhythm	absolute	rhythm-absolute	rhythmic-recognition		note length statistics	What is the total count of {rhythm}-note units in the {voice} line?	"[""rhythm"", ""voice""]"	get_rhythm_count		rhythm	"{""rhythm"": ""quarter"", ""voice"": ""tenor""}"	What is the total count of quarter-note units in the tenor line?	Vulpius_DieHelleSonnLeuchtJetztHerfuer	chorale-bricks	Vulpius_DieHelleSonnLeuchtJetztHerfuer	data/chorale-bricks/Vulpius_DieHelleSonnLeuchtJetztHerfuer	27	"[""1"", ""11"", ""12"", ""25""]"	"[""1"", ""12"", ""11"", ""25""]"	visual	visual.short.png	data/chorale-bricks/Vulpius_DieHelleSonnLeuchtJetztHerfuer/visual.short.png	27	"[""27"", ""none of the other options is correct"", ""1"", ""12"", ""11""]"	0.2	0	"[""A"", ""B"", ""C"", ""D"", ""E""]"	"{""A"": ""12"", ""B"": ""11"", ""C"": ""27"", ""D"": ""1"", ""E"": ""none of the other options is correct""}"	"[""(A) 12"", ""(B) 11"", ""(C) 27"", ""(D) 1"", ""(E) none of the other options is correct""]"	(C) 27	C
48c87f3a-6d9a-56c8-aead-7f7fe64d4e9c	6	perception	rhythm	absolute	rhythm-absolute	rhythmic-recognition		note length statistics	What is the total count of {rhythm}-note units in the {voice} line?	"[""rhythm"", ""voice""]"	get_rhythm_count		rhythm	"{""rhythm"": ""quarter"", ""voice"": ""alto""}"	What is the total count of quarter-note units in the alto line?	Drese_JesuGehVoran	chorale-bricks	Drese_JesuGehVoran	data/chorale-bricks/Drese_JesuGehVoran	19	"[""1"", ""4"", ""16"", ""18"", ""20""]"	"[""4"", ""18"", ""16"", ""20"", ""1""]"	audio	audio.mastermix.wav	data/chorale-bricks/Drese_JesuGehVoran/audio.mastermix.wav	19	"[""19"", ""none of the other options is correct"", ""4"", ""18"", ""16""]"	0.2	0	"[""A"", ""B"", ""C"", ""D"", ""E""]"	"{""A"": ""none of the other options is correct"", ""B"": ""4"", ""C"": ""16"", ""D"": ""18"", ""E"": ""19""}"	"[""(A) none of the other options is correct"", ""(B) 4"", ""(C) 16"", ""(D) 18"", ""(E) 19""]"	(E) 19	E
74dbb2a4-7d05-5dfe-bb4c-8cd11c78b267	6	perception	rhythm	absolute	rhythm-absolute	rhythmic-recognition		note length statistics	What is the total count of {rhythm}-note units in the {voice} line?	"[""rhythm"", ""voice""]"	get_rhythm_count		rhythm	"{""rhythm"": ""quarter"", ""voice"": ""alto""}"	What is the total count of quarter-note units in the alto line?	Drese_JesuGehVoran	chorale-bricks	Drese_JesuGehVoran	data/chorale-bricks/Drese_JesuGehVoran	19	"[""1"", ""4"", ""16"", ""18"", ""20""]"	"[""4"", ""18"", ""16"", ""20"", ""1""]"	symbolic	symbolic.abc.txt	data/chorale-bricks/Drese_JesuGehVoran/symbolic.abc.txt	19	"[""19"", ""none of the other options is correct"", ""4"", ""18"", ""16""]"	0.2	0	"[""A"", ""B"", ""C"", ""D"", ""E""]"	"{""A"": ""4"", ""B"": ""18"", ""C"": ""16"", ""D"": ""19"", ""E"": ""none of the other options is correct""}"	"[""(A) 4"", ""(B) 18"", ""(C) 16"", ""(D) 19"", ""(E) none of the other options is correct""]"	(D) 19	D
e4c87366-2557-5fa1-b55b-eeaa36df5488	6	perception	rhythm	absolute	rhythm-absolute	rhythmic-recognition		note length statistics	What is the total count of {rhythm}-note units in the {voice} line?	"[""rhythm"", ""voice""]"	get_rhythm_count		rhythm	"{""rhythm"": ""quarter"", ""voice"": ""alto""}"	What is the total count of quarter-note units in the alto line?	Drese_JesuGehVoran	chorale-bricks	Drese_JesuGehVoran	data/chorale-bricks/Drese_JesuGehVoran	19	"[""1"", ""4"", ""16"", ""18"", ""20""]"	"[""4"", ""18"", ""16"", ""20"", ""1""]"	visual	visual.short.png	data/chorale-bricks/Drese_JesuGehVoran/visual.short.png	none of the other options is correct	"[""none of the other options is correct"", ""4"", ""18"", ""16"", ""20""]"	0.2	1	"[""A"", ""B"", ""C"", ""D"", ""E""]"	"{""A"": ""none of the other options is correct"", ""B"": ""4"", ""C"": ""16"", ""D"": ""18"", ""E"": ""20""}"	"[""(A) none of the other options is correct"", ""(B) 4"", ""(C) 16"", ""(D) 18"", ""(E) 20""]"	(A) none of the other options is correct	A
c6542a3f-3853-56b0-bd36-e07d4d7d0fe8	6	perception	rhythm	absolute	rhythm-absolute	rhythmic-recognition		note length statistics	What is the total count of {rhythm}-note units in the {voice} line?	"[""rhythm"", ""voice""]"	get_rhythm_count		rhythm	"{""rhythm"": ""half"", ""voice"": ""soprano""}"	What is the total count of half-note units in the soprano line?	Vulpius_DieHelleSonnLeuchtJetztHerfuer	chorale-bricks	Vulpius_DieHelleSonnLeuchtJetztHerfuer	data/chorale-bricks/Vulpius_DieHelleSonnLeuchtJetztHerfuer	12	"[""1"", ""11"", ""25"", ""27""]"	"[""25"", ""1"", ""11"", ""27""]"	audio	audio.mastermix.wav	data/chorale-bricks/Vulpius_DieHelleSonnLeuchtJetztHerfuer/audio.mastermix.wav	12	"[""12"", ""none of the other options is correct"", ""25"", ""1"", ""11""]"	0.2	0	"[""A"", ""B"", ""C"", ""D"", ""E""]"	"{""A"": ""25"", ""B"": ""11"", ""C"": ""none of the other options is correct"", ""D"": ""12"", ""E"": ""1""}"	"[""(A) 25"", ""(B) 11"", ""(C) none of the other options is correct"", ""(D) 12"", ""(E) 1""]"	(D) 12	D
e9fa2d5f-289f-5dee-a2ba-1ae6753c5852	6	perception	rhythm	absolute	rhythm-absolute	rhythmic-recognition		note length statistics	What is the total count of {rhythm}-note units in the {voice} line?	"[""rhythm"", ""voice""]"	get_rhythm_count		rhythm	"{""rhythm"": ""half"", ""voice"": ""soprano""}"	What is the total count of half-note units in the soprano line?	Vulpius_DieHelleSonnLeuchtJetztHerfuer	chorale-bricks	Vulpius_DieHelleSonnLeuchtJetztHerfuer	data/chorale-bricks/Vulpius_DieHelleSonnLeuchtJetztHerfuer	12	"[""1"", ""11"", ""25"", ""27""]"	"[""25"", ""1"", ""11"", ""27""]"	symbolic	symbolic.abc.txt	data/chorale-bricks/Vulpius_DieHelleSonnLeuchtJetztHerfuer/symbolic.abc.txt	12	"[""12"", ""none of the other options is correct"", ""25"", ""1"", ""11""]"	0.2	0	"[""A"", ""B"", ""C"", ""D"", ""E""]"	"{""A"": ""11"", ""B"": ""1"", ""C"": ""25"", ""D"": ""none of the other options is correct"", ""E"": ""12""}"	"[""(A) 11"", ""(B) 1"", ""(C) 25"", ""(D) none of the other options is correct"", ""(E) 12""]"	(E) 12	E
a5844d38-31ab-563d-bc52-dc85ea77623b	6	perception	rhythm	absolute	rhythm-absolute	rhythmic-recognition		note length statistics	What is the total count of {rhythm}-note units in the {voice} line?	"[""rhythm"", ""voice""]"	get_rhythm_count		rhythm	"{""rhythm"": ""half"", ""voice"": ""soprano""}"	What is the total count of half-note units in the soprano line?	Vulpius_DieHelleSonnLeuchtJetztHerfuer	chorale-bricks	Vulpius_DieHelleSonnLeuchtJetztHerfuer	data/chorale-bricks/Vulpius_DieHelleSonnLeuchtJetztHerfuer	12	"[""1"", ""11"", ""25"", ""27""]"	"[""25"", ""1"", ""11"", ""27""]"	visual	visual.short.png	data/chorale-bricks/Vulpius_DieHelleSonnLeuchtJetztHerfuer/visual.short.png	none of the other options is correct	"[""none of the other options is correct"", ""25"", ""1"", ""11"", ""27""]"	0.2	1	"[""A"", ""B"", ""C"", ""D"", ""E""]"	"{""A"": ""1"", ""B"": ""11"", ""C"": ""none of the other options is correct"", ""D"": ""27"", ""E"": ""25""}"	"[""(A) 1"", ""(B) 11"", ""(C) none of the other options is correct"", ""(D) 27"", ""(E) 25""]"	(C) none of the other options is correct	C
74304920-4ea8-5647-8f8d-be57e32a69ca	6	perception	rhythm	absolute	rhythm-absolute	rhythmic-recognition		note length statistics	What is the total count of {rhythm}-note units in the {voice} line?	"[""rhythm"", ""voice""]"	get_rhythm_count		rhythm	"{""rhythm"": ""eighth"", ""voice"": ""alto""}"	What is the total count of eighth-note units in the alto line?	Bach_IchStehAnDeinerKrippe	chorale-bricks	Bach_IchStehAnDeinerKrippe	data/chorale-bricks/Bach_IchStehAnDeinerKrippe	4	"[""3"", ""6"", ""10"", ""37"", ""43""]"	"[""6"", ""37"", ""3"", ""43"", ""10""]"	audio	audio.mastermix.wav	data/chorale-bricks/Bach_IchStehAnDeinerKrippe/audio.mastermix.wav	4	"[""4"", ""none of the other options is correct"", ""6"", ""37"", ""3""]"	0.2	0	"[""A"", ""B"", ""C"", ""D"", ""E""]"	"{""A"": ""none of the other options is correct"", ""B"": ""4"", ""C"": ""6"", ""D"": ""3"", ""E"": ""37""}"	"[""(A) none of the other options is correct"", ""(B) 4"", ""(C) 6"", ""(D) 3"", ""(E) 37""]"	(B) 4	B
9043ade5-6867-51f1-baf1-3273bc643da4	6	perception	rhythm	absolute	rhythm-absolute	rhythmic-recognition		note length statistics	What is the total count of {rhythm}-note units in the {voice} line?	"[""rhythm"", ""voice""]"	get_rhythm_count		rhythm	"{""rhythm"": ""eighth"", ""voice"": ""alto""}"	What is the total count of eighth-note units in the alto line?	Bach_IchStehAnDeinerKrippe	chorale-bricks	Bach_IchStehAnDeinerKrippe	data/chorale-bricks/Bach_IchStehAnDeinerKrippe	4	"[""3"", ""6"", ""10"", ""37"", ""43""]"	"[""6"", ""37"", ""3"", ""43"", ""10""]"	symbolic	symbolic.abc.txt	data/chorale-bricks/Bach_IchStehAnDeinerKrippe/symbolic.abc.txt	4	"[""4"", ""none of the other options is correct"", ""6"", ""37"", ""3""]"	0.2	0	"[""A"", ""B"", ""C"", ""D"", ""E""]"	"{""A"": ""4"", ""B"": ""6"", ""C"": ""none of the other options is correct"", ""D"": ""3"", ""E"": ""37""}"	"[""(A) 4"", ""(B) 6"", ""(C) none of the other options is correct"", ""(D) 3"", ""(E) 37""]"	(A) 4	A
bf69f85c-feb2-5b24-a913-c7a47fc5e323	6	perception	rhythm	absolute	rhythm-absolute	rhythmic-recognition		note length statistics	What is the total count of {rhythm}-note units in the {voice} line?	"[""rhythm"", ""voice""]"	get_rhythm_count		rhythm	"{""rhythm"": ""eighth"", ""voice"": ""alto""}"	What is the total count of eighth-note units in the alto line?	Bach_IchStehAnDeinerKrippe	chorale-bricks	Bach_IchStehAnDeinerKrippe	data/chorale-bricks/Bach_IchStehAnDeinerKrippe	4	"[""3"", ""6"", ""10"", ""37"", ""43""]"	"[""6"", ""37"", ""3"", ""43"", ""10""]"	visual	visual.short.png	data/chorale-bricks/Bach_IchStehAnDeinerKrippe/visual.short.png	4	"[""4"", ""none of the other options is correct"", ""6"", ""37"", ""3""]"	0.2	0	"[""A"", ""B"", ""C"", ""D"", ""E""]"	"{""A"": ""37"", ""B"": ""3"", ""C"": ""6"", ""D"": ""none of the other options is correct"", ""E"": ""4""}"	"[""(A) 37"", ""(B) 3"", ""(C) 6"", ""(D) none of the other options is correct"", ""(E) 4""]"	(E) 4	E
0341ecdc-15e7-50db-94d0-d379d5a20776	6	perception	rhythm	absolute	rhythm-absolute	rhythmic-recognition		note length statistics	What is the total count of {rhythm}-note units in the {voice} line?	"[""rhythm"", ""voice""]"	get_rhythm_count		rhythm	"{""rhythm"": ""maxima"", ""voice"": ""soprano""}"	What is the total count of maxima-note units in the soprano line?	Drese_JesuGehVoran	chorale-bricks	Drese_JesuGehVoran	data/chorale-bricks/Drese_JesuGehVoran	0	"[""1"", ""4"", ""16"", ""18"", ""19"", ""20""]"	"[""16"", ""4"", ""20"", ""1"", ""19"", ""18""]"	audio	audio.mastermix.wav	data/chorale-bricks/Drese_JesuGehVoran/audio.mastermix.wav	0	"[""0"", ""none of the other options is correct"", ""16"", ""4"", ""20""]"	0.2	0	"[""A"", ""B"", ""C"", ""D"", ""E""]"	"{""A"": ""0"", ""B"": ""4"", ""C"": ""16"", ""D"": ""none of the other options is correct"", ""E"": ""20""}"	"[""(A) 0"", ""(B) 4"", ""(C) 16"", ""(D) none of the other options is correct"", ""(E) 20""]"	(A) 0	A
874f5307-db40-5864-8a75-7a476671b3de	6	perception	rhythm	absolute	rhythm-absolute	rhythmic-recognition		note length statistics	What is the total count of {rhythm}-note units in the {voice} line?	"[""rhythm"", ""voice""]"	get_rhythm_count		rhythm	"{""rhythm"": ""maxima"", ""voice"": ""soprano""}"	What is the total count of maxima-note units in the soprano line?	Drese_JesuGehVoran	chorale-bricks	Drese_JesuGehVoran	data/chorale-bricks/Drese_JesuGehVoran	0	"[""1"", ""4"", ""16"", ""18"", ""19"", ""20""]"	"[""16"", ""4"", ""20"", ""1"", ""19"", ""18""]"	symbolic	symbolic.abc.txt	data/chorale-bricks/Drese_JesuGehVoran/symbolic.abc.txt	0	"[""0"", ""none of the other options is correct"", ""16"", ""4"", ""20""]"	0.2	0	"[""A"", ""B"", ""C"", ""D"", ""E""]"	"{""A"": ""16"", ""B"": ""4"", ""C"": ""20"", ""D"": ""none of the other options is correct"", ""E"": ""0""}"	"[""(A) 16"", ""(B) 4"", ""(C) 20"", ""(D) none of the other options is correct"", ""(E) 0""]"	(E) 0	E
6f6aff30-672b-5236-9a4d-f888753ca226	6	perception	rhythm	absolute	rhythm-absolute	rhythmic-recognition		note length statistics	What is the total count of {rhythm}-note units in the {voice} line?	"[""rhythm"", ""voice""]"	get_rhythm_count		rhythm	"{""rhythm"": ""maxima"", ""voice"": ""soprano""}"	What is the total count of maxima-note units in the soprano line?	Drese_JesuGehVoran	chorale-bricks	Drese_JesuGehVoran	data/chorale-bricks/Drese_JesuGehVoran	0	"[""1"", ""4"", ""16"", ""18"", ""19"", ""20""]"	"[""16"", ""4"", ""20"", ""1"", ""19"", ""18""]"	visual	visual.short.png	data/chorale-bricks/Drese_JesuGehVoran/visual.short.png	0	"[""0"", ""none of the other options is correct"", ""16"", ""4"", ""20""]"	0.2	0	"[""A"", ""B"", ""C"", ""D"", ""E""]"	"{""A"": ""16"", ""B"": ""none of the other options is correct"", ""C"": ""4"", ""D"": ""0"", ""E"": ""20""}"	"[""(A) 16"", ""(B) none of the other options is correct"", ""(C) 4"", ""(D) 0"", ""(E) 20""]"	(D) 0	D
df30effc-9ddd-580b-a83a-2448f8169494	6	perception	rhythm	absolute	rhythm-absolute	rhythmic-recognition		note length statistics	What is the total count of {rhythm}-note units in the {voice} line?	"[""rhythm"", ""voice""]"	get_rhythm_count		rhythm	"{""rhythm"": ""quarter"", ""voice"": ""tenor""}"	What is the total count of quarter-note units in the tenor line?	Telemann_DerLiebenSonneLichtUndPracht	chorale-bricks	Telemann_DerLiebenSonneLichtUndPracht	data/chorale-bricks/Telemann_DerLiebenSonneLichtUndPracht	60	"[""1"", ""2"", ""3"", ""4"", ""57"", ""58""]"	"[""4"", ""3"", ""1"", ""2"", ""58"", ""57""]"	audio	audio.mastermix.wav	data/chorale-bricks/Telemann_DerLiebenSonneLichtUndPracht/audio.mastermix.wav	60	"[""60"", ""none of the other options is correct"", ""4"", ""3"", ""1""]"	0.2	0	"[""A"", ""B"", ""C"", ""D"", ""E""]"	"{""A"": ""none of the other options is correct"", ""B"": ""60"", ""C"": ""4"", ""D"": ""1"", ""E"": ""3""}"	"[""(A) none of the other options is correct"", ""(B) 60"", ""(C) 4"", ""(D) 1"", ""(E) 3""]"	(B) 60	B
77c9ba2b-9fed-579b-bbdc-e1c6f9b66d9f	6	perception	rhythm	absolute	rhythm-absolute	rhythmic-recognition		note length statistics	What is the total count of {rhythm}-note units in the {voice} line?	"[""rhythm"", ""voice""]"	get_rhythm_count		rhythm	"{""rhythm"": ""quarter"", ""voice"": ""tenor""}"	What is the total count of quarter-note units in the tenor line?	Telemann_DerLiebenSonneLichtUndPracht	chorale-bricks	Telemann_DerLiebenSonneLichtUndPracht	data/chorale-bricks/Telemann_DerLiebenSonneLichtUndPracht	60	"[""1"", ""2"", ""3"", ""4"", ""57"", ""58""]"	"[""4"", ""3"", ""1"", ""2"", ""58"", ""57""]"	symbolic	symbolic.abc.txt	data/chorale-bricks/Telemann_DerLiebenSonneLichtUndPracht/symbolic.abc.txt	60	"[""60"", ""none of the other options is correct"", ""4"", ""3"", ""1""]"	0.2	0	"[""A"", ""B"", ""C"", ""D"", ""E""]"	"{""A"": ""4"", ""B"": ""3"", ""C"": ""60"", ""D"": ""1"", ""E"": ""none of the other options is correct""}"	"[""(A) 4"", ""(B) 3"", ""(C) 60"", ""(D) 1"", ""(E) none of the other options is correct""]"	(C) 60	C
61479af2-a9c5-5b2b-a817-93f851ce4962	6	perception	rhythm	absolute	rhythm-absolute	rhythmic-recognition		note length statistics	What is the total count of {rhythm}-note units in the {voice} line?	"[""rhythm"", ""voice""]"	get_rhythm_count		rhythm	"{""rhythm"": ""quarter"", ""voice"": ""tenor""}"	What is the total count of quarter-note units in the tenor line?	Telemann_DerLiebenSonneLichtUndPracht	chorale-bricks	Telemann_DerLiebenSonneLichtUndPracht	data/chorale-bricks/Telemann_DerLiebenSonneLichtUndPracht	60	"[""1"", ""2"", ""3"", ""4"", ""57"", ""58""]"	"[""4"", ""3"", ""1"", ""2"", ""58"", ""57""]"	visual	visual.short.png	data/chorale-bricks/Telemann_DerLiebenSonneLichtUndPracht/visual.short.png	60	"[""60"", ""none of the other options is correct"", ""4"", ""3"", ""1""]"	0.2	0	"[""A"", ""B"", ""C"", ""D"", ""E""]"	"{""A"": ""3"", ""B"": ""none of the other options is correct"", ""C"": ""1"", ""D"": ""4"", ""E"": ""60""}"	"[""(A) 3"", ""(B) none of the other options is correct"", ""(C) 1"", ""(D) 4"", ""(E) 60""]"	(E) 60	E
e2c3cb99-037e-5826-a584-f54f60aaf2d1	6	perception	rhythm	absolute	rhythm-absolute	rhythmic-recognition		note length statistics	What is the total count of {rhythm}-note units in the {voice} line?	"[""rhythm"", ""voice""]"	get_rhythm_count		rhythm	"{""rhythm"": ""longa"", ""voice"": ""tenor""}"	What is the total count of longa-note units in the tenor line?	Drese_JesuGehVoran	chorale-bricks	Drese_JesuGehVoran	data/chorale-bricks/Drese_JesuGehVoran	0	"[""1"", ""4"", ""16"", ""18"", ""19"", ""20""]"	"[""16"", ""20"", ""4"", ""1"", ""19"", ""18""]"	audio	audio.mastermix.wav	data/chorale-bricks/Drese_JesuGehVoran/audio.mastermix.wav	0	"[""0"", ""none of the other options is correct"", ""16"", ""20"", ""4""]"	0.2	0	"[""A"", ""B"", ""C"", ""D"", ""E""]"	"{""A"": ""4"", ""B"": ""none of the other options is correct"", ""C"": ""20"", ""D"": ""16"", ""E"": ""0""}"	"[""(A) 4"", ""(B) none of the other options is correct"", ""(C) 20"", ""(D) 16"", ""(E) 0""]"	(E) 0	E
2a6367e1-2d8e-558d-8bed-40838c9d1563	6	perception	rhythm	absolute	rhythm-absolute	rhythmic-recognition		note length statistics	What is the total count of {rhythm}-note units in the {voice} line?	"[""rhythm"", ""voice""]"	get_rhythm_count		rhythm	"{""rhythm"": ""longa"", ""voice"": ""tenor""}"	What is the total count of longa-note units in the tenor line?	Drese_JesuGehVoran	chorale-bricks	Drese_JesuGehVoran	data/chorale-bricks/Drese_JesuGehVoran	0	"[""1"", ""4"", ""16"", ""18"", ""19"", ""20""]"	"[""16"", ""20"", ""4"", ""1"", ""19"", ""18""]"	symbolic	symbolic.abc.txt	data/chorale-bricks/Drese_JesuGehVoran/symbolic.abc.txt	0	"[""0"", ""none of the other options is correct"", ""16"", ""20"", ""4""]"	0.2	0	"[""A"", ""B"", ""C"", ""D"", ""E""]"	"{""A"": ""0"", ""B"": ""16"", ""C"": ""20"", ""D"": ""4"", ""E"": ""none of the other options is correct""}"	"[""(A) 0"", ""(B) 16"", ""(C) 20"", ""(D) 4"", ""(E) none of the other options is correct""]"	(A) 0	A
6aae475a-9fbb-5d03-ab03-f9a8455d7e76	6	perception	rhythm	absolute	rhythm-absolute	rhythmic-recognition		note length statistics	What is the total count of {rhythm}-note units in the {voice} line?	"[""rhythm"", ""voice""]"	get_rhythm_count		rhythm	"{""rhythm"": ""longa"", ""voice"": ""tenor""}"	What is the total count of longa-note units in the tenor line?	Drese_JesuGehVoran	chorale-bricks	Drese_JesuGehVoran	data/chorale-bricks/Drese_JesuGehVoran	0	"[""1"", ""4"", ""16"", ""18"", ""19"", ""20""]"	"[""16"", ""20"", ""4"", ""1"", ""19"", ""18""]"	visual	visual.short.png	data/chorale-bricks/Drese_JesuGehVoran/visual.short.png	0	"[""0"", ""none of the other options is correct"", ""16"", ""20"", ""4""]"	0.2	0	"[""A"", ""B"", ""C"", ""D"", ""E""]"	"{""A"": ""20"", ""B"": ""4"", ""C"": ""0"", ""D"": ""none of the other options is correct"", ""E"": ""16""}"	"[""(A) 20"", ""(B) 4"", ""(C) 0"", ""(D) none of the other options is correct"", ""(E) 16""]"	(C) 0	C
310446fd-a844-573d-97c1-1dde4691ac1d	6	perception	rhythm	absolute	rhythm-absolute	rhythmic-recognition		note length statistics	What is the total count of {rhythm}-note units in the {voice} line?	"[""rhythm"", ""voice""]"	get_rhythm_count		rhythm	"{""rhythm"": ""eighth"", ""voice"": ""alto""}"	What is the total count of eighth-note units in the alto line?	Gesius_BefiehlDuDeineWege	chorale-bricks	Gesius_BefiehlDuDeineWege	data/chorale-bricks/Gesius_BefiehlDuDeineWege	0	"[""1"", ""5"", ""6"", ""7"", ""48"", ""50"", ""52""]"	"[""52"", ""7"", ""1"", ""50"", ""5"", ""48"", ""6""]"	audio	audio.mastermix.wav	data/chorale-bricks/Gesius_BefiehlDuDeineWege/audio.mastermix.wav	0	"[""0"", ""none of the other options is correct"", ""52"", ""7"", ""1""]"	0.2	0	"[""A"", ""B"", ""C"", ""D"", ""E""]"	"{""A"": ""0"", ""B"": ""1"", ""C"": ""52"", ""D"": ""7"", ""E"": ""none of the other options is correct""}"	"[""(A) 0"", ""(B) 1"", ""(C) 52"", ""(D) 7"", ""(E) none of the other options is correct""]"	(A) 0	A
7f4cc44c-77d7-52a9-9f22-885c18d98396	6	perception	rhythm	absolute	rhythm-absolute	rhythmic-recognition		note length statistics	What is the total count of {rhythm}-note units in the {voice} line?	"[""rhythm"", ""voice""]"	get_rhythm_count		rhythm	"{""rhythm"": ""eighth"", ""voice"": ""alto""}"	What is the total count of eighth-note units in the alto line?	Gesius_BefiehlDuDeineWege	chorale-bricks	Gesius_BefiehlDuDeineWege	data/chorale-bricks/Gesius_BefiehlDuDeineWege	0	"[""1"", ""5"", ""6"", ""7"", ""48"", ""50"", ""52""]"	"[""52"", ""7"", ""1"", ""50"", ""5"", ""48"", ""6""]"	symbolic	symbolic.abc.txt	data/chorale-bricks/Gesius_BefiehlDuDeineWege/symbolic.abc.txt	0	"[""0"", ""none of the other options is correct"", ""52"", ""7"", ""1""]"	0.2	0	"[""A"", ""B"", ""C"", ""D"", ""E""]"	"{""A"": ""1"", ""B"": ""7"", ""C"": ""none of the other options is correct"", ""D"": ""0"", ""E"": ""52""}"	"[""(A) 1"", ""(B) 7"", ""(C) none of the other options is correct"", ""(D) 0"", ""(E) 52""]"	(D) 0	D
4526e561-931f-501e-8c96-49d15de23f0f	6	perception	rhythm	absolute	rhythm-absolute	rhythmic-recognition		note length statistics	What is the total count of {rhythm}-note units in the {voice} line?	"[""rhythm"", ""voice""]"	get_rhythm_count		rhythm	"{""rhythm"": ""eighth"", ""voice"": ""alto""}"	What is the total count of eighth-note units in the alto line?	Gesius_BefiehlDuDeineWege	chorale-bricks	Gesius_BefiehlDuDeineWege	data/chorale-bricks/Gesius_BefiehlDuDeineWege	0	"[""1"", ""5"", ""6"", ""7"", ""48"", ""50"", ""52""]"	"[""52"", ""7"", ""1"", ""50"", ""5"", ""48"", ""6""]"	visual	visual.short.png	data/chorale-bricks/Gesius_BefiehlDuDeineWege/visual.short.png	0	"[""0"", ""none of the other options is correct"", ""52"", ""7"", ""1""]"	0.2	0	"[""A"", ""B"", ""C"", ""D"", ""E""]"	"{""A"": ""none of the other options is correct"", ""B"": ""1"", ""C"": ""7"", ""D"": ""0"", ""E"": ""52""}"	"[""(A) none of the other options is correct"", ""(B) 1"", ""(C) 7"", ""(D) 0"", ""(E) 52""]"	(D) 0	D
2b0213ca-370d-5c8b-90e1-dd4d1349016c	7	perception	rhythm	relative	rhythm-relative	proportion-recognition		rhythm pattern	What is the temporal relationship (e.g., 2:1, 3:1) between the  {target_index} note (or rest) and the next one in the {voice} line?	"[""target_index"", ""voice""]"	get_rhythm_pattern		rhythm	"{""target_index"": ""51st"", ""voice"": ""soprano""}"	What is the temporal relationship (e.g., 2:1, 3:1) between the  51st note (or rest) and the next one in the soprano line?	Telemann_DerLiebenSonneLichtUndPracht	chorale-bricks	Telemann_DerLiebenSonneLichtUndPracht	data/chorale-bricks/Telemann_DerLiebenSonneLichtUndPracht	1:1	"[""1:2"", ""1:3"", ""2:1"", ""3:1""]"	"[""1:3"", ""2:1"", ""3:1"", ""1:2""]"	audio	audio.mastermix.wav	data/chorale-bricks/Telemann_DerLiebenSonneLichtUndPracht/audio.mastermix.wav	1:1	"[""1:1"", ""none of the other options is correct"", ""1:3"", ""2:1"", ""3:1""]"	0.2	0	"[""A"", ""B"", ""C"", ""D"", ""E""]"	"{""A"": ""1:1"", ""B"": ""2:1"", ""C"": ""3:1"", ""D"": ""none of the other options is correct"", ""E"": ""1:3""}"	"[""(A) 1:1"", ""(B) 2:1"", ""(C) 3:1"", ""(D) none of the other options is correct"", ""(E) 1:3""]"	(A) 1:1	A
f06ec410-5d7f-50ea-b267-5314c3170b56	7	perception	rhythm	relative	rhythm-relative	proportion-recognition		rhythm pattern	What is the temporal relationship (e.g., 2:1, 3:1) between the  {target_index} note (or rest) and the next one in the {voice} line?	"[""target_index"", ""voice""]"	get_rhythm_pattern		rhythm	"{""target_index"": ""51st"", ""voice"": ""soprano""}"	What is the temporal relationship (e.g., 2:1, 3:1) between the  51st note (or rest) and the next one in the soprano line?	Telemann_DerLiebenSonneLichtUndPracht	chorale-bricks	Telemann_DerLiebenSonneLichtUndPracht	data/chorale-bricks/Telemann_DerLiebenSonneLichtUndPracht	1:1	"[""1:2"", ""1:3"", ""2:1"", ""3:1""]"	"[""1:3"", ""2:1"", ""3:1"", ""1:2""]"	symbolic	symbolic.abc.txt	data/chorale-bricks/Telemann_DerLiebenSonneLichtUndPracht/symbolic.abc.txt	none of the other options is correct	"[""none of the other options is correct"", ""1:3"", ""2:1"", ""3:1"", ""1:2""]"	0.2	1	"[""A"", ""B"", ""C"", ""D"", ""E""]"	"{""A"": ""3:1"", ""B"": ""1:2"", ""C"": ""1:3"", ""D"": ""none of the other options is correct"", ""E"": ""2:1""}"	"[""(A) 3:1"", ""(B) 1:2"", ""(C) 1:3"", ""(D) none of the other options is correct"", ""(E) 2:1""]"	(D) none of the other options is correct	D
333c400b-5698-58a3-8e36-e4f10b29f399	7	perception	rhythm	relative	rhythm-relative	proportion-recognition		rhythm pattern	What is the temporal relationship (e.g., 2:1, 3:1) between the  {target_index} note (or rest) and the next one in the {voice} line?	"[""target_index"", ""voice""]"	get_rhythm_pattern		rhythm	"{""target_index"": ""51st"", ""voice"": ""soprano""}"	What is the temporal relationship (e.g., 2:1, 3:1) between the  51st note (or rest) and the next one in the soprano line?	Telemann_DerLiebenSonneLichtUndPracht	chorale-bricks	Telemann_DerLiebenSonneLichtUndPracht	data/chorale-bricks/Telemann_DerLiebenSonneLichtUndPracht	1:1	"[""1:2"", ""1:3"", ""2:1"", ""3:1""]"	"[""1:3"", ""2:1"", ""3:1"", ""1:2""]"	visual	visual.short.png	data/chorale-bricks/Telemann_DerLiebenSonneLichtUndPracht/visual.short.png	1:1	"[""1:1"", ""none of the other options is correct"", ""1:3"", ""2:1"", ""3:1""]"	0.2	0	"[""A"", ""B"", ""C"", ""D"", ""E""]"	"{""A"": ""none of the other options is correct"", ""B"": ""2:1"", ""C"": ""1:1"", ""D"": ""3:1"", ""E"": ""1:3""}"	"[""(A) none of the other options is correct"", ""(B) 2:1"", ""(C) 1:1"", ""(D) 3:1"", ""(E) 1:3""]"	(C) 1:1	C
d01c97ef-f64e-5ac9-92be-c5102d0a66ef	7	perception	rhythm	relative	rhythm-relative	proportion-recognition		rhythm pattern	What is the temporal relationship (e.g., 2:1, 3:1) between the  {target_index} note (or rest) and the next one in the {voice} line?	"[""target_index"", ""voice""]"	get_rhythm_pattern		rhythm	"{""target_index"": ""41st"", ""voice"": ""alto""}"	What is the temporal relationship (e.g., 2:1, 3:1) between the  41st note (or rest) and the next one in the alto line?	Bach_IchStehAnDeinerKrippe	chorale-bricks	Bach_IchStehAnDeinerKrippe	data/chorale-bricks/Bach_IchStehAnDeinerKrippe	1:1	"[""1:2"", ""1:4"", ""2:1"", ""3:1"", ""3:2""]"	"[""1:2"", ""2:1"", ""3:2"", ""3:1"", ""1:4""]"	audio	audio.mastermix.wav	data/chorale-bricks/Bach_IchStehAnDeinerKrippe/audio.mastermix.wav	1:1	"[""1:1"", ""none of the other options is correct"", ""1:2"", ""2:1"", ""3:2""]"	0.2	0	"[""A"", ""B"", ""C"", ""D"", ""E""]"	"{""A"": ""1:1"", ""B"": ""none of the other options is correct"", ""C"": ""2:1"", ""D"": ""1:2"", ""E"": ""3:2""}"	"[""(A) 1:1"", ""(B) none of the other options is correct"", ""(C) 2:1"", ""(D) 1:2"", ""(E) 3:2""]"	(A) 1:1	A
62a736b4-39fc-5cb7-902d-762cdcfd29d0	7	perception	rhythm	relative	rhythm-relative	proportion-recognition		rhythm pattern	What is the temporal relationship (e.g., 2:1, 3:1) between the  {target_index} note (or rest) and the next one in the {voice} line?	"[""target_index"", ""voice""]"	get_rhythm_pattern		rhythm	"{""target_index"": ""41st"", ""voice"": ""alto""}"	What is the temporal relationship (e.g., 2:1, 3:1) between the  41st note (or rest) and the next one in the alto line?	Bach_IchStehAnDeinerKrippe	chorale-bricks	Bach_IchStehAnDeinerKrippe	data/chorale-bricks/Bach_IchStehAnDeinerKrippe	1:1	"[""1:2"", ""1:4"", ""2:1"", ""3:1"", ""3:2""]"	"[""1:2"", ""2:1"", ""3:2"", ""3:1"", ""1:4""]"	symbolic	symbolic.abc.txt	data/chorale-bricks/Bach_IchStehAnDeinerKrippe/symbolic.abc.txt	none of the other options is correct	"[""none of the other options is correct"", ""1:2"", ""2:1"", ""3:2"", ""3:1""]"	0.2	1	"[""A"", ""B"", ""C"", ""D"", ""E""]"	"{""A"": ""2:1"", ""B"": ""none of the other options is correct"", ""C"": ""3:1"", ""D"": ""3:2"", ""E"": ""1:2""}"	"[""(A) 2:1"", ""(B) none of the other options is correct"", ""(C) 3:1"", ""(D) 3:2"", ""(E) 1:2""]"	(B) none of the other options is correct	B
c96d0d51-df1b-5722-9fc3-3209e7e4f40b	7	perception	rhythm	relative	rhythm-relative	proportion-recognition		rhythm pattern	What is the temporal relationship (e.g., 2:1, 3:1) between the  {target_index} note (or rest) and the next one in the {voice} line?	"[""target_index"", ""voice""]"	get_rhythm_pattern		rhythm	"{""target_index"": ""41st"", ""voice"": ""alto""}"	What is the temporal relationship (e.g., 2:1, 3:1) between the  41st note (or rest) and the next one in the alto line?	Bach_IchStehAnDeinerKrippe	chorale-bricks	Bach_IchStehAnDeinerKrippe	data/chorale-bricks/Bach_IchStehAnDeinerKrippe	1:1	"[""1:2"", ""1:4"", ""2:1"", ""3:1"", ""3:2""]"	"[""1:2"", ""2:1"", ""3:2"", ""3:1"", ""1:4""]"	visual	visual.short.png	data/chorale-bricks/Bach_IchStehAnDeinerKrippe/visual.short.png	none of the other options is correct	"[""none of the other options is correct"", ""1:2"", ""2:1"", ""3:2"", ""3:1""]"	0.2	1	"[""A"", ""B"", ""C"", ""D"", ""E""]"	"{""A"": ""1:2"", ""B"": ""3:1"", ""C"": ""none of the other options is correct"", ""D"": ""3:2"", ""E"": ""2:1""}"	"[""(A) 1:2"", ""(B) 3:1"", ""(C) none of the other options is correct"", ""(D) 3:2"", ""(E) 2:1""]"	(C) none of the other options is correct	C
82408995-33a8-5d0d-8f40-c703e384520b	7	perception	rhythm	relative	rhythm-relative	proportion-recognition		rhythm pattern	What is the temporal relationship (e.g., 2:1, 3:1) between the  {target_index} note (or rest) and the next one in the {voice} line?	"[""target_index"", ""voice""]"	get_rhythm_pattern		rhythm	"{""target_index"": ""3rd"", ""voice"": ""tenor""}"	What is the temporal relationship (e.g., 2:1, 3:1) between the  3rd note (or rest) and the next one in the tenor line?	Telemann_DerLiebenSonneLichtUndPracht	chorale-bricks	Telemann_DerLiebenSonneLichtUndPracht	data/chorale-bricks/Telemann_DerLiebenSonneLichtUndPracht	1:1	"[""1:2"", ""1:3"", ""2:1"", ""3:1""]"	"[""1:2"", ""3:1"", ""2:1"", ""1:3""]"	audio	audio.mastermix.wav	data/chorale-bricks/Telemann_DerLiebenSonneLichtUndPracht/audio.mastermix.wav	1:1	"[""1:1"", ""none of the other options is correct"", ""1:2"", ""3:1"", ""2:1""]"	0.2	0	"[""A"", ""B"", ""C"", ""D"", ""E""]"	"{""A"": ""1:2"", ""B"": ""3:1"", ""C"": ""2:1"", ""D"": ""none of the other options is correct"", ""E"": ""1:1""}"	"[""(A) 1:2"", ""(B) 3:1"", ""(C) 2:1"", ""(D) none of the other options is correct"", ""(E) 1:1""]"	(E) 1:1	E
277a8798-4af7-5b8a-b847-31a8d5558cdf	7	perception	rhythm	relative	rhythm-relative	proportion-recognition		rhythm pattern	What is the temporal relationship (e.g., 2:1, 3:1) between the  {target_index} note (or rest) and the next one in the {voice} line?	"[""target_index"", ""voice""]"	get_rhythm_pattern		rhythm	"{""target_index"": ""3rd"", ""voice"": ""tenor""}"	What is the temporal relationship (e.g., 2:1, 3:1) between the  3rd note (or rest) and the next one in the tenor line?	Telemann_DerLiebenSonneLichtUndPracht	chorale-bricks	Telemann_DerLiebenSonneLichtUndPracht	data/chorale-bricks/Telemann_DerLiebenSonneLichtUndPracht	1:1	"[""1:2"", ""1:3"", ""2:1"", ""3:1""]"	"[""1:2"", ""3:1"", ""2:1"", ""1:3""]"	symbolic	symbolic.abc.txt	data/chorale-bricks/Telemann_DerLiebenSonneLichtUndPracht/symbolic.abc.txt	none of the other options is correct	"[""none of the other options is correct"", ""1:2"", ""3:1"", ""2:1"", ""1:3""]"	0.2	1	"[""A"", ""B"", ""C"", ""D"", ""E""]"	"{""A"": ""none of the other options is correct"", ""B"": ""2:1"", ""C"": ""1:2"", ""D"": ""3:1"", ""E"": ""1:3""}"	"[""(A) none of the other options is correct"", ""(B) 2:1"", ""(C) 1:2"", ""(D) 3:1"", ""(E) 1:3""]"	(A) none of the other options is correct	A
22527392-f323-5b17-9043-05a657cc164c	7	perception	rhythm	relative	rhythm-relative	proportion-recognition		rhythm pattern	What is the temporal relationship (e.g., 2:1, 3:1) between the  {target_index} note (or rest) and the next one in the {voice} line?	"[""target_index"", ""voice""]"	get_rhythm_pattern		rhythm	"{""target_index"": ""3rd"", ""voice"": ""tenor""}"	What is the temporal relationship (e.g., 2:1, 3:1) between the  3rd note (or rest) and the next one in the tenor line?	Telemann_DerLiebenSonneLichtUndPracht	chorale-bricks	Telemann_DerLiebenSonneLichtUndPracht	data/chorale-bricks/Telemann_DerLiebenSonneLichtUndPracht	1:1	"[""1:2"", ""1:3"", ""2:1"", ""3:1""]"	"[""1:2"", ""3:1"", ""2:1"", ""1:3""]"	visual	visual.short.png	data/chorale-bricks/Telemann_DerLiebenSonneLichtUndPracht/visual.short.png	none of the other options is correct	"[""none of the other options is correct"", ""1:2"", ""3:1"", ""2:1"", ""1:3""]"	0.2	1	"[""A"", ""B"", ""C"", ""D"", ""E""]"	"{""A"": ""1:2"", ""B"": ""2:1"", ""C"": ""1:3"", ""D"": ""3:1"", ""E"": ""none of the other options is correct""}"	"[""(A) 1:2"", ""(B) 2:1"", ""(C) 1:3"", ""(D) 3:1"", ""(E) none of the other options is correct""]"	(E) none of the other options is correct	E
20d36062-b9e1-55c6-9dcd-4ba1c9cc4d01	7	perception	rhythm	relative	rhythm-relative	proportion-recognition		rhythm pattern	What is the temporal relationship (e.g., 2:1, 3:1) between the  {target_index} note (or rest) and the next one in the {voice} line?	"[""target_index"", ""voice""]"	get_rhythm_pattern		rhythm	"{""target_index"": ""12th"", ""voice"": ""soprano""}"	What is the temporal relationship (e.g., 2:1, 3:1) between the  12th note (or rest) and the next one in the soprano line?	Crueger_AufAufMeinHerzMitFreuden	chorale-bricks	Crueger_AufAufMeinHerzMitFreuden	data/chorale-bricks/Crueger_AufAufMeinHerzMitFreuden	3:1	"[""1:1"", ""1:2"", ""1:3"", ""2:1"", ""2:3"", ""3:2""]"	"[""2:3"", ""3:2"", ""2:1"", ""1:2"", ""1:3"", ""1:1""]"	audio	audio.mastermix.wav	data/chorale-bricks/Crueger_AufAufMeinHerzMitFreuden/audio.mastermix.wav	3:1	"[""3:1"", ""none of the other options is correct"", ""2:3"", ""3:2"", ""2:1""]"	0.2	0	"[""A"", ""B"", ""C"", ""D"", ""E""]"	"{""A"": ""2:1"", ""B"": ""2:3"", ""C"": ""3:1"", ""D"": ""3:2"", ""E"": ""none of the other options is correct""}"	"[""(A) 2:1"", ""(B) 2:3"", ""(C) 3:1"", ""(D) 3:2"", ""(E) none of the other options is correct""]"	(C) 3:1	C
03ff9630-e850-5a50-8f50-cfdfc53a5084	7	perception	rhythm	relative	rhythm-relative	proportion-recognition		rhythm pattern	What is the temporal relationship (e.g., 2:1, 3:1) between the  {target_index} note (or rest) and the next one in the {voice} line?	"[""target_index"", ""voice""]"	get_rhythm_pattern		rhythm	"{""target_index"": ""12th"", ""voice"": ""soprano""}"	What is the temporal relationship (e.g., 2:1, 3:1) between the  12th note (or rest) and the next one in the soprano line?	Crueger_AufAufMeinHerzMitFreuden	chorale-bricks	Crueger_AufAufMeinHerzMitFreuden	data/chorale-bricks/Crueger_AufAufMeinHerzMitFreuden	3:1	"[""1:1"", ""1:2"", ""1:3"", ""2:1"", ""2:3"", ""3:2""]"	"[""2:3"", ""3:2"", ""2:1"", ""1:2"", ""1:3"", ""1:1""]"	symbolic	symbolic.abc.txt	data/chorale-bricks/Crueger_AufAufMeinHerzMitFreuden/symbolic.abc.txt	3:1	"[""3:1"", ""none of the other options is correct"", ""2:3"", ""3:2"", ""2:1""]"	0.2	0	"[""A"", ""B"", ""C"", ""D"", ""E""]"	"{""A"": ""2:1"", ""B"": ""3:1"", ""C"": ""none of the other options is correct"", ""D"": ""3:2"", ""E"": ""2:3""}"	"[""(A) 2:1"", ""(B) 3:1"", ""(C) none of the other options is correct"", ""(D) 3:2"", ""(E) 2:3""]"	(B) 3:1	B
ff5d59ee-e4fe-5362-b97a-c3829d665106	7	perception	rhythm	relative	rhythm-relative	proportion-recognition		rhythm pattern	What is the temporal relationship (e.g., 2:1, 3:1) between the  {target_index} note (or rest) and the next one in the {voice} line?	"[""target_index"", ""voice""]"	get_rhythm_pattern		rhythm	"{""target_index"": ""12th"", ""voice"": ""soprano""}"	What is the temporal relationship (e.g., 2:1, 3:1) between the  12th note (or rest) and the next one in the soprano line?	Crueger_AufAufMeinHerzMitFreuden	chorale-bricks	Crueger_AufAufMeinHerzMitFreuden	data/chorale-bricks/Crueger_AufAufMeinHerzMitFreuden	3:1	"[""1:1"", ""1:2"", ""1:3"", ""2:1"", ""2:3"", ""3:2""]"	"[""2:3"", ""3:2"", ""2:1"", ""1:2"", ""1:3"", ""1:1""]"	visual	visual.short.png	data/chorale-bricks/Crueger_AufAufMeinHerzMitFreuden/visual.short.png	3:1	"[""3:1"", ""none of the other options is correct"", ""2:3"", ""3:2"", ""2:1""]"	0.2	0	"[""A"", ""B"", ""C"", ""D"", ""E""]"	"{""A"": ""2:3"", ""B"": ""2:1"", ""C"": ""none of the other options is correct"", ""D"": ""3:1"", ""E"": ""3:2""}"	"[""(A) 2:3"", ""(B) 2:1"", ""(C) none of the other options is correct"", ""(D) 3:1"", ""(E) 3:2""]"	(D) 3:1	D
a61aa74d-ebbe-5b7d-b24d-87f2277efc44	7	perception	rhythm	relative	rhythm-relative	proportion-recognition		rhythm pattern	What is the temporal relationship (e.g., 2:1, 3:1) between the  {target_index} note (or rest) and the next one in the {voice} line?	"[""target_index"", ""voice""]"	get_rhythm_pattern		rhythm	"{""target_index"": ""13th"", ""voice"": ""bass""}"	What is the temporal relationship (e.g., 2:1, 3:1) between the  13th note (or rest) and the next one in the bass line?	Vulpius_ChristusDerIstMeinLeben	chorale-bricks	Vulpius_ChristusDerIstMeinLeben	data/chorale-bricks/Vulpius_ChristusDerIstMeinLeben	3:1	"[""1:1"", ""1:2"", ""1:3"", ""2:1"", ""3:2""]"	"[""1:2"", ""1:1"", ""3:2"", ""2:1"", ""1:3""]"	audio	audio.mastermix.wav	data/chorale-bricks/Vulpius_ChristusDerIstMeinLeben/audio.mastermix.wav	none of the other options is correct	"[""none of the other options is correct"", ""1:2"", ""1:1"", ""3:2"", ""2:1""]"	0.2	1	"[""A"", ""B"", ""C"", ""D"", ""E""]"	"{""A"": ""2:1"", ""B"": ""1:1"", ""C"": ""none of the other options is correct"", ""D"": ""1:2"", ""E"": ""3:2""}"	"[""(A) 2:1"", ""(B) 1:1"", ""(C) none of the other options is correct"", ""(D) 1:2"", ""(E) 3:2""]"	(C) none of the other options is correct	C
fca13965-2260-5124-a542-f10c8dc250c3	7	perception	rhythm	relative	rhythm-relative	proportion-recognition		rhythm pattern	What is the temporal relationship (e.g., 2:1, 3:1) between the  {target_index} note (or rest) and the next one in the {voice} line?	"[""target_index"", ""voice""]"	get_rhythm_pattern		rhythm	"{""target_index"": ""13th"", ""voice"": ""bass""}"	What is the temporal relationship (e.g., 2:1, 3:1) between the  13th note (or rest) and the next one in the bass line?	Vulpius_ChristusDerIstMeinLeben	chorale-bricks	Vulpius_ChristusDerIstMeinLeben	data/chorale-bricks/Vulpius_ChristusDerIstMeinLeben	3:1	"[""1:1"", ""1:2"", ""1:3"", ""2:1"", ""3:2""]"	"[""1:2"", ""1:1"", ""3:2"", ""2:1"", ""1:3""]"	symbolic	symbolic.abc.txt	data/chorale-bricks/Vulpius_ChristusDerIstMeinLeben/symbolic.abc.txt	3:1	"[""3:1"", ""none of the other options is correct"", ""1:2"", ""1:1"", ""3:2""]"	0.2	0	"[""A"", ""B"", ""C"", ""D"", ""E""]"	"{""A"": ""none of the other options is correct"", ""B"": ""1:1"", ""C"": ""3:1"", ""D"": ""1:2"", ""E"": ""3:2""}"	"[""(A) none of the other options is correct"", ""(B) 1:1"", ""(C) 3:1"", ""(D) 1:2"", ""(E) 3:2""]"	(C) 3:1	C
4927bc11-d026-5b6f-b1a7-f4a9567ed40d	7	perception	rhythm	relative	rhythm-relative	proportion-recognition		rhythm pattern	What is the temporal relationship (e.g., 2:1, 3:1) between the  {target_index} note (or rest) and the next one in the {voice} line?	"[""target_index"", ""voice""]"	get_rhythm_pattern		rhythm	"{""target_index"": ""13th"", ""voice"": ""bass""}"	What is the temporal relationship (e.g., 2:1, 3:1) between the  13th note (or rest) and the next one in the bass line?	Vulpius_ChristusDerIstMeinLeben	chorale-bricks	Vulpius_ChristusDerIstMeinLeben	data/chorale-bricks/Vulpius_ChristusDerIstMeinLeben	3:1	"[""1:1"", ""1:2"", ""1:3"", ""2:1"", ""3:2""]"	"[""1:2"", ""1:1"", ""3:2"", ""2:1"", ""1:3""]"	visual	visual.short.png	data/chorale-bricks/Vulpius_ChristusDerIstMeinLeben/visual.short.png	none of the other options is correct	"[""none of the other options is correct"", ""1:2"", ""1:1"", ""3:2"", ""2:1""]"	0.2	1	"[""A"", ""B"", ""C"", ""D"", ""E""]"	"{""A"": ""2:1"", ""B"": ""3:2"", ""C"": ""1:1"", ""D"": ""none of the other options is correct"", ""E"": ""1:2""}"	"[""(A) 2:1"", ""(B) 3:2"", ""(C) 1:1"", ""(D) none of the other options is correct"", ""(E) 1:2""]"	(D) none of the other options is correct	D
e9eecfbf-f91e-529d-a5c1-e047324e733c	7	perception	rhythm	relative	rhythm-relative	proportion-recognition		rhythm pattern	What is the temporal relationship (e.g., 2:1, 3:1) between the  {target_index} note (or rest) and the next one in the {voice} line?	"[""target_index"", ""voice""]"	get_rhythm_pattern		rhythm	"{""target_index"": ""30th"", ""voice"": ""soprano""}"	What is the temporal relationship (e.g., 2:1, 3:1) between the  30th note (or rest) and the next one in the soprano line?	Vulpius_DieHelleSonnLeuchtJetztHerfuer	chorale-bricks	Vulpius_DieHelleSonnLeuchtJetztHerfuer	data/chorale-bricks/Vulpius_DieHelleSonnLeuchtJetztHerfuer	1:2	"[""1:1"", ""1:3"", ""2:1"", ""3:1""]"	"[""1:3"", ""2:1"", ""1:1"", ""3:1""]"	audio	audio.mastermix.wav	data/chorale-bricks/Vulpius_DieHelleSonnLeuchtJetztHerfuer/audio.mastermix.wav	1:2	"[""1:2"", ""none of the other options is correct"", ""1:3"", ""2:1"", ""1:1""]"	0.2	0	"[""A"", ""B"", ""C"", ""D"", ""E""]"	"{""A"": ""2:1"", ""B"": ""1:3"", ""C"": ""1:1"", ""D"": ""1:2"", ""E"": ""none of the other options is correct""}"	"[""(A) 2:1"", ""(B) 1:3"", ""(C) 1:1"", ""(D) 1:2"", ""(E) none of the other options is correct""]"	(D) 1:2	D
a14f2661-43f4-53d6-88f9-f4ad549ced9f	7	perception	rhythm	relative	rhythm-relative	proportion-recognition		rhythm pattern	What is the temporal relationship (e.g., 2:1, 3:1) between the  {target_index} note (or rest) and the next one in the {voice} line?	"[""target_index"", ""voice""]"	get_rhythm_pattern		rhythm	"{""target_index"": ""30th"", ""voice"": ""soprano""}"	What is the temporal relationship (e.g., 2:1, 3:1) between the  30th note (or rest) and the next one in the soprano line?	Vulpius_DieHelleSonnLeuchtJetztHerfuer	chorale-bricks	Vulpius_DieHelleSonnLeuchtJetztHerfuer	data/chorale-bricks/Vulpius_DieHelleSonnLeuchtJetztHerfuer	1:2	"[""1:1"", ""1:3"", ""2:1"", ""3:1""]"	"[""1:3"", ""2:1"", ""1:1"", ""3:1""]"	symbolic	symbolic.abc.txt	data/chorale-bricks/Vulpius_DieHelleSonnLeuchtJetztHerfuer/symbolic.abc.txt	1:2	"[""1:2"", ""none of the other options is correct"", ""1:3"", ""2:1"", ""1:1""]"	0.2	0	"[""A"", ""B"", ""C"", ""D"", ""E""]"	"{""A"": ""none of the other options is correct"", ""B"": ""1:2"", ""C"": ""1:3"", ""D"": ""1:1"", ""E"": ""2:1""}"	"[""(A) none of the other options is correct"", ""(B) 1:2"", ""(C) 1:3"", ""(D) 1:1"", ""(E) 2:1""]"	(B) 1:2	B
b4844030-f56e-5559-b47b-cdba6e6c6ad4	7	perception	rhythm	relative	rhythm-relative	proportion-recognition		rhythm pattern	What is the temporal relationship (e.g., 2:1, 3:1) between the  {target_index} note (or rest) and the next one in the {voice} line?	"[""target_index"", ""voice""]"	get_rhythm_pattern		rhythm	"{""target_index"": ""30th"", ""voice"": ""soprano""}"	What is the temporal relationship (e.g., 2:1, 3:1) between the  30th note (or rest) and the next one in the soprano line?	Vulpius_DieHelleSonnLeuchtJetztHerfuer	chorale-bricks	Vulpius_DieHelleSonnLeuchtJetztHerfuer	data/chorale-bricks/Vulpius_DieHelleSonnLeuchtJetztHerfuer	1:2	"[""1:1"", ""1:3"", ""2:1"", ""3:1""]"	"[""1:3"", ""2:1"", ""1:1"", ""3:1""]"	visual	visual.short.png	data/chorale-bricks/Vulpius_DieHelleSonnLeuchtJetztHerfuer/visual.short.png	1:2	"[""1:2"", ""none of the other options is correct"", ""1:3"", ""2:1"", ""1:1""]"	0.2	0	"[""A"", ""B"", ""C"", ""D"", ""E""]"	"{""A"": ""1:2"", ""B"": ""2:1"", ""C"": ""1:1"", ""D"": ""1:3"", ""E"": ""none of the other options is correct""}"	"[""(A) 1:2"", ""(B) 2:1"", ""(C) 1:1"", ""(D) 1:3"", ""(E) none of the other options is correct""]"	(A) 1:2	A
409aa5ef-ccab-56a2-a48b-bfc69e678f2c	7	perception	rhythm	relative	rhythm-relative	proportion-recognition		rhythm pattern	What is the temporal relationship (e.g., 2:1, 3:1) between the  {target_index} note (or rest) and the next one in the {voice} line?	"[""target_index"", ""voice""]"	get_rhythm_pattern		rhythm	"{""target_index"": ""14th"", ""voice"": ""alto""}"	What is the temporal relationship (e.g., 2:1, 3:1) between the  14th note (or rest) and the next one in the alto line?	Gesius_BefiehlDuDeineWege	chorale-bricks	Gesius_BefiehlDuDeineWege	data/chorale-bricks/Gesius_BefiehlDuDeineWege	1:1	"[""1:2"", ""1:3"", ""2:1"", ""3:1""]"	"[""2:1"", ""1:3"", ""3:1"", ""1:2""]"	audio	audio.mastermix.wav	data/chorale-bricks/Gesius_BefiehlDuDeineWege/audio.mastermix.wav	1:1	"[""1:1"", ""none of the other options is correct"", ""2:1"", ""1:3"", ""3:1""]"	0.2	0	"[""A"", ""B"", ""C"", ""D"", ""E""]"	"{""A"": ""2:1"", ""B"": ""1:1"", ""C"": ""none of the other options is correct"", ""D"": ""1:3"", ""E"": ""3:1""}"	"[""(A) 2:1"", ""(B) 1:1"", ""(C) none of the other options is correct"", ""(D) 1:3"", ""(E) 3:1""]"	(B) 1:1	B
255c795a-6498-545e-92bc-365eaa70a3a0	7	perception	rhythm	relative	rhythm-relative	proportion-recognition		rhythm pattern	What is the temporal relationship (e.g., 2:1, 3:1) between the  {target_index} note (or rest) and the next one in the {voice} line?	"[""target_index"", ""voice""]"	get_rhythm_pattern		rhythm	"{""target_index"": ""14th"", ""voice"": ""alto""}"	What is the temporal relationship (e.g., 2:1, 3:1) between the  14th note (or rest) and the next one in the alto line?	Gesius_BefiehlDuDeineWege	chorale-bricks	Gesius_BefiehlDuDeineWege	data/chorale-bricks/Gesius_BefiehlDuDeineWege	1:1	"[""1:2"", ""1:3"", ""2:1"", ""3:1""]"	"[""2:1"", ""1:3"", ""3:1"", ""1:2""]"	symbolic	symbolic.abc.txt	data/chorale-bricks/Gesius_BefiehlDuDeineWege/symbolic.abc.txt	1:1	"[""1:1"", ""none of the other options is correct"", ""2:1"", ""1:3"", ""3:1""]"	0.2	0	"[""A"", ""B"", ""C"", ""D"", ""E""]"	"{""A"": ""3:1"", ""B"": ""none of the other options is correct"", ""C"": ""1:1"", ""D"": ""1:3"", ""E"": ""2:1""}"	"[""(A) 3:1"", ""(B) none of the other options is correct"", ""(C) 1:1"", ""(D) 1:3"", ""(E) 2:1""]"	(C) 1:1	C
642519c7-c538-5493-86ec-6462bc7d113e	7	perception	rhythm	relative	rhythm-relative	proportion-recognition		rhythm pattern	What is the temporal relationship (e.g., 2:1, 3:1) between the  {target_index} note (or rest) and the next one in the {voice} line?	"[""target_index"", ""voice""]"	get_rhythm_pattern		rhythm	"{""target_index"": ""14th"", ""voice"": ""alto""}"	What is the temporal relationship (e.g., 2:1, 3:1) between the  14th note (or rest) and the next one in the alto line?	Gesius_BefiehlDuDeineWege	chorale-bricks	Gesius_BefiehlDuDeineWege	data/chorale-bricks/Gesius_BefiehlDuDeineWege	1:1	"[""1:2"", ""1:3"", ""2:1"", ""3:1""]"	"[""2:1"", ""1:3"", ""3:1"", ""1:2""]"	visual	visual.short.png	data/chorale-bricks/Gesius_BefiehlDuDeineWege/visual.short.png	1:1	"[""1:1"", ""none of the other options is correct"", ""2:1"", ""1:3"", ""3:1""]"	0.2	0	"[""A"", ""B"", ""C"", ""D"", ""E""]"	"{""A"": ""1:3"", ""B"": ""none of the other options is correct"", ""C"": ""1:1"", ""D"": ""3:1"", ""E"": ""2:1""}"	"[""(A) 1:3"", ""(B) none of the other options is correct"", ""(C) 1:1"", ""(D) 3:1"", ""(E) 2:1""]"	(C) 1:1	C
e234d215-e119-5175-94b5-12625050e9eb	7	perception	rhythm	relative	rhythm-relative	proportion-recognition		rhythm pattern	What is the temporal relationship (e.g., 2:1, 3:1) between the  {target_index} note (or rest) and the next one in the {voice} line?	"[""target_index"", ""voice""]"	get_rhythm_pattern		rhythm	"{""target_index"": ""5th"", ""voice"": ""soprano""}"	What is the temporal relationship (e.g., 2:1, 3:1) between the  5th note (or rest) and the next one in the soprano line?	Telemann_DerLiebenSonneLichtUndPracht	chorale-bricks	Telemann_DerLiebenSonneLichtUndPracht	data/chorale-bricks/Telemann_DerLiebenSonneLichtUndPracht	1:1	"[""1:2"", ""1:3"", ""2:1"", ""3:1""]"	"[""1:3"", ""2:1"", ""1:2"", ""3:1""]"	audio	audio.mastermix.wav	data/chorale-bricks/Telemann_DerLiebenSonneLichtUndPracht/audio.mastermix.wav	1:1	"[""1:1"", ""none of the other options is correct"", ""1:3"", ""2:1"", ""1:2""]"	0.2	0	"[""A"", ""B"", ""C"", ""D"", ""E""]"	"{""A"": ""none of the other options is correct"", ""B"": ""1:2"", ""C"": ""2:1"", ""D"": ""1:3"", ""E"": ""1:1""}"	"[""(A) none of the other options is correct"", ""(B) 1:2"", ""(C) 2:1"", ""(D) 1:3"", ""(E) 1:1""]"	(E) 1:1	E
e3962d65-5a88-5bff-b4bd-ccc5a962f3e6	7	perception	rhythm	relative	rhythm-relative	proportion-recognition		rhythm pattern	What is the temporal relationship (e.g., 2:1, 3:1) between the  {target_index} note (or rest) and the next one in the {voice} line?	"[""target_index"", ""voice""]"	get_rhythm_pattern		rhythm	"{""target_index"": ""5th"", ""voice"": ""soprano""}"	What is the temporal relationship (e.g., 2:1, 3:1) between the  5th note (or rest) and the next one in the soprano line?	Telemann_DerLiebenSonneLichtUndPracht	chorale-bricks	Telemann_DerLiebenSonneLichtUndPracht	data/chorale-bricks/Telemann_DerLiebenSonneLichtUndPracht	1:1	"[""1:2"", ""1:3"", ""2:1"", ""3:1""]"	"[""1:3"", ""2:1"", ""1:2"", ""3:1""]"	symbolic	symbolic.abc.txt	data/chorale-bricks/Telemann_DerLiebenSonneLichtUndPracht/symbolic.abc.txt	1:1	"[""1:1"", ""none of the other options is correct"", ""1:3"", ""2:1"", ""1:2""]"	0.2	0	"[""A"", ""B"", ""C"", ""D"", ""E""]"	"{""A"": ""2:1"", ""B"": ""1:3"", ""C"": ""1:1"", ""D"": ""none of the other options is correct"", ""E"": ""1:2""}"	"[""(A) 2:1"", ""(B) 1:3"", ""(C) 1:1"", ""(D) none of the other options is correct"", ""(E) 1:2""]"	(C) 1:1	C
46d22917-c60c-5e72-a2b1-3d3b214e3704	7	perception	rhythm	relative	rhythm-relative	proportion-recognition		rhythm pattern	What is the temporal relationship (e.g., 2:1, 3:1) between the  {target_index} note (or rest) and the next one in the {voice} line?	"[""target_index"", ""voice""]"	get_rhythm_pattern		rhythm	"{""target_index"": ""5th"", ""voice"": ""soprano""}"	What is the temporal relationship (e.g., 2:1, 3:1) between the  5th note (or rest) and the next one in the soprano line?	Telemann_DerLiebenSonneLichtUndPracht	chorale-bricks	Telemann_DerLiebenSonneLichtUndPracht	data/chorale-bricks/Telemann_DerLiebenSonneLichtUndPracht	1:1	"[""1:2"", ""1:3"", ""2:1"", ""3:1""]"	"[""1:3"", ""2:1"", ""1:2"", ""3:1""]"	visual	visual.short.png	data/chorale-bricks/Telemann_DerLiebenSonneLichtUndPracht/visual.short.png	1:1	"[""1:1"", ""none of the other options is correct"", ""1:3"", ""2:1"", ""1:2""]"	0.2	0	"[""A"", ""B"", ""C"", ""D"", ""E""]"	"{""A"": ""none of the other options is correct"", ""B"": ""1:3"", ""C"": ""1:2"", ""D"": ""2:1"", ""E"": ""1:1""}"	"[""(A) none of the other options is correct"", ""(B) 1:3"", ""(C) 1:2"", ""(D) 2:1"", ""(E) 1:1""]"	(E) 1:1	E
b2947710-aada-5e0a-bc92-b0a077476f59	7	perception	rhythm	relative	rhythm-relative	proportion-recognition		rhythm pattern	What is the temporal relationship (e.g., 2:1, 3:1) between the  {target_index} note (or rest) and the next one in the {voice} line?	"[""target_index"", ""voice""]"	get_rhythm_pattern		rhythm	"{""target_index"": ""39th"", ""voice"": ""bass""}"	What is the temporal relationship (e.g., 2:1, 3:1) between the  39th note (or rest) and the next one in the bass line?	Drese_JesuGehVoran	chorale-bricks	Drese_JesuGehVoran	data/chorale-bricks/Drese_JesuGehVoran	1:2	"[""1:1"", ""1:4"", ""1:6"", ""2:1"", ""6:1""]"	"[""1:6"", ""2:1"", ""1:1"", ""6:1"", ""1:4""]"	audio	audio.mastermix.wav	data/chorale-bricks/Drese_JesuGehVoran/audio.mastermix.wav	1:2	"[""1:2"", ""none of the other options is correct"", ""1:6"", ""2:1"", ""1:1""]"	0.2	0	"[""A"", ""B"", ""C"", ""D"", ""E""]"	"{""A"": ""none of the other options is correct"", ""B"": ""2:1"", ""C"": ""1:6"", ""D"": ""1:1"", ""E"": ""1:2""}"	"[""(A) none of the other options is correct"", ""(B) 2:1"", ""(C) 1:6"", ""(D) 1:1"", ""(E) 1:2""]"	(E) 1:2	E
e1be6a52-dabc-56b2-afde-1b693ff905d6	7	perception	rhythm	relative	rhythm-relative	proportion-recognition		rhythm pattern	What is the temporal relationship (e.g., 2:1, 3:1) between the  {target_index} note (or rest) and the next one in the {voice} line?	"[""target_index"", ""voice""]"	get_rhythm_pattern		rhythm	"{""target_index"": ""39th"", ""voice"": ""bass""}"	What is the temporal relationship (e.g., 2:1, 3:1) between the  39th note (or rest) and the next one in the bass line?	Drese_JesuGehVoran	chorale-bricks	Drese_JesuGehVoran	data/chorale-bricks/Drese_JesuGehVoran	1:2	"[""1:1"", ""1:4"", ""1:6"", ""2:1"", ""6:1""]"	"[""1:6"", ""2:1"", ""1:1"", ""6:1"", ""1:4""]"	symbolic	symbolic.abc.txt	data/chorale-bricks/Drese_JesuGehVoran/symbolic.abc.txt	none of the other options is correct	"[""none of the other options is correct"", ""1:6"", ""2:1"", ""1:1"", ""6:1""]"	0.2	1	"[""A"", ""B"", ""C"", ""D"", ""E""]"	"{""A"": ""none of the other options is correct"", ""B"": ""2:1"", ""C"": ""6:1"", ""D"": ""1:1"", ""E"": ""1:6""}"	"[""(A) none of the other options is correct"", ""(B) 2:1"", ""(C) 6:1"", ""(D) 1:1"", ""(E) 1:6""]"	(A) none of the other options is correct	A
4addc3d3-83c4-5e3d-819c-4550781d7211	7	perception	rhythm	relative	rhythm-relative	proportion-recognition		rhythm pattern	What is the temporal relationship (e.g., 2:1, 3:1) between the  {target_index} note (or rest) and the next one in the {voice} line?	"[""target_index"", ""voice""]"	get_rhythm_pattern		rhythm	"{""target_index"": ""39th"", ""voice"": ""bass""}"	What is the temporal relationship (e.g., 2:1, 3:1) between the  39th note (or rest) and the next one in the bass line?	Drese_JesuGehVoran	chorale-bricks	Drese_JesuGehVoran	data/chorale-bricks/Drese_JesuGehVoran	1:2	"[""1:1"", ""1:4"", ""1:6"", ""2:1"", ""6:1""]"	"[""1:6"", ""2:1"", ""1:1"", ""6:1"", ""1:4""]"	visual	visual.short.png	data/chorale-bricks/Drese_JesuGehVoran/visual.short.png	none of the other options is correct	"[""none of the other options is correct"", ""1:6"", ""2:1"", ""1:1"", ""6:1""]"	0.2	1	"[""A"", ""B"", ""C"", ""D"", ""E""]"	"{""A"": ""none of the other options is correct"", ""B"": ""1:1"", ""C"": ""2:1"", ""D"": ""6:1"", ""E"": ""1:6""}"	"[""(A) none of the other options is correct"", ""(B) 1:1"", ""(C) 2:1"", ""(D) 6:1"", ""(E) 1:6""]"	(A) none of the other options is correct	A
f39755a7-f6c1-5085-b42f-097c80e191b9	7	perception	rhythm	relative	rhythm-relative	proportion-recognition		rhythm pattern	What is the temporal relationship (e.g., 2:1, 3:1) between the  {target_index} note (or rest) and the next one in the {voice} line?	"[""target_index"", ""voice""]"	get_rhythm_pattern		rhythm	"{""target_index"": ""21st"", ""voice"": ""alto""}"	What is the temporal relationship (e.g., 2:1, 3:1) between the  21st note (or rest) and the next one in the alto line?	Vulpius_ChristusDerIstMeinLeben	chorale-bricks	Vulpius_ChristusDerIstMeinLeben	data/chorale-bricks/Vulpius_ChristusDerIstMeinLeben	2:1	"[""1:1"", ""1:2"", ""1:3"", ""3:1"", ""3:2""]"	"[""1:1"", ""1:3"", ""1:2"", ""3:1"", ""3:2""]"	audio	audio.mastermix.wav	data/chorale-bricks/Vulpius_ChristusDerIstMeinLeben/audio.mastermix.wav	2:1	"[""2:1"", ""none of the other options is correct"", ""1:1"", ""1:3"", ""1:2""]"	0.2	0	"[""A"", ""B"", ""C"", ""D"", ""E""]"	"{""A"": ""none of the other options is correct"", ""B"": ""1:1"", ""C"": ""1:2"", ""D"": ""1:3"", ""E"": ""2:1""}"	"[""(A) none of the other options is correct"", ""(B) 1:1"", ""(C) 1:2"", ""(D) 1:3"", ""(E) 2:1""]"	(E) 2:1	E
2907362d-2549-5ee1-a629-9bcadfe75f59	7	perception	rhythm	relative	rhythm-relative	proportion-recognition		rhythm pattern	What is the temporal relationship (e.g., 2:1, 3:1) between the  {target_index} note (or rest) and the next one in the {voice} line?	"[""target_index"", ""voice""]"	get_rhythm_pattern		rhythm	"{""target_index"": ""21st"", ""voice"": ""alto""}"	What is the temporal relationship (e.g., 2:1, 3:1) between the  21st note (or rest) and the next one in the alto line?	Vulpius_ChristusDerIstMeinLeben	chorale-bricks	Vulpius_ChristusDerIstMeinLeben	data/chorale-bricks/Vulpius_ChristusDerIstMeinLeben	2:1	"[""1:1"", ""1:2"", ""1:3"", ""3:1"", ""3:2""]"	"[""1:1"", ""1:3"", ""1:2"", ""3:1"", ""3:2""]"	symbolic	symbolic.abc.txt	data/chorale-bricks/Vulpius_ChristusDerIstMeinLeben/symbolic.abc.txt	2:1	"[""2:1"", ""none of the other options is correct"", ""1:1"", ""1:3"", ""1:2""]"	0.2	0	"[""A"", ""B"", ""C"", ""D"", ""E""]"	"{""A"": ""2:1"", ""B"": ""1:1"", ""C"": ""1:3"", ""D"": ""none of the other options is correct"", ""E"": ""1:2""}"	"[""(A) 2:1"", ""(B) 1:1"", ""(C) 1:3"", ""(D) none of the other options is correct"", ""(E) 1:2""]"	(A) 2:1	A
9a7bd0e8-0bf8-5319-9f34-f0a32be33edc	7	perception	rhythm	relative	rhythm-relative	proportion-recognition		rhythm pattern	What is the temporal relationship (e.g., 2:1, 3:1) between the  {target_index} note (or rest) and the next one in the {voice} line?	"[""target_index"", ""voice""]"	get_rhythm_pattern		rhythm	"{""target_index"": ""21st"", ""voice"": ""alto""}"	What is the temporal relationship (e.g., 2:1, 3:1) between the  21st note (or rest) and the next one in the alto line?	Vulpius_ChristusDerIstMeinLeben	chorale-bricks	Vulpius_ChristusDerIstMeinLeben	data/chorale-bricks/Vulpius_ChristusDerIstMeinLeben	2:1	"[""1:1"", ""1:2"", ""1:3"", ""3:1"", ""3:2""]"	"[""1:1"", ""1:3"", ""1:2"", ""3:1"", ""3:2""]"	visual	visual.short.png	data/chorale-bricks/Vulpius_ChristusDerIstMeinLeben/visual.short.png	2:1	"[""2:1"", ""none of the other options is correct"", ""1:1"", ""1:3"", ""1:2""]"	0.2	0	"[""A"", ""B"", ""C"", ""D"", ""E""]"	"{""A"": ""1:3"", ""B"": ""none of the other options is correct"", ""C"": ""1:2"", ""D"": ""1:1"", ""E"": ""2:1""}"	"[""(A) 1:3"", ""(B) none of the other options is correct"", ""(C) 1:2"", ""(D) 1:1"", ""(E) 2:1""]"	(E) 2:1	E
3e684351-5282-5f3b-884d-75c07d68dfb6	7	perception	rhythm	relative	rhythm-relative	proportion-recognition		rhythm pattern	What is the temporal relationship (e.g., 2:1, 3:1) between the  {target_index} note (or rest) and the next one in the {voice} line?	"[""target_index"", ""voice""]"	get_rhythm_pattern		rhythm	"{""target_index"": ""58th"", ""voice"": ""alto""}"	What is the temporal relationship (e.g., 2:1, 3:1) between the  58th note (or rest) and the next one in the alto line?	Crueger_AufAufMeinHerzMitFreuden	chorale-bricks	Crueger_AufAufMeinHerzMitFreuden	data/chorale-bricks/Crueger_AufAufMeinHerzMitFreuden	1:3	"[""1:1"", ""1:2"", ""2:1"", ""2:3"", ""3:1"", ""3:2""]"	"[""1:1"", ""1:2"", ""3:1"", ""2:3"", ""2:1"", ""3:2""]"	audio	audio.mastermix.wav	data/chorale-bricks/Crueger_AufAufMeinHerzMitFreuden/audio.mastermix.wav	1:3	"[""1:3"", ""none of the other options is correct"", ""1:1"", ""1:2"", ""3:1""]"	0.2	0	"[""A"", ""B"", ""C"", ""D"", ""E""]"	"{""A"": ""1:1"", ""B"": ""3:1"", ""C"": ""1:3"", ""D"": ""none of the other options is correct"", ""E"": ""1:2""}"	"[""(A) 1:1"", ""(B) 3:1"", ""(C) 1:3"", ""(D) none of the other options is correct"", ""(E) 1:2""]"	(C) 1:3	C
2008629d-76c8-5e56-857d-0c5661fb76a9	7	perception	rhythm	relative	rhythm-relative	proportion-recognition		rhythm pattern	What is the temporal relationship (e.g., 2:1, 3:1) between the  {target_index} note (or rest) and the next one in the {voice} line?	"[""target_index"", ""voice""]"	get_rhythm_pattern		rhythm	"{""target_index"": ""58th"", ""voice"": ""alto""}"	What is the temporal relationship (e.g., 2:1, 3:1) between the  58th note (or rest) and the next one in the alto line?	Crueger_AufAufMeinHerzMitFreuden	chorale-bricks	Crueger_AufAufMeinHerzMitFreuden	data/chorale-bricks/Crueger_AufAufMeinHerzMitFreuden	1:3	"[""1:1"", ""1:2"", ""2:1"", ""2:3"", ""3:1"", ""3:2""]"	"[""1:1"", ""1:2"", ""3:1"", ""2:3"", ""2:1"", ""3:2""]"	symbolic	symbolic.abc.txt	data/chorale-bricks/Crueger_AufAufMeinHerzMitFreuden/symbolic.abc.txt	1:3	"[""1:3"", ""none of the other options is correct"", ""1:1"", ""1:2"", ""3:1""]"	0.2	0	"[""A"", ""B"", ""C"", ""D"", ""E""]"	"{""A"": ""1:2"", ""B"": ""none of the other options is correct"", ""C"": ""3:1"", ""D"": ""1:3"", ""E"": ""1:1""}"	"[""(A) 1:2"", ""(B) none of the other options is correct"", ""(C) 3:1"", ""(D) 1:3"", ""(E) 1:1""]"	(D) 1:3	D
e058d266-6e27-554b-803f-2331c52fc8f3	7	perception	rhythm	relative	rhythm-relative	proportion-recognition		rhythm pattern	What is the temporal relationship (e.g., 2:1, 3:1) between the  {target_index} note (or rest) and the next one in the {voice} line?	"[""target_index"", ""voice""]"	get_rhythm_pattern		rhythm	"{""target_index"": ""58th"", ""voice"": ""alto""}"	What is the temporal relationship (e.g., 2:1, 3:1) between the  58th note (or rest) and the next one in the alto line?	Crueger_AufAufMeinHerzMitFreuden	chorale-bricks	Crueger_AufAufMeinHerzMitFreuden	data/chorale-bricks/Crueger_AufAufMeinHerzMitFreuden	1:3	"[""1:1"", ""1:2"", ""2:1"", ""2:3"", ""3:1"", ""3:2""]"	"[""1:1"", ""1:2"", ""3:1"", ""2:3"", ""2:1"", ""3:2""]"	visual	visual.short.png	data/chorale-bricks/Crueger_AufAufMeinHerzMitFreuden/visual.short.png	none of the other options is correct	"[""none of the other options is correct"", ""1:1"", ""1:2"", ""3:1"", ""2:3""]"	0.2	1	"[""A"", ""B"", ""C"", ""D"", ""E""]"	"{""A"": ""3:1"", ""B"": ""1:2"", ""C"": ""none of the other options is correct"", ""D"": ""2:3"", ""E"": ""1:1""}"	"[""(A) 3:1"", ""(B) 1:2"", ""(C) none of the other options is correct"", ""(D) 2:3"", ""(E) 1:1""]"	(C) none of the other options is correct	C
d85f57a4-32f8-5287-a32a-0f77ed457801	7	perception	rhythm	relative	rhythm-relative	proportion-recognition		rhythm pattern	What is the temporal relationship (e.g., 2:1, 3:1) between the  {target_index} note (or rest) and the next one in the {voice} line?	"[""target_index"", ""voice""]"	get_rhythm_pattern		rhythm	"{""target_index"": ""23rd"", ""voice"": ""tenor""}"	What is the temporal relationship (e.g., 2:1, 3:1) between the  23rd note (or rest) and the next one in the tenor line?	Vulpius_DieHelleSonnLeuchtJetztHerfuer	chorale-bricks	Vulpius_DieHelleSonnLeuchtJetztHerfuer	data/chorale-bricks/Vulpius_DieHelleSonnLeuchtJetztHerfuer	1:2	"[""1:1"", ""1:3"", ""2:1"", ""3:1""]"	"[""1:3"", ""3:1"", ""2:1"", ""1:1""]"	audio	audio.mastermix.wav	data/chorale-bricks/Vulpius_DieHelleSonnLeuchtJetztHerfuer/audio.mastermix.wav	1:2	"[""1:2"", ""none of the other options is correct"", ""1:3"", ""3:1"", ""2:1""]"	0.2	0	"[""A"", ""B"", ""C"", ""D"", ""E""]"	"{""A"": ""3:1"", ""B"": ""none of the other options is correct"", ""C"": ""1:2"", ""D"": ""2:1"", ""E"": ""1:3""}"	"[""(A) 3:1"", ""(B) none of the other options is correct"", ""(C) 1:2"", ""(D) 2:1"", ""(E) 1:3""]"	(C) 1:2	C
51e3f070-d93b-5697-9ef6-f7e229db2963	7	perception	rhythm	relative	rhythm-relative	proportion-recognition		rhythm pattern	What is the temporal relationship (e.g., 2:1, 3:1) between the  {target_index} note (or rest) and the next one in the {voice} line?	"[""target_index"", ""voice""]"	get_rhythm_pattern		rhythm	"{""target_index"": ""23rd"", ""voice"": ""tenor""}"	What is the temporal relationship (e.g., 2:1, 3:1) between the  23rd note (or rest) and the next one in the tenor line?	Vulpius_DieHelleSonnLeuchtJetztHerfuer	chorale-bricks	Vulpius_DieHelleSonnLeuchtJetztHerfuer	data/chorale-bricks/Vulpius_DieHelleSonnLeuchtJetztHerfuer	1:2	"[""1:1"", ""1:3"", ""2:1"", ""3:1""]"	"[""1:3"", ""3:1"", ""2:1"", ""1:1""]"	symbolic	symbolic.abc.txt	data/chorale-bricks/Vulpius_DieHelleSonnLeuchtJetztHerfuer/symbolic.abc.txt	1:2	"[""1:2"", ""none of the other options is correct"", ""1:3"", ""3:1"", ""2:1""]"	0.2	0	"[""A"", ""B"", ""C"", ""D"", ""E""]"	"{""A"": ""2:1"", ""B"": ""1:3"", ""C"": ""3:1"", ""D"": ""none of the other options is correct"", ""E"": ""1:2""}"	"[""(A) 2:1"", ""(B) 1:3"", ""(C) 3:1"", ""(D) none of the other options is correct"", ""(E) 1:2""]"	(E) 1:2	E
a927e047-eb2f-51d6-8493-e232e9f7062a	7	perception	rhythm	relative	rhythm-relative	proportion-recognition		rhythm pattern	What is the temporal relationship (e.g., 2:1, 3:1) between the  {target_index} note (or rest) and the next one in the {voice} line?	"[""target_index"", ""voice""]"	get_rhythm_pattern		rhythm	"{""target_index"": ""23rd"", ""voice"": ""tenor""}"	What is the temporal relationship (e.g., 2:1, 3:1) between the  23rd note (or rest) and the next one in the tenor line?	Vulpius_DieHelleSonnLeuchtJetztHerfuer	chorale-bricks	Vulpius_DieHelleSonnLeuchtJetztHerfuer	data/chorale-bricks/Vulpius_DieHelleSonnLeuchtJetztHerfuer	1:2	"[""1:1"", ""1:3"", ""2:1"", ""3:1""]"	"[""1:3"", ""3:1"", ""2:1"", ""1:1""]"	visual	visual.short.png	data/chorale-bricks/Vulpius_DieHelleSonnLeuchtJetztHerfuer/visual.short.png	1:2	"[""1:2"", ""none of the other options is correct"", ""1:3"", ""3:1"", ""2:1""]"	0.2	0	"[""A"", ""B"", ""C"", ""D"", ""E""]"	"{""A"": ""1:2"", ""B"": ""3:1"", ""C"": ""2:1"", ""D"": ""1:3"", ""E"": ""none of the other options is correct""}"	"[""(A) 1:2"", ""(B) 3:1"", ""(C) 2:1"", ""(D) 1:3"", ""(E) none of the other options is correct""]"	(A) 1:2	A
33dddc49-5218-5567-9a67-64ddd298bc18	7	perception	rhythm	relative	rhythm-relative	proportion-recognition		rhythm pattern	What is the temporal relationship (e.g., 2:1, 3:1) between the  {target_index} note (or rest) and the next one in the {voice} line?	"[""target_index"", ""voice""]"	get_rhythm_pattern		rhythm	"{""target_index"": ""1st"", ""voice"": ""alto""}"	What is the temporal relationship (e.g., 2:1, 3:1) between the  1st note (or rest) and the next one in the alto line?	Gesius_DuFriedensfuerstHerrJesuChrist	chorale-bricks	Gesius_DuFriedensfuerstHerrJesuChrist	data/chorale-bricks/Gesius_DuFriedensfuerstHerrJesuChrist	2:1	"[""1:1"", ""1:2"", ""1:3"", ""3:1""]"	"[""1:1"", ""1:2"", ""1:3"", ""3:1""]"	audio	audio.mastermix.wav	data/chorale-bricks/Gesius_DuFriedensfuerstHerrJesuChrist/audio.mastermix.wav	2:1	"[""2:1"", ""none of the other options is correct"", ""1:1"", ""1:2"", ""1:3""]"	0.2	0	"[""A"", ""B"", ""C"", ""D"", ""E""]"	"{""A"": ""1:3"", ""B"": ""2:1"", ""C"": ""none of the other options is correct"", ""D"": ""1:1"", ""E"": ""1:2""}"	"[""(A) 1:3"", ""(B) 2:1"", ""(C) none of the other options is correct"", ""(D) 1:1"", ""(E) 1:2""]"	(B) 2:1	B
d357c8d6-ac01-5b00-9cbf-c105342d7fa6	7	perception	rhythm	relative	rhythm-relative	proportion-recognition		rhythm pattern	What is the temporal relationship (e.g., 2:1, 3:1) between the  {target_index} note (or rest) and the next one in the {voice} line?	"[""target_index"", ""voice""]"	get_rhythm_pattern		rhythm	"{""target_index"": ""1st"", ""voice"": ""alto""}"	What is the temporal relationship (e.g., 2:1, 3:1) between the  1st note (or rest) and the next one in the alto line?	Gesius_DuFriedensfuerstHerrJesuChrist	chorale-bricks	Gesius_DuFriedensfuerstHerrJesuChrist	data/chorale-bricks/Gesius_DuFriedensfuerstHerrJesuChrist	2:1	"[""1:1"", ""1:2"", ""1:3"", ""3:1""]"	"[""1:1"", ""1:2"", ""1:3"", ""3:1""]"	symbolic	symbolic.abc.txt	data/chorale-bricks/Gesius_DuFriedensfuerstHerrJesuChrist/symbolic.abc.txt	2:1	"[""2:1"", ""none of the other options is correct"", ""1:1"", ""1:2"", ""1:3""]"	0.2	0	"[""A"", ""B"", ""C"", ""D"", ""E""]"	"{""A"": ""1:2"", ""B"": ""1:3"", ""C"": ""2:1"", ""D"": ""none of the other options is correct"", ""E"": ""1:1""}"	"[""(A) 1:2"", ""(B) 1:3"", ""(C) 2:1"", ""(D) none of the other options is correct"", ""(E) 1:1""]"	(C) 2:1	C
057d5848-9367-54ff-a309-a27451b3fc87	7	perception	rhythm	relative	rhythm-relative	proportion-recognition		rhythm pattern	What is the temporal relationship (e.g., 2:1, 3:1) between the  {target_index} note (or rest) and the next one in the {voice} line?	"[""target_index"", ""voice""]"	get_rhythm_pattern		rhythm	"{""target_index"": ""1st"", ""voice"": ""alto""}"	What is the temporal relationship (e.g., 2:1, 3:1) between the  1st note (or rest) and the next one in the alto line?	Gesius_DuFriedensfuerstHerrJesuChrist	chorale-bricks	Gesius_DuFriedensfuerstHerrJesuChrist	data/chorale-bricks/Gesius_DuFriedensfuerstHerrJesuChrist	2:1	"[""1:1"", ""1:2"", ""1:3"", ""3:1""]"	"[""1:1"", ""1:2"", ""1:3"", ""3:1""]"	visual	visual.short.png	data/chorale-bricks/Gesius_DuFriedensfuerstHerrJesuChrist/visual.short.png	2:1	"[""2:1"", ""none of the other options is correct"", ""1:1"", ""1:2"", ""1:3""]"	0.2	0	"[""A"", ""B"", ""C"", ""D"", ""E""]"	"{""A"": ""2:1"", ""B"": ""1:1"", ""C"": ""none of the other options is correct"", ""D"": ""1:3"", ""E"": ""1:2""}"	"[""(A) 2:1"", ""(B) 1:1"", ""(C) none of the other options is correct"", ""(D) 1:3"", ""(E) 1:2""]"	(A) 2:1	A
3cc5c2e0-85f2-51d9-907a-be1cfcfab396	7	perception	rhythm	relative	rhythm-relative	proportion-recognition		rhythm pattern	What is the temporal relationship (e.g., 2:1, 3:1) between the  {target_index} note (or rest) and the next one in the {voice} line?	"[""target_index"", ""voice""]"	get_rhythm_pattern		rhythm	"{""target_index"": ""1st"", ""voice"": ""tenor""}"	What is the temporal relationship (e.g., 2:1, 3:1) between the  1st note (or rest) and the next one in the tenor line?	Crueger_AufAufMeinHerzMitFreuden	chorale-bricks	Crueger_AufAufMeinHerzMitFreuden	data/chorale-bricks/Crueger_AufAufMeinHerzMitFreuden	1:1	"[""1:2"", ""1:3"", ""2:1"", ""2:3"", ""3:1"", ""3:2""]"	"[""2:1"", ""2:3"", ""1:2"", ""1:3"", ""3:1"", ""3:2""]"	audio	audio.mastermix.wav	data/chorale-bricks/Crueger_AufAufMeinHerzMitFreuden/audio.mastermix.wav	1:1	"[""1:1"", ""none of the other options is correct"", ""2:1"", ""2:3"", ""1:2""]"	0.2	0	"[""A"", ""B"", ""C"", ""D"", ""E""]"	"{""A"": ""2:1"", ""B"": ""none of the other options is correct"", ""C"": ""2:3"", ""D"": ""1:1"", ""E"": ""1:2""}"	"[""(A) 2:1"", ""(B) none of the other options is correct"", ""(C) 2:3"", ""(D) 1:1"", ""(E) 1:2""]"	(D) 1:1	D
ae7e913a-b7ee-590c-a177-2cf9a6e204de	7	perception	rhythm	relative	rhythm-relative	proportion-recognition		rhythm pattern	What is the temporal relationship (e.g., 2:1, 3:1) between the  {target_index} note (or rest) and the next one in the {voice} line?	"[""target_index"", ""voice""]"	get_rhythm_pattern		rhythm	"{""target_index"": ""1st"", ""voice"": ""tenor""}"	What is the temporal relationship (e.g., 2:1, 3:1) between the  1st note (or rest) and the next one in the tenor line?	Crueger_AufAufMeinHerzMitFreuden	chorale-bricks	Crueger_AufAufMeinHerzMitFreuden	data/chorale-bricks/Crueger_AufAufMeinHerzMitFreuden	1:1	"[""1:2"", ""1:3"", ""2:1"", ""2:3"", ""3:1"", ""3:2""]"	"[""2:1"", ""2:3"", ""1:2"", ""1:3"", ""3:1"", ""3:2""]"	symbolic	symbolic.abc.txt	data/chorale-bricks/Crueger_AufAufMeinHerzMitFreuden/symbolic.abc.txt	none of the other options is correct	"[""none of the other options is correct"", ""2:1"", ""2:3"", ""1:2"", ""1:3""]"	0.2	1	"[""A"", ""B"", ""C"", ""D"", ""E""]"	"{""A"": ""none of the other options is correct"", ""B"": ""2:3"", ""C"": ""2:1"", ""D"": ""1:2"", ""E"": ""1:3""}"	"[""(A) none of the other options is correct"", ""(B) 2:3"", ""(C) 2:1"", ""(D) 1:2"", ""(E) 1:3""]"	(A) none of the other options is correct	A
ac509815-71e8-5184-97b2-d52a20d27e91	7	perception	rhythm	relative	rhythm-relative	proportion-recognition		rhythm pattern	What is the temporal relationship (e.g., 2:1, 3:1) between the  {target_index} note (or rest) and the next one in the {voice} line?	"[""target_index"", ""voice""]"	get_rhythm_pattern		rhythm	"{""target_index"": ""1st"", ""voice"": ""tenor""}"	What is the temporal relationship (e.g., 2:1, 3:1) between the  1st note (or rest) and the next one in the tenor line?	Crueger_AufAufMeinHerzMitFreuden	chorale-bricks	Crueger_AufAufMeinHerzMitFreuden	data/chorale-bricks/Crueger_AufAufMeinHerzMitFreuden	1:1	"[""1:2"", ""1:3"", ""2:1"", ""2:3"", ""3:1"", ""3:2""]"	"[""2:1"", ""2:3"", ""1:2"", ""1:3"", ""3:1"", ""3:2""]"	visual	visual.short.png	data/chorale-bricks/Crueger_AufAufMeinHerzMitFreuden/visual.short.png	1:1	"[""1:1"", ""none of the other options is correct"", ""2:1"", ""2:3"", ""1:2""]"	0.2	0	"[""A"", ""B"", ""C"", ""D"", ""E""]"	"{""A"": ""2:3"", ""B"": ""1:2"", ""C"": ""1:1"", ""D"": ""2:1"", ""E"": ""none of the other options is correct""}"	"[""(A) 2:3"", ""(B) 1:2"", ""(C) 1:1"", ""(D) 2:1"", ""(E) none of the other options is correct""]"	(C) 1:1	C
d6b23f3a-5090-5d85-a2a8-3315f491ead8	7	perception	rhythm	relative	rhythm-relative	proportion-recognition		rhythm pattern	What is the temporal relationship (e.g., 2:1, 3:1) between the  {target_index} note (or rest) and the next one in the {voice} line?	"[""target_index"", ""voice""]"	get_rhythm_pattern		rhythm	"{""target_index"": ""31st"", ""voice"": ""alto""}"	What is the temporal relationship (e.g., 2:1, 3:1) between the  31st note (or rest) and the next one in the alto line?	Crueger_AufAufMeinHerzMitFreuden	chorale-bricks	Crueger_AufAufMeinHerzMitFreuden	data/chorale-bricks/Crueger_AufAufMeinHerzMitFreuden	2:1	"[""1:1"", ""1:2"", ""1:3"", ""2:3"", ""3:1"", ""3:2""]"	"[""2:3"", ""3:1"", ""1:3"", ""1:2"", ""3:2"", ""1:1""]"	audio	audio.mastermix.wav	data/chorale-bricks/Crueger_AufAufMeinHerzMitFreuden/audio.mastermix.wav	2:1	"[""2:1"", ""none of the other options is correct"", ""2:3"", ""3:1"", ""1:3""]"	0.2	0	"[""A"", ""B"", ""C"", ""D"", ""E""]"	"{""A"": ""2:1"", ""B"": ""none of the other options is correct"", ""C"": ""2:3"", ""D"": ""1:3"", ""E"": ""3:1""}"	"[""(A) 2:1"", ""(B) none of the other options is correct"", ""(C) 2:3"", ""(D) 1:3"", ""(E) 3:1""]"	(A) 2:1	A
ca7d252d-552a-5bdd-94df-b287e98d3619	7	perception	rhythm	relative	rhythm-relative	proportion-recognition		rhythm pattern	What is the temporal relationship (e.g., 2:1, 3:1) between the  {target_index} note (or rest) and the next one in the {voice} line?	"[""target_index"", ""voice""]"	get_rhythm_pattern		rhythm	"{""target_index"": ""31st"", ""voice"": ""alto""}"	What is the temporal relationship (e.g., 2:1, 3:1) between the  31st note (or rest) and the next one in the alto line?	Crueger_AufAufMeinHerzMitFreuden	chorale-bricks	Crueger_AufAufMeinHerzMitFreuden	data/chorale-bricks/Crueger_AufAufMeinHerzMitFreuden	2:1	"[""1:1"", ""1:2"", ""1:3"", ""2:3"", ""3:1"", ""3:2""]"	"[""2:3"", ""3:1"", ""1:3"", ""1:2"", ""3:2"", ""1:1""]"	symbolic	symbolic.abc.txt	data/chorale-bricks/Crueger_AufAufMeinHerzMitFreuden/symbolic.abc.txt	2:1	"[""2:1"", ""none of the other options is correct"", ""2:3"", ""3:1"", ""1:3""]"	0.2	0	"[""A"", ""B"", ""C"", ""D"", ""E""]"	"{""A"": ""2:1"", ""B"": ""none of the other options is correct"", ""C"": ""1:3"", ""D"": ""3:1"", ""E"": ""2:3""}"	"[""(A) 2:1"", ""(B) none of the other options is correct"", ""(C) 1:3"", ""(D) 3:1"", ""(E) 2:3""]"	(A) 2:1	A
dc69f36e-d67b-556b-b868-39799e950e3e	7	perception	rhythm	relative	rhythm-relative	proportion-recognition		rhythm pattern	What is the temporal relationship (e.g., 2:1, 3:1) between the  {target_index} note (or rest) and the next one in the {voice} line?	"[""target_index"", ""voice""]"	get_rhythm_pattern		rhythm	"{""target_index"": ""31st"", ""voice"": ""alto""}"	What is the temporal relationship (e.g., 2:1, 3:1) between the  31st note (or rest) and the next one in the alto line?	Crueger_AufAufMeinHerzMitFreuden	chorale-bricks	Crueger_AufAufMeinHerzMitFreuden	data/chorale-bricks/Crueger_AufAufMeinHerzMitFreuden	2:1	"[""1:1"", ""1:2"", ""1:3"", ""2:3"", ""3:1"", ""3:2""]"	"[""2:3"", ""3:1"", ""1:3"", ""1:2"", ""3:2"", ""1:1""]"	visual	visual.short.png	data/chorale-bricks/Crueger_AufAufMeinHerzMitFreuden/visual.short.png	2:1	"[""2:1"", ""none of the other options is correct"", ""2:3"", ""3:1"", ""1:3""]"	0.2	0	"[""A"", ""B"", ""C"", ""D"", ""E""]"	"{""A"": ""2:3"", ""B"": ""2:1"", ""C"": ""3:1"", ""D"": ""none of the other options is correct"", ""E"": ""1:3""}"	"[""(A) 2:3"", ""(B) 2:1"", ""(C) 3:1"", ""(D) none of the other options is correct"", ""(E) 1:3""]"	(B) 2:1	B
c52c7146-5055-5e26-82c4-1761154d571f	7	perception	rhythm	relative	rhythm-relative	proportion-recognition		rhythm pattern	What is the temporal relationship (e.g., 2:1, 3:1) between the  {target_index} note (or rest) and the next one in the {voice} line?	"[""target_index"", ""voice""]"	get_rhythm_pattern		rhythm	"{""target_index"": ""15th"", ""voice"": ""soprano""}"	What is the temporal relationship (e.g., 2:1, 3:1) between the  15th note (or rest) and the next one in the soprano line?	Anonymous_AusMeinesHerzensGrunde	chorale-bricks	Anonymous_AusMeinesHerzensGrunde	data/chorale-bricks/Anonymous_AusMeinesHerzensGrunde	3:1	"[""1:1"", ""1:2"", ""1:3"", ""2:1"", ""2:3"", ""3:2"", ""4:1""]"	"[""1:3"", ""3:2"", ""2:3"", ""2:1"", ""4:1"", ""1:1"", ""1:2""]"	audio	audio.mastermix.wav	data/chorale-bricks/Anonymous_AusMeinesHerzensGrunde/audio.mastermix.wav	none of the other options is correct	"[""none of the other options is correct"", ""1:3"", ""3:2"", ""2:3"", ""2:1""]"	0.2	1	"[""A"", ""B"", ""C"", ""D"", ""E""]"	"{""A"": ""3:2"", ""B"": ""none of the other options is correct"", ""C"": ""2:1"", ""D"": ""2:3"", ""E"": ""1:3""}"	"[""(A) 3:2"", ""(B) none of the other options is correct"", ""(C) 2:1"", ""(D) 2:3"", ""(E) 1:3""]"	(B) none of the other options is correct	B
95e0e894-b60f-5338-a03a-d7d0de10971c	7	perception	rhythm	relative	rhythm-relative	proportion-recognition		rhythm pattern	What is the temporal relationship (e.g., 2:1, 3:1) between the  {target_index} note (or rest) and the next one in the {voice} line?	"[""target_index"", ""voice""]"	get_rhythm_pattern		rhythm	"{""target_index"": ""15th"", ""voice"": ""soprano""}"	What is the temporal relationship (e.g., 2:1, 3:1) between the  15th note (or rest) and the next one in the soprano line?	Anonymous_AusMeinesHerzensGrunde	chorale-bricks	Anonymous_AusMeinesHerzensGrunde	data/chorale-bricks/Anonymous_AusMeinesHerzensGrunde	3:1	"[""1:1"", ""1:2"", ""1:3"", ""2:1"", ""2:3"", ""3:2"", ""4:1""]"	"[""1:3"", ""3:2"", ""2:3"", ""2:1"", ""4:1"", ""1:1"", ""1:2""]"	symbolic	symbolic.abc.txt	data/chorale-bricks/Anonymous_AusMeinesHerzensGrunde/symbolic.abc.txt	none of the other options is correct	"[""none of the other options is correct"", ""1:3"", ""3:2"", ""2:3"", ""2:1""]"	0.2	1	"[""A"", ""B"", ""C"", ""D"", ""E""]"	"{""A"": ""1:3"", ""B"": ""2:1"", ""C"": ""3:2"", ""D"": ""none of the other options is correct"", ""E"": ""2:3""}"	"[""(A) 1:3"", ""(B) 2:1"", ""(C) 3:2"", ""(D) none of the other options is correct"", ""(E) 2:3""]"	(D) none of the other options is correct	D
4517599b-80a2-541e-9457-e0d28ed84af5	7	perception	rhythm	relative	rhythm-relative	proportion-recognition		rhythm pattern	What is the temporal relationship (e.g., 2:1, 3:1) between the  {target_index} note (or rest) and the next one in the {voice} line?	"[""target_index"", ""voice""]"	get_rhythm_pattern		rhythm	"{""target_index"": ""15th"", ""voice"": ""soprano""}"	What is the temporal relationship (e.g., 2:1, 3:1) between the  15th note (or rest) and the next one in the soprano line?	Anonymous_AusMeinesHerzensGrunde	chorale-bricks	Anonymous_AusMeinesHerzensGrunde	data/chorale-bricks/Anonymous_AusMeinesHerzensGrunde	3:1	"[""1:1"", ""1:2"", ""1:3"", ""2:1"", ""2:3"", ""3:2"", ""4:1""]"	"[""1:3"", ""3:2"", ""2:3"", ""2:1"", ""4:1"", ""1:1"", ""1:2""]"	visual	visual.short.png	data/chorale-bricks/Anonymous_AusMeinesHerzensGrunde/visual.short.png	3:1	"[""3:1"", ""none of the other options is correct"", ""1:3"", ""3:2"", ""2:3""]"	0.2	0	"[""A"", ""B"", ""C"", ""D"", ""E""]"	"{""A"": ""1:3"", ""B"": ""3:2"", ""C"": ""3:1"", ""D"": ""2:3"", ""E"": ""none of the other options is correct""}"	"[""(A) 1:3"", ""(B) 3:2"", ""(C) 3:1"", ""(D) 2:3"", ""(E) none of the other options is correct""]"	(C) 3:1	C
1d0dad7c-bd71-536a-98ba-568376550a9c	7	perception	rhythm	relative	rhythm-relative	proportion-recognition		rhythm pattern	What is the temporal relationship (e.g., 2:1, 3:1) between the  {target_index} note (or rest) and the next one in the {voice} line?	"[""target_index"", ""voice""]"	get_rhythm_pattern		rhythm	"{""target_index"": ""16th"", ""voice"": ""tenor""}"	What is the temporal relationship (e.g., 2:1, 3:1) between the  16th note (or rest) and the next one in the tenor line?	Vulpius_ChristusDerIstMeinLeben	chorale-bricks	Vulpius_ChristusDerIstMeinLeben	data/chorale-bricks/Vulpius_ChristusDerIstMeinLeben	1:1	"[""1:2"", ""1:3"", ""2:1"", ""3:1"", ""3:2""]"	"[""2:1"", ""1:3"", ""3:1"", ""1:2"", ""3:2""]"	audio	audio.mastermix.wav	data/chorale-bricks/Vulpius_ChristusDerIstMeinLeben/audio.mastermix.wav	1:1	"[""1:1"", ""none of the other options is correct"", ""2:1"", ""1:3"", ""3:1""]"	0.2	0	"[""A"", ""B"", ""C"", ""D"", ""E""]"	"{""A"": ""2:1"", ""B"": ""1:1"", ""C"": ""3:1"", ""D"": ""1:3"", ""E"": ""none of the other options is correct""}"	"[""(A) 2:1"", ""(B) 1:1"", ""(C) 3:1"", ""(D) 1:3"", ""(E) none of the other options is correct""]"	(B) 1:1	B
cff728ac-3a1b-55e4-b497-85bfaf0058cf	7	perception	rhythm	relative	rhythm-relative	proportion-recognition		rhythm pattern	What is the temporal relationship (e.g., 2:1, 3:1) between the  {target_index} note (or rest) and the next one in the {voice} line?	"[""target_index"", ""voice""]"	get_rhythm_pattern		rhythm	"{""target_index"": ""16th"", ""voice"": ""tenor""}"	What is the temporal relationship (e.g., 2:1, 3:1) between the  16th note (or rest) and the next one in the tenor line?	Vulpius_ChristusDerIstMeinLeben	chorale-bricks	Vulpius_ChristusDerIstMeinLeben	data/chorale-bricks/Vulpius_ChristusDerIstMeinLeben	1:1	"[""1:2"", ""1:3"", ""2:1"", ""3:1"", ""3:2""]"	"[""2:1"", ""1:3"", ""3:1"", ""1:2"", ""3:2""]"	symbolic	symbolic.abc.txt	data/chorale-bricks/Vulpius_ChristusDerIstMeinLeben/symbolic.abc.txt	1:1	"[""1:1"", ""none of the other options is correct"", ""2:1"", ""1:3"", ""3:1""]"	0.2	0	"[""A"", ""B"", ""C"", ""D"", ""E""]"	"{""A"": ""1:1"", ""B"": ""1:3"", ""C"": ""none of the other options is correct"", ""D"": ""2:1"", ""E"": ""3:1""}"	"[""(A) 1:1"", ""(B) 1:3"", ""(C) none of the other options is correct"", ""(D) 2:1"", ""(E) 3:1""]"	(A) 1:1	A
cbbd38f2-dc37-5519-8975-6e83a60d9525	7	perception	rhythm	relative	rhythm-relative	proportion-recognition		rhythm pattern	What is the temporal relationship (e.g., 2:1, 3:1) between the  {target_index} note (or rest) and the next one in the {voice} line?	"[""target_index"", ""voice""]"	get_rhythm_pattern		rhythm	"{""target_index"": ""16th"", ""voice"": ""tenor""}"	What is the temporal relationship (e.g., 2:1, 3:1) between the  16th note (or rest) and the next one in the tenor line?	Vulpius_ChristusDerIstMeinLeben	chorale-bricks	Vulpius_ChristusDerIstMeinLeben	data/chorale-bricks/Vulpius_ChristusDerIstMeinLeben	1:1	"[""1:2"", ""1:3"", ""2:1"", ""3:1"", ""3:2""]"	"[""2:1"", ""1:3"", ""3:1"", ""1:2"", ""3:2""]"	visual	visual.short.png	data/chorale-bricks/Vulpius_ChristusDerIstMeinLeben/visual.short.png	none of the other options is correct	"[""none of the other options is correct"", ""2:1"", ""1:3"", ""3:1"", ""1:2""]"	0.2	1	"[""A"", ""B"", ""C"", ""D"", ""E""]"	"{""A"": ""2:1"", ""B"": ""1:3"", ""C"": ""3:1"", ""D"": ""none of the other options is correct"", ""E"": ""1:2""}"	"[""(A) 2:1"", ""(B) 1:3"", ""(C) 3:1"", ""(D) none of the other options is correct"", ""(E) 1:2""]"	(D) none of the other options is correct	D
143dfea0-9a26-545b-87d0-f080d9b218b7	7	perception	rhythm	relative	rhythm-relative	proportion-recognition		rhythm pattern	What is the temporal relationship (e.g., 2:1, 3:1) between the  {target_index} note (or rest) and the next one in the {voice} line?	"[""target_index"", ""voice""]"	get_rhythm_pattern		rhythm	"{""target_index"": ""49th"", ""voice"": ""tenor""}"	What is the temporal relationship (e.g., 2:1, 3:1) between the  49th note (or rest) and the next one in the tenor line?	Telemann_DerLiebenSonneLichtUndPracht	chorale-bricks	Telemann_DerLiebenSonneLichtUndPracht	data/chorale-bricks/Telemann_DerLiebenSonneLichtUndPracht	1:1	"[""1:2"", ""1:3"", ""2:1"", ""3:1""]"	"[""1:2"", ""2:1"", ""3:1"", ""1:3""]"	audio	audio.mastermix.wav	data/chorale-bricks/Telemann_DerLiebenSonneLichtUndPracht/audio.mastermix.wav	1:1	"[""1:1"", ""none of the other options is correct"", ""1:2"", ""2:1"", ""3:1""]"	0.2	0	"[""A"", ""B"", ""C"", ""D"", ""E""]"	"{""A"": ""none of the other options is correct"", ""B"": ""1:1"", ""C"": ""2:1"", ""D"": ""1:2"", ""E"": ""3:1""}"	"[""(A) none of the other options is correct"", ""(B) 1:1"", ""(C) 2:1"", ""(D) 1:2"", ""(E) 3:1""]"	(B) 1:1	B
4ed55a51-6bdb-5a80-a0bd-a55c00147129	7	perception	rhythm	relative	rhythm-relative	proportion-recognition		rhythm pattern	What is the temporal relationship (e.g., 2:1, 3:1) between the  {target_index} note (or rest) and the next one in the {voice} line?	"[""target_index"", ""voice""]"	get_rhythm_pattern		rhythm	"{""target_index"": ""49th"", ""voice"": ""tenor""}"	What is the temporal relationship (e.g., 2:1, 3:1) between the  49th note (or rest) and the next one in the tenor line?	Telemann_DerLiebenSonneLichtUndPracht	chorale-bricks	Telemann_DerLiebenSonneLichtUndPracht	data/chorale-bricks/Telemann_DerLiebenSonneLichtUndPracht	1:1	"[""1:2"", ""1:3"", ""2:1"", ""3:1""]"	"[""1:2"", ""2:1"", ""3:1"", ""1:3""]"	symbolic	symbolic.abc.txt	data/chorale-bricks/Telemann_DerLiebenSonneLichtUndPracht/symbolic.abc.txt	none of the other options is correct	"[""none of the other options is correct"", ""1:2"", ""2:1"", ""3:1"", ""1:3""]"	0.2	1	"[""A"", ""B"", ""C"", ""D"", ""E""]"	"{""A"": ""1:2"", ""B"": ""3:1"", ""C"": ""none of the other options is correct"", ""D"": ""1:3"", ""E"": ""2:1""}"	"[""(A) 1:2"", ""(B) 3:1"", ""(C) none of the other options is correct"", ""(D) 1:3"", ""(E) 2:1""]"	(C) none of the other options is correct	C
2c2eb8ed-c484-5542-b4f4-6d5b3b066511	7	perception	rhythm	relative	rhythm-relative	proportion-recognition		rhythm pattern	What is the temporal relationship (e.g., 2:1, 3:1) between the  {target_index} note (or rest) and the next one in the {voice} line?	"[""target_index"", ""voice""]"	get_rhythm_pattern		rhythm	"{""target_index"": ""49th"", ""voice"": ""tenor""}"	What is the temporal relationship (e.g., 2:1, 3:1) between the  49th note (or rest) and the next one in the tenor line?	Telemann_DerLiebenSonneLichtUndPracht	chorale-bricks	Telemann_DerLiebenSonneLichtUndPracht	data/chorale-bricks/Telemann_DerLiebenSonneLichtUndPracht	1:1	"[""1:2"", ""1:3"", ""2:1"", ""3:1""]"	"[""1:2"", ""2:1"", ""3:1"", ""1:3""]"	visual	visual.short.png	data/chorale-bricks/Telemann_DerLiebenSonneLichtUndPracht/visual.short.png	1:1	"[""1:1"", ""none of the other options is correct"", ""1:2"", ""2:1"", ""3:1""]"	0.2	0	"[""A"", ""B"", ""C"", ""D"", ""E""]"	"{""A"": ""1:2"", ""B"": ""3:1"", ""C"": ""none of the other options is correct"", ""D"": ""2:1"", ""E"": ""1:1""}"	"[""(A) 1:2"", ""(B) 3:1"", ""(C) none of the other options is correct"", ""(D) 2:1"", ""(E) 1:1""]"	(E) 1:1	E
18a26923-f3e8-536a-ad29-2b4acde8b839	7	perception	rhythm	relative	rhythm-relative	proportion-recognition		rhythm pattern	What is the temporal relationship (e.g., 2:1, 3:1) between the  {target_index} note (or rest) and the next one in the {voice} line?	"[""target_index"", ""voice""]"	get_rhythm_pattern		rhythm	"{""target_index"": ""12th"", ""voice"": ""soprano""}"	What is the temporal relationship (e.g., 2:1, 3:1) between the  12th note (or rest) and the next one in the soprano line?	Vulpius_ChristusDerIstMeinLeben	chorale-bricks	Vulpius_ChristusDerIstMeinLeben	data/chorale-bricks/Vulpius_ChristusDerIstMeinLeben	1:3	"[""1:1"", ""1:2"", ""2:1"", ""3:1"", ""3:2""]"	"[""3:2"", ""1:1"", ""2:1"", ""1:2"", ""3:1""]"	audio	audio.mastermix.wav	data/chorale-bricks/Vulpius_ChristusDerIstMeinLeben/audio.mastermix.wav	1:3	"[""1:3"", ""none of the other options is correct"", ""3:2"", ""1:1"", ""2:1""]"	0.2	0	"[""A"", ""B"", ""C"", ""D"", ""E""]"	"{""A"": ""none of the other options is correct"", ""B"": ""1:3"", ""C"": ""3:2"", ""D"": ""2:1"", ""E"": ""1:1""}"	"[""(A) none of the other options is correct"", ""(B) 1:3"", ""(C) 3:2"", ""(D) 2:1"", ""(E) 1:1""]"	(B) 1:3	B
d5d6a8c1-8ffb-5b72-8dd5-6b090f67308e	7	perception	rhythm	relative	rhythm-relative	proportion-recognition		rhythm pattern	What is the temporal relationship (e.g., 2:1, 3:1) between the  {target_index} note (or rest) and the next one in the {voice} line?	"[""target_index"", ""voice""]"	get_rhythm_pattern		rhythm	"{""target_index"": ""12th"", ""voice"": ""soprano""}"	What is the temporal relationship (e.g., 2:1, 3:1) between the  12th note (or rest) and the next one in the soprano line?	Vulpius_ChristusDerIstMeinLeben	chorale-bricks	Vulpius_ChristusDerIstMeinLeben	data/chorale-bricks/Vulpius_ChristusDerIstMeinLeben	1:3	"[""1:1"", ""1:2"", ""2:1"", ""3:1"", ""3:2""]"	"[""3:2"", ""1:1"", ""2:1"", ""1:2"", ""3:1""]"	symbolic	symbolic.abc.txt	data/chorale-bricks/Vulpius_ChristusDerIstMeinLeben/symbolic.abc.txt	1:3	"[""1:3"", ""none of the other options is correct"", ""3:2"", ""1:1"", ""2:1""]"	0.2	0	"[""A"", ""B"", ""C"", ""D"", ""E""]"	"{""A"": ""2:1"", ""B"": ""none of the other options is correct"", ""C"": ""1:3"", ""D"": ""1:1"", ""E"": ""3:2""}"	"[""(A) 2:1"", ""(B) none of the other options is correct"", ""(C) 1:3"", ""(D) 1:1"", ""(E) 3:2""]"	(C) 1:3	C
b7accc28-63a7-55d9-8e0b-1a6b69cea571	7	perception	rhythm	relative	rhythm-relative	proportion-recognition		rhythm pattern	What is the temporal relationship (e.g., 2:1, 3:1) between the  {target_index} note (or rest) and the next one in the {voice} line?	"[""target_index"", ""voice""]"	get_rhythm_pattern		rhythm	"{""target_index"": ""12th"", ""voice"": ""soprano""}"	What is the temporal relationship (e.g., 2:1, 3:1) between the  12th note (or rest) and the next one in the soprano line?	Vulpius_ChristusDerIstMeinLeben	chorale-bricks	Vulpius_ChristusDerIstMeinLeben	data/chorale-bricks/Vulpius_ChristusDerIstMeinLeben	1:3	"[""1:1"", ""1:2"", ""2:1"", ""3:1"", ""3:2""]"	"[""3:2"", ""1:1"", ""2:1"", ""1:2"", ""3:1""]"	visual	visual.short.png	data/chorale-bricks/Vulpius_ChristusDerIstMeinLeben/visual.short.png	1:3	"[""1:3"", ""none of the other options is correct"", ""3:2"", ""1:1"", ""2:1""]"	0.2	0	"[""A"", ""B"", ""C"", ""D"", ""E""]"	"{""A"": ""1:3"", ""B"": ""1:1"", ""C"": ""3:2"", ""D"": ""2:1"", ""E"": ""none of the other options is correct""}"	"[""(A) 1:3"", ""(B) 1:1"", ""(C) 3:2"", ""(D) 2:1"", ""(E) none of the other options is correct""]"	(A) 1:3	A
81937473-3f30-5b5e-b1e8-26f1f3ecff06	7	perception	rhythm	relative	rhythm-relative	proportion-recognition		rhythm pattern	What is the temporal relationship (e.g., 2:1, 3:1) between the  {target_index} note (or rest) and the next one in the {voice} line?	"[""target_index"", ""voice""]"	get_rhythm_pattern		rhythm	"{""target_index"": ""8th"", ""voice"": ""tenor""}"	What is the temporal relationship (e.g., 2:1, 3:1) between the  8th note (or rest) and the next one in the tenor line?	Bach_IchStehAnDeinerKrippe	chorale-bricks	Bach_IchStehAnDeinerKrippe	data/chorale-bricks/Bach_IchStehAnDeinerKrippe	1:1	"[""1:2"", ""1:4"", ""2:1"", ""3:1"", ""3:2""]"	"[""1:2"", ""3:2"", ""2:1"", ""3:1"", ""1:4""]"	audio	audio.mastermix.wav	data/chorale-bricks/Bach_IchStehAnDeinerKrippe/audio.mastermix.wav	1:1	"[""1:1"", ""none of the other options is correct"", ""1:2"", ""3:2"", ""2:1""]"	0.2	0	"[""A"", ""B"", ""C"", ""D"", ""E""]"	"{""A"": ""2:1"", ""B"": ""1:2"", ""C"": ""3:2"", ""D"": ""1:1"", ""E"": ""none of the other options is correct""}"	"[""(A) 2:1"", ""(B) 1:2"", ""(C) 3:2"", ""(D) 1:1"", ""(E) none of the other options is correct""]"	(D) 1:1	D
5a293dbc-9e26-5b65-8cdf-961d8a5460ca	7	perception	rhythm	relative	rhythm-relative	proportion-recognition		rhythm pattern	What is the temporal relationship (e.g., 2:1, 3:1) between the  {target_index} note (or rest) and the next one in the {voice} line?	"[""target_index"", ""voice""]"	get_rhythm_pattern		rhythm	"{""target_index"": ""8th"", ""voice"": ""tenor""}"	What is the temporal relationship (e.g., 2:1, 3:1) between the  8th note (or rest) and the next one in the tenor line?	Bach_IchStehAnDeinerKrippe	chorale-bricks	Bach_IchStehAnDeinerKrippe	data/chorale-bricks/Bach_IchStehAnDeinerKrippe	1:1	"[""1:2"", ""1:4"", ""2:1"", ""3:1"", ""3:2""]"	"[""1:2"", ""3:2"", ""2:1"", ""3:1"", ""1:4""]"	symbolic	symbolic.abc.txt	data/chorale-bricks/Bach_IchStehAnDeinerKrippe/symbolic.abc.txt	1:1	"[""1:1"", ""none of the other options is correct"", ""1:2"", ""3:2"", ""2:1""]"	0.2	0	"[""A"", ""B"", ""C"", ""D"", ""E""]"	"{""A"": ""none of the other options is correct"", ""B"": ""3:2"", ""C"": ""1:2"", ""D"": ""2:1"", ""E"": ""1:1""}"	"[""(A) none of the other options is correct"", ""(B) 3:2"", ""(C) 1:2"", ""(D) 2:1"", ""(E) 1:1""]"	(E) 1:1	E
9163535a-d62e-58e9-89c8-c69cc0ecb73e	7	perception	rhythm	relative	rhythm-relative	proportion-recognition		rhythm pattern	What is the temporal relationship (e.g., 2:1, 3:1) between the  {target_index} note (or rest) and the next one in the {voice} line?	"[""target_index"", ""voice""]"	get_rhythm_pattern		rhythm	"{""target_index"": ""8th"", ""voice"": ""tenor""}"	What is the temporal relationship (e.g., 2:1, 3:1) between the  8th note (or rest) and the next one in the tenor line?	Bach_IchStehAnDeinerKrippe	chorale-bricks	Bach_IchStehAnDeinerKrippe	data/chorale-bricks/Bach_IchStehAnDeinerKrippe	1:1	"[""1:2"", ""1:4"", ""2:1"", ""3:1"", ""3:2""]"	"[""1:2"", ""3:2"", ""2:1"", ""3:1"", ""1:4""]"	visual	visual.short.png	data/chorale-bricks/Bach_IchStehAnDeinerKrippe/visual.short.png	1:1	"[""1:1"", ""none of the other options is correct"", ""1:2"", ""3:2"", ""2:1""]"	0.2	0	"[""A"", ""B"", ""C"", ""D"", ""E""]"	"{""A"": ""1:2"", ""B"": ""2:1"", ""C"": ""1:1"", ""D"": ""none of the other options is correct"", ""E"": ""3:2""}"	"[""(A) 1:2"", ""(B) 2:1"", ""(C) 1:1"", ""(D) none of the other options is correct"", ""(E) 3:2""]"	(C) 1:1	C
307d52cf-5473-583a-b7ac-89e5421363cd	7	perception	rhythm	relative	rhythm-relative	proportion-recognition		rhythm pattern	What is the temporal relationship (e.g., 2:1, 3:1) between the  {target_index} note (or rest) and the next one in the {voice} line?	"[""target_index"", ""voice""]"	get_rhythm_pattern		rhythm	"{""target_index"": ""57th"", ""voice"": ""alto""}"	What is the temporal relationship (e.g., 2:1, 3:1) between the  57th note (or rest) and the next one in the alto line?	Telemann_DerLiebenSonneLichtUndPracht	chorale-bricks	Telemann_DerLiebenSonneLichtUndPracht	data/chorale-bricks/Telemann_DerLiebenSonneLichtUndPracht	1:1	"[""1:2"", ""1:3"", ""2:1"", ""3:1""]"	"[""2:1"", ""1:3"", ""3:1"", ""1:2""]"	audio	audio.mastermix.wav	data/chorale-bricks/Telemann_DerLiebenSonneLichtUndPracht/audio.mastermix.wav	1:1	"[""1:1"", ""none of the other options is correct"", ""2:1"", ""1:3"", ""3:1""]"	0.2	0	"[""A"", ""B"", ""C"", ""D"", ""E""]"	"{""A"": ""1:3"", ""B"": ""3:1"", ""C"": ""2:1"", ""D"": ""1:1"", ""E"": ""none of the other options is correct""}"	"[""(A) 1:3"", ""(B) 3:1"", ""(C) 2:1"", ""(D) 1:1"", ""(E) none of the other options is correct""]"	(D) 1:1	D
541a940b-c10a-5ed3-88cb-0571d7384e8e	7	perception	rhythm	relative	rhythm-relative	proportion-recognition		rhythm pattern	What is the temporal relationship (e.g., 2:1, 3:1) between the  {target_index} note (or rest) and the next one in the {voice} line?	"[""target_index"", ""voice""]"	get_rhythm_pattern		rhythm	"{""target_index"": ""57th"", ""voice"": ""alto""}"	What is the temporal relationship (e.g., 2:1, 3:1) between the  57th note (or rest) and the next one in the alto line?	Telemann_DerLiebenSonneLichtUndPracht	chorale-bricks	Telemann_DerLiebenSonneLichtUndPracht	data/chorale-bricks/Telemann_DerLiebenSonneLichtUndPracht	1:1	"[""1:2"", ""1:3"", ""2:1"", ""3:1""]"	"[""2:1"", ""1:3"", ""3:1"", ""1:2""]"	symbolic	symbolic.abc.txt	data/chorale-bricks/Telemann_DerLiebenSonneLichtUndPracht/symbolic.abc.txt	1:1	"[""1:1"", ""none of the other options is correct"", ""2:1"", ""1:3"", ""3:1""]"	0.2	0	"[""A"", ""B"", ""C"", ""D"", ""E""]"	"{""A"": ""1:3"", ""B"": ""2:1"", ""C"": ""1:1"", ""D"": ""3:1"", ""E"": ""none of the other options is correct""}"	"[""(A) 1:3"", ""(B) 2:1"", ""(C) 1:1"", ""(D) 3:1"", ""(E) none of the other options is correct""]"	(C) 1:1	C
50bce240-1b8e-55c1-a2a9-be104877cf7e	7	perception	rhythm	relative	rhythm-relative	proportion-recognition		rhythm pattern	What is the temporal relationship (e.g., 2:1, 3:1) between the  {target_index} note (or rest) and the next one in the {voice} line?	"[""target_index"", ""voice""]"	get_rhythm_pattern		rhythm	"{""target_index"": ""57th"", ""voice"": ""alto""}"	What is the temporal relationship (e.g., 2:1, 3:1) between the  57th note (or rest) and the next one in the alto line?	Telemann_DerLiebenSonneLichtUndPracht	chorale-bricks	Telemann_DerLiebenSonneLichtUndPracht	data/chorale-bricks/Telemann_DerLiebenSonneLichtUndPracht	1:1	"[""1:2"", ""1:3"", ""2:1"", ""3:1""]"	"[""2:1"", ""1:3"", ""3:1"", ""1:2""]"	visual	visual.short.png	data/chorale-bricks/Telemann_DerLiebenSonneLichtUndPracht/visual.short.png	1:1	"[""1:1"", ""none of the other options is correct"", ""2:1"", ""1:3"", ""3:1""]"	0.2	0	"[""A"", ""B"", ""C"", ""D"", ""E""]"	"{""A"": ""2:1"", ""B"": ""none of the other options is correct"", ""C"": ""1:3"", ""D"": ""3:1"", ""E"": ""1:1""}"	"[""(A) 2:1"", ""(B) none of the other options is correct"", ""(C) 1:3"", ""(D) 3:1"", ""(E) 1:1""]"	(E) 1:1	E
8804e337-3297-59f2-a271-2f964900e405	7	perception	rhythm	relative	rhythm-relative	proportion-recognition		rhythm pattern	What is the temporal relationship (e.g., 2:1, 3:1) between the  {target_index} note (or rest) and the next one in the {voice} line?	"[""target_index"", ""voice""]"	get_rhythm_pattern		rhythm	"{""target_index"": ""10th"", ""voice"": ""soprano""}"	What is the temporal relationship (e.g., 2:1, 3:1) between the  10th note (or rest) and the next one in the soprano line?	Anonymous_AusMeinesHerzensGrunde	chorale-bricks	Anonymous_AusMeinesHerzensGrunde	data/chorale-bricks/Anonymous_AusMeinesHerzensGrunde	1:2	"[""1:1"", ""1:3"", ""2:1"", ""2:3"", ""3:1"", ""3:2"", ""4:1""]"	"[""2:3"", ""4:1"", ""1:1"", ""2:1"", ""1:3"", ""3:2"", ""3:1""]"	audio	audio.mastermix.wav	data/chorale-bricks/Anonymous_AusMeinesHerzensGrunde/audio.mastermix.wav	1:2	"[""1:2"", ""none of the other options is correct"", ""2:3"", ""4:1"", ""1:1""]"	0.2	0	"[""A"", ""B"", ""C"", ""D"", ""E""]"	"{""A"": ""1:1"", ""B"": ""none of the other options is correct"", ""C"": ""4:1"", ""D"": ""1:2"", ""E"": ""2:3""}"	"[""(A) 1:1"", ""(B) none of the other options is correct"", ""(C) 4:1"", ""(D) 1:2"", ""(E) 2:3""]"	(D) 1:2	D
d8ff4ebf-b8ba-5b77-8edc-610c4c858dc9	7	perception	rhythm	relative	rhythm-relative	proportion-recognition		rhythm pattern	What is the temporal relationship (e.g., 2:1, 3:1) between the  {target_index} note (or rest) and the next one in the {voice} line?	"[""target_index"", ""voice""]"	get_rhythm_pattern		rhythm	"{""target_index"": ""10th"", ""voice"": ""soprano""}"	What is the temporal relationship (e.g., 2:1, 3:1) between the  10th note (or rest) and the next one in the soprano line?	Anonymous_AusMeinesHerzensGrunde	chorale-bricks	Anonymous_AusMeinesHerzensGrunde	data/chorale-bricks/Anonymous_AusMeinesHerzensGrunde	1:2	"[""1:1"", ""1:3"", ""2:1"", ""2:3"", ""3:1"", ""3:2"", ""4:1""]"	"[""2:3"", ""4:1"", ""1:1"", ""2:1"", ""1:3"", ""3:2"", ""3:1""]"	symbolic	symbolic.abc.txt	data/chorale-bricks/Anonymous_AusMeinesHerzensGrunde/symbolic.abc.txt	none of the other options is correct	"[""none of the other options is correct"", ""2:3"", ""4:1"", ""1:1"", ""2:1""]"	0.2	1	"[""A"", ""B"", ""C"", ""D"", ""E""]"	"{""A"": ""4:1"", ""B"": ""none of the other options is correct"", ""C"": ""2:1"", ""D"": ""1:1"", ""E"": ""2:3""}"	"[""(A) 4:1"", ""(B) none of the other options is correct"", ""(C) 2:1"", ""(D) 1:1"", ""(E) 2:3""]"	(B) none of the other options is correct	B
71adb33f-569b-56d3-a494-3d777e067a81	7	perception	rhythm	relative	rhythm-relative	proportion-recognition		rhythm pattern	What is the temporal relationship (e.g., 2:1, 3:1) between the  {target_index} note (or rest) and the next one in the {voice} line?	"[""target_index"", ""voice""]"	get_rhythm_pattern		rhythm	"{""target_index"": ""10th"", ""voice"": ""soprano""}"	What is the temporal relationship (e.g., 2:1, 3:1) between the  10th note (or rest) and the next one in the soprano line?	Anonymous_AusMeinesHerzensGrunde	chorale-bricks	Anonymous_AusMeinesHerzensGrunde	data/chorale-bricks/Anonymous_AusMeinesHerzensGrunde	1:2	"[""1:1"", ""1:3"", ""2:1"", ""2:3"", ""3:1"", ""3:2"", ""4:1""]"	"[""2:3"", ""4:1"", ""1:1"", ""2:1"", ""1:3"", ""3:2"", ""3:1""]"	visual	visual.short.png	data/chorale-bricks/Anonymous_AusMeinesHerzensGrunde/visual.short.png	1:2	"[""1:2"", ""none of the other options is correct"", ""2:3"", ""4:1"", ""1:1""]"	0.2	0	"[""A"", ""B"", ""C"", ""D"", ""E""]"	"{""A"": ""1:1"", ""B"": ""none of the other options is correct"", ""C"": ""2:3"", ""D"": ""1:2"", ""E"": ""4:1""}"	"[""(A) 1:1"", ""(B) none of the other options is correct"", ""(C) 2:3"", ""(D) 1:2"", ""(E) 4:1""]"	(D) 1:2	D
1dca5dfb-fcb4-58ac-8511-74343958bf03	7	perception	rhythm	relative	rhythm-relative	proportion-recognition		rhythm pattern	What is the temporal relationship (e.g., 2:1, 3:1) between the  {target_index} note (or rest) and the next one in the {voice} line?	"[""target_index"", ""voice""]"	get_rhythm_pattern		rhythm	"{""target_index"": ""12th"", ""voice"": ""tenor""}"	What is the temporal relationship (e.g., 2:1, 3:1) between the  12th note (or rest) and the next one in the tenor line?	Vulpius_DieHelleSonnLeuchtJetztHerfuer	chorale-bricks	Vulpius_DieHelleSonnLeuchtJetztHerfuer	data/chorale-bricks/Vulpius_DieHelleSonnLeuchtJetztHerfuer	1:2	"[""1:1"", ""1:3"", ""2:1"", ""3:1""]"	"[""1:1"", ""1:3"", ""3:1"", ""2:1""]"	audio	audio.mastermix.wav	data/chorale-bricks/Vulpius_DieHelleSonnLeuchtJetztHerfuer/audio.mastermix.wav	1:2	"[""1:2"", ""none of the other options is correct"", ""1:1"", ""1:3"", ""3:1""]"	0.2	0	"[""A"", ""B"", ""C"", ""D"", ""E""]"	"{""A"": ""1:2"", ""B"": ""3:1"", ""C"": ""none of the other options is correct"", ""D"": ""1:1"", ""E"": ""1:3""}"	"[""(A) 1:2"", ""(B) 3:1"", ""(C) none of the other options is correct"", ""(D) 1:1"", ""(E) 1:3""]"	(A) 1:2	A
638cbfab-69db-5846-bf50-d28d257c2e77	7	perception	rhythm	relative	rhythm-relative	proportion-recognition		rhythm pattern	What is the temporal relationship (e.g., 2:1, 3:1) between the  {target_index} note (or rest) and the next one in the {voice} line?	"[""target_index"", ""voice""]"	get_rhythm_pattern		rhythm	"{""target_index"": ""12th"", ""voice"": ""tenor""}"	What is the temporal relationship (e.g., 2:1, 3:1) between the  12th note (or rest) and the next one in the tenor line?	Vulpius_DieHelleSonnLeuchtJetztHerfuer	chorale-bricks	Vulpius_DieHelleSonnLeuchtJetztHerfuer	data/chorale-bricks/Vulpius_DieHelleSonnLeuchtJetztHerfuer	1:2	"[""1:1"", ""1:3"", ""2:1"", ""3:1""]"	"[""1:1"", ""1:3"", ""3:1"", ""2:1""]"	symbolic	symbolic.abc.txt	data/chorale-bricks/Vulpius_DieHelleSonnLeuchtJetztHerfuer/symbolic.abc.txt	1:2	"[""1:2"", ""none of the other options is correct"", ""1:1"", ""1:3"", ""3:1""]"	0.2	0	"[""A"", ""B"", ""C"", ""D"", ""E""]"	"{""A"": ""none of the other options is correct"", ""B"": ""1:1"", ""C"": ""1:2"", ""D"": ""3:1"", ""E"": ""1:3""}"	"[""(A) none of the other options is correct"", ""(B) 1:1"", ""(C) 1:2"", ""(D) 3:1"", ""(E) 1:3""]"	(C) 1:2	C
90879f90-d058-53c8-88d2-5d4f6c30bd89	7	perception	rhythm	relative	rhythm-relative	proportion-recognition		rhythm pattern	What is the temporal relationship (e.g., 2:1, 3:1) between the  {target_index} note (or rest) and the next one in the {voice} line?	"[""target_index"", ""voice""]"	get_rhythm_pattern		rhythm	"{""target_index"": ""12th"", ""voice"": ""tenor""}"	What is the temporal relationship (e.g., 2:1, 3:1) between the  12th note (or rest) and the next one in the tenor line?	Vulpius_DieHelleSonnLeuchtJetztHerfuer	chorale-bricks	Vulpius_DieHelleSonnLeuchtJetztHerfuer	data/chorale-bricks/Vulpius_DieHelleSonnLeuchtJetztHerfuer	1:2	"[""1:1"", ""1:3"", ""2:1"", ""3:1""]"	"[""1:1"", ""1:3"", ""3:1"", ""2:1""]"	visual	visual.short.png	data/chorale-bricks/Vulpius_DieHelleSonnLeuchtJetztHerfuer/visual.short.png	1:2	"[""1:2"", ""none of the other options is correct"", ""1:1"", ""1:3"", ""3:1""]"	0.2	0	"[""A"", ""B"", ""C"", ""D"", ""E""]"	"{""A"": ""1:1"", ""B"": ""3:1"", ""C"": ""1:2"", ""D"": ""none of the other options is correct"", ""E"": ""1:3""}"	"[""(A) 1:1"", ""(B) 3:1"", ""(C) 1:2"", ""(D) none of the other options is correct"", ""(E) 1:3""]"	(C) 1:2	C
dfd6815e-85f0-5d17-88fb-ba09260ec47c	7	perception	rhythm	relative	rhythm-relative	proportion-recognition		rhythm pattern	What is the temporal relationship (e.g., 2:1, 3:1) between the  {target_index} note (or rest) and the next one in the {voice} line?	"[""target_index"", ""voice""]"	get_rhythm_pattern		rhythm	"{""target_index"": ""15th"", ""voice"": ""alto""}"	What is the temporal relationship (e.g., 2:1, 3:1) between the  15th note (or rest) and the next one in the alto line?	Jan_DuGrosserSchmerzensmann	chorale-bricks	Jan_DuGrosserSchmerzensmann	data/chorale-bricks/Jan_DuGrosserSchmerzensmann	2:1	"[""1:1"", ""1:2"", ""1:3"", ""3:1"", ""3:2""]"	"[""3:2"", ""3:1"", ""1:1"", ""1:3"", ""1:2""]"	audio	audio.mastermix.wav	data/chorale-bricks/Jan_DuGrosserSchmerzensmann/audio.mastermix.wav	2:1	"[""2:1"", ""none of the other options is correct"", ""3:2"", ""3:1"", ""1:1""]"	0.2	0	"[""A"", ""B"", ""C"", ""D"", ""E""]"	"{""A"": ""none of the other options is correct"", ""B"": ""2:1"", ""C"": ""3:2"", ""D"": ""3:1"", ""E"": ""1:1""}"	"[""(A) none of the other options is correct"", ""(B) 2:1"", ""(C) 3:2"", ""(D) 3:1"", ""(E) 1:1""]"	(B) 2:1	B
77944d1b-2dcc-5da3-986f-e04ca307aef9	7	perception	rhythm	relative	rhythm-relative	proportion-recognition		rhythm pattern	What is the temporal relationship (e.g., 2:1, 3:1) between the  {target_index} note (or rest) and the next one in the {voice} line?	"[""target_index"", ""voice""]"	get_rhythm_pattern		rhythm	"{""target_index"": ""15th"", ""voice"": ""alto""}"	What is the temporal relationship (e.g., 2:1, 3:1) between the  15th note (or rest) and the next one in the alto line?	Jan_DuGrosserSchmerzensmann	chorale-bricks	Jan_DuGrosserSchmerzensmann	data/chorale-bricks/Jan_DuGrosserSchmerzensmann	2:1	"[""1:1"", ""1:2"", ""1:3"", ""3:1"", ""3:2""]"	"[""3:2"", ""3:1"", ""1:1"", ""1:3"", ""1:2""]"	symbolic	symbolic.abc.txt	data/chorale-bricks/Jan_DuGrosserSchmerzensmann/symbolic.abc.txt	2:1	"[""2:1"", ""none of the other options is correct"", ""3:2"", ""3:1"", ""1:1""]"	0.2	0	"[""A"", ""B"", ""C"", ""D"", ""E""]"	"{""A"": ""1:1"", ""B"": ""3:2"", ""C"": ""none of the other options is correct"", ""D"": ""3:1"", ""E"": ""2:1""}"	"[""(A) 1:1"", ""(B) 3:2"", ""(C) none of the other options is correct"", ""(D) 3:1"", ""(E) 2:1""]"	(E) 2:1	E
6ba4dc3a-1bd7-5130-94f9-be57e1b49d66	7	perception	rhythm	relative	rhythm-relative	proportion-recognition		rhythm pattern	What is the temporal relationship (e.g., 2:1, 3:1) between the  {target_index} note (or rest) and the next one in the {voice} line?	"[""target_index"", ""voice""]"	get_rhythm_pattern		rhythm	"{""target_index"": ""15th"", ""voice"": ""alto""}"	What is the temporal relationship (e.g., 2:1, 3:1) between the  15th note (or rest) and the next one in the alto line?	Jan_DuGrosserSchmerzensmann	chorale-bricks	Jan_DuGrosserSchmerzensmann	data/chorale-bricks/Jan_DuGrosserSchmerzensmann	2:1	"[""1:1"", ""1:2"", ""1:3"", ""3:1"", ""3:2""]"	"[""3:2"", ""3:1"", ""1:1"", ""1:3"", ""1:2""]"	visual	visual.short.png	data/chorale-bricks/Jan_DuGrosserSchmerzensmann/visual.short.png	2:1	"[""2:1"", ""none of the other options is correct"", ""3:2"", ""3:1"", ""1:1""]"	0.2	0	"[""A"", ""B"", ""C"", ""D"", ""E""]"	"{""A"": ""3:1"", ""B"": ""1:1"", ""C"": ""3:2"", ""D"": ""none of the other options is correct"", ""E"": ""2:1""}"	"[""(A) 3:1"", ""(B) 1:1"", ""(C) 3:2"", ""(D) none of the other options is correct"", ""(E) 2:1""]"	(E) 2:1	E
8da81002-c2d1-5696-a872-0d676aa9613b	7	perception	rhythm	relative	rhythm-relative	proportion-recognition		rhythm pattern	What is the temporal relationship (e.g., 2:1, 3:1) between the  {target_index} note (or rest) and the next one in the {voice} line?	"[""target_index"", ""voice""]"	get_rhythm_pattern		rhythm	"{""target_index"": ""12th"", ""voice"": ""soprano""}"	What is the temporal relationship (e.g., 2:1, 3:1) between the  12th note (or rest) and the next one in the soprano line?	Telemann_DerLiebenSonneLichtUndPracht	chorale-bricks	Telemann_DerLiebenSonneLichtUndPracht	data/chorale-bricks/Telemann_DerLiebenSonneLichtUndPracht	1:1	"[""1:2"", ""1:3"", ""2:1"", ""3:1""]"	"[""3:1"", ""2:1"", ""1:3"", ""1:2""]"	audio	audio.mastermix.wav	data/chorale-bricks/Telemann_DerLiebenSonneLichtUndPracht/audio.mastermix.wav	1:1	"[""1:1"", ""none of the other options is correct"", ""3:1"", ""2:1"", ""1:3""]"	0.2	0	"[""A"", ""B"", ""C"", ""D"", ""E""]"	"{""A"": ""1:1"", ""B"": ""1:3"", ""C"": ""2:1"", ""D"": ""none of the other options is correct"", ""E"": ""3:1""}"	"[""(A) 1:1"", ""(B) 1:3"", ""(C) 2:1"", ""(D) none of the other options is correct"", ""(E) 3:1""]"	(A) 1:1	A
175de8c9-3391-5961-9aab-4bf0b748cb47	7	perception	rhythm	relative	rhythm-relative	proportion-recognition		rhythm pattern	What is the temporal relationship (e.g., 2:1, 3:1) between the  {target_index} note (or rest) and the next one in the {voice} line?	"[""target_index"", ""voice""]"	get_rhythm_pattern		rhythm	"{""target_index"": ""12th"", ""voice"": ""soprano""}"	What is the temporal relationship (e.g., 2:1, 3:1) between the  12th note (or rest) and the next one in the soprano line?	Telemann_DerLiebenSonneLichtUndPracht	chorale-bricks	Telemann_DerLiebenSonneLichtUndPracht	data/chorale-bricks/Telemann_DerLiebenSonneLichtUndPracht	1:1	"[""1:2"", ""1:3"", ""2:1"", ""3:1""]"	"[""3:1"", ""2:1"", ""1:3"", ""1:2""]"	symbolic	symbolic.abc.txt	data/chorale-bricks/Telemann_DerLiebenSonneLichtUndPracht/symbolic.abc.txt	1:1	"[""1:1"", ""none of the other options is correct"", ""3:1"", ""2:1"", ""1:3""]"	0.2	0	"[""A"", ""B"", ""C"", ""D"", ""E""]"	"{""A"": ""2:1"", ""B"": ""1:3"", ""C"": ""1:1"", ""D"": ""3:1"", ""E"": ""none of the other options is correct""}"	"[""(A) 2:1"", ""(B) 1:3"", ""(C) 1:1"", ""(D) 3:1"", ""(E) none of the other options is correct""]"	(C) 1:1	C
ea83d831-9ec3-5ec7-9a60-c3a2b68c43ee	7	perception	rhythm	relative	rhythm-relative	proportion-recognition		rhythm pattern	What is the temporal relationship (e.g., 2:1, 3:1) between the  {target_index} note (or rest) and the next one in the {voice} line?	"[""target_index"", ""voice""]"	get_rhythm_pattern		rhythm	"{""target_index"": ""12th"", ""voice"": ""soprano""}"	What is the temporal relationship (e.g., 2:1, 3:1) between the  12th note (or rest) and the next one in the soprano line?	Telemann_DerLiebenSonneLichtUndPracht	chorale-bricks	Telemann_DerLiebenSonneLichtUndPracht	data/chorale-bricks/Telemann_DerLiebenSonneLichtUndPracht	1:1	"[""1:2"", ""1:3"", ""2:1"", ""3:1""]"	"[""3:1"", ""2:1"", ""1:3"", ""1:2""]"	visual	visual.short.png	data/chorale-bricks/Telemann_DerLiebenSonneLichtUndPracht/visual.short.png	1:1	"[""1:1"", ""none of the other options is correct"", ""3:1"", ""2:1"", ""1:3""]"	0.2	0	"[""A"", ""B"", ""C"", ""D"", ""E""]"	"{""A"": ""1:1"", ""B"": ""2:1"", ""C"": ""none of the other options is correct"", ""D"": ""1:3"", ""E"": ""3:1""}"	"[""(A) 1:1"", ""(B) 2:1"", ""(C) none of the other options is correct"", ""(D) 1:3"", ""(E) 3:1""]"	(A) 1:1	A
062e363f-1077-5364-8445-f90bdff2bb8a	8	perception	rhythm	relative	rhythm-relative	proportion-recognition		rhythm pattern statistics	How many rhythmic figures with a strict {rhythm_proportion} proportionality are there in the {voice} line?	"[""rhythm_proportion"", ""voice""]"	get_rhythm_pattern_count		rhythm	"{""rhythm_proportion"": ""1:1"", ""voice"": ""tenor""}"	How many rhythmic figures with a strict 1:1 proportionality are there in the tenor line?	Gesius_BefiehlDuDeineWege	chorale-bricks	Gesius_BefiehlDuDeineWege	data/chorale-bricks/Gesius_BefiehlDuDeineWege	45	"[""0"", ""1"", ""2"", ""3""]"	"[""2"", ""1"", ""3"", ""0""]"	audio	audio.mastermix.wav	data/chorale-bricks/Gesius_BefiehlDuDeineWege/audio.mastermix.wav	45	"[""45"", ""none of the other options is correct"", ""2"", ""1"", ""3""]"	0.2	0	"[""A"", ""B"", ""C"", ""D"", ""E""]"	"{""A"": ""2"", ""B"": ""45"", ""C"": ""none of the other options is correct"", ""D"": ""3"", ""E"": ""1""}"	"[""(A) 2"", ""(B) 45"", ""(C) none of the other options is correct"", ""(D) 3"", ""(E) 1""]"	(B) 45	B
2cf27fb8-db86-5f09-9bd3-f65368699f7a	8	perception	rhythm	relative	rhythm-relative	proportion-recognition		rhythm pattern statistics	How many rhythmic figures with a strict {rhythm_proportion} proportionality are there in the {voice} line?	"[""rhythm_proportion"", ""voice""]"	get_rhythm_pattern_count		rhythm	"{""rhythm_proportion"": ""1:1"", ""voice"": ""tenor""}"	How many rhythmic figures with a strict 1:1 proportionality are there in the tenor line?	Gesius_BefiehlDuDeineWege	chorale-bricks	Gesius_BefiehlDuDeineWege	data/chorale-bricks/Gesius_BefiehlDuDeineWege	45	"[""0"", ""1"", ""2"", ""3""]"	"[""2"", ""1"", ""3"", ""0""]"	symbolic	symbolic.abc.txt	data/chorale-bricks/Gesius_BefiehlDuDeineWege/symbolic.abc.txt	45	"[""45"", ""none of the other options is correct"", ""2"", ""1"", ""3""]"	0.2	0	"[""A"", ""B"", ""C"", ""D"", ""E""]"	"{""A"": ""3"", ""B"": ""1"", ""C"": ""none of the other options is correct"", ""D"": ""45"", ""E"": ""2""}"	"[""(A) 3"", ""(B) 1"", ""(C) none of the other options is correct"", ""(D) 45"", ""(E) 2""]"	(D) 45	D
68172dad-b171-5939-a4da-7ef14beac25a	8	perception	rhythm	relative	rhythm-relative	proportion-recognition		rhythm pattern statistics	How many rhythmic figures with a strict {rhythm_proportion} proportionality are there in the {voice} line?	"[""rhythm_proportion"", ""voice""]"	get_rhythm_pattern_count		rhythm	"{""rhythm_proportion"": ""1:1"", ""voice"": ""tenor""}"	How many rhythmic figures with a strict 1:1 proportionality are there in the tenor line?	Gesius_BefiehlDuDeineWege	chorale-bricks	Gesius_BefiehlDuDeineWege	data/chorale-bricks/Gesius_BefiehlDuDeineWege	45	"[""0"", ""1"", ""2"", ""3""]"	"[""2"", ""1"", ""3"", ""0""]"	visual	visual.short.png	data/chorale-bricks/Gesius_BefiehlDuDeineWege/visual.short.png	45	"[""45"", ""none of the other options is correct"", ""2"", ""1"", ""3""]"	0.2	0	"[""A"", ""B"", ""C"", ""D"", ""E""]"	"{""A"": ""1"", ""B"": ""2"", ""C"": ""45"", ""D"": ""3"", ""E"": ""none of the other options is correct""}"	"[""(A) 1"", ""(B) 2"", ""(C) 45"", ""(D) 3"", ""(E) none of the other options is correct""]"	(C) 45	C
008de8ea-a444-5d0f-be4a-b86bfae1a9e5	8	perception	rhythm	relative	rhythm-relative	proportion-recognition		rhythm pattern statistics	How many rhythmic figures with a strict {rhythm_proportion} proportionality are there in the {voice} line?	"[""rhythm_proportion"", ""voice""]"	get_rhythm_pattern_count		rhythm	"{""rhythm_proportion"": ""1:1"", ""voice"": ""soprano""}"	How many rhythmic figures with a strict 1:1 proportionality are there in the soprano line?	Telemann_DerLiebenSonneLichtUndPracht	chorale-bricks	Telemann_DerLiebenSonneLichtUndPracht	data/chorale-bricks/Telemann_DerLiebenSonneLichtUndPracht	52	"[""0"", ""1"", ""2"", ""4""]"	"[""0"", ""1"", ""4"", ""2""]"	audio	audio.mastermix.wav	data/chorale-bricks/Telemann_DerLiebenSonneLichtUndPracht/audio.mastermix.wav	52	"[""52"", ""none of the other options is correct"", ""0"", ""1"", ""4""]"	0.2	0	"[""A"", ""B"", ""C"", ""D"", ""E""]"	"{""A"": ""52"", ""B"": ""0"", ""C"": ""4"", ""D"": ""none of the other options is correct"", ""E"": ""1""}"	"[""(A) 52"", ""(B) 0"", ""(C) 4"", ""(D) none of the other options is correct"", ""(E) 1""]"	(A) 52	A
31f2c864-10a5-5413-9c78-5e8d85ed1e30	8	perception	rhythm	relative	rhythm-relative	proportion-recognition		rhythm pattern statistics	How many rhythmic figures with a strict {rhythm_proportion} proportionality are there in the {voice} line?	"[""rhythm_proportion"", ""voice""]"	get_rhythm_pattern_count		rhythm	"{""rhythm_proportion"": ""1:1"", ""voice"": ""soprano""}"	How many rhythmic figures with a strict 1:1 proportionality are there in the soprano line?	Telemann_DerLiebenSonneLichtUndPracht	chorale-bricks	Telemann_DerLiebenSonneLichtUndPracht	data/chorale-bricks/Telemann_DerLiebenSonneLichtUndPracht	52	"[""0"", ""1"", ""2"", ""4""]"	"[""0"", ""1"", ""4"", ""2""]"	symbolic	symbolic.abc.txt	data/chorale-bricks/Telemann_DerLiebenSonneLichtUndPracht/symbolic.abc.txt	none of the other options is correct	"[""none of the other options is correct"", ""0"", ""1"", ""4"", ""2""]"	0.2	1	"[""A"", ""B"", ""C"", ""D"", ""E""]"	"{""A"": ""1"", ""B"": ""0"", ""C"": ""2"", ""D"": ""none of the other options is correct"", ""E"": ""4""}"	"[""(A) 1"", ""(B) 0"", ""(C) 2"", ""(D) none of the other options is correct"", ""(E) 4""]"	(D) none of the other options is correct	D
9f84a38f-d9c5-5964-a99c-cfa89619030d	8	perception	rhythm	relative	rhythm-relative	proportion-recognition		rhythm pattern statistics	How many rhythmic figures with a strict {rhythm_proportion} proportionality are there in the {voice} line?	"[""rhythm_proportion"", ""voice""]"	get_rhythm_pattern_count		rhythm	"{""rhythm_proportion"": ""1:1"", ""voice"": ""soprano""}"	How many rhythmic figures with a strict 1:1 proportionality are there in the soprano line?	Telemann_DerLiebenSonneLichtUndPracht	chorale-bricks	Telemann_DerLiebenSonneLichtUndPracht	data/chorale-bricks/Telemann_DerLiebenSonneLichtUndPracht	52	"[""0"", ""1"", ""2"", ""4""]"	"[""0"", ""1"", ""4"", ""2""]"	visual	visual.short.png	data/chorale-bricks/Telemann_DerLiebenSonneLichtUndPracht/visual.short.png	52	"[""52"", ""none of the other options is correct"", ""0"", ""1"", ""4""]"	0.2	0	"[""A"", ""B"", ""C"", ""D"", ""E""]"	"{""A"": ""4"", ""B"": ""0"", ""C"": ""none of the other options is correct"", ""D"": ""1"", ""E"": ""52""}"	"[""(A) 4"", ""(B) 0"", ""(C) none of the other options is correct"", ""(D) 1"", ""(E) 52""]"	(E) 52	E
4f127599-5a64-5a92-9acb-67ff221f4ef3	8	perception	rhythm	relative	rhythm-relative	proportion-recognition		rhythm pattern statistics	How many rhythmic figures with a strict {rhythm_proportion} proportionality are there in the {voice} line?	"[""rhythm_proportion"", ""voice""]"	get_rhythm_pattern_count		rhythm	"{""rhythm_proportion"": ""1:2"", ""voice"": ""alto""}"	How many rhythmic figures with a strict 1:2 proportionality are there in the alto line?	Anonymous_AusMeinesHerzensGrunde	chorale-bricks	Anonymous_AusMeinesHerzensGrunde	data/chorale-bricks/Anonymous_AusMeinesHerzensGrunde	22	"[""0"", ""1"", ""2"", ""3""]"	"[""2"", ""1"", ""3"", ""0""]"	audio	audio.mastermix.wav	data/chorale-bricks/Anonymous_AusMeinesHerzensGrunde/audio.mastermix.wav	22	"[""22"", ""none of the other options is correct"", ""2"", ""1"", ""3""]"	0.2	0	"[""A"", ""B"", ""C"", ""D"", ""E""]"	"{""A"": ""1"", ""B"": ""none of the other options is correct"", ""C"": ""2"", ""D"": ""22"", ""E"": ""3""}"	"[""(A) 1"", ""(B) none of the other options is correct"", ""(C) 2"", ""(D) 22"", ""(E) 3""]"	(D) 22	D
9a4997e0-4699-5c13-924a-70bbd23663f7	8	perception	rhythm	relative	rhythm-relative	proportion-recognition		rhythm pattern statistics	How many rhythmic figures with a strict {rhythm_proportion} proportionality are there in the {voice} line?	"[""rhythm_proportion"", ""voice""]"	get_rhythm_pattern_count		rhythm	"{""rhythm_proportion"": ""1:2"", ""voice"": ""alto""}"	How many rhythmic figures with a strict 1:2 proportionality are there in the alto line?	Anonymous_AusMeinesHerzensGrunde	chorale-bricks	Anonymous_AusMeinesHerzensGrunde	data/chorale-bricks/Anonymous_AusMeinesHerzensGrunde	22	"[""0"", ""1"", ""2"", ""3""]"	"[""2"", ""1"", ""3"", ""0""]"	symbolic	symbolic.abc.txt	data/chorale-bricks/Anonymous_AusMeinesHerzensGrunde/symbolic.abc.txt	22	"[""22"", ""none of the other options is correct"", ""2"", ""1"", ""3""]"	0.2	0	"[""A"", ""B"", ""C"", ""D"", ""E""]"	"{""A"": ""3"", ""B"": ""1"", ""C"": ""22"", ""D"": ""2"", ""E"": ""none of the other options is correct""}"	"[""(A) 3"", ""(B) 1"", ""(C) 22"", ""(D) 2"", ""(E) none of the other options is correct""]"	(C) 22	C
1a237725-1dee-5998-b1d7-93be04a992dc	8	perception	rhythm	relative	rhythm-relative	proportion-recognition		rhythm pattern statistics	How many rhythmic figures with a strict {rhythm_proportion} proportionality are there in the {voice} line?	"[""rhythm_proportion"", ""voice""]"	get_rhythm_pattern_count		rhythm	"{""rhythm_proportion"": ""1:2"", ""voice"": ""alto""}"	How many rhythmic figures with a strict 1:2 proportionality are there in the alto line?	Anonymous_AusMeinesHerzensGrunde	chorale-bricks	Anonymous_AusMeinesHerzensGrunde	data/chorale-bricks/Anonymous_AusMeinesHerzensGrunde	22	"[""0"", ""1"", ""2"", ""3""]"	"[""2"", ""1"", ""3"", ""0""]"	visual	visual.short.png	data/chorale-bricks/Anonymous_AusMeinesHerzensGrunde/visual.short.png	none of the other options is correct	"[""none of the other options is correct"", ""2"", ""1"", ""3"", ""0""]"	0.2	1	"[""A"", ""B"", ""C"", ""D"", ""E""]"	"{""A"": ""none of the other options is correct"", ""B"": ""3"", ""C"": ""1"", ""D"": ""2"", ""E"": ""0""}"	"[""(A) none of the other options is correct"", ""(B) 3"", ""(C) 1"", ""(D) 2"", ""(E) 0""]"	(A) none of the other options is correct	A
e4c7f725-5f76-5791-b1bb-38f6d22b19d2	8	perception	rhythm	relative	rhythm-relative	proportion-recognition		rhythm pattern statistics	How many rhythmic figures with a strict {rhythm_proportion} proportionality are there in the {voice} line?	"[""rhythm_proportion"", ""voice""]"	get_rhythm_pattern_count		rhythm	"{""rhythm_proportion"": ""3:2"", ""voice"": ""soprano""}"	How many rhythmic figures with a strict 3:2 proportionality are there in the soprano line?	Crueger_AufAufMeinHerzMitFreuden	chorale-bricks	Crueger_AufAufMeinHerzMitFreuden	data/chorale-bricks/Crueger_AufAufMeinHerzMitFreuden	10	"[""1"", ""2"", ""3"", ""4""]"	"[""2"", ""4"", ""1"", ""3""]"	audio	audio.mastermix.wav	data/chorale-bricks/Crueger_AufAufMeinHerzMitFreuden/audio.mastermix.wav	none of the other options is correct	"[""none of the other options is correct"", ""2"", ""4"", ""1"", ""3""]"	0.2	1	"[""A"", ""B"", ""C"", ""D"", ""E""]"	"{""A"": ""1"", ""B"": ""none of the other options is correct"", ""C"": ""2"", ""D"": ""3"", ""E"": ""4""}"	"[""(A) 1"", ""(B) none of the other options is correct"", ""(C) 2"", ""(D) 3"", ""(E) 4""]"	(B) none of the other options is correct	B
ac5840cf-afd3-5f7a-ac49-e9d54cbf0335	8	perception	rhythm	relative	rhythm-relative	proportion-recognition		rhythm pattern statistics	How many rhythmic figures with a strict {rhythm_proportion} proportionality are there in the {voice} line?	"[""rhythm_proportion"", ""voice""]"	get_rhythm_pattern_count		rhythm	"{""rhythm_proportion"": ""3:2"", ""voice"": ""soprano""}"	How many rhythmic figures with a strict 3:2 proportionality are there in the soprano line?	Crueger_AufAufMeinHerzMitFreuden	chorale-bricks	Crueger_AufAufMeinHerzMitFreuden	data/chorale-bricks/Crueger_AufAufMeinHerzMitFreuden	10	"[""1"", ""2"", ""3"", ""4""]"	"[""2"", ""4"", ""1"", ""3""]"	symbolic	symbolic.abc.txt	data/chorale-bricks/Crueger_AufAufMeinHerzMitFreuden/symbolic.abc.txt	none of the other options is correct	"[""none of the other options is correct"", ""2"", ""4"", ""1"", ""3""]"	0.2	1	"[""A"", ""B"", ""C"", ""D"", ""E""]"	"{""A"": ""3"", ""B"": ""none of the other options is correct"", ""C"": ""4"", ""D"": ""1"", ""E"": ""2""}"	"[""(A) 3"", ""(B) none of the other options is correct"", ""(C) 4"", ""(D) 1"", ""(E) 2""]"	(B) none of the other options is correct	B
28e44ace-4534-5a9a-8895-5e539ae5b0ec	8	perception	rhythm	relative	rhythm-relative	proportion-recognition		rhythm pattern statistics	How many rhythmic figures with a strict {rhythm_proportion} proportionality are there in the {voice} line?	"[""rhythm_proportion"", ""voice""]"	get_rhythm_pattern_count		rhythm	"{""rhythm_proportion"": ""3:2"", ""voice"": ""soprano""}"	How many rhythmic figures with a strict 3:2 proportionality are there in the soprano line?	Crueger_AufAufMeinHerzMitFreuden	chorale-bricks	Crueger_AufAufMeinHerzMitFreuden	data/chorale-bricks/Crueger_AufAufMeinHerzMitFreuden	10	"[""1"", ""2"", ""3"", ""4""]"	"[""2"", ""4"", ""1"", ""3""]"	visual	visual.short.png	data/chorale-bricks/Crueger_AufAufMeinHerzMitFreuden/visual.short.png	none of the other options is correct	"[""none of the other options is correct"", ""2"", ""4"", ""1"", ""3""]"	0.2	1	"[""A"", ""B"", ""C"", ""D"", ""E""]"	"{""A"": ""none of the other options is correct"", ""B"": ""1"", ""C"": ""4"", ""D"": ""3"", ""E"": ""2""}"	"[""(A) none of the other options is correct"", ""(B) 1"", ""(C) 4"", ""(D) 3"", ""(E) 2""]"	(A) none of the other options is correct	A
c4502e9c-d883-5d38-aa78-a1e712b58203	8	perception	rhythm	relative	rhythm-relative	proportion-recognition		rhythm pattern statistics	How many rhythmic figures with a strict {rhythm_proportion} proportionality are there in the {voice} line?	"[""rhythm_proportion"", ""voice""]"	get_rhythm_pattern_count		rhythm	"{""rhythm_proportion"": ""3:1"", ""voice"": ""soprano""}"	How many rhythmic figures with a strict 3:1 proportionality are there in the soprano line?	Gesius_DuFriedensfuerstHerrJesuChrist	chorale-bricks	Gesius_DuFriedensfuerstHerrJesuChrist	data/chorale-bricks/Gesius_DuFriedensfuerstHerrJesuChrist	1	"[""0"", ""2"", ""3"", ""4""]"	"[""0"", ""3"", ""2"", ""4""]"	audio	audio.mastermix.wav	data/chorale-bricks/Gesius_DuFriedensfuerstHerrJesuChrist/audio.mastermix.wav	1	"[""1"", ""none of the other options is correct"", ""0"", ""3"", ""2""]"	0.2	0	"[""A"", ""B"", ""C"", ""D"", ""E""]"	"{""A"": ""2"", ""B"": ""3"", ""C"": ""none of the other options is correct"", ""D"": ""0"", ""E"": ""1""}"	"[""(A) 2"", ""(B) 3"", ""(C) none of the other options is correct"", ""(D) 0"", ""(E) 1""]"	(E) 1	E
e4b36e2a-485f-581f-b330-1d19103eaa9c	8	perception	rhythm	relative	rhythm-relative	proportion-recognition		rhythm pattern statistics	How many rhythmic figures with a strict {rhythm_proportion} proportionality are there in the {voice} line?	"[""rhythm_proportion"", ""voice""]"	get_rhythm_pattern_count		rhythm	"{""rhythm_proportion"": ""3:1"", ""voice"": ""soprano""}"	How many rhythmic figures with a strict 3:1 proportionality are there in the soprano line?	Gesius_DuFriedensfuerstHerrJesuChrist	chorale-bricks	Gesius_DuFriedensfuerstHerrJesuChrist	data/chorale-bricks/Gesius_DuFriedensfuerstHerrJesuChrist	1	"[""0"", ""2"", ""3"", ""4""]"	"[""0"", ""3"", ""2"", ""4""]"	symbolic	symbolic.abc.txt	data/chorale-bricks/Gesius_DuFriedensfuerstHerrJesuChrist/symbolic.abc.txt	1	"[""1"", ""none of the other options is correct"", ""0"", ""3"", ""2""]"	0.2	0	"[""A"", ""B"", ""C"", ""D"", ""E""]"	"{""A"": ""3"", ""B"": ""2"", ""C"": ""0"", ""D"": ""none of the other options is correct"", ""E"": ""1""}"	"[""(A) 3"", ""(B) 2"", ""(C) 0"", ""(D) none of the other options is correct"", ""(E) 1""]"	(E) 1	E
3d93fd3b-2afa-5a72-8b6e-1f2f2c9e38c9	8	perception	rhythm	relative	rhythm-relative	proportion-recognition		rhythm pattern statistics	How many rhythmic figures with a strict {rhythm_proportion} proportionality are there in the {voice} line?	"[""rhythm_proportion"", ""voice""]"	get_rhythm_pattern_count		rhythm	"{""rhythm_proportion"": ""3:1"", ""voice"": ""soprano""}"	How many rhythmic figures with a strict 3:1 proportionality are there in the soprano line?	Gesius_DuFriedensfuerstHerrJesuChrist	chorale-bricks	Gesius_DuFriedensfuerstHerrJesuChrist	data/chorale-bricks/Gesius_DuFriedensfuerstHerrJesuChrist	1	"[""0"", ""2"", ""3"", ""4""]"	"[""0"", ""3"", ""2"", ""4""]"	visual	visual.short.png	data/chorale-bricks/Gesius_DuFriedensfuerstHerrJesuChrist/visual.short.png	1	"[""1"", ""none of the other options is correct"", ""0"", ""3"", ""2""]"	0.2	0	"[""A"", ""B"", ""C"", ""D"", ""E""]"	"{""A"": ""3"", ""B"": ""1"", ""C"": ""0"", ""D"": ""2"", ""E"": ""none of the other options is correct""}"	"[""(A) 3"", ""(B) 1"", ""(C) 0"", ""(D) 2"", ""(E) none of the other options is correct""]"	(B) 1	B
1c954e62-b7c9-5c2f-a1c0-1458f1f05ed3	8	perception	rhythm	relative	rhythm-relative	proportion-recognition		rhythm pattern statistics	How many rhythmic figures with a strict {rhythm_proportion} proportionality are there in the {voice} line?	"[""rhythm_proportion"", ""voice""]"	get_rhythm_pattern_count		rhythm	"{""rhythm_proportion"": ""1:1"", ""voice"": ""bass""}"	How many rhythmic figures with a strict 1:1 proportionality are there in the bass line?	Jan_DuGrosserSchmerzensmann	chorale-bricks	Jan_DuGrosserSchmerzensmann	data/chorale-bricks/Jan_DuGrosserSchmerzensmann	32	"[""0"", ""1"", ""2"", ""3""]"	"[""0"", ""2"", ""1"", ""3""]"	audio	audio.mastermix.wav	data/chorale-bricks/Jan_DuGrosserSchmerzensmann/audio.mastermix.wav	none of the other options is correct	"[""none of the other options is correct"", ""0"", ""2"", ""1"", ""3""]"	0.2	1	"[""A"", ""B"", ""C"", ""D"", ""E""]"	"{""A"": ""1"", ""B"": ""2"", ""C"": ""none of the other options is correct"", ""D"": ""3"", ""E"": ""0""}"	"[""(A) 1"", ""(B) 2"", ""(C) none of the other options is correct"", ""(D) 3"", ""(E) 0""]"	(C) none of the other options is correct	C
f7dd641b-0d7d-5d4e-a491-d64e0b54f170	8	perception	rhythm	relative	rhythm-relative	proportion-recognition		rhythm pattern statistics	How many rhythmic figures with a strict {rhythm_proportion} proportionality are there in the {voice} line?	"[""rhythm_proportion"", ""voice""]"	get_rhythm_pattern_count		rhythm	"{""rhythm_proportion"": ""1:1"", ""voice"": ""bass""}"	How many rhythmic figures with a strict 1:1 proportionality are there in the bass line?	Jan_DuGrosserSchmerzensmann	chorale-bricks	Jan_DuGrosserSchmerzensmann	data/chorale-bricks/Jan_DuGrosserSchmerzensmann	32	"[""0"", ""1"", ""2"", ""3""]"	"[""0"", ""2"", ""1"", ""3""]"	symbolic	symbolic.abc.txt	data/chorale-bricks/Jan_DuGrosserSchmerzensmann/symbolic.abc.txt	32	"[""32"", ""none of the other options is correct"", ""0"", ""2"", ""1""]"	0.2	0	"[""A"", ""B"", ""C"", ""D"", ""E""]"	"{""A"": ""none of the other options is correct"", ""B"": ""32"", ""C"": ""0"", ""D"": ""1"", ""E"": ""2""}"	"[""(A) none of the other options is correct"", ""(B) 32"", ""(C) 0"", ""(D) 1"", ""(E) 2""]"	(B) 32	B
336587e0-63b1-5a2b-ae1d-f10216db3e92	8	perception	rhythm	relative	rhythm-relative	proportion-recognition		rhythm pattern statistics	How many rhythmic figures with a strict {rhythm_proportion} proportionality are there in the {voice} line?	"[""rhythm_proportion"", ""voice""]"	get_rhythm_pattern_count		rhythm	"{""rhythm_proportion"": ""1:1"", ""voice"": ""bass""}"	How many rhythmic figures with a strict 1:1 proportionality are there in the bass line?	Jan_DuGrosserSchmerzensmann	chorale-bricks	Jan_DuGrosserSchmerzensmann	data/chorale-bricks/Jan_DuGrosserSchmerzensmann	32	"[""0"", ""1"", ""2"", ""3""]"	"[""0"", ""2"", ""1"", ""3""]"	visual	visual.short.png	data/chorale-bricks/Jan_DuGrosserSchmerzensmann/visual.short.png	none of the other options is correct	"[""none of the other options is correct"", ""0"", ""2"", ""1"", ""3""]"	0.2	1	"[""A"", ""B"", ""C"", ""D"", ""E""]"	"{""A"": ""2"", ""B"": ""none of the other options is correct"", ""C"": ""0"", ""D"": ""3"", ""E"": ""1""}"	"[""(A) 2"", ""(B) none of the other options is correct"", ""(C) 0"", ""(D) 3"", ""(E) 1""]"	(B) none of the other options is correct	B
65e40797-9cac-5f81-8aa5-9926922ef826	8	perception	rhythm	relative	rhythm-relative	proportion-recognition		rhythm pattern statistics	How many rhythmic figures with a strict {rhythm_proportion} proportionality are there in the {voice} line?	"[""rhythm_proportion"", ""voice""]"	get_rhythm_pattern_count		rhythm	"{""rhythm_proportion"": ""1:2"", ""voice"": ""tenor""}"	How many rhythmic figures with a strict 1:2 proportionality are there in the tenor line?	Crueger_AufAufMeinHerzMitFreuden	chorale-bricks	Crueger_AufAufMeinHerzMitFreuden	data/chorale-bricks/Crueger_AufAufMeinHerzMitFreuden	17	"[""1"", ""2"", ""3"", ""4""]"	"[""3"", ""4"", ""1"", ""2""]"	audio	audio.mastermix.wav	data/chorale-bricks/Crueger_AufAufMeinHerzMitFreuden/audio.mastermix.wav	17	"[""17"", ""none of the other options is correct"", ""3"", ""4"", ""1""]"	0.2	0	"[""A"", ""B"", ""C"", ""D"", ""E""]"	"{""A"": ""4"", ""B"": ""17"", ""C"": ""1"", ""D"": ""3"", ""E"": ""none of the other options is correct""}"	"[""(A) 4"", ""(B) 17"", ""(C) 1"", ""(D) 3"", ""(E) none of the other options is correct""]"	(B) 17	B
9b803989-8cba-55e4-9864-81ad3abaa68e	8	perception	rhythm	relative	rhythm-relative	proportion-recognition		rhythm pattern statistics	How many rhythmic figures with a strict {rhythm_proportion} proportionality are there in the {voice} line?	"[""rhythm_proportion"", ""voice""]"	get_rhythm_pattern_count		rhythm	"{""rhythm_proportion"": ""1:2"", ""voice"": ""tenor""}"	How many rhythmic figures with a strict 1:2 proportionality are there in the tenor line?	Crueger_AufAufMeinHerzMitFreuden	chorale-bricks	Crueger_AufAufMeinHerzMitFreuden	data/chorale-bricks/Crueger_AufAufMeinHerzMitFreuden	17	"[""1"", ""2"", ""3"", ""4""]"	"[""3"", ""4"", ""1"", ""2""]"	symbolic	symbolic.abc.txt	data/chorale-bricks/Crueger_AufAufMeinHerzMitFreuden/symbolic.abc.txt	none of the other options is correct	"[""none of the other options is correct"", ""3"", ""4"", ""1"", ""2""]"	0.2	1	"[""A"", ""B"", ""C"", ""D"", ""E""]"	"{""A"": ""4"", ""B"": ""3"", ""C"": ""1"", ""D"": ""none of the other options is correct"", ""E"": ""2""}"	"[""(A) 4"", ""(B) 3"", ""(C) 1"", ""(D) none of the other options is correct"", ""(E) 2""]"	(D) none of the other options is correct	D
c1407bc9-ef8a-539a-83be-0d8185a9f1ae	8	perception	rhythm	relative	rhythm-relative	proportion-recognition		rhythm pattern statistics	How many rhythmic figures with a strict {rhythm_proportion} proportionality are there in the {voice} line?	"[""rhythm_proportion"", ""voice""]"	get_rhythm_pattern_count		rhythm	"{""rhythm_proportion"": ""1:2"", ""voice"": ""tenor""}"	How many rhythmic figures with a strict 1:2 proportionality are there in the tenor line?	Crueger_AufAufMeinHerzMitFreuden	chorale-bricks	Crueger_AufAufMeinHerzMitFreuden	data/chorale-bricks/Crueger_AufAufMeinHerzMitFreuden	17	"[""1"", ""2"", ""3"", ""4""]"	"[""3"", ""4"", ""1"", ""2""]"	visual	visual.short.png	data/chorale-bricks/Crueger_AufAufMeinHerzMitFreuden/visual.short.png	17	"[""17"", ""none of the other options is correct"", ""3"", ""4"", ""1""]"	0.2	0	"[""A"", ""B"", ""C"", ""D"", ""E""]"	"{""A"": ""none of the other options is correct"", ""B"": ""17"", ""C"": ""4"", ""D"": ""1"", ""E"": ""3""}"	"[""(A) none of the other options is correct"", ""(B) 17"", ""(C) 4"", ""(D) 1"", ""(E) 3""]"	(B) 17	B
f69c0b54-9cc3-5555-9ce6-6dee1e101903	8	perception	rhythm	relative	rhythm-relative	proportion-recognition		rhythm pattern statistics	How many rhythmic figures with a strict {rhythm_proportion} proportionality are there in the {voice} line?	"[""rhythm_proportion"", ""voice""]"	get_rhythm_pattern_count		rhythm	"{""rhythm_proportion"": ""1:2"", ""voice"": ""soprano""}"	How many rhythmic figures with a strict 1:2 proportionality are there in the soprano line?	Gesius_BefiehlDuDeineWege	chorale-bricks	Gesius_BefiehlDuDeineWege	data/chorale-bricks/Gesius_BefiehlDuDeineWege	7	"[""0"", ""1"", ""2"", ""3""]"	"[""2"", ""1"", ""0"", ""3""]"	audio	audio.mastermix.wav	data/chorale-bricks/Gesius_BefiehlDuDeineWege/audio.mastermix.wav	7	"[""7"", ""none of the other options is correct"", ""2"", ""1"", ""0""]"	0.2	0	"[""A"", ""B"", ""C"", ""D"", ""E""]"	"{""A"": ""none of the other options is correct"", ""B"": ""7"", ""C"": ""0"", ""D"": ""2"", ""E"": ""1""}"	"[""(A) none of the other options is correct"", ""(B) 7"", ""(C) 0"", ""(D) 2"", ""(E) 1""]"	(B) 7	B
77a8307c-e197-59ca-a843-af4112e4de16	8	perception	rhythm	relative	rhythm-relative	proportion-recognition		rhythm pattern statistics	How many rhythmic figures with a strict {rhythm_proportion} proportionality are there in the {voice} line?	"[""rhythm_proportion"", ""voice""]"	get_rhythm_pattern_count		rhythm	"{""rhythm_proportion"": ""1:2"", ""voice"": ""soprano""}"	How many rhythmic figures with a strict 1:2 proportionality are there in the soprano line?	Gesius_BefiehlDuDeineWege	chorale-bricks	Gesius_BefiehlDuDeineWege	data/chorale-bricks/Gesius_BefiehlDuDeineWege	7	"[""0"", ""1"", ""2"", ""3""]"	"[""2"", ""1"", ""0"", ""3""]"	symbolic	symbolic.abc.txt	data/chorale-bricks/Gesius_BefiehlDuDeineWege/symbolic.abc.txt	7	"[""7"", ""none of the other options is correct"", ""2"", ""1"", ""0""]"	0.2	0	"[""A"", ""B"", ""C"", ""D"", ""E""]"	"{""A"": ""7"", ""B"": ""none of the other options is correct"", ""C"": ""2"", ""D"": ""0"", ""E"": ""1""}"	"[""(A) 7"", ""(B) none of the other options is correct"", ""(C) 2"", ""(D) 0"", ""(E) 1""]"	(A) 7	A
aa70b428-7e3d-5bab-8c50-51cb92240f8e	8	perception	rhythm	relative	rhythm-relative	proportion-recognition		rhythm pattern statistics	How many rhythmic figures with a strict {rhythm_proportion} proportionality are there in the {voice} line?	"[""rhythm_proportion"", ""voice""]"	get_rhythm_pattern_count		rhythm	"{""rhythm_proportion"": ""1:2"", ""voice"": ""soprano""}"	How many rhythmic figures with a strict 1:2 proportionality are there in the soprano line?	Gesius_BefiehlDuDeineWege	chorale-bricks	Gesius_BefiehlDuDeineWege	data/chorale-bricks/Gesius_BefiehlDuDeineWege	7	"[""0"", ""1"", ""2"", ""3""]"	"[""2"", ""1"", ""0"", ""3""]"	visual	visual.short.png	data/chorale-bricks/Gesius_BefiehlDuDeineWege/visual.short.png	7	"[""7"", ""none of the other options is correct"", ""2"", ""1"", ""0""]"	0.2	0	"[""A"", ""B"", ""C"", ""D"", ""E""]"	"{""A"": ""2"", ""B"": ""1"", ""C"": ""none of the other options is correct"", ""D"": ""7"", ""E"": ""0""}"	"[""(A) 2"", ""(B) 1"", ""(C) none of the other options is correct"", ""(D) 7"", ""(E) 0""]"	(D) 7	D
792ae01d-c0d5-5e72-a66b-2f6008ee5bb8	8	perception	rhythm	relative	rhythm-relative	proportion-recognition		rhythm pattern statistics	How many rhythmic figures with a strict {rhythm_proportion} proportionality are there in the {voice} line?	"[""rhythm_proportion"", ""voice""]"	get_rhythm_pattern_count		rhythm	"{""rhythm_proportion"": ""1:3"", ""voice"": ""bass""}"	How many rhythmic figures with a strict 1:3 proportionality are there in the bass line?	Vulpius_DieHelleSonnLeuchtJetztHerfuer	chorale-bricks	Vulpius_DieHelleSonnLeuchtJetztHerfuer	data/chorale-bricks/Vulpius_DieHelleSonnLeuchtJetztHerfuer	1	"[""0"", ""2"", ""3"", ""4""]"	"[""4"", ""2"", ""3"", ""0""]"	audio	audio.mastermix.wav	data/chorale-bricks/Vulpius_DieHelleSonnLeuchtJetztHerfuer/audio.mastermix.wav	1	"[""1"", ""none of the other options is correct"", ""4"", ""2"", ""3""]"	0.2	0	"[""A"", ""B"", ""C"", ""D"", ""E""]"	"{""A"": ""1"", ""B"": ""3"", ""C"": ""none of the other options is correct"", ""D"": ""4"", ""E"": ""2""}"	"[""(A) 1"", ""(B) 3"", ""(C) none of the other options is correct"", ""(D) 4"", ""(E) 2""]"	(A) 1	A
30fd9b6e-35a2-5f2c-98d0-9dff84639ff4	8	perception	rhythm	relative	rhythm-relative	proportion-recognition		rhythm pattern statistics	How many rhythmic figures with a strict {rhythm_proportion} proportionality are there in the {voice} line?	"[""rhythm_proportion"", ""voice""]"	get_rhythm_pattern_count		rhythm	"{""rhythm_proportion"": ""1:3"", ""voice"": ""bass""}"	How many rhythmic figures with a strict 1:3 proportionality are there in the bass line?	Vulpius_DieHelleSonnLeuchtJetztHerfuer	chorale-bricks	Vulpius_DieHelleSonnLeuchtJetztHerfuer	data/chorale-bricks/Vulpius_DieHelleSonnLeuchtJetztHerfuer	1	"[""0"", ""2"", ""3"", ""4""]"	"[""4"", ""2"", ""3"", ""0""]"	symbolic	symbolic.abc.txt	data/chorale-bricks/Vulpius_DieHelleSonnLeuchtJetztHerfuer/symbolic.abc.txt	1	"[""1"", ""none of the other options is correct"", ""4"", ""2"", ""3""]"	0.2	0	"[""A"", ""B"", ""C"", ""D"", ""E""]"	"{""A"": ""4"", ""B"": ""3"", ""C"": ""1"", ""D"": ""2"", ""E"": ""none of the other options is correct""}"	"[""(A) 4"", ""(B) 3"", ""(C) 1"", ""(D) 2"", ""(E) none of the other options is correct""]"	(C) 1	C
745b18d0-202d-54c7-80c5-a04e5c115df0	8	perception	rhythm	relative	rhythm-relative	proportion-recognition		rhythm pattern statistics	How many rhythmic figures with a strict {rhythm_proportion} proportionality are there in the {voice} line?	"[""rhythm_proportion"", ""voice""]"	get_rhythm_pattern_count		rhythm	"{""rhythm_proportion"": ""1:3"", ""voice"": ""bass""}"	How many rhythmic figures with a strict 1:3 proportionality are there in the bass line?	Vulpius_DieHelleSonnLeuchtJetztHerfuer	chorale-bricks	Vulpius_DieHelleSonnLeuchtJetztHerfuer	data/chorale-bricks/Vulpius_DieHelleSonnLeuchtJetztHerfuer	1	"[""0"", ""2"", ""3"", ""4""]"	"[""4"", ""2"", ""3"", ""0""]"	visual	visual.short.png	data/chorale-bricks/Vulpius_DieHelleSonnLeuchtJetztHerfuer/visual.short.png	1	"[""1"", ""none of the other options is correct"", ""4"", ""2"", ""3""]"	0.2	0	"[""A"", ""B"", ""C"", ""D"", ""E""]"	"{""A"": ""2"", ""B"": ""3"", ""C"": ""none of the other options is correct"", ""D"": ""1"", ""E"": ""4""}"	"[""(A) 2"", ""(B) 3"", ""(C) none of the other options is correct"", ""(D) 1"", ""(E) 4""]"	(D) 1	D
24fb7955-0d5c-5a2f-b3a9-4fe5e3c8e02c	8	perception	rhythm	relative	rhythm-relative	proportion-recognition		rhythm pattern statistics	How many rhythmic figures with a strict {rhythm_proportion} proportionality are there in the {voice} line?	"[""rhythm_proportion"", ""voice""]"	get_rhythm_pattern_count		rhythm	"{""rhythm_proportion"": ""4:1"", ""voice"": ""bass""}"	How many rhythmic figures with a strict 4:1 proportionality are there in the bass line?	Gesius_DuFriedensfuerstHerrJesuChrist	chorale-bricks	Gesius_DuFriedensfuerstHerrJesuChrist	data/chorale-bricks/Gesius_DuFriedensfuerstHerrJesuChrist	0	"[""1"", ""2"", ""3"", ""4""]"	"[""4"", ""2"", ""1"", ""3""]"	audio	audio.mastermix.wav	data/chorale-bricks/Gesius_DuFriedensfuerstHerrJesuChrist/audio.mastermix.wav	none of the other options is correct	"[""none of the other options is correct"", ""4"", ""2"", ""1"", ""3""]"	0.2	1	"[""A"", ""B"", ""C"", ""D"", ""E""]"	"{""A"": ""2"", ""B"": ""3"", ""C"": ""4"", ""D"": ""1"", ""E"": ""none of the other options is correct""}"	"[""(A) 2"", ""(B) 3"", ""(C) 4"", ""(D) 1"", ""(E) none of the other options is correct""]"	(E) none of the other options is correct	E
729b05dd-38ad-596b-8287-ab13256b0618	8	perception	rhythm	relative	rhythm-relative	proportion-recognition		rhythm pattern statistics	How many rhythmic figures with a strict {rhythm_proportion} proportionality are there in the {voice} line?	"[""rhythm_proportion"", ""voice""]"	get_rhythm_pattern_count		rhythm	"{""rhythm_proportion"": ""4:1"", ""voice"": ""bass""}"	How many rhythmic figures with a strict 4:1 proportionality are there in the bass line?	Gesius_DuFriedensfuerstHerrJesuChrist	chorale-bricks	Gesius_DuFriedensfuerstHerrJesuChrist	data/chorale-bricks/Gesius_DuFriedensfuerstHerrJesuChrist	0	"[""1"", ""2"", ""3"", ""4""]"	"[""4"", ""2"", ""1"", ""3""]"	symbolic	symbolic.abc.txt	data/chorale-bricks/Gesius_DuFriedensfuerstHerrJesuChrist/symbolic.abc.txt	0	"[""0"", ""none of the other options is correct"", ""4"", ""2"", ""1""]"	0.2	0	"[""A"", ""B"", ""C"", ""D"", ""E""]"	"{""A"": ""2"", ""B"": ""0"", ""C"": ""none of the other options is correct"", ""D"": ""4"", ""E"": ""1""}"	"[""(A) 2"", ""(B) 0"", ""(C) none of the other options is correct"", ""(D) 4"", ""(E) 1""]"	(B) 0	B
b1ed0eb5-c199-5b1d-8c2e-487fb3e538fd	8	perception	rhythm	relative	rhythm-relative	proportion-recognition		rhythm pattern statistics	How many rhythmic figures with a strict {rhythm_proportion} proportionality are there in the {voice} line?	"[""rhythm_proportion"", ""voice""]"	get_rhythm_pattern_count		rhythm	"{""rhythm_proportion"": ""4:1"", ""voice"": ""bass""}"	How many rhythmic figures with a strict 4:1 proportionality are there in the bass line?	Gesius_DuFriedensfuerstHerrJesuChrist	chorale-bricks	Gesius_DuFriedensfuerstHerrJesuChrist	data/chorale-bricks/Gesius_DuFriedensfuerstHerrJesuChrist	0	"[""1"", ""2"", ""3"", ""4""]"	"[""4"", ""2"", ""1"", ""3""]"	visual	visual.short.png	data/chorale-bricks/Gesius_DuFriedensfuerstHerrJesuChrist/visual.short.png	0	"[""0"", ""none of the other options is correct"", ""4"", ""2"", ""1""]"	0.2	0	"[""A"", ""B"", ""C"", ""D"", ""E""]"	"{""A"": ""none of the other options is correct"", ""B"": ""4"", ""C"": ""1"", ""D"": ""0"", ""E"": ""2""}"	"[""(A) none of the other options is correct"", ""(B) 4"", ""(C) 1"", ""(D) 0"", ""(E) 2""]"	(D) 0	D
355cce80-43ed-54e8-b1ab-7f70a297d899	8	perception	rhythm	relative	rhythm-relative	proportion-recognition		rhythm pattern statistics	How many rhythmic figures with a strict {rhythm_proportion} proportionality are there in the {voice} line?	"[""rhythm_proportion"", ""voice""]"	get_rhythm_pattern_count		rhythm	"{""rhythm_proportion"": ""3:1"", ""voice"": ""tenor""}"	How many rhythmic figures with a strict 3:1 proportionality are there in the tenor line?	Jan_DuGrosserSchmerzensmann	chorale-bricks	Jan_DuGrosserSchmerzensmann	data/chorale-bricks/Jan_DuGrosserSchmerzensmann	1	"[""0"", ""2"", ""3"", ""4""]"	"[""2"", ""0"", ""4"", ""3""]"	audio	audio.mastermix.wav	data/chorale-bricks/Jan_DuGrosserSchmerzensmann/audio.mastermix.wav	1	"[""1"", ""none of the other options is correct"", ""2"", ""0"", ""4""]"	0.2	0	"[""A"", ""B"", ""C"", ""D"", ""E""]"	"{""A"": ""0"", ""B"": ""2"", ""C"": ""none of the other options is correct"", ""D"": ""1"", ""E"": ""4""}"	"[""(A) 0"", ""(B) 2"", ""(C) none of the other options is correct"", ""(D) 1"", ""(E) 4""]"	(D) 1	D
1de12566-c6f0-5366-a95e-21650b125c78	8	perception	rhythm	relative	rhythm-relative	proportion-recognition		rhythm pattern statistics	How many rhythmic figures with a strict {rhythm_proportion} proportionality are there in the {voice} line?	"[""rhythm_proportion"", ""voice""]"	get_rhythm_pattern_count		rhythm	"{""rhythm_proportion"": ""3:1"", ""voice"": ""tenor""}"	How many rhythmic figures with a strict 3:1 proportionality are there in the tenor line?	Jan_DuGrosserSchmerzensmann	chorale-bricks	Jan_DuGrosserSchmerzensmann	data/chorale-bricks/Jan_DuGrosserSchmerzensmann	1	"[""0"", ""2"", ""3"", ""4""]"	"[""2"", ""0"", ""4"", ""3""]"	symbolic	symbolic.abc.txt	data/chorale-bricks/Jan_DuGrosserSchmerzensmann/symbolic.abc.txt	1	"[""1"", ""none of the other options is correct"", ""2"", ""0"", ""4""]"	0.2	0	"[""A"", ""B"", ""C"", ""D"", ""E""]"	"{""A"": ""1"", ""B"": ""4"", ""C"": ""2"", ""D"": ""0"", ""E"": ""none of the other options is correct""}"	"[""(A) 1"", ""(B) 4"", ""(C) 2"", ""(D) 0"", ""(E) none of the other options is correct""]"	(A) 1	A
06e0595a-2944-5abe-8dd3-93ef092d6e6f	8	perception	rhythm	relative	rhythm-relative	proportion-recognition		rhythm pattern statistics	How many rhythmic figures with a strict {rhythm_proportion} proportionality are there in the {voice} line?	"[""rhythm_proportion"", ""voice""]"	get_rhythm_pattern_count		rhythm	"{""rhythm_proportion"": ""3:1"", ""voice"": ""tenor""}"	How many rhythmic figures with a strict 3:1 proportionality are there in the tenor line?	Jan_DuGrosserSchmerzensmann	chorale-bricks	Jan_DuGrosserSchmerzensmann	data/chorale-bricks/Jan_DuGrosserSchmerzensmann	1	"[""0"", ""2"", ""3"", ""4""]"	"[""2"", ""0"", ""4"", ""3""]"	visual	visual.short.png	data/chorale-bricks/Jan_DuGrosserSchmerzensmann/visual.short.png	1	"[""1"", ""none of the other options is correct"", ""2"", ""0"", ""4""]"	0.2	0	"[""A"", ""B"", ""C"", ""D"", ""E""]"	"{""A"": ""0"", ""B"": ""4"", ""C"": ""2"", ""D"": ""1"", ""E"": ""none of the other options is correct""}"	"[""(A) 0"", ""(B) 4"", ""(C) 2"", ""(D) 1"", ""(E) none of the other options is correct""]"	(D) 1	D
f1a3f155-295b-5ac8-9362-10f0c08f42e6	8	perception	rhythm	relative	rhythm-relative	proportion-recognition		rhythm pattern statistics	How many rhythmic figures with a strict {rhythm_proportion} proportionality are there in the {voice} line?	"[""rhythm_proportion"", ""voice""]"	get_rhythm_pattern_count		rhythm	"{""rhythm_proportion"": ""2:1"", ""voice"": ""bass""}"	How many rhythmic figures with a strict 2:1 proportionality are there in the bass line?	Vulpius_ChristusDerIstMeinLeben	chorale-bricks	Vulpius_ChristusDerIstMeinLeben	data/chorale-bricks/Vulpius_ChristusDerIstMeinLeben	3	"[""0"", ""1"", ""2"", ""4""]"	"[""0"", ""2"", ""1"", ""4""]"	audio	audio.mastermix.wav	data/chorale-bricks/Vulpius_ChristusDerIstMeinLeben/audio.mastermix.wav	3	"[""3"", ""none of the other options is correct"", ""0"", ""2"", ""1""]"	0.2	0	"[""A"", ""B"", ""C"", ""D"", ""E""]"	"{""A"": ""3"", ""B"": ""0"", ""C"": ""1"", ""D"": ""none of the other options is correct"", ""E"": ""2""}"	"[""(A) 3"", ""(B) 0"", ""(C) 1"", ""(D) none of the other options is correct"", ""(E) 2""]"	(A) 3	A
b7015b8f-e214-5010-b199-89d4f5bfbd59	8	perception	rhythm	relative	rhythm-relative	proportion-recognition		rhythm pattern statistics	How many rhythmic figures with a strict {rhythm_proportion} proportionality are there in the {voice} line?	"[""rhythm_proportion"", ""voice""]"	get_rhythm_pattern_count		rhythm	"{""rhythm_proportion"": ""2:1"", ""voice"": ""bass""}"	How many rhythmic figures with a strict 2:1 proportionality are there in the bass line?	Vulpius_ChristusDerIstMeinLeben	chorale-bricks	Vulpius_ChristusDerIstMeinLeben	data/chorale-bricks/Vulpius_ChristusDerIstMeinLeben	3	"[""0"", ""1"", ""2"", ""4""]"	"[""0"", ""2"", ""1"", ""4""]"	symbolic	symbolic.abc.txt	data/chorale-bricks/Vulpius_ChristusDerIstMeinLeben/symbolic.abc.txt	3	"[""3"", ""none of the other options is correct"", ""0"", ""2"", ""1""]"	0.2	0	"[""A"", ""B"", ""C"", ""D"", ""E""]"	"{""A"": ""none of the other options is correct"", ""B"": ""1"", ""C"": ""3"", ""D"": ""2"", ""E"": ""0""}"	"[""(A) none of the other options is correct"", ""(B) 1"", ""(C) 3"", ""(D) 2"", ""(E) 0""]"	(C) 3	C
39b35f9b-7c01-5112-8e45-130912300e27	8	perception	rhythm	relative	rhythm-relative	proportion-recognition		rhythm pattern statistics	How many rhythmic figures with a strict {rhythm_proportion} proportionality are there in the {voice} line?	"[""rhythm_proportion"", ""voice""]"	get_rhythm_pattern_count		rhythm	"{""rhythm_proportion"": ""2:1"", ""voice"": ""bass""}"	How many rhythmic figures with a strict 2:1 proportionality are there in the bass line?	Vulpius_ChristusDerIstMeinLeben	chorale-bricks	Vulpius_ChristusDerIstMeinLeben	data/chorale-bricks/Vulpius_ChristusDerIstMeinLeben	3	"[""0"", ""1"", ""2"", ""4""]"	"[""0"", ""2"", ""1"", ""4""]"	visual	visual.short.png	data/chorale-bricks/Vulpius_ChristusDerIstMeinLeben/visual.short.png	3	"[""3"", ""none of the other options is correct"", ""0"", ""2"", ""1""]"	0.2	0	"[""A"", ""B"", ""C"", ""D"", ""E""]"	"{""A"": ""1"", ""B"": ""3"", ""C"": ""2"", ""D"": ""none of the other options is correct"", ""E"": ""0""}"	"[""(A) 1"", ""(B) 3"", ""(C) 2"", ""(D) none of the other options is correct"", ""(E) 0""]"	(B) 3	B
557b6424-b269-5127-917c-2d7f566f410e	8	perception	rhythm	relative	rhythm-relative	proportion-recognition		rhythm pattern statistics	How many rhythmic figures with a strict {rhythm_proportion} proportionality are there in the {voice} line?	"[""rhythm_proportion"", ""voice""]"	get_rhythm_pattern_count		rhythm	"{""rhythm_proportion"": ""3:1"", ""voice"": ""alto""}"	How many rhythmic figures with a strict 3:1 proportionality are there in the alto line?	Jan_DuGrosserSchmerzensmann	chorale-bricks	Jan_DuGrosserSchmerzensmann	data/chorale-bricks/Jan_DuGrosserSchmerzensmann	1	"[""0"", ""2"", ""3"", ""4""]"	"[""3"", ""0"", ""4"", ""2""]"	audio	audio.mastermix.wav	data/chorale-bricks/Jan_DuGrosserSchmerzensmann/audio.mastermix.wav	1	"[""1"", ""none of the other options is correct"", ""3"", ""0"", ""4""]"	0.2	0	"[""A"", ""B"", ""C"", ""D"", ""E""]"	"{""A"": ""none of the other options is correct"", ""B"": ""0"", ""C"": ""4"", ""D"": ""1"", ""E"": ""3""}"	"[""(A) none of the other options is correct"", ""(B) 0"", ""(C) 4"", ""(D) 1"", ""(E) 3""]"	(D) 1	D
fe71fd7b-52d8-5e8b-b613-bb6a035a9083	8	perception	rhythm	relative	rhythm-relative	proportion-recognition		rhythm pattern statistics	How many rhythmic figures with a strict {rhythm_proportion} proportionality are there in the {voice} line?	"[""rhythm_proportion"", ""voice""]"	get_rhythm_pattern_count		rhythm	"{""rhythm_proportion"": ""3:1"", ""voice"": ""alto""}"	How many rhythmic figures with a strict 3:1 proportionality are there in the alto line?	Jan_DuGrosserSchmerzensmann	chorale-bricks	Jan_DuGrosserSchmerzensmann	data/chorale-bricks/Jan_DuGrosserSchmerzensmann	1	"[""0"", ""2"", ""3"", ""4""]"	"[""3"", ""0"", ""4"", ""2""]"	symbolic	symbolic.abc.txt	data/chorale-bricks/Jan_DuGrosserSchmerzensmann/symbolic.abc.txt	none of the other options is correct	"[""none of the other options is correct"", ""3"", ""0"", ""4"", ""2""]"	0.2	1	"[""A"", ""B"", ""C"", ""D"", ""E""]"	"{""A"": ""none of the other options is correct"", ""B"": ""4"", ""C"": ""3"", ""D"": ""2"", ""E"": ""0""}"	"[""(A) none of the other options is correct"", ""(B) 4"", ""(C) 3"", ""(D) 2"", ""(E) 0""]"	(A) none of the other options is correct	A
cf81c9d2-1b01-5949-b79f-ffb65637a596	8	perception	rhythm	relative	rhythm-relative	proportion-recognition		rhythm pattern statistics	How many rhythmic figures with a strict {rhythm_proportion} proportionality are there in the {voice} line?	"[""rhythm_proportion"", ""voice""]"	get_rhythm_pattern_count		rhythm	"{""rhythm_proportion"": ""3:1"", ""voice"": ""alto""}"	How many rhythmic figures with a strict 3:1 proportionality are there in the alto line?	Jan_DuGrosserSchmerzensmann	chorale-bricks	Jan_DuGrosserSchmerzensmann	data/chorale-bricks/Jan_DuGrosserSchmerzensmann	1	"[""0"", ""2"", ""3"", ""4""]"	"[""3"", ""0"", ""4"", ""2""]"	visual	visual.short.png	data/chorale-bricks/Jan_DuGrosserSchmerzensmann/visual.short.png	1	"[""1"", ""none of the other options is correct"", ""3"", ""0"", ""4""]"	0.2	0	"[""A"", ""B"", ""C"", ""D"", ""E""]"	"{""A"": ""none of the other options is correct"", ""B"": ""4"", ""C"": ""0"", ""D"": ""1"", ""E"": ""3""}"	"[""(A) none of the other options is correct"", ""(B) 4"", ""(C) 0"", ""(D) 1"", ""(E) 3""]"	(D) 1	D
0ae77367-ef4f-52af-9f8b-c9e72b66d908	8	perception	rhythm	relative	rhythm-relative	proportion-recognition		rhythm pattern statistics	How many rhythmic figures with a strict {rhythm_proportion} proportionality are there in the {voice} line?	"[""rhythm_proportion"", ""voice""]"	get_rhythm_pattern_count		rhythm	"{""rhythm_proportion"": ""1:2"", ""voice"": ""bass""}"	How many rhythmic figures with a strict 1:2 proportionality are there in the bass line?	Jan_DuGrosserSchmerzensmann	chorale-bricks	Jan_DuGrosserSchmerzensmann	data/chorale-bricks/Jan_DuGrosserSchmerzensmann	12	"[""0"", ""1"", ""3"", ""4""]"	"[""1"", ""3"", ""0"", ""4""]"	audio	audio.mastermix.wav	data/chorale-bricks/Jan_DuGrosserSchmerzensmann/audio.mastermix.wav	12	"[""12"", ""none of the other options is correct"", ""1"", ""3"", ""0""]"	0.2	0	"[""A"", ""B"", ""C"", ""D"", ""E""]"	"{""A"": ""12"", ""B"": ""none of the other options is correct"", ""C"": ""1"", ""D"": ""0"", ""E"": ""3""}"	"[""(A) 12"", ""(B) none of the other options is correct"", ""(C) 1"", ""(D) 0"", ""(E) 3""]"	(A) 12	A
1fc7b05c-601f-5c10-95bb-a677a69853c1	8	perception	rhythm	relative	rhythm-relative	proportion-recognition		rhythm pattern statistics	How many rhythmic figures with a strict {rhythm_proportion} proportionality are there in the {voice} line?	"[""rhythm_proportion"", ""voice""]"	get_rhythm_pattern_count		rhythm	"{""rhythm_proportion"": ""1:2"", ""voice"": ""bass""}"	How many rhythmic figures with a strict 1:2 proportionality are there in the bass line?	Jan_DuGrosserSchmerzensmann	chorale-bricks	Jan_DuGrosserSchmerzensmann	data/chorale-bricks/Jan_DuGrosserSchmerzensmann	12	"[""0"", ""1"", ""3"", ""4""]"	"[""1"", ""3"", ""0"", ""4""]"	symbolic	symbolic.abc.txt	data/chorale-bricks/Jan_DuGrosserSchmerzensmann/symbolic.abc.txt	12	"[""12"", ""none of the other options is correct"", ""1"", ""3"", ""0""]"	0.2	0	"[""A"", ""B"", ""C"", ""D"", ""E""]"	"{""A"": ""0"", ""B"": ""none of the other options is correct"", ""C"": ""12"", ""D"": ""1"", ""E"": ""3""}"	"[""(A) 0"", ""(B) none of the other options is correct"", ""(C) 12"", ""(D) 1"", ""(E) 3""]"	(C) 12	C
2261fef3-6825-5ed0-a30f-67d24d7e2305	8	perception	rhythm	relative	rhythm-relative	proportion-recognition		rhythm pattern statistics	How many rhythmic figures with a strict {rhythm_proportion} proportionality are there in the {voice} line?	"[""rhythm_proportion"", ""voice""]"	get_rhythm_pattern_count		rhythm	"{""rhythm_proportion"": ""1:2"", ""voice"": ""bass""}"	How many rhythmic figures with a strict 1:2 proportionality are there in the bass line?	Jan_DuGrosserSchmerzensmann	chorale-bricks	Jan_DuGrosserSchmerzensmann	data/chorale-bricks/Jan_DuGrosserSchmerzensmann	12	"[""0"", ""1"", ""3"", ""4""]"	"[""1"", ""3"", ""0"", ""4""]"	visual	visual.short.png	data/chorale-bricks/Jan_DuGrosserSchmerzensmann/visual.short.png	12	"[""12"", ""none of the other options is correct"", ""1"", ""3"", ""0""]"	0.2	0	"[""A"", ""B"", ""C"", ""D"", ""E""]"	"{""A"": ""0"", ""B"": ""12"", ""C"": ""none of the other options is correct"", ""D"": ""1"", ""E"": ""3""}"	"[""(A) 0"", ""(B) 12"", ""(C) none of the other options is correct"", ""(D) 1"", ""(E) 3""]"	(B) 12	B
afaeafa9-4e80-50ab-bbfa-1055f19c0f5f	8	perception	rhythm	relative	rhythm-relative	proportion-recognition		rhythm pattern statistics	How many rhythmic figures with a strict {rhythm_proportion} proportionality are there in the {voice} line?	"[""rhythm_proportion"", ""voice""]"	get_rhythm_pattern_count		rhythm	"{""rhythm_proportion"": ""1:1"", ""voice"": ""bass""}"	How many rhythmic figures with a strict 1:1 proportionality are there in the bass line?	Vulpius_ChristusDerIstMeinLeben	chorale-bricks	Vulpius_ChristusDerIstMeinLeben	data/chorale-bricks/Vulpius_ChristusDerIstMeinLeben	18	"[""1"", ""2"", ""3"", ""4""]"	"[""2"", ""4"", ""1"", ""3""]"	audio	audio.mastermix.wav	data/chorale-bricks/Vulpius_ChristusDerIstMeinLeben/audio.mastermix.wav	18	"[""18"", ""none of the other options is correct"", ""2"", ""4"", ""1""]"	0.2	0	"[""A"", ""B"", ""C"", ""D"", ""E""]"	"{""A"": ""18"", ""B"": ""none of the other options is correct"", ""C"": ""4"", ""D"": ""2"", ""E"": ""1""}"	"[""(A) 18"", ""(B) none of the other options is correct"", ""(C) 4"", ""(D) 2"", ""(E) 1""]"	(A) 18	A
8fb6c534-fd07-58f9-a6a4-b599d8a2c917	8	perception	rhythm	relative	rhythm-relative	proportion-recognition		rhythm pattern statistics	How many rhythmic figures with a strict {rhythm_proportion} proportionality are there in the {voice} line?	"[""rhythm_proportion"", ""voice""]"	get_rhythm_pattern_count		rhythm	"{""rhythm_proportion"": ""1:1"", ""voice"": ""bass""}"	How many rhythmic figures with a strict 1:1 proportionality are there in the bass line?	Vulpius_ChristusDerIstMeinLeben	chorale-bricks	Vulpius_ChristusDerIstMeinLeben	data/chorale-bricks/Vulpius_ChristusDerIstMeinLeben	18	"[""1"", ""2"", ""3"", ""4""]"	"[""2"", ""4"", ""1"", ""3""]"	symbolic	symbolic.abc.txt	data/chorale-bricks/Vulpius_ChristusDerIstMeinLeben/symbolic.abc.txt	18	"[""18"", ""none of the other options is correct"", ""2"", ""4"", ""1""]"	0.2	0	"[""A"", ""B"", ""C"", ""D"", ""E""]"	"{""A"": ""1"", ""B"": ""2"", ""C"": ""18"", ""D"": ""none of the other options is correct"", ""E"": ""4""}"	"[""(A) 1"", ""(B) 2"", ""(C) 18"", ""(D) none of the other options is correct"", ""(E) 4""]"	(C) 18	C
1c26e5bf-b86d-535a-a331-5ecc208f6ba0	8	perception	rhythm	relative	rhythm-relative	proportion-recognition		rhythm pattern statistics	How many rhythmic figures with a strict {rhythm_proportion} proportionality are there in the {voice} line?	"[""rhythm_proportion"", ""voice""]"	get_rhythm_pattern_count		rhythm	"{""rhythm_proportion"": ""1:1"", ""voice"": ""bass""}"	How many rhythmic figures with a strict 1:1 proportionality are there in the bass line?	Vulpius_ChristusDerIstMeinLeben	chorale-bricks	Vulpius_ChristusDerIstMeinLeben	data/chorale-bricks/Vulpius_ChristusDerIstMeinLeben	18	"[""1"", ""2"", ""3"", ""4""]"	"[""2"", ""4"", ""1"", ""3""]"	visual	visual.short.png	data/chorale-bricks/Vulpius_ChristusDerIstMeinLeben/visual.short.png	none of the other options is correct	"[""none of the other options is correct"", ""2"", ""4"", ""1"", ""3""]"	0.2	1	"[""A"", ""B"", ""C"", ""D"", ""E""]"	"{""A"": ""2"", ""B"": ""none of the other options is correct"", ""C"": ""3"", ""D"": ""1"", ""E"": ""4""}"	"[""(A) 2"", ""(B) none of the other options is correct"", ""(C) 3"", ""(D) 1"", ""(E) 4""]"	(B) none of the other options is correct	B
c19f75f4-10e7-5009-b16b-24827fb2d897	8	perception	rhythm	relative	rhythm-relative	proportion-recognition		rhythm pattern statistics	How many rhythmic figures with a strict {rhythm_proportion} proportionality are there in the {voice} line?	"[""rhythm_proportion"", ""voice""]"	get_rhythm_pattern_count		rhythm	"{""rhythm_proportion"": ""4:1"", ""voice"": ""alto""}"	How many rhythmic figures with a strict 4:1 proportionality are there in the alto line?	Anonymous_AusMeinesHerzensGrunde	chorale-bricks	Anonymous_AusMeinesHerzensGrunde	data/chorale-bricks/Anonymous_AusMeinesHerzensGrunde	1	"[""0"", ""2"", ""3"", ""4""]"	"[""2"", ""4"", ""0"", ""3""]"	audio	audio.mastermix.wav	data/chorale-bricks/Anonymous_AusMeinesHerzensGrunde/audio.mastermix.wav	1	"[""1"", ""none of the other options is correct"", ""2"", ""4"", ""0""]"	0.2	0	"[""A"", ""B"", ""C"", ""D"", ""E""]"	"{""A"": ""4"", ""B"": ""1"", ""C"": ""none of the other options is correct"", ""D"": ""0"", ""E"": ""2""}"	"[""(A) 4"", ""(B) 1"", ""(C) none of the other options is correct"", ""(D) 0"", ""(E) 2""]"	(B) 1	B
fa07d881-68f6-5a95-bd76-86cb4d8879e0	8	perception	rhythm	relative	rhythm-relative	proportion-recognition		rhythm pattern statistics	How many rhythmic figures with a strict {rhythm_proportion} proportionality are there in the {voice} line?	"[""rhythm_proportion"", ""voice""]"	get_rhythm_pattern_count		rhythm	"{""rhythm_proportion"": ""4:1"", ""voice"": ""alto""}"	How many rhythmic figures with a strict 4:1 proportionality are there in the alto line?	Anonymous_AusMeinesHerzensGrunde	chorale-bricks	Anonymous_AusMeinesHerzensGrunde	data/chorale-bricks/Anonymous_AusMeinesHerzensGrunde	1	"[""0"", ""2"", ""3"", ""4""]"	"[""2"", ""4"", ""0"", ""3""]"	symbolic	symbolic.abc.txt	data/chorale-bricks/Anonymous_AusMeinesHerzensGrunde/symbolic.abc.txt	none of the other options is correct	"[""none of the other options is correct"", ""2"", ""4"", ""0"", ""3""]"	0.2	1	"[""A"", ""B"", ""C"", ""D"", ""E""]"	"{""A"": ""0"", ""B"": ""4"", ""C"": ""3"", ""D"": ""none of the other options is correct"", ""E"": ""2""}"	"[""(A) 0"", ""(B) 4"", ""(C) 3"", ""(D) none of the other options is correct"", ""(E) 2""]"	(D) none of the other options is correct	D
00b2a91d-7ce6-5ad3-9382-9c00fbc93e0a	8	perception	rhythm	relative	rhythm-relative	proportion-recognition		rhythm pattern statistics	How many rhythmic figures with a strict {rhythm_proportion} proportionality are there in the {voice} line?	"[""rhythm_proportion"", ""voice""]"	get_rhythm_pattern_count		rhythm	"{""rhythm_proportion"": ""4:1"", ""voice"": ""alto""}"	How many rhythmic figures with a strict 4:1 proportionality are there in the alto line?	Anonymous_AusMeinesHerzensGrunde	chorale-bricks	Anonymous_AusMeinesHerzensGrunde	data/chorale-bricks/Anonymous_AusMeinesHerzensGrunde	1	"[""0"", ""2"", ""3"", ""4""]"	"[""2"", ""4"", ""0"", ""3""]"	visual	visual.short.png	data/chorale-bricks/Anonymous_AusMeinesHerzensGrunde/visual.short.png	none of the other options is correct	"[""none of the other options is correct"", ""2"", ""4"", ""0"", ""3""]"	0.2	1	"[""A"", ""B"", ""C"", ""D"", ""E""]"	"{""A"": ""0"", ""B"": ""none of the other options is correct"", ""C"": ""2"", ""D"": ""3"", ""E"": ""4""}"	"[""(A) 0"", ""(B) none of the other options is correct"", ""(C) 2"", ""(D) 3"", ""(E) 4""]"	(B) none of the other options is correct	B
144cc9ec-276e-50c8-872c-e9f97a78e49b	8	perception	rhythm	relative	rhythm-relative	proportion-recognition		rhythm pattern statistics	How many rhythmic figures with a strict {rhythm_proportion} proportionality are there in the {voice} line?	"[""rhythm_proportion"", ""voice""]"	get_rhythm_pattern_count		rhythm	"{""rhythm_proportion"": ""3:2"", ""voice"": ""soprano""}"	How many rhythmic figures with a strict 3:2 proportionality are there in the soprano line?	Bach_IchStehAnDeinerKrippe	chorale-bricks	Bach_IchStehAnDeinerKrippe	data/chorale-bricks/Bach_IchStehAnDeinerKrippe	6	"[""0"", ""1"", ""3"", ""4""]"	"[""0"", ""4"", ""1"", ""3""]"	audio	audio.mastermix.wav	data/chorale-bricks/Bach_IchStehAnDeinerKrippe/audio.mastermix.wav	none of the other options is correct	"[""none of the other options is correct"", ""0"", ""4"", ""1"", ""3""]"	0.2	1	"[""A"", ""B"", ""C"", ""D"", ""E""]"	"{""A"": ""0"", ""B"": ""1"", ""C"": ""3"", ""D"": ""none of the other options is correct"", ""E"": ""4""}"	"[""(A) 0"", ""(B) 1"", ""(C) 3"", ""(D) none of the other options is correct"", ""(E) 4""]"	(D) none of the other options is correct	D
a3bafba5-e463-5a1d-a65c-06572cece387	8	perception	rhythm	relative	rhythm-relative	proportion-recognition		rhythm pattern statistics	How many rhythmic figures with a strict {rhythm_proportion} proportionality are there in the {voice} line?	"[""rhythm_proportion"", ""voice""]"	get_rhythm_pattern_count		rhythm	"{""rhythm_proportion"": ""3:2"", ""voice"": ""soprano""}"	How many rhythmic figures with a strict 3:2 proportionality are there in the soprano line?	Bach_IchStehAnDeinerKrippe	chorale-bricks	Bach_IchStehAnDeinerKrippe	data/chorale-bricks/Bach_IchStehAnDeinerKrippe	6	"[""0"", ""1"", ""3"", ""4""]"	"[""0"", ""4"", ""1"", ""3""]"	symbolic	symbolic.abc.txt	data/chorale-bricks/Bach_IchStehAnDeinerKrippe/symbolic.abc.txt	6	"[""6"", ""none of the other options is correct"", ""0"", ""4"", ""1""]"	0.2	0	"[""A"", ""B"", ""C"", ""D"", ""E""]"	"{""A"": ""none of the other options is correct"", ""B"": ""6"", ""C"": ""0"", ""D"": ""4"", ""E"": ""1""}"	"[""(A) none of the other options is correct"", ""(B) 6"", ""(C) 0"", ""(D) 4"", ""(E) 1""]"	(B) 6	B
8460289b-785b-59a0-8f69-77037f413d0a	8	perception	rhythm	relative	rhythm-relative	proportion-recognition		rhythm pattern statistics	How many rhythmic figures with a strict {rhythm_proportion} proportionality are there in the {voice} line?	"[""rhythm_proportion"", ""voice""]"	get_rhythm_pattern_count		rhythm	"{""rhythm_proportion"": ""3:2"", ""voice"": ""soprano""}"	How many rhythmic figures with a strict 3:2 proportionality are there in the soprano line?	Bach_IchStehAnDeinerKrippe	chorale-bricks	Bach_IchStehAnDeinerKrippe	data/chorale-bricks/Bach_IchStehAnDeinerKrippe	6	"[""0"", ""1"", ""3"", ""4""]"	"[""0"", ""4"", ""1"", ""3""]"	visual	visual.short.png	data/chorale-bricks/Bach_IchStehAnDeinerKrippe/visual.short.png	6	"[""6"", ""none of the other options is correct"", ""0"", ""4"", ""1""]"	0.2	0	"[""A"", ""B"", ""C"", ""D"", ""E""]"	"{""A"": ""none of the other options is correct"", ""B"": ""6"", ""C"": ""0"", ""D"": ""1"", ""E"": ""4""}"	"[""(A) none of the other options is correct"", ""(B) 6"", ""(C) 0"", ""(D) 1"", ""(E) 4""]"	(B) 6	B
67336133-66ea-5541-8c33-c66db76535da	8	perception	rhythm	relative	rhythm-relative	proportion-recognition		rhythm pattern statistics	How many rhythmic figures with a strict {rhythm_proportion} proportionality are there in the {voice} line?	"[""rhythm_proportion"", ""voice""]"	get_rhythm_pattern_count		rhythm	"{""rhythm_proportion"": ""4:1"", ""voice"": ""bass""}"	How many rhythmic figures with a strict 4:1 proportionality are there in the bass line?	Bach_IchStehAnDeinerKrippe	chorale-bricks	Bach_IchStehAnDeinerKrippe	data/chorale-bricks/Bach_IchStehAnDeinerKrippe	0	"[""1"", ""2"", ""3"", ""4""]"	"[""2"", ""4"", ""3"", ""1""]"	audio	audio.mastermix.wav	data/chorale-bricks/Bach_IchStehAnDeinerKrippe/audio.mastermix.wav	none of the other options is correct	"[""none of the other options is correct"", ""2"", ""4"", ""3"", ""1""]"	0.2	1	"[""A"", ""B"", ""C"", ""D"", ""E""]"	"{""A"": ""1"", ""B"": ""none of the other options is correct"", ""C"": ""4"", ""D"": ""2"", ""E"": ""3""}"	"[""(A) 1"", ""(B) none of the other options is correct"", ""(C) 4"", ""(D) 2"", ""(E) 3""]"	(B) none of the other options is correct	B
76dece51-1d9b-5ccf-89c9-3abf613ee6e4	8	perception	rhythm	relative	rhythm-relative	proportion-recognition		rhythm pattern statistics	How many rhythmic figures with a strict {rhythm_proportion} proportionality are there in the {voice} line?	"[""rhythm_proportion"", ""voice""]"	get_rhythm_pattern_count		rhythm	"{""rhythm_proportion"": ""4:1"", ""voice"": ""bass""}"	How many rhythmic figures with a strict 4:1 proportionality are there in the bass line?	Bach_IchStehAnDeinerKrippe	chorale-bricks	Bach_IchStehAnDeinerKrippe	data/chorale-bricks/Bach_IchStehAnDeinerKrippe	0	"[""1"", ""2"", ""3"", ""4""]"	"[""2"", ""4"", ""3"", ""1""]"	symbolic	symbolic.abc.txt	data/chorale-bricks/Bach_IchStehAnDeinerKrippe/symbolic.abc.txt	0	"[""0"", ""none of the other options is correct"", ""2"", ""4"", ""3""]"	0.2	0	"[""A"", ""B"", ""C"", ""D"", ""E""]"	"{""A"": ""2"", ""B"": ""4"", ""C"": ""0"", ""D"": ""none of the other options is correct"", ""E"": ""3""}"	"[""(A) 2"", ""(B) 4"", ""(C) 0"", ""(D) none of the other options is correct"", ""(E) 3""]"	(C) 0	C
727ab722-ff90-55dd-89ec-ed62a27be853	8	perception	rhythm	relative	rhythm-relative	proportion-recognition		rhythm pattern statistics	How many rhythmic figures with a strict {rhythm_proportion} proportionality are there in the {voice} line?	"[""rhythm_proportion"", ""voice""]"	get_rhythm_pattern_count		rhythm	"{""rhythm_proportion"": ""4:1"", ""voice"": ""bass""}"	How many rhythmic figures with a strict 4:1 proportionality are there in the bass line?	Bach_IchStehAnDeinerKrippe	chorale-bricks	Bach_IchStehAnDeinerKrippe	data/chorale-bricks/Bach_IchStehAnDeinerKrippe	0	"[""1"", ""2"", ""3"", ""4""]"	"[""2"", ""4"", ""3"", ""1""]"	visual	visual.short.png	data/chorale-bricks/Bach_IchStehAnDeinerKrippe/visual.short.png	0	"[""0"", ""none of the other options is correct"", ""2"", ""4"", ""3""]"	0.2	0	"[""A"", ""B"", ""C"", ""D"", ""E""]"	"{""A"": ""2"", ""B"": ""none of the other options is correct"", ""C"": ""0"", ""D"": ""3"", ""E"": ""4""}"	"[""(A) 2"", ""(B) none of the other options is correct"", ""(C) 0"", ""(D) 3"", ""(E) 4""]"	(C) 0	C
f85ef3d2-3085-57d0-bcfc-b12dfaf5fcaa	8	perception	rhythm	relative	rhythm-relative	proportion-recognition		rhythm pattern statistics	How many rhythmic figures with a strict {rhythm_proportion} proportionality are there in the {voice} line?	"[""rhythm_proportion"", ""voice""]"	get_rhythm_pattern_count		rhythm	"{""rhythm_proportion"": ""1:6"", ""voice"": ""bass""}"	How many rhythmic figures with a strict 1:6 proportionality are there in the bass line?	Drese_JesuGehVoran	chorale-bricks	Drese_JesuGehVoran	data/chorale-bricks/Drese_JesuGehVoran	1	"[""0"", ""2"", ""3"", ""4""]"	"[""3"", ""4"", ""2"", ""0""]"	audio	audio.mastermix.wav	data/chorale-bricks/Drese_JesuGehVoran/audio.mastermix.wav	1	"[""1"", ""none of the other options is correct"", ""3"", ""4"", ""2""]"	0.2	0	"[""A"", ""B"", ""C"", ""D"", ""E""]"	"{""A"": ""none of the other options is correct"", ""B"": ""2"", ""C"": ""4"", ""D"": ""1"", ""E"": ""3""}"	"[""(A) none of the other options is correct"", ""(B) 2"", ""(C) 4"", ""(D) 1"", ""(E) 3""]"	(D) 1	D
f4355fa2-eb53-57b4-81d9-7bf1a13bc3b9	8	perception	rhythm	relative	rhythm-relative	proportion-recognition		rhythm pattern statistics	How many rhythmic figures with a strict {rhythm_proportion} proportionality are there in the {voice} line?	"[""rhythm_proportion"", ""voice""]"	get_rhythm_pattern_count		rhythm	"{""rhythm_proportion"": ""1:6"", ""voice"": ""bass""}"	How many rhythmic figures with a strict 1:6 proportionality are there in the bass line?	Drese_JesuGehVoran	chorale-bricks	Drese_JesuGehVoran	data/chorale-bricks/Drese_JesuGehVoran	1	"[""0"", ""2"", ""3"", ""4""]"	"[""3"", ""4"", ""2"", ""0""]"	symbolic	symbolic.abc.txt	data/chorale-bricks/Drese_JesuGehVoran/symbolic.abc.txt	1	"[""1"", ""none of the other options is correct"", ""3"", ""4"", ""2""]"	0.2	0	"[""A"", ""B"", ""C"", ""D"", ""E""]"	"{""A"": ""1"", ""B"": ""3"", ""C"": ""none of the other options is correct"", ""D"": ""2"", ""E"": ""4""}"	"[""(A) 1"", ""(B) 3"", ""(C) none of the other options is correct"", ""(D) 2"", ""(E) 4""]"	(A) 1	A
9bc548bf-e0d4-5140-ad4e-2557eb4274fc	8	perception	rhythm	relative	rhythm-relative	proportion-recognition		rhythm pattern statistics	How many rhythmic figures with a strict {rhythm_proportion} proportionality are there in the {voice} line?	"[""rhythm_proportion"", ""voice""]"	get_rhythm_pattern_count		rhythm	"{""rhythm_proportion"": ""1:6"", ""voice"": ""bass""}"	How many rhythmic figures with a strict 1:6 proportionality are there in the bass line?	Drese_JesuGehVoran	chorale-bricks	Drese_JesuGehVoran	data/chorale-bricks/Drese_JesuGehVoran	1	"[""0"", ""2"", ""3"", ""4""]"	"[""3"", ""4"", ""2"", ""0""]"	visual	visual.short.png	data/chorale-bricks/Drese_JesuGehVoran/visual.short.png	1	"[""1"", ""none of the other options is correct"", ""3"", ""4"", ""2""]"	0.2	0	"[""A"", ""B"", ""C"", ""D"", ""E""]"	"{""A"": ""1"", ""B"": ""2"", ""C"": ""3"", ""D"": ""none of the other options is correct"", ""E"": ""4""}"	"[""(A) 1"", ""(B) 2"", ""(C) 3"", ""(D) none of the other options is correct"", ""(E) 4""]"	(A) 1	A
6241a8b1-fa8d-5e6a-8d53-9166bc6113a9	8	perception	rhythm	relative	rhythm-relative	proportion-recognition		rhythm pattern statistics	How many rhythmic figures with a strict {rhythm_proportion} proportionality are there in the {voice} line?	"[""rhythm_proportion"", ""voice""]"	get_rhythm_pattern_count		rhythm	"{""rhythm_proportion"": ""2:3"", ""voice"": ""tenor""}"	How many rhythmic figures with a strict 2:3 proportionality are there in the tenor line?	Vulpius_ChristusDerIstMeinLeben	chorale-bricks	Vulpius_ChristusDerIstMeinLeben	data/chorale-bricks/Vulpius_ChristusDerIstMeinLeben	0	"[""1"", ""2"", ""3"", ""4""]"	"[""1"", ""2"", ""3"", ""4""]"	audio	audio.mastermix.wav	data/chorale-bricks/Vulpius_ChristusDerIstMeinLeben/audio.mastermix.wav	0	"[""0"", ""none of the other options is correct"", ""1"", ""2"", ""3""]"	0.2	0	"[""A"", ""B"", ""C"", ""D"", ""E""]"	"{""A"": ""0"", ""B"": ""1"", ""C"": ""none of the other options is correct"", ""D"": ""3"", ""E"": ""2""}"	"[""(A) 0"", ""(B) 1"", ""(C) none of the other options is correct"", ""(D) 3"", ""(E) 2""]"	(A) 0	A
9df30772-9dc9-50e5-b7e8-57c8de5bdc3d	8	perception	rhythm	relative	rhythm-relative	proportion-recognition		rhythm pattern statistics	How many rhythmic figures with a strict {rhythm_proportion} proportionality are there in the {voice} line?	"[""rhythm_proportion"", ""voice""]"	get_rhythm_pattern_count		rhythm	"{""rhythm_proportion"": ""2:3"", ""voice"": ""tenor""}"	How many rhythmic figures with a strict 2:3 proportionality are there in the tenor line?	Vulpius_ChristusDerIstMeinLeben	chorale-bricks	Vulpius_ChristusDerIstMeinLeben	data/chorale-bricks/Vulpius_ChristusDerIstMeinLeben	0	"[""1"", ""2"", ""3"", ""4""]"	"[""1"", ""2"", ""3"", ""4""]"	symbolic	symbolic.abc.txt	data/chorale-bricks/Vulpius_ChristusDerIstMeinLeben/symbolic.abc.txt	0	"[""0"", ""none of the other options is correct"", ""1"", ""2"", ""3""]"	0.2	0	"[""A"", ""B"", ""C"", ""D"", ""E""]"	"{""A"": ""1"", ""B"": ""2"", ""C"": ""none of the other options is correct"", ""D"": ""0"", ""E"": ""3""}"	"[""(A) 1"", ""(B) 2"", ""(C) none of the other options is correct"", ""(D) 0"", ""(E) 3""]"	(D) 0	D
85aae7c4-964f-55b4-af28-8d926299b824	8	perception	rhythm	relative	rhythm-relative	proportion-recognition		rhythm pattern statistics	How many rhythmic figures with a strict {rhythm_proportion} proportionality are there in the {voice} line?	"[""rhythm_proportion"", ""voice""]"	get_rhythm_pattern_count		rhythm	"{""rhythm_proportion"": ""2:3"", ""voice"": ""tenor""}"	How many rhythmic figures with a strict 2:3 proportionality are there in the tenor line?	Vulpius_ChristusDerIstMeinLeben	chorale-bricks	Vulpius_ChristusDerIstMeinLeben	data/chorale-bricks/Vulpius_ChristusDerIstMeinLeben	0	"[""1"", ""2"", ""3"", ""4""]"	"[""1"", ""2"", ""3"", ""4""]"	visual	visual.short.png	data/chorale-bricks/Vulpius_ChristusDerIstMeinLeben/visual.short.png	0	"[""0"", ""none of the other options is correct"", ""1"", ""2"", ""3""]"	0.2	0	"[""A"", ""B"", ""C"", ""D"", ""E""]"	"{""A"": ""0"", ""B"": ""3"", ""C"": ""2"", ""D"": ""none of the other options is correct"", ""E"": ""1""}"	"[""(A) 0"", ""(B) 3"", ""(C) 2"", ""(D) none of the other options is correct"", ""(E) 1""]"	(A) 0	A
46767658-2ee2-5f06-b829-a41034b68200	8	perception	rhythm	relative	rhythm-relative	proportion-recognition		rhythm pattern statistics	How many rhythmic figures with a strict {rhythm_proportion} proportionality are there in the {voice} line?	"[""rhythm_proportion"", ""voice""]"	get_rhythm_pattern_count		rhythm	"{""rhythm_proportion"": ""3:2"", ""voice"": ""alto""}"	How many rhythmic figures with a strict 3:2 proportionality are there in the alto line?	Bach_IchStehAnDeinerKrippe	chorale-bricks	Bach_IchStehAnDeinerKrippe	data/chorale-bricks/Bach_IchStehAnDeinerKrippe	4	"[""0"", ""1"", ""2"", ""3""]"	"[""0"", ""3"", ""2"", ""1""]"	audio	audio.mastermix.wav	data/chorale-bricks/Bach_IchStehAnDeinerKrippe/audio.mastermix.wav	4	"[""4"", ""none of the other options is correct"", ""0"", ""3"", ""2""]"	0.2	0	"[""A"", ""B"", ""C"", ""D"", ""E""]"	"{""A"": ""2"", ""B"": ""3"", ""C"": ""0"", ""D"": ""none of the other options is correct"", ""E"": ""4""}"	"[""(A) 2"", ""(B) 3"", ""(C) 0"", ""(D) none of the other options is correct"", ""(E) 4""]"	(E) 4	E
8afc9d69-0a7c-52b3-9eea-e12f8519abc3	8	perception	rhythm	relative	rhythm-relative	proportion-recognition		rhythm pattern statistics	How many rhythmic figures with a strict {rhythm_proportion} proportionality are there in the {voice} line?	"[""rhythm_proportion"", ""voice""]"	get_rhythm_pattern_count		rhythm	"{""rhythm_proportion"": ""3:2"", ""voice"": ""alto""}"	How many rhythmic figures with a strict 3:2 proportionality are there in the alto line?	Bach_IchStehAnDeinerKrippe	chorale-bricks	Bach_IchStehAnDeinerKrippe	data/chorale-bricks/Bach_IchStehAnDeinerKrippe	4	"[""0"", ""1"", ""2"", ""3""]"	"[""0"", ""3"", ""2"", ""1""]"	symbolic	symbolic.abc.txt	data/chorale-bricks/Bach_IchStehAnDeinerKrippe/symbolic.abc.txt	4	"[""4"", ""none of the other options is correct"", ""0"", ""3"", ""2""]"	0.2	0	"[""A"", ""B"", ""C"", ""D"", ""E""]"	"{""A"": ""3"", ""B"": ""4"", ""C"": ""2"", ""D"": ""none of the other options is correct"", ""E"": ""0""}"	"[""(A) 3"", ""(B) 4"", ""(C) 2"", ""(D) none of the other options is correct"", ""(E) 0""]"	(B) 4	B
1aa8508e-e99f-5d03-b36a-4daee35a045a	8	perception	rhythm	relative	rhythm-relative	proportion-recognition		rhythm pattern statistics	How many rhythmic figures with a strict {rhythm_proportion} proportionality are there in the {voice} line?	"[""rhythm_proportion"", ""voice""]"	get_rhythm_pattern_count		rhythm	"{""rhythm_proportion"": ""3:2"", ""voice"": ""alto""}"	How many rhythmic figures with a strict 3:2 proportionality are there in the alto line?	Bach_IchStehAnDeinerKrippe	chorale-bricks	Bach_IchStehAnDeinerKrippe	data/chorale-bricks/Bach_IchStehAnDeinerKrippe	4	"[""0"", ""1"", ""2"", ""3""]"	"[""0"", ""3"", ""2"", ""1""]"	visual	visual.short.png	data/chorale-bricks/Bach_IchStehAnDeinerKrippe/visual.short.png	4	"[""4"", ""none of the other options is correct"", ""0"", ""3"", ""2""]"	0.2	0	"[""A"", ""B"", ""C"", ""D"", ""E""]"	"{""A"": ""none of the other options is correct"", ""B"": ""2"", ""C"": ""0"", ""D"": ""4"", ""E"": ""3""}"	"[""(A) none of the other options is correct"", ""(B) 2"", ""(C) 0"", ""(D) 4"", ""(E) 3""]"	(D) 4	D
5fc68bd9-1738-55ef-8171-8d3cefc86629	8	perception	rhythm	relative	rhythm-relative	proportion-recognition		rhythm pattern statistics	How many rhythmic figures with a strict {rhythm_proportion} proportionality are there in the {voice} line?	"[""rhythm_proportion"", ""voice""]"	get_rhythm_pattern_count		rhythm	"{""rhythm_proportion"": ""1:3"", ""voice"": ""tenor""}"	How many rhythmic figures with a strict 1:3 proportionality are there in the tenor line?	Vulpius_ChristusDerIstMeinLeben	chorale-bricks	Vulpius_ChristusDerIstMeinLeben	data/chorale-bricks/Vulpius_ChristusDerIstMeinLeben	1	"[""0"", ""2"", ""3"", ""4""]"	"[""3"", ""4"", ""0"", ""2""]"	audio	audio.mastermix.wav	data/chorale-bricks/Vulpius_ChristusDerIstMeinLeben/audio.mastermix.wav	1	"[""1"", ""none of the other options is correct"", ""3"", ""4"", ""0""]"	0.2	0	"[""A"", ""B"", ""C"", ""D"", ""E""]"	"{""A"": ""0"", ""B"": ""3"", ""C"": ""1"", ""D"": ""4"", ""E"": ""none of the other options is correct""}"	"[""(A) 0"", ""(B) 3"", ""(C) 1"", ""(D) 4"", ""(E) none of the other options is correct""]"	(C) 1	C
4667d053-22fb-528f-a113-b0baf2e75a9a	8	perception	rhythm	relative	rhythm-relative	proportion-recognition		rhythm pattern statistics	How many rhythmic figures with a strict {rhythm_proportion} proportionality are there in the {voice} line?	"[""rhythm_proportion"", ""voice""]"	get_rhythm_pattern_count		rhythm	"{""rhythm_proportion"": ""1:3"", ""voice"": ""tenor""}"	How many rhythmic figures with a strict 1:3 proportionality are there in the tenor line?	Vulpius_ChristusDerIstMeinLeben	chorale-bricks	Vulpius_ChristusDerIstMeinLeben	data/chorale-bricks/Vulpius_ChristusDerIstMeinLeben	1	"[""0"", ""2"", ""3"", ""4""]"	"[""3"", ""4"", ""0"", ""2""]"	symbolic	symbolic.abc.txt	data/chorale-bricks/Vulpius_ChristusDerIstMeinLeben/symbolic.abc.txt	1	"[""1"", ""none of the other options is correct"", ""3"", ""4"", ""0""]"	0.2	0	"[""A"", ""B"", ""C"", ""D"", ""E""]"	"{""A"": ""3"", ""B"": ""4"", ""C"": ""1"", ""D"": ""0"", ""E"": ""none of the other options is correct""}"	"[""(A) 3"", ""(B) 4"", ""(C) 1"", ""(D) 0"", ""(E) none of the other options is correct""]"	(C) 1	C
2b54b497-ae00-596c-8e5b-0544f8fc0942	8	perception	rhythm	relative	rhythm-relative	proportion-recognition		rhythm pattern statistics	How many rhythmic figures with a strict {rhythm_proportion} proportionality are there in the {voice} line?	"[""rhythm_proportion"", ""voice""]"	get_rhythm_pattern_count		rhythm	"{""rhythm_proportion"": ""1:3"", ""voice"": ""tenor""}"	How many rhythmic figures with a strict 1:3 proportionality are there in the tenor line?	Vulpius_ChristusDerIstMeinLeben	chorale-bricks	Vulpius_ChristusDerIstMeinLeben	data/chorale-bricks/Vulpius_ChristusDerIstMeinLeben	1	"[""0"", ""2"", ""3"", ""4""]"	"[""3"", ""4"", ""0"", ""2""]"	visual	visual.short.png	data/chorale-bricks/Vulpius_ChristusDerIstMeinLeben/visual.short.png	1	"[""1"", ""none of the other options is correct"", ""3"", ""4"", ""0""]"	0.2	0	"[""A"", ""B"", ""C"", ""D"", ""E""]"	"{""A"": ""4"", ""B"": ""1"", ""C"": ""0"", ""D"": ""none of the other options is correct"", ""E"": ""3""}"	"[""(A) 4"", ""(B) 1"", ""(C) 0"", ""(D) none of the other options is correct"", ""(E) 3""]"	(B) 1	B
a8a63a1f-6198-50cb-be8b-d015b39154e1	8	perception	rhythm	relative	rhythm-relative	proportion-recognition		rhythm pattern statistics	How many rhythmic figures with a strict {rhythm_proportion} proportionality are there in the {voice} line?	"[""rhythm_proportion"", ""voice""]"	get_rhythm_pattern_count		rhythm	"{""rhythm_proportion"": ""3:2"", ""voice"": ""bass""}"	How many rhythmic figures with a strict 3:2 proportionality are there in the bass line?	Bach_IchStehAnDeinerKrippe	chorale-bricks	Bach_IchStehAnDeinerKrippe	data/chorale-bricks/Bach_IchStehAnDeinerKrippe	4	"[""0"", ""1"", ""2"", ""3""]"	"[""1"", ""2"", ""3"", ""0""]"	audio	audio.mastermix.wav	data/chorale-bricks/Bach_IchStehAnDeinerKrippe/audio.mastermix.wav	4	"[""4"", ""none of the other options is correct"", ""1"", ""2"", ""3""]"	0.2	0	"[""A"", ""B"", ""C"", ""D"", ""E""]"	"{""A"": ""3"", ""B"": ""1"", ""C"": ""none of the other options is correct"", ""D"": ""2"", ""E"": ""4""}"	"[""(A) 3"", ""(B) 1"", ""(C) none of the other options is correct"", ""(D) 2"", ""(E) 4""]"	(E) 4	E
5ab82d86-8b09-5b77-9903-879ea8d3fd96	8	perception	rhythm	relative	rhythm-relative	proportion-recognition		rhythm pattern statistics	How many rhythmic figures with a strict {rhythm_proportion} proportionality are there in the {voice} line?	"[""rhythm_proportion"", ""voice""]"	get_rhythm_pattern_count		rhythm	"{""rhythm_proportion"": ""3:2"", ""voice"": ""bass""}"	How many rhythmic figures with a strict 3:2 proportionality are there in the bass line?	Bach_IchStehAnDeinerKrippe	chorale-bricks	Bach_IchStehAnDeinerKrippe	data/chorale-bricks/Bach_IchStehAnDeinerKrippe	4	"[""0"", ""1"", ""2"", ""3""]"	"[""1"", ""2"", ""3"", ""0""]"	symbolic	symbolic.abc.txt	data/chorale-bricks/Bach_IchStehAnDeinerKrippe/symbolic.abc.txt	4	"[""4"", ""none of the other options is correct"", ""1"", ""2"", ""3""]"	0.2	0	"[""A"", ""B"", ""C"", ""D"", ""E""]"	"{""A"": ""4"", ""B"": ""2"", ""C"": ""1"", ""D"": ""3"", ""E"": ""none of the other options is correct""}"	"[""(A) 4"", ""(B) 2"", ""(C) 1"", ""(D) 3"", ""(E) none of the other options is correct""]"	(A) 4	A
93101c38-e839-505d-8c89-f6c7a298d25c	8	perception	rhythm	relative	rhythm-relative	proportion-recognition		rhythm pattern statistics	How many rhythmic figures with a strict {rhythm_proportion} proportionality are there in the {voice} line?	"[""rhythm_proportion"", ""voice""]"	get_rhythm_pattern_count		rhythm	"{""rhythm_proportion"": ""3:2"", ""voice"": ""bass""}"	How many rhythmic figures with a strict 3:2 proportionality are there in the bass line?	Bach_IchStehAnDeinerKrippe	chorale-bricks	Bach_IchStehAnDeinerKrippe	data/chorale-bricks/Bach_IchStehAnDeinerKrippe	4	"[""0"", ""1"", ""2"", ""3""]"	"[""1"", ""2"", ""3"", ""0""]"	visual	visual.short.png	data/chorale-bricks/Bach_IchStehAnDeinerKrippe/visual.short.png	4	"[""4"", ""none of the other options is correct"", ""1"", ""2"", ""3""]"	0.2	0	"[""A"", ""B"", ""C"", ""D"", ""E""]"	"{""A"": ""1"", ""B"": ""2"", ""C"": ""3"", ""D"": ""4"", ""E"": ""none of the other options is correct""}"	"[""(A) 1"", ""(B) 2"", ""(C) 3"", ""(D) 4"", ""(E) none of the other options is correct""]"	(D) 4	D
2438e860-eb40-5a93-a7b6-85c3e536966e	8	perception	rhythm	relative	rhythm-relative	proportion-recognition		rhythm pattern statistics	How many rhythmic figures with a strict {rhythm_proportion} proportionality are there in the {voice} line?	"[""rhythm_proportion"", ""voice""]"	get_rhythm_pattern_count		rhythm	"{""rhythm_proportion"": ""1:2"", ""voice"": ""soprano""}"	How many rhythmic figures with a strict 1:2 proportionality are there in the soprano line?	Anonymous_AusMeinesHerzensGrunde	chorale-bricks	Anonymous_AusMeinesHerzensGrunde	data/chorale-bricks/Anonymous_AusMeinesHerzensGrunde	22	"[""0"", ""1"", ""3"", ""4""]"	"[""3"", ""0"", ""4"", ""1""]"	audio	audio.mastermix.wav	data/chorale-bricks/Anonymous_AusMeinesHerzensGrunde/audio.mastermix.wav	22	"[""22"", ""none of the other options is correct"", ""3"", ""0"", ""4""]"	0.2	0	"[""A"", ""B"", ""C"", ""D"", ""E""]"	"{""A"": ""4"", ""B"": ""0"", ""C"": ""3"", ""D"": ""22"", ""E"": ""none of the other options is correct""}"	"[""(A) 4"", ""(B) 0"", ""(C) 3"", ""(D) 22"", ""(E) none of the other options is correct""]"	(D) 22	D
b490c6b9-75e1-5f5d-8834-ccba8fc69e40	8	perception	rhythm	relative	rhythm-relative	proportion-recognition		rhythm pattern statistics	How many rhythmic figures with a strict {rhythm_proportion} proportionality are there in the {voice} line?	"[""rhythm_proportion"", ""voice""]"	get_rhythm_pattern_count		rhythm	"{""rhythm_proportion"": ""1:2"", ""voice"": ""soprano""}"	How many rhythmic figures with a strict 1:2 proportionality are there in the soprano line?	Anonymous_AusMeinesHerzensGrunde	chorale-bricks	Anonymous_AusMeinesHerzensGrunde	data/chorale-bricks/Anonymous_AusMeinesHerzensGrunde	22	"[""0"", ""1"", ""3"", ""4""]"	"[""3"", ""0"", ""4"", ""1""]"	symbolic	symbolic.abc.txt	data/chorale-bricks/Anonymous_AusMeinesHerzensGrunde/symbolic.abc.txt	22	"[""22"", ""none of the other options is correct"", ""3"", ""0"", ""4""]"	0.2	0	"[""A"", ""B"", ""C"", ""D"", ""E""]"	"{""A"": ""4"", ""B"": ""none of the other options is correct"", ""C"": ""0"", ""D"": ""22"", ""E"": ""3""}"	"[""(A) 4"", ""(B) none of the other options is correct"", ""(C) 0"", ""(D) 22"", ""(E) 3""]"	(D) 22	D
f92cd2da-57c1-57b8-b77c-90b656735592	8	perception	rhythm	relative	rhythm-relative	proportion-recognition		rhythm pattern statistics	How many rhythmic figures with a strict {rhythm_proportion} proportionality are there in the {voice} line?	"[""rhythm_proportion"", ""voice""]"	get_rhythm_pattern_count		rhythm	"{""rhythm_proportion"": ""1:2"", ""voice"": ""soprano""}"	How many rhythmic figures with a strict 1:2 proportionality are there in the soprano line?	Anonymous_AusMeinesHerzensGrunde	chorale-bricks	Anonymous_AusMeinesHerzensGrunde	data/chorale-bricks/Anonymous_AusMeinesHerzensGrunde	22	"[""0"", ""1"", ""3"", ""4""]"	"[""3"", ""0"", ""4"", ""1""]"	visual	visual.short.png	data/chorale-bricks/Anonymous_AusMeinesHerzensGrunde/visual.short.png	22	"[""22"", ""none of the other options is correct"", ""3"", ""0"", ""4""]"	0.2	0	"[""A"", ""B"", ""C"", ""D"", ""E""]"	"{""A"": ""22"", ""B"": ""3"", ""C"": ""4"", ""D"": ""0"", ""E"": ""none of the other options is correct""}"	"[""(A) 22"", ""(B) 3"", ""(C) 4"", ""(D) 0"", ""(E) none of the other options is correct""]"	(A) 22	A
1e3b1afc-0da6-51b3-8ea6-d281d5595b38	8	perception	rhythm	relative	rhythm-relative	proportion-recognition		rhythm pattern statistics	How many rhythmic figures with a strict {rhythm_proportion} proportionality are there in the {voice} line?	"[""rhythm_proportion"", ""voice""]"	get_rhythm_pattern_count		rhythm	"{""rhythm_proportion"": ""1:4"", ""voice"": ""soprano""}"	How many rhythmic figures with a strict 1:4 proportionality are there in the soprano line?	Bach_IchStehAnDeinerKrippe	chorale-bricks	Bach_IchStehAnDeinerKrippe	data/chorale-bricks/Bach_IchStehAnDeinerKrippe	1	"[""0"", ""2"", ""3"", ""4""]"	"[""3"", ""4"", ""2"", ""0""]"	audio	audio.mastermix.wav	data/chorale-bricks/Bach_IchStehAnDeinerKrippe/audio.mastermix.wav	1	"[""1"", ""none of the other options is correct"", ""3"", ""4"", ""2""]"	0.2	0	"[""A"", ""B"", ""C"", ""D"", ""E""]"	"{""A"": ""none of the other options is correct"", ""B"": ""1"", ""C"": ""4"", ""D"": ""3"", ""E"": ""2""}"	"[""(A) none of the other options is correct"", ""(B) 1"", ""(C) 4"", ""(D) 3"", ""(E) 2""]"	(B) 1	B
9ea67800-64d7-57e6-8dd6-5c4eb2eebf4a	8	perception	rhythm	relative	rhythm-relative	proportion-recognition		rhythm pattern statistics	How many rhythmic figures with a strict {rhythm_proportion} proportionality are there in the {voice} line?	"[""rhythm_proportion"", ""voice""]"	get_rhythm_pattern_count		rhythm	"{""rhythm_proportion"": ""1:4"", ""voice"": ""soprano""}"	How many rhythmic figures with a strict 1:4 proportionality are there in the soprano line?	Bach_IchStehAnDeinerKrippe	chorale-bricks	Bach_IchStehAnDeinerKrippe	data/chorale-bricks/Bach_IchStehAnDeinerKrippe	1	"[""0"", ""2"", ""3"", ""4""]"	"[""3"", ""4"", ""2"", ""0""]"	symbolic	symbolic.abc.txt	data/chorale-bricks/Bach_IchStehAnDeinerKrippe/symbolic.abc.txt	1	"[""1"", ""none of the other options is correct"", ""3"", ""4"", ""2""]"	0.2	0	"[""A"", ""B"", ""C"", ""D"", ""E""]"	"{""A"": ""2"", ""B"": ""none of the other options is correct"", ""C"": ""3"", ""D"": ""4"", ""E"": ""1""}"	"[""(A) 2"", ""(B) none of the other options is correct"", ""(C) 3"", ""(D) 4"", ""(E) 1""]"	(E) 1	E
4292f1f6-c45f-5e88-b1b1-a0ee9fc7bb22	8	perception	rhythm	relative	rhythm-relative	proportion-recognition		rhythm pattern statistics	How many rhythmic figures with a strict {rhythm_proportion} proportionality are there in the {voice} line?	"[""rhythm_proportion"", ""voice""]"	get_rhythm_pattern_count		rhythm	"{""rhythm_proportion"": ""1:4"", ""voice"": ""soprano""}"	How many rhythmic figures with a strict 1:4 proportionality are there in the soprano line?	Bach_IchStehAnDeinerKrippe	chorale-bricks	Bach_IchStehAnDeinerKrippe	data/chorale-bricks/Bach_IchStehAnDeinerKrippe	1	"[""0"", ""2"", ""3"", ""4""]"	"[""3"", ""4"", ""2"", ""0""]"	visual	visual.short.png	data/chorale-bricks/Bach_IchStehAnDeinerKrippe/visual.short.png	1	"[""1"", ""none of the other options is correct"", ""3"", ""4"", ""2""]"	0.2	0	"[""A"", ""B"", ""C"", ""D"", ""E""]"	"{""A"": ""1"", ""B"": ""2"", ""C"": ""3"", ""D"": ""4"", ""E"": ""none of the other options is correct""}"	"[""(A) 1"", ""(B) 2"", ""(C) 3"", ""(D) 4"", ""(E) none of the other options is correct""]"	(A) 1	A
a3ad5ddf-58c4-5fac-8bf4-9c1426b717f9	9	perception	harmony	relative	harmony-relative	harmonic-recognition		tonality recognition	What is the {function} harmony of the primary key of this piece?	"[""function""]"	get_harmonic_tonality			"{""function"": ""tonic""}"	What is the tonic harmony of the primary key of this piece?	Crueger_AufAufMeinHerzMitFreuden	chorale-bricks	Crueger_AufAufMeinHerzMitFreuden	data/chorale-bricks/Crueger_AufAufMeinHerzMitFreuden	C major	"[""A minor"", ""F#"", ""G"", ""G#""]"	"[""A minor"", ""F#"", ""G"", ""G#""]"	audio	audio.mastermix.wav	data/chorale-bricks/Crueger_AufAufMeinHerzMitFreuden/audio.mastermix.wav	C major	"[""C major"", ""none of the other options is correct"", ""A minor"", ""F#"", ""G""]"	0.2	0	"[""A"", ""B"", ""C"", ""D"", ""E""]"	"{""A"": ""A minor"", ""B"": ""G"", ""C"": ""none of the other options is correct"", ""D"": ""C major"", ""E"": ""F#""}"	"[""(A) A minor"", ""(B) G"", ""(C) none of the other options is correct"", ""(D) C major"", ""(E) F#""]"	(D) C major	D
23879878-17d2-5844-acc3-b7e870b02d81	9	perception	harmony	relative	harmony-relative	harmonic-recognition		tonality recognition	What is the {function} harmony of the primary key of this piece?	"[""function""]"	get_harmonic_tonality			"{""function"": ""tonic""}"	What is the tonic harmony of the primary key of this piece?	Crueger_AufAufMeinHerzMitFreuden	chorale-bricks	Crueger_AufAufMeinHerzMitFreuden	data/chorale-bricks/Crueger_AufAufMeinHerzMitFreuden	C major	"[""A minor"", ""F#"", ""G"", ""G#""]"	"[""A minor"", ""F#"", ""G"", ""G#""]"	symbolic	symbolic.abc.txt	data/chorale-bricks/Crueger_AufAufMeinHerzMitFreuden/symbolic.abc.txt	C major	"[""C major"", ""none of the other options is correct"", ""A minor"", ""F#"", ""G""]"	0.2	0	"[""A"", ""B"", ""C"", ""D"", ""E""]"	"{""A"": ""A minor"", ""B"": ""F#"", ""C"": ""C major"", ""D"": ""G"", ""E"": ""none of the other options is correct""}"	"[""(A) A minor"", ""(B) F#"", ""(C) C major"", ""(D) G"", ""(E) none of the other options is correct""]"	(C) C major	C
abb954ee-f624-5857-9029-55dee914baf5	9	perception	harmony	relative	harmony-relative	harmonic-recognition		tonality recognition	What is the {function} harmony of the primary key of this piece?	"[""function""]"	get_harmonic_tonality			"{""function"": ""tonic""}"	What is the tonic harmony of the primary key of this piece?	Crueger_AufAufMeinHerzMitFreuden	chorale-bricks	Crueger_AufAufMeinHerzMitFreuden	data/chorale-bricks/Crueger_AufAufMeinHerzMitFreuden	C major	"[""A minor"", ""F#"", ""G"", ""G#""]"	"[""A minor"", ""F#"", ""G"", ""G#""]"	visual	visual.short.png	data/chorale-bricks/Crueger_AufAufMeinHerzMitFreuden/visual.short.png	C major	"[""C major"", ""none of the other options is correct"", ""A minor"", ""F#"", ""G""]"	0.2	0	"[""A"", ""B"", ""C"", ""D"", ""E""]"	"{""A"": ""G"", ""B"": ""none of the other options is correct"", ""C"": ""C major"", ""D"": ""F#"", ""E"": ""A minor""}"	"[""(A) G"", ""(B) none of the other options is correct"", ""(C) C major"", ""(D) F#"", ""(E) A minor""]"	(C) C major	C
3cbeea24-4a80-5cee-83c2-72257dfe1195	9	perception	harmony	relative	harmony-relative	harmonic-recognition		tonality recognition	What is the {function} harmony of the primary key of this piece?	"[""function""]"	get_harmonic_tonality			"{""function"": ""relative minor/major""}"	What is the relative minor/major harmony of the primary key of this piece?	Drese_JesuGehVoran	chorale-bricks	Drese_JesuGehVoran	data/chorale-bricks/Drese_JesuGehVoran	E minor	"[""D"", ""E-"", ""E- minor"", ""G major""]"	"[""D"", ""G major"", ""E-"", ""E- minor""]"	audio	audio.mastermix.wav	data/chorale-bricks/Drese_JesuGehVoran/audio.mastermix.wav	E minor	"[""E minor"", ""none of the other options is correct"", ""D"", ""G major"", ""E-""]"	0.2	0	"[""A"", ""B"", ""C"", ""D"", ""E""]"	"{""A"": ""D"", ""B"": ""E-"", ""C"": ""none of the other options is correct"", ""D"": ""G major"", ""E"": ""E minor""}"	"[""(A) D"", ""(B) E-"", ""(C) none of the other options is correct"", ""(D) G major"", ""(E) E minor""]"	(E) E minor	E
fe7fc3b4-213a-5852-990a-de601f3e9fab	9	perception	harmony	relative	harmony-relative	harmonic-recognition		tonality recognition	What is the {function} harmony of the primary key of this piece?	"[""function""]"	get_harmonic_tonality			"{""function"": ""relative minor/major""}"	What is the relative minor/major harmony of the primary key of this piece?	Drese_JesuGehVoran	chorale-bricks	Drese_JesuGehVoran	data/chorale-bricks/Drese_JesuGehVoran	E minor	"[""D"", ""E-"", ""E- minor"", ""G major""]"	"[""D"", ""G major"", ""E-"", ""E- minor""]"	symbolic	symbolic.abc.txt	data/chorale-bricks/Drese_JesuGehVoran/symbolic.abc.txt	E minor	"[""E minor"", ""none of the other options is correct"", ""D"", ""G major"", ""E-""]"	0.2	0	"[""A"", ""B"", ""C"", ""D"", ""E""]"	"{""A"": ""E-"", ""B"": ""E minor"", ""C"": ""D"", ""D"": ""G major"", ""E"": ""none of the other options is correct""}"	"[""(A) E-"", ""(B) E minor"", ""(C) D"", ""(D) G major"", ""(E) none of the other options is correct""]"	(B) E minor	B
6f9cb664-06aa-55af-9726-e23835e63132	9	perception	harmony	relative	harmony-relative	harmonic-recognition		tonality recognition	What is the {function} harmony of the primary key of this piece?	"[""function""]"	get_harmonic_tonality			"{""function"": ""relative minor/major""}"	What is the relative minor/major harmony of the primary key of this piece?	Drese_JesuGehVoran	chorale-bricks	Drese_JesuGehVoran	data/chorale-bricks/Drese_JesuGehVoran	E minor	"[""D"", ""E-"", ""E- minor"", ""G major""]"	"[""D"", ""G major"", ""E-"", ""E- minor""]"	visual	visual.short.png	data/chorale-bricks/Drese_JesuGehVoran/visual.short.png	E minor	"[""E minor"", ""none of the other options is correct"", ""D"", ""G major"", ""E-""]"	0.2	0	"[""A"", ""B"", ""C"", ""D"", ""E""]"	"{""A"": ""G major"", ""B"": ""E minor"", ""C"": ""D"", ""D"": ""E-"", ""E"": ""none of the other options is correct""}"	"[""(A) G major"", ""(B) E minor"", ""(C) D"", ""(D) E-"", ""(E) none of the other options is correct""]"	(B) E minor	B
a7b27225-1136-5fe1-8676-701450480fb8	9	perception	harmony	relative	harmony-relative	harmonic-recognition		tonality recognition	What is the {function} harmony of the primary key of this piece?	"[""function""]"	get_harmonic_tonality			"{""function"": ""relative minor/major""}"	What is the relative minor/major harmony of the primary key of this piece?	Jan_DuGrosserSchmerzensmann	chorale-bricks	Jan_DuGrosserSchmerzensmann	data/chorale-bricks/Jan_DuGrosserSchmerzensmann	G major	"[""B"", ""C major"", ""E minor"", ""G# minor""]"	"[""G# minor"", ""B"", ""C major"", ""E minor""]"	audio	audio.mastermix.wav	data/chorale-bricks/Jan_DuGrosserSchmerzensmann/audio.mastermix.wav	none of the other options is correct	"[""none of the other options is correct"", ""G# minor"", ""B"", ""C major"", ""E minor""]"	0.2	1	"[""A"", ""B"", ""C"", ""D"", ""E""]"	"{""A"": ""G# minor"", ""B"": ""E minor"", ""C"": ""none of the other options is correct"", ""D"": ""C major"", ""E"": ""B""}"	"[""(A) G# minor"", ""(B) E minor"", ""(C) none of the other options is correct"", ""(D) C major"", ""(E) B""]"	(C) none of the other options is correct	C
59aed37f-6ce7-5494-a398-3d30868a65b4	9	perception	harmony	relative	harmony-relative	harmonic-recognition		tonality recognition	What is the {function} harmony of the primary key of this piece?	"[""function""]"	get_harmonic_tonality			"{""function"": ""relative minor/major""}"	What is the relative minor/major harmony of the primary key of this piece?	Jan_DuGrosserSchmerzensmann	chorale-bricks	Jan_DuGrosserSchmerzensmann	data/chorale-bricks/Jan_DuGrosserSchmerzensmann	G major	"[""B"", ""C major"", ""E minor"", ""G# minor""]"	"[""G# minor"", ""B"", ""C major"", ""E minor""]"	symbolic	symbolic.abc.txt	data/chorale-bricks/Jan_DuGrosserSchmerzensmann/symbolic.abc.txt	G major	"[""G major"", ""none of the other options is correct"", ""G# minor"", ""B"", ""C major""]"	0.2	0	"[""A"", ""B"", ""C"", ""D"", ""E""]"	"{""A"": ""B"", ""B"": ""G# minor"", ""C"": ""none of the other options is correct"", ""D"": ""G major"", ""E"": ""C major""}"	"[""(A) B"", ""(B) G# minor"", ""(C) none of the other options is correct"", ""(D) G major"", ""(E) C major""]"	(D) G major	D
d3c5ecc3-2f94-50b4-a1d4-c0279c5e54a9	9	perception	harmony	relative	harmony-relative	harmonic-recognition		tonality recognition	What is the {function} harmony of the primary key of this piece?	"[""function""]"	get_harmonic_tonality			"{""function"": ""relative minor/major""}"	What is the relative minor/major harmony of the primary key of this piece?	Jan_DuGrosserSchmerzensmann	chorale-bricks	Jan_DuGrosserSchmerzensmann	data/chorale-bricks/Jan_DuGrosserSchmerzensmann	G major	"[""B"", ""C major"", ""E minor"", ""G# minor""]"	"[""G# minor"", ""B"", ""C major"", ""E minor""]"	visual	visual.short.png	data/chorale-bricks/Jan_DuGrosserSchmerzensmann/visual.short.png	G major	"[""G major"", ""none of the other options is correct"", ""G# minor"", ""B"", ""C major""]"	0.2	0	"[""A"", ""B"", ""C"", ""D"", ""E""]"	"{""A"": ""G# minor"", ""B"": ""G major"", ""C"": ""B"", ""D"": ""C major"", ""E"": ""none of the other options is correct""}"	"[""(A) G# minor"", ""(B) G major"", ""(C) B"", ""(D) C major"", ""(E) none of the other options is correct""]"	(B) G major	B
ae9c1b2d-5c56-5187-8f44-41ba9ab40c58	9	perception	harmony	relative	harmony-relative	harmonic-recognition		tonality recognition	What is the {function} harmony of the primary key of this piece?	"[""function""]"	get_harmonic_tonality			"{""function"": ""relative minor/major""}"	What is the relative minor/major harmony of the primary key of this piece?	Telemann_DerLiebenSonneLichtUndPracht	chorale-bricks	Telemann_DerLiebenSonneLichtUndPracht	data/chorale-bricks/Telemann_DerLiebenSonneLichtUndPracht	E minor	"[""B- minor"", ""C#"", ""D"", ""G major""]"	"[""B- minor"", ""D"", ""C#"", ""G major""]"	audio	audio.mastermix.wav	data/chorale-bricks/Telemann_DerLiebenSonneLichtUndPracht/audio.mastermix.wav	E minor	"[""E minor"", ""none of the other options is correct"", ""B- minor"", ""D"", ""C#""]"	0.2	0	"[""A"", ""B"", ""C"", ""D"", ""E""]"	"{""A"": ""D"", ""B"": ""none of the other options is correct"", ""C"": ""B- minor"", ""D"": ""C#"", ""E"": ""E minor""}"	"[""(A) D"", ""(B) none of the other options is correct"", ""(C) B- minor"", ""(D) C#"", ""(E) E minor""]"	(E) E minor	E
58bea0db-e18d-5f56-a50c-075f6ca6237e	9	perception	harmony	relative	harmony-relative	harmonic-recognition		tonality recognition	What is the {function} harmony of the primary key of this piece?	"[""function""]"	get_harmonic_tonality			"{""function"": ""relative minor/major""}"	What is the relative minor/major harmony of the primary key of this piece?	Telemann_DerLiebenSonneLichtUndPracht	chorale-bricks	Telemann_DerLiebenSonneLichtUndPracht	data/chorale-bricks/Telemann_DerLiebenSonneLichtUndPracht	E minor	"[""B- minor"", ""C#"", ""D"", ""G major""]"	"[""B- minor"", ""D"", ""C#"", ""G major""]"	symbolic	symbolic.abc.txt	data/chorale-bricks/Telemann_DerLiebenSonneLichtUndPracht/symbolic.abc.txt	E minor	"[""E minor"", ""none of the other options is correct"", ""B- minor"", ""D"", ""C#""]"	0.2	0	"[""A"", ""B"", ""C"", ""D"", ""E""]"	"{""A"": ""D"", ""B"": ""B- minor"", ""C"": ""none of the other options is correct"", ""D"": ""E minor"", ""E"": ""C#""}"	"[""(A) D"", ""(B) B- minor"", ""(C) none of the other options is correct"", ""(D) E minor"", ""(E) C#""]"	(D) E minor	D
fe5d6477-21d8-5e68-82ee-d3c6d2aeb248	9	perception	harmony	relative	harmony-relative	harmonic-recognition		tonality recognition	What is the {function} harmony of the primary key of this piece?	"[""function""]"	get_harmonic_tonality			"{""function"": ""relative minor/major""}"	What is the relative minor/major harmony of the primary key of this piece?	Telemann_DerLiebenSonneLichtUndPracht	chorale-bricks	Telemann_DerLiebenSonneLichtUndPracht	data/chorale-bricks/Telemann_DerLiebenSonneLichtUndPracht	E minor	"[""B- minor"", ""C#"", ""D"", ""G major""]"	"[""B- minor"", ""D"", ""C#"", ""G major""]"	visual	visual.short.png	data/chorale-bricks/Telemann_DerLiebenSonneLichtUndPracht/visual.short.png	E minor	"[""E minor"", ""none of the other options is correct"", ""B- minor"", ""D"", ""C#""]"	0.2	0	"[""A"", ""B"", ""C"", ""D"", ""E""]"	"{""A"": ""E minor"", ""B"": ""D"", ""C"": ""C#"", ""D"": ""B- minor"", ""E"": ""none of the other options is correct""}"	"[""(A) E minor"", ""(B) D"", ""(C) C#"", ""(D) B- minor"", ""(E) none of the other options is correct""]"	(A) E minor	A
2d78f410-28f1-54ec-950b-5cf7fe9f8207	9	perception	harmony	relative	harmony-relative	harmonic-recognition		tonality recognition	What is the {function} harmony of the primary key of this piece?	"[""function""]"	get_harmonic_tonality			"{""function"": ""tonic""}"	What is the tonic harmony of the primary key of this piece?	Gesius_BefiehlDuDeineWege	chorale-bricks	Gesius_BefiehlDuDeineWege	data/chorale-bricks/Gesius_BefiehlDuDeineWege	D minor	"[""A"", ""B-"", ""F major"", ""G major""]"	"[""G major"", ""A"", ""B-"", ""F major""]"	audio	audio.mastermix.wav	data/chorale-bricks/Gesius_BefiehlDuDeineWege/audio.mastermix.wav	D minor	"[""D minor"", ""none of the other options is correct"", ""G major"", ""A"", ""B-""]"	0.2	0	"[""A"", ""B"", ""C"", ""D"", ""E""]"	"{""A"": ""G major"", ""B"": ""B-"", ""C"": ""none of the other options is correct"", ""D"": ""D minor"", ""E"": ""A""}"	"[""(A) G major"", ""(B) B-"", ""(C) none of the other options is correct"", ""(D) D minor"", ""(E) A""]"	(D) D minor	D
f9d8269d-9678-5a47-a484-ae5f4f6363de	9	perception	harmony	relative	harmony-relative	harmonic-recognition		tonality recognition	What is the {function} harmony of the primary key of this piece?	"[""function""]"	get_harmonic_tonality			"{""function"": ""tonic""}"	What is the tonic harmony of the primary key of this piece?	Gesius_BefiehlDuDeineWege	chorale-bricks	Gesius_BefiehlDuDeineWege	data/chorale-bricks/Gesius_BefiehlDuDeineWege	D minor	"[""A"", ""B-"", ""F major"", ""G major""]"	"[""G major"", ""A"", ""B-"", ""F major""]"	symbolic	symbolic.abc.txt	data/chorale-bricks/Gesius_BefiehlDuDeineWege/symbolic.abc.txt	none of the other options is correct	"[""none of the other options is correct"", ""G major"", ""A"", ""B-"", ""F major""]"	0.2	1	"[""A"", ""B"", ""C"", ""D"", ""E""]"	"{""A"": ""F major"", ""B"": ""A"", ""C"": ""G major"", ""D"": ""none of the other options is correct"", ""E"": ""B-""}"	"[""(A) F major"", ""(B) A"", ""(C) G major"", ""(D) none of the other options is correct"", ""(E) B-""]"	(D) none of the other options is correct	D
e19e9783-047c-5c00-addc-eddb8b080008	9	perception	harmony	relative	harmony-relative	harmonic-recognition		tonality recognition	What is the {function} harmony of the primary key of this piece?	"[""function""]"	get_harmonic_tonality			"{""function"": ""tonic""}"	What is the tonic harmony of the primary key of this piece?	Gesius_BefiehlDuDeineWege	chorale-bricks	Gesius_BefiehlDuDeineWege	data/chorale-bricks/Gesius_BefiehlDuDeineWege	D minor	"[""A"", ""B-"", ""F major"", ""G major""]"	"[""G major"", ""A"", ""B-"", ""F major""]"	visual	visual.short.png	data/chorale-bricks/Gesius_BefiehlDuDeineWege/visual.short.png	D minor	"[""D minor"", ""none of the other options is correct"", ""G major"", ""A"", ""B-""]"	0.2	0	"[""A"", ""B"", ""C"", ""D"", ""E""]"	"{""A"": ""G major"", ""B"": ""D minor"", ""C"": ""A"", ""D"": ""none of the other options is correct"", ""E"": ""B-""}"	"[""(A) G major"", ""(B) D minor"", ""(C) A"", ""(D) none of the other options is correct"", ""(E) B-""]"	(B) D minor	B
ff2c109b-4058-52b8-8640-830e3251d072	9	perception	harmony	relative	harmony-relative	harmonic-recognition		tonality recognition	What is the {function} harmony of the primary key of this piece?	"[""function""]"	get_harmonic_tonality			"{""function"": ""relative minor/major""}"	What is the relative minor/major harmony of the primary key of this piece?	Vulpius_ChristusDerIstMeinLeben	chorale-bricks	Vulpius_ChristusDerIstMeinLeben	data/chorale-bricks/Vulpius_ChristusDerIstMeinLeben	B minor	"[""A"", ""D major"", ""E- major"", ""F""]"	"[""D major"", ""E- major"", ""A"", ""F""]"	audio	audio.mastermix.wav	data/chorale-bricks/Vulpius_ChristusDerIstMeinLeben/audio.mastermix.wav	B minor	"[""B minor"", ""none of the other options is correct"", ""D major"", ""E- major"", ""A""]"	0.2	0	"[""A"", ""B"", ""C"", ""D"", ""E""]"	"{""A"": ""none of the other options is correct"", ""B"": ""B minor"", ""C"": ""E- major"", ""D"": ""D major"", ""E"": ""A""}"	"[""(A) none of the other options is correct"", ""(B) B minor"", ""(C) E- major"", ""(D) D major"", ""(E) A""]"	(B) B minor	B
fa96f88f-30eb-5f18-8a94-0827956956e8	9	perception	harmony	relative	harmony-relative	harmonic-recognition		tonality recognition	What is the {function} harmony of the primary key of this piece?	"[""function""]"	get_harmonic_tonality			"{""function"": ""relative minor/major""}"	What is the relative minor/major harmony of the primary key of this piece?	Vulpius_ChristusDerIstMeinLeben	chorale-bricks	Vulpius_ChristusDerIstMeinLeben	data/chorale-bricks/Vulpius_ChristusDerIstMeinLeben	B minor	"[""A"", ""D major"", ""E- major"", ""F""]"	"[""D major"", ""E- major"", ""A"", ""F""]"	symbolic	symbolic.abc.txt	data/chorale-bricks/Vulpius_ChristusDerIstMeinLeben/symbolic.abc.txt	B minor	"[""B minor"", ""none of the other options is correct"", ""D major"", ""E- major"", ""A""]"	0.2	0	"[""A"", ""B"", ""C"", ""D"", ""E""]"	"{""A"": ""A"", ""B"": ""B minor"", ""C"": ""D major"", ""D"": ""E- major"", ""E"": ""none of the other options is correct""}"	"[""(A) A"", ""(B) B minor"", ""(C) D major"", ""(D) E- major"", ""(E) none of the other options is correct""]"	(B) B minor	B
f6d0e377-007c-520e-961a-75ae070ce80a	9	perception	harmony	relative	harmony-relative	harmonic-recognition		tonality recognition	What is the {function} harmony of the primary key of this piece?	"[""function""]"	get_harmonic_tonality			"{""function"": ""relative minor/major""}"	What is the relative minor/major harmony of the primary key of this piece?	Vulpius_ChristusDerIstMeinLeben	chorale-bricks	Vulpius_ChristusDerIstMeinLeben	data/chorale-bricks/Vulpius_ChristusDerIstMeinLeben	B minor	"[""A"", ""D major"", ""E- major"", ""F""]"	"[""D major"", ""E- major"", ""A"", ""F""]"	visual	visual.short.png	data/chorale-bricks/Vulpius_ChristusDerIstMeinLeben/visual.short.png	B minor	"[""B minor"", ""none of the other options is correct"", ""D major"", ""E- major"", ""A""]"	0.2	0	"[""A"", ""B"", ""C"", ""D"", ""E""]"	"{""A"": ""D major"", ""B"": ""B minor"", ""C"": ""none of the other options is correct"", ""D"": ""E- major"", ""E"": ""A""}"	"[""(A) D major"", ""(B) B minor"", ""(C) none of the other options is correct"", ""(D) E- major"", ""(E) A""]"	(B) B minor	B
8541503c-50dc-5f5c-86ae-e995ca6332ad	9	perception	harmony	relative	harmony-relative	harmonic-recognition		tonality recognition	What is the {function} harmony of the primary key of this piece?	"[""function""]"	get_harmonic_tonality			"{""function"": ""relative minor/major""}"	What is the relative minor/major harmony of the primary key of this piece?	Vulpius_DieHelleSonnLeuchtJetztHerfuer	chorale-bricks	Vulpius_DieHelleSonnLeuchtJetztHerfuer	data/chorale-bricks/Vulpius_DieHelleSonnLeuchtJetztHerfuer	B minor	"[""A"", ""D major"", ""D minor"", ""E""]"	"[""D minor"", ""A"", ""E"", ""D major""]"	audio	audio.mastermix.wav	data/chorale-bricks/Vulpius_DieHelleSonnLeuchtJetztHerfuer/audio.mastermix.wav	B minor	"[""B minor"", ""none of the other options is correct"", ""D minor"", ""A"", ""E""]"	0.2	0	"[""A"", ""B"", ""C"", ""D"", ""E""]"	"{""A"": ""B minor"", ""B"": ""D minor"", ""C"": ""A"", ""D"": ""none of the other options is correct"", ""E"": ""E""}"	"[""(A) B minor"", ""(B) D minor"", ""(C) A"", ""(D) none of the other options is correct"", ""(E) E""]"	(A) B minor	A
83010bc2-f0d3-5b1c-bd1c-5e8687afb583	9	perception	harmony	relative	harmony-relative	harmonic-recognition		tonality recognition	What is the {function} harmony of the primary key of this piece?	"[""function""]"	get_harmonic_tonality			"{""function"": ""relative minor/major""}"	What is the relative minor/major harmony of the primary key of this piece?	Vulpius_DieHelleSonnLeuchtJetztHerfuer	chorale-bricks	Vulpius_DieHelleSonnLeuchtJetztHerfuer	data/chorale-bricks/Vulpius_DieHelleSonnLeuchtJetztHerfuer	B minor	"[""A"", ""D major"", ""D minor"", ""E""]"	"[""D minor"", ""A"", ""E"", ""D major""]"	symbolic	symbolic.abc.txt	data/chorale-bricks/Vulpius_DieHelleSonnLeuchtJetztHerfuer/symbolic.abc.txt	B minor	"[""B minor"", ""none of the other options is correct"", ""D minor"", ""A"", ""E""]"	0.2	0	"[""A"", ""B"", ""C"", ""D"", ""E""]"	"{""A"": ""D minor"", ""B"": ""A"", ""C"": ""E"", ""D"": ""none of the other options is correct"", ""E"": ""B minor""}"	"[""(A) D minor"", ""(B) A"", ""(C) E"", ""(D) none of the other options is correct"", ""(E) B minor""]"	(E) B minor	E
7b27b6e9-3778-59f0-8870-8c312585e046	9	perception	harmony	relative	harmony-relative	harmonic-recognition		tonality recognition	What is the {function} harmony of the primary key of this piece?	"[""function""]"	get_harmonic_tonality			"{""function"": ""relative minor/major""}"	What is the relative minor/major harmony of the primary key of this piece?	Vulpius_DieHelleSonnLeuchtJetztHerfuer	chorale-bricks	Vulpius_DieHelleSonnLeuchtJetztHerfuer	data/chorale-bricks/Vulpius_DieHelleSonnLeuchtJetztHerfuer	B minor	"[""A"", ""D major"", ""D minor"", ""E""]"	"[""D minor"", ""A"", ""E"", ""D major""]"	visual	visual.short.png	data/chorale-bricks/Vulpius_DieHelleSonnLeuchtJetztHerfuer/visual.short.png	B minor	"[""B minor"", ""none of the other options is correct"", ""D minor"", ""A"", ""E""]"	0.2	0	"[""A"", ""B"", ""C"", ""D"", ""E""]"	"{""A"": ""B minor"", ""B"": ""none of the other options is correct"", ""C"": ""D minor"", ""D"": ""A"", ""E"": ""E""}"	"[""(A) B minor"", ""(B) none of the other options is correct"", ""(C) D minor"", ""(D) A"", ""(E) E""]"	(A) B minor	A
330a44ca-fb9c-59da-a016-feff08538c70	9	perception	harmony	relative	harmony-relative	harmonic-recognition		tonality recognition	What is the {function} harmony of the primary key of this piece?	"[""function""]"	get_harmonic_tonality			"{""function"": ""tonic""}"	What is the tonic harmony of the primary key of this piece?	Gesius_DuFriedensfuerstHerrJesuChrist	chorale-bricks	Gesius_DuFriedensfuerstHerrJesuChrist	data/chorale-bricks/Gesius_DuFriedensfuerstHerrJesuChrist	F major	"[""B major"", ""C"", ""D minor"", ""G#""]"	"[""D minor"", ""B major"", ""G#"", ""C""]"	audio	audio.mastermix.wav	data/chorale-bricks/Gesius_DuFriedensfuerstHerrJesuChrist/audio.mastermix.wav	F major	"[""F major"", ""none of the other options is correct"", ""D minor"", ""B major"", ""G#""]"	0.2	0	"[""A"", ""B"", ""C"", ""D"", ""E""]"	"{""A"": ""B major"", ""B"": ""none of the other options is correct"", ""C"": ""F major"", ""D"": ""G#"", ""E"": ""D minor""}"	"[""(A) B major"", ""(B) none of the other options is correct"", ""(C) F major"", ""(D) G#"", ""(E) D minor""]"	(C) F major	C
f9bef708-579a-59cd-a9a7-c37b5c1a9916	9	perception	harmony	relative	harmony-relative	harmonic-recognition		tonality recognition	What is the {function} harmony of the primary key of this piece?	"[""function""]"	get_harmonic_tonality			"{""function"": ""tonic""}"	What is the tonic harmony of the primary key of this piece?	Gesius_DuFriedensfuerstHerrJesuChrist	chorale-bricks	Gesius_DuFriedensfuerstHerrJesuChrist	data/chorale-bricks/Gesius_DuFriedensfuerstHerrJesuChrist	F major	"[""B major"", ""C"", ""D minor"", ""G#""]"	"[""D minor"", ""B major"", ""G#"", ""C""]"	symbolic	symbolic.abc.txt	data/chorale-bricks/Gesius_DuFriedensfuerstHerrJesuChrist/symbolic.abc.txt	F major	"[""F major"", ""none of the other options is correct"", ""D minor"", ""B major"", ""G#""]"	0.2	0	"[""A"", ""B"", ""C"", ""D"", ""E""]"	"{""A"": ""G#"", ""B"": ""B major"", ""C"": ""F major"", ""D"": ""D minor"", ""E"": ""none of the other options is correct""}"	"[""(A) G#"", ""(B) B major"", ""(C) F major"", ""(D) D minor"", ""(E) none of the other options is correct""]"	(C) F major	C
2233f991-0dd4-5e00-8ca8-25a491d9c33b	9	perception	harmony	relative	harmony-relative	harmonic-recognition		tonality recognition	What is the {function} harmony of the primary key of this piece?	"[""function""]"	get_harmonic_tonality			"{""function"": ""tonic""}"	What is the tonic harmony of the primary key of this piece?	Gesius_DuFriedensfuerstHerrJesuChrist	chorale-bricks	Gesius_DuFriedensfuerstHerrJesuChrist	data/chorale-bricks/Gesius_DuFriedensfuerstHerrJesuChrist	F major	"[""B major"", ""C"", ""D minor"", ""G#""]"	"[""D minor"", ""B major"", ""G#"", ""C""]"	visual	visual.short.png	data/chorale-bricks/Gesius_DuFriedensfuerstHerrJesuChrist/visual.short.png	F major	"[""F major"", ""none of the other options is correct"", ""D minor"", ""B major"", ""G#""]"	0.2	0	"[""A"", ""B"", ""C"", ""D"", ""E""]"	"{""A"": ""F major"", ""B"": ""none of the other options is correct"", ""C"": ""D minor"", ""D"": ""B major"", ""E"": ""G#""}"	"[""(A) F major"", ""(B) none of the other options is correct"", ""(C) D minor"", ""(D) B major"", ""(E) G#""]"	(A) F major	A
7a45394d-421e-5548-9a00-cd0bd12b96e2	9	perception	harmony	relative	harmony-relative	harmonic-recognition		tonality recognition	What is the {function} harmony of the primary key of this piece?	"[""function""]"	get_harmonic_tonality			"{""function"": ""tonic""}"	What is the tonic harmony of the primary key of this piece?	Drese_JesuGehVoran	chorale-bricks	Drese_JesuGehVoran	data/chorale-bricks/Drese_JesuGehVoran	G major	"[""B minor"", ""D"", ""E minor"", ""F# minor""]"	"[""D"", ""E minor"", ""B minor"", ""F# minor""]"	audio	audio.mastermix.wav	data/chorale-bricks/Drese_JesuGehVoran/audio.mastermix.wav	G major	"[""G major"", ""none of the other options is correct"", ""D"", ""E minor"", ""B minor""]"	0.2	0	"[""A"", ""B"", ""C"", ""D"", ""E""]"	"{""A"": ""B minor"", ""B"": ""G major"", ""C"": ""E minor"", ""D"": ""D"", ""E"": ""none of the other options is correct""}"	"[""(A) B minor"", ""(B) G major"", ""(C) E minor"", ""(D) D"", ""(E) none of the other options is correct""]"	(B) G major	B
630c3be7-8b3c-5323-9f16-0617dcd7ad69	9	perception	harmony	relative	harmony-relative	harmonic-recognition		tonality recognition	What is the {function} harmony of the primary key of this piece?	"[""function""]"	get_harmonic_tonality			"{""function"": ""tonic""}"	What is the tonic harmony of the primary key of this piece?	Drese_JesuGehVoran	chorale-bricks	Drese_JesuGehVoran	data/chorale-bricks/Drese_JesuGehVoran	G major	"[""B minor"", ""D"", ""E minor"", ""F# minor""]"	"[""D"", ""E minor"", ""B minor"", ""F# minor""]"	symbolic	symbolic.abc.txt	data/chorale-bricks/Drese_JesuGehVoran/symbolic.abc.txt	G major	"[""G major"", ""none of the other options is correct"", ""D"", ""E minor"", ""B minor""]"	0.2	0	"[""A"", ""B"", ""C"", ""D"", ""E""]"	"{""A"": ""B minor"", ""B"": ""none of the other options is correct"", ""C"": ""E minor"", ""D"": ""G major"", ""E"": ""D""}"	"[""(A) B minor"", ""(B) none of the other options is correct"", ""(C) E minor"", ""(D) G major"", ""(E) D""]"	(D) G major	D
468b039e-0c99-509f-b1bb-d6f33a22f165	9	perception	harmony	relative	harmony-relative	harmonic-recognition		tonality recognition	What is the {function} harmony of the primary key of this piece?	"[""function""]"	get_harmonic_tonality			"{""function"": ""tonic""}"	What is the tonic harmony of the primary key of this piece?	Drese_JesuGehVoran	chorale-bricks	Drese_JesuGehVoran	data/chorale-bricks/Drese_JesuGehVoran	G major	"[""B minor"", ""D"", ""E minor"", ""F# minor""]"	"[""D"", ""E minor"", ""B minor"", ""F# minor""]"	visual	visual.short.png	data/chorale-bricks/Drese_JesuGehVoran/visual.short.png	G major	"[""G major"", ""none of the other options is correct"", ""D"", ""E minor"", ""B minor""]"	0.2	0	"[""A"", ""B"", ""C"", ""D"", ""E""]"	"{""A"": ""B minor"", ""B"": ""D"", ""C"": ""none of the other options is correct"", ""D"": ""G major"", ""E"": ""E minor""}"	"[""(A) B minor"", ""(B) D"", ""(C) none of the other options is correct"", ""(D) G major"", ""(E) E minor""]"	(D) G major	D
7bd93a70-0648-5680-8178-2b9ff6341462	9	perception	harmony	relative	harmony-relative	harmonic-recognition		tonality recognition	What is the {function} harmony of the primary key of this piece?	"[""function""]"	get_harmonic_tonality			"{""function"": ""tonic""}"	What is the tonic harmony of the primary key of this piece?	Vulpius_ChristusDerIstMeinLeben	chorale-bricks	Vulpius_ChristusDerIstMeinLeben	data/chorale-bricks/Vulpius_ChristusDerIstMeinLeben	D major	"[""A"", ""B minor"", ""C major"", ""E- major""]"	"[""E- major"", ""C major"", ""A"", ""B minor""]"	audio	audio.mastermix.wav	data/chorale-bricks/Vulpius_ChristusDerIstMeinLeben/audio.mastermix.wav	D major	"[""D major"", ""none of the other options is correct"", ""E- major"", ""C major"", ""A""]"	0.2	0	"[""A"", ""B"", ""C"", ""D"", ""E""]"	"{""A"": ""E- major"", ""B"": ""D major"", ""C"": ""C major"", ""D"": ""A"", ""E"": ""none of the other options is correct""}"	"[""(A) E- major"", ""(B) D major"", ""(C) C major"", ""(D) A"", ""(E) none of the other options is correct""]"	(B) D major	B
e60d095a-eb67-5fb1-a270-b1214bf64b1f	9	perception	harmony	relative	harmony-relative	harmonic-recognition		tonality recognition	What is the {function} harmony of the primary key of this piece?	"[""function""]"	get_harmonic_tonality			"{""function"": ""tonic""}"	What is the tonic harmony of the primary key of this piece?	Vulpius_ChristusDerIstMeinLeben	chorale-bricks	Vulpius_ChristusDerIstMeinLeben	data/chorale-bricks/Vulpius_ChristusDerIstMeinLeben	D major	"[""A"", ""B minor"", ""C major"", ""E- major""]"	"[""E- major"", ""C major"", ""A"", ""B minor""]"	symbolic	symbolic.abc.txt	data/chorale-bricks/Vulpius_ChristusDerIstMeinLeben/symbolic.abc.txt	D major	"[""D major"", ""none of the other options is correct"", ""E- major"", ""C major"", ""A""]"	0.2	0	"[""A"", ""B"", ""C"", ""D"", ""E""]"	"{""A"": ""none of the other options is correct"", ""B"": ""D major"", ""C"": ""E- major"", ""D"": ""C major"", ""E"": ""A""}"	"[""(A) none of the other options is correct"", ""(B) D major"", ""(C) E- major"", ""(D) C major"", ""(E) A""]"	(B) D major	B
5dbb4e7c-7897-5206-b29c-a4cbb6ac5a71	9	perception	harmony	relative	harmony-relative	harmonic-recognition		tonality recognition	What is the {function} harmony of the primary key of this piece?	"[""function""]"	get_harmonic_tonality			"{""function"": ""tonic""}"	What is the tonic harmony of the primary key of this piece?	Vulpius_ChristusDerIstMeinLeben	chorale-bricks	Vulpius_ChristusDerIstMeinLeben	data/chorale-bricks/Vulpius_ChristusDerIstMeinLeben	D major	"[""A"", ""B minor"", ""C major"", ""E- major""]"	"[""E- major"", ""C major"", ""A"", ""B minor""]"	visual	visual.short.png	data/chorale-bricks/Vulpius_ChristusDerIstMeinLeben/visual.short.png	D major	"[""D major"", ""none of the other options is correct"", ""E- major"", ""C major"", ""A""]"	0.2	0	"[""A"", ""B"", ""C"", ""D"", ""E""]"	"{""A"": ""A"", ""B"": ""none of the other options is correct"", ""C"": ""E- major"", ""D"": ""D major"", ""E"": ""C major""}"	"[""(A) A"", ""(B) none of the other options is correct"", ""(C) E- major"", ""(D) D major"", ""(E) C major""]"	(D) D major	D
57abf102-0762-5979-820b-57b00c037a59	9	perception	harmony	relative	harmony-relative	harmonic-recognition		tonality recognition	What is the {function} harmony of the primary key of this piece?	"[""function""]"	get_harmonic_tonality			"{""function"": ""tonic""}"	What is the tonic harmony of the primary key of this piece?	Vulpius_DieHelleSonnLeuchtJetztHerfuer	chorale-bricks	Vulpius_DieHelleSonnLeuchtJetztHerfuer	data/chorale-bricks/Vulpius_DieHelleSonnLeuchtJetztHerfuer	D major	"[""A"", ""B minor"", ""B- major"", ""G#""]"	"[""B minor"", ""B- major"", ""G#"", ""A""]"	audio	audio.mastermix.wav	data/chorale-bricks/Vulpius_DieHelleSonnLeuchtJetztHerfuer/audio.mastermix.wav	none of the other options is correct	"[""none of the other options is correct"", ""B minor"", ""B- major"", ""G#"", ""A""]"	0.2	1	"[""A"", ""B"", ""C"", ""D"", ""E""]"	"{""A"": ""B minor"", ""B"": ""B- major"", ""C"": ""G#"", ""D"": ""A"", ""E"": ""none of the other options is correct""}"	"[""(A) B minor"", ""(B) B- major"", ""(C) G#"", ""(D) A"", ""(E) none of the other options is correct""]"	(E) none of the other options is correct	E
789e2550-4ab7-5a78-8d72-79fc676e4ff1	9	perception	harmony	relative	harmony-relative	harmonic-recognition		tonality recognition	What is the {function} harmony of the primary key of this piece?	"[""function""]"	get_harmonic_tonality			"{""function"": ""tonic""}"	What is the tonic harmony of the primary key of this piece?	Vulpius_DieHelleSonnLeuchtJetztHerfuer	chorale-bricks	Vulpius_DieHelleSonnLeuchtJetztHerfuer	data/chorale-bricks/Vulpius_DieHelleSonnLeuchtJetztHerfuer	D major	"[""A"", ""B minor"", ""B- major"", ""G#""]"	"[""B minor"", ""B- major"", ""G#"", ""A""]"	symbolic	symbolic.abc.txt	data/chorale-bricks/Vulpius_DieHelleSonnLeuchtJetztHerfuer/symbolic.abc.txt	none of the other options is correct	"[""none of the other options is correct"", ""B minor"", ""B- major"", ""G#"", ""A""]"	0.2	1	"[""A"", ""B"", ""C"", ""D"", ""E""]"	"{""A"": ""B minor"", ""B"": ""G#"", ""C"": ""B- major"", ""D"": ""none of the other options is correct"", ""E"": ""A""}"	"[""(A) B minor"", ""(B) G#"", ""(C) B- major"", ""(D) none of the other options is correct"", ""(E) A""]"	(D) none of the other options is correct	D
5857e416-8c78-5c4c-ad9b-eff53f443bb3	9	perception	harmony	relative	harmony-relative	harmonic-recognition		tonality recognition	What is the {function} harmony of the primary key of this piece?	"[""function""]"	get_harmonic_tonality			"{""function"": ""tonic""}"	What is the tonic harmony of the primary key of this piece?	Vulpius_DieHelleSonnLeuchtJetztHerfuer	chorale-bricks	Vulpius_DieHelleSonnLeuchtJetztHerfuer	data/chorale-bricks/Vulpius_DieHelleSonnLeuchtJetztHerfuer	D major	"[""A"", ""B minor"", ""B- major"", ""G#""]"	"[""B minor"", ""B- major"", ""G#"", ""A""]"	visual	visual.short.png	data/chorale-bricks/Vulpius_DieHelleSonnLeuchtJetztHerfuer/visual.short.png	none of the other options is correct	"[""none of the other options is correct"", ""B minor"", ""B- major"", ""G#"", ""A""]"	0.2	1	"[""A"", ""B"", ""C"", ""D"", ""E""]"	"{""A"": ""B minor"", ""B"": ""A"", ""C"": ""none of the other options is correct"", ""D"": ""G#"", ""E"": ""B- major""}"	"[""(A) B minor"", ""(B) A"", ""(C) none of the other options is correct"", ""(D) G#"", ""(E) B- major""]"	(C) none of the other options is correct	C
fa7804ee-c7f5-5bac-8e05-9db9c21f93f1	9	perception	harmony	relative	harmony-relative	harmonic-recognition		tonality recognition	What is the {function} harmony of the primary key of this piece?	"[""function""]"	get_harmonic_tonality			"{""function"": ""relative minor/major""}"	What is the relative minor/major harmony of the primary key of this piece?	Anonymous_AusMeinesHerzensGrunde	chorale-bricks	Anonymous_AusMeinesHerzensGrunde	data/chorale-bricks/Anonymous_AusMeinesHerzensGrunde	E minor	"[""B-"", ""B- major"", ""D"", ""G major""]"	"[""G major"", ""B-"", ""B- major"", ""D""]"	audio	audio.mastermix.wav	data/chorale-bricks/Anonymous_AusMeinesHerzensGrunde/audio.mastermix.wav	E minor	"[""E minor"", ""none of the other options is correct"", ""G major"", ""B-"", ""B- major""]"	0.2	0	"[""A"", ""B"", ""C"", ""D"", ""E""]"	"{""A"": ""E minor"", ""B"": ""B-"", ""C"": ""none of the other options is correct"", ""D"": ""G major"", ""E"": ""B- major""}"	"[""(A) E minor"", ""(B) B-"", ""(C) none of the other options is correct"", ""(D) G major"", ""(E) B- major""]"	(A) E minor	A
618596cf-56b3-5ec4-815d-38be1f8b7bcc	9	perception	harmony	relative	harmony-relative	harmonic-recognition		tonality recognition	What is the {function} harmony of the primary key of this piece?	"[""function""]"	get_harmonic_tonality			"{""function"": ""relative minor/major""}"	What is the relative minor/major harmony of the primary key of this piece?	Anonymous_AusMeinesHerzensGrunde	chorale-bricks	Anonymous_AusMeinesHerzensGrunde	data/chorale-bricks/Anonymous_AusMeinesHerzensGrunde	E minor	"[""B-"", ""B- major"", ""D"", ""G major""]"	"[""G major"", ""B-"", ""B- major"", ""D""]"	symbolic	symbolic.abc.txt	data/chorale-bricks/Anonymous_AusMeinesHerzensGrunde/symbolic.abc.txt	E minor	"[""E minor"", ""none of the other options is correct"", ""G major"", ""B-"", ""B- major""]"	0.2	0	"[""A"", ""B"", ""C"", ""D"", ""E""]"	"{""A"": ""B- major"", ""B"": ""G major"", ""C"": ""B-"", ""D"": ""E minor"", ""E"": ""none of the other options is correct""}"	"[""(A) B- major"", ""(B) G major"", ""(C) B-"", ""(D) E minor"", ""(E) none of the other options is correct""]"	(D) E minor	D
a5ff1d96-d000-5a63-a2e2-7b53bd960b28	9	perception	harmony	relative	harmony-relative	harmonic-recognition		tonality recognition	What is the {function} harmony of the primary key of this piece?	"[""function""]"	get_harmonic_tonality			"{""function"": ""relative minor/major""}"	What is the relative minor/major harmony of the primary key of this piece?	Anonymous_AusMeinesHerzensGrunde	chorale-bricks	Anonymous_AusMeinesHerzensGrunde	data/chorale-bricks/Anonymous_AusMeinesHerzensGrunde	E minor	"[""B-"", ""B- major"", ""D"", ""G major""]"	"[""G major"", ""B-"", ""B- major"", ""D""]"	visual	visual.short.png	data/chorale-bricks/Anonymous_AusMeinesHerzensGrunde/visual.short.png	none of the other options is correct	"[""none of the other options is correct"", ""G major"", ""B-"", ""B- major"", ""D""]"	0.2	1	"[""A"", ""B"", ""C"", ""D"", ""E""]"	"{""A"": ""none of the other options is correct"", ""B"": ""B-"", ""C"": ""D"", ""D"": ""B- major"", ""E"": ""G major""}"	"[""(A) none of the other options is correct"", ""(B) B-"", ""(C) D"", ""(D) B- major"", ""(E) G major""]"	(A) none of the other options is correct	A
1fc102d2-8388-5d9c-8703-5e731dd9c176	9	perception	harmony	relative	harmony-relative	harmonic-recognition		tonality recognition	What is the {function} harmony of the primary key of this piece?	"[""function""]"	get_harmonic_tonality			"{""function"": ""relative minor/major""}"	What is the relative minor/major harmony of the primary key of this piece?	Bach_IchStehAnDeinerKrippe	chorale-bricks	Bach_IchStehAnDeinerKrippe	data/chorale-bricks/Bach_IchStehAnDeinerKrippe	D major	"[""B minor"", ""F major"", ""F#"", ""G#""]"	"[""G#"", ""F#"", ""F major"", ""B minor""]"	audio	audio.mastermix.wav	data/chorale-bricks/Bach_IchStehAnDeinerKrippe/audio.mastermix.wav	D major	"[""D major"", ""none of the other options is correct"", ""G#"", ""F#"", ""F major""]"	0.2	0	"[""A"", ""B"", ""C"", ""D"", ""E""]"	"{""A"": ""D major"", ""B"": ""G#"", ""C"": ""none of the other options is correct"", ""D"": ""F major"", ""E"": ""F#""}"	"[""(A) D major"", ""(B) G#"", ""(C) none of the other options is correct"", ""(D) F major"", ""(E) F#""]"	(A) D major	A
2ee738c8-8e3c-5abd-a35b-51fcc76d0995	9	perception	harmony	relative	harmony-relative	harmonic-recognition		tonality recognition	What is the {function} harmony of the primary key of this piece?	"[""function""]"	get_harmonic_tonality			"{""function"": ""relative minor/major""}"	What is the relative minor/major harmony of the primary key of this piece?	Bach_IchStehAnDeinerKrippe	chorale-bricks	Bach_IchStehAnDeinerKrippe	data/chorale-bricks/Bach_IchStehAnDeinerKrippe	D major	"[""B minor"", ""F major"", ""F#"", ""G#""]"	"[""G#"", ""F#"", ""F major"", ""B minor""]"	symbolic	symbolic.abc.txt	data/chorale-bricks/Bach_IchStehAnDeinerKrippe/symbolic.abc.txt	none of the other options is correct	"[""none of the other options is correct"", ""G#"", ""F#"", ""F major"", ""B minor""]"	0.2	1	"[""A"", ""B"", ""C"", ""D"", ""E""]"	"{""A"": ""G#"", ""B"": ""none of the other options is correct"", ""C"": ""B minor"", ""D"": ""F major"", ""E"": ""F#""}"	"[""(A) G#"", ""(B) none of the other options is correct"", ""(C) B minor"", ""(D) F major"", ""(E) F#""]"	(B) none of the other options is correct	B
98624e99-0428-53b6-819b-0fd69dcd7fbe	9	perception	harmony	relative	harmony-relative	harmonic-recognition		tonality recognition	What is the {function} harmony of the primary key of this piece?	"[""function""]"	get_harmonic_tonality			"{""function"": ""relative minor/major""}"	What is the relative minor/major harmony of the primary key of this piece?	Bach_IchStehAnDeinerKrippe	chorale-bricks	Bach_IchStehAnDeinerKrippe	data/chorale-bricks/Bach_IchStehAnDeinerKrippe	D major	"[""B minor"", ""F major"", ""F#"", ""G#""]"	"[""G#"", ""F#"", ""F major"", ""B minor""]"	visual	visual.short.png	data/chorale-bricks/Bach_IchStehAnDeinerKrippe/visual.short.png	D major	"[""D major"", ""none of the other options is correct"", ""G#"", ""F#"", ""F major""]"	0.2	0	"[""A"", ""B"", ""C"", ""D"", ""E""]"	"{""A"": ""F#"", ""B"": ""G#"", ""C"": ""none of the other options is correct"", ""D"": ""F major"", ""E"": ""D major""}"	"[""(A) F#"", ""(B) G#"", ""(C) none of the other options is correct"", ""(D) F major"", ""(E) D major""]"	(E) D major	E
ee7fd43f-09d4-5af9-98f7-2a21f0707f70	9	perception	harmony	relative	harmony-relative	harmonic-recognition		tonality recognition	What is the {function} harmony of the primary key of this piece?	"[""function""]"	get_harmonic_tonality			"{""function"": ""tonic""}"	What is the tonic harmony of the primary key of this piece?	Telemann_DerLiebenSonneLichtUndPracht	chorale-bricks	Telemann_DerLiebenSonneLichtUndPracht	data/chorale-bricks/Telemann_DerLiebenSonneLichtUndPracht	G major	"[""A minor"", ""C major"", ""D"", ""E minor""]"	"[""D"", ""E minor"", ""C major"", ""A minor""]"	audio	audio.mastermix.wav	data/chorale-bricks/Telemann_DerLiebenSonneLichtUndPracht/audio.mastermix.wav	G major	"[""G major"", ""none of the other options is correct"", ""D"", ""E minor"", ""C major""]"	0.2	0	"[""A"", ""B"", ""C"", ""D"", ""E""]"	"{""A"": ""D"", ""B"": ""C major"", ""C"": ""none of the other options is correct"", ""D"": ""G major"", ""E"": ""E minor""}"	"[""(A) D"", ""(B) C major"", ""(C) none of the other options is correct"", ""(D) G major"", ""(E) E minor""]"	(D) G major	D
d5886b6d-425d-5af5-9aca-2dfd527ff8b7	9	perception	harmony	relative	harmony-relative	harmonic-recognition		tonality recognition	What is the {function} harmony of the primary key of this piece?	"[""function""]"	get_harmonic_tonality			"{""function"": ""tonic""}"	What is the tonic harmony of the primary key of this piece?	Telemann_DerLiebenSonneLichtUndPracht	chorale-bricks	Telemann_DerLiebenSonneLichtUndPracht	data/chorale-bricks/Telemann_DerLiebenSonneLichtUndPracht	G major	"[""A minor"", ""C major"", ""D"", ""E minor""]"	"[""D"", ""E minor"", ""C major"", ""A minor""]"	symbolic	symbolic.abc.txt	data/chorale-bricks/Telemann_DerLiebenSonneLichtUndPracht/symbolic.abc.txt	G major	"[""G major"", ""none of the other options is correct"", ""D"", ""E minor"", ""C major""]"	0.2	0	"[""A"", ""B"", ""C"", ""D"", ""E""]"	"{""A"": ""E minor"", ""B"": ""G major"", ""C"": ""C major"", ""D"": ""D"", ""E"": ""none of the other options is correct""}"	"[""(A) E minor"", ""(B) G major"", ""(C) C major"", ""(D) D"", ""(E) none of the other options is correct""]"	(B) G major	B
764b2359-b9b2-5f23-b919-28acfb25e896	9	perception	harmony	relative	harmony-relative	harmonic-recognition		tonality recognition	What is the {function} harmony of the primary key of this piece?	"[""function""]"	get_harmonic_tonality			"{""function"": ""tonic""}"	What is the tonic harmony of the primary key of this piece?	Telemann_DerLiebenSonneLichtUndPracht	chorale-bricks	Telemann_DerLiebenSonneLichtUndPracht	data/chorale-bricks/Telemann_DerLiebenSonneLichtUndPracht	G major	"[""A minor"", ""C major"", ""D"", ""E minor""]"	"[""D"", ""E minor"", ""C major"", ""A minor""]"	visual	visual.short.png	data/chorale-bricks/Telemann_DerLiebenSonneLichtUndPracht/visual.short.png	G major	"[""G major"", ""none of the other options is correct"", ""D"", ""E minor"", ""C major""]"	0.2	0	"[""A"", ""B"", ""C"", ""D"", ""E""]"	"{""A"": ""D"", ""B"": ""none of the other options is correct"", ""C"": ""E minor"", ""D"": ""C major"", ""E"": ""G major""}"	"[""(A) D"", ""(B) none of the other options is correct"", ""(C) E minor"", ""(D) C major"", ""(E) G major""]"	(E) G major	E
73ce129c-b61e-536b-953c-5afa5bc4be18	9	perception	harmony	relative	harmony-relative	harmonic-recognition		tonality recognition	What is the {function} harmony of the primary key of this piece?	"[""function""]"	get_harmonic_tonality			"{""function"": ""relative minor/major""}"	What is the relative minor/major harmony of the primary key of this piece?	Crueger_AufAufMeinHerzMitFreuden	chorale-bricks	Crueger_AufAufMeinHerzMitFreuden	data/chorale-bricks/Crueger_AufAufMeinHerzMitFreuden	A minor	"[""C major"", ""C minor"", ""E- minor"", ""G""]"	"[""E- minor"", ""G"", ""C minor"", ""C major""]"	audio	audio.mastermix.wav	data/chorale-bricks/Crueger_AufAufMeinHerzMitFreuden/audio.mastermix.wav	A minor	"[""A minor"", ""none of the other options is correct"", ""E- minor"", ""G"", ""C minor""]"	0.2	0	"[""A"", ""B"", ""C"", ""D"", ""E""]"	"{""A"": ""E- minor"", ""B"": ""G"", ""C"": ""A minor"", ""D"": ""none of the other options is correct"", ""E"": ""C minor""}"	"[""(A) E- minor"", ""(B) G"", ""(C) A minor"", ""(D) none of the other options is correct"", ""(E) C minor""]"	(C) A minor	C
14a4de3f-42cb-5dff-ab7c-d9baa0f22e6d	9	perception	harmony	relative	harmony-relative	harmonic-recognition		tonality recognition	What is the {function} harmony of the primary key of this piece?	"[""function""]"	get_harmonic_tonality			"{""function"": ""relative minor/major""}"	What is the relative minor/major harmony of the primary key of this piece?	Crueger_AufAufMeinHerzMitFreuden	chorale-bricks	Crueger_AufAufMeinHerzMitFreuden	data/chorale-bricks/Crueger_AufAufMeinHerzMitFreuden	A minor	"[""C major"", ""C minor"", ""E- minor"", ""G""]"	"[""E- minor"", ""G"", ""C minor"", ""C major""]"	symbolic	symbolic.abc.txt	data/chorale-bricks/Crueger_AufAufMeinHerzMitFreuden/symbolic.abc.txt	A minor	"[""A minor"", ""none of the other options is correct"", ""E- minor"", ""G"", ""C minor""]"	0.2	0	"[""A"", ""B"", ""C"", ""D"", ""E""]"	"{""A"": ""A minor"", ""B"": ""E- minor"", ""C"": ""G"", ""D"": ""C minor"", ""E"": ""none of the other options is correct""}"	"[""(A) A minor"", ""(B) E- minor"", ""(C) G"", ""(D) C minor"", ""(E) none of the other options is correct""]"	(A) A minor	A
4a51e3fe-b4b2-540e-bac7-866eb77c4b04	9	perception	harmony	relative	harmony-relative	harmonic-recognition		tonality recognition	What is the {function} harmony of the primary key of this piece?	"[""function""]"	get_harmonic_tonality			"{""function"": ""relative minor/major""}"	What is the relative minor/major harmony of the primary key of this piece?	Crueger_AufAufMeinHerzMitFreuden	chorale-bricks	Crueger_AufAufMeinHerzMitFreuden	data/chorale-bricks/Crueger_AufAufMeinHerzMitFreuden	A minor	"[""C major"", ""C minor"", ""E- minor"", ""G""]"	"[""E- minor"", ""G"", ""C minor"", ""C major""]"	visual	visual.short.png	data/chorale-bricks/Crueger_AufAufMeinHerzMitFreuden/visual.short.png	A minor	"[""A minor"", ""none of the other options is correct"", ""E- minor"", ""G"", ""C minor""]"	0.2	0	"[""A"", ""B"", ""C"", ""D"", ""E""]"	"{""A"": ""C minor"", ""B"": ""E- minor"", ""C"": ""G"", ""D"": ""A minor"", ""E"": ""none of the other options is correct""}"	"[""(A) C minor"", ""(B) E- minor"", ""(C) G"", ""(D) A minor"", ""(E) none of the other options is correct""]"	(D) A minor	D
4e7e4a41-c72a-51c5-b335-a92ca3ad341a	9	perception	harmony	relative	harmony-relative	harmonic-recognition		tonality recognition	What is the {function} harmony of the primary key of this piece?	"[""function""]"	get_harmonic_tonality			"{""function"": ""relative minor/major""}"	What is the relative minor/major harmony of the primary key of this piece?	Gesius_DuFriedensfuerstHerrJesuChrist	chorale-bricks	Gesius_DuFriedensfuerstHerrJesuChrist	data/chorale-bricks/Gesius_DuFriedensfuerstHerrJesuChrist	D minor	"[""A"", ""B minor"", ""C"", ""F major""]"	"[""C"", ""A"", ""B minor"", ""F major""]"	audio	audio.mastermix.wav	data/chorale-bricks/Gesius_DuFriedensfuerstHerrJesuChrist/audio.mastermix.wav	none of the other options is correct	"[""none of the other options is correct"", ""C"", ""A"", ""B minor"", ""F major""]"	0.2	1	"[""A"", ""B"", ""C"", ""D"", ""E""]"	"{""A"": ""F major"", ""B"": ""A"", ""C"": ""none of the other options is correct"", ""D"": ""C"", ""E"": ""B minor""}"	"[""(A) F major"", ""(B) A"", ""(C) none of the other options is correct"", ""(D) C"", ""(E) B minor""]"	(C) none of the other options is correct	C
fa4991a1-2355-53e7-b917-20072ac1cd5b	9	perception	harmony	relative	harmony-relative	harmonic-recognition		tonality recognition	What is the {function} harmony of the primary key of this piece?	"[""function""]"	get_harmonic_tonality			"{""function"": ""relative minor/major""}"	What is the relative minor/major harmony of the primary key of this piece?	Gesius_DuFriedensfuerstHerrJesuChrist	chorale-bricks	Gesius_DuFriedensfuerstHerrJesuChrist	data/chorale-bricks/Gesius_DuFriedensfuerstHerrJesuChrist	D minor	"[""A"", ""B minor"", ""C"", ""F major""]"	"[""C"", ""A"", ""B minor"", ""F major""]"	symbolic	symbolic.abc.txt	data/chorale-bricks/Gesius_DuFriedensfuerstHerrJesuChrist/symbolic.abc.txt	D minor	"[""D minor"", ""none of the other options is correct"", ""C"", ""A"", ""B minor""]"	0.2	0	"[""A"", ""B"", ""C"", ""D"", ""E""]"	"{""A"": ""D minor"", ""B"": ""none of the other options is correct"", ""C"": ""B minor"", ""D"": ""C"", ""E"": ""A""}"	"[""(A) D minor"", ""(B) none of the other options is correct"", ""(C) B minor"", ""(D) C"", ""(E) A""]"	(A) D minor	A
5b1c0089-f84b-53db-bdb6-f2d6c2fdb53f	9	perception	harmony	relative	harmony-relative	harmonic-recognition		tonality recognition	What is the {function} harmony of the primary key of this piece?	"[""function""]"	get_harmonic_tonality			"{""function"": ""relative minor/major""}"	What is the relative minor/major harmony of the primary key of this piece?	Gesius_DuFriedensfuerstHerrJesuChrist	chorale-bricks	Gesius_DuFriedensfuerstHerrJesuChrist	data/chorale-bricks/Gesius_DuFriedensfuerstHerrJesuChrist	D minor	"[""A"", ""B minor"", ""C"", ""F major""]"	"[""C"", ""A"", ""B minor"", ""F major""]"	visual	visual.short.png	data/chorale-bricks/Gesius_DuFriedensfuerstHerrJesuChrist/visual.short.png	D minor	"[""D minor"", ""none of the other options is correct"", ""C"", ""A"", ""B minor""]"	0.2	0	"[""A"", ""B"", ""C"", ""D"", ""E""]"	"{""A"": ""A"", ""B"": ""C"", ""C"": ""B minor"", ""D"": ""D minor"", ""E"": ""none of the other options is correct""}"	"[""(A) A"", ""(B) C"", ""(C) B minor"", ""(D) D minor"", ""(E) none of the other options is correct""]"	(D) D minor	D
9b7e7b0e-d132-5181-91be-a63f98dd0742	9	perception	harmony	relative	harmony-relative	harmonic-recognition		tonality recognition	What is the {function} harmony of the primary key of this piece?	"[""function""]"	get_harmonic_tonality			"{""function"": ""tonic""}"	What is the tonic harmony of the primary key of this piece?	Anonymous_AusMeinesHerzensGrunde	chorale-bricks	Anonymous_AusMeinesHerzensGrunde	data/chorale-bricks/Anonymous_AusMeinesHerzensGrunde	G major	"[""B-"", ""D"", ""E minor"", ""G minor""]"	"[""E minor"", ""B-"", ""G minor"", ""D""]"	audio	audio.mastermix.wav	data/chorale-bricks/Anonymous_AusMeinesHerzensGrunde/audio.mastermix.wav	G major	"[""G major"", ""none of the other options is correct"", ""E minor"", ""B-"", ""G minor""]"	0.2	0	"[""A"", ""B"", ""C"", ""D"", ""E""]"	"{""A"": ""B-"", ""B"": ""G major"", ""C"": ""E minor"", ""D"": ""none of the other options is correct"", ""E"": ""G minor""}"	"[""(A) B-"", ""(B) G major"", ""(C) E minor"", ""(D) none of the other options is correct"", ""(E) G minor""]"	(B) G major	B
a46cdd98-ada2-588c-8b93-cabe744573da	9	perception	harmony	relative	harmony-relative	harmonic-recognition		tonality recognition	What is the {function} harmony of the primary key of this piece?	"[""function""]"	get_harmonic_tonality			"{""function"": ""tonic""}"	What is the tonic harmony of the primary key of this piece?	Anonymous_AusMeinesHerzensGrunde	chorale-bricks	Anonymous_AusMeinesHerzensGrunde	data/chorale-bricks/Anonymous_AusMeinesHerzensGrunde	G major	"[""B-"", ""D"", ""E minor"", ""G minor""]"	"[""E minor"", ""B-"", ""G minor"", ""D""]"	symbolic	symbolic.abc.txt	data/chorale-bricks/Anonymous_AusMeinesHerzensGrunde/symbolic.abc.txt	none of the other options is correct	"[""none of the other options is correct"", ""E minor"", ""B-"", ""G minor"", ""D""]"	0.2	1	"[""A"", ""B"", ""C"", ""D"", ""E""]"	"{""A"": ""B-"", ""B"": ""none of the other options is correct"", ""C"": ""D"", ""D"": ""G minor"", ""E"": ""E minor""}"	"[""(A) B-"", ""(B) none of the other options is correct"", ""(C) D"", ""(D) G minor"", ""(E) E minor""]"	(B) none of the other options is correct	B
5ca36b06-658c-53df-a66e-0812467ea752	9	perception	harmony	relative	harmony-relative	harmonic-recognition		tonality recognition	What is the {function} harmony of the primary key of this piece?	"[""function""]"	get_harmonic_tonality			"{""function"": ""tonic""}"	What is the tonic harmony of the primary key of this piece?	Anonymous_AusMeinesHerzensGrunde	chorale-bricks	Anonymous_AusMeinesHerzensGrunde	data/chorale-bricks/Anonymous_AusMeinesHerzensGrunde	G major	"[""B-"", ""D"", ""E minor"", ""G minor""]"	"[""E minor"", ""B-"", ""G minor"", ""D""]"	visual	visual.short.png	data/chorale-bricks/Anonymous_AusMeinesHerzensGrunde/visual.short.png	none of the other options is correct	"[""none of the other options is correct"", ""E minor"", ""B-"", ""G minor"", ""D""]"	0.2	1	"[""A"", ""B"", ""C"", ""D"", ""E""]"	"{""A"": ""B-"", ""B"": ""G minor"", ""C"": ""E minor"", ""D"": ""D"", ""E"": ""none of the other options is correct""}"	"[""(A) B-"", ""(B) G minor"", ""(C) E minor"", ""(D) D"", ""(E) none of the other options is correct""]"	(E) none of the other options is correct	E
e68f9858-0bf2-53c8-9379-e505878afc83	10	perception	harmony	absolute	harmony-absolute	harmonic-recognition		chord recognition	What is the chord at the {target_index} position considering all the voices?	"[""target_index""]"	get_harmonic_chord			"{""target_index"": ""12th""}"	What is the chord at the 12th position considering all the voices?	Crueger_AufAufMeinHerzMitFreuden	chorale-bricks	Crueger_AufAufMeinHerzMitFreuden	data/chorale-bricks/Crueger_AufAufMeinHerzMitFreuden	minor triad	"[""Major Third"", ""Minor Third"", ""diminished triad"", ""incomplete minor-seventh chord"", ""major triad"", ""major-second minor tetrachord"", ""perfect-fourth major tetrachord"", ""quartal trichord""]"	"[""major-second minor tetrachord"", ""major triad"", ""quartal trichord"", ""Major Third"", ""Minor Third"", ""perfect-fourth major tetrachord"", ""diminished triad"", ""incomplete minor-seventh chord""]"	audio	audio.mastermix.wav	data/chorale-bricks/Crueger_AufAufMeinHerzMitFreuden/audio.mastermix.wav	none of the other options is correct	"[""none of the other options is correct"", ""major-second minor tetrachord"", ""major triad"", ""quartal trichord"", ""Major Third""]"	0.2	1	"[""A"", ""B"", ""C"", ""D"", ""E""]"	"{""A"": ""quartal trichord"", ""B"": ""major-second minor tetrachord"", ""C"": ""Major Third"", ""D"": ""major triad"", ""E"": ""none of the other options is correct""}"	"[""(A) quartal trichord"", ""(B) major-second minor tetrachord"", ""(C) Major Third"", ""(D) major triad"", ""(E) none of the other options is correct""]"	(E) none of the other options is correct	E
7723ce6d-8077-5d80-8cdb-21bf07846cb7	10	perception	harmony	absolute	harmony-absolute	harmonic-recognition		chord recognition	What is the chord at the {target_index} position considering all the voices?	"[""target_index""]"	get_harmonic_chord			"{""target_index"": ""12th""}"	What is the chord at the 12th position considering all the voices?	Crueger_AufAufMeinHerzMitFreuden	chorale-bricks	Crueger_AufAufMeinHerzMitFreuden	data/chorale-bricks/Crueger_AufAufMeinHerzMitFreuden	minor triad	"[""Major Third"", ""Minor Third"", ""diminished triad"", ""incomplete minor-seventh chord"", ""major triad"", ""major-second minor tetrachord"", ""perfect-fourth major tetrachord"", ""quartal trichord""]"	"[""major-second minor tetrachord"", ""major triad"", ""quartal trichord"", ""Major Third"", ""Minor Third"", ""perfect-fourth major tetrachord"", ""diminished triad"", ""incomplete minor-seventh chord""]"	symbolic	symbolic.abc.txt	data/chorale-bricks/Crueger_AufAufMeinHerzMitFreuden/symbolic.abc.txt	none of the other options is correct	"[""none of the other options is correct"", ""major-second minor tetrachord"", ""major triad"", ""quartal trichord"", ""Major Third""]"	0.2	1	"[""A"", ""B"", ""C"", ""D"", ""E""]"	"{""A"": ""major-second minor tetrachord"", ""B"": ""none of the other options is correct"", ""C"": ""quartal trichord"", ""D"": ""Major Third"", ""E"": ""major triad""}"	"[""(A) major-second minor tetrachord"", ""(B) none of the other options is correct"", ""(C) quartal trichord"", ""(D) Major Third"", ""(E) major triad""]"	(B) none of the other options is correct	B
65156575-3b37-5f3f-a57e-bd6fd29d12fd	10	perception	harmony	absolute	harmony-absolute	harmonic-recognition		chord recognition	What is the chord at the {target_index} position considering all the voices?	"[""target_index""]"	get_harmonic_chord			"{""target_index"": ""12th""}"	What is the chord at the 12th position considering all the voices?	Crueger_AufAufMeinHerzMitFreuden	chorale-bricks	Crueger_AufAufMeinHerzMitFreuden	data/chorale-bricks/Crueger_AufAufMeinHerzMitFreuden	minor triad	"[""Major Third"", ""Minor Third"", ""diminished triad"", ""incomplete minor-seventh chord"", ""major triad"", ""major-second minor tetrachord"", ""perfect-fourth major tetrachord"", ""quartal trichord""]"	"[""major-second minor tetrachord"", ""major triad"", ""quartal trichord"", ""Major Third"", ""Minor Third"", ""perfect-fourth major tetrachord"", ""diminished triad"", ""incomplete minor-seventh chord""]"	visual	visual.short.png	data/chorale-bricks/Crueger_AufAufMeinHerzMitFreuden/visual.short.png	minor triad	"[""minor triad"", ""none of the other options is correct"", ""major-second minor tetrachord"", ""major triad"", ""quartal trichord""]"	0.2	0	"[""A"", ""B"", ""C"", ""D"", ""E""]"	"{""A"": ""none of the other options is correct"", ""B"": ""major-second minor tetrachord"", ""C"": ""minor triad"", ""D"": ""quartal trichord"", ""E"": ""major triad""}"	"[""(A) none of the other options is correct"", ""(B) major-second minor tetrachord"", ""(C) minor triad"", ""(D) quartal trichord"", ""(E) major triad""]"	(C) minor triad	C
20c213ff-8b6b-52ba-a14f-91b92ebf458a	10	perception	harmony	absolute	harmony-absolute	harmonic-recognition		chord recognition	What is the chord at the {target_index} position considering all the voices?	"[""target_index""]"	get_harmonic_chord			"{""target_index"": ""13th""}"	What is the chord at the 13th position considering all the voices?	Anonymous_AusMeinesHerzensGrunde	chorale-bricks	Anonymous_AusMeinesHerzensGrunde	data/chorale-bricks/Anonymous_AusMeinesHerzensGrunde	quartal trichord	"[""Major Third"", ""diminished triad"", ""incomplete minor-seventh chord"", ""major triad"", ""major-second major tetrachord"", ""minor triad""]"	"[""major-second major tetrachord"", ""Major Third"", ""minor triad"", ""major triad"", ""incomplete minor-seventh chord"", ""diminished triad""]"	audio	audio.mastermix.wav	data/chorale-bricks/Anonymous_AusMeinesHerzensGrunde/audio.mastermix.wav	quartal trichord	"[""quartal trichord"", ""none of the other options is correct"", ""major-second major tetrachord"", ""Major Third"", ""minor triad""]"	0.2	0	"[""A"", ""B"", ""C"", ""D"", ""E""]"	"{""A"": ""Major Third"", ""B"": ""quartal trichord"", ""C"": ""minor triad"", ""D"": ""major-second major tetrachord"", ""E"": ""none of the other options is correct""}"	"[""(A) Major Third"", ""(B) quartal trichord"", ""(C) minor triad"", ""(D) major-second major tetrachord"", ""(E) none of the other options is correct""]"	(B) quartal trichord	B
8466d612-f732-5c5d-b7a9-20a45f78e45c	10	perception	harmony	absolute	harmony-absolute	harmonic-recognition		chord recognition	What is the chord at the {target_index} position considering all the voices?	"[""target_index""]"	get_harmonic_chord			"{""target_index"": ""13th""}"	What is the chord at the 13th position considering all the voices?	Anonymous_AusMeinesHerzensGrunde	chorale-bricks	Anonymous_AusMeinesHerzensGrunde	data/chorale-bricks/Anonymous_AusMeinesHerzensGrunde	quartal trichord	"[""Major Third"", ""diminished triad"", ""incomplete minor-seventh chord"", ""major triad"", ""major-second major tetrachord"", ""minor triad""]"	"[""major-second major tetrachord"", ""Major Third"", ""minor triad"", ""major triad"", ""incomplete minor-seventh chord"", ""diminished triad""]"	symbolic	symbolic.abc.txt	data/chorale-bricks/Anonymous_AusMeinesHerzensGrunde/symbolic.abc.txt	quartal trichord	"[""quartal trichord"", ""none of the other options is correct"", ""major-second major tetrachord"", ""Major Third"", ""minor triad""]"	0.2	0	"[""A"", ""B"", ""C"", ""D"", ""E""]"	"{""A"": ""quartal trichord"", ""B"": ""major-second major tetrachord"", ""C"": ""Major Third"", ""D"": ""minor triad"", ""E"": ""none of the other options is correct""}"	"[""(A) quartal trichord"", ""(B) major-second major tetrachord"", ""(C) Major Third"", ""(D) minor triad"", ""(E) none of the other options is correct""]"	(A) quartal trichord	A
30f758b5-0e61-5c0b-b315-62320e6c2174	10	perception	harmony	absolute	harmony-absolute	harmonic-recognition		chord recognition	What is the chord at the {target_index} position considering all the voices?	"[""target_index""]"	get_harmonic_chord			"{""target_index"": ""13th""}"	What is the chord at the 13th position considering all the voices?	Anonymous_AusMeinesHerzensGrunde	chorale-bricks	Anonymous_AusMeinesHerzensGrunde	data/chorale-bricks/Anonymous_AusMeinesHerzensGrunde	quartal trichord	"[""Major Third"", ""diminished triad"", ""incomplete minor-seventh chord"", ""major triad"", ""major-second major tetrachord"", ""minor triad""]"	"[""major-second major tetrachord"", ""Major Third"", ""minor triad"", ""major triad"", ""incomplete minor-seventh chord"", ""diminished triad""]"	visual	visual.short.png	data/chorale-bricks/Anonymous_AusMeinesHerzensGrunde/visual.short.png	quartal trichord	"[""quartal trichord"", ""none of the other options is correct"", ""major-second major tetrachord"", ""Major Third"", ""minor triad""]"	0.2	0	"[""A"", ""B"", ""C"", ""D"", ""E""]"	"{""A"": ""none of the other options is correct"", ""B"": ""Major Third"", ""C"": ""quartal trichord"", ""D"": ""minor triad"", ""E"": ""major-second major tetrachord""}"	"[""(A) none of the other options is correct"", ""(B) Major Third"", ""(C) quartal trichord"", ""(D) minor triad"", ""(E) major-second major tetrachord""]"	(C) quartal trichord	C
468bc083-ee07-5e34-bec1-c50794111515	10	perception	harmony	absolute	harmony-absolute	harmonic-recognition		chord recognition	What is the chord at the {target_index} position considering all the voices?	"[""target_index""]"	get_harmonic_chord			"{""target_index"": ""18th""}"	What is the chord at the 18th position considering all the voices?	Vulpius_ChristusDerIstMeinLeben	chorale-bricks	Vulpius_ChristusDerIstMeinLeben	data/chorale-bricks/Vulpius_ChristusDerIstMeinLeben	major triad	"[""Major Third"", ""diminished triad"", ""minor triad"", ""quartal trichord""]"	"[""Major Third"", ""minor triad"", ""quartal trichord"", ""diminished triad""]"	audio	audio.mastermix.wav	data/chorale-bricks/Vulpius_ChristusDerIstMeinLeben/audio.mastermix.wav	major triad	"[""major triad"", ""none of the other options is correct"", ""Major Third"", ""minor triad"", ""quartal trichord""]"	0.2	0	"[""A"", ""B"", ""C"", ""D"", ""E""]"	"{""A"": ""none of the other options is correct"", ""B"": ""major triad"", ""C"": ""quartal trichord"", ""D"": ""Major Third"", ""E"": ""minor triad""}"	"[""(A) none of the other options is correct"", ""(B) major triad"", ""(C) quartal trichord"", ""(D) Major Third"", ""(E) minor triad""]"	(B) major triad	B
1863c064-2de8-5d71-afa3-7bc5339f2dce	10	perception	harmony	absolute	harmony-absolute	harmonic-recognition		chord recognition	What is the chord at the {target_index} position considering all the voices?	"[""target_index""]"	get_harmonic_chord			"{""target_index"": ""18th""}"	What is the chord at the 18th position considering all the voices?	Vulpius_ChristusDerIstMeinLeben	chorale-bricks	Vulpius_ChristusDerIstMeinLeben	data/chorale-bricks/Vulpius_ChristusDerIstMeinLeben	major triad	"[""Major Third"", ""diminished triad"", ""minor triad"", ""quartal trichord""]"	"[""Major Third"", ""minor triad"", ""quartal trichord"", ""diminished triad""]"	symbolic	symbolic.abc.txt	data/chorale-bricks/Vulpius_ChristusDerIstMeinLeben/symbolic.abc.txt	major triad	"[""major triad"", ""none of the other options is correct"", ""Major Third"", ""minor triad"", ""quartal trichord""]"	0.2	0	"[""A"", ""B"", ""C"", ""D"", ""E""]"	"{""A"": ""quartal trichord"", ""B"": ""none of the other options is correct"", ""C"": ""Major Third"", ""D"": ""minor triad"", ""E"": ""major triad""}"	"[""(A) quartal trichord"", ""(B) none of the other options is correct"", ""(C) Major Third"", ""(D) minor triad"", ""(E) major triad""]"	(E) major triad	E
4577852b-1c11-5f76-b6b4-52fbf7a2b6ac	10	perception	harmony	absolute	harmony-absolute	harmonic-recognition		chord recognition	What is the chord at the {target_index} position considering all the voices?	"[""target_index""]"	get_harmonic_chord			"{""target_index"": ""18th""}"	What is the chord at the 18th position considering all the voices?	Vulpius_ChristusDerIstMeinLeben	chorale-bricks	Vulpius_ChristusDerIstMeinLeben	data/chorale-bricks/Vulpius_ChristusDerIstMeinLeben	major triad	"[""Major Third"", ""diminished triad"", ""minor triad"", ""quartal trichord""]"	"[""Major Third"", ""minor triad"", ""quartal trichord"", ""diminished triad""]"	visual	visual.short.png	data/chorale-bricks/Vulpius_ChristusDerIstMeinLeben/visual.short.png	major triad	"[""major triad"", ""none of the other options is correct"", ""Major Third"", ""minor triad"", ""quartal trichord""]"	0.2	0	"[""A"", ""B"", ""C"", ""D"", ""E""]"	"{""A"": ""major triad"", ""B"": ""minor triad"", ""C"": ""quartal trichord"", ""D"": ""Major Third"", ""E"": ""none of the other options is correct""}"	"[""(A) major triad"", ""(B) minor triad"", ""(C) quartal trichord"", ""(D) Major Third"", ""(E) none of the other options is correct""]"	(A) major triad	A
348664a0-9904-5c09-b422-d20affbd9c82	10	perception	harmony	absolute	harmony-absolute	harmonic-recognition		chord recognition	What is the chord at the {target_index} position considering all the voices?	"[""target_index""]"	get_harmonic_chord			"{""target_index"": ""45th""}"	What is the chord at the 45th position considering all the voices?	Jan_DuGrosserSchmerzensmann	chorale-bricks	Jan_DuGrosserSchmerzensmann	data/chorale-bricks/Jan_DuGrosserSchmerzensmann	major triad	"[""Minor Third"", ""diminished triad"", ""minor seventh chord"", ""minor triad"", ""quartal trichord""]"	"[""minor triad"", ""Minor Third"", ""diminished triad"", ""quartal trichord"", ""minor seventh chord""]"	audio	audio.mastermix.wav	data/chorale-bricks/Jan_DuGrosserSchmerzensmann/audio.mastermix.wav	major triad	"[""major triad"", ""none of the other options is correct"", ""minor triad"", ""Minor Third"", ""diminished triad""]"	0.2	0	"[""A"", ""B"", ""C"", ""D"", ""E""]"	"{""A"": ""diminished triad"", ""B"": ""minor triad"", ""C"": ""major triad"", ""D"": ""none of the other options is correct"", ""E"": ""Minor Third""}"	"[""(A) diminished triad"", ""(B) minor triad"", ""(C) major triad"", ""(D) none of the other options is correct"", ""(E) Minor Third""]"	(C) major triad	C
df0b0a2e-cfa6-52ac-9015-22d00ae7bdc7	10	perception	harmony	absolute	harmony-absolute	harmonic-recognition		chord recognition	What is the chord at the {target_index} position considering all the voices?	"[""target_index""]"	get_harmonic_chord			"{""target_index"": ""45th""}"	What is the chord at the 45th position considering all the voices?	Jan_DuGrosserSchmerzensmann	chorale-bricks	Jan_DuGrosserSchmerzensmann	data/chorale-bricks/Jan_DuGrosserSchmerzensmann	major triad	"[""Minor Third"", ""diminished triad"", ""minor seventh chord"", ""minor triad"", ""quartal trichord""]"	"[""minor triad"", ""Minor Third"", ""diminished triad"", ""quartal trichord"", ""minor seventh chord""]"	symbolic	symbolic.abc.txt	data/chorale-bricks/Jan_DuGrosserSchmerzensmann/symbolic.abc.txt	major triad	"[""major triad"", ""none of the other options is correct"", ""minor triad"", ""Minor Third"", ""diminished triad""]"	0.2	0	"[""A"", ""B"", ""C"", ""D"", ""E""]"	"{""A"": ""minor triad"", ""B"": ""major triad"", ""C"": ""diminished triad"", ""D"": ""Minor Third"", ""E"": ""none of the other options is correct""}"	"[""(A) minor triad"", ""(B) major triad"", ""(C) diminished triad"", ""(D) Minor Third"", ""(E) none of the other options is correct""]"	(B) major triad	B
bb42e389-9ce0-55b6-9214-68d6c0e5c0a0	10	perception	harmony	absolute	harmony-absolute	harmonic-recognition		chord recognition	What is the chord at the {target_index} position considering all the voices?	"[""target_index""]"	get_harmonic_chord			"{""target_index"": ""45th""}"	What is the chord at the 45th position considering all the voices?	Jan_DuGrosserSchmerzensmann	chorale-bricks	Jan_DuGrosserSchmerzensmann	data/chorale-bricks/Jan_DuGrosserSchmerzensmann	major triad	"[""Minor Third"", ""diminished triad"", ""minor seventh chord"", ""minor triad"", ""quartal trichord""]"	"[""minor triad"", ""Minor Third"", ""diminished triad"", ""quartal trichord"", ""minor seventh chord""]"	visual	visual.short.png	data/chorale-bricks/Jan_DuGrosserSchmerzensmann/visual.short.png	major triad	"[""major triad"", ""none of the other options is correct"", ""minor triad"", ""Minor Third"", ""diminished triad""]"	0.2	0	"[""A"", ""B"", ""C"", ""D"", ""E""]"	"{""A"": ""major triad"", ""B"": ""none of the other options is correct"", ""C"": ""diminished triad"", ""D"": ""Minor Third"", ""E"": ""minor triad""}"	"[""(A) major triad"", ""(B) none of the other options is correct"", ""(C) diminished triad"", ""(D) Minor Third"", ""(E) minor triad""]"	(A) major triad	A
6887dd7e-2989-5a11-98a3-67f08b8e6872	10	perception	harmony	absolute	harmony-absolute	harmonic-recognition		chord recognition	What is the chord at the {target_index} position considering all the voices?	"[""target_index""]"	get_harmonic_chord			"{""target_index"": ""31st""}"	What is the chord at the 31st position considering all the voices?	Bach_IchStehAnDeinerKrippe	chorale-bricks	Bach_IchStehAnDeinerKrippe	data/chorale-bricks/Bach_IchStehAnDeinerKrippe	quartal trichord	"[""Major Third"", ""diminished triad"", ""incomplete dominant-seventh chord"", ""major triad"", ""minor triad""]"	"[""major triad"", ""Major Third"", ""incomplete dominant-seventh chord"", ""diminished triad"", ""minor triad""]"	audio	audio.mastermix.wav	data/chorale-bricks/Bach_IchStehAnDeinerKrippe/audio.mastermix.wav	quartal trichord	"[""quartal trichord"", ""none of the other options is correct"", ""major triad"", ""Major Third"", ""incomplete dominant-seventh chord""]"	0.2	0	"[""A"", ""B"", ""C"", ""D"", ""E""]"	"{""A"": ""quartal trichord"", ""B"": ""major triad"", ""C"": ""none of the other options is correct"", ""D"": ""incomplete dominant-seventh chord"", ""E"": ""Major Third""}"	"[""(A) quartal trichord"", ""(B) major triad"", ""(C) none of the other options is correct"", ""(D) incomplete dominant-seventh chord"", ""(E) Major Third""]"	(A) quartal trichord	A
5c597738-0795-5582-9be7-4929dfcf8176	10	perception	harmony	absolute	harmony-absolute	harmonic-recognition		chord recognition	What is the chord at the {target_index} position considering all the voices?	"[""target_index""]"	get_harmonic_chord			"{""target_index"": ""31st""}"	What is the chord at the 31st position considering all the voices?	Bach_IchStehAnDeinerKrippe	chorale-bricks	Bach_IchStehAnDeinerKrippe	data/chorale-bricks/Bach_IchStehAnDeinerKrippe	quartal trichord	"[""Major Third"", ""diminished triad"", ""incomplete dominant-seventh chord"", ""major triad"", ""minor triad""]"	"[""major triad"", ""Major Third"", ""incomplete dominant-seventh chord"", ""diminished triad"", ""minor triad""]"	symbolic	symbolic.abc.txt	data/chorale-bricks/Bach_IchStehAnDeinerKrippe/symbolic.abc.txt	quartal trichord	"[""quartal trichord"", ""none of the other options is correct"", ""major triad"", ""Major Third"", ""incomplete dominant-seventh chord""]"	0.2	0	"[""A"", ""B"", ""C"", ""D"", ""E""]"	"{""A"": ""quartal trichord"", ""B"": ""none of the other options is correct"", ""C"": ""Major Third"", ""D"": ""major triad"", ""E"": ""incomplete dominant-seventh chord""}"	"[""(A) quartal trichord"", ""(B) none of the other options is correct"", ""(C) Major Third"", ""(D) major triad"", ""(E) incomplete dominant-seventh chord""]"	(A) quartal trichord	A
353b482c-d198-58b6-a7c0-8008b77a1187	10	perception	harmony	absolute	harmony-absolute	harmonic-recognition		chord recognition	What is the chord at the {target_index} position considering all the voices?	"[""target_index""]"	get_harmonic_chord			"{""target_index"": ""31st""}"	What is the chord at the 31st position considering all the voices?	Bach_IchStehAnDeinerKrippe	chorale-bricks	Bach_IchStehAnDeinerKrippe	data/chorale-bricks/Bach_IchStehAnDeinerKrippe	quartal trichord	"[""Major Third"", ""diminished triad"", ""incomplete dominant-seventh chord"", ""major triad"", ""minor triad""]"	"[""major triad"", ""Major Third"", ""incomplete dominant-seventh chord"", ""diminished triad"", ""minor triad""]"	visual	visual.short.png	data/chorale-bricks/Bach_IchStehAnDeinerKrippe/visual.short.png	quartal trichord	"[""quartal trichord"", ""none of the other options is correct"", ""major triad"", ""Major Third"", ""incomplete dominant-seventh chord""]"	0.2	0	"[""A"", ""B"", ""C"", ""D"", ""E""]"	"{""A"": ""quartal trichord"", ""B"": ""none of the other options is correct"", ""C"": ""incomplete dominant-seventh chord"", ""D"": ""Major Third"", ""E"": ""major triad""}"	"[""(A) quartal trichord"", ""(B) none of the other options is correct"", ""(C) incomplete dominant-seventh chord"", ""(D) Major Third"", ""(E) major triad""]"	(A) quartal trichord	A
da1ae09c-d25d-5415-8d23-6a7e78cbd6af	10	perception	harmony	absolute	harmony-absolute	harmonic-recognition		chord recognition	What is the chord at the {target_index} position considering all the voices?	"[""target_index""]"	get_harmonic_chord			"{""target_index"": ""5th""}"	What is the chord at the 5th position considering all the voices?	Vulpius_DieHelleSonnLeuchtJetztHerfuer	chorale-bricks	Vulpius_DieHelleSonnLeuchtJetztHerfuer	data/chorale-bricks/Vulpius_DieHelleSonnLeuchtJetztHerfuer	major triad	"[""Major Third"", ""Perfect Fifth"", ""minor triad"", ""perfect fourth tetramirror""]"	"[""Major Third"", ""Perfect Fifth"", ""minor triad"", ""perfect fourth tetramirror""]"	audio	audio.mastermix.wav	data/chorale-bricks/Vulpius_DieHelleSonnLeuchtJetztHerfuer/audio.mastermix.wav	none of the other options is correct	"[""none of the other options is correct"", ""Major Third"", ""Perfect Fifth"", ""minor triad"", ""perfect fourth tetramirror""]"	0.2	1	"[""A"", ""B"", ""C"", ""D"", ""E""]"	"{""A"": ""Major Third"", ""B"": ""none of the other options is correct"", ""C"": ""minor triad"", ""D"": ""perfect fourth tetramirror"", ""E"": ""Perfect Fifth""}"	"[""(A) Major Third"", ""(B) none of the other options is correct"", ""(C) minor triad"", ""(D) perfect fourth tetramirror"", ""(E) Perfect Fifth""]"	(B) none of the other options is correct	B
183352fb-2593-55e7-a537-2afa18993adc	10	perception	harmony	absolute	harmony-absolute	harmonic-recognition		chord recognition	What is the chord at the {target_index} position considering all the voices?	"[""target_index""]"	get_harmonic_chord			"{""target_index"": ""5th""}"	What is the chord at the 5th position considering all the voices?	Vulpius_DieHelleSonnLeuchtJetztHerfuer	chorale-bricks	Vulpius_DieHelleSonnLeuchtJetztHerfuer	data/chorale-bricks/Vulpius_DieHelleSonnLeuchtJetztHerfuer	major triad	"[""Major Third"", ""Perfect Fifth"", ""minor triad"", ""perfect fourth tetramirror""]"	"[""Major Third"", ""Perfect Fifth"", ""minor triad"", ""perfect fourth tetramirror""]"	symbolic	symbolic.abc.txt	data/chorale-bricks/Vulpius_DieHelleSonnLeuchtJetztHerfuer/symbolic.abc.txt	none of the other options is correct	"[""none of the other options is correct"", ""Major Third"", ""Perfect Fifth"", ""minor triad"", ""perfect fourth tetramirror""]"	0.2	1	"[""A"", ""B"", ""C"", ""D"", ""E""]"	"{""A"": ""none of the other options is correct"", ""B"": ""minor triad"", ""C"": ""Major Third"", ""D"": ""Perfect Fifth"", ""E"": ""perfect fourth tetramirror""}"	"[""(A) none of the other options is correct"", ""(B) minor triad"", ""(C) Major Third"", ""(D) Perfect Fifth"", ""(E) perfect fourth tetramirror""]"	(A) none of the other options is correct	A
190c1690-4e82-5282-b837-0f96077fa89f	10	perception	harmony	absolute	harmony-absolute	harmonic-recognition		chord recognition	What is the chord at the {target_index} position considering all the voices?	"[""target_index""]"	get_harmonic_chord			"{""target_index"": ""5th""}"	What is the chord at the 5th position considering all the voices?	Vulpius_DieHelleSonnLeuchtJetztHerfuer	chorale-bricks	Vulpius_DieHelleSonnLeuchtJetztHerfuer	data/chorale-bricks/Vulpius_DieHelleSonnLeuchtJetztHerfuer	major triad	"[""Major Third"", ""Perfect Fifth"", ""minor triad"", ""perfect fourth tetramirror""]"	"[""Major Third"", ""Perfect Fifth"", ""minor triad"", ""perfect fourth tetramirror""]"	visual	visual.short.png	data/chorale-bricks/Vulpius_DieHelleSonnLeuchtJetztHerfuer/visual.short.png	none of the other options is correct	"[""none of the other options is correct"", ""Major Third"", ""Perfect Fifth"", ""minor triad"", ""perfect fourth tetramirror""]"	0.2	1	"[""A"", ""B"", ""C"", ""D"", ""E""]"	"{""A"": ""minor triad"", ""B"": ""Perfect Fifth"", ""C"": ""perfect fourth tetramirror"", ""D"": ""none of the other options is correct"", ""E"": ""Major Third""}"	"[""(A) minor triad"", ""(B) Perfect Fifth"", ""(C) perfect fourth tetramirror"", ""(D) none of the other options is correct"", ""(E) Major Third""]"	(D) none of the other options is correct	D
a87a6691-6364-53fd-939d-50863b092442	10	perception	harmony	absolute	harmony-absolute	harmonic-recognition		chord recognition	What is the chord at the {target_index} position considering all the voices?	"[""target_index""]"	get_harmonic_chord			"{""target_index"": ""16th""}"	What is the chord at the 16th position considering all the voices?	Drese_JesuGehVoran	chorale-bricks	Drese_JesuGehVoran	data/chorale-bricks/Drese_JesuGehVoran	diminished triad	"[""Major Third"", ""major triad"", ""minor triad"", ""perfect-fourth major tetrachord"", ""quartal trichord""]"	"[""perfect-fourth major tetrachord"", ""Major Third"", ""major triad"", ""quartal trichord"", ""minor triad""]"	audio	audio.mastermix.wav	data/chorale-bricks/Drese_JesuGehVoran/audio.mastermix.wav	diminished triad	"[""diminished triad"", ""none of the other options is correct"", ""perfect-fourth major tetrachord"", ""Major Third"", ""major triad""]"	0.2	0	"[""A"", ""B"", ""C"", ""D"", ""E""]"	"{""A"": ""major triad"", ""B"": ""none of the other options is correct"", ""C"": ""Major Third"", ""D"": ""perfect-fourth major tetrachord"", ""E"": ""diminished triad""}"	"[""(A) major triad"", ""(B) none of the other options is correct"", ""(C) Major Third"", ""(D) perfect-fourth major tetrachord"", ""(E) diminished triad""]"	(E) diminished triad	E
75420857-f70e-555e-aa94-6ce6f5260a3f	10	perception	harmony	absolute	harmony-absolute	harmonic-recognition		chord recognition	What is the chord at the {target_index} position considering all the voices?	"[""target_index""]"	get_harmonic_chord			"{""target_index"": ""16th""}"	What is the chord at the 16th position considering all the voices?	Drese_JesuGehVoran	chorale-bricks	Drese_JesuGehVoran	data/chorale-bricks/Drese_JesuGehVoran	diminished triad	"[""Major Third"", ""major triad"", ""minor triad"", ""perfect-fourth major tetrachord"", ""quartal trichord""]"	"[""perfect-fourth major tetrachord"", ""Major Third"", ""major triad"", ""quartal trichord"", ""minor triad""]"	symbolic	symbolic.abc.txt	data/chorale-bricks/Drese_JesuGehVoran/symbolic.abc.txt	diminished triad	"[""diminished triad"", ""none of the other options is correct"", ""perfect-fourth major tetrachord"", ""Major Third"", ""major triad""]"	0.2	0	"[""A"", ""B"", ""C"", ""D"", ""E""]"	"{""A"": ""none of the other options is correct"", ""B"": ""perfect-fourth major tetrachord"", ""C"": ""Major Third"", ""D"": ""diminished triad"", ""E"": ""major triad""}"	"[""(A) none of the other options is correct"", ""(B) perfect-fourth major tetrachord"", ""(C) Major Third"", ""(D) diminished triad"", ""(E) major triad""]"	(D) diminished triad	D
d13e4a46-2cdb-5e86-b02b-571752ef8f74	10	perception	harmony	absolute	harmony-absolute	harmonic-recognition		chord recognition	What is the chord at the {target_index} position considering all the voices?	"[""target_index""]"	get_harmonic_chord			"{""target_index"": ""16th""}"	What is the chord at the 16th position considering all the voices?	Drese_JesuGehVoran	chorale-bricks	Drese_JesuGehVoran	data/chorale-bricks/Drese_JesuGehVoran	diminished triad	"[""Major Third"", ""major triad"", ""minor triad"", ""perfect-fourth major tetrachord"", ""quartal trichord""]"	"[""perfect-fourth major tetrachord"", ""Major Third"", ""major triad"", ""quartal trichord"", ""minor triad""]"	visual	visual.short.png	data/chorale-bricks/Drese_JesuGehVoran/visual.short.png	diminished triad	"[""diminished triad"", ""none of the other options is correct"", ""perfect-fourth major tetrachord"", ""Major Third"", ""major triad""]"	0.2	0	"[""A"", ""B"", ""C"", ""D"", ""E""]"	"{""A"": ""perfect-fourth major tetrachord"", ""B"": ""diminished triad"", ""C"": ""none of the other options is correct"", ""D"": ""major triad"", ""E"": ""Major Third""}"	"[""(A) perfect-fourth major tetrachord"", ""(B) diminished triad"", ""(C) none of the other options is correct"", ""(D) major triad"", ""(E) Major Third""]"	(B) diminished triad	B
1fbde18f-81d5-5786-ae66-064b7467a36c	10	perception	harmony	absolute	harmony-absolute	harmonic-recognition		chord recognition	What is the chord at the {target_index} position considering all the voices?	"[""target_index""]"	get_harmonic_chord			"{""target_index"": ""25th""}"	What is the chord at the 25th position considering all the voices?	Gesius_BefiehlDuDeineWege	chorale-bricks	Gesius_BefiehlDuDeineWege	data/chorale-bricks/Gesius_BefiehlDuDeineWege	minor triad	"[""Minor Third"", ""major triad"", ""major-second minor tetrachord"", ""quartal trichord""]"	"[""major triad"", ""major-second minor tetrachord"", ""quartal trichord"", ""Minor Third""]"	audio	audio.mastermix.wav	data/chorale-bricks/Gesius_BefiehlDuDeineWege/audio.mastermix.wav	minor triad	"[""minor triad"", ""none of the other options is correct"", ""major triad"", ""major-second minor tetrachord"", ""quartal trichord""]"	0.2	0	"[""A"", ""B"", ""C"", ""D"", ""E""]"	"{""A"": ""major triad"", ""B"": ""none of the other options is correct"", ""C"": ""major-second minor tetrachord"", ""D"": ""quartal trichord"", ""E"": ""minor triad""}"	"[""(A) major triad"", ""(B) none of the other options is correct"", ""(C) major-second minor tetrachord"", ""(D) quartal trichord"", ""(E) minor triad""]"	(E) minor triad	E
3103977d-c73f-5a32-bcb2-722c081f0d38	10	perception	harmony	absolute	harmony-absolute	harmonic-recognition		chord recognition	What is the chord at the {target_index} position considering all the voices?	"[""target_index""]"	get_harmonic_chord			"{""target_index"": ""25th""}"	What is the chord at the 25th position considering all the voices?	Gesius_BefiehlDuDeineWege	chorale-bricks	Gesius_BefiehlDuDeineWege	data/chorale-bricks/Gesius_BefiehlDuDeineWege	minor triad	"[""Minor Third"", ""major triad"", ""major-second minor tetrachord"", ""quartal trichord""]"	"[""major triad"", ""major-second minor tetrachord"", ""quartal trichord"", ""Minor Third""]"	symbolic	symbolic.abc.txt	data/chorale-bricks/Gesius_BefiehlDuDeineWege/symbolic.abc.txt	minor triad	"[""minor triad"", ""none of the other options is correct"", ""major triad"", ""major-second minor tetrachord"", ""quartal trichord""]"	0.2	0	"[""A"", ""B"", ""C"", ""D"", ""E""]"	"{""A"": ""major-second minor tetrachord"", ""B"": ""quartal trichord"", ""C"": ""major triad"", ""D"": ""none of the other options is correct"", ""E"": ""minor triad""}"	"[""(A) major-second minor tetrachord"", ""(B) quartal trichord"", ""(C) major triad"", ""(D) none of the other options is correct"", ""(E) minor triad""]"	(E) minor triad	E
7f339abb-a445-5d15-9766-4a6b6e0efd37	10	perception	harmony	absolute	harmony-absolute	harmonic-recognition		chord recognition	What is the chord at the {target_index} position considering all the voices?	"[""target_index""]"	get_harmonic_chord			"{""target_index"": ""25th""}"	What is the chord at the 25th position considering all the voices?	Gesius_BefiehlDuDeineWege	chorale-bricks	Gesius_BefiehlDuDeineWege	data/chorale-bricks/Gesius_BefiehlDuDeineWege	minor triad	"[""Minor Third"", ""major triad"", ""major-second minor tetrachord"", ""quartal trichord""]"	"[""major triad"", ""major-second minor tetrachord"", ""quartal trichord"", ""Minor Third""]"	visual	visual.short.png	data/chorale-bricks/Gesius_BefiehlDuDeineWege/visual.short.png	minor triad	"[""minor triad"", ""none of the other options is correct"", ""major triad"", ""major-second minor tetrachord"", ""quartal trichord""]"	0.2	0	"[""A"", ""B"", ""C"", ""D"", ""E""]"	"{""A"": ""major triad"", ""B"": ""major-second minor tetrachord"", ""C"": ""none of the other options is correct"", ""D"": ""minor triad"", ""E"": ""quartal trichord""}"	"[""(A) major triad"", ""(B) major-second minor tetrachord"", ""(C) none of the other options is correct"", ""(D) minor triad"", ""(E) quartal trichord""]"	(D) minor triad	D
a001aa75-b138-562a-ae6f-e6a8f18f46af	10	perception	harmony	absolute	harmony-absolute	harmonic-recognition		chord recognition	What is the chord at the {target_index} position considering all the voices?	"[""target_index""]"	get_harmonic_chord			"{""target_index"": ""7th""}"	What is the chord at the 7th position considering all the voices?	Drese_JesuGehVoran	chorale-bricks	Drese_JesuGehVoran	data/chorale-bricks/Drese_JesuGehVoran	major triad	"[""Major Third"", ""diminished triad"", ""minor triad"", ""perfect-fourth major tetrachord"", ""quartal trichord""]"	"[""perfect-fourth major tetrachord"", ""Major Third"", ""diminished triad"", ""minor triad"", ""quartal trichord""]"	audio	audio.mastermix.wav	data/chorale-bricks/Drese_JesuGehVoran/audio.mastermix.wav	major triad	"[""major triad"", ""none of the other options is correct"", ""perfect-fourth major tetrachord"", ""Major Third"", ""diminished triad""]"	0.2	0	"[""A"", ""B"", ""C"", ""D"", ""E""]"	"{""A"": ""Major Third"", ""B"": ""diminished triad"", ""C"": ""perfect-fourth major tetrachord"", ""D"": ""major triad"", ""E"": ""none of the other options is correct""}"	"[""(A) Major Third"", ""(B) diminished triad"", ""(C) perfect-fourth major tetrachord"", ""(D) major triad"", ""(E) none of the other options is correct""]"	(D) major triad	D
31ef9a53-85a3-5ffb-8fa2-23ffc9ea6fa2	10	perception	harmony	absolute	harmony-absolute	harmonic-recognition		chord recognition	What is the chord at the {target_index} position considering all the voices?	"[""target_index""]"	get_harmonic_chord			"{""target_index"": ""7th""}"	What is the chord at the 7th position considering all the voices?	Drese_JesuGehVoran	chorale-bricks	Drese_JesuGehVoran	data/chorale-bricks/Drese_JesuGehVoran	major triad	"[""Major Third"", ""diminished triad"", ""minor triad"", ""perfect-fourth major tetrachord"", ""quartal trichord""]"	"[""perfect-fourth major tetrachord"", ""Major Third"", ""diminished triad"", ""minor triad"", ""quartal trichord""]"	symbolic	symbolic.abc.txt	data/chorale-bricks/Drese_JesuGehVoran/symbolic.abc.txt	major triad	"[""major triad"", ""none of the other options is correct"", ""perfect-fourth major tetrachord"", ""Major Third"", ""diminished triad""]"	0.2	0	"[""A"", ""B"", ""C"", ""D"", ""E""]"	"{""A"": ""none of the other options is correct"", ""B"": ""major triad"", ""C"": ""perfect-fourth major tetrachord"", ""D"": ""diminished triad"", ""E"": ""Major Third""}"	"[""(A) none of the other options is correct"", ""(B) major triad"", ""(C) perfect-fourth major tetrachord"", ""(D) diminished triad"", ""(E) Major Third""]"	(B) major triad	B
f0f183ce-5076-56be-b75f-0de2bbfd2ceb	10	perception	harmony	absolute	harmony-absolute	harmonic-recognition		chord recognition	What is the chord at the {target_index} position considering all the voices?	"[""target_index""]"	get_harmonic_chord			"{""target_index"": ""7th""}"	What is the chord at the 7th position considering all the voices?	Drese_JesuGehVoran	chorale-bricks	Drese_JesuGehVoran	data/chorale-bricks/Drese_JesuGehVoran	major triad	"[""Major Third"", ""diminished triad"", ""minor triad"", ""perfect-fourth major tetrachord"", ""quartal trichord""]"	"[""perfect-fourth major tetrachord"", ""Major Third"", ""diminished triad"", ""minor triad"", ""quartal trichord""]"	visual	visual.short.png	data/chorale-bricks/Drese_JesuGehVoran/visual.short.png	major triad	"[""major triad"", ""none of the other options is correct"", ""perfect-fourth major tetrachord"", ""Major Third"", ""diminished triad""]"	0.2	0	"[""A"", ""B"", ""C"", ""D"", ""E""]"	"{""A"": ""perfect-fourth major tetrachord"", ""B"": ""none of the other options is correct"", ""C"": ""Major Third"", ""D"": ""diminished triad"", ""E"": ""major triad""}"	"[""(A) perfect-fourth major tetrachord"", ""(B) none of the other options is correct"", ""(C) Major Third"", ""(D) diminished triad"", ""(E) major triad""]"	(E) major triad	E
6d72f890-bebd-5de1-907c-30f1d68fee97	10	perception	harmony	absolute	harmony-absolute	harmonic-recognition		chord recognition	What is the chord at the {target_index} position considering all the voices?	"[""target_index""]"	get_harmonic_chord			"{""target_index"": ""5th""}"	What is the chord at the 5th position considering all the voices?	Anonymous_AusMeinesHerzensGrunde	chorale-bricks	Anonymous_AusMeinesHerzensGrunde	data/chorale-bricks/Anonymous_AusMeinesHerzensGrunde	quartal trichord	"[""Major Third"", ""diminished triad"", ""incomplete minor-seventh chord"", ""major triad"", ""major-second major tetrachord"", ""minor triad""]"	"[""diminished triad"", ""minor triad"", ""incomplete minor-seventh chord"", ""major-second major tetrachord"", ""Major Third"", ""major triad""]"	audio	audio.mastermix.wav	data/chorale-bricks/Anonymous_AusMeinesHerzensGrunde/audio.mastermix.wav	quartal trichord	"[""quartal trichord"", ""none of the other options is correct"", ""diminished triad"", ""minor triad"", ""incomplete minor-seventh chord""]"	0.2	0	"[""A"", ""B"", ""C"", ""D"", ""E""]"	"{""A"": ""minor triad"", ""B"": ""incomplete minor-seventh chord"", ""C"": ""none of the other options is correct"", ""D"": ""diminished triad"", ""E"": ""quartal trichord""}"	"[""(A) minor triad"", ""(B) incomplete minor-seventh chord"", ""(C) none of the other options is correct"", ""(D) diminished triad"", ""(E) quartal trichord""]"	(E) quartal trichord	E
758dac52-6803-5a4a-b8c7-f630950fbbde	10	perception	harmony	absolute	harmony-absolute	harmonic-recognition		chord recognition	What is the chord at the {target_index} position considering all the voices?	"[""target_index""]"	get_harmonic_chord			"{""target_index"": ""5th""}"	What is the chord at the 5th position considering all the voices?	Anonymous_AusMeinesHerzensGrunde	chorale-bricks	Anonymous_AusMeinesHerzensGrunde	data/chorale-bricks/Anonymous_AusMeinesHerzensGrunde	quartal trichord	"[""Major Third"", ""diminished triad"", ""incomplete minor-seventh chord"", ""major triad"", ""major-second major tetrachord"", ""minor triad""]"	"[""diminished triad"", ""minor triad"", ""incomplete minor-seventh chord"", ""major-second major tetrachord"", ""Major Third"", ""major triad""]"	symbolic	symbolic.abc.txt	data/chorale-bricks/Anonymous_AusMeinesHerzensGrunde/symbolic.abc.txt	quartal trichord	"[""quartal trichord"", ""none of the other options is correct"", ""diminished triad"", ""minor triad"", ""incomplete minor-seventh chord""]"	0.2	0	"[""A"", ""B"", ""C"", ""D"", ""E""]"	"{""A"": ""quartal trichord"", ""B"": ""diminished triad"", ""C"": ""incomplete minor-seventh chord"", ""D"": ""none of the other options is correct"", ""E"": ""minor triad""}"	"[""(A) quartal trichord"", ""(B) diminished triad"", ""(C) incomplete minor-seventh chord"", ""(D) none of the other options is correct"", ""(E) minor triad""]"	(A) quartal trichord	A
dfa427e6-6a26-568f-b7c8-099414084505	10	perception	harmony	absolute	harmony-absolute	harmonic-recognition		chord recognition	What is the chord at the {target_index} position considering all the voices?	"[""target_index""]"	get_harmonic_chord			"{""target_index"": ""5th""}"	What is the chord at the 5th position considering all the voices?	Anonymous_AusMeinesHerzensGrunde	chorale-bricks	Anonymous_AusMeinesHerzensGrunde	data/chorale-bricks/Anonymous_AusMeinesHerzensGrunde	quartal trichord	"[""Major Third"", ""diminished triad"", ""incomplete minor-seventh chord"", ""major triad"", ""major-second major tetrachord"", ""minor triad""]"	"[""diminished triad"", ""minor triad"", ""incomplete minor-seventh chord"", ""major-second major tetrachord"", ""Major Third"", ""major triad""]"	visual	visual.short.png	data/chorale-bricks/Anonymous_AusMeinesHerzensGrunde/visual.short.png	quartal trichord	"[""quartal trichord"", ""none of the other options is correct"", ""diminished triad"", ""minor triad"", ""incomplete minor-seventh chord""]"	0.2	0	"[""A"", ""B"", ""C"", ""D"", ""E""]"	"{""A"": ""quartal trichord"", ""B"": ""diminished triad"", ""C"": ""none of the other options is correct"", ""D"": ""incomplete minor-seventh chord"", ""E"": ""minor triad""}"	"[""(A) quartal trichord"", ""(B) diminished triad"", ""(C) none of the other options is correct"", ""(D) incomplete minor-seventh chord"", ""(E) minor triad""]"	(A) quartal trichord	A
8dd2e015-5d8c-5cfb-b460-887b0e5fab26	10	perception	harmony	absolute	harmony-absolute	harmonic-recognition		chord recognition	What is the chord at the {target_index} position considering all the voices?	"[""target_index""]"	get_harmonic_chord			"{""target_index"": ""16th""}"	What is the chord at the 16th position considering all the voices?	Gesius_BefiehlDuDeineWege	chorale-bricks	Gesius_BefiehlDuDeineWege	data/chorale-bricks/Gesius_BefiehlDuDeineWege	minor triad	"[""Minor Third"", ""major triad"", ""major-second minor tetrachord"", ""quartal trichord""]"	"[""major triad"", ""quartal trichord"", ""Minor Third"", ""major-second minor tetrachord""]"	audio	audio.mastermix.wav	data/chorale-bricks/Gesius_BefiehlDuDeineWege/audio.mastermix.wav	minor triad	"[""minor triad"", ""none of the other options is correct"", ""major triad"", ""quartal trichord"", ""Minor Third""]"	0.2	0	"[""A"", ""B"", ""C"", ""D"", ""E""]"	"{""A"": ""quartal trichord"", ""B"": ""Minor Third"", ""C"": ""major triad"", ""D"": ""none of the other options is correct"", ""E"": ""minor triad""}"	"[""(A) quartal trichord"", ""(B) Minor Third"", ""(C) major triad"", ""(D) none of the other options is correct"", ""(E) minor triad""]"	(E) minor triad	E
cefb466a-d2c4-54c1-aa61-87685b83d805	10	perception	harmony	absolute	harmony-absolute	harmonic-recognition		chord recognition	What is the chord at the {target_index} position considering all the voices?	"[""target_index""]"	get_harmonic_chord			"{""target_index"": ""16th""}"	What is the chord at the 16th position considering all the voices?	Gesius_BefiehlDuDeineWege	chorale-bricks	Gesius_BefiehlDuDeineWege	data/chorale-bricks/Gesius_BefiehlDuDeineWege	minor triad	"[""Minor Third"", ""major triad"", ""major-second minor tetrachord"", ""quartal trichord""]"	"[""major triad"", ""quartal trichord"", ""Minor Third"", ""major-second minor tetrachord""]"	symbolic	symbolic.abc.txt	data/chorale-bricks/Gesius_BefiehlDuDeineWege/symbolic.abc.txt	minor triad	"[""minor triad"", ""none of the other options is correct"", ""major triad"", ""quartal trichord"", ""Minor Third""]"	0.2	0	"[""A"", ""B"", ""C"", ""D"", ""E""]"	"{""A"": ""minor triad"", ""B"": ""Minor Third"", ""C"": ""major triad"", ""D"": ""none of the other options is correct"", ""E"": ""quartal trichord""}"	"[""(A) minor triad"", ""(B) Minor Third"", ""(C) major triad"", ""(D) none of the other options is correct"", ""(E) quartal trichord""]"	(A) minor triad	A
39677421-4185-5f4a-8cd1-147f36fd415e	10	perception	harmony	absolute	harmony-absolute	harmonic-recognition		chord recognition	What is the chord at the {target_index} position considering all the voices?	"[""target_index""]"	get_harmonic_chord			"{""target_index"": ""16th""}"	What is the chord at the 16th position considering all the voices?	Gesius_BefiehlDuDeineWege	chorale-bricks	Gesius_BefiehlDuDeineWege	data/chorale-bricks/Gesius_BefiehlDuDeineWege	minor triad	"[""Minor Third"", ""major triad"", ""major-second minor tetrachord"", ""quartal trichord""]"	"[""major triad"", ""quartal trichord"", ""Minor Third"", ""major-second minor tetrachord""]"	visual	visual.short.png	data/chorale-bricks/Gesius_BefiehlDuDeineWege/visual.short.png	none of the other options is correct	"[""none of the other options is correct"", ""major triad"", ""quartal trichord"", ""Minor Third"", ""major-second minor tetrachord""]"	0.2	1	"[""A"", ""B"", ""C"", ""D"", ""E""]"	"{""A"": ""Minor Third"", ""B"": ""none of the other options is correct"", ""C"": ""quartal trichord"", ""D"": ""major-second minor tetrachord"", ""E"": ""major triad""}"	"[""(A) Minor Third"", ""(B) none of the other options is correct"", ""(C) quartal trichord"", ""(D) major-second minor tetrachord"", ""(E) major triad""]"	(B) none of the other options is correct	B
02e724fe-e6b9-5f0f-8399-a0216695db16	10	perception	harmony	absolute	harmony-absolute	harmonic-recognition		chord recognition	What is the chord at the {target_index} position considering all the voices?	"[""target_index""]"	get_harmonic_chord			"{""target_index"": ""42nd""}"	What is the chord at the 42nd position considering all the voices?	Jan_DuGrosserSchmerzensmann	chorale-bricks	Jan_DuGrosserSchmerzensmann	data/chorale-bricks/Jan_DuGrosserSchmerzensmann	minor triad	"[""Minor Third"", ""diminished triad"", ""major triad"", ""minor seventh chord"", ""quartal trichord""]"	"[""major triad"", ""minor seventh chord"", ""quartal trichord"", ""Minor Third"", ""diminished triad""]"	audio	audio.mastermix.wav	data/chorale-bricks/Jan_DuGrosserSchmerzensmann/audio.mastermix.wav	minor triad	"[""minor triad"", ""none of the other options is correct"", ""major triad"", ""minor seventh chord"", ""quartal trichord""]"	0.2	0	"[""A"", ""B"", ""C"", ""D"", ""E""]"	"{""A"": ""minor seventh chord"", ""B"": ""minor triad"", ""C"": ""none of the other options is correct"", ""D"": ""major triad"", ""E"": ""quartal trichord""}"	"[""(A) minor seventh chord"", ""(B) minor triad"", ""(C) none of the other options is correct"", ""(D) major triad"", ""(E) quartal trichord""]"	(B) minor triad	B
eb4d04d6-baf4-5ca9-962d-9bdf17838c86	10	perception	harmony	absolute	harmony-absolute	harmonic-recognition		chord recognition	What is the chord at the {target_index} position considering all the voices?	"[""target_index""]"	get_harmonic_chord			"{""target_index"": ""42nd""}"	What is the chord at the 42nd position considering all the voices?	Jan_DuGrosserSchmerzensmann	chorale-bricks	Jan_DuGrosserSchmerzensmann	data/chorale-bricks/Jan_DuGrosserSchmerzensmann	minor triad	"[""Minor Third"", ""diminished triad"", ""major triad"", ""minor seventh chord"", ""quartal trichord""]"	"[""major triad"", ""minor seventh chord"", ""quartal trichord"", ""Minor Third"", ""diminished triad""]"	symbolic	symbolic.abc.txt	data/chorale-bricks/Jan_DuGrosserSchmerzensmann/symbolic.abc.txt	none of the other options is correct	"[""none of the other options is correct"", ""major triad"", ""minor seventh chord"", ""quartal trichord"", ""Minor Third""]"	0.2	1	"[""A"", ""B"", ""C"", ""D"", ""E""]"	"{""A"": ""minor seventh chord"", ""B"": ""Minor Third"", ""C"": ""quartal trichord"", ""D"": ""major triad"", ""E"": ""none of the other options is correct""}"	"[""(A) minor seventh chord"", ""(B) Minor Third"", ""(C) quartal trichord"", ""(D) major triad"", ""(E) none of the other options is correct""]"	(E) none of the other options is correct	E
5640fb8e-a33e-5839-a51b-5fc826317466	10	perception	harmony	absolute	harmony-absolute	harmonic-recognition		chord recognition	What is the chord at the {target_index} position considering all the voices?	"[""target_index""]"	get_harmonic_chord			"{""target_index"": ""42nd""}"	What is the chord at the 42nd position considering all the voices?	Jan_DuGrosserSchmerzensmann	chorale-bricks	Jan_DuGrosserSchmerzensmann	data/chorale-bricks/Jan_DuGrosserSchmerzensmann	minor triad	"[""Minor Third"", ""diminished triad"", ""major triad"", ""minor seventh chord"", ""quartal trichord""]"	"[""major triad"", ""minor seventh chord"", ""quartal trichord"", ""Minor Third"", ""diminished triad""]"	visual	visual.short.png	data/chorale-bricks/Jan_DuGrosserSchmerzensmann/visual.short.png	none of the other options is correct	"[""none of the other options is correct"", ""major triad"", ""minor seventh chord"", ""quartal trichord"", ""Minor Third""]"	0.2	1	"[""A"", ""B"", ""C"", ""D"", ""E""]"	"{""A"": ""Minor Third"", ""B"": ""none of the other options is correct"", ""C"": ""minor seventh chord"", ""D"": ""major triad"", ""E"": ""quartal trichord""}"	"[""(A) Minor Third"", ""(B) none of the other options is correct"", ""(C) minor seventh chord"", ""(D) major triad"", ""(E) quartal trichord""]"	(B) none of the other options is correct	B
a1e7282f-2601-50fe-99b4-6fba5c881690	10	perception	harmony	absolute	harmony-absolute	harmonic-recognition		chord recognition	What is the chord at the {target_index} position considering all the voices?	"[""target_index""]"	get_harmonic_chord			"{""target_index"": ""2nd""}"	What is the chord at the 2nd position considering all the voices?	Gesius_BefiehlDuDeineWege	chorale-bricks	Gesius_BefiehlDuDeineWege	data/chorale-bricks/Gesius_BefiehlDuDeineWege	minor triad	"[""Minor Third"", ""major triad"", ""major-second minor tetrachord"", ""quartal trichord""]"	"[""quartal trichord"", ""major triad"", ""Minor Third"", ""major-second minor tetrachord""]"	audio	audio.mastermix.wav	data/chorale-bricks/Gesius_BefiehlDuDeineWege/audio.mastermix.wav	minor triad	"[""minor triad"", ""none of the other options is correct"", ""quartal trichord"", ""major triad"", ""Minor Third""]"	0.2	0	"[""A"", ""B"", ""C"", ""D"", ""E""]"	"{""A"": ""Minor Third"", ""B"": ""major triad"", ""C"": ""minor triad"", ""D"": ""quartal trichord"", ""E"": ""none of the other options is correct""}"	"[""(A) Minor Third"", ""(B) major triad"", ""(C) minor triad"", ""(D) quartal trichord"", ""(E) none of the other options is correct""]"	(C) minor triad	C
b7250974-c4d2-5713-a6c7-bec67c01bf0a	10	perception	harmony	absolute	harmony-absolute	harmonic-recognition		chord recognition	What is the chord at the {target_index} position considering all the voices?	"[""target_index""]"	get_harmonic_chord			"{""target_index"": ""2nd""}"	What is the chord at the 2nd position considering all the voices?	Gesius_BefiehlDuDeineWege	chorale-bricks	Gesius_BefiehlDuDeineWege	data/chorale-bricks/Gesius_BefiehlDuDeineWege	minor triad	"[""Minor Third"", ""major triad"", ""major-second minor tetrachord"", ""quartal trichord""]"	"[""quartal trichord"", ""major triad"", ""Minor Third"", ""major-second minor tetrachord""]"	symbolic	symbolic.abc.txt	data/chorale-bricks/Gesius_BefiehlDuDeineWege/symbolic.abc.txt	minor triad	"[""minor triad"", ""none of the other options is correct"", ""quartal trichord"", ""major triad"", ""Minor Third""]"	0.2	0	"[""A"", ""B"", ""C"", ""D"", ""E""]"	"{""A"": ""quartal trichord"", ""B"": ""minor triad"", ""C"": ""Minor Third"", ""D"": ""major triad"", ""E"": ""none of the other options is correct""}"	"[""(A) quartal trichord"", ""(B) minor triad"", ""(C) Minor Third"", ""(D) major triad"", ""(E) none of the other options is correct""]"	(B) minor triad	B
c8aa7b36-9a1a-5160-9c7c-fcc9dd936f77	10	perception	harmony	absolute	harmony-absolute	harmonic-recognition		chord recognition	What is the chord at the {target_index} position considering all the voices?	"[""target_index""]"	get_harmonic_chord			"{""target_index"": ""2nd""}"	What is the chord at the 2nd position considering all the voices?	Gesius_BefiehlDuDeineWege	chorale-bricks	Gesius_BefiehlDuDeineWege	data/chorale-bricks/Gesius_BefiehlDuDeineWege	minor triad	"[""Minor Third"", ""major triad"", ""major-second minor tetrachord"", ""quartal trichord""]"	"[""quartal trichord"", ""major triad"", ""Minor Third"", ""major-second minor tetrachord""]"	visual	visual.short.png	data/chorale-bricks/Gesius_BefiehlDuDeineWege/visual.short.png	minor triad	"[""minor triad"", ""none of the other options is correct"", ""quartal trichord"", ""major triad"", ""Minor Third""]"	0.2	0	"[""A"", ""B"", ""C"", ""D"", ""E""]"	"{""A"": ""Minor Third"", ""B"": ""minor triad"", ""C"": ""quartal trichord"", ""D"": ""major triad"", ""E"": ""none of the other options is correct""}"	"[""(A) Minor Third"", ""(B) minor triad"", ""(C) quartal trichord"", ""(D) major triad"", ""(E) none of the other options is correct""]"	(B) minor triad	B
5feb27a8-3d97-554f-ab81-6e33659c419b	10	perception	harmony	absolute	harmony-absolute	harmonic-recognition		chord recognition	What is the chord at the {target_index} position considering all the voices?	"[""target_index""]"	get_harmonic_chord			"{""target_index"": ""32nd""}"	What is the chord at the 32nd position considering all the voices?	Anonymous_AusMeinesHerzensGrunde	chorale-bricks	Anonymous_AusMeinesHerzensGrunde	data/chorale-bricks/Anonymous_AusMeinesHerzensGrunde	Major Third	"[""diminished triad"", ""incomplete minor-seventh chord"", ""major triad"", ""major-second major tetrachord"", ""minor triad"", ""quartal trichord""]"	"[""incomplete minor-seventh chord"", ""diminished triad"", ""major triad"", ""minor triad"", ""major-second major tetrachord"", ""quartal trichord""]"	audio	audio.mastermix.wav	data/chorale-bricks/Anonymous_AusMeinesHerzensGrunde/audio.mastermix.wav	Major Third	"[""Major Third"", ""none of the other options is correct"", ""incomplete minor-seventh chord"", ""diminished triad"", ""major triad""]"	0.2	0	"[""A"", ""B"", ""C"", ""D"", ""E""]"	"{""A"": ""diminished triad"", ""B"": ""none of the other options is correct"", ""C"": ""major triad"", ""D"": ""Major Third"", ""E"": ""incomplete minor-seventh chord""}"	"[""(A) diminished triad"", ""(B) none of the other options is correct"", ""(C) major triad"", ""(D) Major Third"", ""(E) incomplete minor-seventh chord""]"	(D) Major Third	D
2bb3afc3-4ad1-54c8-965f-1efc2cc4ad2e	10	perception	harmony	absolute	harmony-absolute	harmonic-recognition		chord recognition	What is the chord at the {target_index} position considering all the voices?	"[""target_index""]"	get_harmonic_chord			"{""target_index"": ""32nd""}"	What is the chord at the 32nd position considering all the voices?	Anonymous_AusMeinesHerzensGrunde	chorale-bricks	Anonymous_AusMeinesHerzensGrunde	data/chorale-bricks/Anonymous_AusMeinesHerzensGrunde	Major Third	"[""diminished triad"", ""incomplete minor-seventh chord"", ""major triad"", ""major-second major tetrachord"", ""minor triad"", ""quartal trichord""]"	"[""incomplete minor-seventh chord"", ""diminished triad"", ""major triad"", ""minor triad"", ""major-second major tetrachord"", ""quartal trichord""]"	symbolic	symbolic.abc.txt	data/chorale-bricks/Anonymous_AusMeinesHerzensGrunde/symbolic.abc.txt	Major Third	"[""Major Third"", ""none of the other options is correct"", ""incomplete minor-seventh chord"", ""diminished triad"", ""major triad""]"	0.2	0	"[""A"", ""B"", ""C"", ""D"", ""E""]"	"{""A"": ""major triad"", ""B"": ""incomplete minor-seventh chord"", ""C"": ""none of the other options is correct"", ""D"": ""diminished triad"", ""E"": ""Major Third""}"	"[""(A) major triad"", ""(B) incomplete minor-seventh chord"", ""(C) none of the other options is correct"", ""(D) diminished triad"", ""(E) Major Third""]"	(E) Major Third	E
925e4a8c-3c57-5fde-8cb0-70cead305498	10	perception	harmony	absolute	harmony-absolute	harmonic-recognition		chord recognition	What is the chord at the {target_index} position considering all the voices?	"[""target_index""]"	get_harmonic_chord			"{""target_index"": ""32nd""}"	What is the chord at the 32nd position considering all the voices?	Anonymous_AusMeinesHerzensGrunde	chorale-bricks	Anonymous_AusMeinesHerzensGrunde	data/chorale-bricks/Anonymous_AusMeinesHerzensGrunde	Major Third	"[""diminished triad"", ""incomplete minor-seventh chord"", ""major triad"", ""major-second major tetrachord"", ""minor triad"", ""quartal trichord""]"	"[""incomplete minor-seventh chord"", ""diminished triad"", ""major triad"", ""minor triad"", ""major-second major tetrachord"", ""quartal trichord""]"	visual	visual.short.png	data/chorale-bricks/Anonymous_AusMeinesHerzensGrunde/visual.short.png	Major Third	"[""Major Third"", ""none of the other options is correct"", ""incomplete minor-seventh chord"", ""diminished triad"", ""major triad""]"	0.2	0	"[""A"", ""B"", ""C"", ""D"", ""E""]"	"{""A"": ""major triad"", ""B"": ""incomplete minor-seventh chord"", ""C"": ""none of the other options is correct"", ""D"": ""Major Third"", ""E"": ""diminished triad""}"	"[""(A) major triad"", ""(B) incomplete minor-seventh chord"", ""(C) none of the other options is correct"", ""(D) Major Third"", ""(E) diminished triad""]"	(D) Major Third	D
8fa00c78-15ab-5dd5-b272-b045eb68f506	10	perception	harmony	absolute	harmony-absolute	harmonic-recognition		chord recognition	What is the chord at the {target_index} position considering all the voices?	"[""target_index""]"	get_harmonic_chord			"{""target_index"": ""43rd""}"	What is the chord at the 43rd position considering all the voices?	Gesius_DuFriedensfuerstHerrJesuChrist	chorale-bricks	Gesius_DuFriedensfuerstHerrJesuChrist	data/chorale-bricks/Gesius_DuFriedensfuerstHerrJesuChrist	major triad	"[""Major Third"", ""diminished triad"", ""minor triad"", ""quartal trichord""]"	"[""diminished triad"", ""minor triad"", ""quartal trichord"", ""Major Third""]"	audio	audio.mastermix.wav	data/chorale-bricks/Gesius_DuFriedensfuerstHerrJesuChrist/audio.mastermix.wav	major triad	"[""major triad"", ""none of the other options is correct"", ""diminished triad"", ""minor triad"", ""quartal trichord""]"	0.2	0	"[""A"", ""B"", ""C"", ""D"", ""E""]"	"{""A"": ""major triad"", ""B"": ""quartal trichord"", ""C"": ""diminished triad"", ""D"": ""none of the other options is correct"", ""E"": ""minor triad""}"	"[""(A) major triad"", ""(B) quartal trichord"", ""(C) diminished triad"", ""(D) none of the other options is correct"", ""(E) minor triad""]"	(A) major triad	A
6ddd09a0-8da3-5485-9162-636e31fd0955	10	perception	harmony	absolute	harmony-absolute	harmonic-recognition		chord recognition	What is the chord at the {target_index} position considering all the voices?	"[""target_index""]"	get_harmonic_chord			"{""target_index"": ""43rd""}"	What is the chord at the 43rd position considering all the voices?	Gesius_DuFriedensfuerstHerrJesuChrist	chorale-bricks	Gesius_DuFriedensfuerstHerrJesuChrist	data/chorale-bricks/Gesius_DuFriedensfuerstHerrJesuChrist	major triad	"[""Major Third"", ""diminished triad"", ""minor triad"", ""quartal trichord""]"	"[""diminished triad"", ""minor triad"", ""quartal trichord"", ""Major Third""]"	symbolic	symbolic.abc.txt	data/chorale-bricks/Gesius_DuFriedensfuerstHerrJesuChrist/symbolic.abc.txt	major triad	"[""major triad"", ""none of the other options is correct"", ""diminished triad"", ""minor triad"", ""quartal trichord""]"	0.2	0	"[""A"", ""B"", ""C"", ""D"", ""E""]"	"{""A"": ""minor triad"", ""B"": ""major triad"", ""C"": ""none of the other options is correct"", ""D"": ""quartal trichord"", ""E"": ""diminished triad""}"	"[""(A) minor triad"", ""(B) major triad"", ""(C) none of the other options is correct"", ""(D) quartal trichord"", ""(E) diminished triad""]"	(B) major triad	B
95191cd8-341d-5040-a31c-48f47d3720d8	10	perception	harmony	absolute	harmony-absolute	harmonic-recognition		chord recognition	What is the chord at the {target_index} position considering all the voices?	"[""target_index""]"	get_harmonic_chord			"{""target_index"": ""43rd""}"	What is the chord at the 43rd position considering all the voices?	Gesius_DuFriedensfuerstHerrJesuChrist	chorale-bricks	Gesius_DuFriedensfuerstHerrJesuChrist	data/chorale-bricks/Gesius_DuFriedensfuerstHerrJesuChrist	major triad	"[""Major Third"", ""diminished triad"", ""minor triad"", ""quartal trichord""]"	"[""diminished triad"", ""minor triad"", ""quartal trichord"", ""Major Third""]"	visual	visual.short.png	data/chorale-bricks/Gesius_DuFriedensfuerstHerrJesuChrist/visual.short.png	major triad	"[""major triad"", ""none of the other options is correct"", ""diminished triad"", ""minor triad"", ""quartal trichord""]"	0.2	0	"[""A"", ""B"", ""C"", ""D"", ""E""]"	"{""A"": ""none of the other options is correct"", ""B"": ""quartal trichord"", ""C"": ""minor triad"", ""D"": ""major triad"", ""E"": ""diminished triad""}"	"[""(A) none of the other options is correct"", ""(B) quartal trichord"", ""(C) minor triad"", ""(D) major triad"", ""(E) diminished triad""]"	(D) major triad	D
6fc3221d-609b-5332-a31c-fa754c7dc78c	10	perception	harmony	absolute	harmony-absolute	harmonic-recognition		chord recognition	What is the chord at the {target_index} position considering all the voices?	"[""target_index""]"	get_harmonic_chord			"{""target_index"": ""24th""}"	What is the chord at the 24th position considering all the voices?	Gesius_DuFriedensfuerstHerrJesuChrist	chorale-bricks	Gesius_DuFriedensfuerstHerrJesuChrist	data/chorale-bricks/Gesius_DuFriedensfuerstHerrJesuChrist	major triad	"[""Major Third"", ""diminished triad"", ""minor triad"", ""quartal trichord""]"	"[""Major Third"", ""diminished triad"", ""minor triad"", ""quartal trichord""]"	audio	audio.mastermix.wav	data/chorale-bricks/Gesius_DuFriedensfuerstHerrJesuChrist/audio.mastermix.wav	none of the other options is correct	"[""none of the other options is correct"", ""Major Third"", ""diminished triad"", ""minor triad"", ""quartal trichord""]"	0.2	1	"[""A"", ""B"", ""C"", ""D"", ""E""]"	"{""A"": ""none of the other options is correct"", ""B"": ""minor triad"", ""C"": ""diminished triad"", ""D"": ""quartal trichord"", ""E"": ""Major Third""}"	"[""(A) none of the other options is correct"", ""(B) minor triad"", ""(C) diminished triad"", ""(D) quartal trichord"", ""(E) Major Third""]"	(A) none of the other options is correct	A
9d160f6a-81e6-5b92-823a-9d6b912f255d	10	perception	harmony	absolute	harmony-absolute	harmonic-recognition		chord recognition	What is the chord at the {target_index} position considering all the voices?	"[""target_index""]"	get_harmonic_chord			"{""target_index"": ""24th""}"	What is the chord at the 24th position considering all the voices?	Gesius_DuFriedensfuerstHerrJesuChrist	chorale-bricks	Gesius_DuFriedensfuerstHerrJesuChrist	data/chorale-bricks/Gesius_DuFriedensfuerstHerrJesuChrist	major triad	"[""Major Third"", ""diminished triad"", ""minor triad"", ""quartal trichord""]"	"[""Major Third"", ""diminished triad"", ""minor triad"", ""quartal trichord""]"	symbolic	symbolic.abc.txt	data/chorale-bricks/Gesius_DuFriedensfuerstHerrJesuChrist/symbolic.abc.txt	major triad	"[""major triad"", ""none of the other options is correct"", ""Major Third"", ""diminished triad"", ""minor triad""]"	0.2	0	"[""A"", ""B"", ""C"", ""D"", ""E""]"	"{""A"": ""major triad"", ""B"": ""Major Third"", ""C"": ""diminished triad"", ""D"": ""minor triad"", ""E"": ""none of the other options is correct""}"	"[""(A) major triad"", ""(B) Major Third"", ""(C) diminished triad"", ""(D) minor triad"", ""(E) none of the other options is correct""]"	(A) major triad	A
8a1d3b2d-46a6-5076-961f-666d81aa51e4	10	perception	harmony	absolute	harmony-absolute	harmonic-recognition		chord recognition	What is the chord at the {target_index} position considering all the voices?	"[""target_index""]"	get_harmonic_chord			"{""target_index"": ""24th""}"	What is the chord at the 24th position considering all the voices?	Gesius_DuFriedensfuerstHerrJesuChrist	chorale-bricks	Gesius_DuFriedensfuerstHerrJesuChrist	data/chorale-bricks/Gesius_DuFriedensfuerstHerrJesuChrist	major triad	"[""Major Third"", ""diminished triad"", ""minor triad"", ""quartal trichord""]"	"[""Major Third"", ""diminished triad"", ""minor triad"", ""quartal trichord""]"	visual	visual.short.png	data/chorale-bricks/Gesius_DuFriedensfuerstHerrJesuChrist/visual.short.png	major triad	"[""major triad"", ""none of the other options is correct"", ""Major Third"", ""diminished triad"", ""minor triad""]"	0.2	0	"[""A"", ""B"", ""C"", ""D"", ""E""]"	"{""A"": ""major triad"", ""B"": ""Major Third"", ""C"": ""none of the other options is correct"", ""D"": ""minor triad"", ""E"": ""diminished triad""}"	"[""(A) major triad"", ""(B) Major Third"", ""(C) none of the other options is correct"", ""(D) minor triad"", ""(E) diminished triad""]"	(A) major triad	A
aca3104d-d17b-57b6-91f9-6190bc38590b	10	perception	harmony	absolute	harmony-absolute	harmonic-recognition		chord recognition	What is the chord at the {target_index} position considering all the voices?	"[""target_index""]"	get_harmonic_chord			"{""target_index"": ""8th""}"	What is the chord at the 8th position considering all the voices?	Crueger_AufAufMeinHerzMitFreuden	chorale-bricks	Crueger_AufAufMeinHerzMitFreuden	data/chorale-bricks/Crueger_AufAufMeinHerzMitFreuden	quartal trichord	"[""Major Third"", ""Minor Third"", ""diminished triad"", ""incomplete minor-seventh chord"", ""major triad"", ""major-second minor tetrachord"", ""minor triad"", ""perfect-fourth major tetrachord""]"	"[""Minor Third"", ""incomplete minor-seventh chord"", ""minor triad"", ""major-second minor tetrachord"", ""major triad"", ""perfect-fourth major tetrachord"", ""Major Third"", ""diminished triad""]"	audio	audio.mastermix.wav	data/chorale-bricks/Crueger_AufAufMeinHerzMitFreuden/audio.mastermix.wav	none of the other options is correct	"[""none of the other options is correct"", ""Minor Third"", ""incomplete minor-seventh chord"", ""minor triad"", ""major-second minor tetrachord""]"	0.2	1	"[""A"", ""B"", ""C"", ""D"", ""E""]"	"{""A"": ""none of the other options is correct"", ""B"": ""minor triad"", ""C"": ""major-second minor tetrachord"", ""D"": ""incomplete minor-seventh chord"", ""E"": ""Minor Third""}"	"[""(A) none of the other options is correct"", ""(B) minor triad"", ""(C) major-second minor tetrachord"", ""(D) incomplete minor-seventh chord"", ""(E) Minor Third""]"	(A) none of the other options is correct	A
6a87bfc8-44c3-5877-b2cb-a508f36125ca	10	perception	harmony	absolute	harmony-absolute	harmonic-recognition		chord recognition	What is the chord at the {target_index} position considering all the voices?	"[""target_index""]"	get_harmonic_chord			"{""target_index"": ""8th""}"	What is the chord at the 8th position considering all the voices?	Crueger_AufAufMeinHerzMitFreuden	chorale-bricks	Crueger_AufAufMeinHerzMitFreuden	data/chorale-bricks/Crueger_AufAufMeinHerzMitFreuden	quartal trichord	"[""Major Third"", ""Minor Third"", ""diminished triad"", ""incomplete minor-seventh chord"", ""major triad"", ""major-second minor tetrachord"", ""minor triad"", ""perfect-fourth major tetrachord""]"	"[""Minor Third"", ""incomplete minor-seventh chord"", ""minor triad"", ""major-second minor tetrachord"", ""major triad"", ""perfect-fourth major tetrachord"", ""Major Third"", ""diminished triad""]"	symbolic	symbolic.abc.txt	data/chorale-bricks/Crueger_AufAufMeinHerzMitFreuden/symbolic.abc.txt	quartal trichord	"[""quartal trichord"", ""none of the other options is correct"", ""Minor Third"", ""incomplete minor-seventh chord"", ""minor triad""]"	0.2	0	"[""A"", ""B"", ""C"", ""D"", ""E""]"	"{""A"": ""quartal trichord"", ""B"": ""none of the other options is correct"", ""C"": ""Minor Third"", ""D"": ""incomplete minor-seventh chord"", ""E"": ""minor triad""}"	"[""(A) quartal trichord"", ""(B) none of the other options is correct"", ""(C) Minor Third"", ""(D) incomplete minor-seventh chord"", ""(E) minor triad""]"	(A) quartal trichord	A
f46ae15d-d52d-522e-99be-fd3e8db161a3	10	perception	harmony	absolute	harmony-absolute	harmonic-recognition		chord recognition	What is the chord at the {target_index} position considering all the voices?	"[""target_index""]"	get_harmonic_chord			"{""target_index"": ""8th""}"	What is the chord at the 8th position considering all the voices?	Crueger_AufAufMeinHerzMitFreuden	chorale-bricks	Crueger_AufAufMeinHerzMitFreuden	data/chorale-bricks/Crueger_AufAufMeinHerzMitFreuden	quartal trichord	"[""Major Third"", ""Minor Third"", ""diminished triad"", ""incomplete minor-seventh chord"", ""major triad"", ""major-second minor tetrachord"", ""minor triad"", ""perfect-fourth major tetrachord""]"	"[""Minor Third"", ""incomplete minor-seventh chord"", ""minor triad"", ""major-second minor tetrachord"", ""major triad"", ""perfect-fourth major tetrachord"", ""Major Third"", ""diminished triad""]"	visual	visual.short.png	data/chorale-bricks/Crueger_AufAufMeinHerzMitFreuden/visual.short.png	quartal trichord	"[""quartal trichord"", ""none of the other options is correct"", ""Minor Third"", ""incomplete minor-seventh chord"", ""minor triad""]"	0.2	0	"[""A"", ""B"", ""C"", ""D"", ""E""]"	"{""A"": ""quartal trichord"", ""B"": ""minor triad"", ""C"": ""Minor Third"", ""D"": ""incomplete minor-seventh chord"", ""E"": ""none of the other options is correct""}"	"[""(A) quartal trichord"", ""(B) minor triad"", ""(C) Minor Third"", ""(D) incomplete minor-seventh chord"", ""(E) none of the other options is correct""]"	(A) quartal trichord	A
31131e21-e824-5740-aa42-4d6719a4000e	11	perception	harmony	relative	harmony-relative	harmonic-recognition		cadence recognition	What is the chord progression between the {target_index} chord and the next one?	"[""target_index""]"	get_harmonic_cadence			"{""target_index"": ""31st""}"	What is the chord progression between the 31st chord and the next one?	Gesius_BefiehlDuDeineWege	chorale-bricks	Gesius_BefiehlDuDeineWege	data/chorale-bricks/Gesius_BefiehlDuDeineWege	VII - i	"[""I - I"", ""I - IV"", ""I - V"", ""I - fI"", ""I - i"", ""I - v"", ""I - vi"", ""II - v"", ""III - III"", ""III - IV"", ""III - VI"", ""III - VII"", ""III - fIII"", ""III - iv"", ""IV - I"", ""IV - V"", ""IV - VII"", ""IV - fIV"", ""IV - i"", ""IV - ii"", ""V - I"", ""V - IV"", ""V - V"", ""V - VI"", ""V - fV"", ""V - i"", ""V - iv"", ""V - v"", ""V - vi"", ""V7 - I"", ""V7 - VI"", ""V7 - fV7"", ""V7 - i"", ""V7 - vi"", ""VI - III"", ""VI - V"", ""VI - VII"", ""VI - fVI"", ""VI - ii"", ""VI - iv"", ""VII - III"", ""VII - IV"", ""VII - VII"", ""VII - ii"", ""VII - iv"", ""VII - v"", ""i - I"", ""i - III"", ""i - IV"", ""i - V"", ""i - VI"", ""i - VII"", ""i - fi"", ""i - i"", ""i - iv"", ""ii - III"", ""ii - IV"", ""ii - V"", ""ii - V7"", ""ii - fii"", ""ii - iv"", ""ii - v"", ""ii - vi"", ""ii7 - V"", ""ii7 - fii7"", ""iii - IV"", ""iii - fiii"", ""iii - vi"", ""iv - I"", ""iv - III"", ""iv - V"", ""iv - VII"", ""iv - fiv"", ""iv - i"", ""iv - ii"", ""v - II"", ""v - III"", ""v - IV"", ""v - V"", ""v - VI"", ""v - fv"", ""v - i"", ""v - v"", ""vi - I"", ""vi - V"", ""vi - fvi"", ""vi - ii"", ""vi - iv"", ""vi - vi"", ""vii - I"", ""vii - fvii"", ""vii - i"", ""vii7 - I"", ""vii7 - fvii7"", ""vii7 - i""]"	"[""VI - fVI"", ""ii - IV"", ""V - vi"", ""VII - iv"", ""VI - III"", ""IV - i"", ""V - fV"", ""iv - fiv"", ""ii - vi"", ""V7 - I"", ""vi - vi"", ""iv - I"", ""iv - ii"", ""vii7 - i"", ""i - i"", ""IV - VII"", ""iv - VII"", ""VI - iv"", ""III - VII"", ""VII - v"", ""v - V"", ""I - I"", ""i - IV"", ""v - II"", ""VI - V"", ""ii - v"", ""III - fIII"", ""iii - vi"", ""iv - III"", ""VII - IV"", ""i - iv"", ""IV - ii"", ""IV - fIV"", ""vii - i"", ""ii - fii"", ""V - v"", ""V - iv"", ""vi - I"", ""V7 - fV7"", ""v - i"", ""vii7 - I"", ""i - fi"", ""V7 - VI"", ""vii - fvii"", ""iv - V"", ""II - v"", ""V - V"", ""I - v"", ""ii - V7"", ""I - vi"", ""i - V"", ""ii7 - V"", ""V - VI"", ""VII - ii"", ""III - IV"", ""v - v"", ""vi - iv"", ""V - IV"", ""ii - iv"", ""iii - IV"", ""i - III"", ""III - III"", ""i - I"", ""IV - V"", ""V7 - vi"", ""vi - ii"", ""v - fv"", ""I - IV"", ""i - VI"", ""VI - ii"", ""VII - VII"", ""V - I"", ""I - V"", ""v - VI"", ""ii - III"", ""ii - V"", ""I - fI"", ""vii7 - fvii7"", ""vi - V"", ""V - i"", ""v - III"", ""v - IV"", ""i - VII"", ""VI - VII"", ""vi - fvi"", ""IV - I"", ""VII - III"", ""III - iv"", ""vii - I"", ""iii - fiii"", ""I - i"", ""ii7 - fii7"", ""III - VI"", ""V7 - i"", ""iv - i""]"	audio	audio.mastermix.wav	data/chorale-bricks/Gesius_BefiehlDuDeineWege/audio.mastermix.wav	none of the other options is correct	"[""none of the other options is correct"", ""VI - fVI"", ""ii - IV"", ""V - vi"", ""VII - iv""]"	0.2	1	"[""A"", ""B"", ""C"", ""D"", ""E""]"	"{""A"": ""V - vi"", ""B"": ""VII - iv"", ""C"": ""none of the other options is correct"", ""D"": ""VI - fVI"", ""E"": ""ii - IV""}"	"[""(A) V - vi"", ""(B) VII - iv"", ""(C) none of the other options is correct"", ""(D) VI - fVI"", ""(E) ii - IV""]"	(C) none of the other options is correct	C
7a403da1-9ce1-58d9-8335-6932a4def993	11	perception	harmony	relative	harmony-relative	harmonic-recognition		cadence recognition	What is the chord progression between the {target_index} chord and the next one?	"[""target_index""]"	get_harmonic_cadence			"{""target_index"": ""31st""}"	What is the chord progression between the 31st chord and the next one?	Gesius_BefiehlDuDeineWege	chorale-bricks	Gesius_BefiehlDuDeineWege	data/chorale-bricks/Gesius_BefiehlDuDeineWege	VII - i	"[""I - I"", ""I - IV"", ""I - V"", ""I - fI"", ""I - i"", ""I - v"", ""I - vi"", ""II - v"", ""III - III"", ""III - IV"", ""III - VI"", ""III - VII"", ""III - fIII"", ""III - iv"", ""IV - I"", ""IV - V"", ""IV - VII"", ""IV - fIV"", ""IV - i"", ""IV - ii"", ""V - I"", ""V - IV"", ""V - V"", ""V - VI"", ""V - fV"", ""V - i"", ""V - iv"", ""V - v"", ""V - vi"", ""V7 - I"", ""V7 - VI"", ""V7 - fV7"", ""V7 - i"", ""V7 - vi"", ""VI - III"", ""VI - V"", ""VI - VII"", ""VI - fVI"", ""VI - ii"", ""VI - iv"", ""VII - III"", ""VII - IV"", ""VII - VII"", ""VII - ii"", ""VII - iv"", ""VII - v"", ""i - I"", ""i - III"", ""i - IV"", ""i - V"", ""i - VI"", ""i - VII"", ""i - fi"", ""i - i"", ""i - iv"", ""ii - III"", ""ii - IV"", ""ii - V"", ""ii - V7"", ""ii - fii"", ""ii - iv"", ""ii - v"", ""ii - vi"", ""ii7 - V"", ""ii7 - fii7"", ""iii - IV"", ""iii - fiii"", ""iii - vi"", ""iv - I"", ""iv - III"", ""iv - V"", ""iv - VII"", ""iv - fiv"", ""iv - i"", ""iv - ii"", ""v - II"", ""v - III"", ""v - IV"", ""v - V"", ""v - VI"", ""v - fv"", ""v - i"", ""v - v"", ""vi - I"", ""vi - V"", ""vi - fvi"", ""vi - ii"", ""vi - iv"", ""vi - vi"", ""vii - I"", ""vii - fvii"", ""vii - i"", ""vii7 - I"", ""vii7 - fvii7"", ""vii7 - i""]"	"[""VI - fVI"", ""ii - IV"", ""V - vi"", ""VII - iv"", ""VI - III"", ""IV - i"", ""V - fV"", ""iv - fiv"", ""ii - vi"", ""V7 - I"", ""vi - vi"", ""iv - I"", ""iv - ii"", ""vii7 - i"", ""i - i"", ""IV - VII"", ""iv - VII"", ""VI - iv"", ""III - VII"", ""VII - v"", ""v - V"", ""I - I"", ""i - IV"", ""v - II"", ""VI - V"", ""ii - v"", ""III - fIII"", ""iii - vi"", ""iv - III"", ""VII - IV"", ""i - iv"", ""IV - ii"", ""IV - fIV"", ""vii - i"", ""ii - fii"", ""V - v"", ""V - iv"", ""vi - I"", ""V7 - fV7"", ""v - i"", ""vii7 - I"", ""i - fi"", ""V7 - VI"", ""vii - fvii"", ""iv - V"", ""II - v"", ""V - V"", ""I - v"", ""ii - V7"", ""I - vi"", ""i - V"", ""ii7 - V"", ""V - VI"", ""VII - ii"", ""III - IV"", ""v - v"", ""vi - iv"", ""V - IV"", ""ii - iv"", ""iii - IV"", ""i - III"", ""III - III"", ""i - I"", ""IV - V"", ""V7 - vi"", ""vi - ii"", ""v - fv"", ""I - IV"", ""i - VI"", ""VI - ii"", ""VII - VII"", ""V - I"", ""I - V"", ""v - VI"", ""ii - III"", ""ii - V"", ""I - fI"", ""vii7 - fvii7"", ""vi - V"", ""V - i"", ""v - III"", ""v - IV"", ""i - VII"", ""VI - VII"", ""vi - fvi"", ""IV - I"", ""VII - III"", ""III - iv"", ""vii - I"", ""iii - fiii"", ""I - i"", ""ii7 - fii7"", ""III - VI"", ""V7 - i"", ""iv - i""]"	symbolic	symbolic.abc.txt	data/chorale-bricks/Gesius_BefiehlDuDeineWege/symbolic.abc.txt	VII - i	"[""VII - i"", ""none of the other options is correct"", ""VI - fVI"", ""ii - IV"", ""V - vi""]"	0.2	0	"[""A"", ""B"", ""C"", ""D"", ""E""]"	"{""A"": ""V - vi"", ""B"": ""none of the other options is correct"", ""C"": ""ii - IV"", ""D"": ""VII - i"", ""E"": ""VI - fVI""}"	"[""(A) V - vi"", ""(B) none of the other options is correct"", ""(C) ii - IV"", ""(D) VII - i"", ""(E) VI - fVI""]"	(D) VII - i	D
83e18bf6-d1b6-535f-a4d9-80966fc527d8	11	perception	harmony	relative	harmony-relative	harmonic-recognition		cadence recognition	What is the chord progression between the {target_index} chord and the next one?	"[""target_index""]"	get_harmonic_cadence			"{""target_index"": ""31st""}"	What is the chord progression between the 31st chord and the next one?	Gesius_BefiehlDuDeineWege	chorale-bricks	Gesius_BefiehlDuDeineWege	data/chorale-bricks/Gesius_BefiehlDuDeineWege	VII - i	"[""I - I"", ""I - IV"", ""I - V"", ""I - fI"", ""I - i"", ""I - v"", ""I - vi"", ""II - v"", ""III - III"", ""III - IV"", ""III - VI"", ""III - VII"", ""III - fIII"", ""III - iv"", ""IV - I"", ""IV - V"", ""IV - VII"", ""IV - fIV"", ""IV - i"", ""IV - ii"", ""V - I"", ""V - IV"", ""V - V"", ""V - VI"", ""V - fV"", ""V - i"", ""V - iv"", ""V - v"", ""V - vi"", ""V7 - I"", ""V7 - VI"", ""V7 - fV7"", ""V7 - i"", ""V7 - vi"", ""VI - III"", ""VI - V"", ""VI - VII"", ""VI - fVI"", ""VI - ii"", ""VI - iv"", ""VII - III"", ""VII - IV"", ""VII - VII"", ""VII - ii"", ""VII - iv"", ""VII - v"", ""i - I"", ""i - III"", ""i - IV"", ""i - V"", ""i - VI"", ""i - VII"", ""i - fi"", ""i - i"", ""i - iv"", ""ii - III"", ""ii - IV"", ""ii - V"", ""ii - V7"", ""ii - fii"", ""ii - iv"", ""ii - v"", ""ii - vi"", ""ii7 - V"", ""ii7 - fii7"", ""iii - IV"", ""iii - fiii"", ""iii - vi"", ""iv - I"", ""iv - III"", ""iv - V"", ""iv - VII"", ""iv - fiv"", ""iv - i"", ""iv - ii"", ""v - II"", ""v - III"", ""v - IV"", ""v - V"", ""v - VI"", ""v - fv"", ""v - i"", ""v - v"", ""vi - I"", ""vi - V"", ""vi - fvi"", ""vi - ii"", ""vi - iv"", ""vi - vi"", ""vii - I"", ""vii - fvii"", ""vii - i"", ""vii7 - I"", ""vii7 - fvii7"", ""vii7 - i""]"	"[""VI - fVI"", ""ii - IV"", ""V - vi"", ""VII - iv"", ""VI - III"", ""IV - i"", ""V - fV"", ""iv - fiv"", ""ii - vi"", ""V7 - I"", ""vi - vi"", ""iv - I"", ""iv - ii"", ""vii7 - i"", ""i - i"", ""IV - VII"", ""iv - VII"", ""VI - iv"", ""III - VII"", ""VII - v"", ""v - V"", ""I - I"", ""i - IV"", ""v - II"", ""VI - V"", ""ii - v"", ""III - fIII"", ""iii - vi"", ""iv - III"", ""VII - IV"", ""i - iv"", ""IV - ii"", ""IV - fIV"", ""vii - i"", ""ii - fii"", ""V - v"", ""V - iv"", ""vi - I"", ""V7 - fV7"", ""v - i"", ""vii7 - I"", ""i - fi"", ""V7 - VI"", ""vii - fvii"", ""iv - V"", ""II - v"", ""V - V"", ""I - v"", ""ii - V7"", ""I - vi"", ""i - V"", ""ii7 - V"", ""V - VI"", ""VII - ii"", ""III - IV"", ""v - v"", ""vi - iv"", ""V - IV"", ""ii - iv"", ""iii - IV"", ""i - III"", ""III - III"", ""i - I"", ""IV - V"", ""V7 - vi"", ""vi - ii"", ""v - fv"", ""I - IV"", ""i - VI"", ""VI - ii"", ""VII - VII"", ""V - I"", ""I - V"", ""v - VI"", ""ii - III"", ""ii - V"", ""I - fI"", ""vii7 - fvii7"", ""vi - V"", ""V - i"", ""v - III"", ""v - IV"", ""i - VII"", ""VI - VII"", ""vi - fvi"", ""IV - I"", ""VII - III"", ""III - iv"", ""vii - I"", ""iii - fiii"", ""I - i"", ""ii7 - fii7"", ""III - VI"", ""V7 - i"", ""iv - i""]"	visual	visual.short.png	data/chorale-bricks/Gesius_BefiehlDuDeineWege/visual.short.png	VII - i	"[""VII - i"", ""none of the other options is correct"", ""VI - fVI"", ""ii - IV"", ""V - vi""]"	0.2	0	"[""A"", ""B"", ""C"", ""D"", ""E""]"	"{""A"": ""none of the other options is correct"", ""B"": ""ii - IV"", ""C"": ""VII - i"", ""D"": ""V - vi"", ""E"": ""VI - fVI""}"	"[""(A) none of the other options is correct"", ""(B) ii - IV"", ""(C) VII - i"", ""(D) V - vi"", ""(E) VI - fVI""]"	(C) VII - i	C
e8d4531b-32d6-5613-9b47-520dc02fcff0	11	perception	harmony	relative	harmony-relative	harmonic-recognition		cadence recognition	What is the chord progression between the {target_index} chord and the next one?	"[""target_index""]"	get_harmonic_cadence			"{""target_index"": ""1st""}"	What is the chord progression between the 1st chord and the next one?	Vulpius_DieHelleSonnLeuchtJetztHerfuer	chorale-bricks	Vulpius_DieHelleSonnLeuchtJetztHerfuer	data/chorale-bricks/Vulpius_DieHelleSonnLeuchtJetztHerfuer	I - I	"[""I - IV"", ""I - V"", ""I - fI"", ""I - i"", ""I - v"", ""I - vi"", ""II - v"", ""III - III"", ""III - IV"", ""III - VI"", ""III - VII"", ""III - fIII"", ""III - iv"", ""IV - I"", ""IV - V"", ""IV - VII"", ""IV - fIV"", ""IV - i"", ""IV - ii"", ""V - I"", ""V - IV"", ""V - V"", ""V - VI"", ""V - fV"", ""V - i"", ""V - iv"", ""V - v"", ""V - vi"", ""V7 - I"", ""V7 - VI"", ""V7 - fV7"", ""V7 - i"", ""V7 - vi"", ""VI - III"", ""VI - V"", ""VI - VII"", ""VI - fVI"", ""VI - ii"", ""VI - iv"", ""VII - III"", ""VII - IV"", ""VII - VII"", ""VII - i"", ""VII - ii"", ""VII - iv"", ""VII - v"", ""i - I"", ""i - III"", ""i - IV"", ""i - V"", ""i - VI"", ""i - VII"", ""i - fi"", ""i - i"", ""i - iv"", ""ii - III"", ""ii - IV"", ""ii - V"", ""ii - V7"", ""ii - fii"", ""ii - iv"", ""ii - v"", ""ii - vi"", ""ii7 - V"", ""ii7 - fii7"", ""iii - IV"", ""iii - fiii"", ""iii - vi"", ""iv - I"", ""iv - III"", ""iv - V"", ""iv - VII"", ""iv - fiv"", ""iv - i"", ""iv - ii"", ""v - II"", ""v - III"", ""v - IV"", ""v - V"", ""v - VI"", ""v - fv"", ""v - i"", ""v - v"", ""vi - I"", ""vi - V"", ""vi - fvi"", ""vi - ii"", ""vi - iv"", ""vi - vi"", ""vii - I"", ""vii - fvii"", ""vii - i"", ""vii7 - I"", ""vii7 - fvii7"", ""vii7 - i""]"	"[""VI - VII"", ""iv - VII"", ""V - i"", ""vi - ii"", ""iii - IV"", ""IV - fIV"", ""i - VI"", ""V - VI"", ""i - IV"", ""VII - ii"", ""iv - V"", ""III - iv"", ""VII - iv"", ""i - fi"", ""III - IV"", ""V - IV"", ""v - III"", ""V7 - vi"", ""vi - V"", ""v - i"", ""V - vi"", ""ii7 - fii7"", ""vi - vi"", ""vi - fvi"", ""IV - VII"", ""vii - i"", ""VI - V"", ""IV - V"", ""v - V"", ""iii - vi"", ""i - i"", ""iv - I"", ""V7 - i"", ""ii - V7"", ""VII - i"", ""V - fV"", ""iv - i"", ""IV - I"", ""iv - III"", ""i - VII"", ""ii - III"", ""vii - I"", ""I - vi"", ""VII - v"", ""v - VI"", ""V - I"", ""v - II"", ""VII - III"", ""VII - IV"", ""vii7 - I"", ""vi - iv"", ""I - i"", ""V7 - I"", ""II - v"", ""v - fv"", ""i - iv"", ""v - IV"", ""IV - ii"", ""vii7 - i"", ""vi - I"", ""IV - i"", ""V - v"", ""V7 - fV7"", ""iv - ii"", ""I - IV"", ""ii - vi"", ""VII - VII"", ""III - III"", ""I - v"", ""III - VII"", ""V7 - VI"", ""ii - fii"", ""VI - iv"", ""ii - IV"", ""ii - iv"", ""v - v"", ""i - I"", ""VI - III"", ""V - V"", ""vii7 - fvii7"", ""ii - V"", ""i - III"", ""III - fIII"", ""iv - fiv"", ""ii - v"", ""III - VI"", ""VI - fVI"", ""I - V"", ""i - V"", ""ii7 - V"", ""VI - ii"", ""iii - fiii"", ""vii - fvii"", ""I - fI"", ""V - iv""]"	audio	audio.mastermix.wav	data/chorale-bricks/Vulpius_DieHelleSonnLeuchtJetztHerfuer/audio.mastermix.wav	I - I	"[""I - I"", ""none of the other options is correct"", ""VI - VII"", ""iv - VII"", ""V - i""]"	0.2	0	"[""A"", ""B"", ""C"", ""D"", ""E""]"	"{""A"": ""iv - VII"", ""B"": ""I - I"", ""C"": ""V - i"", ""D"": ""VI - VII"", ""E"": ""none of the other options is correct""}"	"[""(A) iv - VII"", ""(B) I - I"", ""(C) V - i"", ""(D) VI - VII"", ""(E) none of the other options is correct""]"	(B) I - I	B
6ad4e1ee-9234-52d9-a3c1-0cda88f38c5c	11	perception	harmony	relative	harmony-relative	harmonic-recognition		cadence recognition	What is the chord progression between the {target_index} chord and the next one?	"[""target_index""]"	get_harmonic_cadence			"{""target_index"": ""1st""}"	What is the chord progression between the 1st chord and the next one?	Vulpius_DieHelleSonnLeuchtJetztHerfuer	chorale-bricks	Vulpius_DieHelleSonnLeuchtJetztHerfuer	data/chorale-bricks/Vulpius_DieHelleSonnLeuchtJetztHerfuer	I - I	"[""I - IV"", ""I - V"", ""I - fI"", ""I - i"", ""I - v"", ""I - vi"", ""II - v"", ""III - III"", ""III - IV"", ""III - VI"", ""III - VII"", ""III - fIII"", ""III - iv"", ""IV - I"", ""IV - V"", ""IV - VII"", ""IV - fIV"", ""IV - i"", ""IV - ii"", ""V - I"", ""V - IV"", ""V - V"", ""V - VI"", ""V - fV"", ""V - i"", ""V - iv"", ""V - v"", ""V - vi"", ""V7 - I"", ""V7 - VI"", ""V7 - fV7"", ""V7 - i"", ""V7 - vi"", ""VI - III"", ""VI - V"", ""VI - VII"", ""VI - fVI"", ""VI - ii"", ""VI - iv"", ""VII - III"", ""VII - IV"", ""VII - VII"", ""VII - i"", ""VII - ii"", ""VII - iv"", ""VII - v"", ""i - I"", ""i - III"", ""i - IV"", ""i - V"", ""i - VI"", ""i - VII"", ""i - fi"", ""i - i"", ""i - iv"", ""ii - III"", ""ii - IV"", ""ii - V"", ""ii - V7"", ""ii - fii"", ""ii - iv"", ""ii - v"", ""ii - vi"", ""ii7 - V"", ""ii7 - fii7"", ""iii - IV"", ""iii - fiii"", ""iii - vi"", ""iv - I"", ""iv - III"", ""iv - V"", ""iv - VII"", ""iv - fiv"", ""iv - i"", ""iv - ii"", ""v - II"", ""v - III"", ""v - IV"", ""v - V"", ""v - VI"", ""v - fv"", ""v - i"", ""v - v"", ""vi - I"", ""vi - V"", ""vi - fvi"", ""vi - ii"", ""vi - iv"", ""vi - vi"", ""vii - I"", ""vii - fvii"", ""vii - i"", ""vii7 - I"", ""vii7 - fvii7"", ""vii7 - i""]"	"[""VI - VII"", ""iv - VII"", ""V - i"", ""vi - ii"", ""iii - IV"", ""IV - fIV"", ""i - VI"", ""V - VI"", ""i - IV"", ""VII - ii"", ""iv - V"", ""III - iv"", ""VII - iv"", ""i - fi"", ""III - IV"", ""V - IV"", ""v - III"", ""V7 - vi"", ""vi - V"", ""v - i"", ""V - vi"", ""ii7 - fii7"", ""vi - vi"", ""vi - fvi"", ""IV - VII"", ""vii - i"", ""VI - V"", ""IV - V"", ""v - V"", ""iii - vi"", ""i - i"", ""iv - I"", ""V7 - i"", ""ii - V7"", ""VII - i"", ""V - fV"", ""iv - i"", ""IV - I"", ""iv - III"", ""i - VII"", ""ii - III"", ""vii - I"", ""I - vi"", ""VII - v"", ""v - VI"", ""V - I"", ""v - II"", ""VII - III"", ""VII - IV"", ""vii7 - I"", ""vi - iv"", ""I - i"", ""V7 - I"", ""II - v"", ""v - fv"", ""i - iv"", ""v - IV"", ""IV - ii"", ""vii7 - i"", ""vi - I"", ""IV - i"", ""V - v"", ""V7 - fV7"", ""iv - ii"", ""I - IV"", ""ii - vi"", ""VII - VII"", ""III - III"", ""I - v"", ""III - VII"", ""V7 - VI"", ""ii - fii"", ""VI - iv"", ""ii - IV"", ""ii - iv"", ""v - v"", ""i - I"", ""VI - III"", ""V - V"", ""vii7 - fvii7"", ""ii - V"", ""i - III"", ""III - fIII"", ""iv - fiv"", ""ii - v"", ""III - VI"", ""VI - fVI"", ""I - V"", ""i - V"", ""ii7 - V"", ""VI - ii"", ""iii - fiii"", ""vii - fvii"", ""I - fI"", ""V - iv""]"	symbolic	symbolic.abc.txt	data/chorale-bricks/Vulpius_DieHelleSonnLeuchtJetztHerfuer/symbolic.abc.txt	I - I	"[""I - I"", ""none of the other options is correct"", ""VI - VII"", ""iv - VII"", ""V - i""]"	0.2	0	"[""A"", ""B"", ""C"", ""D"", ""E""]"	"{""A"": ""V - i"", ""B"": ""VI - VII"", ""C"": ""iv - VII"", ""D"": ""none of the other options is correct"", ""E"": ""I - I""}"	"[""(A) V - i"", ""(B) VI - VII"", ""(C) iv - VII"", ""(D) none of the other options is correct"", ""(E) I - I""]"	(E) I - I	E
9ec2e28b-6230-5f6e-b770-673d942487ca	11	perception	harmony	relative	harmony-relative	harmonic-recognition		cadence recognition	What is the chord progression between the {target_index} chord and the next one?	"[""target_index""]"	get_harmonic_cadence			"{""target_index"": ""1st""}"	What is the chord progression between the 1st chord and the next one?	Vulpius_DieHelleSonnLeuchtJetztHerfuer	chorale-bricks	Vulpius_DieHelleSonnLeuchtJetztHerfuer	data/chorale-bricks/Vulpius_DieHelleSonnLeuchtJetztHerfuer	I - I	"[""I - IV"", ""I - V"", ""I - fI"", ""I - i"", ""I - v"", ""I - vi"", ""II - v"", ""III - III"", ""III - IV"", ""III - VI"", ""III - VII"", ""III - fIII"", ""III - iv"", ""IV - I"", ""IV - V"", ""IV - VII"", ""IV - fIV"", ""IV - i"", ""IV - ii"", ""V - I"", ""V - IV"", ""V - V"", ""V - VI"", ""V - fV"", ""V - i"", ""V - iv"", ""V - v"", ""V - vi"", ""V7 - I"", ""V7 - VI"", ""V7 - fV7"", ""V7 - i"", ""V7 - vi"", ""VI - III"", ""VI - V"", ""VI - VII"", ""VI - fVI"", ""VI - ii"", ""VI - iv"", ""VII - III"", ""VII - IV"", ""VII - VII"", ""VII - i"", ""VII - ii"", ""VII - iv"", ""VII - v"", ""i - I"", ""i - III"", ""i - IV"", ""i - V"", ""i - VI"", ""i - VII"", ""i - fi"", ""i - i"", ""i - iv"", ""ii - III"", ""ii - IV"", ""ii - V"", ""ii - V7"", ""ii - fii"", ""ii - iv"", ""ii - v"", ""ii - vi"", ""ii7 - V"", ""ii7 - fii7"", ""iii - IV"", ""iii - fiii"", ""iii - vi"", ""iv - I"", ""iv - III"", ""iv - V"", ""iv - VII"", ""iv - fiv"", ""iv - i"", ""iv - ii"", ""v - II"", ""v - III"", ""v - IV"", ""v - V"", ""v - VI"", ""v - fv"", ""v - i"", ""v - v"", ""vi - I"", ""vi - V"", ""vi - fvi"", ""vi - ii"", ""vi - iv"", ""vi - vi"", ""vii - I"", ""vii - fvii"", ""vii - i"", ""vii7 - I"", ""vii7 - fvii7"", ""vii7 - i""]"	"[""VI - VII"", ""iv - VII"", ""V - i"", ""vi - ii"", ""iii - IV"", ""IV - fIV"", ""i - VI"", ""V - VI"", ""i - IV"", ""VII - ii"", ""iv - V"", ""III - iv"", ""VII - iv"", ""i - fi"", ""III - IV"", ""V - IV"", ""v - III"", ""V7 - vi"", ""vi - V"", ""v - i"", ""V - vi"", ""ii7 - fii7"", ""vi - vi"", ""vi - fvi"", ""IV - VII"", ""vii - i"", ""VI - V"", ""IV - V"", ""v - V"", ""iii - vi"", ""i - i"", ""iv - I"", ""V7 - i"", ""ii - V7"", ""VII - i"", ""V - fV"", ""iv - i"", ""IV - I"", ""iv - III"", ""i - VII"", ""ii - III"", ""vii - I"", ""I - vi"", ""VII - v"", ""v - VI"", ""V - I"", ""v - II"", ""VII - III"", ""VII - IV"", ""vii7 - I"", ""vi - iv"", ""I - i"", ""V7 - I"", ""II - v"", ""v - fv"", ""i - iv"", ""v - IV"", ""IV - ii"", ""vii7 - i"", ""vi - I"", ""IV - i"", ""V - v"", ""V7 - fV7"", ""iv - ii"", ""I - IV"", ""ii - vi"", ""VII - VII"", ""III - III"", ""I - v"", ""III - VII"", ""V7 - VI"", ""ii - fii"", ""VI - iv"", ""ii - IV"", ""ii - iv"", ""v - v"", ""i - I"", ""VI - III"", ""V - V"", ""vii7 - fvii7"", ""ii - V"", ""i - III"", ""III - fIII"", ""iv - fiv"", ""ii - v"", ""III - VI"", ""VI - fVI"", ""I - V"", ""i - V"", ""ii7 - V"", ""VI - ii"", ""iii - fiii"", ""vii - fvii"", ""I - fI"", ""V - iv""]"	visual	visual.short.png	data/chorale-bricks/Vulpius_DieHelleSonnLeuchtJetztHerfuer/visual.short.png	I - I	"[""I - I"", ""none of the other options is correct"", ""VI - VII"", ""iv - VII"", ""V - i""]"	0.2	0	"[""A"", ""B"", ""C"", ""D"", ""E""]"	"{""A"": ""VI - VII"", ""B"": ""V - i"", ""C"": ""I - I"", ""D"": ""iv - VII"", ""E"": ""none of the other options is correct""}"	"[""(A) VI - VII"", ""(B) V - i"", ""(C) I - I"", ""(D) iv - VII"", ""(E) none of the other options is correct""]"	(C) I - I	C
1e7de8ef-2ba9-578e-86a5-32ce1de508d6	11	perception	harmony	relative	harmony-relative	harmonic-recognition		cadence recognition	What is the chord progression between the {target_index} chord and the next one?	"[""target_index""]"	get_harmonic_cadence			"{""target_index"": ""27th""}"	What is the chord progression between the 27th chord and the next one?	Anonymous_AusMeinesHerzensGrunde	chorale-bricks	Anonymous_AusMeinesHerzensGrunde	data/chorale-bricks/Anonymous_AusMeinesHerzensGrunde	V - I	"[""I - I"", ""I - IV"", ""I - V"", ""I - fI"", ""I - i"", ""I - v"", ""I - vi"", ""II - v"", ""III - III"", ""III - IV"", ""III - VI"", ""III - VII"", ""III - fIII"", ""III - iv"", ""IV - I"", ""IV - V"", ""IV - VII"", ""IV - fIV"", ""IV - i"", ""IV - ii"", ""V - IV"", ""V - V"", ""V - VI"", ""V - fV"", ""V - i"", ""V - iv"", ""V - v"", ""V - vi"", ""V7 - I"", ""V7 - VI"", ""V7 - fV7"", ""V7 - i"", ""V7 - vi"", ""VI - III"", ""VI - V"", ""VI - VII"", ""VI - fVI"", ""VI - ii"", ""VI - iv"", ""VII - III"", ""VII - IV"", ""VII - VII"", ""VII - i"", ""VII - ii"", ""VII - iv"", ""VII - v"", ""i - I"", ""i - III"", ""i - IV"", ""i - V"", ""i - VI"", ""i - VII"", ""i - fi"", ""i - i"", ""i - iv"", ""ii - III"", ""ii - IV"", ""ii - V"", ""ii - V7"", ""ii - fii"", ""ii - iv"", ""ii - v"", ""ii - vi"", ""ii7 - V"", ""ii7 - fii7"", ""iii - IV"", ""iii - fiii"", ""iii - vi"", ""iv - I"", ""iv - III"", ""iv - V"", ""iv - VII"", ""iv - fiv"", ""iv - i"", ""iv - ii"", ""v - II"", ""v - III"", ""v - IV"", ""v - V"", ""v - VI"", ""v - fv"", ""v - i"", ""v - v"", ""vi - I"", ""vi - V"", ""vi - fvi"", ""vi - ii"", ""vi - iv"", ""vi - vi"", ""vii - I"", ""vii - fvii"", ""vii - i"", ""vii7 - I"", ""vii7 - fvii7"", ""vii7 - i""]"	"[""IV - V"", ""V - iv"", ""v - fv"", ""iv - fiv"", ""V - vi"", ""I - IV"", ""i - VI"", ""VII - v"", ""vii7 - I"", ""I - fI"", ""ii - v"", ""I - V"", ""ii - III"", ""v - V"", ""vii - I"", ""VII - ii"", ""i - IV"", ""VI - VII"", ""IV - ii"", ""vi - vi"", ""VI - iv"", ""V7 - vi"", ""i - VII"", ""V7 - i"", ""V - v"", ""VI - ii"", ""vi - fvi"", ""i - i"", ""ii7 - fii7"", ""IV - fIV"", ""VII - III"", ""ii - V7"", ""I - i"", ""IV - VII"", ""v - IV"", ""iii - IV"", ""iii - vi"", ""vi - ii"", ""i - iv"", ""V - i"", ""iv - I"", ""iv - VII"", ""ii7 - V"", ""iv - i"", ""I - vi"", ""iv - III"", ""V7 - I"", ""III - VI"", ""i - fi"", ""V - fV"", ""vii7 - i"", ""IV - I"", ""iii - fiii"", ""III - iv"", ""VI - fVI"", ""i - V"", ""vii - i"", ""ii - vi"", ""VII - iv"", ""V7 - VI"", ""vii7 - fvii7"", ""III - fIII"", ""vi - iv"", ""vi - V"", ""ii - iv"", ""ii - fii"", ""vii - fvii"", ""VI - III"", ""VII - i"", ""v - III"", ""III - IV"", ""iv - V"", ""I - I"", ""v - VI"", ""v - II"", ""VII - VII"", ""II - v"", ""V - VI"", ""ii - IV"", ""VI - V"", ""III - III"", ""iv - ii"", ""IV - i"", ""vi - I"", ""V7 - fV7"", ""I - v"", ""i - I"", ""v - i"", ""VII - IV"", ""ii - V"", ""v - v"", ""III - VII"", ""i - III"", ""V - V"", ""V - IV""]"	audio	audio.mastermix.wav	data/chorale-bricks/Anonymous_AusMeinesHerzensGrunde/audio.mastermix.wav	V - I	"[""V - I"", ""none of the other options is correct"", ""IV - V"", ""V - iv"", ""v - fv""]"	0.2	0	"[""A"", ""B"", ""C"", ""D"", ""E""]"	"{""A"": ""none of the other options is correct"", ""B"": ""V - iv"", ""C"": ""IV - V"", ""D"": ""v - fv"", ""E"": ""V - I""}"	"[""(A) none of the other options is correct"", ""(B) V - iv"", ""(C) IV - V"", ""(D) v - fv"", ""(E) V - I""]"	(E) V - I	E
aa820dc3-3637-50f5-b052-8a9bd8f1a316	11	perception	harmony	relative	harmony-relative	harmonic-recognition		cadence recognition	What is the chord progression between the {target_index} chord and the next one?	"[""target_index""]"	get_harmonic_cadence			"{""target_index"": ""27th""}"	What is the chord progression between the 27th chord and the next one?	Anonymous_AusMeinesHerzensGrunde	chorale-bricks	Anonymous_AusMeinesHerzensGrunde	data/chorale-bricks/Anonymous_AusMeinesHerzensGrunde	V - I	"[""I - I"", ""I - IV"", ""I - V"", ""I - fI"", ""I - i"", ""I - v"", ""I - vi"", ""II - v"", ""III - III"", ""III - IV"", ""III - VI"", ""III - VII"", ""III - fIII"", ""III - iv"", ""IV - I"", ""IV - V"", ""IV - VII"", ""IV - fIV"", ""IV - i"", ""IV - ii"", ""V - IV"", ""V - V"", ""V - VI"", ""V - fV"", ""V - i"", ""V - iv"", ""V - v"", ""V - vi"", ""V7 - I"", ""V7 - VI"", ""V7 - fV7"", ""V7 - i"", ""V7 - vi"", ""VI - III"", ""VI - V"", ""VI - VII"", ""VI - fVI"", ""VI - ii"", ""VI - iv"", ""VII - III"", ""VII - IV"", ""VII - VII"", ""VII - i"", ""VII - ii"", ""VII - iv"", ""VII - v"", ""i - I"", ""i - III"", ""i - IV"", ""i - V"", ""i - VI"", ""i - VII"", ""i - fi"", ""i - i"", ""i - iv"", ""ii - III"", ""ii - IV"", ""ii - V"", ""ii - V7"", ""ii - fii"", ""ii - iv"", ""ii - v"", ""ii - vi"", ""ii7 - V"", ""ii7 - fii7"", ""iii - IV"", ""iii - fiii"", ""iii - vi"", ""iv - I"", ""iv - III"", ""iv - V"", ""iv - VII"", ""iv - fiv"", ""iv - i"", ""iv - ii"", ""v - II"", ""v - III"", ""v - IV"", ""v - V"", ""v - VI"", ""v - fv"", ""v - i"", ""v - v"", ""vi - I"", ""vi - V"", ""vi - fvi"", ""vi - ii"", ""vi - iv"", ""vi - vi"", ""vii - I"", ""vii - fvii"", ""vii - i"", ""vii7 - I"", ""vii7 - fvii7"", ""vii7 - i""]"	"[""IV - V"", ""V - iv"", ""v - fv"", ""iv - fiv"", ""V - vi"", ""I - IV"", ""i - VI"", ""VII - v"", ""vii7 - I"", ""I - fI"", ""ii - v"", ""I - V"", ""ii - III"", ""v - V"", ""vii - I"", ""VII - ii"", ""i - IV"", ""VI - VII"", ""IV - ii"", ""vi - vi"", ""VI - iv"", ""V7 - vi"", ""i - VII"", ""V7 - i"", ""V - v"", ""VI - ii"", ""vi - fvi"", ""i - i"", ""ii7 - fii7"", ""IV - fIV"", ""VII - III"", ""ii - V7"", ""I - i"", ""IV - VII"", ""v - IV"", ""iii - IV"", ""iii - vi"", ""vi - ii"", ""i - iv"", ""V - i"", ""iv - I"", ""iv - VII"", ""ii7 - V"", ""iv - i"", ""I - vi"", ""iv - III"", ""V7 - I"", ""III - VI"", ""i - fi"", ""V - fV"", ""vii7 - i"", ""IV - I"", ""iii - fiii"", ""III - iv"", ""VI - fVI"", ""i - V"", ""vii - i"", ""ii - vi"", ""VII - iv"", ""V7 - VI"", ""vii7 - fvii7"", ""III - fIII"", ""vi - iv"", ""vi - V"", ""ii - iv"", ""ii - fii"", ""vii - fvii"", ""VI - III"", ""VII - i"", ""v - III"", ""III - IV"", ""iv - V"", ""I - I"", ""v - VI"", ""v - II"", ""VII - VII"", ""II - v"", ""V - VI"", ""ii - IV"", ""VI - V"", ""III - III"", ""iv - ii"", ""IV - i"", ""vi - I"", ""V7 - fV7"", ""I - v"", ""i - I"", ""v - i"", ""VII - IV"", ""ii - V"", ""v - v"", ""III - VII"", ""i - III"", ""V - V"", ""V - IV""]"	symbolic	symbolic.abc.txt	data/chorale-bricks/Anonymous_AusMeinesHerzensGrunde/symbolic.abc.txt	V - I	"[""V - I"", ""none of the other options is correct"", ""IV - V"", ""V - iv"", ""v - fv""]"	0.2	0	"[""A"", ""B"", ""C"", ""D"", ""E""]"	"{""A"": ""none of the other options is correct"", ""B"": ""V - I"", ""C"": ""IV - V"", ""D"": ""v - fv"", ""E"": ""V - iv""}"	"[""(A) none of the other options is correct"", ""(B) V - I"", ""(C) IV - V"", ""(D) v - fv"", ""(E) V - iv""]"	(B) V - I	B
6d2c8a7c-47b5-5788-8794-9d97fa6e0650	11	perception	harmony	relative	harmony-relative	harmonic-recognition		cadence recognition	What is the chord progression between the {target_index} chord and the next one?	"[""target_index""]"	get_harmonic_cadence			"{""target_index"": ""27th""}"	What is the chord progression between the 27th chord and the next one?	Anonymous_AusMeinesHerzensGrunde	chorale-bricks	Anonymous_AusMeinesHerzensGrunde	data/chorale-bricks/Anonymous_AusMeinesHerzensGrunde	V - I	"[""I - I"", ""I - IV"", ""I - V"", ""I - fI"", ""I - i"", ""I - v"", ""I - vi"", ""II - v"", ""III - III"", ""III - IV"", ""III - VI"", ""III - VII"", ""III - fIII"", ""III - iv"", ""IV - I"", ""IV - V"", ""IV - VII"", ""IV - fIV"", ""IV - i"", ""IV - ii"", ""V - IV"", ""V - V"", ""V - VI"", ""V - fV"", ""V - i"", ""V - iv"", ""V - v"", ""V - vi"", ""V7 - I"", ""V7 - VI"", ""V7 - fV7"", ""V7 - i"", ""V7 - vi"", ""VI - III"", ""VI - V"", ""VI - VII"", ""VI - fVI"", ""VI - ii"", ""VI - iv"", ""VII - III"", ""VII - IV"", ""VII - VII"", ""VII - i"", ""VII - ii"", ""VII - iv"", ""VII - v"", ""i - I"", ""i - III"", ""i - IV"", ""i - V"", ""i - VI"", ""i - VII"", ""i - fi"", ""i - i"", ""i - iv"", ""ii - III"", ""ii - IV"", ""ii - V"", ""ii - V7"", ""ii - fii"", ""ii - iv"", ""ii - v"", ""ii - vi"", ""ii7 - V"", ""ii7 - fii7"", ""iii - IV"", ""iii - fiii"", ""iii - vi"", ""iv - I"", ""iv - III"", ""iv - V"", ""iv - VII"", ""iv - fiv"", ""iv - i"", ""iv - ii"", ""v - II"", ""v - III"", ""v - IV"", ""v - V"", ""v - VI"", ""v - fv"", ""v - i"", ""v - v"", ""vi - I"", ""vi - V"", ""vi - fvi"", ""vi - ii"", ""vi - iv"", ""vi - vi"", ""vii - I"", ""vii - fvii"", ""vii - i"", ""vii7 - I"", ""vii7 - fvii7"", ""vii7 - i""]"	"[""IV - V"", ""V - iv"", ""v - fv"", ""iv - fiv"", ""V - vi"", ""I - IV"", ""i - VI"", ""VII - v"", ""vii7 - I"", ""I - fI"", ""ii - v"", ""I - V"", ""ii - III"", ""v - V"", ""vii - I"", ""VII - ii"", ""i - IV"", ""VI - VII"", ""IV - ii"", ""vi - vi"", ""VI - iv"", ""V7 - vi"", ""i - VII"", ""V7 - i"", ""V - v"", ""VI - ii"", ""vi - fvi"", ""i - i"", ""ii7 - fii7"", ""IV - fIV"", ""VII - III"", ""ii - V7"", ""I - i"", ""IV - VII"", ""v - IV"", ""iii - IV"", ""iii - vi"", ""vi - ii"", ""i - iv"", ""V - i"", ""iv - I"", ""iv - VII"", ""ii7 - V"", ""iv - i"", ""I - vi"", ""iv - III"", ""V7 - I"", ""III - VI"", ""i - fi"", ""V - fV"", ""vii7 - i"", ""IV - I"", ""iii - fiii"", ""III - iv"", ""VI - fVI"", ""i - V"", ""vii - i"", ""ii - vi"", ""VII - iv"", ""V7 - VI"", ""vii7 - fvii7"", ""III - fIII"", ""vi - iv"", ""vi - V"", ""ii - iv"", ""ii - fii"", ""vii - fvii"", ""VI - III"", ""VII - i"", ""v - III"", ""III - IV"", ""iv - V"", ""I - I"", ""v - VI"", ""v - II"", ""VII - VII"", ""II - v"", ""V - VI"", ""ii - IV"", ""VI - V"", ""III - III"", ""iv - ii"", ""IV - i"", ""vi - I"", ""V7 - fV7"", ""I - v"", ""i - I"", ""v - i"", ""VII - IV"", ""ii - V"", ""v - v"", ""III - VII"", ""i - III"", ""V - V"", ""V - IV""]"	visual	visual.short.png	data/chorale-bricks/Anonymous_AusMeinesHerzensGrunde/visual.short.png	V - I	"[""V - I"", ""none of the other options is correct"", ""IV - V"", ""V - iv"", ""v - fv""]"	0.2	0	"[""A"", ""B"", ""C"", ""D"", ""E""]"	"{""A"": ""IV - V"", ""B"": ""V - I"", ""C"": ""v - fv"", ""D"": ""none of the other options is correct"", ""E"": ""V - iv""}"	"[""(A) IV - V"", ""(B) V - I"", ""(C) v - fv"", ""(D) none of the other options is correct"", ""(E) V - iv""]"	(B) V - I	B
cc5f54ac-2938-5fcf-8bd5-c3a02a870f88	11	perception	harmony	relative	harmony-relative	harmonic-recognition		cadence recognition	What is the chord progression between the {target_index} chord and the next one?	"[""target_index""]"	get_harmonic_cadence			"{""target_index"": ""28th""}"	What is the chord progression between the 28th chord and the next one?	Crueger_AufAufMeinHerzMitFreuden	chorale-bricks	Crueger_AufAufMeinHerzMitFreuden	data/chorale-bricks/Crueger_AufAufMeinHerzMitFreuden	I - V	"[""I - I"", ""I - IV"", ""I - fI"", ""I - i"", ""I - v"", ""I - vi"", ""II - v"", ""III - III"", ""III - IV"", ""III - VI"", ""III - VII"", ""III - fIII"", ""III - iv"", ""IV - I"", ""IV - V"", ""IV - VII"", ""IV - fIV"", ""IV - i"", ""IV - ii"", ""V - I"", ""V - IV"", ""V - V"", ""V - VI"", ""V - fV"", ""V - i"", ""V - iv"", ""V - v"", ""V - vi"", ""V7 - I"", ""V7 - VI"", ""V7 - fV7"", ""V7 - i"", ""V7 - vi"", ""VI - III"", ""VI - V"", ""VI - VII"", ""VI - fVI"", ""VI - ii"", ""VI - iv"", ""VII - III"", ""VII - IV"", ""VII - VII"", ""VII - i"", ""VII - ii"", ""VII - iv"", ""VII - v"", ""i - I"", ""i - III"", ""i - IV"", ""i - V"", ""i - VI"", ""i - VII"", ""i - fi"", ""i - i"", ""i - iv"", ""ii - III"", ""ii - IV"", ""ii - V"", ""ii - V7"", ""ii - fii"", ""ii - iv"", ""ii - v"", ""ii - vi"", ""ii7 - V"", ""ii7 - fii7"", ""iii - IV"", ""iii - fiii"", ""iii - vi"", ""iv - I"", ""iv - III"", ""iv - V"", ""iv - VII"", ""iv - fiv"", ""iv - i"", ""iv - ii"", ""v - II"", ""v - III"", ""v - IV"", ""v - V"", ""v - VI"", ""v - fv"", ""v - i"", ""v - v"", ""vi - I"", ""vi - V"", ""vi - fvi"", ""vi - ii"", ""vi - iv"", ""vi - vi"", ""vii - I"", ""vii - fvii"", ""vii - i"", ""vii7 - I"", ""vii7 - fvii7"", ""vii7 - i""]"	"[""ii - fii"", ""v - III"", ""iii - fiii"", ""VII - ii"", ""ii - IV"", ""iv - I"", ""v - IV"", ""VII - IV"", ""V - i"", ""III - fIII"", ""iv - ii"", ""III - iv"", ""ii - v"", ""i - VI"", ""V - fV"", ""iii - vi"", ""vii - i"", ""vii - fvii"", ""ii - III"", ""ii - iv"", ""V7 - vi"", ""IV - ii"", ""vi - vi"", ""V7 - VI"", ""VI - V"", ""V7 - fV7"", ""I - i"", ""VII - iv"", ""I - vi"", ""iv - V"", ""V - IV"", ""iv - VII"", ""vii - I"", ""v - i"", ""II - v"", ""VI - VII"", ""iv - i"", ""V - iv"", ""i - V"", ""i - IV"", ""III - IV"", ""iv - fiv"", ""i - i"", ""VII - i"", ""iii - IV"", ""vii7 - I"", ""VII - VII"", ""VII - III"", ""v - v"", ""ii7 - fii7"", ""VII - v"", ""iv - III"", ""vi - ii"", ""IV - i"", ""vii7 - i"", ""vi - I"", ""vi - iv"", ""I - fI"", ""vi - V"", ""v - VI"", ""III - VII"", ""v - V"", ""IV - fIV"", ""VI - III"", ""V - I"", ""III - VI"", ""V7 - i"", ""VI - iv"", ""V - vi"", ""IV - V"", ""v - II"", ""i - iv"", ""V7 - I"", ""ii7 - V"", ""V - v"", ""VI - ii"", ""I - v"", ""i - VII"", ""V - VI"", ""i - I"", ""ii - V7"", ""vi - fvi"", ""ii - V"", ""I - IV"", ""V - V"", ""I - I"", ""IV - VII"", ""i - III"", ""vii7 - fvii7"", ""v - fv"", ""VI - fVI"", ""III - III"", ""ii - vi"", ""IV - I"", ""i - fi""]"	audio	audio.mastermix.wav	data/chorale-bricks/Crueger_AufAufMeinHerzMitFreuden/audio.mastermix.wav	I - V	"[""I - V"", ""none of the other options is correct"", ""ii - fii"", ""v - III"", ""iii - fiii""]"	0.2	0	"[""A"", ""B"", ""C"", ""D"", ""E""]"	"{""A"": ""I - V"", ""B"": ""none of the other options is correct"", ""C"": ""iii - fiii"", ""D"": ""ii - fii"", ""E"": ""v - III""}"	"[""(A) I - V"", ""(B) none of the other options is correct"", ""(C) iii - fiii"", ""(D) ii - fii"", ""(E) v - III""]"	(A) I - V	A
9e40661f-2a3b-5dc9-b92a-51e54b283c5d	11	perception	harmony	relative	harmony-relative	harmonic-recognition		cadence recognition	What is the chord progression between the {target_index} chord and the next one?	"[""target_index""]"	get_harmonic_cadence			"{""target_index"": ""28th""}"	What is the chord progression between the 28th chord and the next one?	Crueger_AufAufMeinHerzMitFreuden	chorale-bricks	Crueger_AufAufMeinHerzMitFreuden	data/chorale-bricks/Crueger_AufAufMeinHerzMitFreuden	I - V	"[""I - I"", ""I - IV"", ""I - fI"", ""I - i"", ""I - v"", ""I - vi"", ""II - v"", ""III - III"", ""III - IV"", ""III - VI"", ""III - VII"", ""III - fIII"", ""III - iv"", ""IV - I"", ""IV - V"", ""IV - VII"", ""IV - fIV"", ""IV - i"", ""IV - ii"", ""V - I"", ""V - IV"", ""V - V"", ""V - VI"", ""V - fV"", ""V - i"", ""V - iv"", ""V - v"", ""V - vi"", ""V7 - I"", ""V7 - VI"", ""V7 - fV7"", ""V7 - i"", ""V7 - vi"", ""VI - III"", ""VI - V"", ""VI - VII"", ""VI - fVI"", ""VI - ii"", ""VI - iv"", ""VII - III"", ""VII - IV"", ""VII - VII"", ""VII - i"", ""VII - ii"", ""VII - iv"", ""VII - v"", ""i - I"", ""i - III"", ""i - IV"", ""i - V"", ""i - VI"", ""i - VII"", ""i - fi"", ""i - i"", ""i - iv"", ""ii - III"", ""ii - IV"", ""ii - V"", ""ii - V7"", ""ii - fii"", ""ii - iv"", ""ii - v"", ""ii - vi"", ""ii7 - V"", ""ii7 - fii7"", ""iii - IV"", ""iii - fiii"", ""iii - vi"", ""iv - I"", ""iv - III"", ""iv - V"", ""iv - VII"", ""iv - fiv"", ""iv - i"", ""iv - ii"", ""v - II"", ""v - III"", ""v - IV"", ""v - V"", ""v - VI"", ""v - fv"", ""v - i"", ""v - v"", ""vi - I"", ""vi - V"", ""vi - fvi"", ""vi - ii"", ""vi - iv"", ""vi - vi"", ""vii - I"", ""vii - fvii"", ""vii - i"", ""vii7 - I"", ""vii7 - fvii7"", ""vii7 - i""]"	"[""ii - fii"", ""v - III"", ""iii - fiii"", ""VII - ii"", ""ii - IV"", ""iv - I"", ""v - IV"", ""VII - IV"", ""V - i"", ""III - fIII"", ""iv - ii"", ""III - iv"", ""ii - v"", ""i - VI"", ""V - fV"", ""iii - vi"", ""vii - i"", ""vii - fvii"", ""ii - III"", ""ii - iv"", ""V7 - vi"", ""IV - ii"", ""vi - vi"", ""V7 - VI"", ""VI - V"", ""V7 - fV7"", ""I - i"", ""VII - iv"", ""I - vi"", ""iv - V"", ""V - IV"", ""iv - VII"", ""vii - I"", ""v - i"", ""II - v"", ""VI - VII"", ""iv - i"", ""V - iv"", ""i - V"", ""i - IV"", ""III - IV"", ""iv - fiv"", ""i - i"", ""VII - i"", ""iii - IV"", ""vii7 - I"", ""VII - VII"", ""VII - III"", ""v - v"", ""ii7 - fii7"", ""VII - v"", ""iv - III"", ""vi - ii"", ""IV - i"", ""vii7 - i"", ""vi - I"", ""vi - iv"", ""I - fI"", ""vi - V"", ""v - VI"", ""III - VII"", ""v - V"", ""IV - fIV"", ""VI - III"", ""V - I"", ""III - VI"", ""V7 - i"", ""VI - iv"", ""V - vi"", ""IV - V"", ""v - II"", ""i - iv"", ""V7 - I"", ""ii7 - V"", ""V - v"", ""VI - ii"", ""I - v"", ""i - VII"", ""V - VI"", ""i - I"", ""ii - V7"", ""vi - fvi"", ""ii - V"", ""I - IV"", ""V - V"", ""I - I"", ""IV - VII"", ""i - III"", ""vii7 - fvii7"", ""v - fv"", ""VI - fVI"", ""III - III"", ""ii - vi"", ""IV - I"", ""i - fi""]"	symbolic	symbolic.abc.txt	data/chorale-bricks/Crueger_AufAufMeinHerzMitFreuden/symbolic.abc.txt	none of the other options is correct	"[""none of the other options is correct"", ""ii - fii"", ""v - III"", ""iii - fiii"", ""VII - ii""]"	0.2	1	"[""A"", ""B"", ""C"", ""D"", ""E""]"	"{""A"": ""ii - fii"", ""B"": ""VII - ii"", ""C"": ""v - III"", ""D"": ""none of the other options is correct"", ""E"": ""iii - fiii""}"	"[""(A) ii - fii"", ""(B) VII - ii"", ""(C) v - III"", ""(D) none of the other options is correct"", ""(E) iii - fiii""]"	(D) none of the other options is correct	D
1df2a5c8-c53f-5bdf-a6c3-5c5b6e0f6b2f	11	perception	harmony	relative	harmony-relative	harmonic-recognition		cadence recognition	What is the chord progression between the {target_index} chord and the next one?	"[""target_index""]"	get_harmonic_cadence			"{""target_index"": ""28th""}"	What is the chord progression between the 28th chord and the next one?	Crueger_AufAufMeinHerzMitFreuden	chorale-bricks	Crueger_AufAufMeinHerzMitFreuden	data/chorale-bricks/Crueger_AufAufMeinHerzMitFreuden	I - V	"[""I - I"", ""I - IV"", ""I - fI"", ""I - i"", ""I - v"", ""I - vi"", ""II - v"", ""III - III"", ""III - IV"", ""III - VI"", ""III - VII"", ""III - fIII"", ""III - iv"", ""IV - I"", ""IV - V"", ""IV - VII"", ""IV - fIV"", ""IV - i"", ""IV - ii"", ""V - I"", ""V - IV"", ""V - V"", ""V - VI"", ""V - fV"", ""V - i"", ""V - iv"", ""V - v"", ""V - vi"", ""V7 - I"", ""V7 - VI"", ""V7 - fV7"", ""V7 - i"", ""V7 - vi"", ""VI - III"", ""VI - V"", ""VI - VII"", ""VI - fVI"", ""VI - ii"", ""VI - iv"", ""VII - III"", ""VII - IV"", ""VII - VII"", ""VII - i"", ""VII - ii"", ""VII - iv"", ""VII - v"", ""i - I"", ""i - III"", ""i - IV"", ""i - V"", ""i - VI"", ""i - VII"", ""i - fi"", ""i - i"", ""i - iv"", ""ii - III"", ""ii - IV"", ""ii - V"", ""ii - V7"", ""ii - fii"", ""ii - iv"", ""ii - v"", ""ii - vi"", ""ii7 - V"", ""ii7 - fii7"", ""iii - IV"", ""iii - fiii"", ""iii - vi"", ""iv - I"", ""iv - III"", ""iv - V"", ""iv - VII"", ""iv - fiv"", ""iv - i"", ""iv - ii"", ""v - II"", ""v - III"", ""v - IV"", ""v - V"", ""v - VI"", ""v - fv"", ""v - i"", ""v - v"", ""vi - I"", ""vi - V"", ""vi - fvi"", ""vi - ii"", ""vi - iv"", ""vi - vi"", ""vii - I"", ""vii - fvii"", ""vii - i"", ""vii7 - I"", ""vii7 - fvii7"", ""vii7 - i""]"	"[""ii - fii"", ""v - III"", ""iii - fiii"", ""VII - ii"", ""ii - IV"", ""iv - I"", ""v - IV"", ""VII - IV"", ""V - i"", ""III - fIII"", ""iv - ii"", ""III - iv"", ""ii - v"", ""i - VI"", ""V - fV"", ""iii - vi"", ""vii - i"", ""vii - fvii"", ""ii - III"", ""ii - iv"", ""V7 - vi"", ""IV - ii"", ""vi - vi"", ""V7 - VI"", ""VI - V"", ""V7 - fV7"", ""I - i"", ""VII - iv"", ""I - vi"", ""iv - V"", ""V - IV"", ""iv - VII"", ""vii - I"", ""v - i"", ""II - v"", ""VI - VII"", ""iv - i"", ""V - iv"", ""i - V"", ""i - IV"", ""III - IV"", ""iv - fiv"", ""i - i"", ""VII - i"", ""iii - IV"", ""vii7 - I"", ""VII - VII"", ""VII - III"", ""v - v"", ""ii7 - fii7"", ""VII - v"", ""iv - III"", ""vi - ii"", ""IV - i"", ""vii7 - i"", ""vi - I"", ""vi - iv"", ""I - fI"", ""vi - V"", ""v - VI"", ""III - VII"", ""v - V"", ""IV - fIV"", ""VI - III"", ""V - I"", ""III - VI"", ""V7 - i"", ""VI - iv"", ""V - vi"", ""IV - V"", ""v - II"", ""i - iv"", ""V7 - I"", ""ii7 - V"", ""V - v"", ""VI - ii"", ""I - v"", ""i - VII"", ""V - VI"", ""i - I"", ""ii - V7"", ""vi - fvi"", ""ii - V"", ""I - IV"", ""V - V"", ""I - I"", ""IV - VII"", ""i - III"", ""vii7 - fvii7"", ""v - fv"", ""VI - fVI"", ""III - III"", ""ii - vi"", ""IV - I"", ""i - fi""]"	visual	visual.short.png	data/chorale-bricks/Crueger_AufAufMeinHerzMitFreuden/visual.short.png	I - V	"[""I - V"", ""none of the other options is correct"", ""ii - fii"", ""v - III"", ""iii - fiii""]"	0.2	0	"[""A"", ""B"", ""C"", ""D"", ""E""]"	"{""A"": ""I - V"", ""B"": ""ii - fii"", ""C"": ""v - III"", ""D"": ""none of the other options is correct"", ""E"": ""iii - fiii""}"	"[""(A) I - V"", ""(B) ii - fii"", ""(C) v - III"", ""(D) none of the other options is correct"", ""(E) iii - fiii""]"	(A) I - V	A
a97b9df5-25fb-5585-8bdd-36b80221cc04	11	perception	harmony	relative	harmony-relative	harmonic-recognition		cadence recognition	What is the chord progression between the {target_index} chord and the next one?	"[""target_index""]"	get_harmonic_cadence			"{""target_index"": ""27th""}"	What is the chord progression between the 27th chord and the next one?	Drese_JesuGehVoran	chorale-bricks	Drese_JesuGehVoran	data/chorale-bricks/Drese_JesuGehVoran	v - v	"[""I - I"", ""I - IV"", ""I - V"", ""I - fI"", ""I - i"", ""I - v"", ""I - vi"", ""II - v"", ""III - III"", ""III - IV"", ""III - VI"", ""III - VII"", ""III - fIII"", ""III - iv"", ""IV - I"", ""IV - V"", ""IV - VII"", ""IV - fIV"", ""IV - i"", ""IV - ii"", ""V - I"", ""V - IV"", ""V - V"", ""V - VI"", ""V - fV"", ""V - i"", ""V - iv"", ""V - v"", ""V - vi"", ""V7 - I"", ""V7 - VI"", ""V7 - fV7"", ""V7 - i"", ""V7 - vi"", ""VI - III"", ""VI - V"", ""VI - VII"", ""VI - fVI"", ""VI - ii"", ""VI - iv"", ""VII - III"", ""VII - IV"", ""VII - VII"", ""VII - i"", ""VII - ii"", ""VII - iv"", ""VII - v"", ""i - I"", ""i - III"", ""i - IV"", ""i - V"", ""i - VI"", ""i - VII"", ""i - fi"", ""i - i"", ""i - iv"", ""ii - III"", ""ii - IV"", ""ii - V"", ""ii - V7"", ""ii - fii"", ""ii - iv"", ""ii - v"", ""ii - vi"", ""ii7 - V"", ""ii7 - fii7"", ""iii - IV"", ""iii - fiii"", ""iii - vi"", ""iv - I"", ""iv - III"", ""iv - V"", ""iv - VII"", ""iv - fiv"", ""iv - i"", ""iv - ii"", ""v - II"", ""v - III"", ""v - IV"", ""v - V"", ""v - VI"", ""v - fv"", ""v - i"", ""vi - I"", ""vi - V"", ""vi - fvi"", ""vi - ii"", ""vi - iv"", ""vi - vi"", ""vii - I"", ""vii - fvii"", ""vii - i"", ""vii7 - I"", ""vii7 - fvii7"", ""vii7 - i""]"	"[""vi - iv"", ""I - fI"", ""VI - fVI"", ""V7 - vi"", ""I - v"", ""iv - ii"", ""iii - vi"", ""i - V"", ""IV - I"", ""i - i"", ""v - i"", ""VII - IV"", ""VI - iv"", ""iv - III"", ""IV - V"", ""ii - fii"", ""V - I"", ""VI - V"", ""vi - V"", ""iv - I"", ""iii - IV"", ""VI - III"", ""IV - i"", ""v - II"", ""vi - I"", ""i - III"", ""VII - v"", ""iv - i"", ""iv - fiv"", ""VII - i"", ""vi - ii"", ""iv - V"", ""IV - fIV"", ""V - V"", ""i - VII"", ""ii7 - V"", ""ii - IV"", ""V7 - VI"", ""v - fv"", ""VI - VII"", ""ii - iv"", ""IV - ii"", ""I - vi"", ""VII - iv"", ""VII - VII"", ""ii7 - fii7"", ""ii - v"", ""v - III"", ""ii - III"", ""V - vi"", ""II - v"", ""III - IV"", ""ii - V"", ""I - i"", ""III - fIII"", ""III - VI"", ""vii7 - I"", ""ii - V7"", ""i - VI"", ""V7 - fV7"", ""i - I"", ""ii - vi"", ""I - I"", ""v - V"", ""iii - fiii"", ""V - IV"", ""vi - fvi"", ""v - VI"", ""I - IV"", ""V - v"", ""V - iv"", ""I - V"", ""iv - VII"", ""i - fi"", ""V7 - i"", ""IV - VII"", ""V - VI"", ""VII - III"", ""i - IV"", ""V - i"", ""vii7 - i"", ""vii - i"", ""VI - ii"", ""V - fV"", ""v - IV"", ""VII - ii"", ""III - iv"", ""vii - fvii"", ""V7 - I"", ""vii7 - fvii7"", ""vii - I"", ""vi - vi"", ""III - VII"", ""i - iv"", ""III - III""]"	audio	audio.mastermix.wav	data/chorale-bricks/Drese_JesuGehVoran/audio.mastermix.wav	v - v	"[""v - v"", ""none of the other options is correct"", ""vi - iv"", ""I - fI"", ""VI - fVI""]"	0.2	0	"[""A"", ""B"", ""C"", ""D"", ""E""]"	"{""A"": ""none of the other options is correct"", ""B"": ""vi - iv"", ""C"": ""VI - fVI"", ""D"": ""v - v"", ""E"": ""I - fI""}"	"[""(A) none of the other options is correct"", ""(B) vi - iv"", ""(C) VI - fVI"", ""(D) v - v"", ""(E) I - fI""]"	(D) v - v	D
6309c8c9-1f68-5d93-8a0e-ca98c3682cdd	11	perception	harmony	relative	harmony-relative	harmonic-recognition		cadence recognition	What is the chord progression between the {target_index} chord and the next one?	"[""target_index""]"	get_harmonic_cadence			"{""target_index"": ""27th""}"	What is the chord progression between the 27th chord and the next one?	Drese_JesuGehVoran	chorale-bricks	Drese_JesuGehVoran	data/chorale-bricks/Drese_JesuGehVoran	v - v	"[""I - I"", ""I - IV"", ""I - V"", ""I - fI"", ""I - i"", ""I - v"", ""I - vi"", ""II - v"", ""III - III"", ""III - IV"", ""III - VI"", ""III - VII"", ""III - fIII"", ""III - iv"", ""IV - I"", ""IV - V"", ""IV - VII"", ""IV - fIV"", ""IV - i"", ""IV - ii"", ""V - I"", ""V - IV"", ""V - V"", ""V - VI"", ""V - fV"", ""V - i"", ""V - iv"", ""V - v"", ""V - vi"", ""V7 - I"", ""V7 - VI"", ""V7 - fV7"", ""V7 - i"", ""V7 - vi"", ""VI - III"", ""VI - V"", ""VI - VII"", ""VI - fVI"", ""VI - ii"", ""VI - iv"", ""VII - III"", ""VII - IV"", ""VII - VII"", ""VII - i"", ""VII - ii"", ""VII - iv"", ""VII - v"", ""i - I"", ""i - III"", ""i - IV"", ""i - V"", ""i - VI"", ""i - VII"", ""i - fi"", ""i - i"", ""i - iv"", ""ii - III"", ""ii - IV"", ""ii - V"", ""ii - V7"", ""ii - fii"", ""ii - iv"", ""ii - v"", ""ii - vi"", ""ii7 - V"", ""ii7 - fii7"", ""iii - IV"", ""iii - fiii"", ""iii - vi"", ""iv - I"", ""iv - III"", ""iv - V"", ""iv - VII"", ""iv - fiv"", ""iv - i"", ""iv - ii"", ""v - II"", ""v - III"", ""v - IV"", ""v - V"", ""v - VI"", ""v - fv"", ""v - i"", ""vi - I"", ""vi - V"", ""vi - fvi"", ""vi - ii"", ""vi - iv"", ""vi - vi"", ""vii - I"", ""vii - fvii"", ""vii - i"", ""vii7 - I"", ""vii7 - fvii7"", ""vii7 - i""]"	"[""vi - iv"", ""I - fI"", ""VI - fVI"", ""V7 - vi"", ""I - v"", ""iv - ii"", ""iii - vi"", ""i - V"", ""IV - I"", ""i - i"", ""v - i"", ""VII - IV"", ""VI - iv"", ""iv - III"", ""IV - V"", ""ii - fii"", ""V - I"", ""VI - V"", ""vi - V"", ""iv - I"", ""iii - IV"", ""VI - III"", ""IV - i"", ""v - II"", ""vi - I"", ""i - III"", ""VII - v"", ""iv - i"", ""iv - fiv"", ""VII - i"", ""vi - ii"", ""iv - V"", ""IV - fIV"", ""V - V"", ""i - VII"", ""ii7 - V"", ""ii - IV"", ""V7 - VI"", ""v - fv"", ""VI - VII"", ""ii - iv"", ""IV - ii"", ""I - vi"", ""VII - iv"", ""VII - VII"", ""ii7 - fii7"", ""ii - v"", ""v - III"", ""ii - III"", ""V - vi"", ""II - v"", ""III - IV"", ""ii - V"", ""I - i"", ""III - fIII"", ""III - VI"", ""vii7 - I"", ""ii - V7"", ""i - VI"", ""V7 - fV7"", ""i - I"", ""ii - vi"", ""I - I"", ""v - V"", ""iii - fiii"", ""V - IV"", ""vi - fvi"", ""v - VI"", ""I - IV"", ""V - v"", ""V - iv"", ""I - V"", ""iv - VII"", ""i - fi"", ""V7 - i"", ""IV - VII"", ""V - VI"", ""VII - III"", ""i - IV"", ""V - i"", ""vii7 - i"", ""vii - i"", ""VI - ii"", ""V - fV"", ""v - IV"", ""VII - ii"", ""III - iv"", ""vii - fvii"", ""V7 - I"", ""vii7 - fvii7"", ""vii - I"", ""vi - vi"", ""III - VII"", ""i - iv"", ""III - III""]"	symbolic	symbolic.abc.txt	data/chorale-bricks/Drese_JesuGehVoran/symbolic.abc.txt	none of the other options is correct	"[""none of the other options is correct"", ""vi - iv"", ""I - fI"", ""VI - fVI"", ""V7 - vi""]"	0.2	1	"[""A"", ""B"", ""C"", ""D"", ""E""]"	"{""A"": ""none of the other options is correct"", ""B"": ""vi - iv"", ""C"": ""I - fI"", ""D"": ""VI - fVI"", ""E"": ""V7 - vi""}"	"[""(A) none of the other options is correct"", ""(B) vi - iv"", ""(C) I - fI"", ""(D) VI - fVI"", ""(E) V7 - vi""]"	(A) none of the other options is correct	A
a48c8a4c-8e75-54ae-847c-d80349fee7ea	11	perception	harmony	relative	harmony-relative	harmonic-recognition		cadence recognition	What is the chord progression between the {target_index} chord and the next one?	"[""target_index""]"	get_harmonic_cadence			"{""target_index"": ""27th""}"	What is the chord progression between the 27th chord and the next one?	Drese_JesuGehVoran	chorale-bricks	Drese_JesuGehVoran	data/chorale-bricks/Drese_JesuGehVoran	v - v	"[""I - I"", ""I - IV"", ""I - V"", ""I - fI"", ""I - i"", ""I - v"", ""I - vi"", ""II - v"", ""III - III"", ""III - IV"", ""III - VI"", ""III - VII"", ""III - fIII"", ""III - iv"", ""IV - I"", ""IV - V"", ""IV - VII"", ""IV - fIV"", ""IV - i"", ""IV - ii"", ""V - I"", ""V - IV"", ""V - V"", ""V - VI"", ""V - fV"", ""V - i"", ""V - iv"", ""V - v"", ""V - vi"", ""V7 - I"", ""V7 - VI"", ""V7 - fV7"", ""V7 - i"", ""V7 - vi"", ""VI - III"", ""VI - V"", ""VI - VII"", ""VI - fVI"", ""VI - ii"", ""VI - iv"", ""VII - III"", ""VII - IV"", ""VII - VII"", ""VII - i"", ""VII - ii"", ""VII - iv"", ""VII - v"", ""i - I"", ""i - III"", ""i - IV"", ""i - V"", ""i - VI"", ""i - VII"", ""i - fi"", ""i - i"", ""i - iv"", ""ii - III"", ""ii - IV"", ""ii - V"", ""ii - V7"", ""ii - fii"", ""ii - iv"", ""ii - v"", ""ii - vi"", ""ii7 - V"", ""ii7 - fii7"", ""iii - IV"", ""iii - fiii"", ""iii - vi"", ""iv - I"", ""iv - III"", ""iv - V"", ""iv - VII"", ""iv - fiv"", ""iv - i"", ""iv - ii"", ""v - II"", ""v - III"", ""v - IV"", ""v - V"", ""v - VI"", ""v - fv"", ""v - i"", ""vi - I"", ""vi - V"", ""vi - fvi"", ""vi - ii"", ""vi - iv"", ""vi - vi"", ""vii - I"", ""vii - fvii"", ""vii - i"", ""vii7 - I"", ""vii7 - fvii7"", ""vii7 - i""]"	"[""vi - iv"", ""I - fI"", ""VI - fVI"", ""V7 - vi"", ""I - v"", ""iv - ii"", ""iii - vi"", ""i - V"", ""IV - I"", ""i - i"", ""v - i"", ""VII - IV"", ""VI - iv"", ""iv - III"", ""IV - V"", ""ii - fii"", ""V - I"", ""VI - V"", ""vi - V"", ""iv - I"", ""iii - IV"", ""VI - III"", ""IV - i"", ""v - II"", ""vi - I"", ""i - III"", ""VII - v"", ""iv - i"", ""iv - fiv"", ""VII - i"", ""vi - ii"", ""iv - V"", ""IV - fIV"", ""V - V"", ""i - VII"", ""ii7 - V"", ""ii - IV"", ""V7 - VI"", ""v - fv"", ""VI - VII"", ""ii - iv"", ""IV - ii"", ""I - vi"", ""VII - iv"", ""VII - VII"", ""ii7 - fii7"", ""ii - v"", ""v - III"", ""ii - III"", ""V - vi"", ""II - v"", ""III - IV"", ""ii - V"", ""I - i"", ""III - fIII"", ""III - VI"", ""vii7 - I"", ""ii - V7"", ""i - VI"", ""V7 - fV7"", ""i - I"", ""ii - vi"", ""I - I"", ""v - V"", ""iii - fiii"", ""V - IV"", ""vi - fvi"", ""v - VI"", ""I - IV"", ""V - v"", ""V - iv"", ""I - V"", ""iv - VII"", ""i - fi"", ""V7 - i"", ""IV - VII"", ""V - VI"", ""VII - III"", ""i - IV"", ""V - i"", ""vii7 - i"", ""vii - i"", ""VI - ii"", ""V - fV"", ""v - IV"", ""VII - ii"", ""III - iv"", ""vii - fvii"", ""V7 - I"", ""vii7 - fvii7"", ""vii - I"", ""vi - vi"", ""III - VII"", ""i - iv"", ""III - III""]"	visual	visual.short.png	data/chorale-bricks/Drese_JesuGehVoran/visual.short.png	none of the other options is correct	"[""none of the other options is correct"", ""vi - iv"", ""I - fI"", ""VI - fVI"", ""V7 - vi""]"	0.2	1	"[""A"", ""B"", ""C"", ""D"", ""E""]"	"{""A"": ""none of the other options is correct"", ""B"": ""vi - iv"", ""C"": ""V7 - vi"", ""D"": ""I - fI"", ""E"": ""VI - fVI""}"	"[""(A) none of the other options is correct"", ""(B) vi - iv"", ""(C) V7 - vi"", ""(D) I - fI"", ""(E) VI - fVI""]"	(A) none of the other options is correct	A
0b7150c0-63ff-53e5-9b5b-2b906ad2ad40	11	perception	harmony	relative	harmony-relative	harmonic-recognition		cadence recognition	What is the chord progression between the {target_index} chord and the next one?	"[""target_index""]"	get_harmonic_cadence			"{""target_index"": ""41st""}"	What is the chord progression between the 41st chord and the next one?	Bach_IchStehAnDeinerKrippe	chorale-bricks	Bach_IchStehAnDeinerKrippe	data/chorale-bricks/Bach_IchStehAnDeinerKrippe	VII - i	"[""I - I"", ""I - IV"", ""I - V"", ""I - fI"", ""I - i"", ""I - v"", ""I - vi"", ""II - v"", ""III - III"", ""III - IV"", ""III - VI"", ""III - VII"", ""III - fIII"", ""III - iv"", ""IV - I"", ""IV - V"", ""IV - VII"", ""IV - fIV"", ""IV - i"", ""IV - ii"", ""V - I"", ""V - IV"", ""V - V"", ""V - VI"", ""V - fV"", ""V - i"", ""V - iv"", ""V - v"", ""V - vi"", ""V7 - I"", ""V7 - VI"", ""V7 - fV7"", ""V7 - i"", ""V7 - vi"", ""VI - III"", ""VI - V"", ""VI - VII"", ""VI - fVI"", ""VI - ii"", ""VI - iv"", ""VII - III"", ""VII - IV"", ""VII - VII"", ""VII - ii"", ""VII - iv"", ""VII - v"", ""i - I"", ""i - III"", ""i - IV"", ""i - V"", ""i - VI"", ""i - VII"", ""i - fi"", ""i - i"", ""i - iv"", ""ii - III"", ""ii - IV"", ""ii - V"", ""ii - V7"", ""ii - fii"", ""ii - iv"", ""ii - v"", ""ii - vi"", ""ii7 - V"", ""ii7 - fii7"", ""iii - IV"", ""iii - fiii"", ""iii - vi"", ""iv - I"", ""iv - III"", ""iv - V"", ""iv - VII"", ""iv - fiv"", ""iv - i"", ""iv - ii"", ""v - II"", ""v - III"", ""v - IV"", ""v - V"", ""v - VI"", ""v - fv"", ""v - i"", ""v - v"", ""vi - I"", ""vi - V"", ""vi - fvi"", ""vi - ii"", ""vi - iv"", ""vi - vi"", ""vii - I"", ""vii - fvii"", ""vii - i"", ""vii7 - I"", ""vii7 - fvii7"", ""vii7 - i""]"	"[""ii - vi"", ""VII - IV"", ""V7 - I"", ""vi - fvi"", ""ii - V"", ""IV - I"", ""vii - fvii"", ""VI - VII"", ""V - IV"", ""iv - ii"", ""iv - fiv"", ""VI - ii"", ""VI - V"", ""ii - iv"", ""ii - V7"", ""v - III"", ""V - I"", ""I - vi"", ""vii - i"", ""ii - fii"", ""VII - v"", ""I - fI"", ""IV - VII"", ""vi - iv"", ""i - V"", ""V - VI"", ""V - vi"", ""v - v"", ""III - iv"", ""v - IV"", ""III - VII"", ""iii - fiii"", ""ii7 - fii7"", ""i - III"", ""VI - fVI"", ""i - VI"", ""IV - i"", ""v - V"", ""i - fi"", ""V - fV"", ""V7 - VI"", ""vii7 - fvii7"", ""v - fv"", ""I - I"", ""ii7 - V"", ""ii - III"", ""V - i"", ""I - V"", ""vi - I"", ""V - V"", ""iv - VII"", ""vi - V"", ""i - VII"", ""i - IV"", ""vii - I"", ""vi - ii"", ""V - iv"", ""VI - iv"", ""VII - ii"", ""V7 - fV7"", ""iv - i"", ""vii7 - I"", ""IV - V"", ""iv - III"", ""iii - IV"", ""V7 - i"", ""vii7 - i"", ""iii - vi"", ""III - fIII"", ""i - I"", ""i - iv"", ""I - i"", ""i - i"", ""ii - IV"", ""v - i"", ""III - III"", ""II - v"", ""V - v"", ""ii - v"", ""III - VI"", ""IV - ii"", ""I - IV"", ""iv - V"", ""VII - iv"", ""VI - III"", ""iv - I"", ""v - VI"", ""v - II"", ""I - v"", ""V7 - vi"", ""IV - fIV"", ""III - IV"", ""VII - III"", ""vi - vi"", ""VII - VII""]"	audio	audio.mastermix.wav	data/chorale-bricks/Bach_IchStehAnDeinerKrippe/audio.mastermix.wav	VII - i	"[""VII - i"", ""none of the other options is correct"", ""ii - vi"", ""VII - IV"", ""V7 - I""]"	0.2	0	"[""A"", ""B"", ""C"", ""D"", ""E""]"	"{""A"": ""V7 - I"", ""B"": ""VII - IV"", ""C"": ""VII - i"", ""D"": ""none of the other options is correct"", ""E"": ""ii - vi""}"	"[""(A) V7 - I"", ""(B) VII - IV"", ""(C) VII - i"", ""(D) none of the other options is correct"", ""(E) ii - vi""]"	(C) VII - i	C
6b115d3b-27b6-5433-9d71-72326e04086c	11	perception	harmony	relative	harmony-relative	harmonic-recognition		cadence recognition	What is the chord progression between the {target_index} chord and the next one?	"[""target_index""]"	get_harmonic_cadence			"{""target_index"": ""41st""}"	What is the chord progression between the 41st chord and the next one?	Bach_IchStehAnDeinerKrippe	chorale-bricks	Bach_IchStehAnDeinerKrippe	data/chorale-bricks/Bach_IchStehAnDeinerKrippe	VII - i	"[""I - I"", ""I - IV"", ""I - V"", ""I - fI"", ""I - i"", ""I - v"", ""I - vi"", ""II - v"", ""III - III"", ""III - IV"", ""III - VI"", ""III - VII"", ""III - fIII"", ""III - iv"", ""IV - I"", ""IV - V"", ""IV - VII"", ""IV - fIV"", ""IV - i"", ""IV - ii"", ""V - I"", ""V - IV"", ""V - V"", ""V - VI"", ""V - fV"", ""V - i"", ""V - iv"", ""V - v"", ""V - vi"", ""V7 - I"", ""V7 - VI"", ""V7 - fV7"", ""V7 - i"", ""V7 - vi"", ""VI - III"", ""VI - V"", ""VI - VII"", ""VI - fVI"", ""VI - ii"", ""VI - iv"", ""VII - III"", ""VII - IV"", ""VII - VII"", ""VII - ii"", ""VII - iv"", ""VII - v"", ""i - I"", ""i - III"", ""i - IV"", ""i - V"", ""i - VI"", ""i - VII"", ""i - fi"", ""i - i"", ""i - iv"", ""ii - III"", ""ii - IV"", ""ii - V"", ""ii - V7"", ""ii - fii"", ""ii - iv"", ""ii - v"", ""ii - vi"", ""ii7 - V"", ""ii7 - fii7"", ""iii - IV"", ""iii - fiii"", ""iii - vi"", ""iv - I"", ""iv - III"", ""iv - V"", ""iv - VII"", ""iv - fiv"", ""iv - i"", ""iv - ii"", ""v - II"", ""v - III"", ""v - IV"", ""v - V"", ""v - VI"", ""v - fv"", ""v - i"", ""v - v"", ""vi - I"", ""vi - V"", ""vi - fvi"", ""vi - ii"", ""vi - iv"", ""vi - vi"", ""vii - I"", ""vii - fvii"", ""vii - i"", ""vii7 - I"", ""vii7 - fvii7"", ""vii7 - i""]"	"[""ii - vi"", ""VII - IV"", ""V7 - I"", ""vi - fvi"", ""ii - V"", ""IV - I"", ""vii - fvii"", ""VI - VII"", ""V - IV"", ""iv - ii"", ""iv - fiv"", ""VI - ii"", ""VI - V"", ""ii - iv"", ""ii - V7"", ""v - III"", ""V - I"", ""I - vi"", ""vii - i"", ""ii - fii"", ""VII - v"", ""I - fI"", ""IV - VII"", ""vi - iv"", ""i - V"", ""V - VI"", ""V - vi"", ""v - v"", ""III - iv"", ""v - IV"", ""III - VII"", ""iii - fiii"", ""ii7 - fii7"", ""i - III"", ""VI - fVI"", ""i - VI"", ""IV - i"", ""v - V"", ""i - fi"", ""V - fV"", ""V7 - VI"", ""vii7 - fvii7"", ""v - fv"", ""I - I"", ""ii7 - V"", ""ii - III"", ""V - i"", ""I - V"", ""vi - I"", ""V - V"", ""iv - VII"", ""vi - V"", ""i - VII"", ""i - IV"", ""vii - I"", ""vi - ii"", ""V - iv"", ""VI - iv"", ""VII - ii"", ""V7 - fV7"", ""iv - i"", ""vii7 - I"", ""IV - V"", ""iv - III"", ""iii - IV"", ""V7 - i"", ""vii7 - i"", ""iii - vi"", ""III - fIII"", ""i - I"", ""i - iv"", ""I - i"", ""i - i"", ""ii - IV"", ""v - i"", ""III - III"", ""II - v"", ""V - v"", ""ii - v"", ""III - VI"", ""IV - ii"", ""I - IV"", ""iv - V"", ""VII - iv"", ""VI - III"", ""iv - I"", ""v - VI"", ""v - II"", ""I - v"", ""V7 - vi"", ""IV - fIV"", ""III - IV"", ""VII - III"", ""vi - vi"", ""VII - VII""]"	symbolic	symbolic.abc.txt	data/chorale-bricks/Bach_IchStehAnDeinerKrippe/symbolic.abc.txt	VII - i	"[""VII - i"", ""none of the other options is correct"", ""ii - vi"", ""VII - IV"", ""V7 - I""]"	0.2	0	"[""A"", ""B"", ""C"", ""D"", ""E""]"	"{""A"": ""VII - IV"", ""B"": ""V7 - I"", ""C"": ""VII - i"", ""D"": ""none of the other options is correct"", ""E"": ""ii - vi""}"	"[""(A) VII - IV"", ""(B) V7 - I"", ""(C) VII - i"", ""(D) none of the other options is correct"", ""(E) ii - vi""]"	(C) VII - i	C
6fcdf294-9ff5-5005-a865-bf96426a4568	11	perception	harmony	relative	harmony-relative	harmonic-recognition		cadence recognition	What is the chord progression between the {target_index} chord and the next one?	"[""target_index""]"	get_harmonic_cadence			"{""target_index"": ""41st""}"	What is the chord progression between the 41st chord and the next one?	Bach_IchStehAnDeinerKrippe	chorale-bricks	Bach_IchStehAnDeinerKrippe	data/chorale-bricks/Bach_IchStehAnDeinerKrippe	VII - i	"[""I - I"", ""I - IV"", ""I - V"", ""I - fI"", ""I - i"", ""I - v"", ""I - vi"", ""II - v"", ""III - III"", ""III - IV"", ""III - VI"", ""III - VII"", ""III - fIII"", ""III - iv"", ""IV - I"", ""IV - V"", ""IV - VII"", ""IV - fIV"", ""IV - i"", ""IV - ii"", ""V - I"", ""V - IV"", ""V - V"", ""V - VI"", ""V - fV"", ""V - i"", ""V - iv"", ""V - v"", ""V - vi"", ""V7 - I"", ""V7 - VI"", ""V7 - fV7"", ""V7 - i"", ""V7 - vi"", ""VI - III"", ""VI - V"", ""VI - VII"", ""VI - fVI"", ""VI - ii"", ""VI - iv"", ""VII - III"", ""VII - IV"", ""VII - VII"", ""VII - ii"", ""VII - iv"", ""VII - v"", ""i - I"", ""i - III"", ""i - IV"", ""i - V"", ""i - VI"", ""i - VII"", ""i - fi"", ""i - i"", ""i - iv"", ""ii - III"", ""ii - IV"", ""ii - V"", ""ii - V7"", ""ii - fii"", ""ii - iv"", ""ii - v"", ""ii - vi"", ""ii7 - V"", ""ii7 - fii7"", ""iii - IV"", ""iii - fiii"", ""iii - vi"", ""iv - I"", ""iv - III"", ""iv - V"", ""iv - VII"", ""iv - fiv"", ""iv - i"", ""iv - ii"", ""v - II"", ""v - III"", ""v - IV"", ""v - V"", ""v - VI"", ""v - fv"", ""v - i"", ""v - v"", ""vi - I"", ""vi - V"", ""vi - fvi"", ""vi - ii"", ""vi - iv"", ""vi - vi"", ""vii - I"", ""vii - fvii"", ""vii - i"", ""vii7 - I"", ""vii7 - fvii7"", ""vii7 - i""]"	"[""ii - vi"", ""VII - IV"", ""V7 - I"", ""vi - fvi"", ""ii - V"", ""IV - I"", ""vii - fvii"", ""VI - VII"", ""V - IV"", ""iv - ii"", ""iv - fiv"", ""VI - ii"", ""VI - V"", ""ii - iv"", ""ii - V7"", ""v - III"", ""V - I"", ""I - vi"", ""vii - i"", ""ii - fii"", ""VII - v"", ""I - fI"", ""IV - VII"", ""vi - iv"", ""i - V"", ""V - VI"", ""V - vi"", ""v - v"", ""III - iv"", ""v - IV"", ""III - VII"", ""iii - fiii"", ""ii7 - fii7"", ""i - III"", ""VI - fVI"", ""i - VI"", ""IV - i"", ""v - V"", ""i - fi"", ""V - fV"", ""V7 - VI"", ""vii7 - fvii7"", ""v - fv"", ""I - I"", ""ii7 - V"", ""ii - III"", ""V - i"", ""I - V"", ""vi - I"", ""V - V"", ""iv - VII"", ""vi - V"", ""i - VII"", ""i - IV"", ""vii - I"", ""vi - ii"", ""V - iv"", ""VI - iv"", ""VII - ii"", ""V7 - fV7"", ""iv - i"", ""vii7 - I"", ""IV - V"", ""iv - III"", ""iii - IV"", ""V7 - i"", ""vii7 - i"", ""iii - vi"", ""III - fIII"", ""i - I"", ""i - iv"", ""I - i"", ""i - i"", ""ii - IV"", ""v - i"", ""III - III"", ""II - v"", ""V - v"", ""ii - v"", ""III - VI"", ""IV - ii"", ""I - IV"", ""iv - V"", ""VII - iv"", ""VI - III"", ""iv - I"", ""v - VI"", ""v - II"", ""I - v"", ""V7 - vi"", ""IV - fIV"", ""III - IV"", ""VII - III"", ""vi - vi"", ""VII - VII""]"	visual	visual.short.png	data/chorale-bricks/Bach_IchStehAnDeinerKrippe/visual.short.png	VII - i	"[""VII - i"", ""none of the other options is correct"", ""ii - vi"", ""VII - IV"", ""V7 - I""]"	0.2	0	"[""A"", ""B"", ""C"", ""D"", ""E""]"	"{""A"": ""VII - i"", ""B"": ""VII - IV"", ""C"": ""ii - vi"", ""D"": ""none of the other options is correct"", ""E"": ""V7 - I""}"	"[""(A) VII - i"", ""(B) VII - IV"", ""(C) ii - vi"", ""(D) none of the other options is correct"", ""(E) V7 - I""]"	(A) VII - i	A
13634685-a678-5525-b315-b284aaed7dd2	11	perception	harmony	relative	harmony-relative	harmonic-recognition		cadence recognition	What is the chord progression between the {target_index} chord and the next one?	"[""target_index""]"	get_harmonic_cadence			"{""target_index"": ""37th""}"	What is the chord progression between the 37th chord and the next one?	Anonymous_AusMeinesHerzensGrunde	chorale-bricks	Anonymous_AusMeinesHerzensGrunde	data/chorale-bricks/Anonymous_AusMeinesHerzensGrunde	i - I	"[""I - I"", ""I - IV"", ""I - V"", ""I - fI"", ""I - i"", ""I - v"", ""I - vi"", ""II - v"", ""III - III"", ""III - IV"", ""III - VI"", ""III - VII"", ""III - fIII"", ""III - iv"", ""IV - I"", ""IV - V"", ""IV - VII"", ""IV - fIV"", ""IV - i"", ""IV - ii"", ""V - I"", ""V - IV"", ""V - V"", ""V - VI"", ""V - fV"", ""V - i"", ""V - iv"", ""V - v"", ""V - vi"", ""V7 - I"", ""V7 - VI"", ""V7 - fV7"", ""V7 - i"", ""V7 - vi"", ""VI - III"", ""VI - V"", ""VI - VII"", ""VI - fVI"", ""VI - ii"", ""VI - iv"", ""VII - III"", ""VII - IV"", ""VII - VII"", ""VII - i"", ""VII - ii"", ""VII - iv"", ""VII - v"", ""i - III"", ""i - IV"", ""i - V"", ""i - VI"", ""i - VII"", ""i - fi"", ""i - i"", ""i - iv"", ""ii - III"", ""ii - IV"", ""ii - V"", ""ii - V7"", ""ii - fii"", ""ii - iv"", ""ii - v"", ""ii - vi"", ""ii7 - V"", ""ii7 - fii7"", ""iii - IV"", ""iii - fiii"", ""iii - vi"", ""iv - I"", ""iv - III"", ""iv - V"", ""iv - VII"", ""iv - fiv"", ""iv - i"", ""iv - ii"", ""v - II"", ""v - III"", ""v - IV"", ""v - V"", ""v - VI"", ""v - fv"", ""v - i"", ""v - v"", ""vi - I"", ""vi - V"", ""vi - fvi"", ""vi - ii"", ""vi - iv"", ""vi - vi"", ""vii - I"", ""vii - fvii"", ""vii - i"", ""vii7 - I"", ""vii7 - fvii7"", ""vii7 - i""]"	"[""ii - vi"", ""vii7 - i"", ""iv - V"", ""IV - V"", ""I - v"", ""vi - ii"", ""vi - iv"", ""iii - fiii"", ""iv - i"", ""I - fI"", ""VI - VII"", ""VI - iv"", ""V7 - VI"", ""V7 - vi"", ""v - III"", ""I - V"", ""ii7 - fii7"", ""v - IV"", ""IV - I"", ""III - fIII"", ""vi - fvi"", ""V - iv"", ""ii - iv"", ""VI - ii"", ""IV - fIV"", ""i - V"", ""vii7 - fvii7"", ""i - fi"", ""v - VI"", ""VII - i"", ""I - i"", ""i - VI"", ""V - v"", ""iv - I"", ""VI - V"", ""VII - VII"", ""ii - v"", ""VII - v"", ""III - VI"", ""V7 - fV7"", ""vi - vi"", ""i - IV"", ""v - V"", ""III - iv"", ""v - fv"", ""ii - IV"", ""ii - V"", ""VI - fVI"", ""iv - ii"", ""III - VII"", ""V - VI"", ""vii - i"", ""iii - IV"", ""V - IV"", ""i - iv"", ""II - v"", ""IV - i"", ""VII - iv"", ""vii7 - I"", ""IV - ii"", ""vi - I"", ""i - VII"", ""V7 - I"", ""v - i"", ""i - III"", ""iv - VII"", ""v - II"", ""I - IV"", ""I - vi"", ""vii - fvii"", ""V - V"", ""VII - IV"", ""vi - V"", ""III - III"", ""i - i"", ""ii - fii"", ""iv - III"", ""V - fV"", ""IV - VII"", ""VII - III"", ""III - IV"", ""v - v"", ""V - i"", ""ii - V7"", ""VI - III"", ""ii7 - V"", ""vii - I"", ""VII - ii"", ""I - I"", ""V7 - i"", ""iv - fiv"", ""V - vi"", ""ii - III"", ""iii - vi"", ""V - I""]"	audio	audio.mastermix.wav	data/chorale-bricks/Anonymous_AusMeinesHerzensGrunde/audio.mastermix.wav	i - I	"[""i - I"", ""none of the other options is correct"", ""ii - vi"", ""vii7 - i"", ""iv - V""]"	0.2	0	"[""A"", ""B"", ""C"", ""D"", ""E""]"	"{""A"": ""none of the other options is correct"", ""B"": ""vii7 - i"", ""C"": ""i - I"", ""D"": ""ii - vi"", ""E"": ""iv - V""}"	"[""(A) none of the other options is correct"", ""(B) vii7 - i"", ""(C) i - I"", ""(D) ii - vi"", ""(E) iv - V""]"	(C) i - I	C
b2cc7dec-5c09-57a3-a7b0-4371dc57cf7e	11	perception	harmony	relative	harmony-relative	harmonic-recognition		cadence recognition	What is the chord progression between the {target_index} chord and the next one?	"[""target_index""]"	get_harmonic_cadence			"{""target_index"": ""37th""}"	What is the chord progression between the 37th chord and the next one?	Anonymous_AusMeinesHerzensGrunde	chorale-bricks	Anonymous_AusMeinesHerzensGrunde	data/chorale-bricks/Anonymous_AusMeinesHerzensGrunde	i - I	"[""I - I"", ""I - IV"", ""I - V"", ""I - fI"", ""I - i"", ""I - v"", ""I - vi"", ""II - v"", ""III - III"", ""III - IV"", ""III - VI"", ""III - VII"", ""III - fIII"", ""III - iv"", ""IV - I"", ""IV - V"", ""IV - VII"", ""IV - fIV"", ""IV - i"", ""IV - ii"", ""V - I"", ""V - IV"", ""V - V"", ""V - VI"", ""V - fV"", ""V - i"", ""V - iv"", ""V - v"", ""V - vi"", ""V7 - I"", ""V7 - VI"", ""V7 - fV7"", ""V7 - i"", ""V7 - vi"", ""VI - III"", ""VI - V"", ""VI - VII"", ""VI - fVI"", ""VI - ii"", ""VI - iv"", ""VII - III"", ""VII - IV"", ""VII - VII"", ""VII - i"", ""VII - ii"", ""VII - iv"", ""VII - v"", ""i - III"", ""i - IV"", ""i - V"", ""i - VI"", ""i - VII"", ""i - fi"", ""i - i"", ""i - iv"", ""ii - III"", ""ii - IV"", ""ii - V"", ""ii - V7"", ""ii - fii"", ""ii - iv"", ""ii - v"", ""ii - vi"", ""ii7 - V"", ""ii7 - fii7"", ""iii - IV"", ""iii - fiii"", ""iii - vi"", ""iv - I"", ""iv - III"", ""iv - V"", ""iv - VII"", ""iv - fiv"", ""iv - i"", ""iv - ii"", ""v - II"", ""v - III"", ""v - IV"", ""v - V"", ""v - VI"", ""v - fv"", ""v - i"", ""v - v"", ""vi - I"", ""vi - V"", ""vi - fvi"", ""vi - ii"", ""vi - iv"", ""vi - vi"", ""vii - I"", ""vii - fvii"", ""vii - i"", ""vii7 - I"", ""vii7 - fvii7"", ""vii7 - i""]"	"[""ii - vi"", ""vii7 - i"", ""iv - V"", ""IV - V"", ""I - v"", ""vi - ii"", ""vi - iv"", ""iii - fiii"", ""iv - i"", ""I - fI"", ""VI - VII"", ""VI - iv"", ""V7 - VI"", ""V7 - vi"", ""v - III"", ""I - V"", ""ii7 - fii7"", ""v - IV"", ""IV - I"", ""III - fIII"", ""vi - fvi"", ""V - iv"", ""ii - iv"", ""VI - ii"", ""IV - fIV"", ""i - V"", ""vii7 - fvii7"", ""i - fi"", ""v - VI"", ""VII - i"", ""I - i"", ""i - VI"", ""V - v"", ""iv - I"", ""VI - V"", ""VII - VII"", ""ii - v"", ""VII - v"", ""III - VI"", ""V7 - fV7"", ""vi - vi"", ""i - IV"", ""v - V"", ""III - iv"", ""v - fv"", ""ii - IV"", ""ii - V"", ""VI - fVI"", ""iv - ii"", ""III - VII"", ""V - VI"", ""vii - i"", ""iii - IV"", ""V - IV"", ""i - iv"", ""II - v"", ""IV - i"", ""VII - iv"", ""vii7 - I"", ""IV - ii"", ""vi - I"", ""i - VII"", ""V7 - I"", ""v - i"", ""i - III"", ""iv - VII"", ""v - II"", ""I - IV"", ""I - vi"", ""vii - fvii"", ""V - V"", ""VII - IV"", ""vi - V"", ""III - III"", ""i - i"", ""ii - fii"", ""iv - III"", ""V - fV"", ""IV - VII"", ""VII - III"", ""III - IV"", ""v - v"", ""V - i"", ""ii - V7"", ""VI - III"", ""ii7 - V"", ""vii - I"", ""VII - ii"", ""I - I"", ""V7 - i"", ""iv - fiv"", ""V - vi"", ""ii - III"", ""iii - vi"", ""V - I""]"	symbolic	symbolic.abc.txt	data/chorale-bricks/Anonymous_AusMeinesHerzensGrunde/symbolic.abc.txt	i - I	"[""i - I"", ""none of the other options is correct"", ""ii - vi"", ""vii7 - i"", ""iv - V""]"	0.2	0	"[""A"", ""B"", ""C"", ""D"", ""E""]"	"{""A"": ""vii7 - i"", ""B"": ""ii - vi"", ""C"": ""i - I"", ""D"": ""iv - V"", ""E"": ""none of the other options is correct""}"	"[""(A) vii7 - i"", ""(B) ii - vi"", ""(C) i - I"", ""(D) iv - V"", ""(E) none of the other options is correct""]"	(C) i - I	C
77990799-30e5-5bc4-bac1-fee049f501a8	11	perception	harmony	relative	harmony-relative	harmonic-recognition		cadence recognition	What is the chord progression between the {target_index} chord and the next one?	"[""target_index""]"	get_harmonic_cadence			"{""target_index"": ""37th""}"	What is the chord progression between the 37th chord and the next one?	Anonymous_AusMeinesHerzensGrunde	chorale-bricks	Anonymous_AusMeinesHerzensGrunde	data/chorale-bricks/Anonymous_AusMeinesHerzensGrunde	i - I	"[""I - I"", ""I - IV"", ""I - V"", ""I - fI"", ""I - i"", ""I - v"", ""I - vi"", ""II - v"", ""III - III"", ""III - IV"", ""III - VI"", ""III - VII"", ""III - fIII"", ""III - iv"", ""IV - I"", ""IV - V"", ""IV - VII"", ""IV - fIV"", ""IV - i"", ""IV - ii"", ""V - I"", ""V - IV"", ""V - V"", ""V - VI"", ""V - fV"", ""V - i"", ""V - iv"", ""V - v"", ""V - vi"", ""V7 - I"", ""V7 - VI"", ""V7 - fV7"", ""V7 - i"", ""V7 - vi"", ""VI - III"", ""VI - V"", ""VI - VII"", ""VI - fVI"", ""VI - ii"", ""VI - iv"", ""VII - III"", ""VII - IV"", ""VII - VII"", ""VII - i"", ""VII - ii"", ""VII - iv"", ""VII - v"", ""i - III"", ""i - IV"", ""i - V"", ""i - VI"", ""i - VII"", ""i - fi"", ""i - i"", ""i - iv"", ""ii - III"", ""ii - IV"", ""ii - V"", ""ii - V7"", ""ii - fii"", ""ii - iv"", ""ii - v"", ""ii - vi"", ""ii7 - V"", ""ii7 - fii7"", ""iii - IV"", ""iii - fiii"", ""iii - vi"", ""iv - I"", ""iv - III"", ""iv - V"", ""iv - VII"", ""iv - fiv"", ""iv - i"", ""iv - ii"", ""v - II"", ""v - III"", ""v - IV"", ""v - V"", ""v - VI"", ""v - fv"", ""v - i"", ""v - v"", ""vi - I"", ""vi - V"", ""vi - fvi"", ""vi - ii"", ""vi - iv"", ""vi - vi"", ""vii - I"", ""vii - fvii"", ""vii - i"", ""vii7 - I"", ""vii7 - fvii7"", ""vii7 - i""]"	"[""ii - vi"", ""vii7 - i"", ""iv - V"", ""IV - V"", ""I - v"", ""vi - ii"", ""vi - iv"", ""iii - fiii"", ""iv - i"", ""I - fI"", ""VI - VII"", ""VI - iv"", ""V7 - VI"", ""V7 - vi"", ""v - III"", ""I - V"", ""ii7 - fii7"", ""v - IV"", ""IV - I"", ""III - fIII"", ""vi - fvi"", ""V - iv"", ""ii - iv"", ""VI - ii"", ""IV - fIV"", ""i - V"", ""vii7 - fvii7"", ""i - fi"", ""v - VI"", ""VII - i"", ""I - i"", ""i - VI"", ""V - v"", ""iv - I"", ""VI - V"", ""VII - VII"", ""ii - v"", ""VII - v"", ""III - VI"", ""V7 - fV7"", ""vi - vi"", ""i - IV"", ""v - V"", ""III - iv"", ""v - fv"", ""ii - IV"", ""ii - V"", ""VI - fVI"", ""iv - ii"", ""III - VII"", ""V - VI"", ""vii - i"", ""iii - IV"", ""V - IV"", ""i - iv"", ""II - v"", ""IV - i"", ""VII - iv"", ""vii7 - I"", ""IV - ii"", ""vi - I"", ""i - VII"", ""V7 - I"", ""v - i"", ""i - III"", ""iv - VII"", ""v - II"", ""I - IV"", ""I - vi"", ""vii - fvii"", ""V - V"", ""VII - IV"", ""vi - V"", ""III - III"", ""i - i"", ""ii - fii"", ""iv - III"", ""V - fV"", ""IV - VII"", ""VII - III"", ""III - IV"", ""v - v"", ""V - i"", ""ii - V7"", ""VI - III"", ""ii7 - V"", ""vii - I"", ""VII - ii"", ""I - I"", ""V7 - i"", ""iv - fiv"", ""V - vi"", ""ii - III"", ""iii - vi"", ""V - I""]"	visual	visual.short.png	data/chorale-bricks/Anonymous_AusMeinesHerzensGrunde/visual.short.png	i - I	"[""i - I"", ""none of the other options is correct"", ""ii - vi"", ""vii7 - i"", ""iv - V""]"	0.2	0	"[""A"", ""B"", ""C"", ""D"", ""E""]"	"{""A"": ""none of the other options is correct"", ""B"": ""i - I"", ""C"": ""vii7 - i"", ""D"": ""iv - V"", ""E"": ""ii - vi""}"	"[""(A) none of the other options is correct"", ""(B) i - I"", ""(C) vii7 - i"", ""(D) iv - V"", ""(E) ii - vi""]"	(B) i - I	B
42301293-93b3-5a3b-afe6-5cb5a51e998a	11	perception	harmony	relative	harmony-relative	harmonic-recognition		cadence recognition	What is the chord progression between the {target_index} chord and the next one?	"[""target_index""]"	get_harmonic_cadence			"{""target_index"": ""18th""}"	What is the chord progression between the 18th chord and the next one?	Crueger_AufAufMeinHerzMitFreuden	chorale-bricks	Crueger_AufAufMeinHerzMitFreuden	data/chorale-bricks/Crueger_AufAufMeinHerzMitFreuden	vi - I	"[""I - I"", ""I - IV"", ""I - V"", ""I - fI"", ""I - i"", ""I - v"", ""I - vi"", ""II - v"", ""III - III"", ""III - IV"", ""III - VI"", ""III - VII"", ""III - fIII"", ""III - iv"", ""IV - I"", ""IV - V"", ""IV - VII"", ""IV - fIV"", ""IV - i"", ""IV - ii"", ""V - I"", ""V - IV"", ""V - V"", ""V - VI"", ""V - fV"", ""V - i"", ""V - iv"", ""V - v"", ""V - vi"", ""V7 - I"", ""V7 - VI"", ""V7 - fV7"", ""V7 - i"", ""V7 - vi"", ""VI - III"", ""VI - V"", ""VI - VII"", ""VI - fVI"", ""VI - ii"", ""VI - iv"", ""VII - III"", ""VII - IV"", ""VII - VII"", ""VII - i"", ""VII - ii"", ""VII - iv"", ""VII - v"", ""i - I"", ""i - III"", ""i - IV"", ""i - V"", ""i - VI"", ""i - VII"", ""i - fi"", ""i - i"", ""i - iv"", ""ii - III"", ""ii - IV"", ""ii - V"", ""ii - V7"", ""ii - fii"", ""ii - iv"", ""ii - v"", ""ii - vi"", ""ii7 - V"", ""ii7 - fii7"", ""iii - IV"", ""iii - fiii"", ""iii - vi"", ""iv - I"", ""iv - III"", ""iv - V"", ""iv - VII"", ""iv - fiv"", ""iv - i"", ""iv - ii"", ""v - II"", ""v - III"", ""v - IV"", ""v - V"", ""v - VI"", ""v - fv"", ""v - i"", ""v - v"", ""vi - V"", ""vi - fvi"", ""vi - ii"", ""vi - iv"", ""vi - vi"", ""vii - I"", ""vii - fvii"", ""vii - i"", ""vii7 - I"", ""vii7 - fvii7"", ""vii7 - i""]"	"[""VII - ii"", ""v - fv"", ""iv - i"", ""i - i"", ""III - VII"", ""IV - V"", ""I - vi"", ""V7 - VI"", ""VI - fVI"", ""ii - iv"", ""ii - III"", ""V - i"", ""ii7 - fii7"", ""VI - V"", ""vi - V"", ""v - IV"", ""iv - I"", ""VII - v"", ""VII - i"", ""vi - fvi"", ""IV - i"", ""i - VII"", ""v - II"", ""v - III"", ""vii7 - I"", ""vi - iv"", ""I - v"", ""ii - vi"", ""VII - III"", ""iv - ii"", ""V - fV"", ""VII - IV"", ""V - v"", ""VI - VII"", ""v - v"", ""ii - v"", ""vii7 - fvii7"", ""iv - VII"", ""IV - fIV"", ""VI - III"", ""ii - V7"", ""i - III"", ""i - I"", ""vii7 - i"", ""IV - ii"", ""ii - fii"", ""v - VI"", ""iii - IV"", ""ii - IV"", ""iv - fiv"", ""vii - fvii"", ""iii - vi"", ""VI - iv"", ""V7 - i"", ""v - i"", ""IV - VII"", ""ii7 - V"", ""vi - ii"", ""iv - III"", ""i - iv"", ""IV - I"", ""i - VI"", ""V - I"", ""III - IV"", ""i - IV"", ""III - fIII"", ""V7 - vi"", ""iii - fiii"", ""V - VI"", ""i - fi"", ""vii - I"", ""v - V"", ""V - vi"", ""V - iv"", ""III - VI"", ""I - IV"", ""iv - V"", ""vi - vi"", ""i - V"", ""vii - i"", ""V - V"", ""V - IV"", ""V7 - fV7"", ""V7 - I"", ""VII - VII"", ""VI - ii"", ""I - I"", ""III - iv"", ""I - i"", ""I - V"", ""II - v"", ""I - fI"", ""ii - V"", ""III - III"", ""VII - iv""]"	audio	audio.mastermix.wav	data/chorale-bricks/Crueger_AufAufMeinHerzMitFreuden/audio.mastermix.wav	vi - I	"[""vi - I"", ""none of the other options is correct"", ""VII - ii"", ""v - fv"", ""iv - i""]"	0.2	0	"[""A"", ""B"", ""C"", ""D"", ""E""]"	"{""A"": ""v - fv"", ""B"": ""none of the other options is correct"", ""C"": ""VII - ii"", ""D"": ""iv - i"", ""E"": ""vi - I""}"	"[""(A) v - fv"", ""(B) none of the other options is correct"", ""(C) VII - ii"", ""(D) iv - i"", ""(E) vi - I""]"	(E) vi - I	E
07752460-08d4-5cb4-a631-ff2e1128d560	11	perception	harmony	relative	harmony-relative	harmonic-recognition		cadence recognition	What is the chord progression between the {target_index} chord and the next one?	"[""target_index""]"	get_harmonic_cadence			"{""target_index"": ""18th""}"	What is the chord progression between the 18th chord and the next one?	Crueger_AufAufMeinHerzMitFreuden	chorale-bricks	Crueger_AufAufMeinHerzMitFreuden	data/chorale-bricks/Crueger_AufAufMeinHerzMitFreuden	vi - I	"[""I - I"", ""I - IV"", ""I - V"", ""I - fI"", ""I - i"", ""I - v"", ""I - vi"", ""II - v"", ""III - III"", ""III - IV"", ""III - VI"", ""III - VII"", ""III - fIII"", ""III - iv"", ""IV - I"", ""IV - V"", ""IV - VII"", ""IV - fIV"", ""IV - i"", ""IV - ii"", ""V - I"", ""V - IV"", ""V - V"", ""V - VI"", ""V - fV"", ""V - i"", ""V - iv"", ""V - v"", ""V - vi"", ""V7 - I"", ""V7 - VI"", ""V7 - fV7"", ""V7 - i"", ""V7 - vi"", ""VI - III"", ""VI - V"", ""VI - VII"", ""VI - fVI"", ""VI - ii"", ""VI - iv"", ""VII - III"", ""VII - IV"", ""VII - VII"", ""VII - i"", ""VII - ii"", ""VII - iv"", ""VII - v"", ""i - I"", ""i - III"", ""i - IV"", ""i - V"", ""i - VI"", ""i - VII"", ""i - fi"", ""i - i"", ""i - iv"", ""ii - III"", ""ii - IV"", ""ii - V"", ""ii - V7"", ""ii - fii"", ""ii - iv"", ""ii - v"", ""ii - vi"", ""ii7 - V"", ""ii7 - fii7"", ""iii - IV"", ""iii - fiii"", ""iii - vi"", ""iv - I"", ""iv - III"", ""iv - V"", ""iv - VII"", ""iv - fiv"", ""iv - i"", ""iv - ii"", ""v - II"", ""v - III"", ""v - IV"", ""v - V"", ""v - VI"", ""v - fv"", ""v - i"", ""v - v"", ""vi - V"", ""vi - fvi"", ""vi - ii"", ""vi - iv"", ""vi - vi"", ""vii - I"", ""vii - fvii"", ""vii - i"", ""vii7 - I"", ""vii7 - fvii7"", ""vii7 - i""]"	"[""VII - ii"", ""v - fv"", ""iv - i"", ""i - i"", ""III - VII"", ""IV - V"", ""I - vi"", ""V7 - VI"", ""VI - fVI"", ""ii - iv"", ""ii - III"", ""V - i"", ""ii7 - fii7"", ""VI - V"", ""vi - V"", ""v - IV"", ""iv - I"", ""VII - v"", ""VII - i"", ""vi - fvi"", ""IV - i"", ""i - VII"", ""v - II"", ""v - III"", ""vii7 - I"", ""vi - iv"", ""I - v"", ""ii - vi"", ""VII - III"", ""iv - ii"", ""V - fV"", ""VII - IV"", ""V - v"", ""VI - VII"", ""v - v"", ""ii - v"", ""vii7 - fvii7"", ""iv - VII"", ""IV - fIV"", ""VI - III"", ""ii - V7"", ""i - III"", ""i - I"", ""vii7 - i"", ""IV - ii"", ""ii - fii"", ""v - VI"", ""iii - IV"", ""ii - IV"", ""iv - fiv"", ""vii - fvii"", ""iii - vi"", ""VI - iv"", ""V7 - i"", ""v - i"", ""IV - VII"", ""ii7 - V"", ""vi - ii"", ""iv - III"", ""i - iv"", ""IV - I"", ""i - VI"", ""V - I"", ""III - IV"", ""i - IV"", ""III - fIII"", ""V7 - vi"", ""iii - fiii"", ""V - VI"", ""i - fi"", ""vii - I"", ""v - V"", ""V - vi"", ""V - iv"", ""III - VI"", ""I - IV"", ""iv - V"", ""vi - vi"", ""i - V"", ""vii - i"", ""V - V"", ""V - IV"", ""V7 - fV7"", ""V7 - I"", ""VII - VII"", ""VI - ii"", ""I - I"", ""III - iv"", ""I - i"", ""I - V"", ""II - v"", ""I - fI"", ""ii - V"", ""III - III"", ""VII - iv""]"	symbolic	symbolic.abc.txt	data/chorale-bricks/Crueger_AufAufMeinHerzMitFreuden/symbolic.abc.txt	vi - I	"[""vi - I"", ""none of the other options is correct"", ""VII - ii"", ""v - fv"", ""iv - i""]"	0.2	0	"[""A"", ""B"", ""C"", ""D"", ""E""]"	"{""A"": ""v - fv"", ""B"": ""iv - i"", ""C"": ""VII - ii"", ""D"": ""none of the other options is correct"", ""E"": ""vi - I""}"	"[""(A) v - fv"", ""(B) iv - i"", ""(C) VII - ii"", ""(D) none of the other options is correct"", ""(E) vi - I""]"	(E) vi - I	E
9def7586-d4e9-5c60-91e1-91d0cd200a2c	11	perception	harmony	relative	harmony-relative	harmonic-recognition		cadence recognition	What is the chord progression between the {target_index} chord and the next one?	"[""target_index""]"	get_harmonic_cadence			"{""target_index"": ""18th""}"	What is the chord progression between the 18th chord and the next one?	Crueger_AufAufMeinHerzMitFreuden	chorale-bricks	Crueger_AufAufMeinHerzMitFreuden	data/chorale-bricks/Crueger_AufAufMeinHerzMitFreuden	vi - I	"[""I - I"", ""I - IV"", ""I - V"", ""I - fI"", ""I - i"", ""I - v"", ""I - vi"", ""II - v"", ""III - III"", ""III - IV"", ""III - VI"", ""III - VII"", ""III - fIII"", ""III - iv"", ""IV - I"", ""IV - V"", ""IV - VII"", ""IV - fIV"", ""IV - i"", ""IV - ii"", ""V - I"", ""V - IV"", ""V - V"", ""V - VI"", ""V - fV"", ""V - i"", ""V - iv"", ""V - v"", ""V - vi"", ""V7 - I"", ""V7 - VI"", ""V7 - fV7"", ""V7 - i"", ""V7 - vi"", ""VI - III"", ""VI - V"", ""VI - VII"", ""VI - fVI"", ""VI - ii"", ""VI - iv"", ""VII - III"", ""VII - IV"", ""VII - VII"", ""VII - i"", ""VII - ii"", ""VII - iv"", ""VII - v"", ""i - I"", ""i - III"", ""i - IV"", ""i - V"", ""i - VI"", ""i - VII"", ""i - fi"", ""i - i"", ""i - iv"", ""ii - III"", ""ii - IV"", ""ii - V"", ""ii - V7"", ""ii - fii"", ""ii - iv"", ""ii - v"", ""ii - vi"", ""ii7 - V"", ""ii7 - fii7"", ""iii - IV"", ""iii - fiii"", ""iii - vi"", ""iv - I"", ""iv - III"", ""iv - V"", ""iv - VII"", ""iv - fiv"", ""iv - i"", ""iv - ii"", ""v - II"", ""v - III"", ""v - IV"", ""v - V"", ""v - VI"", ""v - fv"", ""v - i"", ""v - v"", ""vi - V"", ""vi - fvi"", ""vi - ii"", ""vi - iv"", ""vi - vi"", ""vii - I"", ""vii - fvii"", ""vii - i"", ""vii7 - I"", ""vii7 - fvii7"", ""vii7 - i""]"	"[""VII - ii"", ""v - fv"", ""iv - i"", ""i - i"", ""III - VII"", ""IV - V"", ""I - vi"", ""V7 - VI"", ""VI - fVI"", ""ii - iv"", ""ii - III"", ""V - i"", ""ii7 - fii7"", ""VI - V"", ""vi - V"", ""v - IV"", ""iv - I"", ""VII - v"", ""VII - i"", ""vi - fvi"", ""IV - i"", ""i - VII"", ""v - II"", ""v - III"", ""vii7 - I"", ""vi - iv"", ""I - v"", ""ii - vi"", ""VII - III"", ""iv - ii"", ""V - fV"", ""VII - IV"", ""V - v"", ""VI - VII"", ""v - v"", ""ii - v"", ""vii7 - fvii7"", ""iv - VII"", ""IV - fIV"", ""VI - III"", ""ii - V7"", ""i - III"", ""i - I"", ""vii7 - i"", ""IV - ii"", ""ii - fii"", ""v - VI"", ""iii - IV"", ""ii - IV"", ""iv - fiv"", ""vii - fvii"", ""iii - vi"", ""VI - iv"", ""V7 - i"", ""v - i"", ""IV - VII"", ""ii7 - V"", ""vi - ii"", ""iv - III"", ""i - iv"", ""IV - I"", ""i - VI"", ""V - I"", ""III - IV"", ""i - IV"", ""III - fIII"", ""V7 - vi"", ""iii - fiii"", ""V - VI"", ""i - fi"", ""vii - I"", ""v - V"", ""V - vi"", ""V - iv"", ""III - VI"", ""I - IV"", ""iv - V"", ""vi - vi"", ""i - V"", ""vii - i"", ""V - V"", ""V - IV"", ""V7 - fV7"", ""V7 - I"", ""VII - VII"", ""VI - ii"", ""I - I"", ""III - iv"", ""I - i"", ""I - V"", ""II - v"", ""I - fI"", ""ii - V"", ""III - III"", ""VII - iv""]"	visual	visual.short.png	data/chorale-bricks/Crueger_AufAufMeinHerzMitFreuden/visual.short.png	vi - I	"[""vi - I"", ""none of the other options is correct"", ""VII - ii"", ""v - fv"", ""iv - i""]"	0.2	0	"[""A"", ""B"", ""C"", ""D"", ""E""]"	"{""A"": ""iv - i"", ""B"": ""VII - ii"", ""C"": ""vi - I"", ""D"": ""v - fv"", ""E"": ""none of the other options is correct""}"	"[""(A) iv - i"", ""(B) VII - ii"", ""(C) vi - I"", ""(D) v - fv"", ""(E) none of the other options is correct""]"	(C) vi - I	C
9c99faa3-049f-5ba7-ad27-a470c0cfd978	11	perception	harmony	relative	harmony-relative	harmonic-recognition		cadence recognition	What is the chord progression between the {target_index} chord and the next one?	"[""target_index""]"	get_harmonic_cadence			"{""target_index"": ""11th""}"	What is the chord progression between the 11th chord and the next one?	Vulpius_ChristusDerIstMeinLeben	chorale-bricks	Vulpius_ChristusDerIstMeinLeben	data/chorale-bricks/Vulpius_ChristusDerIstMeinLeben	V - i	"[""I - I"", ""I - IV"", ""I - V"", ""I - fI"", ""I - i"", ""I - v"", ""I - vi"", ""II - v"", ""III - III"", ""III - IV"", ""III - VI"", ""III - VII"", ""III - fIII"", ""III - iv"", ""IV - I"", ""IV - V"", ""IV - VII"", ""IV - fIV"", ""IV - i"", ""IV - ii"", ""V - I"", ""V - IV"", ""V - V"", ""V - VI"", ""V - fV"", ""V - iv"", ""V - v"", ""V - vi"", ""V7 - I"", ""V7 - VI"", ""V7 - fV7"", ""V7 - i"", ""V7 - vi"", ""VI - III"", ""VI - V"", ""VI - VII"", ""VI - fVI"", ""VI - ii"", ""VI - iv"", ""VII - III"", ""VII - IV"", ""VII - VII"", ""VII - i"", ""VII - ii"", ""VII - iv"", ""VII - v"", ""i - I"", ""i - III"", ""i - IV"", ""i - V"", ""i - VI"", ""i - VII"", ""i - fi"", ""i - i"", ""i - iv"", ""ii - III"", ""ii - IV"", ""ii - V"", ""ii - V7"", ""ii - fii"", ""ii - iv"", ""ii - v"", ""ii - vi"", ""ii7 - V"", ""ii7 - fii7"", ""iii - IV"", ""iii - fiii"", ""iii - vi"", ""iv - I"", ""iv - III"", ""iv - V"", ""iv - VII"", ""iv - fiv"", ""iv - i"", ""iv - ii"", ""v - II"", ""v - III"", ""v - IV"", ""v - V"", ""v - VI"", ""v - fv"", ""v - i"", ""v - v"", ""vi - I"", ""vi - V"", ""vi - fvi"", ""vi - ii"", ""vi - iv"", ""vi - vi"", ""vii - I"", ""vii - fvii"", ""vii - i"", ""vii7 - I"", ""vii7 - fvii7"", ""vii7 - i""]"	"[""III - IV"", ""iii - vi"", ""III - VI"", ""VII - ii"", ""iii - fiii"", ""VI - iv"", ""V7 - I"", ""i - iv"", ""V7 - vi"", ""III - III"", ""V - fV"", ""iv - fiv"", ""VI - V"", ""VII - i"", ""v - v"", ""II - v"", ""ii - vi"", ""v - fv"", ""vii - i"", ""I - IV"", ""vi - ii"", ""iv - III"", ""v - VI"", ""vii - I"", ""IV - V"", ""vi - V"", ""V - IV"", ""iv - i"", ""i - VI"", ""i - i"", ""ii7 - V"", ""vi - fvi"", ""VII - III"", ""vi - vi"", ""v - III"", ""i - III"", ""IV - I"", ""IV - fIV"", ""VI - III"", ""i - fi"", ""V7 - i"", ""I - i"", ""vii7 - i"", ""I - I"", ""iii - IV"", ""III - iv"", ""iv - I"", ""vi - I"", ""ii - fii"", ""v - IV"", ""VI - fVI"", ""ii7 - fii7"", ""i - V"", ""v - II"", ""IV - i"", ""v - V"", ""V - VI"", ""ii - V"", ""VII - VII"", ""VII - IV"", ""ii - V7"", ""ii - IV"", ""i - VII"", ""V - iv"", ""VI - ii"", ""iv - ii"", ""I - V"", ""I - fI"", ""V - V"", ""i - IV"", ""V - vi"", ""iv - V"", ""V7 - fV7"", ""v - i"", ""vii7 - fvii7"", ""III - VII"", ""IV - ii"", ""VII - v"", ""VI - VII"", ""III - fIII"", ""I - vi"", ""iv - VII"", ""vii7 - I"", ""IV - VII"", ""V - v"", ""vi - iv"", ""I - v"", ""vii - fvii"", ""ii - v"", ""V7 - VI"", ""i - I"", ""ii - iv"", ""VII - iv"", ""ii - III"", ""V - I""]"	audio	audio.mastermix.wav	data/chorale-bricks/Vulpius_ChristusDerIstMeinLeben/audio.mastermix.wav	none of the other options is correct	"[""none of the other options is correct"", ""III - IV"", ""iii - vi"", ""III - VI"", ""VII - ii""]"	0.2	1	"[""A"", ""B"", ""C"", ""D"", ""E""]"	"{""A"": ""VII - ii"", ""B"": ""none of the other options is correct"", ""C"": ""III - VI"", ""D"": ""III - IV"", ""E"": ""iii - vi""}"	"[""(A) VII - ii"", ""(B) none of the other options is correct"", ""(C) III - VI"", ""(D) III - IV"", ""(E) iii - vi""]"	(B) none of the other options is correct	B
da70cda5-e299-562c-ad0d-42f921506165	11	perception	harmony	relative	harmony-relative	harmonic-recognition		cadence recognition	What is the chord progression between the {target_index} chord and the next one?	"[""target_index""]"	get_harmonic_cadence			"{""target_index"": ""11th""}"	What is the chord progression between the 11th chord and the next one?	Vulpius_ChristusDerIstMeinLeben	chorale-bricks	Vulpius_ChristusDerIstMeinLeben	data/chorale-bricks/Vulpius_ChristusDerIstMeinLeben	V - i	"[""I - I"", ""I - IV"", ""I - V"", ""I - fI"", ""I - i"", ""I - v"", ""I - vi"", ""II - v"", ""III - III"", ""III - IV"", ""III - VI"", ""III - VII"", ""III - fIII"", ""III - iv"", ""IV - I"", ""IV - V"", ""IV - VII"", ""IV - fIV"", ""IV - i"", ""IV - ii"", ""V - I"", ""V - IV"", ""V - V"", ""V - VI"", ""V - fV"", ""V - iv"", ""V - v"", ""V - vi"", ""V7 - I"", ""V7 - VI"", ""V7 - fV7"", ""V7 - i"", ""V7 - vi"", ""VI - III"", ""VI - V"", ""VI - VII"", ""VI - fVI"", ""VI - ii"", ""VI - iv"", ""VII - III"", ""VII - IV"", ""VII - VII"", ""VII - i"", ""VII - ii"", ""VII - iv"", ""VII - v"", ""i - I"", ""i - III"", ""i - IV"", ""i - V"", ""i - VI"", ""i - VII"", ""i - fi"", ""i - i"", ""i - iv"", ""ii - III"", ""ii - IV"", ""ii - V"", ""ii - V7"", ""ii - fii"", ""ii - iv"", ""ii - v"", ""ii - vi"", ""ii7 - V"", ""ii7 - fii7"", ""iii - IV"", ""iii - fiii"", ""iii - vi"", ""iv - I"", ""iv - III"", ""iv - V"", ""iv - VII"", ""iv - fiv"", ""iv - i"", ""iv - ii"", ""v - II"", ""v - III"", ""v - IV"", ""v - V"", ""v - VI"", ""v - fv"", ""v - i"", ""v - v"", ""vi - I"", ""vi - V"", ""vi - fvi"", ""vi - ii"", ""vi - iv"", ""vi - vi"", ""vii - I"", ""vii - fvii"", ""vii - i"", ""vii7 - I"", ""vii7 - fvii7"", ""vii7 - i""]"	"[""III - IV"", ""iii - vi"", ""III - VI"", ""VII - ii"", ""iii - fiii"", ""VI - iv"", ""V7 - I"", ""i - iv"", ""V7 - vi"", ""III - III"", ""V - fV"", ""iv - fiv"", ""VI - V"", ""VII - i"", ""v - v"", ""II - v"", ""ii - vi"", ""v - fv"", ""vii - i"", ""I - IV"", ""vi - ii"", ""iv - III"", ""v - VI"", ""vii - I"", ""IV - V"", ""vi - V"", ""V - IV"", ""iv - i"", ""i - VI"", ""i - i"", ""ii7 - V"", ""vi - fvi"", ""VII - III"", ""vi - vi"", ""v - III"", ""i - III"", ""IV - I"", ""IV - fIV"", ""VI - III"", ""i - fi"", ""V7 - i"", ""I - i"", ""vii7 - i"", ""I - I"", ""iii - IV"", ""III - iv"", ""iv - I"", ""vi - I"", ""ii - fii"", ""v - IV"", ""VI - fVI"", ""ii7 - fii7"", ""i - V"", ""v - II"", ""IV - i"", ""v - V"", ""V - VI"", ""ii - V"", ""VII - VII"", ""VII - IV"", ""ii - V7"", ""ii - IV"", ""i - VII"", ""V - iv"", ""VI - ii"", ""iv - ii"", ""I - V"", ""I - fI"", ""V - V"", ""i - IV"", ""V - vi"", ""iv - V"", ""V7 - fV7"", ""v - i"", ""vii7 - fvii7"", ""III - VII"", ""IV - ii"", ""VII - v"", ""VI - VII"", ""III - fIII"", ""I - vi"", ""iv - VII"", ""vii7 - I"", ""IV - VII"", ""V - v"", ""vi - iv"", ""I - v"", ""vii - fvii"", ""ii - v"", ""V7 - VI"", ""i - I"", ""ii - iv"", ""VII - iv"", ""ii - III"", ""V - I""]"	symbolic	symbolic.abc.txt	data/chorale-bricks/Vulpius_ChristusDerIstMeinLeben/symbolic.abc.txt	V - i	"[""V - i"", ""none of the other options is correct"", ""III - IV"", ""iii - vi"", ""III - VI""]"	0.2	0	"[""A"", ""B"", ""C"", ""D"", ""E""]"	"{""A"": ""none of the other options is correct"", ""B"": ""III - IV"", ""C"": ""iii - vi"", ""D"": ""III - VI"", ""E"": ""V - i""}"	"[""(A) none of the other options is correct"", ""(B) III - IV"", ""(C) iii - vi"", ""(D) III - VI"", ""(E) V - i""]"	(E) V - i	E
4fd2e7bb-841e-5f63-9e79-80863174f0f1	11	perception	harmony	relative	harmony-relative	harmonic-recognition		cadence recognition	What is the chord progression between the {target_index} chord and the next one?	"[""target_index""]"	get_harmonic_cadence			"{""target_index"": ""11th""}"	What is the chord progression between the 11th chord and the next one?	Vulpius_ChristusDerIstMeinLeben	chorale-bricks	Vulpius_ChristusDerIstMeinLeben	data/chorale-bricks/Vulpius_ChristusDerIstMeinLeben	V - i	"[""I - I"", ""I - IV"", ""I - V"", ""I - fI"", ""I - i"", ""I - v"", ""I - vi"", ""II - v"", ""III - III"", ""III - IV"", ""III - VI"", ""III - VII"", ""III - fIII"", ""III - iv"", ""IV - I"", ""IV - V"", ""IV - VII"", ""IV - fIV"", ""IV - i"", ""IV - ii"", ""V - I"", ""V - IV"", ""V - V"", ""V - VI"", ""V - fV"", ""V - iv"", ""V - v"", ""V - vi"", ""V7 - I"", ""V7 - VI"", ""V7 - fV7"", ""V7 - i"", ""V7 - vi"", ""VI - III"", ""VI - V"", ""VI - VII"", ""VI - fVI"", ""VI - ii"", ""VI - iv"", ""VII - III"", ""VII - IV"", ""VII - VII"", ""VII - i"", ""VII - ii"", ""VII - iv"", ""VII - v"", ""i - I"", ""i - III"", ""i - IV"", ""i - V"", ""i - VI"", ""i - VII"", ""i - fi"", ""i - i"", ""i - iv"", ""ii - III"", ""ii - IV"", ""ii - V"", ""ii - V7"", ""ii - fii"", ""ii - iv"", ""ii - v"", ""ii - vi"", ""ii7 - V"", ""ii7 - fii7"", ""iii - IV"", ""iii - fiii"", ""iii - vi"", ""iv - I"", ""iv - III"", ""iv - V"", ""iv - VII"", ""iv - fiv"", ""iv - i"", ""iv - ii"", ""v - II"", ""v - III"", ""v - IV"", ""v - V"", ""v - VI"", ""v - fv"", ""v - i"", ""v - v"", ""vi - I"", ""vi - V"", ""vi - fvi"", ""vi - ii"", ""vi - iv"", ""vi - vi"", ""vii - I"", ""vii - fvii"", ""vii - i"", ""vii7 - I"", ""vii7 - fvii7"", ""vii7 - i""]"	"[""III - IV"", ""iii - vi"", ""III - VI"", ""VII - ii"", ""iii - fiii"", ""VI - iv"", ""V7 - I"", ""i - iv"", ""V7 - vi"", ""III - III"", ""V - fV"", ""iv - fiv"", ""VI - V"", ""VII - i"", ""v - v"", ""II - v"", ""ii - vi"", ""v - fv"", ""vii - i"", ""I - IV"", ""vi - ii"", ""iv - III"", ""v - VI"", ""vii - I"", ""IV - V"", ""vi - V"", ""V - IV"", ""iv - i"", ""i - VI"", ""i - i"", ""ii7 - V"", ""vi - fvi"", ""VII - III"", ""vi - vi"", ""v - III"", ""i - III"", ""IV - I"", ""IV - fIV"", ""VI - III"", ""i - fi"", ""V7 - i"", ""I - i"", ""vii7 - i"", ""I - I"", ""iii - IV"", ""III - iv"", ""iv - I"", ""vi - I"", ""ii - fii"", ""v - IV"", ""VI - fVI"", ""ii7 - fii7"", ""i - V"", ""v - II"", ""IV - i"", ""v - V"", ""V - VI"", ""ii - V"", ""VII - VII"", ""VII - IV"", ""ii - V7"", ""ii - IV"", ""i - VII"", ""V - iv"", ""VI - ii"", ""iv - ii"", ""I - V"", ""I - fI"", ""V - V"", ""i - IV"", ""V - vi"", ""iv - V"", ""V7 - fV7"", ""v - i"", ""vii7 - fvii7"", ""III - VII"", ""IV - ii"", ""VII - v"", ""VI - VII"", ""III - fIII"", ""I - vi"", ""iv - VII"", ""vii7 - I"", ""IV - VII"", ""V - v"", ""vi - iv"", ""I - v"", ""vii - fvii"", ""ii - v"", ""V7 - VI"", ""i - I"", ""ii - iv"", ""VII - iv"", ""ii - III"", ""V - I""]"	visual	visual.short.png	data/chorale-bricks/Vulpius_ChristusDerIstMeinLeben/visual.short.png	none of the other options is correct	"[""none of the other options is correct"", ""III - IV"", ""iii - vi"", ""III - VI"", ""VII - ii""]"	0.2	1	"[""A"", ""B"", ""C"", ""D"", ""E""]"	"{""A"": ""iii - vi"", ""B"": ""III - VI"", ""C"": ""VII - ii"", ""D"": ""III - IV"", ""E"": ""none of the other options is correct""}"	"[""(A) iii - vi"", ""(B) III - VI"", ""(C) VII - ii"", ""(D) III - IV"", ""(E) none of the other options is correct""]"	(E) none of the other options is correct	E
511f09c8-2001-5588-8e2f-a595a43753d3	11	perception	harmony	relative	harmony-relative	harmonic-recognition		cadence recognition	What is the chord progression between the {target_index} chord and the next one?	"[""target_index""]"	get_harmonic_cadence			"{""target_index"": ""34th""}"	What is the chord progression between the 34th chord and the next one?	Drese_JesuGehVoran	chorale-bricks	Drese_JesuGehVoran	data/chorale-bricks/Drese_JesuGehVoran	V - vi	"[""I - I"", ""I - IV"", ""I - V"", ""I - fI"", ""I - i"", ""I - v"", ""I - vi"", ""II - v"", ""III - III"", ""III - IV"", ""III - VI"", ""III - VII"", ""III - fIII"", ""III - iv"", ""IV - I"", ""IV - V"", ""IV - VII"", ""IV - fIV"", ""IV - i"", ""IV - ii"", ""V - I"", ""V - IV"", ""V - V"", ""V - VI"", ""V - fV"", ""V - i"", ""V - iv"", ""V - v"", ""V7 - I"", ""V7 - VI"", ""V7 - fV7"", ""V7 - i"", ""V7 - vi"", ""VI - III"", ""VI - V"", ""VI - VII"", ""VI - fVI"", ""VI - ii"", ""VI - iv"", ""VII - III"", ""VII - IV"", ""VII - VII"", ""VII - i"", ""VII - ii"", ""VII - iv"", ""VII - v"", ""i - I"", ""i - III"", ""i - IV"", ""i - V"", ""i - VI"", ""i - VII"", ""i - fi"", ""i - i"", ""i - iv"", ""ii - III"", ""ii - IV"", ""ii - V"", ""ii - V7"", ""ii - fii"", ""ii - iv"", ""ii - v"", ""ii - vi"", ""ii7 - V"", ""ii7 - fii7"", ""iii - IV"", ""iii - fiii"", ""iii - vi"", ""iv - I"", ""iv - III"", ""iv - V"", ""iv - VII"", ""iv - fiv"", ""iv - i"", ""iv - ii"", ""v - II"", ""v - III"", ""v - IV"", ""v - V"", ""v - VI"", ""v - fv"", ""v - i"", ""v - v"", ""vi - I"", ""vi - V"", ""vi - fvi"", ""vi - ii"", ""vi - iv"", ""vi - vi"", ""vii - I"", ""vii - fvii"", ""vii - i"", ""vii7 - I"", ""vii7 - fvii7"", ""vii7 - i""]"	"[""VI - iv"", ""ii - III"", ""i - V"", ""i - IV"", ""i - i"", ""V7 - fV7"", ""vi - vi"", ""V - iv"", ""I - fI"", ""IV - i"", ""iv - i"", ""III - IV"", ""I - vi"", ""VI - ii"", ""vii7 - fvii7"", ""V - I"", ""VII - i"", ""v - III"", ""vii - fvii"", ""iii - IV"", ""v - V"", ""IV - I"", ""VII - III"", ""ii - fii"", ""VI - fVI"", ""vi - fvi"", ""III - iv"", ""V - fV"", ""IV - V"", ""VII - VII"", ""vii - i"", ""V - VI"", ""i - fi"", ""ii - iv"", ""v - v"", ""vi - V"", ""iv - ii"", ""ii - v"", ""VI - III"", ""III - III"", ""iii - vi"", ""v - II"", ""V - IV"", ""II - v"", ""iv - VII"", ""v - IV"", ""IV - VII"", ""vii - I"", ""ii - V7"", ""vii7 - I"", ""III - VI"", ""VII - ii"", ""ii - IV"", ""i - I"", ""iv - V"", ""vi - iv"", ""v - i"", ""V7 - VI"", ""iv - I"", ""i - iv"", ""v - fv"", ""I - v"", ""III - fIII"", ""ii - vi"", ""I - i"", ""VII - iv"", ""iv - fiv"", ""VI - V"", ""ii7 - V"", ""vi - ii"", ""IV - fIV"", ""V - V"", ""v - VI"", ""ii - V"", ""V7 - i"", ""i - VI"", ""vii7 - i"", ""IV - ii"", ""ii7 - fii7"", ""III - VII"", ""V7 - vi"", ""iii - fiii"", ""iv - III"", ""I - IV"", ""I - I"", ""V - v"", ""VII - IV"", ""VII - v"", ""vi - I"", ""V - i"", ""i - VII"", ""V7 - I"", ""I - V"", ""VI - VII"", ""i - III""]"	audio	audio.mastermix.wav	data/chorale-bricks/Drese_JesuGehVoran/audio.mastermix.wav	V - vi	"[""V - vi"", ""none of the other options is correct"", ""VI - iv"", ""ii - III"", ""i - V""]"	0.2	0	"[""A"", ""B"", ""C"", ""D"", ""E""]"	"{""A"": ""i - V"", ""B"": ""none of the other options is correct"", ""C"": ""VI - iv"", ""D"": ""ii - III"", ""E"": ""V - vi""}"	"[""(A) i - V"", ""(B) none of the other options is correct"", ""(C) VI - iv"", ""(D) ii - III"", ""(E) V - vi""]"	(E) V - vi	E
635fbdc6-424a-5463-9cd2-e2862406fb74	11	perception	harmony	relative	harmony-relative	harmonic-recognition		cadence recognition	What is the chord progression between the {target_index} chord and the next one?	"[""target_index""]"	get_harmonic_cadence			"{""target_index"": ""34th""}"	What is the chord progression between the 34th chord and the next one?	Drese_JesuGehVoran	chorale-bricks	Drese_JesuGehVoran	data/chorale-bricks/Drese_JesuGehVoran	V - vi	"[""I - I"", ""I - IV"", ""I - V"", ""I - fI"", ""I - i"", ""I - v"", ""I - vi"", ""II - v"", ""III - III"", ""III - IV"", ""III - VI"", ""III - VII"", ""III - fIII"", ""III - iv"", ""IV - I"", ""IV - V"", ""IV - VII"", ""IV - fIV"", ""IV - i"", ""IV - ii"", ""V - I"", ""V - IV"", ""V - V"", ""V - VI"", ""V - fV"", ""V - i"", ""V - iv"", ""V - v"", ""V7 - I"", ""V7 - VI"", ""V7 - fV7"", ""V7 - i"", ""V7 - vi"", ""VI - III"", ""VI - V"", ""VI - VII"", ""VI - fVI"", ""VI - ii"", ""VI - iv"", ""VII - III"", ""VII - IV"", ""VII - VII"", ""VII - i"", ""VII - ii"", ""VII - iv"", ""VII - v"", ""i - I"", ""i - III"", ""i - IV"", ""i - V"", ""i - VI"", ""i - VII"", ""i - fi"", ""i - i"", ""i - iv"", ""ii - III"", ""ii - IV"", ""ii - V"", ""ii - V7"", ""ii - fii"", ""ii - iv"", ""ii - v"", ""ii - vi"", ""ii7 - V"", ""ii7 - fii7"", ""iii - IV"", ""iii - fiii"", ""iii - vi"", ""iv - I"", ""iv - III"", ""iv - V"", ""iv - VII"", ""iv - fiv"", ""iv - i"", ""iv - ii"", ""v - II"", ""v - III"", ""v - IV"", ""v - V"", ""v - VI"", ""v - fv"", ""v - i"", ""v - v"", ""vi - I"", ""vi - V"", ""vi - fvi"", ""vi - ii"", ""vi - iv"", ""vi - vi"", ""vii - I"", ""vii - fvii"", ""vii - i"", ""vii7 - I"", ""vii7 - fvii7"", ""vii7 - i""]"	"[""VI - iv"", ""ii - III"", ""i - V"", ""i - IV"", ""i - i"", ""V7 - fV7"", ""vi - vi"", ""V - iv"", ""I - fI"", ""IV - i"", ""iv - i"", ""III - IV"", ""I - vi"", ""VI - ii"", ""vii7 - fvii7"", ""V - I"", ""VII - i"", ""v - III"", ""vii - fvii"", ""iii - IV"", ""v - V"", ""IV - I"", ""VII - III"", ""ii - fii"", ""VI - fVI"", ""vi - fvi"", ""III - iv"", ""V - fV"", ""IV - V"", ""VII - VII"", ""vii - i"", ""V - VI"", ""i - fi"", ""ii - iv"", ""v - v"", ""vi - V"", ""iv - ii"", ""ii - v"", ""VI - III"", ""III - III"", ""iii - vi"", ""v - II"", ""V - IV"", ""II - v"", ""iv - VII"", ""v - IV"", ""IV - VII"", ""vii - I"", ""ii - V7"", ""vii7 - I"", ""III - VI"", ""VII - ii"", ""ii - IV"", ""i - I"", ""iv - V"", ""vi - iv"", ""v - i"", ""V7 - VI"", ""iv - I"", ""i - iv"", ""v - fv"", ""I - v"", ""III - fIII"", ""ii - vi"", ""I - i"", ""VII - iv"", ""iv - fiv"", ""VI - V"", ""ii7 - V"", ""vi - ii"", ""IV - fIV"", ""V - V"", ""v - VI"", ""ii - V"", ""V7 - i"", ""i - VI"", ""vii7 - i"", ""IV - ii"", ""ii7 - fii7"", ""III - VII"", ""V7 - vi"", ""iii - fiii"", ""iv - III"", ""I - IV"", ""I - I"", ""V - v"", ""VII - IV"", ""VII - v"", ""vi - I"", ""V - i"", ""i - VII"", ""V7 - I"", ""I - V"", ""VI - VII"", ""i - III""]"	symbolic	symbolic.abc.txt	data/chorale-bricks/Drese_JesuGehVoran/symbolic.abc.txt	V - vi	"[""V - vi"", ""none of the other options is correct"", ""VI - iv"", ""ii - III"", ""i - V""]"	0.2	0	"[""A"", ""B"", ""C"", ""D"", ""E""]"	"{""A"": ""V - vi"", ""B"": ""i - V"", ""C"": ""none of the other options is correct"", ""D"": ""VI - iv"", ""E"": ""ii - III""}"	"[""(A) V - vi"", ""(B) i - V"", ""(C) none of the other options is correct"", ""(D) VI - iv"", ""(E) ii - III""]"	(A) V - vi	A
41ffb364-94cb-55af-aac1-3f19b038493d	11	perception	harmony	relative	harmony-relative	harmonic-recognition		cadence recognition	What is the chord progression between the {target_index} chord and the next one?	"[""target_index""]"	get_harmonic_cadence			"{""target_index"": ""34th""}"	What is the chord progression between the 34th chord and the next one?	Drese_JesuGehVoran	chorale-bricks	Drese_JesuGehVoran	data/chorale-bricks/Drese_JesuGehVoran	V - vi	"[""I - I"", ""I - IV"", ""I - V"", ""I - fI"", ""I - i"", ""I - v"", ""I - vi"", ""II - v"", ""III - III"", ""III - IV"", ""III - VI"", ""III - VII"", ""III - fIII"", ""III - iv"", ""IV - I"", ""IV - V"", ""IV - VII"", ""IV - fIV"", ""IV - i"", ""IV - ii"", ""V - I"", ""V - IV"", ""V - V"", ""V - VI"", ""V - fV"", ""V - i"", ""V - iv"", ""V - v"", ""V7 - I"", ""V7 - VI"", ""V7 - fV7"", ""V7 - i"", ""V7 - vi"", ""VI - III"", ""VI - V"", ""VI - VII"", ""VI - fVI"", ""VI - ii"", ""VI - iv"", ""VII - III"", ""VII - IV"", ""VII - VII"", ""VII - i"", ""VII - ii"", ""VII - iv"", ""VII - v"", ""i - I"", ""i - III"", ""i - IV"", ""i - V"", ""i - VI"", ""i - VII"", ""i - fi"", ""i - i"", ""i - iv"", ""ii - III"", ""ii - IV"", ""ii - V"", ""ii - V7"", ""ii - fii"", ""ii - iv"", ""ii - v"", ""ii - vi"", ""ii7 - V"", ""ii7 - fii7"", ""iii - IV"", ""iii - fiii"", ""iii - vi"", ""iv - I"", ""iv - III"", ""iv - V"", ""iv - VII"", ""iv - fiv"", ""iv - i"", ""iv - ii"", ""v - II"", ""v - III"", ""v - IV"", ""v - V"", ""v - VI"", ""v - fv"", ""v - i"", ""v - v"", ""vi - I"", ""vi - V"", ""vi - fvi"", ""vi - ii"", ""vi - iv"", ""vi - vi"", ""vii - I"", ""vii - fvii"", ""vii - i"", ""vii7 - I"", ""vii7 - fvii7"", ""vii7 - i""]"	"[""VI - iv"", ""ii - III"", ""i - V"", ""i - IV"", ""i - i"", ""V7 - fV7"", ""vi - vi"", ""V - iv"", ""I - fI"", ""IV - i"", ""iv - i"", ""III - IV"", ""I - vi"", ""VI - ii"", ""vii7 - fvii7"", ""V - I"", ""VII - i"", ""v - III"", ""vii - fvii"", ""iii - IV"", ""v - V"", ""IV - I"", ""VII - III"", ""ii - fii"", ""VI - fVI"", ""vi - fvi"", ""III - iv"", ""V - fV"", ""IV - V"", ""VII - VII"", ""vii - i"", ""V - VI"", ""i - fi"", ""ii - iv"", ""v - v"", ""vi - V"", ""iv - ii"", ""ii - v"", ""VI - III"", ""III - III"", ""iii - vi"", ""v - II"", ""V - IV"", ""II - v"", ""iv - VII"", ""v - IV"", ""IV - VII"", ""vii - I"", ""ii - V7"", ""vii7 - I"", ""III - VI"", ""VII - ii"", ""ii - IV"", ""i - I"", ""iv - V"", ""vi - iv"", ""v - i"", ""V7 - VI"", ""iv - I"", ""i - iv"", ""v - fv"", ""I - v"", ""III - fIII"", ""ii - vi"", ""I - i"", ""VII - iv"", ""iv - fiv"", ""VI - V"", ""ii7 - V"", ""vi - ii"", ""IV - fIV"", ""V - V"", ""v - VI"", ""ii - V"", ""V7 - i"", ""i - VI"", ""vii7 - i"", ""IV - ii"", ""ii7 - fii7"", ""III - VII"", ""V7 - vi"", ""iii - fiii"", ""iv - III"", ""I - IV"", ""I - I"", ""V - v"", ""VII - IV"", ""VII - v"", ""vi - I"", ""V - i"", ""i - VII"", ""V7 - I"", ""I - V"", ""VI - VII"", ""i - III""]"	visual	visual.short.png	data/chorale-bricks/Drese_JesuGehVoran/visual.short.png	none of the other options is correct	"[""none of the other options is correct"", ""VI - iv"", ""ii - III"", ""i - V"", ""i - IV""]"	0.2	1	"[""A"", ""B"", ""C"", ""D"", ""E""]"	"{""A"": ""i - IV"", ""B"": ""ii - III"", ""C"": ""i - V"", ""D"": ""none of the other options is correct"", ""E"": ""VI - iv""}"	"[""(A) i - IV"", ""(B) ii - III"", ""(C) i - V"", ""(D) none of the other options is correct"", ""(E) VI - iv""]"	(D) none of the other options is correct	D
41305511-fc7f-5141-b36e-d128484ce1b7	11	perception	harmony	relative	harmony-relative	harmonic-recognition		cadence recognition	What is the chord progression between the {target_index} chord and the next one?	"[""target_index""]"	get_harmonic_cadence			"{""target_index"": ""60th""}"	What is the chord progression between the 60th chord and the next one?	Telemann_DerLiebenSonneLichtUndPracht	chorale-bricks	Telemann_DerLiebenSonneLichtUndPracht	data/chorale-bricks/Telemann_DerLiebenSonneLichtUndPracht	I - I	"[""I - IV"", ""I - V"", ""I - fI"", ""I - i"", ""I - v"", ""I - vi"", ""II - v"", ""III - III"", ""III - IV"", ""III - VI"", ""III - VII"", ""III - fIII"", ""III - iv"", ""IV - I"", ""IV - V"", ""IV - VII"", ""IV - fIV"", ""IV - i"", ""IV - ii"", ""V - I"", ""V - IV"", ""V - V"", ""V - VI"", ""V - fV"", ""V - i"", ""V - iv"", ""V - v"", ""V - vi"", ""V7 - I"", ""V7 - VI"", ""V7 - fV7"", ""V7 - i"", ""V7 - vi"", ""VI - III"", ""VI - V"", ""VI - VII"", ""VI - fVI"", ""VI - ii"", ""VI - iv"", ""VII - III"", ""VII - IV"", ""VII - VII"", ""VII - i"", ""VII - ii"", ""VII - iv"", ""VII - v"", ""i - I"", ""i - III"", ""i - IV"", ""i - V"", ""i - VI"", ""i - VII"", ""i - fi"", ""i - i"", ""i - iv"", ""ii - III"", ""ii - IV"", ""ii - V"", ""ii - V7"", ""ii - fii"", ""ii - iv"", ""ii - v"", ""ii - vi"", ""ii7 - V"", ""ii7 - fii7"", ""iii - IV"", ""iii - fiii"", ""iii - vi"", ""iv - I"", ""iv - III"", ""iv - V"", ""iv - VII"", ""iv - fiv"", ""iv - i"", ""iv - ii"", ""v - II"", ""v - III"", ""v - IV"", ""v - V"", ""v - VI"", ""v - fv"", ""v - i"", ""v - v"", ""vi - I"", ""vi - V"", ""vi - fvi"", ""vi - ii"", ""vi - iv"", ""vi - vi"", ""vii - I"", ""vii - fvii"", ""vii - i"", ""vii7 - I"", ""vii7 - fvii7"", ""vii7 - i""]"	"[""i - i"", ""I - IV"", ""vi - vi"", ""iv - VII"", ""VI - VII"", ""VII - iv"", ""IV - VII"", ""III - fIII"", ""i - I"", ""i - IV"", ""ii - v"", ""V - I"", ""iii - fiii"", ""IV - V"", ""i - VII"", ""V7 - vi"", ""ii - III"", ""v - III"", ""VII - i"", ""iv - i"", ""ii - V7"", ""V7 - VI"", ""iv - fiv"", ""V - iv"", ""v - fv"", ""vii7 - fvii7"", ""ii - V"", ""ii7 - fii7"", ""VI - iv"", ""III - IV"", ""v - IV"", ""iv - I"", ""V - i"", ""vi - ii"", ""vii - fvii"", ""VI - fVI"", ""VII - v"", ""III - III"", ""III - iv"", ""i - III"", ""ii - vi"", ""V - vi"", ""I - v"", ""vi - I"", ""ii - IV"", ""VII - III"", ""iv - V"", ""vii - I"", ""vii - i"", ""i - V"", ""VII - VII"", ""ii - fii"", ""I - vi"", ""vi - V"", ""ii - iv"", ""v - II"", ""VII - IV"", ""i - fi"", ""i - VI"", ""IV - i"", ""iv - ii"", ""IV - I"", ""I - V"", ""V7 - i"", ""i - iv"", ""V - VI"", ""VII - ii"", ""V - V"", ""vi - fvi"", ""I - fI"", ""IV - ii"", ""vii7 - I"", ""v - v"", ""iv - III"", ""II - v"", ""vi - iv"", ""IV - fIV"", ""V7 - I"", ""ii7 - V"", ""v - V"", ""V - v"", ""vii7 - i"", ""III - VII"", ""v - VI"", ""V - fV"", ""V7 - fV7"", ""VI - ii"", ""VI - III"", ""III - VI"", ""VI - V"", ""V - IV"", ""iii - vi"", ""iii - IV"", ""I - i"", ""v - i""]"	audio	audio.mastermix.wav	data/chorale-bricks/Telemann_DerLiebenSonneLichtUndPracht/audio.mastermix.wav	I - I	"[""I - I"", ""none of the other options is correct"", ""i - i"", ""I - IV"", ""vi - vi""]"	0.2	0	"[""A"", ""B"", ""C"", ""D"", ""E""]"	"{""A"": ""i - i"", ""B"": ""I - IV"", ""C"": ""none of the other options is correct"", ""D"": ""I - I"", ""E"": ""vi - vi""}"	"[""(A) i - i"", ""(B) I - IV"", ""(C) none of the other options is correct"", ""(D) I - I"", ""(E) vi - vi""]"	(D) I - I	D
6b71ae9c-e1f4-54c1-a58a-5e1456a64ed2	11	perception	harmony	relative	harmony-relative	harmonic-recognition		cadence recognition	What is the chord progression between the {target_index} chord and the next one?	"[""target_index""]"	get_harmonic_cadence			"{""target_index"": ""60th""}"	What is the chord progression between the 60th chord and the next one?	Telemann_DerLiebenSonneLichtUndPracht	chorale-bricks	Telemann_DerLiebenSonneLichtUndPracht	data/chorale-bricks/Telemann_DerLiebenSonneLichtUndPracht	I - I	"[""I - IV"", ""I - V"", ""I - fI"", ""I - i"", ""I - v"", ""I - vi"", ""II - v"", ""III - III"", ""III - IV"", ""III - VI"", ""III - VII"", ""III - fIII"", ""III - iv"", ""IV - I"", ""IV - V"", ""IV - VII"", ""IV - fIV"", ""IV - i"", ""IV - ii"", ""V - I"", ""V - IV"", ""V - V"", ""V - VI"", ""V - fV"", ""V - i"", ""V - iv"", ""V - v"", ""V - vi"", ""V7 - I"", ""V7 - VI"", ""V7 - fV7"", ""V7 - i"", ""V7 - vi"", ""VI - III"", ""VI - V"", ""VI - VII"", ""VI - fVI"", ""VI - ii"", ""VI - iv"", ""VII - III"", ""VII - IV"", ""VII - VII"", ""VII - i"", ""VII - ii"", ""VII - iv"", ""VII - v"", ""i - I"", ""i - III"", ""i - IV"", ""i - V"", ""i - VI"", ""i - VII"", ""i - fi"", ""i - i"", ""i - iv"", ""ii - III"", ""ii - IV"", ""ii - V"", ""ii - V7"", ""ii - fii"", ""ii - iv"", ""ii - v"", ""ii - vi"", ""ii7 - V"", ""ii7 - fii7"", ""iii - IV"", ""iii - fiii"", ""iii - vi"", ""iv - I"", ""iv - III"", ""iv - V"", ""iv - VII"", ""iv - fiv"", ""iv - i"", ""iv - ii"", ""v - II"", ""v - III"", ""v - IV"", ""v - V"", ""v - VI"", ""v - fv"", ""v - i"", ""v - v"", ""vi - I"", ""vi - V"", ""vi - fvi"", ""vi - ii"", ""vi - iv"", ""vi - vi"", ""vii - I"", ""vii - fvii"", ""vii - i"", ""vii7 - I"", ""vii7 - fvii7"", ""vii7 - i""]"	"[""i - i"", ""I - IV"", ""vi - vi"", ""iv - VII"", ""VI - VII"", ""VII - iv"", ""IV - VII"", ""III - fIII"", ""i - I"", ""i - IV"", ""ii - v"", ""V - I"", ""iii - fiii"", ""IV - V"", ""i - VII"", ""V7 - vi"", ""ii - III"", ""v - III"", ""VII - i"", ""iv - i"", ""ii - V7"", ""V7 - VI"", ""iv - fiv"", ""V - iv"", ""v - fv"", ""vii7 - fvii7"", ""ii - V"", ""ii7 - fii7"", ""VI - iv"", ""III - IV"", ""v - IV"", ""iv - I"", ""V - i"", ""vi - ii"", ""vii - fvii"", ""VI - fVI"", ""VII - v"", ""III - III"", ""III - iv"", ""i - III"", ""ii - vi"", ""V - vi"", ""I - v"", ""vi - I"", ""ii - IV"", ""VII - III"", ""iv - V"", ""vii - I"", ""vii - i"", ""i - V"", ""VII - VII"", ""ii - fii"", ""I - vi"", ""vi - V"", ""ii - iv"", ""v - II"", ""VII - IV"", ""i - fi"", ""i - VI"", ""IV - i"", ""iv - ii"", ""IV - I"", ""I - V"", ""V7 - i"", ""i - iv"", ""V - VI"", ""VII - ii"", ""V - V"", ""vi - fvi"", ""I - fI"", ""IV - ii"", ""vii7 - I"", ""v - v"", ""iv - III"", ""II - v"", ""vi - iv"", ""IV - fIV"", ""V7 - I"", ""ii7 - V"", ""v - V"", ""V - v"", ""vii7 - i"", ""III - VII"", ""v - VI"", ""V - fV"", ""V7 - fV7"", ""VI - ii"", ""VI - III"", ""III - VI"", ""VI - V"", ""V - IV"", ""iii - vi"", ""iii - IV"", ""I - i"", ""v - i""]"	symbolic	symbolic.abc.txt	data/chorale-bricks/Telemann_DerLiebenSonneLichtUndPracht/symbolic.abc.txt	I - I	"[""I - I"", ""none of the other options is correct"", ""i - i"", ""I - IV"", ""vi - vi""]"	0.2	0	"[""A"", ""B"", ""C"", ""D"", ""E""]"	"{""A"": ""i - i"", ""B"": ""vi - vi"", ""C"": ""none of the other options is correct"", ""D"": ""I - IV"", ""E"": ""I - I""}"	"[""(A) i - i"", ""(B) vi - vi"", ""(C) none of the other options is correct"", ""(D) I - IV"", ""(E) I - I""]"	(E) I - I	E
510314fc-b588-5b9f-a776-ab8bb3fafef5	11	perception	harmony	relative	harmony-relative	harmonic-recognition		cadence recognition	What is the chord progression between the {target_index} chord and the next one?	"[""target_index""]"	get_harmonic_cadence			"{""target_index"": ""60th""}"	What is the chord progression between the 60th chord and the next one?	Telemann_DerLiebenSonneLichtUndPracht	chorale-bricks	Telemann_DerLiebenSonneLichtUndPracht	data/chorale-bricks/Telemann_DerLiebenSonneLichtUndPracht	I - I	"[""I - IV"", ""I - V"", ""I - fI"", ""I - i"", ""I - v"", ""I - vi"", ""II - v"", ""III - III"", ""III - IV"", ""III - VI"", ""III - VII"", ""III - fIII"", ""III - iv"", ""IV - I"", ""IV - V"", ""IV - VII"", ""IV - fIV"", ""IV - i"", ""IV - ii"", ""V - I"", ""V - IV"", ""V - V"", ""V - VI"", ""V - fV"", ""V - i"", ""V - iv"", ""V - v"", ""V - vi"", ""V7 - I"", ""V7 - VI"", ""V7 - fV7"", ""V7 - i"", ""V7 - vi"", ""VI - III"", ""VI - V"", ""VI - VII"", ""VI - fVI"", ""VI - ii"", ""VI - iv"", ""VII - III"", ""VII - IV"", ""VII - VII"", ""VII - i"", ""VII - ii"", ""VII - iv"", ""VII - v"", ""i - I"", ""i - III"", ""i - IV"", ""i - V"", ""i - VI"", ""i - VII"", ""i - fi"", ""i - i"", ""i - iv"", ""ii - III"", ""ii - IV"", ""ii - V"", ""ii - V7"", ""ii - fii"", ""ii - iv"", ""ii - v"", ""ii - vi"", ""ii7 - V"", ""ii7 - fii7"", ""iii - IV"", ""iii - fiii"", ""iii - vi"", ""iv - I"", ""iv - III"", ""iv - V"", ""iv - VII"", ""iv - fiv"", ""iv - i"", ""iv - ii"", ""v - II"", ""v - III"", ""v - IV"", ""v - V"", ""v - VI"", ""v - fv"", ""v - i"", ""v - v"", ""vi - I"", ""vi - V"", ""vi - fvi"", ""vi - ii"", ""vi - iv"", ""vi - vi"", ""vii - I"", ""vii - fvii"", ""vii - i"", ""vii7 - I"", ""vii7 - fvii7"", ""vii7 - i""]"	"[""i - i"", ""I - IV"", ""vi - vi"", ""iv - VII"", ""VI - VII"", ""VII - iv"", ""IV - VII"", ""III - fIII"", ""i - I"", ""i - IV"", ""ii - v"", ""V - I"", ""iii - fiii"", ""IV - V"", ""i - VII"", ""V7 - vi"", ""ii - III"", ""v - III"", ""VII - i"", ""iv - i"", ""ii - V7"", ""V7 - VI"", ""iv - fiv"", ""V - iv"", ""v - fv"", ""vii7 - fvii7"", ""ii - V"", ""ii7 - fii7"", ""VI - iv"", ""III - IV"", ""v - IV"", ""iv - I"", ""V - i"", ""vi - ii"", ""vii - fvii"", ""VI - fVI"", ""VII - v"", ""III - III"", ""III - iv"", ""i - III"", ""ii - vi"", ""V - vi"", ""I - v"", ""vi - I"", ""ii - IV"", ""VII - III"", ""iv - V"", ""vii - I"", ""vii - i"", ""i - V"", ""VII - VII"", ""ii - fii"", ""I - vi"", ""vi - V"", ""ii - iv"", ""v - II"", ""VII - IV"", ""i - fi"", ""i - VI"", ""IV - i"", ""iv - ii"", ""IV - I"", ""I - V"", ""V7 - i"", ""i - iv"", ""V - VI"", ""VII - ii"", ""V - V"", ""vi - fvi"", ""I - fI"", ""IV - ii"", ""vii7 - I"", ""v - v"", ""iv - III"", ""II - v"", ""vi - iv"", ""IV - fIV"", ""V7 - I"", ""ii7 - V"", ""v - V"", ""V - v"", ""vii7 - i"", ""III - VII"", ""v - VI"", ""V - fV"", ""V7 - fV7"", ""VI - ii"", ""VI - III"", ""III - VI"", ""VI - V"", ""V - IV"", ""iii - vi"", ""iii - IV"", ""I - i"", ""v - i""]"	visual	visual.short.png	data/chorale-bricks/Telemann_DerLiebenSonneLichtUndPracht/visual.short.png	I - I	"[""I - I"", ""none of the other options is correct"", ""i - i"", ""I - IV"", ""vi - vi""]"	0.2	0	"[""A"", ""B"", ""C"", ""D"", ""E""]"	"{""A"": ""vi - vi"", ""B"": ""I - IV"", ""C"": ""I - I"", ""D"": ""i - i"", ""E"": ""none of the other options is correct""}"	"[""(A) vi - vi"", ""(B) I - IV"", ""(C) I - I"", ""(D) i - i"", ""(E) none of the other options is correct""]"	(C) I - I	C
7caa951c-7b61-5b21-bd74-b5dcf2525b5e	11	perception	harmony	relative	harmony-relative	harmonic-recognition		cadence recognition	What is the chord progression between the {target_index} chord and the next one?	"[""target_index""]"	get_harmonic_cadence			"{""target_index"": ""25th""}"	What is the chord progression between the 25th chord and the next one?	Bach_IchStehAnDeinerKrippe	chorale-bricks	Bach_IchStehAnDeinerKrippe	data/chorale-bricks/Bach_IchStehAnDeinerKrippe	I - v	"[""I - I"", ""I - IV"", ""I - V"", ""I - fI"", ""I - i"", ""I - vi"", ""II - v"", ""III - III"", ""III - IV"", ""III - VI"", ""III - VII"", ""III - fIII"", ""III - iv"", ""IV - I"", ""IV - V"", ""IV - VII"", ""IV - fIV"", ""IV - i"", ""IV - ii"", ""V - I"", ""V - IV"", ""V - V"", ""V - VI"", ""V - fV"", ""V - i"", ""V - iv"", ""V - v"", ""V - vi"", ""V7 - I"", ""V7 - VI"", ""V7 - fV7"", ""V7 - i"", ""V7 - vi"", ""VI - III"", ""VI - V"", ""VI - VII"", ""VI - fVI"", ""VI - ii"", ""VI - iv"", ""VII - III"", ""VII - IV"", ""VII - VII"", ""VII - i"", ""VII - ii"", ""VII - iv"", ""VII - v"", ""i - I"", ""i - III"", ""i - IV"", ""i - V"", ""i - VI"", ""i - VII"", ""i - fi"", ""i - i"", ""i - iv"", ""ii - III"", ""ii - IV"", ""ii - V"", ""ii - V7"", ""ii - fii"", ""ii - iv"", ""ii - v"", ""ii - vi"", ""ii7 - V"", ""ii7 - fii7"", ""iii - IV"", ""iii - fiii"", ""iii - vi"", ""iv - I"", ""iv - III"", ""iv - V"", ""iv - VII"", ""iv - fiv"", ""iv - i"", ""iv - ii"", ""v - II"", ""v - III"", ""v - IV"", ""v - V"", ""v - VI"", ""v - fv"", ""v - i"", ""v - v"", ""vi - I"", ""vi - V"", ""vi - fvi"", ""vi - ii"", ""vi - iv"", ""vi - vi"", ""vii - I"", ""vii - fvii"", ""vii - i"", ""vii7 - I"", ""vii7 - fvii7"", ""vii7 - i""]"	"[""ii7 - V"", ""I - i"", ""v - fv"", ""ii - iv"", ""vi - vi"", ""IV - ii"", ""V7 - I"", ""vii7 - i"", ""I - IV"", ""vii7 - I"", ""vi - ii"", ""i - i"", ""VI - fVI"", ""VI - V"", ""i - IV"", ""iv - I"", ""V7 - VI"", ""ii - V7"", ""I - V"", ""i - VI"", ""II - v"", ""ii7 - fii7"", ""iii - fiii"", ""v - II"", ""IV - I"", ""v - VI"", ""VII - iv"", ""v - III"", ""VII - ii"", ""IV - VII"", ""iv - fiv"", ""i - III"", ""V - vi"", ""V - v"", ""v - i"", ""i - iv"", ""iv - VII"", ""VII - III"", ""VI - III"", ""ii - V"", ""V - fV"", ""VII - i"", ""v - v"", ""iv - V"", ""vii7 - fvii7"", ""III - III"", ""V - i"", ""I - fI"", ""V - IV"", ""iii - vi"", ""ii - v"", ""IV - fIV"", ""iv - i"", ""IV - i"", ""V7 - vi"", ""VI - ii"", ""vi - iv"", ""vi - V"", ""iv - III"", ""IV - V"", ""III - iv"", ""V - I"", ""VII - VII"", ""VI - iv"", ""III - VI"", ""vi - I"", ""V - V"", ""V - VI"", ""vi - fvi"", ""VII - IV"", ""I - I"", ""V7 - fV7"", ""i - VII"", ""V7 - i"", ""VI - VII"", ""V - iv"", ""VII - v"", ""vii - i"", ""iv - ii"", ""i - I"", ""I - vi"", ""III - IV"", ""ii - III"", ""vii - I"", ""i - V"", ""iii - IV"", ""III - VII"", ""v - V"", ""ii - IV"", ""ii - fii"", ""i - fi"", ""ii - vi"", ""vii - fvii"", ""v - IV"", ""III - fIII""]"	audio	audio.mastermix.wav	data/chorale-bricks/Bach_IchStehAnDeinerKrippe/audio.mastermix.wav	I - v	"[""I - v"", ""none of the other options is correct"", ""ii7 - V"", ""I - i"", ""v - fv""]"	0.2	0	"[""A"", ""B"", ""C"", ""D"", ""E""]"	"{""A"": ""I - i"", ""B"": ""ii7 - V"", ""C"": ""none of the other options is correct"", ""D"": ""v - fv"", ""E"": ""I - v""}"	"[""(A) I - i"", ""(B) ii7 - V"", ""(C) none of the other options is correct"", ""(D) v - fv"", ""(E) I - v""]"	(E) I - v	E
f2e257a3-e6d8-58b7-8938-fc1b344f0882	11	perception	harmony	relative	harmony-relative	harmonic-recognition		cadence recognition	What is the chord progression between the {target_index} chord and the next one?	"[""target_index""]"	get_harmonic_cadence			"{""target_index"": ""25th""}"	What is the chord progression between the 25th chord and the next one?	Bach_IchStehAnDeinerKrippe	chorale-bricks	Bach_IchStehAnDeinerKrippe	data/chorale-bricks/Bach_IchStehAnDeinerKrippe	I - v	"[""I - I"", ""I - IV"", ""I - V"", ""I - fI"", ""I - i"", ""I - vi"", ""II - v"", ""III - III"", ""III - IV"", ""III - VI"", ""III - VII"", ""III - fIII"", ""III - iv"", ""IV - I"", ""IV - V"", ""IV - VII"", ""IV - fIV"", ""IV - i"", ""IV - ii"", ""V - I"", ""V - IV"", ""V - V"", ""V - VI"", ""V - fV"", ""V - i"", ""V - iv"", ""V - v"", ""V - vi"", ""V7 - I"", ""V7 - VI"", ""V7 - fV7"", ""V7 - i"", ""V7 - vi"", ""VI - III"", ""VI - V"", ""VI - VII"", ""VI - fVI"", ""VI - ii"", ""VI - iv"", ""VII - III"", ""VII - IV"", ""VII - VII"", ""VII - i"", ""VII - ii"", ""VII - iv"", ""VII - v"", ""i - I"", ""i - III"", ""i - IV"", ""i - V"", ""i - VI"", ""i - VII"", ""i - fi"", ""i - i"", ""i - iv"", ""ii - III"", ""ii - IV"", ""ii - V"", ""ii - V7"", ""ii - fii"", ""ii - iv"", ""ii - v"", ""ii - vi"", ""ii7 - V"", ""ii7 - fii7"", ""iii - IV"", ""iii - fiii"", ""iii - vi"", ""iv - I"", ""iv - III"", ""iv - V"", ""iv - VII"", ""iv - fiv"", ""iv - i"", ""iv - ii"", ""v - II"", ""v - III"", ""v - IV"", ""v - V"", ""v - VI"", ""v - fv"", ""v - i"", ""v - v"", ""vi - I"", ""vi - V"", ""vi - fvi"", ""vi - ii"", ""vi - iv"", ""vi - vi"", ""vii - I"", ""vii - fvii"", ""vii - i"", ""vii7 - I"", ""vii7 - fvii7"", ""vii7 - i""]"	"[""ii7 - V"", ""I - i"", ""v - fv"", ""ii - iv"", ""vi - vi"", ""IV - ii"", ""V7 - I"", ""vii7 - i"", ""I - IV"", ""vii7 - I"", ""vi - ii"", ""i - i"", ""VI - fVI"", ""VI - V"", ""i - IV"", ""iv - I"", ""V7 - VI"", ""ii - V7"", ""I - V"", ""i - VI"", ""II - v"", ""ii7 - fii7"", ""iii - fiii"", ""v - II"", ""IV - I"", ""v - VI"", ""VII - iv"", ""v - III"", ""VII - ii"", ""IV - VII"", ""iv - fiv"", ""i - III"", ""V - vi"", ""V - v"", ""v - i"", ""i - iv"", ""iv - VII"", ""VII - III"", ""VI - III"", ""ii - V"", ""V - fV"", ""VII - i"", ""v - v"", ""iv - V"", ""vii7 - fvii7"", ""III - III"", ""V - i"", ""I - fI"", ""V - IV"", ""iii - vi"", ""ii - v"", ""IV - fIV"", ""iv - i"", ""IV - i"", ""V7 - vi"", ""VI - ii"", ""vi - iv"", ""vi - V"", ""iv - III"", ""IV - V"", ""III - iv"", ""V - I"", ""VII - VII"", ""VI - iv"", ""III - VI"", ""vi - I"", ""V - V"", ""V - VI"", ""vi - fvi"", ""VII - IV"", ""I - I"", ""V7 - fV7"", ""i - VII"", ""V7 - i"", ""VI - VII"", ""V - iv"", ""VII - v"", ""vii - i"", ""iv - ii"", ""i - I"", ""I - vi"", ""III - IV"", ""ii - III"", ""vii - I"", ""i - V"", ""iii - IV"", ""III - VII"", ""v - V"", ""ii - IV"", ""ii - fii"", ""i - fi"", ""ii - vi"", ""vii - fvii"", ""v - IV"", ""III - fIII""]"	symbolic	symbolic.abc.txt	data/chorale-bricks/Bach_IchStehAnDeinerKrippe/symbolic.abc.txt	I - v	"[""I - v"", ""none of the other options is correct"", ""ii7 - V"", ""I - i"", ""v - fv""]"	0.2	0	"[""A"", ""B"", ""C"", ""D"", ""E""]"	"{""A"": ""v - fv"", ""B"": ""ii7 - V"", ""C"": ""I - v"", ""D"": ""none of the other options is correct"", ""E"": ""I - i""}"	"[""(A) v - fv"", ""(B) ii7 - V"", ""(C) I - v"", ""(D) none of the other options is correct"", ""(E) I - i""]"	(C) I - v	C
1320d2c2-3afd-508f-bfbd-bf5c8b20aad6	11	perception	harmony	relative	harmony-relative	harmonic-recognition		cadence recognition	What is the chord progression between the {target_index} chord and the next one?	"[""target_index""]"	get_harmonic_cadence			"{""target_index"": ""25th""}"	What is the chord progression between the 25th chord and the next one?	Bach_IchStehAnDeinerKrippe	chorale-bricks	Bach_IchStehAnDeinerKrippe	data/chorale-bricks/Bach_IchStehAnDeinerKrippe	I - v	"[""I - I"", ""I - IV"", ""I - V"", ""I - fI"", ""I - i"", ""I - vi"", ""II - v"", ""III - III"", ""III - IV"", ""III - VI"", ""III - VII"", ""III - fIII"", ""III - iv"", ""IV - I"", ""IV - V"", ""IV - VII"", ""IV - fIV"", ""IV - i"", ""IV - ii"", ""V - I"", ""V - IV"", ""V - V"", ""V - VI"", ""V - fV"", ""V - i"", ""V - iv"", ""V - v"", ""V - vi"", ""V7 - I"", ""V7 - VI"", ""V7 - fV7"", ""V7 - i"", ""V7 - vi"", ""VI - III"", ""VI - V"", ""VI - VII"", ""VI - fVI"", ""VI - ii"", ""VI - iv"", ""VII - III"", ""VII - IV"", ""VII - VII"", ""VII - i"", ""VII - ii"", ""VII - iv"", ""VII - v"", ""i - I"", ""i - III"", ""i - IV"", ""i - V"", ""i - VI"", ""i - VII"", ""i - fi"", ""i - i"", ""i - iv"", ""ii - III"", ""ii - IV"", ""ii - V"", ""ii - V7"", ""ii - fii"", ""ii - iv"", ""ii - v"", ""ii - vi"", ""ii7 - V"", ""ii7 - fii7"", ""iii - IV"", ""iii - fiii"", ""iii - vi"", ""iv - I"", ""iv - III"", ""iv - V"", ""iv - VII"", ""iv - fiv"", ""iv - i"", ""iv - ii"", ""v - II"", ""v - III"", ""v - IV"", ""v - V"", ""v - VI"", ""v - fv"", ""v - i"", ""v - v"", ""vi - I"", ""vi - V"", ""vi - fvi"", ""vi - ii"", ""vi - iv"", ""vi - vi"", ""vii - I"", ""vii - fvii"", ""vii - i"", ""vii7 - I"", ""vii7 - fvii7"", ""vii7 - i""]"	"[""ii7 - V"", ""I - i"", ""v - fv"", ""ii - iv"", ""vi - vi"", ""IV - ii"", ""V7 - I"", ""vii7 - i"", ""I - IV"", ""vii7 - I"", ""vi - ii"", ""i - i"", ""VI - fVI"", ""VI - V"", ""i - IV"", ""iv - I"", ""V7 - VI"", ""ii - V7"", ""I - V"", ""i - VI"", ""II - v"", ""ii7 - fii7"", ""iii - fiii"", ""v - II"", ""IV - I"", ""v - VI"", ""VII - iv"", ""v - III"", ""VII - ii"", ""IV - VII"", ""iv - fiv"", ""i - III"", ""V - vi"", ""V - v"", ""v - i"", ""i - iv"", ""iv - VII"", ""VII - III"", ""VI - III"", ""ii - V"", ""V - fV"", ""VII - i"", ""v - v"", ""iv - V"", ""vii7 - fvii7"", ""III - III"", ""V - i"", ""I - fI"", ""V - IV"", ""iii - vi"", ""ii - v"", ""IV - fIV"", ""iv - i"", ""IV - i"", ""V7 - vi"", ""VI - ii"", ""vi - iv"", ""vi - V"", ""iv - III"", ""IV - V"", ""III - iv"", ""V - I"", ""VII - VII"", ""VI - iv"", ""III - VI"", ""vi - I"", ""V - V"", ""V - VI"", ""vi - fvi"", ""VII - IV"", ""I - I"", ""V7 - fV7"", ""i - VII"", ""V7 - i"", ""VI - VII"", ""V - iv"", ""VII - v"", ""vii - i"", ""iv - ii"", ""i - I"", ""I - vi"", ""III - IV"", ""ii - III"", ""vii - I"", ""i - V"", ""iii - IV"", ""III - VII"", ""v - V"", ""ii - IV"", ""ii - fii"", ""i - fi"", ""ii - vi"", ""vii - fvii"", ""v - IV"", ""III - fIII""]"	visual	visual.short.png	data/chorale-bricks/Bach_IchStehAnDeinerKrippe/visual.short.png	I - v	"[""I - v"", ""none of the other options is correct"", ""ii7 - V"", ""I - i"", ""v - fv""]"	0.2	0	"[""A"", ""B"", ""C"", ""D"", ""E""]"	"{""A"": ""none of the other options is correct"", ""B"": ""ii7 - V"", ""C"": ""I - v"", ""D"": ""v - fv"", ""E"": ""I - i""}"	"[""(A) none of the other options is correct"", ""(B) ii7 - V"", ""(C) I - v"", ""(D) v - fv"", ""(E) I - i""]"	(C) I - v	C
1d1593e2-cfb3-5c40-ae1e-2ad0f69d625f	11	perception	harmony	relative	harmony-relative	harmonic-recognition		cadence recognition	What is the chord progression between the {target_index} chord and the next one?	"[""target_index""]"	get_harmonic_cadence			"{""target_index"": ""18th""}"	What is the chord progression between the 18th chord and the next one?	Telemann_DerLiebenSonneLichtUndPracht	chorale-bricks	Telemann_DerLiebenSonneLichtUndPracht	data/chorale-bricks/Telemann_DerLiebenSonneLichtUndPracht	V - v	"[""I - I"", ""I - IV"", ""I - V"", ""I - fI"", ""I - i"", ""I - v"", ""I - vi"", ""II - v"", ""III - III"", ""III - IV"", ""III - VI"", ""III - VII"", ""III - fIII"", ""III - iv"", ""IV - I"", ""IV - V"", ""IV - VII"", ""IV - fIV"", ""IV - i"", ""IV - ii"", ""V - I"", ""V - IV"", ""V - V"", ""V - VI"", ""V - fV"", ""V - i"", ""V - iv"", ""V - vi"", ""V7 - I"", ""V7 - VI"", ""V7 - fV7"", ""V7 - i"", ""V7 - vi"", ""VI - III"", ""VI - V"", ""VI - VII"", ""VI - fVI"", ""VI - ii"", ""VI - iv"", ""VII - III"", ""VII - IV"", ""VII - VII"", ""VII - i"", ""VII - ii"", ""VII - iv"", ""VII - v"", ""i - I"", ""i - III"", ""i - IV"", ""i - V"", ""i - VI"", ""i - VII"", ""i - fi"", ""i - i"", ""i - iv"", ""ii - III"", ""ii - IV"", ""ii - V"", ""ii - V7"", ""ii - fii"", ""ii - iv"", ""ii - v"", ""ii - vi"", ""ii7 - V"", ""ii7 - fii7"", ""iii - IV"", ""iii - fiii"", ""iii - vi"", ""iv - I"", ""iv - III"", ""iv - V"", ""iv - VII"", ""iv - fiv"", ""iv - i"", ""iv - ii"", ""v - II"", ""v - III"", ""v - IV"", ""v - V"", ""v - VI"", ""v - fv"", ""v - i"", ""v - v"", ""vi - I"", ""vi - V"", ""vi - fvi"", ""vi - ii"", ""vi - iv"", ""vi - vi"", ""vii - I"", ""vii - fvii"", ""vii - i"", ""vii7 - I"", ""vii7 - fvii7"", ""vii7 - i""]"	"[""V - IV"", ""ii - fii"", ""IV - fIV"", ""iv - III"", ""i - iv"", ""I - v"", ""v - i"", ""III - fIII"", ""VII - v"", ""V - I"", ""III - iv"", ""i - III"", ""IV - I"", ""ii - iv"", ""ii - III"", ""v - II"", ""III - III"", ""iv - fiv"", ""V7 - i"", ""vii - i"", ""i - i"", ""I - V"", ""V7 - VI"", ""vii - fvii"", ""I - IV"", ""v - V"", ""ii - vi"", ""i - I"", ""vi - I"", ""iv - VII"", ""III - VII"", ""v - fv"", ""VI - VII"", ""i - fi"", ""V - i"", ""i - VI"", ""VII - ii"", ""ii - v"", ""ii7 - fii7"", ""ii7 - V"", ""iii - vi"", ""v - III"", ""vi - ii"", ""iv - i"", ""V7 - I"", ""iii - IV"", ""VII - i"", ""v - IV"", ""V7 - fV7"", ""IV - VII"", ""ii - V7"", ""vi - V"", ""vii7 - I"", ""V - iv"", ""i - V"", ""III - VI"", ""VI - fVI"", ""III - IV"", ""V - VI"", ""V - V"", ""V7 - vi"", ""V - vi"", ""v - VI"", ""VI - V"", ""vii7 - i"", ""VII - VII"", ""iv - ii"", ""vi - iv"", ""vi - fvi"", ""I - fI"", ""IV - i"", ""i - VII"", ""VI - iv"", ""VII - III"", ""VI - ii"", ""VII - IV"", ""V - fV"", ""vii7 - fvii7"", ""VII - iv"", ""I - I"", ""vii - I"", ""I - i"", ""iii - fiii"", ""VI - III"", ""iv - V"", ""iv - I"", ""i - IV"", ""vi - vi"", ""II - v"", ""ii - V"", ""IV - ii"", ""v - v"", ""I - vi"", ""ii - IV"", ""IV - V""]"	audio	audio.mastermix.wav	data/chorale-bricks/Telemann_DerLiebenSonneLichtUndPracht/audio.mastermix.wav	V - v	"[""V - v"", ""none of the other options is correct"", ""V - IV"", ""ii - fii"", ""IV - fIV""]"	0.2	0	"[""A"", ""B"", ""C"", ""D"", ""E""]"	"{""A"": ""V - IV"", ""B"": ""ii - fii"", ""C"": ""IV - fIV"", ""D"": ""V - v"", ""E"": ""none of the other options is correct""}"	"[""(A) V - IV"", ""(B) ii - fii"", ""(C) IV - fIV"", ""(D) V - v"", ""(E) none of the other options is correct""]"	(D) V - v	D
bba1658a-43d6-50b8-b0ac-a5a3fcda1457	11	perception	harmony	relative	harmony-relative	harmonic-recognition		cadence recognition	What is the chord progression between the {target_index} chord and the next one?	"[""target_index""]"	get_harmonic_cadence			"{""target_index"": ""18th""}"	What is the chord progression between the 18th chord and the next one?	Telemann_DerLiebenSonneLichtUndPracht	chorale-bricks	Telemann_DerLiebenSonneLichtUndPracht	data/chorale-bricks/Telemann_DerLiebenSonneLichtUndPracht	V - v	"[""I - I"", ""I - IV"", ""I - V"", ""I - fI"", ""I - i"", ""I - v"", ""I - vi"", ""II - v"", ""III - III"", ""III - IV"", ""III - VI"", ""III - VII"", ""III - fIII"", ""III - iv"", ""IV - I"", ""IV - V"", ""IV - VII"", ""IV - fIV"", ""IV - i"", ""IV - ii"", ""V - I"", ""V - IV"", ""V - V"", ""V - VI"", ""V - fV"", ""V - i"", ""V - iv"", ""V - vi"", ""V7 - I"", ""V7 - VI"", ""V7 - fV7"", ""V7 - i"", ""V7 - vi"", ""VI - III"", ""VI - V"", ""VI - VII"", ""VI - fVI"", ""VI - ii"", ""VI - iv"", ""VII - III"", ""VII - IV"", ""VII - VII"", ""VII - i"", ""VII - ii"", ""VII - iv"", ""VII - v"", ""i - I"", ""i - III"", ""i - IV"", ""i - V"", ""i - VI"", ""i - VII"", ""i - fi"", ""i - i"", ""i - iv"", ""ii - III"", ""ii - IV"", ""ii - V"", ""ii - V7"", ""ii - fii"", ""ii - iv"", ""ii - v"", ""ii - vi"", ""ii7 - V"", ""ii7 - fii7"", ""iii - IV"", ""iii - fiii"", ""iii - vi"", ""iv - I"", ""iv - III"", ""iv - V"", ""iv - VII"", ""iv - fiv"", ""iv - i"", ""iv - ii"", ""v - II"", ""v - III"", ""v - IV"", ""v - V"", ""v - VI"", ""v - fv"", ""v - i"", ""v - v"", ""vi - I"", ""vi - V"", ""vi - fvi"", ""vi - ii"", ""vi - iv"", ""vi - vi"", ""vii - I"", ""vii - fvii"", ""vii - i"", ""vii7 - I"", ""vii7 - fvii7"", ""vii7 - i""]"	"[""V - IV"", ""ii - fii"", ""IV - fIV"", ""iv - III"", ""i - iv"", ""I - v"", ""v - i"", ""III - fIII"", ""VII - v"", ""V - I"", ""III - iv"", ""i - III"", ""IV - I"", ""ii - iv"", ""ii - III"", ""v - II"", ""III - III"", ""iv - fiv"", ""V7 - i"", ""vii - i"", ""i - i"", ""I - V"", ""V7 - VI"", ""vii - fvii"", ""I - IV"", ""v - V"", ""ii - vi"", ""i - I"", ""vi - I"", ""iv - VII"", ""III - VII"", ""v - fv"", ""VI - VII"", ""i - fi"", ""V - i"", ""i - VI"", ""VII - ii"", ""ii - v"", ""ii7 - fii7"", ""ii7 - V"", ""iii - vi"", ""v - III"", ""vi - ii"", ""iv - i"", ""V7 - I"", ""iii - IV"", ""VII - i"", ""v - IV"", ""V7 - fV7"", ""IV - VII"", ""ii - V7"", ""vi - V"", ""vii7 - I"", ""V - iv"", ""i - V"", ""III - VI"", ""VI - fVI"", ""III - IV"", ""V - VI"", ""V - V"", ""V7 - vi"", ""V - vi"", ""v - VI"", ""VI - V"", ""vii7 - i"", ""VII - VII"", ""iv - ii"", ""vi - iv"", ""vi - fvi"", ""I - fI"", ""IV - i"", ""i - VII"", ""VI - iv"", ""VII - III"", ""VI - ii"", ""VII - IV"", ""V - fV"", ""vii7 - fvii7"", ""VII - iv"", ""I - I"", ""vii - I"", ""I - i"", ""iii - fiii"", ""VI - III"", ""iv - V"", ""iv - I"", ""i - IV"", ""vi - vi"", ""II - v"", ""ii - V"", ""IV - ii"", ""v - v"", ""I - vi"", ""ii - IV"", ""IV - V""]"	symbolic	symbolic.abc.txt	data/chorale-bricks/Telemann_DerLiebenSonneLichtUndPracht/symbolic.abc.txt	V - v	"[""V - v"", ""none of the other options is correct"", ""V - IV"", ""ii - fii"", ""IV - fIV""]"	0.2	0	"[""A"", ""B"", ""C"", ""D"", ""E""]"	"{""A"": ""V - v"", ""B"": ""none of the other options is correct"", ""C"": ""ii - fii"", ""D"": ""IV - fIV"", ""E"": ""V - IV""}"	"[""(A) V - v"", ""(B) none of the other options is correct"", ""(C) ii - fii"", ""(D) IV - fIV"", ""(E) V - IV""]"	(A) V - v	A
85b8af07-07dd-5ba6-8ab8-a5eaa2fe814e	11	perception	harmony	relative	harmony-relative	harmonic-recognition		cadence recognition	What is the chord progression between the {target_index} chord and the next one?	"[""target_index""]"	get_harmonic_cadence			"{""target_index"": ""18th""}"	What is the chord progression between the 18th chord and the next one?	Telemann_DerLiebenSonneLichtUndPracht	chorale-bricks	Telemann_DerLiebenSonneLichtUndPracht	data/chorale-bricks/Telemann_DerLiebenSonneLichtUndPracht	V - v	"[""I - I"", ""I - IV"", ""I - V"", ""I - fI"", ""I - i"", ""I - v"", ""I - vi"", ""II - v"", ""III - III"", ""III - IV"", ""III - VI"", ""III - VII"", ""III - fIII"", ""III - iv"", ""IV - I"", ""IV - V"", ""IV - VII"", ""IV - fIV"", ""IV - i"", ""IV - ii"", ""V - I"", ""V - IV"", ""V - V"", ""V - VI"", ""V - fV"", ""V - i"", ""V - iv"", ""V - vi"", ""V7 - I"", ""V7 - VI"", ""V7 - fV7"", ""V7 - i"", ""V7 - vi"", ""VI - III"", ""VI - V"", ""VI - VII"", ""VI - fVI"", ""VI - ii"", ""VI - iv"", ""VII - III"", ""VII - IV"", ""VII - VII"", ""VII - i"", ""VII - ii"", ""VII - iv"", ""VII - v"", ""i - I"", ""i - III"", ""i - IV"", ""i - V"", ""i - VI"", ""i - VII"", ""i - fi"", ""i - i"", ""i - iv"", ""ii - III"", ""ii - IV"", ""ii - V"", ""ii - V7"", ""ii - fii"", ""ii - iv"", ""ii - v"", ""ii - vi"", ""ii7 - V"", ""ii7 - fii7"", ""iii - IV"", ""iii - fiii"", ""iii - vi"", ""iv - I"", ""iv - III"", ""iv - V"", ""iv - VII"", ""iv - fiv"", ""iv - i"", ""iv - ii"", ""v - II"", ""v - III"", ""v - IV"", ""v - V"", ""v - VI"", ""v - fv"", ""v - i"", ""v - v"", ""vi - I"", ""vi - V"", ""vi - fvi"", ""vi - ii"", ""vi - iv"", ""vi - vi"", ""vii - I"", ""vii - fvii"", ""vii - i"", ""vii7 - I"", ""vii7 - fvii7"", ""vii7 - i""]"	"[""V - IV"", ""ii - fii"", ""IV - fIV"", ""iv - III"", ""i - iv"", ""I - v"", ""v - i"", ""III - fIII"", ""VII - v"", ""V - I"", ""III - iv"", ""i - III"", ""IV - I"", ""ii - iv"", ""ii - III"", ""v - II"", ""III - III"", ""iv - fiv"", ""V7 - i"", ""vii - i"", ""i - i"", ""I - V"", ""V7 - VI"", ""vii - fvii"", ""I - IV"", ""v - V"", ""ii - vi"", ""i - I"", ""vi - I"", ""iv - VII"", ""III - VII"", ""v - fv"", ""VI - VII"", ""i - fi"", ""V - i"", ""i - VI"", ""VII - ii"", ""ii - v"", ""ii7 - fii7"", ""ii7 - V"", ""iii - vi"", ""v - III"", ""vi - ii"", ""iv - i"", ""V7 - I"", ""iii - IV"", ""VII - i"", ""v - IV"", ""V7 - fV7"", ""IV - VII"", ""ii - V7"", ""vi - V"", ""vii7 - I"", ""V - iv"", ""i - V"", ""III - VI"", ""VI - fVI"", ""III - IV"", ""V - VI"", ""V - V"", ""V7 - vi"", ""V - vi"", ""v - VI"", ""VI - V"", ""vii7 - i"", ""VII - VII"", ""iv - ii"", ""vi - iv"", ""vi - fvi"", ""I - fI"", ""IV - i"", ""i - VII"", ""VI - iv"", ""VII - III"", ""VI - ii"", ""VII - IV"", ""V - fV"", ""vii7 - fvii7"", ""VII - iv"", ""I - I"", ""vii - I"", ""I - i"", ""iii - fiii"", ""VI - III"", ""iv - V"", ""iv - I"", ""i - IV"", ""vi - vi"", ""II - v"", ""ii - V"", ""IV - ii"", ""v - v"", ""I - vi"", ""ii - IV"", ""IV - V""]"	visual	visual.short.png	data/chorale-bricks/Telemann_DerLiebenSonneLichtUndPracht/visual.short.png	V - v	"[""V - v"", ""none of the other options is correct"", ""V - IV"", ""ii - fii"", ""IV - fIV""]"	0.2	0	"[""A"", ""B"", ""C"", ""D"", ""E""]"	"{""A"": ""none of the other options is correct"", ""B"": ""IV - fIV"", ""C"": ""ii - fii"", ""D"": ""V - IV"", ""E"": ""V - v""}"	"[""(A) none of the other options is correct"", ""(B) IV - fIV"", ""(C) ii - fii"", ""(D) V - IV"", ""(E) V - v""]"	(E) V - v	E
c2fac7b3-bbdb-5a02-9f47-7418bd87e3b6	11	perception	harmony	relative	harmony-relative	harmonic-recognition		cadence recognition	What is the chord progression between the {target_index} chord and the next one?	"[""target_index""]"	get_harmonic_cadence			"{""target_index"": ""19th""}"	What is the chord progression between the 19th chord and the next one?	Vulpius_ChristusDerIstMeinLeben	chorale-bricks	Vulpius_ChristusDerIstMeinLeben	data/chorale-bricks/Vulpius_ChristusDerIstMeinLeben	ii - V	"[""I - I"", ""I - IV"", ""I - V"", ""I - fI"", ""I - i"", ""I - v"", ""I - vi"", ""II - v"", ""III - III"", ""III - IV"", ""III - VI"", ""III - VII"", ""III - fIII"", ""III - iv"", ""IV - I"", ""IV - V"", ""IV - VII"", ""IV - fIV"", ""IV - i"", ""IV - ii"", ""V - I"", ""V - IV"", ""V - V"", ""V - VI"", ""V - fV"", ""V - i"", ""V - iv"", ""V - v"", ""V - vi"", ""V7 - I"", ""V7 - VI"", ""V7 - fV7"", ""V7 - i"", ""V7 - vi"", ""VI - III"", ""VI - V"", ""VI - VII"", ""VI - fVI"", ""VI - ii"", ""VI - iv"", ""VII - III"", ""VII - IV"", ""VII - VII"", ""VII - i"", ""VII - ii"", ""VII - iv"", ""VII - v"", ""i - I"", ""i - III"", ""i - IV"", ""i - V"", ""i - VI"", ""i - VII"", ""i - fi"", ""i - i"", ""i - iv"", ""ii - III"", ""ii - IV"", ""ii - V7"", ""ii - fii"", ""ii - iv"", ""ii - v"", ""ii - vi"", ""ii7 - V"", ""ii7 - fii7"", ""iii - IV"", ""iii - fiii"", ""iii - vi"", ""iv - I"", ""iv - III"", ""iv - V"", ""iv - VII"", ""iv - fiv"", ""iv - i"", ""iv - ii"", ""v - II"", ""v - III"", ""v - IV"", ""v - V"", ""v - VI"", ""v - fv"", ""v - i"", ""v - v"", ""vi - I"", ""vi - V"", ""vi - fvi"", ""vi - ii"", ""vi - iv"", ""vi - vi"", ""vii - I"", ""vii - fvii"", ""vii - i"", ""vii7 - I"", ""vii7 - fvii7"", ""vii7 - i""]"	"[""vi - fvi"", ""V - fV"", ""I - I"", ""III - VII"", ""V - I"", ""iii - IV"", ""I - V"", ""V7 - i"", ""iii - fiii"", ""IV - VII"", ""i - VI"", ""III - fIII"", ""vi - I"", ""III - iv"", ""vi - iv"", ""VI - iv"", ""VI - ii"", ""iv - III"", ""ii - fii"", ""i - IV"", ""vii7 - fvii7"", ""V7 - VI"", ""I - v"", ""vii - i"", ""iv - fiv"", ""i - VII"", ""VI - fVI"", ""ii7 - V"", ""III - III"", ""VI - V"", ""ii - V7"", ""V7 - fV7"", ""v - II"", ""vi - V"", ""v - VI"", ""I - IV"", ""vii - fvii"", ""v - i"", ""IV - V"", ""IV - fIV"", ""ii7 - fii7"", ""V - V"", ""ii - III"", ""i - V"", ""i - i"", ""i - I"", ""v - IV"", ""VII - III"", ""II - v"", ""iv - V"", ""III - VI"", ""VII - IV"", ""v - fv"", ""iii - vi"", ""VII - i"", ""v - v"", ""ii - IV"", ""V7 - I"", ""V7 - vi"", ""vii7 - i"", ""VI - VII"", ""i - iv"", ""ii - vi"", ""V - i"", ""VI - III"", ""iv - I"", ""IV - ii"", ""v - III"", ""IV - I"", ""VII - v"", ""iv - ii"", ""i - fi"", ""vi - ii"", ""iv - i"", ""ii - v"", ""V - VI"", ""v - V"", ""I - vi"", ""vi - vi"", ""i - III"", ""IV - i"", ""ii - iv"", ""I - i"", ""VII - iv"", ""VII - VII"", ""V - IV"", ""VII - ii"", ""V - iv"", ""I - fI"", ""III - IV"", ""V - v"", ""vii - I"", ""V - vi"", ""vii7 - I"", ""iv - VII""]"	audio	audio.mastermix.wav	data/chorale-bricks/Vulpius_ChristusDerIstMeinLeben/audio.mastermix.wav	ii - V	"[""ii - V"", ""none of the other options is correct"", ""vi - fvi"", ""V - fV"", ""I - I""]"	0.2	0	"[""A"", ""B"", ""C"", ""D"", ""E""]"	"{""A"": ""I - I"", ""B"": ""vi - fvi"", ""C"": ""ii - V"", ""D"": ""V - fV"", ""E"": ""none of the other options is correct""}"	"[""(A) I - I"", ""(B) vi - fvi"", ""(C) ii - V"", ""(D) V - fV"", ""(E) none of the other options is correct""]"	(C) ii - V	C
b7597a7b-f6f9-5929-a3f1-157ae6f2d934	11	perception	harmony	relative	harmony-relative	harmonic-recognition		cadence recognition	What is the chord progression between the {target_index} chord and the next one?	"[""target_index""]"	get_harmonic_cadence			"{""target_index"": ""19th""}"	What is the chord progression between the 19th chord and the next one?	Vulpius_ChristusDerIstMeinLeben	chorale-bricks	Vulpius_ChristusDerIstMeinLeben	data/chorale-bricks/Vulpius_ChristusDerIstMeinLeben	ii - V	"[""I - I"", ""I - IV"", ""I - V"", ""I - fI"", ""I - i"", ""I - v"", ""I - vi"", ""II - v"", ""III - III"", ""III - IV"", ""III - VI"", ""III - VII"", ""III - fIII"", ""III - iv"", ""IV - I"", ""IV - V"", ""IV - VII"", ""IV - fIV"", ""IV - i"", ""IV - ii"", ""V - I"", ""V - IV"", ""V - V"", ""V - VI"", ""V - fV"", ""V - i"", ""V - iv"", ""V - v"", ""V - vi"", ""V7 - I"", ""V7 - VI"", ""V7 - fV7"", ""V7 - i"", ""V7 - vi"", ""VI - III"", ""VI - V"", ""VI - VII"", ""VI - fVI"", ""VI - ii"", ""VI - iv"", ""VII - III"", ""VII - IV"", ""VII - VII"", ""VII - i"", ""VII - ii"", ""VII - iv"", ""VII - v"", ""i - I"", ""i - III"", ""i - IV"", ""i - V"", ""i - VI"", ""i - VII"", ""i - fi"", ""i - i"", ""i - iv"", ""ii - III"", ""ii - IV"", ""ii - V7"", ""ii - fii"", ""ii - iv"", ""ii - v"", ""ii - vi"", ""ii7 - V"", ""ii7 - fii7"", ""iii - IV"", ""iii - fiii"", ""iii - vi"", ""iv - I"", ""iv - III"", ""iv - V"", ""iv - VII"", ""iv - fiv"", ""iv - i"", ""iv - ii"", ""v - II"", ""v - III"", ""v - IV"", ""v - V"", ""v - VI"", ""v - fv"", ""v - i"", ""v - v"", ""vi - I"", ""vi - V"", ""vi - fvi"", ""vi - ii"", ""vi - iv"", ""vi - vi"", ""vii - I"", ""vii - fvii"", ""vii - i"", ""vii7 - I"", ""vii7 - fvii7"", ""vii7 - i""]"	"[""vi - fvi"", ""V - fV"", ""I - I"", ""III - VII"", ""V - I"", ""iii - IV"", ""I - V"", ""V7 - i"", ""iii - fiii"", ""IV - VII"", ""i - VI"", ""III - fIII"", ""vi - I"", ""III - iv"", ""vi - iv"", ""VI - iv"", ""VI - ii"", ""iv - III"", ""ii - fii"", ""i - IV"", ""vii7 - fvii7"", ""V7 - VI"", ""I - v"", ""vii - i"", ""iv - fiv"", ""i - VII"", ""VI - fVI"", ""ii7 - V"", ""III - III"", ""VI - V"", ""ii - V7"", ""V7 - fV7"", ""v - II"", ""vi - V"", ""v - VI"", ""I - IV"", ""vii - fvii"", ""v - i"", ""IV - V"", ""IV - fIV"", ""ii7 - fii7"", ""V - V"", ""ii - III"", ""i - V"", ""i - i"", ""i - I"", ""v - IV"", ""VII - III"", ""II - v"", ""iv - V"", ""III - VI"", ""VII - IV"", ""v - fv"", ""iii - vi"", ""VII - i"", ""v - v"", ""ii - IV"", ""V7 - I"", ""V7 - vi"", ""vii7 - i"", ""VI - VII"", ""i - iv"", ""ii - vi"", ""V - i"", ""VI - III"", ""iv - I"", ""IV - ii"", ""v - III"", ""IV - I"", ""VII - v"", ""iv - ii"", ""i - fi"", ""vi - ii"", ""iv - i"", ""ii - v"", ""V - VI"", ""v - V"", ""I - vi"", ""vi - vi"", ""i - III"", ""IV - i"", ""ii - iv"", ""I - i"", ""VII - iv"", ""VII - VII"", ""V - IV"", ""VII - ii"", ""V - iv"", ""I - fI"", ""III - IV"", ""V - v"", ""vii - I"", ""V - vi"", ""vii7 - I"", ""iv - VII""]"	symbolic	symbolic.abc.txt	data/chorale-bricks/Vulpius_ChristusDerIstMeinLeben/symbolic.abc.txt	ii - V	"[""ii - V"", ""none of the other options is correct"", ""vi - fvi"", ""V - fV"", ""I - I""]"	0.2	0	"[""A"", ""B"", ""C"", ""D"", ""E""]"	"{""A"": ""I - I"", ""B"": ""none of the other options is correct"", ""C"": ""vi - fvi"", ""D"": ""ii - V"", ""E"": ""V - fV""}"	"[""(A) I - I"", ""(B) none of the other options is correct"", ""(C) vi - fvi"", ""(D) ii - V"", ""(E) V - fV""]"	(D) ii - V	D
a2fc3734-41b6-5767-913c-0c56d1ada465	11	perception	harmony	relative	harmony-relative	harmonic-recognition		cadence recognition	What is the chord progression between the {target_index} chord and the next one?	"[""target_index""]"	get_harmonic_cadence			"{""target_index"": ""19th""}"	What is the chord progression between the 19th chord and the next one?	Vulpius_ChristusDerIstMeinLeben	chorale-bricks	Vulpius_ChristusDerIstMeinLeben	data/chorale-bricks/Vulpius_ChristusDerIstMeinLeben	ii - V	"[""I - I"", ""I - IV"", ""I - V"", ""I - fI"", ""I - i"", ""I - v"", ""I - vi"", ""II - v"", ""III - III"", ""III - IV"", ""III - VI"", ""III - VII"", ""III - fIII"", ""III - iv"", ""IV - I"", ""IV - V"", ""IV - VII"", ""IV - fIV"", ""IV - i"", ""IV - ii"", ""V - I"", ""V - IV"", ""V - V"", ""V - VI"", ""V - fV"", ""V - i"", ""V - iv"", ""V - v"", ""V - vi"", ""V7 - I"", ""V7 - VI"", ""V7 - fV7"", ""V7 - i"", ""V7 - vi"", ""VI - III"", ""VI - V"", ""VI - VII"", ""VI - fVI"", ""VI - ii"", ""VI - iv"", ""VII - III"", ""VII - IV"", ""VII - VII"", ""VII - i"", ""VII - ii"", ""VII - iv"", ""VII - v"", ""i - I"", ""i - III"", ""i - IV"", ""i - V"", ""i - VI"", ""i - VII"", ""i - fi"", ""i - i"", ""i - iv"", ""ii - III"", ""ii - IV"", ""ii - V7"", ""ii - fii"", ""ii - iv"", ""ii - v"", ""ii - vi"", ""ii7 - V"", ""ii7 - fii7"", ""iii - IV"", ""iii - fiii"", ""iii - vi"", ""iv - I"", ""iv - III"", ""iv - V"", ""iv - VII"", ""iv - fiv"", ""iv - i"", ""iv - ii"", ""v - II"", ""v - III"", ""v - IV"", ""v - V"", ""v - VI"", ""v - fv"", ""v - i"", ""v - v"", ""vi - I"", ""vi - V"", ""vi - fvi"", ""vi - ii"", ""vi - iv"", ""vi - vi"", ""vii - I"", ""vii - fvii"", ""vii - i"", ""vii7 - I"", ""vii7 - fvii7"", ""vii7 - i""]"	"[""vi - fvi"", ""V - fV"", ""I - I"", ""III - VII"", ""V - I"", ""iii - IV"", ""I - V"", ""V7 - i"", ""iii - fiii"", ""IV - VII"", ""i - VI"", ""III - fIII"", ""vi - I"", ""III - iv"", ""vi - iv"", ""VI - iv"", ""VI - ii"", ""iv - III"", ""ii - fii"", ""i - IV"", ""vii7 - fvii7"", ""V7 - VI"", ""I - v"", ""vii - i"", ""iv - fiv"", ""i - VII"", ""VI - fVI"", ""ii7 - V"", ""III - III"", ""VI - V"", ""ii - V7"", ""V7 - fV7"", ""v - II"", ""vi - V"", ""v - VI"", ""I - IV"", ""vii - fvii"", ""v - i"", ""IV - V"", ""IV - fIV"", ""ii7 - fii7"", ""V - V"", ""ii - III"", ""i - V"", ""i - i"", ""i - I"", ""v - IV"", ""VII - III"", ""II - v"", ""iv - V"", ""III - VI"", ""VII - IV"", ""v - fv"", ""iii - vi"", ""VII - i"", ""v - v"", ""ii - IV"", ""V7 - I"", ""V7 - vi"", ""vii7 - i"", ""VI - VII"", ""i - iv"", ""ii - vi"", ""V - i"", ""VI - III"", ""iv - I"", ""IV - ii"", ""v - III"", ""IV - I"", ""VII - v"", ""iv - ii"", ""i - fi"", ""vi - ii"", ""iv - i"", ""ii - v"", ""V - VI"", ""v - V"", ""I - vi"", ""vi - vi"", ""i - III"", ""IV - i"", ""ii - iv"", ""I - i"", ""VII - iv"", ""VII - VII"", ""V - IV"", ""VII - ii"", ""V - iv"", ""I - fI"", ""III - IV"", ""V - v"", ""vii - I"", ""V - vi"", ""vii7 - I"", ""iv - VII""]"	visual	visual.short.png	data/chorale-bricks/Vulpius_ChristusDerIstMeinLeben/visual.short.png	ii - V	"[""ii - V"", ""none of the other options is correct"", ""vi - fvi"", ""V - fV"", ""I - I""]"	0.2	0	"[""A"", ""B"", ""C"", ""D"", ""E""]"	"{""A"": ""V - fV"", ""B"": ""ii - V"", ""C"": ""none of the other options is correct"", ""D"": ""I - I"", ""E"": ""vi - fvi""}"	"[""(A) V - fV"", ""(B) ii - V"", ""(C) none of the other options is correct"", ""(D) I - I"", ""(E) vi - fvi""]"	(B) ii - V	B
29f09e0b-8b33-5f85-9819-14a0cf68488c	11	perception	harmony	relative	harmony-relative	harmonic-recognition		cadence recognition	What is the chord progression between the {target_index} chord and the next one?	"[""target_index""]"	get_harmonic_cadence			"{""target_index"": ""63rd""}"	What is the chord progression between the 63rd chord and the next one?	Anonymous_AusMeinesHerzensGrunde	chorale-bricks	Anonymous_AusMeinesHerzensGrunde	data/chorale-bricks/Anonymous_AusMeinesHerzensGrunde	i - V	"[""I - I"", ""I - IV"", ""I - V"", ""I - fI"", ""I - i"", ""I - v"", ""I - vi"", ""II - v"", ""III - III"", ""III - IV"", ""III - VI"", ""III - VII"", ""III - fIII"", ""III - iv"", ""IV - I"", ""IV - V"", ""IV - VII"", ""IV - fIV"", ""IV - i"", ""IV - ii"", ""V - I"", ""V - IV"", ""V - V"", ""V - VI"", ""V - fV"", ""V - i"", ""V - iv"", ""V - v"", ""V - vi"", ""V7 - I"", ""V7 - VI"", ""V7 - fV7"", ""V7 - i"", ""V7 - vi"", ""VI - III"", ""VI - V"", ""VI - VII"", ""VI - fVI"", ""VI - ii"", ""VI - iv"", ""VII - III"", ""VII - IV"", ""VII - VII"", ""VII - i"", ""VII - ii"", ""VII - iv"", ""VII - v"", ""i - I"", ""i - III"", ""i - IV"", ""i - VI"", ""i - VII"", ""i - fi"", ""i - i"", ""i - iv"", ""ii - III"", ""ii - IV"", ""ii - V"", ""ii - V7"", ""ii - fii"", ""ii - iv"", ""ii - v"", ""ii - vi"", ""ii7 - V"", ""ii7 - fii7"", ""iii - IV"", ""iii - fiii"", ""iii - vi"", ""iv - I"", ""iv - III"", ""iv - V"", ""iv - VII"", ""iv - fiv"", ""iv - i"", ""iv - ii"", ""v - II"", ""v - III"", ""v - IV"", ""v - V"", ""v - VI"", ""v - fv"", ""v - i"", ""v - v"", ""vi - I"", ""vi - V"", ""vi - fvi"", ""vi - ii"", ""vi - iv"", ""vi - vi"", ""vii - I"", ""vii - fvii"", ""vii - i"", ""vii7 - I"", ""vii7 - fvii7"", ""vii7 - i""]"	"[""VI - V"", ""I - fI"", ""ii - III"", ""III - IV"", ""V - v"", ""v - IV"", ""v - II"", ""v - III"", ""ii - fii"", ""IV - V"", ""V - iv"", ""iv - VII"", ""VI - ii"", ""iii - IV"", ""VI - III"", ""vii - i"", ""vi - vi"", ""VI - fVI"", ""i - i"", ""I - IV"", ""vi - iv"", ""IV - ii"", ""iv - i"", ""I - vi"", ""vii7 - I"", ""I - I"", ""ii - V7"", ""I - v"", ""ii - vi"", ""ii7 - V"", ""i - VI"", ""V - vi"", ""II - v"", ""V - I"", ""V - V"", ""VII - iv"", ""i - I"", ""v - V"", ""v - i"", ""III - VI"", ""VII - i"", ""vi - fvi"", ""V7 - vi"", ""vii - fvii"", ""V - fV"", ""iii - fiii"", ""IV - fIV"", ""vi - ii"", ""ii - iv"", ""IV - VII"", ""III - VII"", ""vi - I"", ""i - III"", ""VII - VII"", ""ii7 - fii7"", ""iv - ii"", ""V7 - fV7"", ""i - fi"", ""III - fIII"", ""V7 - i"", ""ii - IV"", ""IV - I"", ""VII - v"", ""i - IV"", ""ii - V"", ""III - III"", ""VI - iv"", ""v - fv"", ""iv - I"", ""V7 - VI"", ""I - V"", ""V - i"", ""VI - VII"", ""v - VI"", ""iii - vi"", ""i - iv"", ""IV - i"", ""iv - V"", ""VII - ii"", ""iv - III"", ""III - iv"", ""V - VI"", ""v - v"", ""vii7 - i"", ""V7 - I"", ""iv - fiv"", ""vi - V"", ""ii - v"", ""V - IV"", ""vii - I"", ""VII - IV"", ""VII - III"", ""i - VII"", ""vii7 - fvii7"", ""I - i""]"	audio	audio.mastermix.wav	data/chorale-bricks/Anonymous_AusMeinesHerzensGrunde/audio.mastermix.wav	i - V	"[""i - V"", ""none of the other options is correct"", ""VI - V"", ""I - fI"", ""ii - III""]"	0.2	0	"[""A"", ""B"", ""C"", ""D"", ""E""]"	"{""A"": ""i - V"", ""B"": ""ii - III"", ""C"": ""I - fI"", ""D"": ""VI - V"", ""E"": ""none of the other options is correct""}"	"[""(A) i - V"", ""(B) ii - III"", ""(C) I - fI"", ""(D) VI - V"", ""(E) none of the other options is correct""]"	(A) i - V	A
11ef3cfe-156c-55b9-9936-de6aa763374e	11	perception	harmony	relative	harmony-relative	harmonic-recognition		cadence recognition	What is the chord progression between the {target_index} chord and the next one?	"[""target_index""]"	get_harmonic_cadence			"{""target_index"": ""63rd""}"	What is the chord progression between the 63rd chord and the next one?	Anonymous_AusMeinesHerzensGrunde	chorale-bricks	Anonymous_AusMeinesHerzensGrunde	data/chorale-bricks/Anonymous_AusMeinesHerzensGrunde	i - V	"[""I - I"", ""I - IV"", ""I - V"", ""I - fI"", ""I - i"", ""I - v"", ""I - vi"", ""II - v"", ""III - III"", ""III - IV"", ""III - VI"", ""III - VII"", ""III - fIII"", ""III - iv"", ""IV - I"", ""IV - V"", ""IV - VII"", ""IV - fIV"", ""IV - i"", ""IV - ii"", ""V - I"", ""V - IV"", ""V - V"", ""V - VI"", ""V - fV"", ""V - i"", ""V - iv"", ""V - v"", ""V - vi"", ""V7 - I"", ""V7 - VI"", ""V7 - fV7"", ""V7 - i"", ""V7 - vi"", ""VI - III"", ""VI - V"", ""VI - VII"", ""VI - fVI"", ""VI - ii"", ""VI - iv"", ""VII - III"", ""VII - IV"", ""VII - VII"", ""VII - i"", ""VII - ii"", ""VII - iv"", ""VII - v"", ""i - I"", ""i - III"", ""i - IV"", ""i - VI"", ""i - VII"", ""i - fi"", ""i - i"", ""i - iv"", ""ii - III"", ""ii - IV"", ""ii - V"", ""ii - V7"", ""ii - fii"", ""ii - iv"", ""ii - v"", ""ii - vi"", ""ii7 - V"", ""ii7 - fii7"", ""iii - IV"", ""iii - fiii"", ""iii - vi"", ""iv - I"", ""iv - III"", ""iv - V"", ""iv - VII"", ""iv - fiv"", ""iv - i"", ""iv - ii"", ""v - II"", ""v - III"", ""v - IV"", ""v - V"", ""v - VI"", ""v - fv"", ""v - i"", ""v - v"", ""vi - I"", ""vi - V"", ""vi - fvi"", ""vi - ii"", ""vi - iv"", ""vi - vi"", ""vii - I"", ""vii - fvii"", ""vii - i"", ""vii7 - I"", ""vii7 - fvii7"", ""vii7 - i""]"	"[""VI - V"", ""I - fI"", ""ii - III"", ""III - IV"", ""V - v"", ""v - IV"", ""v - II"", ""v - III"", ""ii - fii"", ""IV - V"", ""V - iv"", ""iv - VII"", ""VI - ii"", ""iii - IV"", ""VI - III"", ""vii - i"", ""vi - vi"", ""VI - fVI"", ""i - i"", ""I - IV"", ""vi - iv"", ""IV - ii"", ""iv - i"", ""I - vi"", ""vii7 - I"", ""I - I"", ""ii - V7"", ""I - v"", ""ii - vi"", ""ii7 - V"", ""i - VI"", ""V - vi"", ""II - v"", ""V - I"", ""V - V"", ""VII - iv"", ""i - I"", ""v - V"", ""v - i"", ""III - VI"", ""VII - i"", ""vi - fvi"", ""V7 - vi"", ""vii - fvii"", ""V - fV"", ""iii - fiii"", ""IV - fIV"", ""vi - ii"", ""ii - iv"", ""IV - VII"", ""III - VII"", ""vi - I"", ""i - III"", ""VII - VII"", ""ii7 - fii7"", ""iv - ii"", ""V7 - fV7"", ""i - fi"", ""III - fIII"", ""V7 - i"", ""ii - IV"", ""IV - I"", ""VII - v"", ""i - IV"", ""ii - V"", ""III - III"", ""VI - iv"", ""v - fv"", ""iv - I"", ""V7 - VI"", ""I - V"", ""V - i"", ""VI - VII"", ""v - VI"", ""iii - vi"", ""i - iv"", ""IV - i"", ""iv - V"", ""VII - ii"", ""iv - III"", ""III - iv"", ""V - VI"", ""v - v"", ""vii7 - i"", ""V7 - I"", ""iv - fiv"", ""vi - V"", ""ii - v"", ""V - IV"", ""vii - I"", ""VII - IV"", ""VII - III"", ""i - VII"", ""vii7 - fvii7"", ""I - i""]"	symbolic	symbolic.abc.txt	data/chorale-bricks/Anonymous_AusMeinesHerzensGrunde/symbolic.abc.txt	none of the other options is correct	"[""none of the other options is correct"", ""VI - V"", ""I - fI"", ""ii - III"", ""III - IV""]"	0.2	1	"[""A"", ""B"", ""C"", ""D"", ""E""]"	"{""A"": ""VI - V"", ""B"": ""ii - III"", ""C"": ""I - fI"", ""D"": ""none of the other options is correct"", ""E"": ""III - IV""}"	"[""(A) VI - V"", ""(B) ii - III"", ""(C) I - fI"", ""(D) none of the other options is correct"", ""(E) III - IV""]"	(D) none of the other options is correct	D
43c95f79-3858-5210-8ea9-0b0c51b71ff1	11	perception	harmony	relative	harmony-relative	harmonic-recognition		cadence recognition	What is the chord progression between the {target_index} chord and the next one?	"[""target_index""]"	get_harmonic_cadence			"{""target_index"": ""63rd""}"	What is the chord progression between the 63rd chord and the next one?	Anonymous_AusMeinesHerzensGrunde	chorale-bricks	Anonymous_AusMeinesHerzensGrunde	data/chorale-bricks/Anonymous_AusMeinesHerzensGrunde	i - V	"[""I - I"", ""I - IV"", ""I - V"", ""I - fI"", ""I - i"", ""I - v"", ""I - vi"", ""II - v"", ""III - III"", ""III - IV"", ""III - VI"", ""III - VII"", ""III - fIII"", ""III - iv"", ""IV - I"", ""IV - V"", ""IV - VII"", ""IV - fIV"", ""IV - i"", ""IV - ii"", ""V - I"", ""V - IV"", ""V - V"", ""V - VI"", ""V - fV"", ""V - i"", ""V - iv"", ""V - v"", ""V - vi"", ""V7 - I"", ""V7 - VI"", ""V7 - fV7"", ""V7 - i"", ""V7 - vi"", ""VI - III"", ""VI - V"", ""VI - VII"", ""VI - fVI"", ""VI - ii"", ""VI - iv"", ""VII - III"", ""VII - IV"", ""VII - VII"", ""VII - i"", ""VII - ii"", ""VII - iv"", ""VII - v"", ""i - I"", ""i - III"", ""i - IV"", ""i - VI"", ""i - VII"", ""i - fi"", ""i - i"", ""i - iv"", ""ii - III"", ""ii - IV"", ""ii - V"", ""ii - V7"", ""ii - fii"", ""ii - iv"", ""ii - v"", ""ii - vi"", ""ii7 - V"", ""ii7 - fii7"", ""iii - IV"", ""iii - fiii"", ""iii - vi"", ""iv - I"", ""iv - III"", ""iv - V"", ""iv - VII"", ""iv - fiv"", ""iv - i"", ""iv - ii"", ""v - II"", ""v - III"", ""v - IV"", ""v - V"", ""v - VI"", ""v - fv"", ""v - i"", ""v - v"", ""vi - I"", ""vi - V"", ""vi - fvi"", ""vi - ii"", ""vi - iv"", ""vi - vi"", ""vii - I"", ""vii - fvii"", ""vii - i"", ""vii7 - I"", ""vii7 - fvii7"", ""vii7 - i""]"	"[""VI - V"", ""I - fI"", ""ii - III"", ""III - IV"", ""V - v"", ""v - IV"", ""v - II"", ""v - III"", ""ii - fii"", ""IV - V"", ""V - iv"", ""iv - VII"", ""VI - ii"", ""iii - IV"", ""VI - III"", ""vii - i"", ""vi - vi"", ""VI - fVI"", ""i - i"", ""I - IV"", ""vi - iv"", ""IV - ii"", ""iv - i"", ""I - vi"", ""vii7 - I"", ""I - I"", ""ii - V7"", ""I - v"", ""ii - vi"", ""ii7 - V"", ""i - VI"", ""V - vi"", ""II - v"", ""V - I"", ""V - V"", ""VII - iv"", ""i - I"", ""v - V"", ""v - i"", ""III - VI"", ""VII - i"", ""vi - fvi"", ""V7 - vi"", ""vii - fvii"", ""V - fV"", ""iii - fiii"", ""IV - fIV"", ""vi - ii"", ""ii - iv"", ""IV - VII"", ""III - VII"", ""vi - I"", ""i - III"", ""VII - VII"", ""ii7 - fii7"", ""iv - ii"", ""V7 - fV7"", ""i - fi"", ""III - fIII"", ""V7 - i"", ""ii - IV"", ""IV - I"", ""VII - v"", ""i - IV"", ""ii - V"", ""III - III"", ""VI - iv"", ""v - fv"", ""iv - I"", ""V7 - VI"", ""I - V"", ""V - i"", ""VI - VII"", ""v - VI"", ""iii - vi"", ""i - iv"", ""IV - i"", ""iv - V"", ""VII - ii"", ""iv - III"", ""III - iv"", ""V - VI"", ""v - v"", ""vii7 - i"", ""V7 - I"", ""iv - fiv"", ""vi - V"", ""ii - v"", ""V - IV"", ""vii - I"", ""VII - IV"", ""VII - III"", ""i - VII"", ""vii7 - fvii7"", ""I - i""]"	visual	visual.short.png	data/chorale-bricks/Anonymous_AusMeinesHerzensGrunde/visual.short.png	i - V	"[""i - V"", ""none of the other options is correct"", ""VI - V"", ""I - fI"", ""ii - III""]"	0.2	0	"[""A"", ""B"", ""C"", ""D"", ""E""]"	"{""A"": ""ii - III"", ""B"": ""i - V"", ""C"": ""VI - V"", ""D"": ""none of the other options is correct"", ""E"": ""I - fI""}"	"[""(A) ii - III"", ""(B) i - V"", ""(C) VI - V"", ""(D) none of the other options is correct"", ""(E) I - fI""]"	(B) i - V	B
becd16eb-4718-556d-8579-b30e5f386853	11	perception	harmony	relative	harmony-relative	harmonic-recognition		cadence recognition	What is the chord progression between the {target_index} chord and the next one?	"[""target_index""]"	get_harmonic_cadence			"{""target_index"": ""8th""}"	What is the chord progression between the 8th chord and the next one?	Bach_IchStehAnDeinerKrippe	chorale-bricks	Bach_IchStehAnDeinerKrippe	data/chorale-bricks/Bach_IchStehAnDeinerKrippe	VII - III	"[""I - I"", ""I - IV"", ""I - V"", ""I - fI"", ""I - i"", ""I - v"", ""I - vi"", ""II - v"", ""III - III"", ""III - IV"", ""III - VI"", ""III - VII"", ""III - fIII"", ""III - iv"", ""IV - I"", ""IV - V"", ""IV - VII"", ""IV - fIV"", ""IV - i"", ""IV - ii"", ""V - I"", ""V - IV"", ""V - V"", ""V - VI"", ""V - fV"", ""V - i"", ""V - iv"", ""V - v"", ""V - vi"", ""V7 - I"", ""V7 - VI"", ""V7 - fV7"", ""V7 - i"", ""V7 - vi"", ""VI - III"", ""VI - V"", ""VI - VII"", ""VI - fVI"", ""VI - ii"", ""VI - iv"", ""VII - IV"", ""VII - VII"", ""VII - i"", ""VII - ii"", ""VII - iv"", ""VII - v"", ""i - I"", ""i - III"", ""i - IV"", ""i - V"", ""i - VI"", ""i - VII"", ""i - fi"", ""i - i"", ""i - iv"", ""ii - III"", ""ii - IV"", ""ii - V"", ""ii - V7"", ""ii - fii"", ""ii - iv"", ""ii - v"", ""ii - vi"", ""ii7 - V"", ""ii7 - fii7"", ""iii - IV"", ""iii - fiii"", ""iii - vi"", ""iv - I"", ""iv - V"", ""iv - VII"", ""iv - fiv"", ""iv - i"", ""iv - ii"", ""v - II"", ""v - III"", ""v - IV"", ""v - V"", ""v - VI"", ""v - fv"", ""v - i"", ""v - v"", ""vi - I"", ""vi - V"", ""vi - fvi"", ""vi - ii"", ""vi - iv"", ""vi - vi"", ""vii - I"", ""vii - fvii"", ""vii - i"", ""vii7 - I"", ""vii7 - fvii7"", ""vii7 - i""]"	"[""I - i"", ""vii7 - i"", ""IV - VII"", ""vii - I"", ""vi - V"", ""VI - ii"", ""I - IV"", ""V7 - i"", ""v - fv"", ""ii - V"", ""vii - i"", ""V - fV"", ""vi - iv"", ""i - i"", ""V - IV"", ""vii - fvii"", ""I - I"", ""ii - vi"", ""ii - v"", ""VI - VII"", ""V - VI"", ""VII - ii"", ""V7 - I"", ""V - v"", ""iii - vi"", ""IV - ii"", ""v - i"", ""I - fI"", ""VII - i"", ""v - III"", ""iii - fiii"", ""v - II"", ""VII - VII"", ""iii - IV"", ""i - VII"", ""v - IV"", ""v - v"", ""i - III"", ""III - IV"", ""v - V"", ""III - VII"", ""V - I"", ""VI - V"", ""V - iv"", ""I - V"", ""v - VI"", ""vii7 - I"", ""ii7 - fii7"", ""i - I"", ""vi - ii"", ""VII - v"", ""IV - V"", ""I - vi"", ""VII - IV"", ""II - v"", ""IV - fIV"", ""iv - i"", ""iv - I"", ""V - vi"", ""ii - V7"", ""iv - ii"", ""iv - VII"", ""ii7 - V"", ""V7 - fV7"", ""ii - fii"", ""III - iv"", ""IV - i"", ""vi - vi"", ""i - iv"", ""iv - V"", ""ii - IV"", ""V7 - vi"", ""VI - fVI"", ""V - V"", ""I - v"", ""i - V"", ""iv - fiv"", ""V - i"", ""vi - I"", ""IV - I"", ""i - VI"", ""i - IV"", ""III - fIII"", ""ii - iv"", ""III - VI"", ""III - III"", ""ii - III"", ""vii7 - fvii7"", ""VII - iv"", ""VI - III"", ""V7 - VI"", ""vi - fvi"", ""i - fi"", ""VI - iv""]"	audio	audio.mastermix.wav	data/chorale-bricks/Bach_IchStehAnDeinerKrippe/audio.mastermix.wav	VII - III	"[""VII - III"", ""none of the other options is correct"", ""I - i"", ""vii7 - i"", ""IV - VII""]"	0.2	0	"[""A"", ""B"", ""C"", ""D"", ""E""]"	"{""A"": ""VII - III"", ""B"": ""IV - VII"", ""C"": ""none of the other options is correct"", ""D"": ""I - i"", ""E"": ""vii7 - i""}"	"[""(A) VII - III"", ""(B) IV - VII"", ""(C) none of the other options is correct"", ""(D) I - i"", ""(E) vii7 - i""]"	(A) VII - III	A
438b27ca-3f95-5241-adaf-878a143e9acf	11	perception	harmony	relative	harmony-relative	harmonic-recognition		cadence recognition	What is the chord progression between the {target_index} chord and the next one?	"[""target_index""]"	get_harmonic_cadence			"{""target_index"": ""8th""}"	What is the chord progression between the 8th chord and the next one?	Bach_IchStehAnDeinerKrippe	chorale-bricks	Bach_IchStehAnDeinerKrippe	data/chorale-bricks/Bach_IchStehAnDeinerKrippe	VII - III	"[""I - I"", ""I - IV"", ""I - V"", ""I - fI"", ""I - i"", ""I - v"", ""I - vi"", ""II - v"", ""III - III"", ""III - IV"", ""III - VI"", ""III - VII"", ""III - fIII"", ""III - iv"", ""IV - I"", ""IV - V"", ""IV - VII"", ""IV - fIV"", ""IV - i"", ""IV - ii"", ""V - I"", ""V - IV"", ""V - V"", ""V - VI"", ""V - fV"", ""V - i"", ""V - iv"", ""V - v"", ""V - vi"", ""V7 - I"", ""V7 - VI"", ""V7 - fV7"", ""V7 - i"", ""V7 - vi"", ""VI - III"", ""VI - V"", ""VI - VII"", ""VI - fVI"", ""VI - ii"", ""VI - iv"", ""VII - IV"", ""VII - VII"", ""VII - i"", ""VII - ii"", ""VII - iv"", ""VII - v"", ""i - I"", ""i - III"", ""i - IV"", ""i - V"", ""i - VI"", ""i - VII"", ""i - fi"", ""i - i"", ""i - iv"", ""ii - III"", ""ii - IV"", ""ii - V"", ""ii - V7"", ""ii - fii"", ""ii - iv"", ""ii - v"", ""ii - vi"", ""ii7 - V"", ""ii7 - fii7"", ""iii - IV"", ""iii - fiii"", ""iii - vi"", ""iv - I"", ""iv - V"", ""iv - VII"", ""iv - fiv"", ""iv - i"", ""iv - ii"", ""v - II"", ""v - III"", ""v - IV"", ""v - V"", ""v - VI"", ""v - fv"", ""v - i"", ""v - v"", ""vi - I"", ""vi - V"", ""vi - fvi"", ""vi - ii"", ""vi - iv"", ""vi - vi"", ""vii - I"", ""vii - fvii"", ""vii - i"", ""vii7 - I"", ""vii7 - fvii7"", ""vii7 - i""]"	"[""I - i"", ""vii7 - i"", ""IV - VII"", ""vii - I"", ""vi - V"", ""VI - ii"", ""I - IV"", ""V7 - i"", ""v - fv"", ""ii - V"", ""vii - i"", ""V - fV"", ""vi - iv"", ""i - i"", ""V - IV"", ""vii - fvii"", ""I - I"", ""ii - vi"", ""ii - v"", ""VI - VII"", ""V - VI"", ""VII - ii"", ""V7 - I"", ""V - v"", ""iii - vi"", ""IV - ii"", ""v - i"", ""I - fI"", ""VII - i"", ""v - III"", ""iii - fiii"", ""v - II"", ""VII - VII"", ""iii - IV"", ""i - VII"", ""v - IV"", ""v - v"", ""i - III"", ""III - IV"", ""v - V"", ""III - VII"", ""V - I"", ""VI - V"", ""V - iv"", ""I - V"", ""v - VI"", ""vii7 - I"", ""ii7 - fii7"", ""i - I"", ""vi - ii"", ""VII - v"", ""IV - V"", ""I - vi"", ""VII - IV"", ""II - v"", ""IV - fIV"", ""iv - i"", ""iv - I"", ""V - vi"", ""ii - V7"", ""iv - ii"", ""iv - VII"", ""ii7 - V"", ""V7 - fV7"", ""ii - fii"", ""III - iv"", ""IV - i"", ""vi - vi"", ""i - iv"", ""iv - V"", ""ii - IV"", ""V7 - vi"", ""VI - fVI"", ""V - V"", ""I - v"", ""i - V"", ""iv - fiv"", ""V - i"", ""vi - I"", ""IV - I"", ""i - VI"", ""i - IV"", ""III - fIII"", ""ii - iv"", ""III - VI"", ""III - III"", ""ii - III"", ""vii7 - fvii7"", ""VII - iv"", ""VI - III"", ""V7 - VI"", ""vi - fvi"", ""i - fi"", ""VI - iv""]"	symbolic	symbolic.abc.txt	data/chorale-bricks/Bach_IchStehAnDeinerKrippe/symbolic.abc.txt	VII - III	"[""VII - III"", ""none of the other options is correct"", ""I - i"", ""vii7 - i"", ""IV - VII""]"	0.2	0	"[""A"", ""B"", ""C"", ""D"", ""E""]"	"{""A"": ""none of the other options is correct"", ""B"": ""vii7 - i"", ""C"": ""I - i"", ""D"": ""VII - III"", ""E"": ""IV - VII""}"	"[""(A) none of the other options is correct"", ""(B) vii7 - i"", ""(C) I - i"", ""(D) VII - III"", ""(E) IV - VII""]"	(D) VII - III	D
4b5147f5-e419-561f-9a4d-a475ccb92dd7	11	perception	harmony	relative	harmony-relative	harmonic-recognition		cadence recognition	What is the chord progression between the {target_index} chord and the next one?	"[""target_index""]"	get_harmonic_cadence			"{""target_index"": ""8th""}"	What is the chord progression between the 8th chord and the next one?	Bach_IchStehAnDeinerKrippe	chorale-bricks	Bach_IchStehAnDeinerKrippe	data/chorale-bricks/Bach_IchStehAnDeinerKrippe	VII - III	"[""I - I"", ""I - IV"", ""I - V"", ""I - fI"", ""I - i"", ""I - v"", ""I - vi"", ""II - v"", ""III - III"", ""III - IV"", ""III - VI"", ""III - VII"", ""III - fIII"", ""III - iv"", ""IV - I"", ""IV - V"", ""IV - VII"", ""IV - fIV"", ""IV - i"", ""IV - ii"", ""V - I"", ""V - IV"", ""V - V"", ""V - VI"", ""V - fV"", ""V - i"", ""V - iv"", ""V - v"", ""V - vi"", ""V7 - I"", ""V7 - VI"", ""V7 - fV7"", ""V7 - i"", ""V7 - vi"", ""VI - III"", ""VI - V"", ""VI - VII"", ""VI - fVI"", ""VI - ii"", ""VI - iv"", ""VII - IV"", ""VII - VII"", ""VII - i"", ""VII - ii"", ""VII - iv"", ""VII - v"", ""i - I"", ""i - III"", ""i - IV"", ""i - V"", ""i - VI"", ""i - VII"", ""i - fi"", ""i - i"", ""i - iv"", ""ii - III"", ""ii - IV"", ""ii - V"", ""ii - V7"", ""ii - fii"", ""ii - iv"", ""ii - v"", ""ii - vi"", ""ii7 - V"", ""ii7 - fii7"", ""iii - IV"", ""iii - fiii"", ""iii - vi"", ""iv - I"", ""iv - V"", ""iv - VII"", ""iv - fiv"", ""iv - i"", ""iv - ii"", ""v - II"", ""v - III"", ""v - IV"", ""v - V"", ""v - VI"", ""v - fv"", ""v - i"", ""v - v"", ""vi - I"", ""vi - V"", ""vi - fvi"", ""vi - ii"", ""vi - iv"", ""vi - vi"", ""vii - I"", ""vii - fvii"", ""vii - i"", ""vii7 - I"", ""vii7 - fvii7"", ""vii7 - i""]"	"[""I - i"", ""vii7 - i"", ""IV - VII"", ""vii - I"", ""vi - V"", ""VI - ii"", ""I - IV"", ""V7 - i"", ""v - fv"", ""ii - V"", ""vii - i"", ""V - fV"", ""vi - iv"", ""i - i"", ""V - IV"", ""vii - fvii"", ""I - I"", ""ii - vi"", ""ii - v"", ""VI - VII"", ""V - VI"", ""VII - ii"", ""V7 - I"", ""V - v"", ""iii - vi"", ""IV - ii"", ""v - i"", ""I - fI"", ""VII - i"", ""v - III"", ""iii - fiii"", ""v - II"", ""VII - VII"", ""iii - IV"", ""i - VII"", ""v - IV"", ""v - v"", ""i - III"", ""III - IV"", ""v - V"", ""III - VII"", ""V - I"", ""VI - V"", ""V - iv"", ""I - V"", ""v - VI"", ""vii7 - I"", ""ii7 - fii7"", ""i - I"", ""vi - ii"", ""VII - v"", ""IV - V"", ""I - vi"", ""VII - IV"", ""II - v"", ""IV - fIV"", ""iv - i"", ""iv - I"", ""V - vi"", ""ii - V7"", ""iv - ii"", ""iv - VII"", ""ii7 - V"", ""V7 - fV7"", ""ii - fii"", ""III - iv"", ""IV - i"", ""vi - vi"", ""i - iv"", ""iv - V"", ""ii - IV"", ""V7 - vi"", ""VI - fVI"", ""V - V"", ""I - v"", ""i - V"", ""iv - fiv"", ""V - i"", ""vi - I"", ""IV - I"", ""i - VI"", ""i - IV"", ""III - fIII"", ""ii - iv"", ""III - VI"", ""III - III"", ""ii - III"", ""vii7 - fvii7"", ""VII - iv"", ""VI - III"", ""V7 - VI"", ""vi - fvi"", ""i - fi"", ""VI - iv""]"	visual	visual.short.png	data/chorale-bricks/Bach_IchStehAnDeinerKrippe/visual.short.png	VII - III	"[""VII - III"", ""none of the other options is correct"", ""I - i"", ""vii7 - i"", ""IV - VII""]"	0.2	0	"[""A"", ""B"", ""C"", ""D"", ""E""]"	"{""A"": ""vii7 - i"", ""B"": ""I - i"", ""C"": ""IV - VII"", ""D"": ""none of the other options is correct"", ""E"": ""VII - III""}"	"[""(A) vii7 - i"", ""(B) I - i"", ""(C) IV - VII"", ""(D) none of the other options is correct"", ""(E) VII - III""]"	(E) VII - III	E
